1.908316936236298042e-02
1.908316936236298042e-02
1.908316936236298042e-02
1.908316936236298042e-02
7.222087280412264887e-03
7.222087280412264887e-03
7.222087280412264887e-03
7.222087280412264887e-03
7.222087280412264887e-03
2.166025009855469460e-02
2.166025009855469460e-02
2.166025009855469460e-02
2.166025009855469460e-02
5.526019932291605097e-03
5.526019932291605097e-03
5.526019932291605097e-03
5.526019932291605097e-03
7.183309896964275298e-02
7.183309896964275298e-02
7.183309896964275298e-02
1.398394269167393088e-02
1.398394269167393088e-02
1.398394269167393088e-02
1.398394269167393088e-02
1.398394269167393088e-02
1.398394269167393088e-02
1.398394269167393088e-02
1.398394269167393088e-02
1.398394269167393088e-02
1.398394269167393088e-02
3.041943020163112923e-02
2.491263735456531597e-02
2.491263735456531597e-02
2.491263735456531597e-02
1.467967381810294895e-02
1.467967381810294895e-02
1.467967381810294895e-02
1.467967381810294895e-02
1.467967381810294895e-02
1.467967381810294895e-02
2.592531212786721578e-02
2.592531212786721578e-02
2.592531212786721578e-02
2.592531212786721578e-02
2.592531212786721578e-02
2.645392067159370308e-02
2.764222893903267239e-02
2.764222893903267239e-02
2.764222893903267239e-02
2.764222893903267239e-02
2.764222893903267239e-02
2.764222893903267239e-02
2.764222893903267239e-02
2.764222893903267239e-02
2.764222893903267239e-02
2.764222893903267239e-02
2.764222893903267239e-02
2.764222893903267239e-02
2.764222893903267239e-02
2.764222893903267239e-02
2.956037169644995175e-02
1.047248512093325486e-02
1.047248512093325486e-02
1.047248512093325486e-02
1.430731310107115177e-02
1.430731310107115177e-02
1.430731310107115177e-02
1.430731310107115177e-02
1.430731310107115177e-02
1.430731310107115177e-02
1.430731310107115177e-02
2.465764874354720027e-02
1.286569233139994196e-02
1.286569233139994196e-02
7.481097247947058639e-03
7.481097247947058639e-03
7.481097247947058639e-03
7.481097247947058639e-03
7.481097247947058639e-03
7.481097247947058639e-03
7.481097247947058639e-03
2.063229709407118570e-02
1.083923076122009915e-02
1.083923076122009915e-02
7.672104493202076304e-03
7.672104493202076304e-03
7.672104493202076304e-03
1.971889556812560229e-02
2.578531309678281161e-02
2.578531309678281161e-02
2.578531309678281161e-02
2.578531309678281161e-02
2.578531309678281161e-02
2.578531309678281161e-02
2.578531309678281161e-02
2.578531309678281161e-02
2.578531309678281161e-02
2.578531309678281161e-02
1.688268140505477799e-02
1.726289950902471643e-02
1.726289950902471643e-02
1.726289950902471643e-02
1.726289950902471643e-02
1.726289950902471643e-02
1.726289950902471643e-02
1.726289950902471643e-02
1.376327144702584569e-02
1.376327144702584569e-02
1.376327144702584569e-02
1.376327144702584569e-02
3.053713089328562516e-02
3.053713089328562516e-02
3.053713089328562516e-02
3.053713089328562516e-02
3.630962232379944532e-02
3.872801145810796097e-02
3.872801145810796097e-02
3.872801145810796097e-02
1.840367552448786068e-02
3.749930467142405938e-02
3.749930467142405938e-02
1.339192851736638150e-02
1.339192851736638150e-02
1.339192851736638150e-02
1.339192851736638150e-02
1.879122713668942776e-02
1.879122713668942776e-02
1.879122713668942776e-02
3.052751530812439218e-02
3.052751530812439218e-02
3.052751530812439218e-02
3.052751530812439218e-02
1.563482711566788197e-02
5.605114060991919778e-02
5.605114060991919778e-02
5.605114060991919778e-02
1.010660429769153282e-02
1.010660429769153282e-02
1.010660429769153282e-02
1.010660429769153282e-02
3.653896516231461972e-02
1.411223788572285760e-02
1.411223788572285760e-02
1.411223788572285760e-02
1.411223788572285760e-02
1.411223788572285760e-02
1.817342085290399312e-02
2.184014343714722750e-02
2.184014343714722750e-02
2.184014343714722750e-02
2.184014343714722750e-02
2.184014343714722750e-02
2.184014343714722750e-02
2.184014343714722750e-02
0.000000000000000000e+00
1.106930495964413355e-02
1.106930495964413355e-02
6.804832649026495983e-02
5.298176236299573585e-03
5.298176236299573585e-03
5.298176236299573585e-03
5.298176236299573585e-03
5.298176236299573585e-03
5.298176236299573585e-03
4.363110456503221934e-02
6.847168871109669472e-03
6.847168871109669472e-03
6.847168871109669472e-03
6.847168871109669472e-03
6.847168871109669472e-03
6.847168871109669472e-03
1.662245313971366309e-02
1.662245313971366309e-02
1.662245313971366309e-02
3.808827974099553842e-02
3.808827974099553842e-02
3.808827974099553842e-02
3.808827974099553842e-02
1.102823144244802558e-02
6.583179915264365800e-02
6.583179915264365800e-02
6.029923927588608755e-03
6.029923927588608755e-03
6.029923927588608755e-03
6.029923927588608755e-03
6.034566156520942970e-02
4.290336805276573351e-02
4.290336805276573351e-02
4.290336805276573351e-02
4.290336805276573351e-02
4.290336805276573351e-02
4.290336805276573351e-02
4.290336805276573351e-02
4.290336805276573351e-02
4.290336805276573351e-02
4.290336805276573351e-02
4.290336805276573351e-02
4.290336805276573351e-02
4.290336805276573351e-02
4.290336805276573351e-02
4.290336805276573351e-02
4.290336805276573351e-02
6.331985962841764348e-02
6.331985962841764348e-02
6.331985962841764348e-02
3.040857701072777544e-02
1.119441456129883529e-02
1.119441456129883529e-02
1.119441456129883529e-02
1.119441456129883529e-02
1.119441456129883529e-02
1.119441456129883529e-02
1.119441456129883529e-02
1.119441456129883529e-02
1.119441456129883529e-02
1.119441456129883529e-02
1.119441456129883529e-02
1.119441456129883529e-02
1.119441456129883529e-02
1.119441456129883529e-02
6.212811407615193710e-03
9.453888855208418540e-03
9.453888855208418540e-03
9.453888855208418540e-03
4.439291341849408747e-03
7.430856405456331276e-03
7.430856405456331276e-03
7.430856405456331276e-03
7.430856405456331276e-03
7.430856405456331276e-03
7.430856405456331276e-03
3.679758466043990539e-02
8.442174132885437235e-03
8.442174132885437235e-03
8.442174132885437235e-03
8.442174132885437235e-03
8.442174132885437235e-03
0.000000000000000000e+00
1.082205701463156283e-02
1.082205701463156283e-02
1.082205701463156283e-02
1.082205701463156283e-02
1.082205701463156283e-02
5.637909689477030141e-11
5.799359512066981290e-03
5.799359512066981290e-03
5.799359512066981290e-03
5.799359512066981290e-03
5.799359512066981290e-03
7.001769121223377391e-03
2.457687031031375018e-03
2.457687031031375018e-03
2.457687031031375018e-03
2.457687031031375018e-03
2.457687031031375018e-03
9.435919140426929710e-03
2.194394175154473423e-02
2.194394175154473423e-02
1.127117610476574723e-02
1.127117610476574723e-02
1.127117610476574723e-02
1.127117610476574723e-02
1.127117610476574723e-02
7.497329140281399808e-11
1.201208578387053146e-02
1.201208578387053146e-02
1.201208578387053146e-02
1.201208578387053146e-02
1.827412624959821874e-02
1.827412624959821874e-02
1.827412624959821874e-02
1.827412624959821874e-02
1.827412624959821874e-02
8.055706564856743301e-02
4.068562202395784727e-02
4.068562202395784727e-02
4.068562202395784727e-02
4.068562202395784727e-02
4.068562202395784727e-02
4.068562202395784727e-02
4.068562202395784727e-02
4.068562202395784727e-02
4.068562202395784727e-02
4.068562202395784727e-02
4.068562202395784727e-02
4.068562202395784727e-02
4.068562202395784727e-02
4.068562202395784727e-02
4.068562202395784727e-02
4.068562202395784727e-02
4.068562202395784727e-02
5.505999510574550310e-02
5.505999510574550310e-02
5.505999510574550310e-02
8.158881443363352569e-11
7.333990343329003549e-03
7.333990343329003549e-03
7.333990343329003549e-03
7.463470991901596796e-02
3.879564177868413677e-02
3.879564177868413677e-02
3.879564177868413677e-02
3.879564177868413677e-02
3.879564177868413677e-02
3.879564177868413677e-02
3.879564177868413677e-02
3.879564177868413677e-02
3.879564177868413677e-02
3.879564177868413677e-02
3.879564177868413677e-02
3.879564177868413677e-02
3.879564177868413677e-02
3.879564177868413677e-02
3.879564177868413677e-02
3.879564177868413677e-02
3.879564177868413677e-02
3.879564177868413677e-02
6.829235625206586668e-02
3.710008501824055976e-02
3.710008501824055976e-02
3.710008501824055976e-02
3.710008501824055976e-02
3.710008501824055976e-02
3.710008501824055976e-02
3.710008501824055976e-02
3.710008501824055976e-02
3.710008501824055976e-02
3.710008501824055976e-02
3.710008501824055976e-02
3.710008501824055976e-02
3.710008501824055976e-02
3.710008501824055976e-02
3.710008501824055976e-02
1.805599331939810800e-02
1.805599331939810800e-02
1.805599331939810800e-02
1.805599331939810800e-02
1.974909525222063710e-03
1.974909525222063710e-03
1.974909525222063710e-03
5.550346735666183279e-02
4.089573743577194082e-02
4.089573743577194082e-02
4.089573743577194082e-02
4.089573743577194082e-02
4.089573743577194082e-02
4.089573743577194082e-02
4.089573743577194082e-02
4.089573743577194082e-02
4.089573743577194082e-02
4.089573743577194082e-02
4.089573743577194082e-02
4.089573743577194082e-02
4.089573743577194082e-02
4.089573743577194082e-02
4.089573743577194082e-02
5.936784979988955768e-02
3.860011085140238607e-02
3.860011085140238607e-02
3.860011085140238607e-02
3.860011085140238607e-02
3.860011085140238607e-02
3.860011085140238607e-02
3.860011085140238607e-02
3.860011085140238607e-02
3.860011085140238607e-02
3.860011085140238607e-02
3.860011085140238607e-02
3.860011085140238607e-02
3.860011085140238607e-02
3.860011085140238607e-02
3.860011085140238607e-02
8.513882832389062585e-03
8.513882832389062585e-03
8.513882832389062585e-03
8.513882832389062585e-03
2.809817229805457867e-02
6.058788323501154705e-02
6.058788323501154705e-02
1.230034643666329025e-04
1.230034643666329025e-04
1.230034643666329025e-04
1.230034643666329025e-04
1.230034643666329025e-04
8.730363776495572367e-03
8.730363776495572367e-03
8.730363776495572367e-03
8.730363776495572367e-03
2.740465879321068651e-02
2.116582753107902962e-02
2.116582753107902962e-02
5.739643752456360243e-02
3.155446508402667827e-02
3.155446508402667827e-02
3.155446508402667827e-02
3.155446508402667827e-02
3.155446508402667827e-02
3.155446508402667827e-02
2.934631943790826786e-03
2.934631943790826786e-03
2.934631943790826786e-03
1.565198619421533013e-03
1.565198619421533013e-03
1.565198619421533013e-03
1.565198619421533013e-03
5.524302426238366509e-02
1.342812408535988197e-02
1.342812408535988197e-02
1.342812408535988197e-02
1.342812408535988197e-02
1.342812408535988197e-02
1.342812408535988197e-02
1.342812408535988197e-02
1.342812408535988197e-02
1.342812408535988197e-02
1.342812408535988197e-02
1.342812408535988197e-02
5.914188748298723763e-02
2.779761980609659483e-02
2.779761980609659483e-02
2.779761980609659483e-02
2.779761980609659483e-02
2.779761980609659483e-02
2.779761980609659483e-02
2.779761980609659483e-02
2.779761980609659483e-02
2.779761980609659483e-02
2.779761980609659483e-02
2.779761980609659483e-02
6.259956592688273314e-02
3.019251816674198979e-02
3.019251816674198979e-02
3.019251816674198979e-02
3.019251816674198979e-02
3.019251816674198979e-02
3.019251816674198979e-02
3.019251816674198979e-02
3.019251816674198979e-02
3.019251816674198979e-02
3.019251816674198979e-02
3.019251816674198979e-02
3.234031447330690950e-02
3.272249312584775551e-05
3.272249312584775551e-05
3.272249312584775551e-05
3.272249312584775551e-05
3.272249312584775551e-05
3.272249312584775551e-05
3.272249312584775551e-05
3.272249312584775551e-05
3.008481523072987010e-02
9.642287265477502648e-04
9.642287265477502648e-04
9.642287265477502648e-04
9.642287265477502648e-04
9.642287265477502648e-04
9.642287265477502648e-04
9.642287265477502648e-04
9.642287265477502648e-04
3.047139865303192738e-02
1.436527872141223766e-03
1.436527872141223766e-03
1.436527872141223766e-03
1.436527872141223766e-03
1.436527872141223766e-03
1.436527872141223766e-03
1.436527872141223766e-03
1.436527872141223766e-03
1.436527872141223766e-03
3.022130041894459732e-02
3.022130041894459732e-02
3.022130041894459732e-02
3.022130041894459732e-02
3.022130041894459732e-02
2.790760172264674516e-02
2.790760172264674516e-02
2.790760172264674516e-02
2.790760172264674516e-02
2.971922005072760373e-02
2.971922005072760373e-02
2.971922005072760373e-02
2.971922005072760373e-02
2.971922005072760373e-02
2.971922005072760373e-02
1.701511103939761307e-02
4.928895098732414583e-03
4.928895098732414583e-03
1.789439666211243077e-02
5.732851949607326546e-03
5.732851949607326546e-03
2.062798597553421737e-02
2.558730746384997590e-03
2.558730746384997590e-03
2.320103523673988991e-02
2.320103523673988991e-02
2.320103523673988991e-02
3.759901261172385323e-02
2.570628155348179261e-02
2.570628155348179261e-02
2.570628155348179261e-02
2.570628155348179261e-02
2.570628155348179261e-02
2.861253334586040184e-02
2.861253334586040184e-02
2.861253334586040184e-02
2.861253334586040184e-02
2.861253334586040184e-02
4.182495686978000837e-02
3.263027832681655166e-02
3.263027832681655166e-02
3.263027832681655166e-02
3.263027832681655166e-02
3.263027832681655166e-02
3.263027832681655166e-02
3.263027832681655166e-02
3.428369532066487257e-02
3.609443304476932929e-02
3.609443304476932929e-02
3.609443304476932929e-02
3.609443304476932929e-02
3.609443304476932929e-02
3.609443304476932929e-02
3.066514644258000119e-02
3.333446018566710300e-02
3.333446018566710300e-02
3.333446018566710300e-02
3.333446018566710300e-02
3.333446018566710300e-02
3.333446018566710300e-02
3.333446018566710300e-02
1.575421136544427961e-02
1.575421136544427961e-02
1.575421136544427961e-02
9.725094392593813461e-03
2.593292425967813619e-02
2.593292425967813619e-02
2.593292425967813619e-02
1.953878237987425812e-02
2.131870453788870315e-02
2.131870453788870315e-02
2.131870453788870315e-02
2.131870453788870315e-02
2.131870453788870315e-02
2.131870453788870315e-02
1.473034060260365076e-02
1.473034060260365076e-02
1.473034060260365076e-02
1.473034060260365076e-02
1.193747868051051562e-02
1.193747868051051562e-02
1.193747868051051562e-02
1.641760875278622288e-03
1.641760875278622288e-03
1.641760875278622288e-03
1.641760875278622288e-03
1.372614798565570220e-02
1.372614798565570220e-02
1.372614798565570220e-02
1.372614798565570220e-02
1.372614798565570220e-02
1.372614798565570220e-02
2.306713843322326374e-02
2.306713843322326374e-02
2.306713843322326374e-02
2.619948495504088523e-02
2.619948495504088523e-02
2.619948495504088523e-02
2.315456300388278252e-02
2.315456300388278252e-02
2.315456300388278252e-02
2.315456300388278252e-02
3.667422900598152954e-03
3.667422900598152954e-03
3.667422900598152954e-03
3.667422900598152954e-03
2.713957148857856078e-02
2.713957148857856078e-02
2.713957148857856078e-02
2.713957148857856078e-02
2.713957148857856078e-02
2.713957148857856078e-02
2.460442460077003762e-02
2.460442460077003762e-02
2.460442460077003762e-02
2.460442460077003762e-02
2.460442460077003762e-02
2.367523360923207490e-02
2.367523360923207490e-02
2.367523360923207490e-02
0.000000000000000000e+00
0.000000000000000000e+00
0.000000000000000000e+00
3.591969146964916343e-02
3.591969146964916343e-02
3.591969146964916343e-02
3.591969146964916343e-02
3.591969146964916343e-02
3.591969146964916343e-02
3.591969146964916343e-02
3.591969146964916343e-02
3.591969146964916343e-02
3.591969146964916343e-02
3.591969146964916343e-02
3.591969146964916343e-02
1.392749331104025344e-02
1.392749331104025344e-02
1.392749331104025344e-02
1.392749331104025344e-02
1.617666111072818894e-02
1.617666111072818894e-02
1.617666111072818894e-02
3.181191964963795554e-02
3.181191964963795554e-02
3.181191964963795554e-02
3.181191964963795554e-02
3.181191964963795554e-02
3.181191964963795554e-02
5.258873213740732425e-03
5.258873213740732425e-03
5.258873213740732425e-03
5.258873213740732425e-03
5.258873213740732425e-03
5.258873213740732425e-03
1.306221811557830605e-02
1.306221811557830605e-02
1.306221811557830605e-02
1.306221811557830605e-02
1.306221811557830605e-02
1.306221811557830605e-02
1.306221811557830605e-02
1.306221811557830605e-02
1.306221811557830605e-02
1.306221811557830605e-02
1.306221811557830605e-02
1.306221811557830605e-02
1.306221811557830605e-02
1.501969217734187324e-02
1.501969217734187324e-02
1.501969217734187324e-02
1.501969217734187324e-02
1.031235125315029845e-02
1.031235125315029845e-02
1.031235125315029845e-02
1.031235125315029845e-02
1.031235125315029845e-02
1.031235125315029845e-02
1.178645240471293092e-02
1.178645240471293092e-02
1.178645240471293092e-02
1.178645240471293092e-02
1.178645240471293092e-02
2.294939963875162331e-02
2.294939963875162331e-02
2.294939963875162331e-02
6.140290998828375549e-03
6.140290998828375549e-03
6.140290998828375549e-03
6.140290998828375549e-03
6.140290998828375549e-03
6.140290998828375549e-03
6.140290998828375549e-03
8.721218273712035007e-03
8.721218273712035007e-03
8.721218273712035007e-03
8.721218273712035007e-03
8.721218273712035007e-03
8.721218273712035007e-03
1.331560081907311004e-02
1.331560081907311004e-02
1.331560081907311004e-02
1.331560081907311004e-02
1.331560081907311004e-02
6.105735009426200427e-03
6.105735009426200427e-03
6.105735009426200427e-03
6.105735009426200427e-03
6.105735009426200427e-03
6.105735009426200427e-03
6.105735009426200427e-03
7.736610146820920540e-03
7.736610146820920540e-03
7.736610146820920540e-03
7.736610146820920540e-03
7.736610146820920540e-03
7.736610146820920540e-03
6.775638577725662075e-03
6.775638577725662075e-03
6.775638577725662075e-03
6.775638577725662075e-03
6.775638577725662075e-03
6.775638577725662075e-03
9.015331810033723817e-04
9.015331810033723817e-04
9.015331810033723817e-04
9.015331810033723817e-04
9.015331810033723817e-04
9.015331810033723817e-04
9.015331810033723817e-04
1.103234176533511753e-02
1.103234176533511753e-02
1.103234176533511753e-02
1.103234176533511753e-02
1.103234176533511753e-02
9.894872161411194175e-03
9.894872161411194175e-03
9.894872161411194175e-03
9.894872161411194175e-03
9.894872161411194175e-03
9.894872161411194175e-03
9.894872161411194175e-03
1.373083129925677277e-02
1.373083129925677277e-02
1.373083129925677277e-02
1.373083129925677277e-02
1.373083129925677277e-02
2.006911146094736420e-02
2.006911146094736420e-02
2.006911146094736420e-02
2.006911146094736420e-02
2.006911146094736420e-02
2.006911146094736420e-02
1.792869617597246321e-02
1.792869617597246321e-02
1.792869617597246321e-02
1.792869617597246321e-02
1.214577038349138292e-02
1.214577038349138292e-02
1.214577038349138292e-02
1.214577038349138292e-02
1.214577038349138292e-02
3.424214157546905286e-03
3.424214157546905286e-03
3.424214157546905286e-03
3.424214157546905286e-03
3.424214157546905286e-03
3.424214157546905286e-03
3.424214157546905286e-03
3.424214157546905286e-03
3.424214157546905286e-03
3.424214157546905286e-03
3.424214157546905286e-03
1.216468374493915802e-02
1.216468374493915802e-02
1.216468374493915802e-02
1.216468374493915802e-02
7.965392485359417546e-03
7.965392485359417546e-03
7.965392485359417546e-03
7.965392485359417546e-03
7.965392485359417546e-03
7.965392485359417546e-03
7.965392485359417546e-03
7.965392485359417546e-03
1.422553105149935299e-02
1.422553105149935299e-02
1.422553105149935299e-02
1.422553105149935299e-02
1.422553105149935299e-02
2.449053203295934247e-02
2.449053203295934247e-02
2.449053203295934247e-02
2.449053203295934247e-02
2.449053203295934247e-02
2.449053203295934247e-02
2.839976491868926450e-02
2.839976491868926450e-02
2.839976491868926450e-02
2.839976491868926450e-02
2.839976491868926450e-02
2.839976491868926450e-02
2.839976491868926450e-02
2.839976491868926450e-02
1.868757919474938606e-02
1.868757919474938606e-02
1.868757919474938606e-02
1.950976737125101335e-02
1.950976737125101335e-02
1.950976737125101335e-02
1.950976737125101335e-02
1.950976737125101335e-02
1.950976737125101335e-02
5.214013095946003727e-03
5.214013095946003727e-03
5.214013095946003727e-03
5.214013095946003727e-03
2.569578781653732852e-02
2.569578781653732852e-02
2.569578781653732852e-02
2.569578781653732852e-02
2.569578781653732852e-02
2.569578781653732852e-02
2.569578781653732852e-02
1.561464240762737909e-03
1.561464240762737909e-03
1.561464240762737909e-03
1.561464240762737909e-03
1.561464240762737909e-03
1.561464240762737909e-03
1.561464240762737909e-03
1.561464240762737909e-03
1.561464240762737909e-03
1.561464240762737909e-03
1.561464240762737909e-03
1.561464240762737909e-03
2.779757599511722705e-04
2.779757599511722705e-04
2.779757599511722705e-04
1.739836963131306943e-03
1.739836963131306943e-03
1.739836963131306943e-03
1.739836963131306943e-03
1.739836963131306943e-03
1.739836963131306943e-03
1.739836963131306943e-03
1.673101904934870716e-03
1.673101904934870716e-03
1.673101904934870716e-03
6.778079862052628505e-04
6.778079862052628505e-04
6.778079862052628505e-04
6.778079862052628505e-04
2.210784229694134559e-02
2.210784229694134559e-02
2.210784229694134559e-02
2.210784229694134559e-02
2.210784229694134559e-02
2.210784229694134559e-02
2.210784229694134559e-02
2.210784229694134559e-02
2.536131968723534524e-02
2.536131968723534524e-02
2.536131968723534524e-02
2.536131968723534524e-02
2.887285760684634491e-03
2.887285760684634491e-03
2.887285760684634491e-03
2.887285760684634491e-03
2.363035476951082930e-02
2.363035476951082930e-02
2.363035476951082930e-02
2.363035476951082930e-02
2.363035476951082930e-02
2.363035476951082930e-02
2.363035476951082930e-02
2.363035476951082930e-02
2.363035476951082930e-02
2.004188940997718785e-02
2.004188940997718785e-02
2.004188940997718785e-02
2.004188940997718785e-02
1.856303970188909365e-03
1.856303970188909365e-03
1.856303970188909365e-03
1.856303970188909365e-03
1.856303970188909365e-03
1.856303970188909365e-03
1.345513673035760721e-02
1.345513673035760721e-02
1.345513673035760721e-02
4.204376151283439021e-03
4.204376151283439021e-03
4.204376151283439021e-03
1.407877889413635362e-02
1.407877889413635362e-02
1.407877889413635362e-02
1.407877889413635362e-02
1.235317696151255014e-03
1.235317696151255014e-03
1.235317696151255014e-03
1.235317696151255014e-03
1.235317696151255014e-03
2.251042238460313535e-03
2.251042238460313535e-03
2.251042238460313535e-03
2.251042238460313535e-03
2.251042238460313535e-03
2.251042238460313535e-03
2.251042238460313535e-03
2.251042238460313535e-03
2.251042238460313535e-03
2.901725154690078419e-03
2.901725154690078419e-03
2.901725154690078419e-03
2.901725154690078419e-03
2.901725154690078419e-03
2.901725154690078419e-03
2.901725154690078419e-03
2.901725154690078419e-03
2.901725154690078419e-03
2.901725154690078419e-03
9.424597031114598580e-03
9.424597031114598580e-03
9.424597031114598580e-03
9.424597031114598580e-03
9.424597031114598580e-03
9.424597031114598580e-03
9.424597031114598580e-03
9.424597031114598580e-03
9.424597031114598580e-03
9.424597031114598580e-03
9.424597031114598580e-03
9.424597031114598580e-03
9.424597031114598580e-03
9.424597031114598580e-03
7.257119636929902293e-03
7.257119636929902293e-03
7.257119636929902293e-03
7.257119636929902293e-03
7.257119636929902293e-03
7.257119636929902293e-03
2.402010665473518908e-02
2.402010665473518908e-02
2.402010665473518908e-02
2.402010665473518908e-02
2.402010665473518908e-02
2.402010665473518908e-02
2.402010665473518908e-02
2.402010665473518908e-02
2.402010665473518908e-02
2.402010665473518908e-02
2.402010665473518908e-02
3.082583654776139756e-02
3.082583654776139756e-02
3.082583654776139756e-02
3.082583654776139756e-02
3.901627113695481375e-03
3.901627113695481375e-03
3.901627113695481375e-03
3.901627113695481375e-03
2.779502008735378754e-02
2.779502008735378754e-02
2.779502008735378754e-02
2.779502008735378754e-02
2.779502008735378754e-02
2.779502008735378754e-02
2.779502008735378754e-02
3.202882545857330121e-02
3.202882545857330121e-02
3.202882545857330121e-02
3.202882545857330121e-02
3.202882545857330121e-02
3.202882545857330121e-02
3.202882545857330121e-02
3.120409292043248295e-02
3.120409292043248295e-02
3.120409292043248295e-02
3.120409292043248295e-02
3.120409292043248295e-02
3.120409292043248295e-02
3.120409292043248295e-02
1.315829601141830542e-02
1.315829601141830542e-02
1.315829601141830542e-02
1.315829601141830542e-02
1.469103259847755975e-03
1.469103259847755975e-03
1.469103259847755975e-03
1.469103259847755975e-03
1.616011321531423198e-02
1.616011321531423198e-02
1.616011321531423198e-02
1.616011321531423198e-02
1.616011321531423198e-02
1.616011321531423198e-02
1.616011321531423198e-02
1.616011321531423198e-02
1.616011321531423198e-02
1.616011321531423198e-02
1.616011321531423198e-02
1.616011321531423198e-02
1.616011321531423198e-02
1.874600938680071743e-02
1.874600938680071743e-02
1.874600938680071743e-02
1.874600938680071743e-02
1.874600938680071743e-02
1.874600938680071743e-02
1.874600938680071743e-02
1.874600938680071743e-02
1.874600938680071743e-02
1.874600938680071743e-02
1.348925553521279110e-02
1.348925553521279110e-02
1.348925553521279110e-02
1.348925553521279110e-02
2.470120571181407855e-03
2.470120571181407855e-03
2.470120571181407855e-03
2.470120571181407855e-03
2.470120571181407855e-03
2.470120571181407855e-03
2.470120571181407855e-03
2.470120571181407855e-03
2.470120571181407855e-03
2.470120571181407855e-03
2.470120571181407855e-03
2.470120571181407855e-03
1.172342289861538940e-02
1.172342289861538940e-02
1.172342289861538940e-02
1.172342289861538940e-02
1.172342289861538940e-02
1.172342289861538940e-02
1.172342289861538940e-02
1.172342289861538940e-02
1.172342289861538940e-02
1.172342289861538940e-02
1.172342289861538940e-02
1.172342289861538940e-02
1.172342289861538940e-02
1.172342289861538940e-02
1.172342289861538940e-02
6.126831867775330009e-03
6.126831867775330009e-03
6.126831867775330009e-03
6.126831867775330009e-03
6.126831867775330009e-03
6.126831867775330009e-03
6.126831867775330009e-03
9.210074108754158842e-03
9.210074108754158842e-03
9.210074108754158842e-03
9.210074108754158842e-03
9.210074108754158842e-03
9.210074108754158842e-03
3.300479263490480736e-02
3.300479263490480736e-02
3.300479263490480736e-02
3.300479263490480736e-02
3.300479263490480736e-02
3.300479263490480736e-02
3.367146223697255192e-02
3.367146223697255192e-02
3.367146223697255192e-02
3.367146223697255192e-02
3.367146223697255192e-02
3.367146223697255192e-02
7.246282646046589559e-02
7.246282646046589559e-02
7.246282646046589559e-02
7.246282646046589559e-02
7.246282646046589559e-02
7.246282646046589559e-02
7.246282646046589559e-02
6.880340285769404041e-02
5.735038446706344772e-02
5.735038446706344772e-02
5.735038446706344772e-02
5.735038446706344772e-02
5.735038446706344772e-02
5.735038446706344772e-02
5.735038446706344772e-02
5.735038446706344772e-02
5.735038446706344772e-02
5.735038446706344772e-02
7.269960508635760210e-02
7.269960508635760210e-02
7.269960508635760210e-02
7.269960508635760210e-02
7.269960508635760210e-02
7.269960508635760210e-02
7.269960508635760210e-02
7.269960508635760210e-02
7.269960508635760210e-02
6.931364418385090043e-02
6.392474058208214016e-02
6.392474058208214016e-02
6.392474058208214016e-02
6.392474058208214016e-02
6.392474058208214016e-02
6.392474058208214016e-02
6.392474058208214016e-02
1.377560201170094888e-02
1.377560201170094888e-02
1.377560201170094888e-02
1.377560201170094888e-02
1.377560201170094888e-02
1.377560201170094888e-02
1.377560201170094888e-02
1.377560201170094888e-02
1.377560201170094888e-02
1.377560201170094888e-02
1.377560201170094888e-02
1.377560201170094888e-02
1.377560201170094888e-02
1.377560201170094888e-02
1.377560201170094888e-02
1.377560201170094888e-02
1.377560201170094888e-02
1.377560201170094888e-02
1.377560201170094888e-02
1.377560201170094888e-02
2.282925133052034553e-02
5.065044697550067504e-03
5.065044697550067504e-03
5.065044697550067504e-03
5.065044697550067504e-03
5.065044697550067504e-03
5.065044697550067504e-03
5.065044697550067504e-03
5.065044697550067504e-03
5.065044697550067504e-03
5.065044697550067504e-03
8.426561488393474048e-03
8.426561488393474048e-03
8.426561488393474048e-03
8.426561488393474048e-03
8.426561488393474048e-03
8.426561488393474048e-03
8.426561488393474048e-03
8.426561488393474048e-03
8.426561488393474048e-03
6.062207864872701246e-03
6.062207864872701246e-03
6.062207864872701246e-03
6.062207864872701246e-03
6.062207864872701246e-03
6.062207864872701246e-03
6.062207864872701246e-03
6.062207864872701246e-03
6.062207864872701246e-03
6.062207864872701246e-03
6.062207864872701246e-03
9.647565710185965898e-03
9.647565710185965898e-03
9.647565710185965898e-03
9.647565710185965898e-03
9.647565710185965898e-03
9.647565710185965898e-03
9.647565710185965898e-03
9.936315738105570838e-03
9.936315738105570838e-03
9.936315738105570838e-03
9.936315738105570838e-03
9.936315738105570838e-03
9.936315738105570838e-03
1.009816790258062126e-02
1.009816790258062126e-02
1.009816790258062126e-02
1.009816790258062126e-02
1.009816790258062126e-02
1.009816790258062126e-02
3.128814907370099097e-02
3.128814907370099097e-02
3.128814907370099097e-02
3.128814907370099097e-02
3.128814907370099097e-02
3.128814907370099097e-02
3.363725758333516863e-02
3.363725758333516863e-02
3.363725758333516863e-02
3.363725758333516863e-02
3.363725758333516863e-02
3.363725758333516863e-02
3.363725758333516863e-02
2.926907644797126229e-02
2.926907644797126229e-02
2.926907644797126229e-02
2.926907644797126229e-02
2.926907644797126229e-02
2.926907644797126229e-02
2.443479295801797777e-02
2.443479295801797777e-02
2.443479295801797777e-02
2.443479295801797777e-02
2.443479295801797777e-02
2.609304067991463291e-02
2.609304067991463291e-02
2.609304067991463291e-02
3.064211660439833396e-02
3.064211660439833396e-02
3.064211660439833396e-02
3.051367322928726783e-02
3.051367322928726783e-02
3.051367322928726783e-02
1.215904851489046923e-02
1.215904851489046923e-02
1.215904851489046923e-02
1.215904851489046923e-02
1.215904851489046923e-02
1.215904851489046923e-02
1.215904851489046923e-02
1.215904851489046923e-02
1.215904851489046923e-02
1.215904851489046923e-02
1.215904851489046923e-02
1.215904851489046923e-02
1.338538926531314226e-02
1.338538926531314226e-02
1.338538926531314226e-02
1.338538926531314226e-02
1.338538926531314226e-02
1.338538926531314226e-02
1.338538926531314226e-02
1.338538926531314226e-02
1.338538926531314226e-02
1.338538926531314226e-02
1.338538926531314226e-02
1.338538926531314226e-02
1.338538926531314226e-02
1.338538926531314226e-02
1.338538926531314226e-02
1.338538926531314226e-02
1.338538926531314226e-02
1.338538926531314226e-02
1.338538926531314226e-02
1.338538926531314226e-02
1.338538926531314226e-02
1.462569357695532070e-02
1.462569357695532070e-02
1.462569357695532070e-02
1.462569357695532070e-02
1.462569357695532070e-02
1.462569357695532070e-02
1.462569357695532070e-02
1.462569357695532070e-02
1.462569357695532070e-02
1.462569357695532070e-02
1.462569357695532070e-02
1.462569357695532070e-02
1.462569357695532070e-02
1.462569357695532070e-02
1.462569357695532070e-02
1.462569357695532070e-02
1.462569357695532070e-02
1.565007279796417836e-02
1.565007279796417836e-02
1.565007279796417836e-02
1.565007279796417836e-02
1.565007279796417836e-02
1.565007279796417836e-02
1.565007279796417836e-02
1.565007279796417836e-02
1.565007279796417836e-02
1.565007279796417836e-02
1.565007279796417836e-02
1.565007279796417836e-02
1.565007279796417836e-02
1.565007279796417836e-02
1.565007279796417836e-02
1.565007279796417836e-02
1.565007279796417836e-02
1.565007279796417836e-02
1.565007279796417836e-02
1.565007279796417836e-02
1.565007279796417836e-02
3.796871865697155728e-03
3.796871865697155728e-03
3.796871865697155728e-03
3.796871865697155728e-03
3.796871865697155728e-03
3.796871865697155728e-03
3.796871865697155728e-03
3.796871865697155728e-03
2.805611333593109255e-02
2.805611333593109255e-02
2.805611333593109255e-02
2.805611333593109255e-02
7.694216484957795699e-02
7.694216484957795699e-02
7.694216484957795699e-02
7.694216484957795699e-02
7.694216484957795699e-02
7.694216484957795699e-02
7.694216484957795699e-02
7.694216484957795699e-02
7.694216484957795699e-02
7.694216484957795699e-02
2.712498516019801360e-03
2.712498516019801360e-03
2.712498516019801360e-03
2.712498516019801360e-03
2.712498516019801360e-03
2.712498516019801360e-03
2.712498516019801360e-03
2.712498516019801360e-03
2.712498516019801360e-03
2.712498516019801360e-03
2.712498516019801360e-03
2.712498516019801360e-03
2.712498516019801360e-03
2.712498516019801360e-03
2.712498516019801360e-03
2.712498516019801360e-03
7.938307797324600790e-02
7.938307797324600790e-02
7.938307797324600790e-02
7.938307797324600790e-02
7.938307797324600790e-02
7.938307797324600790e-02
7.938307797324600790e-02
7.938307797324600790e-02
7.938307797324600790e-02
7.938307797324600790e-02
7.472851728180088249e-02
7.472851728180088249e-02
7.472851728180088249e-02
7.472851728180088249e-02
7.472851728180088249e-02
7.472851728180088249e-02
7.472851728180088249e-02
7.472851728180088249e-02
7.472851728180088249e-02
7.450402083533934350e-02
7.450402083533934350e-02
7.450402083533934350e-02
7.450402083533934350e-02
7.450402083533934350e-02
7.450402083533934350e-02
7.450402083533934350e-02
7.450402083533934350e-02
6.996065216403535292e-02
6.996065216403535292e-02
6.996065216403535292e-02
9.421641837228428296e-02
9.421641837228428296e-02
9.421641837228428296e-02
9.421641837228428296e-02
1.047671003864527883e-01
1.047671003864527883e-01
1.047671003864527883e-01
5.425577178272413675e-02
5.425577178272413675e-02
5.425577178272413675e-02
5.425577178272413675e-02
5.425577178272413675e-02
4.016452743742001796e-04
4.016452743742001796e-04
4.016452743742001796e-04
4.016452743742001796e-04
4.016452743742001796e-04
5.769138644217010337e-02
5.769138644217010337e-02
5.769138644217010337e-02
5.769138644217010337e-02
5.769138644217010337e-02
9.795215040019418680e-04
9.795215040019418680e-04
9.795215040019418680e-04
9.795215040019418680e-04
6.987749613800289588e-04
6.987749613800289588e-04
6.987749613800289588e-04
6.987749613800289588e-04
6.987749613800289588e-04
6.987749613800289588e-04
6.987749613800289588e-04
6.987749613800289588e-04
6.987749613800289588e-04
6.987749613800289588e-04
6.987749613800289588e-04
6.987749613800289588e-04
6.987749613800289588e-04
6.987749613800289588e-04
6.987749613800289588e-04
6.987749613800289588e-04
6.987749613800289588e-04
3.046499495509734628e-03
3.046499495509734628e-03
3.046499495509734628e-03
3.046499495509734628e-03
3.046499495509734628e-03
3.046499495509734628e-03
3.046499495509734628e-03
3.046499495509734628e-03
3.046499495509734628e-03
3.046499495509734628e-03
3.046499495509734628e-03
3.046499495509734628e-03
3.046499495509734628e-03
3.046499495509734628e-03
3.046499495509734628e-03
3.046499495509734628e-03
3.046499495509734628e-03
3.699144698050818580e-02
3.699144698050818580e-02
3.699144698050818580e-02
3.699144698050818580e-02
3.699144698050818580e-02
1.143899787962128663e-02
1.143899787962128663e-02
1.143899787962128663e-02
1.143899787962128663e-02
1.143899787962128663e-02
1.143899787962128663e-02
1.143899787962128663e-02
1.143899787962128663e-02
1.143899787962128663e-02
1.143899787962128663e-02
1.143899787962128663e-02
1.143899787962128663e-02
1.143899787962128663e-02
1.143899787962128663e-02
1.143899787962128663e-02
1.143899787962128663e-02
1.143899787962128663e-02
1.143899787962128663e-02
2.081562088401101018e-02
2.081562088401101018e-02
2.081562088401101018e-02
2.081562088401101018e-02
2.081562088401101018e-02
1.286174161586770698e-02
1.286174161586770698e-02
1.286174161586770698e-02
1.286174161586770698e-02
4.045381102542678145e-03
4.045381102542678145e-03
4.045381102542678145e-03
4.045381102542678145e-03
4.045381102542678145e-03
4.045381102542678145e-03
4.045381102542678145e-03
1.102436180392103206e-02
1.102436180392103206e-02
1.102436180392103206e-02
1.102436180392103206e-02
1.696772310581316995e-03
1.696772310581316995e-03
1.696772310581316995e-03
1.696772310581316995e-03
1.696772310581316995e-03
1.696772310581316995e-03
1.696772310581316995e-03
1.696772310581316995e-03
8.199113200433398238e-03
8.199113200433398238e-03
8.199113200433398238e-03
8.199113200433398238e-03
8.199113200433398238e-03
8.199113200433398238e-03
8.199113200433398238e-03
1.704559360059937703e-02
1.704559360059937703e-02
1.704559360059937703e-02
1.704559360059937703e-02
1.704559360059937703e-02
1.077119270925870620e-02
1.077119270925870620e-02
1.077119270925870620e-02
1.077119270925870620e-02
1.077119270925870620e-02
1.077119270925870620e-02
1.077119270925870620e-02
2.653845254374132337e-02
2.653845254374132337e-02
2.653845254374132337e-02
2.653845254374132337e-02
2.653845254374132337e-02
2.653845254374132337e-02
2.653845254374132337e-02
2.653845254374132337e-02
2.653845254374132337e-02
2.653845254374132337e-02
2.653845254374132337e-02
2.653845254374132337e-02
2.653845254374132337e-02
1.317039517085252104e-02
1.317039517085252104e-02
1.317039517085252104e-02
1.317039517085252104e-02
1.317039517085252104e-02
1.317039517085252104e-02
1.317039517085252104e-02
1.317039517085252104e-02
1.351397054767616498e-02
1.351397054767616498e-02
1.351397054767616498e-02
1.351397054767616498e-02
1.351397054767616498e-02
1.351397054767616498e-02
1.351397054767616498e-02
1.276068497141125482e-02
1.276068497141125482e-02
1.276068497141125482e-02
1.276068497141125482e-02
1.276068497141125482e-02
1.276068497141125482e-02
1.276068497141125482e-02
1.276068497141125482e-02
1.276068497141125482e-02
1.036907920063357899e-02
1.036907920063357899e-02
1.036907920063357899e-02
1.036907920063357899e-02
1.036907920063357899e-02
1.036907920063357899e-02
1.036907920063357899e-02
1.036907920063357899e-02
1.036907920063357899e-02
1.036907920063357899e-02
1.287079775988857373e-02
1.287079775988857373e-02
1.287079775988857373e-02
1.287079775988857373e-02
1.287079775988857373e-02
1.287079775988857373e-02
1.287079775988857373e-02
1.641483659087859814e-03
1.641483659087859814e-03
1.641483659087859814e-03
1.244576367215216584e-02
1.244576367215216584e-02
1.244576367215216584e-02
1.244576367215216584e-02
1.244576367215216584e-02
1.244576367215216584e-02
1.244576367215216584e-02
1.244576367215216584e-02
1.118843236778111275e-02
1.118843236778111275e-02
1.118843236778111275e-02
1.118843236778111275e-02
1.118843236778111275e-02
1.118843236778111275e-02
1.118843236778111275e-02
1.118843236778111275e-02
1.118843236778111275e-02
1.118843236778111275e-02
1.371883788400066889e-02
1.371883788400066889e-02
1.371883788400066889e-02
1.371883788400066889e-02
1.371883788400066889e-02
1.371883788400066889e-02
1.371883788400066889e-02
1.371883788400066889e-02
7.129673512104680276e-03
7.129673512104680276e-03
7.129673512104680276e-03
7.129673512104680276e-03
7.129673512104680276e-03
1.080578781364998839e-02
1.080578781364998839e-02
1.080578781364998839e-02
1.080578781364998839e-02
1.080578781364998839e-02
1.002163314779922106e-02
1.002163314779922106e-02
1.002163314779922106e-02
1.002163314779922106e-02
1.002163314779922106e-02
1.002163314779922106e-02
3.911812193149093869e-02
3.911812193149093869e-02
3.911812193149093869e-02
3.911812193149093869e-02
3.911812193149093869e-02
3.911812193149093869e-02
3.911812193149093869e-02
3.911812193149093869e-02
3.911812193149093869e-02
3.911812193149093869e-02
3.911812193149093869e-02
3.911812193149093869e-02
3.911812193149093869e-02
3.911812193149093869e-02
3.911812193149093869e-02
3.911812193149093869e-02
3.911812193149093869e-02
3.911812193149093869e-02
4.104772734390925437e-02
4.104772734390925437e-02
4.104772734390925437e-02
4.104772734390925437e-02
4.104772734390925437e-02
4.104772734390925437e-02
4.104772734390925437e-02
4.104772734390925437e-02
4.104772734390925437e-02
4.104772734390925437e-02
4.104772734390925437e-02
4.104772734390925437e-02
4.104772734390925437e-02
4.104772734390925437e-02
4.104772734390925437e-02
4.104772734390925437e-02
4.104772734390925437e-02
3.934697326175588122e-02
3.934697326175588122e-02
3.934697326175588122e-02
3.934697326175588122e-02
3.934697326175588122e-02
3.934697326175588122e-02
3.934697326175588122e-02
3.934697326175588122e-02
3.934697326175588122e-02
3.934697326175588122e-02
3.934697326175588122e-02
3.934697326175588122e-02
3.934697326175588122e-02
3.934697326175588122e-02
3.934697326175588122e-02
3.511452040843488637e-02
3.511452040843488637e-02
3.511452040843488637e-02
3.511452040843488637e-02
3.511452040843488637e-02
3.511452040843488637e-02
3.511452040843488637e-02
3.511452040843488637e-02
3.511452040843488637e-02
3.511452040843488637e-02
3.511452040843488637e-02
3.511452040843488637e-02
3.511452040843488637e-02
3.511452040843488637e-02
3.511452040843488637e-02
3.511452040843488637e-02
3.511452040843488637e-02
3.511452040843488637e-02
3.511452040843488637e-02
3.511452040843488637e-02
3.511452040843488637e-02
9.875291744416659842e-03
9.875291744416659842e-03
9.875291744416659842e-03
9.875291744416659842e-03
9.875291744416659842e-03
9.875291744416659842e-03
9.875291744416659842e-03
9.875291744416659842e-03
9.875291744416659842e-03
9.875291744416659842e-03
9.875291744416659842e-03
9.875291744416659842e-03
9.875291744416659842e-03
9.875291744416659842e-03
9.875291744416659842e-03
9.875291744416659842e-03
9.875291744416659842e-03
9.875291744416659842e-03
9.875291744416659842e-03
9.875291744416659842e-03
9.875291744416659842e-03
9.875291744416659842e-03
9.875291744416659842e-03
9.875291744416659842e-03
2.222226591709024549e-02
2.222226591709024549e-02
2.222226591709024549e-02
2.222226591709024549e-02
2.222226591709024549e-02
2.222226591709024549e-02
2.222226591709024549e-02
2.222226591709024549e-02
2.106009801099711226e-02
2.106009801099711226e-02
2.106009801099711226e-02
2.106009801099711226e-02
2.106009801099711226e-02
2.106009801099711226e-02
1.784626611649687417e-02
1.784626611649687417e-02
1.784626611649687417e-02
1.784626611649687417e-02
1.784626611649687417e-02
1.784626611649687417e-02
3.117543789046460859e-02
3.117543789046460859e-02
3.117543789046460859e-02
9.461464885647452236e-03
9.461464885647452236e-03
9.461464885647452236e-03
9.461464885647452236e-03
9.461464885647452236e-03
9.461464885647452236e-03
9.461464885647452236e-03
1.744880660193095373e-02
1.744880660193095373e-02
1.744880660193095373e-02
1.744880660193095373e-02
1.028265296502659833e-02
1.028265296502659833e-02
1.028265296502659833e-02
1.028265296502659833e-02
1.028265296502659833e-02
1.028265296502659833e-02
1.721053712184770698e-02
1.721053712184770698e-02
1.721053712184770698e-02
1.721053712184770698e-02
1.721053712184770698e-02
1.721053712184770698e-02
1.721053712184770698e-02
4.830530119696268415e-02
4.830530119696268415e-02
4.830530119696268415e-02
4.830530119696268415e-02
4.830530119696268415e-02
4.830530119696268415e-02
4.830530119696268415e-02
4.830530119696268415e-02
4.830530119696268415e-02
4.830530119696268415e-02
4.830530119696268415e-02
4.830530119696268415e-02
4.830530119696268415e-02
4.830530119696268415e-02
4.830530119696268415e-02
4.830530119696268415e-02
4.830530119696268415e-02
4.830530119696268415e-02
1.417768695483080828e-02
1.417768695483080828e-02
1.417768695483080828e-02
1.417768695483080828e-02
1.417768695483080828e-02
2.165979529099497022e-02
2.165979529099497022e-02
2.165979529099497022e-02
2.165979529099497022e-02
2.165979529099497022e-02
2.165979529099497022e-02
2.165979529099497022e-02
2.165979529099497022e-02
2.104712501416118250e-02
2.104712501416118250e-02
2.104712501416118250e-02
2.104712501416118250e-02
2.104712501416118250e-02
2.104712501416118250e-02
3.793563029438489637e-02
3.793563029438489637e-02
3.793563029438489637e-02
3.793563029438489637e-02
3.793563029438489637e-02
3.793563029438489637e-02
3.793563029438489637e-02
3.793563029438489637e-02
4.174620384883567098e-02
4.174620384883567098e-02
4.174620384883567098e-02
4.174620384883567098e-02
4.174620384883567098e-02
4.174620384883567098e-02
4.174620384883567098e-02
4.647872421743986376e-02
4.647872421743986376e-02
4.647872421743986376e-02
4.647872421743986376e-02
4.647872421743986376e-02
4.647872421743986376e-02
4.647872421743986376e-02
4.647872421743986376e-02
4.647872421743986376e-02
4.647872421743986376e-02
4.647872421743986376e-02
4.647872421743986376e-02
4.647872421743986376e-02
4.647872421743986376e-02
4.647872421743986376e-02
4.647872421743986376e-02
4.647872421743986376e-02
4.647872421743986376e-02
5.011191564834657081e-02
5.011191564834657081e-02
5.011191564834657081e-02
5.011191564834657081e-02
5.011191564834657081e-02
5.011191564834657081e-02
5.011191564834657081e-02
5.011191564834657081e-02
5.011191564834657081e-02
5.011191564834657081e-02
5.011191564834657081e-02
5.011191564834657081e-02
5.011191564834657081e-02
5.011191564834657081e-02
5.011191564834657081e-02
5.011191564834657081e-02
5.011191564834657081e-02
5.011191564834657081e-02
5.011191564834657081e-02
4.089967925242737196e-02
4.089967925242737196e-02
4.089967925242737196e-02
4.089967925242737196e-02
4.089967925242737196e-02
4.089967925242737196e-02
4.089967925242737196e-02
4.089967925242737196e-02
4.089967925242737196e-02
4.089967925242737196e-02
4.089967925242737196e-02
4.089967925242737196e-02
4.089967925242737196e-02
4.089967925242737196e-02
4.089967925242737196e-02
4.089967925242737196e-02
4.089967925242737196e-02
4.089967925242737196e-02
4.089967925242737196e-02
4.089967925242737196e-02
4.089967925242737196e-02
4.089967925242737196e-02
4.089967925242737196e-02
4.089967925242737196e-02
4.089967925242737196e-02
4.089967925242737196e-02
2.185705246924328146e-02
2.185705246924328146e-02
2.185705246924328146e-02
2.185705246924328146e-02
2.034188323595775144e-02
2.034188323595775144e-02
2.034188323595775144e-02
2.034188323595775144e-02
2.034188323595775144e-02
2.034188323595775144e-02
2.034188323595775144e-02
2.034188323595775144e-02
2.034188323595775144e-02
2.034188323595775144e-02
2.034188323595775144e-02
2.034188323595775144e-02
2.034188323595775144e-02
2.034188323595775144e-02
2.034188323595775144e-02
4.958371343532381841e-03
4.958371343532381841e-03
4.958371343532381841e-03
4.958371343532381841e-03
2.036827958449424075e-02
2.036827958449424075e-02
2.036827958449424075e-02
1.847525719410482437e-02
1.847525719410482437e-02
1.847525719410482437e-02
1.847525719410482437e-02
1.638946944681764217e-02
1.638946944681764217e-02
1.638946944681764217e-02
1.638946944681764217e-02
1.638946944681764217e-02
1.638946944681764217e-02
7.873561127345251806e-03
5.078563932792352908e-02
5.078563932792352908e-02
5.078563932792352908e-02
5.078563932792352908e-02
5.078563932792352908e-02
5.078563932792352908e-02
9.183842797342255809e-03
4.090672911146930879e-02
4.090672911146930879e-02
4.090672911146930879e-02
4.090672911146930879e-02
4.090672911146930879e-02
1.099759728943659580e-02
1.242049837377274396e-02
1.242049837377274396e-02
1.242049837377274396e-02
1.242049837377274396e-02
1.242049837377274396e-02
1.242049837377274396e-02
2.295499240883223588e-02
8.117561313807825779e-03
8.117561313807825779e-03
8.117561313807825779e-03
8.117561313807825779e-03
8.117561313807825779e-03
8.117561313807825779e-03
1.851876266655434408e-02
3.801234169944169104e-03
3.801234169944169104e-03
3.801234169944169104e-03
3.801234169944169104e-03
3.801234169944169104e-03
6.535561958017008233e-03
6.535561958017008233e-03
6.535561958017008233e-03
6.535561958017008233e-03
6.535561958017008233e-03
2.869215088855866028e-02
2.869215088855866028e-02
2.869215088855866028e-02
2.869215088855866028e-02
3.915554819584522728e-02
3.915554819584522728e-02
3.915554819584522728e-02
3.915554819584522728e-02
3.915554819584522728e-02
2.055264459748305794e-02
2.055264459748305794e-02
2.055264459748305794e-02
2.055264459748305794e-02
2.055264459748305794e-02
2.055264459748305794e-02
7.110974497032112457e-03
7.110974497032112457e-03
7.110974497032112457e-03
7.110974497032112457e-03
7.110974497032112457e-03
7.110974497032112457e-03
7.110974497032112457e-03
7.110974497032112457e-03
7.110974497032112457e-03
7.110974497032112457e-03
7.110974497032112457e-03
7.110974497032112457e-03
7.110974497032112457e-03
7.110974497032112457e-03
4.215988089000322243e-03
4.215988089000322243e-03
4.215988089000322243e-03
4.215988089000322243e-03
4.215988089000322243e-03
4.215988089000322243e-03
4.215988089000322243e-03
4.215988089000322243e-03
4.215988089000322243e-03
4.215988089000322243e-03
4.215988089000322243e-03
4.215988089000322243e-03
4.215988089000322243e-03
4.215988089000322243e-03
4.215988089000322243e-03
4.215988089000322243e-03
4.215988089000322243e-03
4.215988089000322243e-03
2.074386246616279419e-02
2.074386246616279419e-02
2.074386246616279419e-02
2.074386246616279419e-02
2.074386246616279419e-02
1.357387144214798960e-02
1.357387144214798960e-02
1.357387144214798960e-02
1.357387144214798960e-02
1.357387144214798960e-02
1.823454264771503033e-02
1.823454264771503033e-02
1.823454264771503033e-02
1.823454264771503033e-02
1.823454264771503033e-02
1.410787986035934825e-02
1.410787986035934825e-02
1.410787986035934825e-02
1.410787986035934825e-02
1.410787986035934825e-02
1.410787986035934825e-02
1.410787986035934825e-02
1.892000942112360973e-02
1.892000942112360973e-02
1.892000942112360973e-02
1.892000942112360973e-02
1.892000942112360973e-02
1.597932661202339233e-02
1.597932661202339233e-02
1.597932661202339233e-02
1.597932661202339233e-02
1.597932661202339233e-02
1.597932661202339233e-02
3.880608172710680193e-03
3.880608172710680193e-03
3.880608172710680193e-03
5.287763030539118121e-03
5.287763030539118121e-03
5.287763030539118121e-03
5.287763030539118121e-03
5.287763030539118121e-03
5.287763030539118121e-03
5.287763030539118121e-03
5.287763030539118121e-03
5.287763030539118121e-03
3.874669578995861095e-03
3.874669578995861095e-03
3.874669578995861095e-03
3.874669578995861095e-03
3.874669578995861095e-03
3.874669578995861095e-03
3.874669578995861095e-03
3.874669578995861095e-03
3.874669578995861095e-03
3.874669578995861095e-03
3.874669578995861095e-03
3.874669578995861095e-03
3.874669578995861095e-03
3.874669578995861095e-03
3.874669578995861095e-03
3.874669578995861095e-03
3.874669578995861095e-03
3.874669578995861095e-03
3.874669578995861095e-03
3.874669578995861095e-03
4.374567061235841263e-03
4.374567061235841263e-03
4.374567061235841263e-03
4.374567061235841263e-03
4.374567061235841263e-03
4.374567061235841263e-03
4.374567061235841263e-03
4.374567061235841263e-03
4.374567061235841263e-03
4.374567061235841263e-03
4.374567061235841263e-03
4.374567061235841263e-03
4.374567061235841263e-03
4.374567061235841263e-03
4.374567061235841263e-03
4.374567061235841263e-03
4.374567061235841263e-03
4.374567061235841263e-03
4.374567061235841263e-03
4.374567061235841263e-03
4.374567061235841263e-03
2.814355047538558141e-02
2.814355047538558141e-02
2.814355047538558141e-02
2.814355047538558141e-02
2.814355047538558141e-02
2.814355047538558141e-02
5.425066497552806337e-03
5.425066497552806337e-03
5.425066497552806337e-03
5.425066497552806337e-03
5.425066497552806337e-03
5.425066497552806337e-03
9.451393377534143478e-03
1.673790334244212863e-02
1.673790334244212863e-02
1.673790334244212863e-02
1.673790334244212863e-02
1.673790334244212863e-02
1.673790334244212863e-02
1.673790334244212863e-02
1.673790334244212863e-02
1.673790334244212863e-02
1.673790334244212863e-02
1.673790334244212863e-02
1.673790334244212863e-02
1.673790334244212863e-02
1.673790334244212863e-02
1.673790334244212863e-02
1.673790334244212863e-02
1.214421973995286237e-02
1.769370666822221022e-02
1.769370666822221022e-02
1.769370666822221022e-02
1.769370666822221022e-02
1.769370666822221022e-02
1.769370666822221022e-02
1.769370666822221022e-02
1.769370666822221022e-02
1.769370666822221022e-02
1.769370666822221022e-02
1.769370666822221022e-02
1.769370666822221022e-02
1.769370666822221022e-02
1.769370666822221022e-02
1.769370666822221022e-02
5.074572867524914169e-03
2.458827027666736151e-02
2.458827027666736151e-02
2.458827027666736151e-02
2.458827027666736151e-02
2.458827027666736151e-02
2.458827027666736151e-02
2.458827027666736151e-02
2.458827027666736151e-02
2.458827027666736151e-02
1.173191026523990807e-02
1.173191026523990807e-02
1.173191026523990807e-02
3.625618326102946626e-02
3.625618326102946626e-02
3.625618326102946626e-02
5.160914381430905043e-03
5.160914381430905043e-03
5.160914381430905043e-03
5.160914381430905043e-03
5.160914381430905043e-03
5.160914381430905043e-03
5.160914381430905043e-03
5.160914381430905043e-03
5.160914381430905043e-03
5.160914381430905043e-03
5.160914381430905043e-03
5.160914381430905043e-03
5.160914381430905043e-03
5.160914381430905043e-03
5.160914381430905043e-03
2.717201913259859915e-03
2.717201913259859915e-03
2.717201913259859915e-03
2.717201913259859915e-03
2.717201913259859915e-03
2.717201913259859915e-03
2.717201913259859915e-03
2.717201913259859915e-03
2.717201913259859915e-03
2.717201913259859915e-03
2.717201913259859915e-03
2.717201913259859915e-03
1.530026830826676423e-03
1.530026830826676423e-03
1.530026830826676423e-03
1.530026830826676423e-03
1.530026830826676423e-03
1.530026830826676423e-03
5.527193501031875400e-03
5.527193501031875400e-03
5.527193501031875400e-03
5.527193501031875400e-03
5.421390717835645849e-03
5.421390717835645849e-03
5.421390717835645849e-03
5.421390717835645849e-03
5.421390717835645849e-03
5.421390717835645849e-03
5.421390717835645849e-03
5.421390717835645849e-03
5.421390717835645849e-03
5.421390717835645849e-03
5.421390717835645849e-03
5.421390717835645849e-03
3.830102952291995744e-04
3.830102952291995744e-04
3.830102952291995744e-04
3.830102952291995744e-04
3.830102952291995744e-04
3.830102952291995744e-04
3.830102952291995744e-04
3.830102952291995744e-04
3.830102952291995744e-04
3.830102952291995744e-04
3.830102952291995744e-04
3.830102952291995744e-04
3.830102952291995744e-04
3.830102952291995744e-04
3.830102952291995744e-04
3.830102952291995744e-04
3.830102952291995744e-04
3.369202478362551788e-03
3.369202478362551788e-03
3.369202478362551788e-03
3.369202478362551788e-03
3.369202478362551788e-03
3.369202478362551788e-03
5.802167666422997083e-03
1.078584419477052756e-03
1.078584419477052756e-03
1.078584419477052756e-03
1.078584419477052756e-03
1.078584419477052756e-03
1.078584419477052756e-03
1.078584419477052756e-03
1.695676222009617415e-02
1.695676222009617415e-02
1.695676222009617415e-02
1.695676222009617415e-02
1.695676222009617415e-02
1.695676222009617415e-02
1.695676222009617415e-02
1.695676222009617415e-02
1.695676222009617415e-02
1.695676222009617415e-02
1.695676222009617415e-02
1.695676222009617415e-02
1.695676222009617415e-02
1.695676222009617415e-02
1.695676222009617415e-02
3.338681268710474992e-02
3.338681268710474992e-02
3.338681268710474992e-02
3.338681268710474992e-02
3.338681268710474992e-02
3.338681268710474992e-02
1.267419285663977727e-02
1.267419285663977727e-02
1.267419285663977727e-02
1.267419285663977727e-02
2.873690850563175806e-03
2.873690850563175806e-03
2.873690850563175806e-03
2.873690850563175806e-03
2.873690850563175806e-03
2.873690850563175806e-03
2.873690850563175806e-03
2.873690850563175806e-03
2.873690850563175806e-03
2.873690850563175806e-03
2.873690850563175806e-03
2.873690850563175806e-03
2.873690850563175806e-03
2.873690850563175806e-03
2.873690850563175806e-03
2.873690850563175806e-03
2.873690850563175806e-03
9.090554855639591337e-04
9.090554855639591337e-04
9.090554855639591337e-04
9.090554855639591337e-04
9.090554855639591337e-04
9.090554855639591337e-04
9.090554855639591337e-04
9.090554855639591337e-04
1.859548918009683652e-02
1.859548918009683652e-02
1.859548918009683652e-02
1.859548918009683652e-02
1.102772219319096692e-02
1.102772219319096692e-02
1.102772219319096692e-02
1.102772219319096692e-02
1.102772219319096692e-02
1.102772219319096692e-02
1.378171216638648423e-02
1.152104055002209880e-02
1.152104055002209880e-02
1.152104055002209880e-02
1.152104055002209880e-02
1.152104055002209880e-02
1.152104055002209880e-02
1.152104055002209880e-02
1.303845904450831768e-02
1.091124930696192423e-02
1.091124930696192423e-02
1.091124930696192423e-02
1.091124930696192423e-02
1.091124930696192423e-02
1.091124930696192423e-02
1.091124930696192423e-02
1.091124930696192423e-02
5.430041333710503709e-03
4.669291878195220430e-03
4.669291878195220430e-03
4.669291878195220430e-03
4.669291878195220430e-03
4.669291878195220430e-03
4.669291878195220430e-03
4.669291878195220430e-03
4.669291878195220430e-03
4.669291878195220430e-03
4.669291878195220430e-03
4.669291878195220430e-03
4.669291878195220430e-03
4.669291878195220430e-03
4.669291878195220430e-03
9.028808107067772329e-03
7.465018754168863883e-05
7.465018754168863883e-05
7.465018754168863883e-05
7.465018754168863883e-05
7.465018754168863883e-05
7.465018754168863883e-05
7.465018754168863883e-05
5.498043128902670856e-03
2.053197195070583913e-03
2.053197195070583913e-03
2.053197195070583913e-03
2.053197195070583913e-03
2.134851007918760549e-02
2.134851007918760549e-02
2.134851007918760549e-02
2.134851007918760549e-02
2.134851007918760549e-02
2.134851007918760549e-02
2.134851007918760549e-02
2.134851007918760549e-02
2.134851007918760549e-02
2.134851007918760549e-02
2.134851007918760549e-02
2.134851007918760549e-02
2.134851007918760549e-02
5.511649466298405679e-03
2.113158629310265321e-03
2.113158629310265321e-03
2.113158629310265321e-03
2.113158629310265321e-03
2.853203701141344625e-02
2.853203701141344625e-02
2.853203701141344625e-02
2.853203701141344625e-02
2.853203701141344625e-02
2.853203701141344625e-02
2.853203701141344625e-02
2.853203701141344625e-02
2.853203701141344625e-02
2.853203701141344625e-02
2.853203701141344625e-02
2.853203701141344625e-02
2.853203701141344625e-02
2.786763269057896189e-02
2.786763269057896189e-02
2.786763269057896189e-02
2.786763269057896189e-02
2.786763269057896189e-02
2.786763269057896189e-02
2.786763269057896189e-02
2.786763269057896189e-02
2.786763269057896189e-02
2.786763269057896189e-02
2.786763269057896189e-02
2.786763269057896189e-02
2.786763269057896189e-02
2.786763269057896189e-02
2.786763269057896189e-02
2.619017923881171092e-02
2.619017923881171092e-02
2.619017923881171092e-02
2.619017923881171092e-02
2.619017923881171092e-02
2.619017923881171092e-02
2.619017923881171092e-02
2.619017923881171092e-02
2.619017923881171092e-02
2.619017923881171092e-02
2.619017923881171092e-02
2.619017923881171092e-02
2.619017923881171092e-02
2.619017923881171092e-02
2.619017923881171092e-02
2.619017923881171092e-02
2.733737555059374477e-02
2.733737555059374477e-02
2.733737555059374477e-02
2.733737555059374477e-02
2.733737555059374477e-02
2.733737555059374477e-02
2.733737555059374477e-02
2.733737555059374477e-02
2.733737555059374477e-02
2.733737555059374477e-02
2.733737555059374477e-02
2.733737555059374477e-02
2.733737555059374477e-02
2.733737555059374477e-02
2.733737555059374477e-02
2.733737555059374477e-02
2.641324926251562011e-02
2.641324926251562011e-02
2.641324926251562011e-02
2.641324926251562011e-02
2.641324926251562011e-02
2.641324926251562011e-02
2.641324926251562011e-02
2.641324926251562011e-02
2.641324926251562011e-02
2.641324926251562011e-02
2.641324926251562011e-02
2.641324926251562011e-02
2.641324926251562011e-02
2.641324926251562011e-02
2.641324926251562011e-02
2.641324926251562011e-02
2.331137012713111953e-02
2.331137012713111953e-02
2.331137012713111953e-02
2.331137012713111953e-02
2.331137012713111953e-02
2.331137012713111953e-02
2.331137012713111953e-02
2.331137012713111953e-02
2.331137012713111953e-02
2.331137012713111953e-02
2.331137012713111953e-02
2.331137012713111953e-02
2.331137012713111953e-02
2.331137012713111953e-02
2.331137012713111953e-02
2.331137012713111953e-02
2.331137012713111953e-02
2.331137012713111953e-02
2.331137012713111953e-02
2.414964977084302356e-02
2.414964977084302356e-02
2.414964977084302356e-02
2.414964977084302356e-02
2.414964977084302356e-02
2.414964977084302356e-02
2.414964977084302356e-02
2.414964977084302356e-02
2.414964977084302356e-02
2.414964977084302356e-02
2.414964977084302356e-02
2.414964977084302356e-02
2.414964977084302356e-02
2.414964977084302356e-02
2.414964977084302356e-02
2.414964977084302356e-02
2.414964977084302356e-02
2.545492627057084276e-02
2.545492627057084276e-02
2.545492627057084276e-02
2.545492627057084276e-02
2.545492627057084276e-02
2.545492627057084276e-02
2.545492627057084276e-02
2.545492627057084276e-02
2.545492627057084276e-02
2.545492627057084276e-02
2.545492627057084276e-02
2.545492627057084276e-02
2.545492627057084276e-02
2.545492627057084276e-02
2.545492627057084276e-02
2.259112701204708459e-02
2.259112701204708459e-02
2.259112701204708459e-02
2.259112701204708459e-02
2.259112701204708459e-02
2.259112701204708459e-02
2.259112701204708459e-02
2.259112701204708459e-02
2.259112701204708459e-02
2.259112701204708459e-02
2.259112701204708459e-02
2.259112701204708459e-02
2.259112701204708459e-02
2.259112701204708459e-02
1.159627441424931037e-02
1.909168535324916316e-02
1.909168535324916316e-02
1.909168535324916316e-02
1.909168535324916316e-02
1.909168535324916316e-02
1.909168535324916316e-02
1.909168535324916316e-02
1.909168535324916316e-02
1.909168535324916316e-02
1.909168535324916316e-02
1.909168535324916316e-02
1.909168535324916316e-02
1.909168535324916316e-02
1.909168535324916316e-02
1.909168535324916316e-02
1.909168535324916316e-02
3.793540697914347254e-02
3.793540697914347254e-02
3.793540697914347254e-02
3.793540697914347254e-02
3.793540697914347254e-02
3.793540697914347254e-02
3.793540697914347254e-02
3.793540697914347254e-02
3.793540697914347254e-02
3.793540697914347254e-02
2.312893157217483717e-02
2.350967705412447192e-02
2.350967705412447192e-02
2.350967705412447192e-02
2.350967705412447192e-02
2.350967705412447192e-02
2.350967705412447192e-02
2.350967705412447192e-02
4.121520775999009539e-02
4.121520775999009539e-02
4.121520775999009539e-02
4.121520775999009539e-02
4.121520775999009539e-02
4.121520775999009539e-02
4.121520775999009539e-02
4.121520775999009539e-02
2.355933549454524573e-02
2.355933549454524573e-02
2.355933549454524573e-02
2.355933549454524573e-02
3.153003731410018717e-02
3.153003731410018717e-02
3.153003731410018717e-02
3.153003731410018717e-02
3.153003731410018717e-02
2.963190531924426649e-02
2.963190531924426649e-02
2.963190531924426649e-02
2.963190531924426649e-02
2.963190531924426649e-02
2.963190531924426649e-02
1.303368230139437733e-04
1.303368230139437733e-04
1.303368230139437733e-04
1.303368230139437733e-04
1.303368230139437733e-04
1.303368230139437733e-04
1.303368230139437733e-04
1.303368230139437733e-04
1.303368230139437733e-04
1.303368230139437733e-04
1.303368230139437733e-04
1.303368230139437733e-04
1.303368230139437733e-04
1.303368230139437733e-04
1.303368230139437733e-04
1.303368230139437733e-04
1.303368230139437733e-04
1.303368230139437733e-04
1.303368230139437733e-04
7.602374479725619106e-05
7.602374479725619106e-05
7.602374479725619106e-05
7.602374479725619106e-05
7.602374479725619106e-05
7.602374479725619106e-05
7.602374479725619106e-05
7.602374479725619106e-05
7.602374479725619106e-05
7.602374479725619106e-05
7.602374479725619106e-05
7.602374479725619106e-05
7.602374479725619106e-05
7.602374479725619106e-05
7.602374479725619106e-05
7.602374479725619106e-05
7.602374479725619106e-05
7.602374479725619106e-05
1.260184983678663611e-03
1.260184983678663611e-03
1.260184983678663611e-03
1.260184983678663611e-03
1.260184983678663611e-03
1.260184983678663611e-03
1.260184983678663611e-03
1.260184983678663611e-03
1.260184983678663611e-03
1.260184983678663611e-03
1.260184983678663611e-03
1.260184983678663611e-03
1.260184983678663611e-03
1.260184983678663611e-03
1.260184983678663611e-03
1.260184983678663611e-03
1.260184983678663611e-03
1.260184983678663611e-03
4.682123824032228252e-04
4.682123824032228252e-04
4.682123824032228252e-04
4.682123824032228252e-04
4.682123824032228252e-04
4.682123824032228252e-04
4.682123824032228252e-04
4.682123824032228252e-04
4.682123824032228252e-04
4.682123824032228252e-04
4.682123824032228252e-04
4.682123824032228252e-04
4.682123824032228252e-04
4.682123824032228252e-04
4.682123824032228252e-04
4.682123824032228252e-04
4.682123824032228252e-04
2.746646075901068140e-03
3.047327056283550151e-03
3.047327056283550151e-03
3.047327056283550151e-03
3.047327056283550151e-03
1.938729888430271511e-02
1.938729888430271511e-02
1.938729888430271511e-02
1.938729888430271511e-02
1.938729888430271511e-02
1.938729888430271511e-02
1.938729888430271511e-02
1.938729888430271511e-02
1.938729888430271511e-02
1.938729888430271511e-02
1.938729888430271511e-02
1.938729888430271511e-02
2.934874515421282554e-02
2.934874515421282554e-02
2.934874515421282554e-02
2.934874515421282554e-02
2.934874515421282554e-02
2.934874515421282554e-02
2.934874515421282554e-02
2.934874515421282554e-02
2.934874515421282554e-02
2.934874515421282554e-02
2.934874515421282554e-02
2.934874515421282554e-02
1.734382730328787314e-02
1.734382730328787314e-02
1.734382730328787314e-02
1.734382730328787314e-02
1.734382730328787314e-02
2.602025248124933618e-02
2.602025248124933618e-02
2.602025248124933618e-02
2.602025248124933618e-02
2.602025248124933618e-02
2.602025248124933618e-02
2.602025248124933618e-02
2.602025248124933618e-02
2.602025248124933618e-02
2.602025248124933618e-02
2.602025248124933618e-02
2.602025248124933618e-02
2.602025248124933618e-02
2.602025248124933618e-02
2.602025248124933618e-02
2.602025248124933618e-02
2.486445619098561974e-02
2.486445619098561974e-02
2.486445619098561974e-02
2.486445619098561974e-02
2.486445619098561974e-02
2.486445619098561974e-02
2.486445619098561974e-02
2.486445619098561974e-02
2.486445619098561974e-02
2.486445619098561974e-02
2.486445619098561974e-02
2.486445619098561974e-02
2.486445619098561974e-02
2.486445619098561974e-02
2.486445619098561974e-02
2.486445619098561974e-02
2.560152038419440806e-02
2.560152038419440806e-02
2.560152038419440806e-02
2.560152038419440806e-02
2.560152038419440806e-02
2.560152038419440806e-02
2.560152038419440806e-02
2.560152038419440806e-02
2.560152038419440806e-02
2.560152038419440806e-02
2.560152038419440806e-02
2.560152038419440806e-02
2.560152038419440806e-02
2.560152038419440806e-02
2.560152038419440806e-02
2.388858444242124984e-02
2.388858444242124984e-02
2.388858444242124984e-02
2.388858444242124984e-02
2.388858444242124984e-02
2.388858444242124984e-02
2.388858444242124984e-02
2.388858444242124984e-02
2.388858444242124984e-02
2.388858444242124984e-02
2.388858444242124984e-02
2.388858444242124984e-02
2.388858444242124984e-02
4.026519082802317018e-02
4.026519082802317018e-02
4.026519082802317018e-02
4.026519082802317018e-02
4.026519082802317018e-02
4.026519082802317018e-02
4.026519082802317018e-02
4.055011929158584133e-02
4.055011929158584133e-02
4.055011929158584133e-02
4.055011929158584133e-02
4.055011929158584133e-02
4.055011929158584133e-02
4.055011929158584133e-02
4.055011929158584133e-02
2.198804541715882258e-02
2.198804541715882258e-02
2.198804541715882258e-02
2.198804541715882258e-02
2.198804541715882258e-02
2.223115934758929796e-02
2.223115934758929796e-02
2.223115934758929796e-02
2.223115934758929796e-02
2.223115934758929796e-02
2.240722476836559673e-02
2.240722476836559673e-02
2.240722476836559673e-02
2.240722476836559673e-02
2.240722476836559673e-02
2.240722476836559673e-02
5.438986043105141673e-03
5.438986043105141673e-03
5.438986043105141673e-03
5.438986043105141673e-03
1.480081219446976147e-02
1.480081219446976147e-02
1.480081219446976147e-02
1.480081219446976147e-02
1.480081219446976147e-02
1.480081219446976147e-02
2.573815514855090289e-02
2.573815514855090289e-02
2.573815514855090289e-02
2.573815514855090289e-02
2.058057616128745188e-02
2.058057616128745188e-02
2.058057616128745188e-02
2.058057616128745188e-02
2.058057616128745188e-02
2.058057616128745188e-02
2.058057616128745188e-02
2.058057616128745188e-02
2.058057616128745188e-02
2.058057616128745188e-02
2.058057616128745188e-02
2.058057616128745188e-02
2.058057616128745188e-02
2.058057616128745188e-02
2.061236448488645151e-02
2.061236448488645151e-02
2.061236448488645151e-02
2.061236448488645151e-02
2.061236448488645151e-02
2.061236448488645151e-02
2.061236448488645151e-02
2.061236448488645151e-02
2.061236448488645151e-02
2.061236448488645151e-02
2.061236448488645151e-02
2.061236448488645151e-02
2.061236448488645151e-02
3.326767928163431448e-02
3.326767928163431448e-02
3.326767928163431448e-02
3.326767928163431448e-02
3.326767928163431448e-02
3.326767928163431448e-02
3.326767928163431448e-02
3.326767928163431448e-02
3.326767928163431448e-02
3.326767928163431448e-02
3.326767928163431448e-02
3.326767928163431448e-02
3.326767928163431448e-02
3.326767928163431448e-02
3.979385251717845046e-02
3.979385251717845046e-02
3.979385251717845046e-02
3.979385251717845046e-02
3.979385251717845046e-02
6.948575195804658315e-03
7.117320055091836805e-04
7.117320055091836805e-04
7.117320055091836805e-04
7.117320055091836805e-04
7.117320055091836805e-04
7.117320055091836805e-04
9.868132223389220262e-04
2.829910457956581662e-03
2.829910457956581662e-03
2.829910457956581662e-03
2.829910457956581662e-03
2.829910457956581662e-03
2.829910457956581662e-03
2.829910457956581662e-03
1.090195654639328389e-02
1.090195654639328389e-02
1.090195654639328389e-02
1.090195654639328389e-02
1.090195654639328389e-02
2.843480064980859548e-02
2.843480064980859548e-02
2.843480064980859548e-02
2.843480064980859548e-02
2.843480064980859548e-02
2.843480064980859548e-02
2.843480064980859548e-02
3.068861146576315480e-02
3.068861146576315480e-02
3.068861146576315480e-02
3.068861146576315480e-02
3.068861146576315480e-02
3.068861146576315480e-02
2.877699757674160794e-02
2.877699757674160794e-02
2.877699757674160794e-02
2.877699757674160794e-02
2.877699757674160794e-02
2.877699757674160794e-02
4.793344083984708674e-03
1.566947547418307257e-03
1.566947547418307257e-03
1.566947547418307257e-03
1.566947547418307257e-03
1.566947547418307257e-03
4.658602110864403650e-02
4.118206605193051872e-02
4.118206605193051872e-02
4.118206605193051872e-02
4.118206605193051872e-02
4.118206605193051872e-02
4.118206605193051872e-02
4.118206605193051872e-02
4.118206605193051872e-02
3.348454075229456706e-02
3.348454075229456706e-02
3.348454075229456706e-02
3.348454075229456706e-02
3.348454075229456706e-02
3.348454075229456706e-02
4.197188162186795551e-02
3.301247948819771572e-02
3.301247948819771572e-02
3.301247948819771572e-02
3.301247948819771572e-02
3.301247948819771572e-02
3.301247948819771572e-02
3.301247948819771572e-02
2.469197362208296574e-03
2.469197362208296574e-03
2.469197362208296574e-03
2.469197362208296574e-03
2.469197362208296574e-03
2.469197362208296574e-03
2.469197362208296574e-03
2.469197362208296574e-03
2.469197362208296574e-03
8.769808545748547512e-03
8.769808545748547512e-03
8.769808545748547512e-03
8.769808545748547512e-03
8.769808545748547512e-03
8.769808545748547512e-03
8.769808545748547512e-03
1.425945518502319195e-02
1.425945518502319195e-02
1.425945518502319195e-02
1.425945518502319195e-02
3.381190599645620548e-02
3.810999494749695883e-03
3.810999494749695883e-03
3.810999494749695883e-03
3.810999494749695883e-03
3.810999494749695883e-03
3.810999494749695883e-03
3.810999494749695883e-03
3.810999494749695883e-03
3.810999494749695883e-03
2.225767122905916370e-02
2.225767122905916370e-02
2.225767122905916370e-02
2.225767122905916370e-02
2.225767122905916370e-02
2.175669553159437566e-02
2.175669553159437566e-02
2.175669553159437566e-02
2.175669553159437566e-02
2.175669553159437566e-02
2.175669553159437566e-02
2.175669553159437566e-02
2.175669553159437566e-02
2.175669553159437566e-02
2.175669553159437566e-02
2.175669553159437566e-02
2.175669553159437566e-02
2.175669553159437566e-02
2.927825804618149411e-02
2.927825804618149411e-02
2.927825804618149411e-02
2.927825804618149411e-02
2.927825804618149411e-02
2.568216691518558636e-02
2.568216691518558636e-02
2.568216691518558636e-02
1.373026950531675699e-02
3.743183016616082742e-02
3.743183016616082742e-02
3.743183016616082742e-02
3.743183016616082742e-02
3.743183016616082742e-02
3.743183016616082742e-02
3.743183016616082742e-02
3.743183016616082742e-02
3.743183016616082742e-02
1.959481225871976401e-02
1.959481225871976401e-02
1.959481225871976401e-02
1.959481225871976401e-02
1.959481225871976401e-02
1.959481225871976401e-02
1.959481225871976401e-02
1.959481225871976401e-02
1.959481225871976401e-02
1.959481225871976401e-02
1.959481225871976401e-02
1.959481225871976401e-02
1.959481225871976401e-02
3.669075402406103692e-02
3.669075402406103692e-02
3.669075402406103692e-02
3.669075402406103692e-02
3.669075402406103692e-02
1.579040846026248668e-02
1.579040846026248668e-02
1.579040846026248668e-02
1.579040846026248668e-02
1.579040846026248668e-02
1.786817086722972125e-02
1.786817086722972125e-02
1.786817086722972125e-02
1.786817086722972125e-02
1.786817086722972125e-02
1.786817086722972125e-02
1.786817086722972125e-02
1.786817086722972125e-02
1.786817086722972125e-02
3.192494860660589212e-02
3.192494860660589212e-02
3.192494860660589212e-02
3.192494860660589212e-02
3.192494860660589212e-02
3.192494860660589212e-02
1.117325276091636448e-02
1.117325276091636448e-02
1.117325276091636448e-02
3.392457613663512478e-02
8.240429190370882756e-03
8.240429190370882756e-03
8.240429190370882756e-03
8.240429190370882756e-03
8.240429190370882756e-03
8.240429190370882756e-03
8.240429190370882756e-03
8.240429190370882756e-03
8.240429190370882756e-03
8.240429190370882756e-03
1.518419845380256789e-02
1.518419845380256789e-02
1.518419845380256789e-02
1.518419845380256789e-02
1.518419845380256789e-02
5.543941046591449595e-03
5.543941046591449595e-03
5.543941046591449595e-03
5.543941046591449595e-03
3.907538165004037500e-02
1.291562355914346004e-02
1.291562355914346004e-02
1.291562355914346004e-02
1.291562355914346004e-02
1.291562355914346004e-02
2.240048804522587478e-02
1.270987645820996666e-02
1.270987645820996666e-02
1.270987645820996666e-02
1.270987645820996666e-02
1.270987645820996666e-02
1.270987645820996666e-02
1.270987645820996666e-02
2.248098858045234974e-02
8.976412529301971630e-03
8.976412529301971630e-03
8.976412529301971630e-03
8.976412529301971630e-03
8.976412529301971630e-03
8.976412529301971630e-03
8.976412529301971630e-03
8.976412529301971630e-03
2.309055922124816917e-02
1.224447678562619671e-02
1.224447678562619671e-02
1.224447678562619671e-02
1.224447678562619671e-02
1.224447678562619671e-02
1.224447678562619671e-02
1.224447678562619671e-02
1.224447678562619671e-02
6.222677357432693929e-03
6.222677357432693929e-03
6.222677357432693929e-03
6.222677357432693929e-03
4.134786623160211644e-02
7.868079620837568899e-03
7.868079620837568899e-03
7.868079620837568899e-03
7.868079620837568899e-03
3.343099693847888937e-02
1.240502040367528515e-02
1.240502040367528515e-02
1.240502040367528515e-02
1.240502040367528515e-02
1.240502040367528515e-02
2.522528218523873572e-02
2.178432731578775535e-03
2.178432731578775535e-03
2.178432731578775535e-03
2.178432731578775535e-03
2.178432731578775535e-03
2.178432731578775535e-03
2.178432731578775535e-03
2.506212996932582690e-02
7.261740692710210408e-03
7.261740692710210408e-03
7.261740692710210408e-03
7.261740692710210408e-03
7.261740692710210408e-03
7.261740692710210408e-03
7.261740692710210408e-03
1.142479611982470493e-02
1.789986554997117021e-02
1.789986554997117021e-02
1.789986554997117021e-02
1.789986554997117021e-02
1.789986554997117021e-02
1.789986554997117021e-02
1.789986554997117021e-02
3.206197461879516097e-02
3.206197461879516097e-02
3.206197461879516097e-02
8.600191711615708112e-02
8.600191711615708112e-02
8.600191711615708112e-02
8.600191711615708112e-02
8.600191711615708112e-02
7.520603861967273263e-02
7.520603861967273263e-02
7.520603861967273263e-02
7.520603861967273263e-02
8.164212165096335072e-02
8.164212165096335072e-02
8.164212165096335072e-02
8.164212165096335072e-02
5.690830062253940391e-02
5.690830062253940391e-02
5.690830062253940391e-02
5.690830062253940391e-02
5.690830062253940391e-02
5.690830062253940391e-02
5.690830062253940391e-02
5.690830062253940391e-02
5.690830062253940391e-02
5.690830062253940391e-02
5.344766348924399196e-02
5.344766348924399196e-02
5.344766348924399196e-02
5.344766348924399196e-02
5.344766348924399196e-02
5.344766348924399196e-02
5.344766348924399196e-02
5.344766348924399196e-02
5.344766348924399196e-02
5.344766348924399196e-02
5.344766348924399196e-02
5.344766348924399196e-02
5.344766348924399196e-02
5.344766348924399196e-02
5.989814053085265599e-02
5.989814053085265599e-02
5.989814053085265599e-02
5.989814053085265599e-02
5.989814053085265599e-02
5.989814053085265599e-02
5.989814053085265599e-02
5.989814053085265599e-02
5.989814053085265599e-02
5.989814053085265599e-02
5.631883599988737193e-02
5.631883599988737193e-02
5.631883599988737193e-02
5.631883599988737193e-02
5.548293934801118432e-02
5.548293934801118432e-02
5.548293934801118432e-02
5.548293934801118432e-02
5.548293934801118432e-02
5.548293934801118432e-02
5.548293934801118432e-02
5.548293934801118432e-02
5.728311192611900554e-02
5.728311192611900554e-02
5.728311192611900554e-02
7.218901011166944763e-03
7.218901011166944763e-03
7.218901011166944763e-03
7.218901011166944763e-03
7.218901011166944763e-03
7.218901011166944763e-03
7.218901011166944763e-03
7.218901011166944763e-03
7.218901011166944763e-03
7.218901011166944763e-03
7.218901011166944763e-03
7.218901011166944763e-03
7.218901011166944763e-03
7.218901011166944763e-03
7.218901011166944763e-03
7.218901011166944763e-03
7.218901011166944763e-03
7.218901011166944763e-03
7.218901011166944763e-03
7.218901011166944763e-03
7.218901011166944763e-03
7.218901011166944763e-03
7.218901011166944763e-03
2.497340122879777337e-03
2.497340122879777337e-03
2.497340122879777337e-03
2.497340122879777337e-03
2.497340122879777337e-03
2.497340122879777337e-03
2.497340122879777337e-03
2.497340122879777337e-03
2.497340122879777337e-03
2.497340122879777337e-03
2.497340122879777337e-03
2.497340122879777337e-03
2.497340122879777337e-03
1.792780910174353662e-02
1.792780910174353662e-02
1.792780910174353662e-02
1.792780910174353662e-02
1.792780910174353662e-02
1.792780910174353662e-02
1.792780910174353662e-02
1.792780910174353662e-02
8.478697094311208465e-03
8.478697094311208465e-03
8.478697094311208465e-03
8.478697094311208465e-03
8.478697094311208465e-03
8.478697094311208465e-03
8.478697094311208465e-03
8.478697094311208465e-03
8.478697094311208465e-03
8.478697094311208465e-03
8.478697094311208465e-03
8.478697094311208465e-03
8.478697094311208465e-03
8.478697094311208465e-03
8.478697094311208465e-03
8.478697094311208465e-03
8.478697094311208465e-03
8.478697094311208465e-03
8.478697094311208465e-03
8.478697094311208465e-03
8.478697094311208465e-03
8.478697094311208465e-03
8.478697094311208465e-03
8.478697094311208465e-03
8.478697094311208465e-03
8.478697094311208465e-03
4.794401271576236023e-02
4.794401271576236023e-02
4.794401271576236023e-02
4.794401271576236023e-02
2.198708142200265364e-02
2.198708142200265364e-02
2.198708142200265364e-02
2.198708142200265364e-02
3.204622349261746633e-02
3.204622349261746633e-02
3.204622349261746633e-02
3.204622349261746633e-02
4.877909253484719043e-02
4.877909253484719043e-02
4.877909253484719043e-02
1.772200517484692761e-02
1.772200517484692761e-02
1.772200517484692761e-02
1.772200517484692761e-02
1.772200517484692761e-02
1.772200517484692761e-02
1.772200517484692761e-02
1.772200517484692761e-02
1.772200517484692761e-02
1.772200517484692761e-02
1.772200517484692761e-02
1.772200517484692761e-02
1.772200517484692761e-02
1.598473787674578248e-02
1.598473787674578248e-02
1.598473787674578248e-02
1.598473787674578248e-02
1.598473787674578248e-02
1.598473787674578248e-02
1.598473787674578248e-02
1.598473787674578248e-02
1.598473787674578248e-02
1.598473787674578248e-02
6.059718538371043454e-03
6.059718538371043454e-03
6.059718538371043454e-03
6.059718538371043454e-03
6.059718538371043454e-03
6.059718538371043454e-03
6.059718538371043454e-03
6.059718538371043454e-03
6.059718538371043454e-03
6.059718538371043454e-03
3.434985665314087971e-02
3.434985665314087971e-02
3.434985665314087971e-02
3.434985665314087971e-02
3.434985665314087971e-02
3.113352751327440326e-02
3.113352751327440326e-02
3.113352751327440326e-02
3.113352751327440326e-02
3.113352751327440326e-02
3.586274184512792257e-02
3.586274184512792257e-02
3.586274184512792257e-02
3.586274184512792257e-02
3.586274184512792257e-02
3.014702762180423642e-02
3.014702762180423642e-02
3.014702762180423642e-02
3.014702762180423642e-02
3.014702762180423642e-02
6.203819733897811273e-02
6.203819733897811273e-02
6.203819733897811273e-02
6.203819733897811273e-02
6.203819733897811273e-02
6.203819733897811273e-02
6.203819733897811273e-02
6.203819733897811273e-02
6.203819733897811273e-02
6.203819733897811273e-02
3.365503015351637567e-02
3.365503015351637567e-02
3.365503015351637567e-02
4.186488425702793864e-02
4.186488425702793864e-02
4.186488425702793864e-02
4.186488425702793864e-02
4.186488425702793864e-02
3.048932738099817408e-02
3.048932738099817408e-02
3.048932738099817408e-02
3.048932738099817408e-02
3.048932738099817408e-02
4.777023243674292929e-02
4.777023243674292929e-02
4.777023243674292929e-02
4.777023243674292929e-02
4.777023243674292929e-02
4.777023243674292929e-02
4.777023243674292929e-02
4.777023243674292929e-02
4.777023243674292929e-02
4.777023243674292929e-02
1.617171906022061081e-02
1.617171906022061081e-02
1.617171906022061081e-02
1.617171906022061081e-02
1.617171906022061081e-02
1.617171906022061081e-02
1.617171906022061081e-02
1.617171906022061081e-02
1.617171906022061081e-02
1.617171906022061081e-02
1.617171906022061081e-02
2.281149082794155236e-02
2.281149082794155236e-02
2.281149082794155236e-02
2.281149082794155236e-02
2.281149082794155236e-02
2.281149082794155236e-02
2.281149082794155236e-02
2.281149082794155236e-02
2.281149082794155236e-02
2.238316570279627951e-02
2.238316570279627951e-02
2.238316570279627951e-02
2.238316570279627951e-02
2.238316570279627951e-02
2.238316570279627951e-02
2.238316570279627951e-02
2.238316570279627951e-02
1.786657591702419876e-02
1.786657591702419876e-02
1.786657591702419876e-02
1.786657591702419876e-02
1.786657591702419876e-02
1.786657591702419876e-02
1.786657591702419876e-02
1.786657591702419876e-02
1.786657591702419876e-02
1.786657591702419876e-02
1.786657591702419876e-02
1.786657591702419876e-02
2.064978837961063685e-02
2.064978837961063685e-02
2.064978837961063685e-02
2.064978837961063685e-02
2.867754505815473670e-02
2.867754505815473670e-02
2.867754505815473670e-02
2.867754505815473670e-02
2.867754505815473670e-02
2.867754505815473670e-02
2.867754505815473670e-02
2.867754505815473670e-02
2.867754505815473670e-02
2.867754505815473670e-02
2.867754505815473670e-02
2.867754505815473670e-02
2.867754505815473670e-02
2.867754505815473670e-02
1.082298891635467310e-02
1.082298891635467310e-02
1.082298891635467310e-02
1.082298891635467310e-02
1.082298891635467310e-02
1.082298891635467310e-02
1.082298891635467310e-02
1.082298891635467310e-02
1.082298891635467310e-02
1.082298891635467310e-02
1.082298891635467310e-02
1.082298891635467310e-02
1.082298891635467310e-02
1.082298891635467310e-02
1.082298891635467310e-02
1.082298891635467310e-02
1.082298891635467310e-02
1.082298891635467310e-02
1.082298891635467310e-02
1.082298891635467310e-02
1.082298891635467310e-02
1.082298891635467310e-02
1.082298891635467310e-02
1.082298891635467310e-02
1.082298891635467310e-02
1.082298891635467310e-02
1.082298891635467310e-02
1.082298891635467310e-02
1.082298891635467310e-02
1.082298891635467310e-02
1.547276714677881665e-02
1.547276714677881665e-02
1.547276714677881665e-02
2.117618450127197165e-03
2.117618450127197165e-03
2.117618450127197165e-03
6.429460979615041205e-02
6.429460979615041205e-02
6.429460979615041205e-02
6.429460979615041205e-02
6.429460979615041205e-02
6.429460979615041205e-02
6.429460979615041205e-02
6.175283848546114784e-02
6.175283848546114784e-02
6.175283848546114784e-02
6.175283848546114784e-02
6.175283848546114784e-02
6.175283848546114784e-02
6.175283848546114784e-02
6.587794813995782872e-02
6.587794813995782872e-02
6.587794813995782872e-02
6.587794813995782872e-02
6.587794813995782872e-02
6.587794813995782872e-02
6.587794813995782872e-02
6.587794813995782872e-02
5.813012701382789388e-02
5.813012701382789388e-02
5.813012701382789388e-02
5.813012701382789388e-02
5.813012701382789388e-02
5.813012701382789388e-02
5.813012701382789388e-02
6.271647888127478143e-02
6.271647888127478143e-02
6.271647888127478143e-02
6.271647888127478143e-02
6.271647888127478143e-02
6.271647888127478143e-02
6.271647888127478143e-02
6.271647888127478143e-02
6.271647888127478143e-02
6.271647888127478143e-02
6.271647888127478143e-02
6.271647888127478143e-02
2.222071892959239653e-02
2.222071892959239653e-02
2.222071892959239653e-02
2.222071892959239653e-02
2.222071892959239653e-02
2.222071892959239653e-02
2.222071892959239653e-02
2.222071892959239653e-02
4.457082948592667321e-02
4.457082948592667321e-02
4.457082948592667321e-02
4.457082948592667321e-02
4.457082948592667321e-02
4.457082948592667321e-02
4.457082948592667321e-02
4.457082948592667321e-02
4.457082948592667321e-02
4.457082948592667321e-02
4.457082948592667321e-02
4.457082948592667321e-02
2.674885134596365413e-02
2.674885134596365413e-02
2.674885134596365413e-02
3.696390321697057973e-02
3.696390321697057973e-02
3.696390321697057973e-02
3.696390321697057973e-02
3.696390321697057973e-02
2.639143725732907148e-02
2.639143725732907148e-02
2.639143725732907148e-02
2.639143725732907148e-02
2.639143725732907148e-02
3.100520959943604826e-02
3.100520959943604826e-02
3.100520959943604826e-02
3.100520959943604826e-02
3.100520959943604826e-02
8.021216991655190365e-02
8.021216991655190365e-02
8.021216991655190365e-02
1.652387340684223146e-02
1.652387340684223146e-02
1.652387340684223146e-02
1.652387340684223146e-02
1.652387340684223146e-02
4.188112257126141297e-02
4.188112257126141297e-02
4.188112257126141297e-02
4.188112257126141297e-02
4.188112257126141297e-02
4.188112257126141297e-02
4.188112257126141297e-02
5.718247318925268746e-02
5.718247318925268746e-02
5.718247318925268746e-02
5.718247318925268746e-02
5.718247318925268746e-02
5.718247318925268746e-02
5.718247318925268746e-02
5.718247318925268746e-02
5.718247318925268746e-02
5.718247318925268746e-02
5.718247318925268746e-02
5.718247318925268746e-02
5.718247318925268746e-02
5.718247318925268746e-02
3.188935106647929757e-02
3.188935106647929757e-02
3.188935106647929757e-02
3.188935106647929757e-02
3.188935106647929757e-02
3.188935106647929757e-02
3.188935106647929757e-02
3.188935106647929757e-02
3.188935106647929757e-02
3.188935106647929757e-02
3.188935106647929757e-02
6.114028493721580110e-02
6.114028493721580110e-02
6.114028493721580110e-02
6.114028493721580110e-02
6.114028493721580110e-02
6.114028493721580110e-02
6.114028493721580110e-02
6.114028493721580110e-02
6.114028493721580110e-02
6.114028493721580110e-02
6.114028493721580110e-02
6.114028493721580110e-02
6.114028493721580110e-02
6.114028493721580110e-02
2.353805771055382870e-02
2.353805771055382870e-02
2.353805771055382870e-02
1.783359177970298207e-02
1.783359177970298207e-02
1.783359177970298207e-02
4.493054943148284963e-03
4.493054943148284963e-03
4.493054943148284963e-03
4.493054943148284963e-03
6.206798082725208110e-02
6.206798082725208110e-02
6.206798082725208110e-02
6.206798082725208110e-02
6.206798082725208110e-02
6.206798082725208110e-02
5.669676013001049425e-02
5.669676013001049425e-02
5.669676013001049425e-02
5.669676013001049425e-02
5.669676013001049425e-02
5.669676013001049425e-02
6.009172766573262631e-02
6.009172766573262631e-02
6.009172766573262631e-02
6.009172766573262631e-02
6.009172766573262631e-02
6.009172766573262631e-02
6.009172766573262631e-02
6.009172766573262631e-02
6.009172766573262631e-02
6.009172766573262631e-02
6.009172766573262631e-02
3.579538003251839240e-02
3.579538003251839240e-02
3.579538003251839240e-02
3.579538003251839240e-02
3.579538003251839240e-02
3.579538003251839240e-02
1.853858264178762094e-02
1.853858264178762094e-02
1.853858264178762094e-02
1.853858264178762094e-02
1.853858264178762094e-02
1.853858264178762094e-02
1.853858264178762094e-02
1.853858264178762094e-02
1.925713184461754976e-02
1.925713184461754976e-02
1.925713184461754976e-02
1.925713184461754976e-02
1.925713184461754976e-02
1.925713184461754976e-02
1.925713184461754976e-02
1.925713184461754976e-02
1.925713184461754976e-02
1.925713184461754976e-02
1.925713184461754976e-02
1.925713184461754976e-02
1.925713184461754976e-02
1.316258921714144429e-02
1.316258921714144429e-02
1.316258921714144429e-02
1.316258921714144429e-02
4.515298333595269692e-02
4.515298333595269692e-02
4.515298333595269692e-02
4.515298333595269692e-02
4.515298333595269692e-02
4.515298333595269692e-02
4.515298333595269692e-02
4.515298333595269692e-02
4.515298333595269692e-02
4.515298333595269692e-02
4.515298333595269692e-02
4.515298333595269692e-02
3.233595057320712285e-02
3.233595057320712285e-02
3.233595057320712285e-02
3.233595057320712285e-02
2.743154345793159116e-02
2.743154345793159116e-02
2.743154345793159116e-02
2.743154345793159116e-02
3.004422551983262912e-02
3.004422551983262912e-02
3.004422551983262912e-02
3.004422551983262912e-02
5.111108382238013087e-02
5.111108382238013087e-02
5.111108382238013087e-02
5.111108382238013087e-02
5.111108382238013087e-02
5.111108382238013087e-02
5.111108382238013087e-02
5.111108382238013087e-02
5.111108382238013087e-02
5.111108382238013087e-02
5.111108382238013087e-02
5.111108382238013087e-02
5.111108382238013087e-02
4.876986780216089473e-02
4.876986780216089473e-02
4.876986780216089473e-02
4.876986780216089473e-02
4.876986780216089473e-02
4.876986780216089473e-02
3.446352275816386146e-02
3.446352275816386146e-02
3.446352275816386146e-02
3.446352275816386146e-02
3.446352275816386146e-02
1.135464188237364849e-02
1.135464188237364849e-02
1.135464188237364849e-02
4.106840297568632725e-02
4.106840297568632725e-02
4.106840297568632725e-02
4.106840297568632725e-02
4.106840297568632725e-02
4.106840297568632725e-02
4.106840297568632725e-02
4.106840297568632725e-02
4.106840297568632725e-02
4.106840297568632725e-02
4.106840297568632725e-02
7.265463264265763221e-02
7.265463264265763221e-02
7.265463264265763221e-02
7.265463264265763221e-02
1.561291330291074766e-02
1.561291330291074766e-02
1.561291330291074766e-02
1.561291330291074766e-02
2.014158907377741267e-02
2.014158907377741267e-02
2.014158907377741267e-02
2.014158907377741267e-02
2.014158907377741267e-02
2.014158907377741267e-02
3.843616887735865767e-02
3.843616887735865767e-02
3.843616887735865767e-02
3.843616887735865767e-02
3.843616887735865767e-02
3.843616887735865767e-02
3.843616887735865767e-02
5.710987307662732104e-02
5.710987307662732104e-02
5.710987307662732104e-02
5.710987307662732104e-02
5.710987307662732104e-02
5.710987307662732104e-02
5.710987307662732104e-02
5.710987307662732104e-02
5.710987307662732104e-02
5.710987307662732104e-02
5.710987307662732104e-02
5.710987307662732104e-02
5.710987307662732104e-02
5.710987307662732104e-02
5.710987307662732104e-02
5.710987307662732104e-02
5.710987307662732104e-02
5.710987307662732104e-02
5.710987307662732104e-02
5.710987307662732104e-02
5.710987307662732104e-02
5.710987307662732104e-02
2.002307376604839026e-02
2.002307376604839026e-02
2.002307376604839026e-02
2.002307376604839026e-02
2.002307376604839026e-02
2.002307376604839026e-02
3.906860343638555305e-02
3.906860343638555305e-02
3.906860343638555305e-02
3.906860343638555305e-02
3.906860343638555305e-02
5.815023427788670873e-02
5.815023427788670873e-02
5.815023427788670873e-02
5.815023427788670873e-02
5.815023427788670873e-02
5.815023427788670873e-02
5.815023427788670873e-02
5.815023427788670873e-02
5.815023427788670873e-02
5.815023427788670873e-02
5.815023427788670873e-02
5.815023427788670873e-02
5.815023427788670873e-02
5.815023427788670873e-02
5.815023427788670873e-02
5.815023427788670873e-02
5.815023427788670873e-02
5.815023427788670873e-02
5.815023427788670873e-02
5.815023427788670873e-02
5.815023427788670873e-02
2.323936198194508779e-02
2.323936198194508779e-02
2.323936198194508779e-02
2.323936198194508779e-02
2.323936198194508779e-02
2.323936198194508779e-02
2.323936198194508779e-02
3.421140830685454742e-02
3.421140830685454742e-02
3.421140830685454742e-02
3.421140830685454742e-02
3.421140830685454742e-02
5.194805865410313805e-02
5.194805865410313805e-02
5.194805865410313805e-02
5.194805865410313805e-02
5.194805865410313805e-02
5.194805865410313805e-02
5.194805865410313805e-02
5.194805865410313805e-02
5.194805865410313805e-02
5.194805865410313805e-02
5.194805865410313805e-02
5.194805865410313805e-02
5.194805865410313805e-02
5.194805865410313805e-02
5.194805865410313805e-02
5.194805865410313805e-02
5.194805865410313805e-02
5.194805865410313805e-02
5.194805865410313805e-02
5.194805865410313805e-02
5.194805865410313805e-02
5.194805865410313805e-02
5.194805865410313805e-02
9.206319639157651419e-03
9.206319639157651419e-03
9.206319639157651419e-03
9.206319639157651419e-03
9.206319639157651419e-03
9.206319639157651419e-03
9.206319639157651419e-03
9.206319639157651419e-03
9.206319639157651419e-03
9.206319639157651419e-03
9.112064099220379756e-03
9.112064099220379756e-03
9.112064099220379756e-03
9.112064099220379756e-03
9.112064099220379756e-03
9.112064099220379756e-03
9.112064099220379756e-03
9.112064099220379756e-03
9.112064099220379756e-03
9.112064099220379756e-03
1.037479273020489555e-02
1.037479273020489555e-02
1.037479273020489555e-02
1.037479273020489555e-02
1.037479273020489555e-02
1.037479273020489555e-02
1.037479273020489555e-02
1.037479273020489555e-02
1.037479273020489555e-02
1.037479273020489555e-02
2.209547323655633097e-02
2.209547323655633097e-02
2.209547323655633097e-02
2.209547323655633097e-02
2.209547323655633097e-02
2.209547323655633097e-02
2.209547323655633097e-02
2.209547323655633097e-02
2.209547323655633097e-02
1.441142666875842859e-02
1.441142666875842859e-02
1.441142666875842859e-02
1.441142666875842859e-02
2.770713138508446027e-02
2.770713138508446027e-02
2.770713138508446027e-02
2.770713138508446027e-02
2.999682944326248837e-02
2.999682944326248837e-02
2.999682944326248837e-02
2.999682944326248837e-02
2.999682944326248837e-02
4.512814896031785289e-02
4.512814896031785289e-02
4.512814896031785289e-02
4.512814896031785289e-02
4.902472058634581992e-02
4.902472058634581992e-02
4.902472058634581992e-02
4.902472058634581992e-02
4.902472058634581992e-02
4.902472058634581992e-02
4.902472058634581992e-02
4.902472058634581992e-02
4.902472058634581992e-02
4.902472058634581992e-02
4.902472058634581992e-02
4.902472058634581992e-02
4.902472058634581992e-02
4.902472058634581992e-02
4.902472058634581992e-02
5.974850385207071402e-02
5.974850385207071402e-02
5.974850385207071402e-02
5.974850385207071402e-02
5.974850385207071402e-02
5.974850385207071402e-02
5.974850385207071402e-02
5.974850385207071402e-02
5.974850385207071402e-02
5.974850385207071402e-02
5.974850385207071402e-02
3.513691613967763472e-02
3.513691613967763472e-02
3.513691613967763472e-02
5.677771926462336916e-02
5.677771926462336916e-02
5.677771926462336916e-02
5.677771926462336916e-02
5.677771926462336916e-02
5.677771926462336916e-02
5.677771926462336916e-02
5.677771926462336916e-02
5.677771926462336916e-02
5.677771926462336916e-02
5.677771926462336916e-02
3.491541138183967136e-02
3.491541138183967136e-02
3.491541138183967136e-02
8.352886845515165859e-02
8.352886845515165859e-02
8.352886845515165859e-02
8.352886845515165859e-02
8.352886845515165859e-02
7.293974686026025167e-02
7.293974686026025167e-02
7.293974686026025167e-02
7.293974686026025167e-02
7.293974686026025167e-02
3.837141126439957972e-02
3.837141126439957972e-02
3.837141126439957972e-02
3.837141126439957972e-02
3.837141126439957972e-02
3.837141126439957972e-02
3.837141126439957972e-02
3.837141126439957972e-02
3.837141126439957972e-02
3.837141126439957972e-02
3.837141126439957972e-02
3.837141126439957972e-02
3.837141126439957972e-02
3.837141126439957972e-02
3.837141126439957972e-02
3.837141126439957972e-02
3.837141126439957972e-02
6.920216437881793626e-04
6.920216437881793626e-04
6.920216437881793626e-04
6.920216437881793626e-04
6.920216437881793626e-04
6.920216437881793626e-04
6.920216437881793626e-04
4.845934566468576565e-03
4.845934566468576565e-03
4.845934566468576565e-03
4.845934566468576565e-03
4.845934566468576565e-03
4.845934566468576565e-03
4.845934566468576565e-03
4.845934566468576565e-03
4.845934566468576565e-03
4.845934566468576565e-03
4.845934566468576565e-03
4.845934566468576565e-03
1.662284575539835219e-02
1.662284575539835219e-02
1.662284575539835219e-02
4.009233545396575366e-02
4.009233545396575366e-02
4.009233545396575366e-02
4.009233545396575366e-02
4.009233545396575366e-02
4.009233545396575366e-02
4.009233545396575366e-02
4.009233545396575366e-02
4.009233545396575366e-02
4.009233545396575366e-02
4.009233545396575366e-02
4.009233545396575366e-02
4.009233545396575366e-02
4.009233545396575366e-02
4.009233545396575366e-02
4.009233545396575366e-02
4.009233545396575366e-02
4.009233545396575366e-02
3.712845476629876573e-02
3.712845476629876573e-02
3.712845476629876573e-02
3.712845476629876573e-02
3.712845476629876573e-02
3.712845476629876573e-02
3.712845476629876573e-02
3.712845476629876573e-02
3.712845476629876573e-02
3.712845476629876573e-02
3.712845476629876573e-02
3.712845476629876573e-02
3.712845476629876573e-02
3.712845476629876573e-02
3.712845476629876573e-02
3.712845476629876573e-02
3.712845476629876573e-02
3.712845476629876573e-02
1.936551233891399201e-02
1.936551233891399201e-02
1.936551233891399201e-02
1.936551233891399201e-02
1.936551233891399201e-02
1.936551233891399201e-02
1.936551233891399201e-02
1.936551233891399201e-02
1.936551233891399201e-02
1.936551233891399201e-02
1.936551233891399201e-02
1.936551233891399201e-02
1.936551233891399201e-02
1.936551233891399201e-02
1.936551233891399201e-02
1.936551233891399201e-02
1.936551233891399201e-02
1.936551233891399201e-02
1.936551233891399201e-02
1.936551233891399201e-02
1.936551233891399201e-02
1.936551233891399201e-02
1.936551233891399201e-02
1.936551233891399201e-02
1.936551233891399201e-02
3.230593290601485937e-03
3.230593290601485937e-03
3.230593290601485937e-03
8.133655408582733670e-03
8.133655408582733670e-03
8.133655408582733670e-03
8.133655408582733670e-03
8.133655408582733670e-03
8.133655408582733670e-03
8.133655408582733670e-03
8.133655408582733670e-03
8.133655408582733670e-03
8.133655408582733670e-03
8.005267941744402885e-03
8.005267941744402885e-03
8.005267941744402885e-03
8.005267941744402885e-03
8.005267941744402885e-03
8.005267941744402885e-03
8.005267941744402885e-03
8.005267941744402885e-03
8.005267941744402885e-03
8.005267941744402885e-03
8.005267941744402885e-03
8.005267941744402885e-03
2.029277303209693802e-03
2.029277303209693802e-03
2.029277303209693802e-03
2.029277303209693802e-03
2.029277303209693802e-03
2.029277303209693802e-03
2.029277303209693802e-03
2.029277303209693802e-03
2.029277303209693802e-03
2.029277303209693802e-03
2.029277303209693802e-03
2.029277303209693802e-03
2.029277303209693802e-03
2.029277303209693802e-03
9.075962168875940927e-03
9.075962168875940927e-03
9.075962168875940927e-03
1.108120857793660867e-02
1.108120857793660867e-02
1.108120857793660867e-02
1.108120857793660867e-02
1.108120857793660867e-02
4.756569264148115955e-02
4.756569264148115955e-02
4.756569264148115955e-02
4.756569264148115955e-02
4.756569264148115955e-02
4.756569264148115955e-02
1.512082500228963599e-03
1.512082500228963599e-03
1.512082500228963599e-03
1.512082500228963599e-03
1.512082500228963599e-03
1.512082500228963599e-03
1.512082500228963599e-03
1.512082500228963599e-03
1.512082500228963599e-03
1.512082500228963599e-03
1.512082500228963599e-03
1.512082500228963599e-03
1.935001184939579358e-02
1.935001184939579358e-02
1.935001184939579358e-02
1.935001184939579358e-02
1.935001184939579358e-02
1.935001184939579358e-02
1.935001184939579358e-02
1.935001184939579358e-02
1.935001184939579358e-02
1.935001184939579358e-02
5.639663370192521223e-03
5.639663370192521223e-03
5.639663370192521223e-03
5.639663370192521223e-03
5.639663370192521223e-03
5.639663370192521223e-03
5.639663370192521223e-03
5.639663370192521223e-03
5.639663370192521223e-03
5.639663370192521223e-03
4.594774200254601176e-02
4.594774200254601176e-02
4.594774200254601176e-02
3.806701252676373756e-03
3.806701252676373756e-03
3.806701252676373756e-03
3.806701252676373756e-03
3.806701252676373756e-03
5.697248817598486552e-03
5.697248817598486552e-03
5.697248817598486552e-03
5.697248817598486552e-03
3.019216013997972833e-03
3.019216013997972833e-03
3.019216013997972833e-03
3.019216013997972833e-03
3.019216013997972833e-03
1.264555484105720981e-02
1.264555484105720981e-02
1.264555484105720981e-02
1.264555484105720981e-02
4.805430764073447165e-03
4.805430764073447165e-03
4.805430764073447165e-03
4.805430764073447165e-03
2.514363462884900563e-02
2.514363462884900563e-02
2.514363462884900563e-02
2.514363462884900563e-02
3.119140701606988586e-02
3.119140701606988586e-02
3.119140701606988586e-02
3.119140701606988586e-02
3.119140701606988586e-02
1.346322039841164496e-03
1.346322039841164496e-03
1.346322039841164496e-03
1.346322039841164496e-03
1.346322039841164496e-03
1.346322039841164496e-03
1.346322039841164496e-03
1.346322039841164496e-03
1.346322039841164496e-03
1.346322039841164496e-03
1.346322039841164496e-03
1.346322039841164496e-03
1.346322039841164496e-03
1.346322039841164496e-03
6.047656210319308188e-03
6.047656210319308188e-03
6.047656210319308188e-03
6.047656210319308188e-03
6.047656210319308188e-03
6.047656210319308188e-03
6.047656210319308188e-03
6.047656210319308188e-03
6.047656210319308188e-03
2.141810468778503496e-03
2.141810468778503496e-03
2.141810468778503496e-03
2.141810468778503496e-03
2.141810468778503496e-03
2.141810468778503496e-03
2.141810468778503496e-03
2.141810468778503496e-03
1.796653268114988922e-04
1.796653268114988922e-04
1.796653268114988922e-04
1.796653268114988922e-04
1.796653268114988922e-04
1.796653268114988922e-04
1.429704419090115954e-02
1.429704419090115954e-02
1.429704419090115954e-02
1.429704419090115954e-02
1.429704419090115954e-02
1.429704419090115954e-02
5.750765816607330411e-02
5.750765816607330411e-02
5.750765816607330411e-02
5.750765816607330411e-02
5.750765816607330411e-02
5.750765816607330411e-02
5.750765816607330411e-02
5.753343799060335606e-02
5.753343799060335606e-02
5.753343799060335606e-02
5.753343799060335606e-02
5.753343799060335606e-02
5.753343799060335606e-02
5.753343799060335606e-02
5.753343799060335606e-02
5.631763889350591828e-02
5.631763889350591828e-02
5.631763889350591828e-02
9.797034316039865409e-02
9.797034316039865409e-02
9.797034316039865409e-02
7.071156444069115476e-02
7.071156444069115476e-02
7.071156444069115476e-02
9.964852212753565197e-02
9.964852212753565197e-02
9.964852212753565197e-02
9.078791542862041028e-03
9.078791542862041028e-03
9.078791542862041028e-03
9.078791542862041028e-03
3.408897558616939133e-02
3.408897558616939133e-02
3.408897558616939133e-02
2.272392571107595058e-02
2.272392571107595058e-02
2.272392571107595058e-02
2.272392571107595058e-02
2.272392571107595058e-02
2.272392571107595058e-02
1.905499682718325705e-02
1.905499682718325705e-02
1.905499682718325705e-02
1.905499682718325705e-02
1.905499682718325705e-02
1.905499682718325705e-02
4.983969742783066897e-02
4.983969742783066897e-02
4.983969742783066897e-02
5.086356453346278089e-02
5.086356453346278089e-02
5.086356453346278089e-02
5.086356453346278089e-02
5.086356453346278089e-02
5.086356453346278089e-02
8.519726990924469251e-03
8.519726990924469251e-03
8.519726990924469251e-03
1.732981977917132099e-02
1.732981977917132099e-02
1.732981977917132099e-02
1.650453157783821415e-02
1.650453157783821415e-02
1.650453157783821415e-02
1.650453157783821415e-02
8.727435779041954611e-03
8.727435779041954611e-03
8.727435779041954611e-03
8.727435779041954611e-03
7.422693151177906304e-03
7.422693151177906304e-03
7.422693151177906304e-03
7.422693151177906304e-03
7.422693151177906304e-03
1.301190691776264036e-02
1.301190691776264036e-02
1.301190691776264036e-02
1.301190691776264036e-02
1.301190691776264036e-02
5.119964980062286820e-03
5.119964980062286820e-03
5.119964980062286820e-03
5.119964980062286820e-03
5.119964980062286820e-03
6.323067441595034421e-02
6.323067441595034421e-02
6.323067441595034421e-02
6.323067441595034421e-02
6.323067441595034421e-02
6.323067441595034421e-02
6.323067441595034421e-02
6.323067441595034421e-02
6.323067441595034421e-02
5.558896177455515536e-02
5.558896177455515536e-02
5.558896177455515536e-02
5.558896177455515536e-02
5.558896177455515536e-02
5.558896177455515536e-02
5.558896177455515536e-02
5.558896177455515536e-02
5.710009209480362835e-02
5.710009209480362835e-02
5.710009209480362835e-02
5.799109417301574754e-02
5.799109417301574754e-02
5.799109417301574754e-02
5.799109417301574754e-02
5.799109417301574754e-02
5.799109417301574754e-02
5.339151364854612114e-02
5.339151364854612114e-02
5.339151364854612114e-02
5.339151364854612114e-02
5.339151364854612114e-02
5.339151364854612114e-02
5.339151364854612114e-02
6.945853877055836734e-02
6.945853877055836734e-02
6.945853877055836734e-02
6.945853877055836734e-02
6.945853877055836734e-02
6.945853877055836734e-02
6.945853877055836734e-02
5.149357535522465501e-02
5.149357535522465501e-02
5.149357535522465501e-02
5.149357535522465501e-02
8.548674570565981123e-02
8.548674570565981123e-02
8.548674570565981123e-02
2.242051831877923257e-02
2.242051831877923257e-02
2.242051831877923257e-02
1.098650703228020928e-02
1.098650703228020928e-02
1.098650703228020928e-02
1.098650703228020928e-02
1.098650703228020928e-02
1.098650703228020928e-02
1.098650703228020928e-02
1.098650703228020928e-02
1.098650703228020928e-02
1.098650703228020928e-02
1.098650703228020928e-02
1.098650703228020928e-02
1.098650703228020928e-02
1.098650703228020928e-02
1.098650703228020928e-02
1.098650703228020928e-02
1.098650703228020928e-02
1.098650703228020928e-02
1.098650703228020928e-02
1.098650703228020928e-02
1.098650703228020928e-02
1.098650703228020928e-02
1.098650703228020928e-02
1.098650703228020928e-02
1.098650703228020928e-02
1.344259404247700410e-03
1.344259404247700410e-03
1.344259404247700410e-03
1.344259404247700410e-03
1.344259404247700410e-03
1.344259404247700410e-03
1.344259404247700410e-03
1.344259404247700410e-03
1.344259404247700410e-03
1.344259404247700410e-03
9.365511242740042668e-04
9.365511242740042668e-04
9.365511242740042668e-04
9.365511242740042668e-04
9.365511242740042668e-04
9.365511242740042668e-04
9.365511242740042668e-04
9.078161092769929282e-04
9.078161092769929282e-04
9.078161092769929282e-04
9.078161092769929282e-04
9.078161092769929282e-04
9.078161092769929282e-04
3.011813537378382581e-03
3.011813537378382581e-03
3.011813537378382581e-03
3.011813537378382581e-03
3.011813537378382581e-03
1.356910666117936218e-02
1.356910666117936218e-02
1.356910666117936218e-02
1.356910666117936218e-02
1.356910666117936218e-02
3.319151046546954531e-02
3.319151046546954531e-02
3.319151046546954531e-02
5.394779854368356165e-02
5.394779854368356165e-02
5.394779854368356165e-02
5.394779854368356165e-02
9.181453343492806951e-02
9.181453343492806951e-02
9.181453343492806951e-02
9.181453343492806951e-02
9.181453343492806951e-02
8.494784472655746155e-02
8.494784472655746155e-02
8.494784472655746155e-02
8.494784472655746155e-02
8.494784472655746155e-02
8.494784472655746155e-02
7.467065629231693646e-02
7.467065629231693646e-02
7.467065629231693646e-02
7.467065629231693646e-02
7.467065629231693646e-02
1.510800706143666100e-02
1.510800706143666100e-02
1.510800706143666100e-02
1.510800706143666100e-02
1.510800706143666100e-02
4.753516694626580552e-02
4.753516694626580552e-02
4.753516694626580552e-02
4.988375111523236233e-02
4.988375111523236233e-02
4.988375111523236233e-02
9.401385335984702163e-02
9.401385335984702163e-02
9.401385335984702163e-02
6.277045341124160016e-02
6.277045341124160016e-02
6.277045341124160016e-02
9.216251708604759896e-02
9.216251708604759896e-02
9.216251708604759896e-02
5.972865262944714038e-02
5.972865262944714038e-02
5.972865262944714038e-02
5.972865262944714038e-02
5.972865262944714038e-02
6.153706877095564687e-03
6.153706877095564687e-03
6.153706877095564687e-03
6.153706877095564687e-03
6.153706877095564687e-03
6.153706877095564687e-03
6.153706877095564687e-03
6.153706877095564687e-03
6.153706877095564687e-03
6.153706877095564687e-03
6.153706877095564687e-03
6.153706877095564687e-03
6.153706877095564687e-03
6.153706877095564687e-03
6.153706877095564687e-03
6.153706877095564687e-03
6.153706877095564687e-03
6.153706877095564687e-03
6.153706877095564687e-03
6.153706877095564687e-03
6.153706877095564687e-03
6.153706877095564687e-03
6.153706877095564687e-03
7.966373066458630817e-03
7.966373066458630817e-03
7.966373066458630817e-03
7.966373066458630817e-03
7.966373066458630817e-03
7.966373066458630817e-03
7.966373066458630817e-03
7.966373066458630817e-03
7.966373066458630817e-03
7.966373066458630817e-03
7.966373066458630817e-03
7.966373066458630817e-03
7.966373066458630817e-03
7.966373066458630817e-03
7.966373066458630817e-03
7.966373066458630817e-03
7.966373066458630817e-03
7.966373066458630817e-03
7.966373066458630817e-03
7.966373066458630817e-03
7.966373066458630817e-03
7.966373066458630817e-03
7.966373066458630817e-03
7.966373066458630817e-03
7.966373066458630817e-03
1.486949875451184372e-02
1.486949875451184372e-02
1.486949875451184372e-02
1.486949875451184372e-02
1.486949875451184372e-02
1.486949875451184372e-02
1.389787519100712902e-02
1.389787519100712902e-02
1.389787519100712902e-02
1.389787519100712902e-02
1.389787519100712902e-02
1.389787519100712902e-02
1.903833653351059974e-02
1.903833653351059974e-02
1.903833653351059974e-02
1.903833653351059974e-02
1.903833653351059974e-02
1.903833653351059974e-02
1.903833653351059974e-02
1.903833653351059974e-02
1.903833653351059974e-02
1.903833653351059974e-02
1.903833653351059974e-02
1.903833653351059974e-02
1.903833653351059974e-02
1.903833653351059974e-02
1.998016039922462586e-02
1.998016039922462586e-02
1.998016039922462586e-02
1.998016039922462586e-02
1.998016039922462586e-02
1.998016039922462586e-02
1.998016039922462586e-02
1.998016039922462586e-02
1.998016039922462586e-02
1.998016039922462586e-02
1.998016039922462586e-02
1.998016039922462586e-02
1.998016039922462586e-02
1.561874749879494165e-02
1.561874749879494165e-02
1.561874749879494165e-02
1.561874749879494165e-02
1.561874749879494165e-02
1.561874749879494165e-02
1.561874749879494165e-02
1.561874749879494165e-02
1.561874749879494165e-02
1.561874749879494165e-02
1.561874749879494165e-02
1.561874749879494165e-02
1.561874749879494165e-02
1.561874749879494165e-02
1.561874749879494165e-02
1.561874749879494165e-02
8.403932174357719997e-02
8.403932174357719997e-02
8.403932174357719997e-02
8.403932174357719997e-02
8.403932174357719997e-02
8.180153169356477183e-02
8.180153169356477183e-02
8.180153169356477183e-02
8.180153169356477183e-02
8.180153169356477183e-02
8.180153169356477183e-02
1.619176603139964787e-03
1.619176603139964787e-03
1.619176603139964787e-03
1.619176603139964787e-03
1.055587330704096938e-01
1.055587330704096938e-01
1.055587330704096938e-01
1.055587330704096938e-01
1.055587330704096938e-01
6.071651050547566958e-03
6.071651050547566958e-03
6.071651050547566958e-03
6.071651050547566958e-03
6.071651050547566958e-03
6.071651050547566958e-03
6.071651050547566958e-03
6.071651050547566958e-03
6.071651050547566958e-03
6.071651050547566958e-03
6.071651050547566958e-03
6.071651050547566958e-03
6.071651050547566958e-03
6.071651050547566958e-03
6.071651050547566958e-03
6.071651050547566958e-03
6.071651050547566958e-03
6.071651050547566958e-03
6.071651050547566958e-03
6.071651050547566958e-03
6.071651050547566958e-03
6.071651050547566958e-03
6.071651050547566958e-03
5.162686462029433473e-03
5.162686462029433473e-03
5.162686462029433473e-03
5.162686462029433473e-03
5.162686462029433473e-03
5.162686462029433473e-03
5.162686462029433473e-03
5.162686462029433473e-03
5.162686462029433473e-03
5.162686462029433473e-03
5.162686462029433473e-03
5.162686462029433473e-03
5.162686462029433473e-03
5.162686462029433473e-03
5.162686462029433473e-03
5.162686462029433473e-03
5.162686462029433473e-03
5.162686462029433473e-03
5.162686462029433473e-03
5.162686462029433473e-03
5.162686462029433473e-03
5.162686462029433473e-03
5.162686462029433473e-03
5.162686462029433473e-03
7.320431841011535226e-03
7.320431841011535226e-03
7.320431841011535226e-03
7.320431841011535226e-03
7.320431841011535226e-03
7.320431841011535226e-03
7.320431841011535226e-03
7.320431841011535226e-03
7.320431841011535226e-03
7.320431841011535226e-03
7.320431841011535226e-03
7.320431841011535226e-03
7.320431841011535226e-03
7.320431841011535226e-03
1.470817201032598859e-02
1.470817201032598859e-02
1.470817201032598859e-02
1.470817201032598859e-02
1.470817201032598859e-02
1.470817201032598859e-02
1.470817201032598859e-02
1.470817201032598859e-02
1.470817201032598859e-02
1.470817201032598859e-02
1.470817201032598859e-02
1.470817201032598859e-02
1.470817201032598859e-02
1.470817201032598859e-02
1.470817201032598859e-02
1.470817201032598859e-02
8.756511505025552089e-02
8.756511505025552089e-02
8.756511505025552089e-02
9.901822102588077323e-02
9.901822102588077323e-02
9.901822102588077323e-02
9.901822102588077323e-02
9.901822102588077323e-02
9.901822102588077323e-02
9.901822102588077323e-02
9.901822102588077323e-02
7.747642530655221051e-03
7.747642530655221051e-03
7.747642530655221051e-03
1.085739998150396790e-01
1.085739998150396790e-01
1.085739998150396790e-01
5.468330442297310995e-02
5.468330442297310995e-02
5.468330442297310995e-02
5.468330442297310995e-02
1.014992681289217658e-01
1.014992681289217658e-01
1.014992681289217658e-01
2.616264386014561724e-02
2.616264386014561724e-02
2.616264386014561724e-02
2.616264386014561724e-02
2.616264386014561724e-02
2.616264386014561724e-02
2.616264386014561724e-02
2.616264386014561724e-02
2.616264386014561724e-02
2.616264386014561724e-02
2.616264386014561724e-02
2.616264386014561724e-02
2.616264386014561724e-02
2.616264386014561724e-02
2.616264386014561724e-02
2.616264386014561724e-02
2.616264386014561724e-02
2.616264386014561724e-02
2.616264386014561724e-02
2.616264386014561724e-02
2.616264386014561724e-02
1.939059704210042631e-02
1.939059704210042631e-02
1.939059704210042631e-02
1.939059704210042631e-02
1.939059704210042631e-02
1.939059704210042631e-02
1.939059704210042631e-02
1.939059704210042631e-02
1.939059704210042631e-02
1.939059704210042631e-02
1.939059704210042631e-02
1.939059704210042631e-02
1.939059704210042631e-02
1.939059704210042631e-02
1.939059704210042631e-02
1.939059704210042631e-02
1.939059704210042631e-02
1.939059704210042631e-02
1.939059704210042631e-02
1.939059704210042631e-02
1.939059704210042631e-02
6.752532828368455753e-02
6.752532828368455753e-02
6.752532828368455753e-02
6.040852907692787453e-03
6.040852907692787453e-03
6.040852907692787453e-03
6.040852907692787453e-03
6.040852907692787453e-03
6.040852907692787453e-03
6.040852907692787453e-03
6.040852907692787453e-03
1.559177829149923505e-02
2.875016891327184659e-02
2.875016891327184659e-02
2.875016891327184659e-02
2.875016891327184659e-02
2.875016891327184659e-02
2.875016891327184659e-02
2.875016891327184659e-02
2.875016891327184659e-02
2.875016891327184659e-02
2.875016891327184659e-02
2.875016891327184659e-02
2.875016891327184659e-02
2.875016891327184659e-02
2.875016891327184659e-02
2.875016891327184659e-02
2.875016891327184659e-02
2.875016891327184659e-02
2.875016891327184659e-02
2.875016891327184659e-02
2.310499541880722818e-02
1.658266318159316161e-02
1.658266318159316161e-02
1.658266318159316161e-02
1.658266318159316161e-02
1.497133489009941365e-02
1.497133489009941365e-02
1.497133489009941365e-02
1.497133489009941365e-02
4.480074135438999981e-03
1.193082954372740034e-02
1.193082954372740034e-02
1.193082954372740034e-02
1.193082954372740034e-02
2.679088466302618349e-02
2.679088466302618349e-02
2.679088466302618349e-02
2.679088466302618349e-02
4.697075752293215778e-02
3.202304168647051447e-02
3.202304168647051447e-02
3.202304168647051447e-02
3.202304168647051447e-02
6.198907660062594888e-02
6.198907660062594888e-02
6.198907660062594888e-02
5.211797705255052926e-02
5.211797705255052926e-02
5.211797705255052926e-02
8.434529322703766818e-02
8.434529322703766818e-02
8.434529322703766818e-02
8.434529322703766818e-02
8.434529322703766818e-02
8.164368653493532524e-02
8.164368653493532524e-02
8.164368653493532524e-02
8.164368653493532524e-02
8.164368653493532524e-02
1.558425178323017551e-02
2.230744100197615265e-02
2.230744100197615265e-02
2.230744100197615265e-02
2.230744100197615265e-02
2.230744100197615265e-02
2.230744100197615265e-02
2.230744100197615265e-02
2.230744100197615265e-02
2.230744100197615265e-02
2.230744100197615265e-02
2.230744100197615265e-02
2.230744100197615265e-02
2.230744100197615265e-02
2.230744100197615265e-02
2.230744100197615265e-02
2.230744100197615265e-02
2.230744100197615265e-02
2.230744100197615265e-02
2.230744100197615265e-02
2.230744100197615265e-02
2.230744100197615265e-02
2.230744100197615265e-02
2.230744100197615265e-02
2.230744100197615265e-02
2.230744100197615265e-02
1.466849428641515789e-02
2.030120426252010959e-02
2.030120426252010959e-02
1.857832633405492873e-02
1.944432888073980084e-02
1.944432888073980084e-02
4.047022643539095049e-02
4.047022643539095049e-02
4.047022643539095049e-02
5.000778608273848125e-02
5.000778608273848125e-02
5.000778608273848125e-02
5.000778608273848125e-02
5.000778608273848125e-02
5.582568770237306827e-02
5.582568770237306827e-02
5.582568770237306827e-02
9.004250074853761832e-02
9.004250074853761832e-02
9.004250074853761832e-02
9.004250074853761832e-02
2.264585790421668170e-03
2.264585790421668170e-03
2.264585790421668170e-03
2.264585790421668170e-03
5.022483571226779575e-02
5.022483571226779575e-02
5.022483571226779575e-02
8.924276807328700156e-02
8.924276807328700156e-02
8.924276807328700156e-02
6.554082711020397210e-03
6.554082711020397210e-03
6.554082711020397210e-03
6.554082711020397210e-03
6.554082711020397210e-03
4.386286240420324972e-02
4.386286240420324972e-02
4.386286240420324972e-02
4.386286240420324972e-02
4.386286240420324972e-02
4.088173798481305014e-03
4.088173798481305014e-03
4.088173798481305014e-03
4.088173798481305014e-03
1.034255708882277219e-01
1.034255708882277219e-01
1.034255708882277219e-01
5.994967336268666042e-03
5.994967336268666042e-03
5.994967336268666042e-03
4.982923365580479297e-02
4.982923365580479297e-02
4.982923365580479297e-02
4.982923365580479297e-02
8.281642857183922624e-02
8.281642857183922624e-02
8.281642857183922624e-02
8.281642857183922624e-02
8.281642857183922624e-02
2.478245074047634097e-02
2.519632689774075132e-02
2.519632689774075132e-02
2.519632689774075132e-02
2.519632689774075132e-02
2.519632689774075132e-02
2.519632689774075132e-02
2.519632689774075132e-02
2.519632689774075132e-02
2.519632689774075132e-02
2.519632689774075132e-02
2.519632689774075132e-02
2.519632689774075132e-02
2.519632689774075132e-02
2.519632689774075132e-02
2.519632689774075132e-02
2.519632689774075132e-02
2.519632689774075132e-02
2.519632689774075132e-02
2.519632689774075132e-02
2.519632689774075132e-02
2.519632689774075132e-02
2.519632689774075132e-02
2.519632689774075132e-02
7.179842557014804588e-03
7.179842557014804588e-03
7.179842557014804588e-03
7.179842557014804588e-03
7.179842557014804588e-03
7.179842557014804588e-03
2.400803206963487285e-02
7.572011309273119287e-03
7.572011309273119287e-03
1.863754678181633179e-02
1.863754678181633179e-02
1.863754678181633179e-02
1.863754678181633179e-02
2.076740311741777367e-02
2.076740311741777367e-02
2.076740311741777367e-02
8.673128608294823627e-02
8.673128608294823627e-02
8.673128608294823627e-02
1.016152146770414044e-01
1.016152146770414044e-01
1.016152146770414044e-01
1.016152146770414044e-01
1.016152146770414044e-01
1.016152146770414044e-01
1.016152146770414044e-01
7.736734369830147728e-02
7.736734369830147728e-02
7.736734369830147728e-02
7.736734369830147728e-02
7.736734369830147728e-02
1.213393573937190661e-01
1.213393573937190661e-01
1.213393573937190661e-01
1.213393573937190661e-01
1.213393573937190661e-01
1.213393573937190661e-01
1.213393573937190661e-01
1.213393573937190661e-01
7.347369477072981242e-03
7.347369477072981242e-03
7.347369477072981242e-03
7.347369477072981242e-03
7.347369477072981242e-03
1.125674176003978039e-01
1.125674176003978039e-01
1.125674176003978039e-01
1.185847462221147064e-01
1.185847462221147064e-01
1.185847462221147064e-01
1.185847462221147064e-01
1.185847462221147064e-01
1.185847462221147064e-01
1.185847462221147064e-01
8.211075746930309241e-03
8.211075746930309241e-03
8.211075746930309241e-03
8.211075746930309241e-03
8.211075746930309241e-03
1.078864375666324371e-01
1.078864375666324371e-01
1.078864375666324371e-01
1.078864375666324371e-01
1.078864375666324371e-01
8.739685988895636026e-02
8.739685988895636026e-02
8.739685988895636026e-02
8.739685988895636026e-02
8.739685988895636026e-02
8.739685988895636026e-02
8.739685988895636026e-02
8.739685988895636026e-02
8.739685988895636026e-02
1.141681588855277124e-01
1.141681588855277124e-01
1.141681588855277124e-01
1.141681588855277124e-01
3.693399615027516403e-02
3.693399615027516403e-02
3.693399615027516403e-02
3.693399615027516403e-02
3.693399615027516403e-02
3.693399615027516403e-02
3.693399615027516403e-02
3.693399615027516403e-02
3.693399615027516403e-02
3.693399615027516403e-02
3.665140473693142414e-02
3.665140473693142414e-02
3.665140473693142414e-02
3.665140473693142414e-02
3.665140473693142414e-02
3.665140473693142414e-02
3.665140473693142414e-02
3.665140473693142414e-02
3.665140473693142414e-02
3.665140473693142414e-02
3.665140473693142414e-02
3.271944612671859320e-02
3.271944612671859320e-02
3.271944612671859320e-02
3.271944612671859320e-02
3.271944612671859320e-02
3.271944612671859320e-02
3.271944612671859320e-02
3.271944612671859320e-02
3.271944612671859320e-02
4.292163504140815433e-02
4.292163504140815433e-02
4.292163504140815433e-02
4.292163504140815433e-02
4.767331988012846883e-02
4.767331988012846883e-02
4.767331988012846883e-02
4.767331988012846883e-02
4.767331988012846883e-02
7.730296890759706663e-02
7.730296890759706663e-02
7.730296890759706663e-02
7.730296890759706663e-02
7.730296890759706663e-02
1.072836872833531907e-01
1.072836872833531907e-01
1.072836872833531907e-01
1.072836872833531907e-01
7.663397850945809220e-02
7.663397850945809220e-02
7.663397850945809220e-02
7.663397850945809220e-02
7.663397850945809220e-02
7.663397850945809220e-02
2.112314061158587775e-02
2.112314061158587775e-02
2.112314061158587775e-02
2.112314061158587775e-02
2.112314061158587775e-02
2.112314061158587775e-02
2.112314061158587775e-02
2.112314061158587775e-02
2.112314061158587775e-02
2.112314061158587775e-02
2.112314061158587775e-02
2.112314061158587775e-02
2.112314061158587775e-02
2.112314061158587775e-02
2.112314061158587775e-02
2.112314061158587775e-02
2.112314061158587775e-02
2.112314061158587775e-02
2.112314061158587775e-02
2.112314061158587775e-02
2.189327652463274668e-02
2.189327652463274668e-02
2.189327652463274668e-02
2.189327652463274668e-02
2.189327652463274668e-02
2.189327652463274668e-02
2.189327652463274668e-02
2.189327652463274668e-02
2.189327652463274668e-02
2.189327652463274668e-02
2.189327652463274668e-02
2.189327652463274668e-02
2.189327652463274668e-02
2.189327652463274668e-02
2.189327652463274668e-02
2.189327652463274668e-02
2.189327652463274668e-02
2.189327652463274668e-02
5.364554597932785773e-02
4.310398001705018078e-02
4.310398001705018078e-02
4.310398001705018078e-02
9.122205703477063998e-02
9.122205703477063998e-02
9.122205703477063998e-02
1.944979628514135377e-03
1.944979628514135377e-03
1.944979628514135377e-03
1.944979628514135377e-03
8.113174757198288178e-02
8.113174757198288178e-02
8.113174757198288178e-02
8.113174757198288178e-02
1.302589140243029867e-02
1.302589140243029867e-02
1.302589140243029867e-02
1.302589140243029867e-02
1.302589140243029867e-02
1.302589140243029867e-02
1.302589140243029867e-02
1.302589140243029867e-02
1.302589140243029867e-02
1.302589140243029867e-02
1.302589140243029867e-02
1.869868902304898037e-02
1.869868902304898037e-02
1.869868902304898037e-02
1.869868902304898037e-02
1.869868902304898037e-02
1.869868902304898037e-02
1.869868902304898037e-02
1.869868902304898037e-02
1.869868902304898037e-02
1.869868902304898037e-02
1.869868902304898037e-02
1.869868902304898037e-02
1.869868902304898037e-02
1.869868902304898037e-02
1.869868902304898037e-02
1.869868902304898037e-02
1.869868902304898037e-02
1.869868902304898037e-02
1.296200550112002192e-01
1.296200550112002192e-01
1.296200550112002192e-01
1.296200550112002192e-01
1.296200550112002192e-01
8.598534790217141066e-02
8.598534790217141066e-02
8.598534790217141066e-02
1.139597365221643593e-01
1.139597365221643593e-01
1.139597365221643593e-01
1.139597365221643593e-01
1.139597365221643593e-01
8.157474280494618479e-02
8.157474280494618479e-02
8.157474280494618479e-02
1.248783128006582428e-02
1.248783128006582428e-02
1.248783128006582428e-02
1.248783128006582428e-02
1.248783128006582428e-02
1.248783128006582428e-02
1.248783128006582428e-02
1.248783128006582428e-02
1.248783128006582428e-02
1.248783128006582428e-02
5.081509277497693600e-02
5.081509277497693600e-02
5.081509277497693600e-02
1.396191114647680510e-02
1.396191114647680510e-02
1.396191114647680510e-02
1.396191114647680510e-02
4.241538233501603028e-02
4.241538233501603028e-02
4.241538233501603028e-02
4.241538233501603028e-02
2.567436772227378941e-02
5.812276026376235472e-02
5.812276026376235472e-02
5.812276026376235472e-02
5.812276026376235472e-02
5.812276026376235472e-02
5.812276026376235472e-02
5.812276026376235472e-02
5.812276026376235472e-02
5.812276026376235472e-02
5.812276026376235472e-02
5.812276026376235472e-02
5.812276026376235472e-02
5.812276026376235472e-02
5.812276026376235472e-02
5.812276026376235472e-02
5.812276026376235472e-02
5.812276026376235472e-02
5.812276026376235472e-02
5.812276026376235472e-02
5.812276026376235472e-02
5.812276026376235472e-02
2.091007517628086163e-02
3.384655072618624611e-02
3.384655072618624611e-02
3.384655072618624611e-02
3.384655072618624611e-02
3.384655072618624611e-02
3.384655072618624611e-02
3.384655072618624611e-02
6.010098024866386557e-02
6.010098024866386557e-02
6.010098024866386557e-02
6.010098024866386557e-02
6.010098024866386557e-02
6.010098024866386557e-02
6.010098024866386557e-02
6.010098024866386557e-02
6.010098024866386557e-02
6.010098024866386557e-02
6.010098024866386557e-02
6.010098024866386557e-02
6.010098024866386557e-02
6.010098024866386557e-02
2.800372077439472127e-02
2.800372077439472127e-02
2.800372077439472127e-02
2.800372077439472127e-02
2.800372077439472127e-02
2.800372077439472127e-02
2.800372077439472127e-02
1.919931086327609018e-02
5.850081306510849372e-02
5.850081306510849372e-02
5.850081306510849372e-02
5.850081306510849372e-02
5.850081306510849372e-02
5.850081306510849372e-02
5.850081306510849372e-02
5.850081306510849372e-02
5.850081306510849372e-02
5.850081306510849372e-02
5.850081306510849372e-02
5.850081306510849372e-02
5.850081306510849372e-02
5.850081306510849372e-02
5.850081306510849372e-02
5.850081306510849372e-02
5.850081306510849372e-02
5.850081306510849372e-02
5.850081306510849372e-02
5.850081306510849372e-02
6.349154823183557859e-03
2.724537157478081756e-02
2.724537157478081756e-02
2.724537157478081756e-02
2.724537157478081756e-02
2.724537157478081756e-02
2.724537157478081756e-02
1.770780812326317594e-02
5.814198534577114108e-02
5.814198534577114108e-02
5.814198534577114108e-02
5.814198534577114108e-02
5.814198534577114108e-02
5.814198534577114108e-02
5.814198534577114108e-02
5.814198534577114108e-02
5.814198534577114108e-02
5.814198534577114108e-02
5.814198534577114108e-02
5.814198534577114108e-02
5.814198534577114108e-02
5.814198534577114108e-02
5.814198534577114108e-02
5.814198534577114108e-02
1.192806659723329686e-02
6.039190154843389335e-02
6.039190154843389335e-02
6.039190154843389335e-02
6.039190154843389335e-02
6.039190154843389335e-02
6.039190154843389335e-02
6.039190154843389335e-02
6.039190154843389335e-02
6.039190154843389335e-02
6.039190154843389335e-02
6.039190154843389335e-02
6.039190154843389335e-02
6.039190154843389335e-02
6.039190154843389335e-02
6.039190154843389335e-02
6.039190154843389335e-02
6.039190154843389335e-02
6.039190154843389335e-02
6.039190154843389335e-02
1.676614635029878911e-02
1.031124276720181941e-02
1.031124276720181941e-02
1.031124276720181941e-02
1.031124276720181941e-02
1.031124276720181941e-02
1.031124276720181941e-02
1.031124276720181941e-02
1.953701030184649967e-02
8.283615996896485315e-04
8.283615996896485315e-04
8.283615996896485315e-04
8.283615996896485315e-04
8.283615996896485315e-04
8.283615996896485315e-04
2.202801476492409136e-02
1.995115088282173668e-03
1.995115088282173668e-03
1.995115088282173668e-03
1.995115088282173668e-03
1.995115088282173668e-03
1.995115088282173668e-03
1.995115088282173668e-03
7.917779774913394353e-02
7.917779774913394353e-02
7.917779774913394353e-02
7.917779774913394353e-02
7.917779774913394353e-02
7.888543977794748585e-02
7.888543977794748585e-02
7.888543977794748585e-02
7.888543977794748585e-02
7.888543977794748585e-02
7.888543977794748585e-02
4.181509833904876322e-02
4.181509833904876322e-02
4.181509833904876322e-02
4.181509833904876322e-02
4.181509833904876322e-02
4.181509833904876322e-02
2.221094879993161519e-02
5.068512880028017836e-02
5.068512880028017836e-02
5.068512880028017836e-02
5.068512880028017836e-02
5.068512880028017836e-02
5.068512880028017836e-02
5.068512880028017836e-02
5.068512880028017836e-02
5.068512880028017836e-02
5.068512880028017836e-02
5.068512880028017836e-02
5.068512880028017836e-02
5.068512880028017836e-02
5.068512880028017836e-02
5.068512880028017836e-02
5.068512880028017836e-02
5.068512880028017836e-02
1.505587142205428407e-02
1.164688850058346811e-02
1.164688850058346811e-02
1.164688850058346811e-02
1.164688850058346811e-02
1.164688850058346811e-02
1.164688850058346811e-02
1.504771073429583307e-02
5.719680384260372209e-03
5.719680384260372209e-03
5.719680384260372209e-03
5.719680384260372209e-03
5.719680384260372209e-03
5.719680384260372209e-03
5.719680384260372209e-03
5.719680384260372209e-03
7.227725554120811857e-02
7.227725554120811857e-02
7.227725554120811857e-02
7.227725554120811857e-02
7.227725554120811857e-02
7.227725554120811857e-02
7.227725554120811857e-02
4.548946579718683714e-02
4.548946579718683714e-02
4.548946579718683714e-02
4.548946579718683714e-02
4.548946579718683714e-02
4.548946579718683714e-02
4.548946579718683714e-02
4.548946579718683714e-02
4.548946579718683714e-02
4.548946579718683714e-02
4.548946579718683714e-02
5.478604020176681272e-02
5.478604020176681272e-02
5.478604020176681272e-02
5.478604020176681272e-02
5.478604020176681272e-02
5.478604020176681272e-02
5.478604020176681272e-02
5.478604020176681272e-02
5.478604020176681272e-02
7.847525170609026546e-02
7.847525170609026546e-02
7.847525170609026546e-02
7.847525170609026546e-02
7.847525170609026546e-02
7.847525170609026546e-02
7.847525170609026546e-02
7.847525170609026546e-02
7.537601142843651514e-02
7.537601142843651514e-02
7.537601142843651514e-02
7.537601142843651514e-02
7.537601142843651514e-02
7.537601142843651514e-02
7.537601142843651514e-02
7.537601142843651514e-02
7.537601142843651514e-02
7.369337691552867164e-02
7.369337691552867164e-02
7.369337691552867164e-02
7.369337691552867164e-02
7.369337691552867164e-02
7.369337691552867164e-02
7.369337691552867164e-02
7.369337691552867164e-02
7.369337691552867164e-02
7.340983128533060120e-02
7.340983128533060120e-02
7.340983128533060120e-02
7.340983128533060120e-02
7.340983128533060120e-02
7.340983128533060120e-02
7.340983128533060120e-02
7.340983128533060120e-02
7.340983128533060120e-02
7.340983128533060120e-02
5.562611534626649146e-02
5.562611534626649146e-02
5.562611534626649146e-02
5.562611534626649146e-02
5.562611534626649146e-02
5.562611534626649146e-02
5.562611534626649146e-02
5.562611534626649146e-02
5.562611534626649146e-02
5.562611534626649146e-02
6.624051225073065985e-02
6.624051225073065985e-02
6.624051225073065985e-02
6.624051225073065985e-02
6.624051225073065985e-02
6.624051225073065985e-02
6.624051225073065985e-02
6.624051225073065985e-02
6.624051225073065985e-02
6.624051225073065985e-02
1.921192215220492161e-02
1.921192215220492161e-02
1.921192215220492161e-02
1.921192215220492161e-02
5.590831710555695111e-02
5.590831710555695111e-02
5.590831710555695111e-02
5.590831710555695111e-02
5.590831710555695111e-02
5.590831710555695111e-02
5.590831710555695111e-02
5.590831710555695111e-02
5.590831710555695111e-02
5.590831710555695111e-02
5.590831710555695111e-02
1.724551659530893649e-02
1.724551659530893649e-02
1.724551659530893649e-02
1.724551659530893649e-02
4.505316392461498204e-02
4.505316392461498204e-02
4.505316392461498204e-02
4.505316392461498204e-02
4.505316392461498204e-02
4.505316392461498204e-02
4.199595893079055564e-02
4.199595893079055564e-02
4.199595893079055564e-02
4.199595893079055564e-02
4.199595893079055564e-02
3.588849996404464004e-02
3.588849996404464004e-02
3.588849996404464004e-02
3.588849996404464004e-02
3.588849996404464004e-02
5.073363781304301295e-02
5.073363781304301295e-02
5.073363781304301295e-02
5.073363781304301295e-02
5.073363781304301295e-02
5.073363781304301295e-02
5.073363781304301295e-02
5.073363781304301295e-02
5.073363781304301295e-02
5.073363781304301295e-02
5.073363781304301295e-02
5.073363781304301295e-02
5.073363781304301295e-02
5.073363781304301295e-02
5.073363781304301295e-02
5.073363781304301295e-02
5.073363781304301295e-02
4.564649433369635106e-02
4.564649433369635106e-02
4.564649433369635106e-02
4.564649433369635106e-02
4.564649433369635106e-02
4.564649433369635106e-02
4.564649433369635106e-02
4.564649433369635106e-02
4.564649433369635106e-02
4.564649433369635106e-02
4.564649433369635106e-02
4.564649433369635106e-02
4.564649433369635106e-02
4.564649433369635106e-02
4.564649433369635106e-02
4.564649433369635106e-02
4.564649433369635106e-02
4.564649433369635106e-02
6.959432657921647836e-02
6.959432657921647836e-02
6.959432657921647836e-02
6.959432657921647836e-02
6.959432657921647836e-02
6.959432657921647836e-02
7.350177027891667547e-02
7.350177027891667547e-02
7.350177027891667547e-02
7.350177027891667547e-02
7.350177027891667547e-02
3.844112660109880175e-02
3.844112660109880175e-02
3.844112660109880175e-02
3.844112660109880175e-02
3.844112660109880175e-02
3.844112660109880175e-02
3.844112660109880175e-02
3.844112660109880175e-02
3.980806697094201735e-02
3.980806697094201735e-02
3.980806697094201735e-02
3.980806697094201735e-02
3.073168809214045852e-02
3.073168809214045852e-02
3.073168809214045852e-02
3.073168809214045852e-02
3.065272772417343763e-02
3.065272772417343763e-02
3.065272772417343763e-02
3.065272772417343763e-02
3.065272772417343763e-02
2.774683019551332439e-02
2.774683019551332439e-02
2.774683019551332439e-02
2.774683019551332439e-02
2.774683019551332439e-02
2.774683019551332439e-02
2.774683019551332439e-02
2.774683019551332439e-02
2.774683019551332439e-02
2.774683019551332439e-02
2.774683019551332439e-02
2.774683019551332439e-02
2.774683019551332439e-02
2.774683019551332439e-02
2.774683019551332439e-02
2.774683019551332439e-02
2.774683019551332439e-02
2.774683019551332439e-02
2.774683019551332439e-02
2.774683019551332439e-02
2.774683019551332439e-02
2.774683019551332439e-02
2.774683019551332439e-02
2.774683019551332439e-02
1.807309403438739359e-02
1.807309403438739359e-02
1.807309403438739359e-02
1.807309403438739359e-02
2.388513905044142155e-02
2.388513905044142155e-02
2.388513905044142155e-02
2.388513905044142155e-02
2.388513905044142155e-02
2.388513905044142155e-02
2.388513905044142155e-02
2.388513905044142155e-02
2.388513905044142155e-02
2.388513905044142155e-02
2.388513905044142155e-02
2.388513905044142155e-02
2.388513905044142155e-02
2.388513905044142155e-02
2.388513905044142155e-02
2.388513905044142155e-02
2.388513905044142155e-02
2.388513905044142155e-02
2.388513905044142155e-02
2.388513905044142155e-02
2.388513905044142155e-02
2.388513905044142155e-02
2.388513905044142155e-02
2.388513905044142155e-02
2.388513905044142155e-02
2.388513905044142155e-02
2.465908413626346010e-02
2.465908413626346010e-02
2.465908413626346010e-02
2.465908413626346010e-02
2.465908413626346010e-02
2.465908413626346010e-02
2.465908413626346010e-02
2.465908413626346010e-02
2.465908413626346010e-02
2.465908413626346010e-02
2.465908413626346010e-02
2.465908413626346010e-02
2.465908413626346010e-02
2.465908413626346010e-02
2.465908413626346010e-02
2.465908413626346010e-02
2.465908413626346010e-02
2.688791453268201542e-02
2.688791453268201542e-02
2.688791453268201542e-02
2.688791453268201542e-02
2.688791453268201542e-02
2.688791453268201542e-02
2.688791453268201542e-02
2.688791453268201542e-02
2.688791453268201542e-02
2.688791453268201542e-02
2.688791453268201542e-02
2.688791453268201542e-02
2.688791453268201542e-02
2.688791453268201542e-02
2.688791453268201542e-02
2.688791453268201542e-02
2.688791453268201542e-02
2.688791453268201542e-02
2.688791453268201542e-02
2.688791453268201542e-02
2.688791453268201542e-02
2.688791453268201542e-02
2.822713348735213582e-02
2.822713348735213582e-02
2.822713348735213582e-02
2.822713348735213582e-02
2.822713348735213582e-02
2.822713348735213582e-02
2.822713348735213582e-02
2.822713348735213582e-02
2.822713348735213582e-02
2.822713348735213582e-02
2.822713348735213582e-02
2.822713348735213582e-02
2.822713348735213582e-02
2.822713348735213582e-02
2.822713348735213582e-02
2.822713348735213582e-02
2.822713348735213582e-02
2.822713348735213582e-02
2.822713348735213582e-02
2.822713348735213582e-02
4.316901955098131384e-03
4.316901955098131384e-03
4.316901955098131384e-03
4.316901955098131384e-03
2.566496846650051164e-02
2.566496846650051164e-02
2.566496846650051164e-02
2.566496846650051164e-02
2.566496846650051164e-02
2.566496846650051164e-02
2.566496846650051164e-02
2.566496846650051164e-02
2.566496846650051164e-02
2.566496846650051164e-02
2.566496846650051164e-02
2.566496846650051164e-02
2.566496846650051164e-02
2.566496846650051164e-02
2.566496846650051164e-02
2.566496846650051164e-02
2.566496846650051164e-02
2.566496846650051164e-02
1.889209313702179538e-02
1.889209313702179538e-02
1.889209313702179538e-02
1.889209313702179538e-02
1.889209313702179538e-02
1.889209313702179538e-02
1.889209313702179538e-02
2.728172214297914372e-02
2.728172214297914372e-02
2.728172214297914372e-02
2.482518390543790240e-02
2.482518390543790240e-02
2.482518390543790240e-02
2.482518390543790240e-02
2.482518390543790240e-02
2.482518390543790240e-02
2.482518390543790240e-02
2.482518390543790240e-02
2.482518390543790240e-02
2.482518390543790240e-02
2.482518390543790240e-02
2.482518390543790240e-02
2.482518390543790240e-02
2.482518390543790240e-02
2.482518390543790240e-02
2.482518390543790240e-02
1.936332244070755604e-02
1.936332244070755604e-02
1.936332244070755604e-02
1.936332244070755604e-02
1.936332244070755604e-02
1.936332244070755604e-02
4.303205812654956053e-02
4.303205812654956053e-02
4.303205812654956053e-02
4.303205812654956053e-02
4.303205812654956053e-02
4.303205812654956053e-02
4.439934689869779599e-02
4.439934689869779599e-02
4.439934689869779599e-02
4.439934689869779599e-02
4.439934689869779599e-02
4.439934689869779599e-02
4.439934689869779599e-02
4.776214873290099416e-02
4.776214873290099416e-02
4.776214873290099416e-02
4.776214873290099416e-02
4.776214873290099416e-02
5.111927564998886009e-02
5.111927564998886009e-02
5.111927564998886009e-02
5.111927564998886009e-02
9.648364608589048153e-02
9.648364608589048153e-02
9.648364608589048153e-02
9.648364608589048153e-02
9.648364608589048153e-02
9.648364608589048153e-02
9.648364608589048153e-02
9.648364608589048153e-02
9.648364608589048153e-02
1.071609038672699243e-01
1.071609038672699243e-01
1.071609038672699243e-01
1.071609038672699243e-01
1.059464482474863078e-02
1.059464482474863078e-02
1.059464482474863078e-02
1.123850477687313165e-01
1.123850477687313165e-01
1.123850477687313165e-01
2.024641734384327694e-04
2.024641734384327694e-04
2.024641734384327694e-04
2.024641734384327694e-04
2.024641734384327694e-04
9.150072591437335978e-02
9.150072591437335978e-02
9.150072591437335978e-02
9.150072591437335978e-02
9.150072591437335978e-02
9.150072591437335978e-02
9.150072591437335978e-02
9.150072591437335978e-02
9.634317735342216860e-02
9.634317735342216860e-02
9.634317735342216860e-02
9.634317735342216860e-02
1.031458845329800422e-01
1.031458845329800422e-01
1.031458845329800422e-01
1.031458845329800422e-01
1.031458845329800422e-01
1.031458845329800422e-01
1.031458845329800422e-01
1.031458845329800422e-01
1.031458845329800422e-01
1.031458845329800422e-01
1.031458845329800422e-01
1.097533177960176298e-01
1.097533177960176298e-01
1.097533177960176298e-01
1.097533177960176298e-01
1.075359613207499537e-01
1.075359613207499537e-01
1.075359613207499537e-01
6.826147247283659292e-02
6.826147247283659292e-02
6.826147247283659292e-02
6.656482110341628566e-02
6.656482110341628566e-02
6.656482110341628566e-02
6.656482110341628566e-02
1.132995249431387186e-01
1.245621817958579569e-01
1.245621817958579569e-01
1.245621817958579569e-01
1.245621817958579569e-01
1.245621817958579569e-01
1.245621817958579569e-01
1.245621817958579569e-01
1.245621817958579569e-01
1.245621817958579569e-01
4.884713452139146164e-04
4.884713452139146164e-04
4.884713452139146164e-04
4.884713452139146164e-04
4.884713452139146164e-04
4.884713452139146164e-04
2.636233058682598690e-02
2.636233058682598690e-02
2.636233058682598690e-02
2.636233058682598690e-02
1.092611464107878655e-01
1.092611464107878655e-01
1.092611464107878655e-01
1.092611464107878655e-01
1.092611464107878655e-01
1.092611464107878655e-01
1.092611464107878655e-01
1.092611464107878655e-01
1.092611464107878655e-01
5.403276820458602792e-04
5.403276820458602792e-04
5.403276820458602792e-04
5.403276820458602792e-04
5.403276820458602792e-04
5.403276820458602792e-04
5.403276820458602792e-04
9.501481744130620133e-02
9.501481744130620133e-02
9.501481744130620133e-02
9.501481744130620133e-02
9.501481744130620133e-02
9.501481744130620133e-02
9.892903995192484090e-02
9.892903995192484090e-02
9.892903995192484090e-02
9.892903995192484090e-02
1.745355015459553252e-02
1.745355015459553252e-02
1.745355015459553252e-02
3.246328627089711816e-02
3.246328627089711816e-02
3.246328627089711816e-02
3.246328627089711816e-02
1.675616575031119290e-03
1.675616575031119290e-03
1.675616575031119290e-03
1.675616575031119290e-03
1.675616575031119290e-03
1.675616575031119290e-03
1.675616575031119290e-03
1.675616575031119290e-03
1.675616575031119290e-03
1.675616575031119290e-03
1.124950216795240487e-01
1.124950216795240487e-01
1.124950216795240487e-01
1.124950216795240487e-01
1.124950216795240487e-01
1.076837816782332934e-03
1.076837816782332934e-03
1.076837816782332934e-03
1.076837816782332934e-03
1.076837816782332934e-03
1.076837816782332934e-03
1.137893348034240693e-01
1.137893348034240693e-01
1.137893348034240693e-01
1.137893348034240693e-01
1.137893348034240693e-01
1.137893348034240693e-01
1.137893348034240693e-01
1.137893348034240693e-01
1.123642582865303115e-02
1.123642582865303115e-02
1.123642582865303115e-02
1.123642582865303115e-02
7.878780386006731945e-03
7.878780386006731945e-03
7.878780386006731945e-03
2.893876889661322477e-02
2.893876889661322477e-02
2.893876889661322477e-02
2.893876889661322477e-02
8.429138444403104502e-02
8.429138444403104502e-02
8.429138444403104502e-02
8.429138444403104502e-02
6.348350791452271602e-02
6.348350791452271602e-02
6.348350791452271602e-02
4.002684745462181952e-04
4.002684745462181952e-04
4.002684745462181952e-04
4.002684745462181952e-04
4.002684745462181952e-04
4.002684745462181952e-04
4.002684745462181952e-04
4.002684745462181952e-04
4.002684745462181952e-04
4.002684745462181952e-04
4.002684745462181952e-04
1.604887863554931926e-03
1.604887863554931926e-03
1.604887863554931926e-03
1.604887863554931926e-03
1.604887863554931926e-03
1.604887863554931926e-03
1.604887863554931926e-03
1.604887863554931926e-03
1.604887863554931926e-03
1.604887863554931926e-03
1.425010881138598015e-02
1.425010881138598015e-02
1.425010881138598015e-02
1.425010881138598015e-02
1.425010881138598015e-02
1.425010881138598015e-02
5.102143669586271801e-02
5.102143669586271801e-02
5.102143669586271801e-02
1.163669311473080614e-01
1.163669311473080614e-01
1.163669311473080614e-01
1.163669311473080614e-01
9.237871813446120461e-02
9.237871813446120461e-02
9.237871813446120461e-02
1.221230955772460020e-01
1.221230955772460020e-01
1.221230955772460020e-01
1.221230955772460020e-01
9.308699424023179902e-02
9.308699424023179902e-02
9.308699424023179902e-02
8.866624921536854498e-02
1.218914547031527962e-01
1.218914547031527962e-01
1.218914547031527962e-01
1.218914547031527962e-01
1.218914547031527962e-01
1.218914547031527962e-01
1.218914547031527962e-01
1.218914547031527962e-01
1.117265245570826931e-01
1.117265245570826931e-01
1.117265245570826931e-01
1.117265245570826931e-01
1.117265245570826931e-01
1.117265245570826931e-01
2.781181608090340165e-02
2.781181608090340165e-02
2.781181608090340165e-02
2.781181608090340165e-02
2.781181608090340165e-02
2.781181608090340165e-02
2.781181608090340165e-02
2.781181608090340165e-02
2.781181608090340165e-02
6.959516521042211079e-02
6.959516521042211079e-02
6.959516521042211079e-02
6.959516521042211079e-02
2.575564890012918204e-02
2.575564890012918204e-02
2.575564890012918204e-02
2.575564890012918204e-02
2.575564890012918204e-02
7.790390777983083326e-02
7.790390777983083326e-02
7.790390777983083326e-02
7.790390777983083326e-02
2.528655750902101401e-02
2.528655750902101401e-02
2.528655750902101401e-02
2.528655750902101401e-02
2.528655750902101401e-02
2.528655750902101401e-02
2.528655750902101401e-02
2.830713717468653218e-02
2.830713717468653218e-02
2.830713717468653218e-02
2.830713717468653218e-02
2.830713717468653218e-02
1.349891142723543902e-03
1.349891142723543902e-03
1.349891142723543902e-03
1.349891142723543902e-03
1.349891142723543902e-03
3.968829504488996518e-02
3.968829504488996518e-02
3.968829504488996518e-02
3.968829504488996518e-02
3.968829504488996518e-02
3.968829504488996518e-02
3.314127144930772290e-02
3.314127144930772290e-02
3.314127144930772290e-02
3.314127144930772290e-02
3.314127144930772290e-02
3.314127144930772290e-02
1.649619193321346169e-02
1.649619193321346169e-02
1.649619193321346169e-02
1.649619193321346169e-02
1.649619193321346169e-02
1.649619193321346169e-02
4.979050312272923634e-02
4.979050312272923634e-02
4.979050312272923634e-02
4.979050312272923634e-02
1.381010700358021037e-01
1.337063338795311251e-01
1.337063338795311251e-01
1.337063338795311251e-01
8.932772586592768738e-02
8.932772586592768738e-02
8.932772586592768738e-02
9.455724095243049632e-02
9.455724095243049632e-02
9.455724095243049632e-02
9.455724095243049632e-02
9.455724095243049632e-02
9.455724095243049632e-02
9.455724095243049632e-02
1.904939837143374698e-02
1.904939837143374698e-02
1.904939837143374698e-02
1.904939837143374698e-02
1.904939837143374698e-02
3.246743229003404979e-02
3.246743229003404979e-02
3.246743229003404979e-02
3.246743229003404979e-02
2.213476171745254462e-02
2.213476171745254462e-02
2.213476171745254462e-02
2.213476171745254462e-02
2.213476171745254462e-02
2.213476171745254462e-02
2.213476171745254462e-02
3.121447623762542423e-02
3.121447623762542423e-02
3.121447623762542423e-02
3.121447623762542423e-02
6.594727912090812827e-02
6.594727912090812827e-02
6.594727912090812827e-02
6.594727912090812827e-02
6.594727912090812827e-02
6.594727912090812827e-02
6.594727912090812827e-02
2.623844496285064262e-02
2.623844496285064262e-02
2.623844496285064262e-02
8.021842691487342247e-02
8.021842691487342247e-02
8.021842691487342247e-02
8.021842691487342247e-02
8.021842691487342247e-02
3.506629854206469443e-02
3.506629854206469443e-02
3.506629854206469443e-02
3.506629854206469443e-02
3.506629854206469443e-02
3.506629854206469443e-02
3.506629854206469443e-02
2.485793489536240741e-02
2.485793489536240741e-02
2.485793489536240741e-02
3.496492707845882952e-02
3.496492707845882952e-02
3.496492707845882952e-02
3.496492707845882952e-02
3.496492707845882952e-02
3.496492707845882952e-02
3.496492707845882952e-02
3.496492707845882952e-02
3.496492707845882952e-02
5.299123814243008462e-02
5.299123814243008462e-02
5.299123814243008462e-02
5.299123814243008462e-02
4.955172113907696518e-02
4.955172113907696518e-02
4.955172113907696518e-02
1.688491387215579180e-04
1.688491387215579180e-04
1.688491387215579180e-04
1.688491387215579180e-04
4.908908403063583920e-02
4.908908403063583920e-02
4.908908403063583920e-02
4.908908403063583920e-02
4.493516106235133367e-02
4.493516106235133367e-02
4.493516106235133367e-02
3.539395195103148262e-02
3.539395195103148262e-02
3.539395195103148262e-02
3.770587307655540177e-02
3.770587307655540177e-02
3.770587307655540177e-02
7.179702374868933423e-02
7.179702374868933423e-02
7.179702374868933423e-02
8.779575998161535944e-02
1.181459288905668814e-01
1.181459288905668814e-01
8.299935422677755248e-02
8.299935422677755248e-02
8.299935422677755248e-02
9.688323107134498569e-02
9.688323107134498569e-02
9.688323107134498569e-02
4.954947793760844377e-02
4.954947793760844377e-02
4.954947793760844377e-02
4.954947793760844377e-02
4.954947793760844377e-02
4.954947793760844377e-02
4.954947793760844377e-02
2.428989918738287679e-02
2.428989918738287679e-02
2.428989918738287679e-02
7.615850332772401698e-02
7.615850332772401698e-02
7.615850332772401698e-02
1.412408301248743552e-02
1.412408301248743552e-02
1.412408301248743552e-02
7.612713474442471540e-02
7.612713474442471540e-02
7.612713474442471540e-02
1.270567977994980884e-02
1.270567977994980884e-02
1.270567977994980884e-02
9.184494339971688293e-02
9.184494339971688293e-02
9.184494339971688293e-02
9.184494339971688293e-02
6.306114489312106275e-03
6.306114489312106275e-03
6.306114489312106275e-03
1.041655728759678656e-02
1.041655728759678656e-02
1.041655728759678656e-02
3.626765715078034136e-02
3.626765715078034136e-02
3.626765715078034136e-02
3.626765715078034136e-02
3.626765715078034136e-02
3.626765715078034136e-02
3.626765715078034136e-02
3.363947418123437727e-02
3.363947418123437727e-02
3.363947418123437727e-02
5.406924163961029234e-02
5.406924163961029234e-02
5.406924163961029234e-02
3.321734304210868099e-02
3.321734304210868099e-02
3.321734304210868099e-02
3.321734304210868099e-02
3.321734304210868099e-02
3.321734304210868099e-02
3.321734304210868099e-02
5.435409536777373318e-02
5.435409536777373318e-02
5.435409536777373318e-02
1.907138084417418430e-02
1.907138084417418430e-02
1.907138084417418430e-02
1.046450632291922173e-01
9.580052804270090816e-02
9.580052804270090816e-02
9.580052804270090816e-02
7.901718708517155298e-02
7.901718708517155298e-02
7.901718708517155298e-02
7.901718708517155298e-02
7.901718708517155298e-02
6.180687872683782169e-02
6.180687872683782169e-02
6.180687872683782169e-02
6.180687872683782169e-02
6.180687872683782169e-02
5.841872148773923773e-02
5.841872148773923773e-02
5.841872148773923773e-02
8.030334120864117409e-02
8.030334120864117409e-02
8.030334120864117409e-02
8.030334120864117409e-02
8.030334120864117409e-02
6.128347647321526204e-02
6.128347647321526204e-02
6.128347647321526204e-02
6.128347647321526204e-02
6.128347647321526204e-02
5.373849090200302075e-02
5.373849090200302075e-02
5.373849090200302075e-02
2.022369098559189879e-02
2.022369098559189879e-02
2.022369098559189879e-02
9.921836963627063410e-02
9.921836963627063410e-02
9.921836963627063410e-02
2.423687663348462334e-02
2.423687663348462334e-02
2.423687663348462334e-02
2.423687663348462334e-02
2.423687663348462334e-02
7.202673281534662485e-03
7.202673281534662485e-03
7.202673281534662485e-03
7.202673281534662485e-03
2.005861907300629868e-03
2.005861907300629868e-03
2.005861907300629868e-03
2.005861907300629868e-03
3.728540007345067936e-02
3.728540007345067936e-02
3.728540007345067936e-02
3.728540007345067936e-02
3.728540007345067936e-02
3.728540007345067936e-02
3.728540007345067936e-02
3.728540007345067936e-02
4.639927089976309676e-02
4.639927089976309676e-02
4.639927089976309676e-02
4.639927089976309676e-02
2.589002547033250265e-02
2.589002547033250265e-02
2.589002547033250265e-02
2.589002547033250265e-02
2.589002547033250265e-02
2.589002547033250265e-02
1.665042774571837830e-02
1.665042774571837830e-02
1.665042774571837830e-02
1.665042774571837830e-02
1.665042774571837830e-02
2.100125033631705662e-02
2.100125033631705662e-02
2.100125033631705662e-02
2.100125033631705662e-02
2.100125033631705662e-02
2.100125033631705662e-02
2.100125033631705662e-02
2.100125033631705662e-02
1.009209923707182072e-02
1.009209923707182072e-02
1.009209923707182072e-02
1.009209923707182072e-02
1.009209923707182072e-02
1.009209923707182072e-02
1.009209923707182072e-02
1.118234572754197992e-01
1.118234572754197992e-01
1.118234572754197992e-01
1.118234572754197992e-01
1.118234572754197992e-01
1.118234572754197992e-01
1.118234572754197992e-01
2.440780281756115347e-02
2.440780281756115347e-02
2.440780281756115347e-02
2.260425727764067000e-02
2.260425727764067000e-02
2.260425727764067000e-02
2.260425727764067000e-02
5.398253643643662232e-03
5.398253643643662232e-03
5.398253643643662232e-03
5.398253643643662232e-03
1.839303860091823315e-03
1.839303860091823315e-03
1.839303860091823315e-03
1.839303860091823315e-03
1.839303860091823315e-03
1.260884529615868138e-02
1.260884529615868138e-02
1.260884529615868138e-02
1.260884529615868138e-02
1.260884529615868138e-02
2.755794254582532785e-02
2.755794254582532785e-02
2.755794254582532785e-02
1.584067290419546858e-02
1.584067290419546858e-02
1.584067290419546858e-02
1.584067290419546858e-02
7.157135645508681809e-02
7.157135645508681809e-02
7.157135645508681809e-02
7.157135645508681809e-02
1.089020260765605069e-01
1.089020260765605069e-01
1.089020260765605069e-01
1.089020260765605069e-01
1.089020260765605069e-01
1.089020260765605069e-01
2.966904405141519013e-02
2.966904405141519013e-02
2.966904405141519013e-02
2.628165334745393919e-02
2.628165334745393919e-02
2.628165334745393919e-02
2.628165334745393919e-02
9.909213182741902215e-02
9.909213182741902215e-02
9.909213182741902215e-02
9.909213182741902215e-02
9.909213182741902215e-02
9.909213182741902215e-02
4.879951964183595892e-02
4.879951964183595892e-02
4.879951964183595892e-02
3.458039188613856729e-02
3.458039188613856729e-02
3.458039188613856729e-02
1.367232035241086908e-05
1.367232035241086908e-05
1.367232035241086908e-05
1.367232035241086908e-05
1.367232035241086908e-05
3.907401132636560389e-04
3.907401132636560389e-04
3.907401132636560389e-04
3.907401132636560389e-04
3.907401132636560389e-04
1.034488522023599769e-03
1.034488522023599769e-03
1.034488522023599769e-03
1.034488522023599769e-03
1.034488522023599769e-03
1.034488522023599769e-03
1.034488522023599769e-03
1.393437301195690758e-03
1.393437301195690758e-03
1.393437301195690758e-03
1.393437301195690758e-03
1.393437301195690758e-03
1.393437301195690758e-03
1.393437301195690758e-03
3.675052296445959410e-04
3.675052296445959410e-04
3.675052296445959410e-04
3.675052296445959410e-04
3.675052296445959410e-04
3.675052296445959410e-04
3.675052296445959410e-04
8.428773176827273825e-03
8.428773176827273825e-03
8.428773176827273825e-03
8.428773176827273825e-03
8.428773176827273825e-03
8.428773176827273825e-03
8.428773176827273825e-03
1.206947463283831968e-03
1.206947463283831968e-03
1.206947463283831968e-03
1.206947463283831968e-03
1.206947463283831968e-03
1.206947463283831968e-03
1.206947463283831968e-03
5.604825641427030325e-03
5.604825641427030325e-03
5.604825641427030325e-03
5.604825641427030325e-03
5.604825641427030325e-03
5.604825641427030325e-03
5.604825641427030325e-03
8.737152613790728078e-03
8.737152613790728078e-03
8.737152613790728078e-03
8.794947715677738434e-03
8.804779033903652880e-03
8.804779033903652880e-03
9.129069578247600916e-03
9.129069578247600916e-03
9.129069578247600916e-03
9.129069578247600916e-03
9.129069578247600916e-03
9.129069578247600916e-03
9.129069578247600916e-03
9.129069578247600916e-03
9.129069578247600916e-03
9.129069578247600916e-03
9.129069578247600916e-03
9.129069578247600916e-03
9.129069578247600916e-03
9.129069578247600916e-03
9.129069578247600916e-03
5.138984415424715764e-04
5.138984415424715764e-04
5.138984415424715764e-04
5.138984415424715764e-04
5.138984415424715764e-04
5.138984415424715764e-04
5.138984415424715764e-04
5.138984415424715764e-04
5.138984415424715764e-04
5.138984415424715764e-04
5.138984415424715764e-04
5.138984415424715764e-04
5.138984415424715764e-04
8.178491725844819552e-03
8.178491725844819552e-03
8.178491725844819552e-03
4.918486247140137907e-03
4.918486247140137907e-03
4.918486247140137907e-03
4.918486247140137907e-03
2.731486311757482660e-02
2.731486311757482660e-02
2.731486311757482660e-02
1.001503207298172320e-02
1.086583709705299210e-02
1.086583709705299210e-02
1.086583709705299210e-02
1.086583709705299210e-02
1.086583709705299210e-02
7.446982302456504714e-03
1.168819247466485259e-02
1.168819247466485259e-02
1.168819247466485259e-02
1.168819247466485259e-02
2.016866349464824584e-02
2.016866349464824584e-02
2.016866349464824584e-02
9.425579638886037726e-03
9.425579638886037726e-03
9.425579638886037726e-03
9.425579638886037726e-03
9.425579638886037726e-03
9.425579638886037726e-03
9.425579638886037726e-03
9.425579638886037726e-03
9.425579638886037726e-03
9.425579638886037726e-03
9.425579638886037726e-03
9.425579638886037726e-03
9.425579638886037726e-03
9.425579638886037726e-03
9.425579638886037726e-03
1.048791874974216477e-02
1.048791874974216477e-02
1.048791874974216477e-02
1.048791874974216477e-02
1.048791874974216477e-02
1.048791874974216477e-02
1.048791874974216477e-02
1.048791874974216477e-02
1.048791874974216477e-02
1.048791874974216477e-02
1.048791874974216477e-02
1.048791874974216477e-02
1.048791874974216477e-02
1.048791874974216477e-02
1.048791874974216477e-02
7.468649941962654526e-03
7.468649941962654526e-03
7.468649941962654526e-03
1.043144765599588776e-02
1.168259282875693493e-02
1.168259282875693493e-02
2.953905104255993147e-02
2.953905104255993147e-02
2.953905104255993147e-02
2.953905104255993147e-02
2.953905104255993147e-02
2.953905104255993147e-02
2.953905104255993147e-02
2.953905104255993147e-02
2.591208102333010868e-02
2.591208102333010868e-02
2.591208102333010868e-02
2.591208102333010868e-02
2.591208102333010868e-02
2.591208102333010868e-02
2.591208102333010868e-02
2.591208102333010868e-02
1.901216384593905828e-03
1.901216384593905828e-03
1.901216384593905828e-03
1.901216384593905828e-03
1.901216384593905828e-03
1.901216384593905828e-03
1.901216384593905828e-03
1.901216384593905828e-03
1.901216384593905828e-03
1.901216384593905828e-03
1.901216384593905828e-03
1.901216384593905828e-03
1.029230337926849426e-02
1.029230337926849426e-02
1.029230337926849426e-02
1.029230337926849426e-02
1.029230337926849426e-02
1.029230337926849426e-02
1.029230337926849426e-02
1.029230337926849426e-02
1.029230337926849426e-02
1.029230337926849426e-02
1.029230337926849426e-02
1.029230337926849426e-02
1.029230337926849426e-02
1.029230337926849426e-02
1.029230337926849426e-02
1.029230337926849426e-02
3.005089461268416976e-03
3.005089461268416976e-03
3.005089461268416976e-03
2.352962641345459488e-02
2.352962641345459488e-02
2.352962641345459488e-02
2.352962641345459488e-02
2.352962641345459488e-02
2.352962641345459488e-02
2.352962641345459488e-02
2.352962641345459488e-02
2.352962641345459488e-02
2.352962641345459488e-02
3.626793071876113685e-03
3.626793071876113685e-03
3.626793071876113685e-03
3.626793071876113685e-03
3.626793071876113685e-03
3.626793071876113685e-03
3.626793071876113685e-03
3.626793071876113685e-03
3.626793071876113685e-03
3.626793071876113685e-03
3.626793071876113685e-03
3.626793071876113685e-03
3.626793071876113685e-03
1.034704775730885213e-04
1.034704775730885213e-04
1.034704775730885213e-04
1.034704775730885213e-04
1.034704775730885213e-04
1.034704775730885213e-04
1.034704775730885213e-04
1.034704775730885213e-04
1.034704775730885213e-04
1.034704775730885213e-04
1.034704775730885213e-04
4.141757143391693735e-03
4.141757143391693735e-03
4.141757143391693735e-03
1.644468368444106663e-03
1.644468368444106663e-03
1.644468368444106663e-03
1.644468368444106663e-03
7.303660870101119640e-03
6.967172846909921308e-03
6.967172846909921308e-03
6.967172846909921308e-03
5.542246061951991952e-03
2.704308306545936957e-03
2.704308306545936957e-03
2.704308306545936957e-03
2.704308306545936957e-03
2.704308306545936957e-03
3.280914429381304610e-03
4.742448484826091402e-03
4.742448484826091402e-03
4.742448484826091402e-03
4.742448484826091402e-03
4.742448484826091402e-03
7.282185037867902611e-02
7.282185037867902611e-02
7.282185037867902611e-02
7.282185037867902611e-02
3.552874777880780325e-03
3.552874777880780325e-03
3.552874777880780325e-03
3.552874777880780325e-03
3.552874777880780325e-03
3.552874777880780325e-03
3.552874777880780325e-03
3.552874777880780325e-03
2.457165748497031153e-03
2.457165748497031153e-03
2.457165748497031153e-03
1.434470465268073390e-03
1.434470465268073390e-03
1.434470465268073390e-03
1.434470465268073390e-03
1.434470465268073390e-03
1.434470465268073390e-03
1.434470465268073390e-03
6.486274276554835445e-04
6.486274276554835445e-04
6.486274276554835445e-04
6.486274276554835445e-04
6.486274276554835445e-04
6.486274276554835445e-04
8.685368587270224806e-04
8.685368587270224806e-04
8.685368587270224806e-04
8.685368587270224806e-04
8.685368587270224806e-04
2.291811394177107122e-03
2.291811394177107122e-03
2.291811394177107122e-03
2.291811394177107122e-03
3.188642531592917359e-04
3.188642531592917359e-04
3.188642531592917359e-04
3.188642531592917359e-04
2.319282387598647910e-02
2.319282387598647910e-02
2.319282387598647910e-02
2.319282387598647910e-02
2.319282387598647910e-02
2.319282387598647910e-02
7.853213945946818653e-03
7.853213945946818653e-03
7.853213945946818653e-03
5.040415673351298677e-03
3.507442371048329587e-03
3.507442371048329587e-03
3.507442371048329587e-03
3.507442371048329587e-03
3.507442371048329587e-03
7.189974128601469769e-03
8.469737689527426228e-03
8.469737689527426228e-03
8.469737689527426228e-03
8.469737689527426228e-03
8.859749757238809947e-03
8.859749757238809947e-03
8.859749757238809947e-03
8.859749757238809947e-03
2.569506722769668988e-02
2.569506722769668988e-02
2.569506722769668988e-02
1.809083842687559188e-02
1.809083842687559188e-02
1.809083842687559188e-02
1.809083842687559188e-02
2.742484199874724738e-03
2.742484199874724738e-03
2.742484199874724738e-03
2.742484199874724738e-03
2.742484199874724738e-03
2.742484199874724738e-03
2.186194462002342010e-03
5.308207254749956056e-03
5.308207254749956056e-03
5.308207254749956056e-03
6.700804636313998329e-03
1.702894797839659205e-02
1.702894797839659205e-02
1.702894797839659205e-02
1.702894797839659205e-02
1.702894797839659205e-02
2.783438252914093806e-03
1.430593902036263708e-02
1.430593902036263708e-02
1.430593902036263708e-02
3.878607949981538374e-03
1.951124204545004459e-02
1.951124204545004459e-02
2.579517081114917221e-03
1.020478003977403313e-02
1.020478003977403313e-02
3.496406598853315974e-03
8.253156520110629252e-03
8.253156520110629252e-03
4.728349380936877275e-03
1.949402217912193230e-02
1.949402217912193230e-02
2.390969544262662883e-03
4.147972976744457654e-03
4.147972976744457654e-03
4.147972976744457654e-03
4.147972976744457654e-03
4.147972976744457654e-03
1.832383125051562783e-02
1.832383125051562783e-02
1.832383125051562783e-02
1.832383125051562783e-02
1.832383125051562783e-02
1.832383125051562783e-02
1.832383125051562783e-02
1.832383125051562783e-02
1.832383125051562783e-02
3.458051715294522903e-04
2.261439460420590613e-03
2.261439460420590613e-03
2.261439460420590613e-03
2.261439460420590613e-03
2.261439460420590613e-03
2.634780034818453437e-03
2.414746687449882776e-03
2.414746687449882776e-03
2.414746687449882776e-03
2.414746687449882776e-03
2.414746687449882776e-03
4.858352131154482050e-03
1.018959644833129091e-02
1.018959644833129091e-02
1.242288717440682977e-02
1.242288717440682977e-02
1.242288717440682977e-02
1.242288717440682977e-02
1.242288717440682977e-02
1.242288717440682977e-02
1.242288717440682977e-02
1.242288717440682977e-02
1.242288717440682977e-02
1.242288717440682977e-02
1.242288717440682977e-02
1.242288717440682977e-02
1.242288717440682977e-02
1.242288717440682977e-02
1.242288717440682977e-02
1.242288717440682977e-02
1.181254195692771174e-02
1.181254195692771174e-02
1.181254195692771174e-02
1.181254195692771174e-02
1.181254195692771174e-02
1.181254195692771174e-02
1.181254195692771174e-02
1.033149634490015088e-02
1.033149634490015088e-02
1.033149634490015088e-02
1.033149634490015088e-02
2.888665743346596412e-02
2.888665743346596412e-02
2.888665743346596412e-02
1.339498732393104054e-02
1.339498732393104054e-02
1.339498732393104054e-02
1.339498732393104054e-02
1.339498732393104054e-02
2.602463344369626910e-02
2.602463344369626910e-02
2.602463344369626910e-02
2.814121027007038603e-02
2.814121027007038603e-02
2.814121027007038603e-02
2.814121027007038603e-02
2.814121027007038603e-02
2.814121027007038603e-02
2.814121027007038603e-02
2.814121027007038603e-02
2.814121027007038603e-02
2.537596465672379079e-02
2.537596465672379079e-02
2.537596465672379079e-02
2.537596465672379079e-02
2.537596465672379079e-02
2.537596465672379079e-02
2.537596465672379079e-02
2.537596465672379079e-02
1.300804272542869719e-02
1.300804272542869719e-02
1.300804272542869719e-02
1.568208257901683444e-02
1.568208257901683444e-02
1.568208257901683444e-02
1.568208257901683444e-02
1.568208257901683444e-02
1.568208257901683444e-02
1.568208257901683444e-02
1.568208257901683444e-02
1.568208257901683444e-02
1.568208257901683444e-02
1.568208257901683444e-02
1.568208257901683444e-02
1.568208257901683444e-02
1.568208257901683444e-02
1.568208257901683444e-02
1.568208257901683444e-02
1.568208257901683444e-02
1.568208257901683444e-02
6.476857193404945631e-03
6.476857193404945631e-03
6.476857193404945631e-03
6.476857193404945631e-03
6.476857193404945631e-03
6.476857193404945631e-03
6.476857193404945631e-03
6.476857193404945631e-03
6.476857193404945631e-03
6.476857193404945631e-03
6.476857193404945631e-03
6.476857193404945631e-03
6.566064288911016567e-03
6.566064288911016567e-03
6.566064288911016567e-03
6.566064288911016567e-03
6.566064288911016567e-03
6.566064288911016567e-03
6.566064288911016567e-03
6.566064288911016567e-03
6.566064288911016567e-03
6.566064288911016567e-03
6.566064288911016567e-03
6.566064288911016567e-03
6.566064288911016567e-03
1.387241659207244342e-02
1.387241659207244342e-02
1.387241659207244342e-02
1.387241659207244342e-02
1.387241659207244342e-02
1.387241659207244342e-02
1.387241659207244342e-02
1.387241659207244342e-02
1.387241659207244342e-02
1.387241659207244342e-02
1.387241659207244342e-02
1.387241659207244342e-02
1.387241659207244342e-02
1.387241659207244342e-02
1.387241659207244342e-02
1.387241659207244342e-02
2.580392021734616206e-04
2.580392021734616206e-04
2.580392021734616206e-04
2.580392021734616206e-04
2.580392021734616206e-04
2.580392021734616206e-04
2.580392021734616206e-04
2.580392021734616206e-04
1.638911200627344439e-02
1.638911200627344439e-02
1.638911200627344439e-02
1.638911200627344439e-02
1.638911200627344439e-02
1.638911200627344439e-02
1.638911200627344439e-02
2.732513694936075654e-02
2.732513694936075654e-02
2.732513694936075654e-02
2.732513694936075654e-02
2.732513694936075654e-02
2.732513694936075654e-02
2.732513694936075654e-02
2.732513694936075654e-02
2.732513694936075654e-02
2.732513694936075654e-02
2.732513694936075654e-02
2.732513694936075654e-02
2.732513694936075654e-02
2.732513694936075654e-02
2.732513694936075654e-02
2.732513694936075654e-02
1.397511344003086325e-02
1.397511344003086325e-02
1.397511344003086325e-02
1.397511344003086325e-02
1.397511344003086325e-02
1.397511344003086325e-02
1.397511344003086325e-02
1.397511344003086325e-02
1.230111561419819192e-02
1.230111561419819192e-02
1.230111561419819192e-02
1.230111561419819192e-02
1.230111561419819192e-02
1.230111561419819192e-02
1.230111561419819192e-02
1.230111561419819192e-02
1.230111561419819192e-02
1.324695518394994331e-02
1.324695518394994331e-02
1.324695518394994331e-02
1.324695518394994331e-02
1.324695518394994331e-02
1.324695518394994331e-02
1.324695518394994331e-02
1.141836622047922960e-02
1.141836622047922960e-02
1.141836622047922960e-02
1.141836622047922960e-02
1.141836622047922960e-02
1.141836622047922960e-02
1.141836622047922960e-02
3.089890171338655414e-02
3.089890171338655414e-02
3.089890171338655414e-02
1.351979838313930107e-02
1.351979838313930107e-02
1.351979838313930107e-02
1.351979838313930107e-02
1.836057245427731837e-03
1.836057245427731837e-03
1.836057245427731837e-03
1.836057245427731837e-03
1.836057245427731837e-03
3.195643695345588842e-02
3.195643695345588842e-02
3.195643695345588842e-02
3.195643695345588842e-02
3.195643695345588842e-02
3.195643695345588842e-02
3.195643695345588842e-02
3.195643695345588842e-02
3.195643695345588842e-02
3.195643695345588842e-02
2.978937668446783680e-03
2.978937668446783680e-03
2.978937668446783680e-03
4.013282407335354643e-03
4.013282407335354643e-03
4.013282407335354643e-03
4.013282407335354643e-03
4.013282407335354643e-03
4.013282407335354643e-03
4.013282407335354643e-03
4.013282407335354643e-03
4.013282407335354643e-03
4.013282407335354643e-03
4.013282407335354643e-03
6.416749195661027548e-03
6.416749195661027548e-03
6.416749195661027548e-03
6.416749195661027548e-03
6.416749195661027548e-03
6.416749195661027548e-03
6.416749195661027548e-03
6.416749195661027548e-03
6.416749195661027548e-03
2.004576759864406393e-02
2.004576759864406393e-02
2.004576759864406393e-02
2.004576759864406393e-02
2.004576759864406393e-02
2.004576759864406393e-02
2.004576759864406393e-02
3.001390493328233433e-02
3.001390493328233433e-02
3.001390493328233433e-02
3.001390493328233433e-02
3.001390493328233433e-02
3.001390493328233433e-02
3.001390493328233433e-02
3.001390493328233433e-02
3.001390493328233433e-02
3.001390493328233433e-02
3.001390493328233433e-02
3.001390493328233433e-02
3.001390493328233433e-02
3.001390493328233433e-02
3.001390493328233433e-02
3.001390493328233433e-02
3.001390493328233433e-02
3.001390493328233433e-02
3.916135687637536944e-02
3.916135687637536944e-02
3.916135687637536944e-02
3.916135687637536944e-02
3.916135687637536944e-02
3.916135687637536944e-02
3.916135687637536944e-02
3.916135687637536944e-02
3.916135687637536944e-02
3.916135687637536944e-02
3.916135687637536944e-02
3.916135687637536944e-02
1.481793986993900671e-02
2.287129926573968144e-02
2.287129926573968144e-02
9.786927540949272308e-03
9.786927540949272308e-03
9.786927540949272308e-03
9.223858433224051395e-04
3.780975404728766347e-03
3.780975404728766347e-03
3.780975404728766347e-03
3.780975404728766347e-03
3.780975404728766347e-03
3.780975404728766347e-03
3.780975404728766347e-03
2.701481607354371591e-03
7.084554647356149440e-03
7.084554647356149440e-03
7.084554647356149440e-03
7.084554647356149440e-03
7.084554647356149440e-03
7.084554647356149440e-03
7.084554647356149440e-03
1.099966855811496114e-02
1.099966855811496114e-02
1.099966855811496114e-02
1.099966855811496114e-02
8.140539609401130708e-03
8.140539609401130708e-03
8.140539609401130708e-03
2.091987549971241478e-02
2.091987549971241478e-02
2.091987549971241478e-02
2.091987549971241478e-02
2.091987549971241478e-02
2.091987549971241478e-02
2.091987549971241478e-02
2.091987549971241478e-02
2.091987549971241478e-02
2.091987549971241478e-02
2.091987549971241478e-02
2.903492818192591508e-03
2.903492818192591508e-03
2.903492818192591508e-03
2.903492818192591508e-03
2.903492818192591508e-03
2.903492818192591508e-03
5.535895195314332294e-03
5.535895195314332294e-03
5.535895195314332294e-03
1.235115804510602058e-02
1.235115804510602058e-02
1.235115804510602058e-02
1.235115804510602058e-02
1.235115804510602058e-02
1.235115804510602058e-02
1.235115804510602058e-02
1.235115804510602058e-02
2.325634863719561532e-02
2.325634863719561532e-02
2.325634863719561532e-02
2.325634863719561532e-02
2.325634863719561532e-02
2.325634863719561532e-02
2.325634863719561532e-02
2.325634863719561532e-02
2.325634863719561532e-02
2.325634863719561532e-02
2.325634863719561532e-02
5.962333895638732666e-03
5.962333895638732666e-03
5.962333895638732666e-03
5.962333895638732666e-03
5.962333895638732666e-03
5.962333895638732666e-03
8.454446475520772941e-03
8.454446475520772941e-03
8.454446475520772941e-03
8.454446475520772941e-03
8.454446475520772941e-03
8.454446475520772941e-03
8.454446475520772941e-03
8.454446475520772941e-03
8.454446475520772941e-03
4.317193826789514875e-03
4.317193826789514875e-03
4.317193826789514875e-03
4.317193826789514875e-03
4.317193826789514875e-03
4.317193826789514875e-03
4.317193826789514875e-03
4.317193826789514875e-03
4.317193826789514875e-03
4.317193826789514875e-03
4.317193826789514875e-03
4.317193826789514875e-03
4.317193826789514875e-03
4.317193826789514875e-03
4.171666988393293515e-03
4.171666988393293515e-03
4.171666988393293515e-03
4.171666988393293515e-03
4.171666988393293515e-03
4.171666988393293515e-03
4.171666988393293515e-03
4.171666988393293515e-03
4.171666988393293515e-03
4.171666988393293515e-03
4.171666988393293515e-03
4.171666988393293515e-03
4.171666988393293515e-03
4.171666988393293515e-03
4.171666988393293515e-03
4.171666988393293515e-03
6.386535518790087004e-11
6.386535518790087004e-11
6.386535518790087004e-11
6.386535518790087004e-11
6.386535518790087004e-11
6.386535518790087004e-11
6.386535518790087004e-11
6.386535518790087004e-11
6.386535518790087004e-11
6.386535518790087004e-11
6.386535518790087004e-11
3.483926997388869795e-02
3.483926997388869795e-02
3.483926997388869795e-02
3.483926997388869795e-02
8.693538175369744290e-11
8.693538175369744290e-11
8.693538175369744290e-11
3.233959692650641843e-02
1.173190504389231073e-02
1.173190504389231073e-02
1.173190504389231073e-02
5.636459286903650057e-03
5.636459286903650057e-03
5.636459286903650057e-03
5.636459286903650057e-03
5.636459286903650057e-03
5.636459286903650057e-03
5.636459286903650057e-03
5.636459286903650057e-03
5.636459286903650057e-03
5.636459286903650057e-03
5.636459286903650057e-03
5.636459286903650057e-03
5.636459286903650057e-03
5.636459286903650057e-03
5.636459286903650057e-03
5.636459286903650057e-03
7.519571967785346721e-03
7.519571967785346721e-03
7.519571967785346721e-03
7.519571967785346721e-03
7.519571967785346721e-03
7.519571967785346721e-03
7.519571967785346721e-03
7.519571967785346721e-03
7.519571967785346721e-03
7.519571967785346721e-03
7.519571967785346721e-03
7.519571967785346721e-03
7.519571967785346721e-03
7.519571967785346721e-03
7.519571967785346721e-03
3.566619426006306225e-03
3.566619426006306225e-03
3.566619426006306225e-03
3.566619426006306225e-03
3.566619426006306225e-03
3.566619426006306225e-03
3.566619426006306225e-03
3.566619426006306225e-03
3.566619426006306225e-03
3.566619426006306225e-03
3.566619426006306225e-03
3.566619426006306225e-03
3.566619426006306225e-03
2.915034330156337367e-02
2.915034330156337367e-02
2.915034330156337367e-02
4.843625763546289403e-02
4.843625763546289403e-02
4.843625763546289403e-02
4.843625763546289403e-02
4.843625763546289403e-02
2.628190450505492326e-02
1.003607484587661081e-02
1.003607484587661081e-02
7.737009875110513121e-03
7.737009875110513121e-03
7.737009875110513121e-03
7.737009875110513121e-03
7.737009875110513121e-03
7.737009875110513121e-03
7.737009875110513121e-03
7.737009875110513121e-03
7.737009875110513121e-03
7.737009875110513121e-03
7.737009875110513121e-03
7.737009875110513121e-03
7.737009875110513121e-03
7.737009875110513121e-03
1.241224168800503236e-02
4.192306295327462816e-03
4.192306295327462816e-03
4.192306295327462816e-03
4.192306295327462816e-03
4.192306295327462816e-03
4.192306295327462816e-03
4.192306295327462816e-03
4.192306295327462816e-03
4.192306295327462816e-03
4.192306295327462816e-03
4.192306295327462816e-03
4.192306295327462816e-03
4.192306295327462816e-03
4.192306295327462816e-03
6.534122748111695703e-03
6.534122748111695703e-03
6.534122748111695703e-03
6.534122748111695703e-03
6.534122748111695703e-03
6.534122748111695703e-03
6.534122748111695703e-03
6.534122748111695703e-03
6.534122748111695703e-03
6.534122748111695703e-03
6.534122748111695703e-03
6.534122748111695703e-03
6.534122748111695703e-03
6.534122748111695703e-03
6.534122748111695703e-03
2.038198285820427488e-02
4.385800776689777192e-03
4.385800776689777192e-03
4.385800776689777192e-03
4.385800776689777192e-03
4.385800776689777192e-03
4.385800776689777192e-03
4.385800776689777192e-03
4.385800776689777192e-03
4.385800776689777192e-03
5.365349591071173069e-02
5.365349591071173069e-02
5.365349591071173069e-02
5.365349591071173069e-02
5.380473972700860162e-03
7.194112738915781763e-03
7.194112738915781763e-03
9.292158142383757577e-03
9.292158142383757577e-03
9.292158142383757577e-03
9.292158142383757577e-03
2.368253296838925340e-02
7.004373583751942987e-03
7.004373583751942987e-03
7.004373583751942987e-03
4.137965557339623457e-02
4.137965557339623457e-02
4.137965557339623457e-02
1.484340160220764572e-02
1.088216776452708909e-02
1.088216776452708909e-02
2.495692776929787221e-02
2.495692776929787221e-02
2.495692776929787221e-02
2.495692776929787221e-02
2.495692776929787221e-02
2.495692776929787221e-02
2.495692776929787221e-02
2.495692776929787221e-02
3.046772778611063839e-02
3.046772778611063839e-02
3.046772778611063839e-02
3.046772778611063839e-02
3.046772778611063839e-02
2.926796481329309307e-02
2.926796481329309307e-02
2.926796481329309307e-02
2.170446256398584836e-02
2.170446256398584836e-02
2.170446256398584836e-02
2.170446256398584836e-02
2.170446256398584836e-02
2.170446256398584836e-02
3.002344732053701878e-02
3.002344732053701878e-02
3.002344732053701878e-02
3.002344732053701878e-02
2.623962094333468636e-02
2.623962094333468636e-02
2.623962094333468636e-02
2.623962094333468636e-02
2.623962094333468636e-02
2.623962094333468636e-02
2.623962094333468636e-02
3.549176290330635641e-02
3.549176290330635641e-02
3.549176290330635641e-02
3.549176290330635641e-02
1.117176292118816049e-02
1.117176292118816049e-02
1.117176292118816049e-02
1.117176292118816049e-02
1.117176292118816049e-02
1.117176292118816049e-02
1.117176292118816049e-02
1.117176292118816049e-02
1.117176292118816049e-02
2.738333638202412185e-02
2.738333638202412185e-02
2.738333638202412185e-02
1.223469538168268748e-02
1.223469538168268748e-02
1.223469538168268748e-02
1.223469538168268748e-02
1.223469538168268748e-02
1.223469538168268748e-02
1.223469538168268748e-02
1.223469538168268748e-02
1.223469538168268748e-02
1.223469538168268748e-02
2.834643588872531178e-02
2.834643588872531178e-02
2.834643588872531178e-02
1.417103720029361941e-03
2.050628424388302798e-03
2.050628424388302798e-03
2.050628424388302798e-03
2.050628424388302798e-03
2.050628424388302798e-03
2.050628424388302798e-03
2.050628424388302798e-03
2.050628424388302798e-03
2.050628424388302798e-03
2.050628424388302798e-03
6.279311198739975092e-03
2.713950253964263811e-03
2.713950253964263811e-03
2.713950253964263811e-03
2.713950253964263811e-03
2.713950253964263811e-03
2.713950253964263811e-03
2.713950253964263811e-03
2.713950253964263811e-03
2.713950253964263811e-03
2.713950253964263811e-03
4.302783062078270486e-12
4.302783062078270486e-12
4.302783062078270486e-12
4.302783062078270486e-12
4.302783062078270486e-12
4.302783062078270486e-12
4.302783062078270486e-12
4.302783062078270486e-12
4.302783062078270486e-12
4.302783062078270486e-12
4.302783062078270486e-12
8.316939182363581456e-03
5.567946421829979634e-03
5.168271357969986442e-03
5.168271357969986442e-03
5.168271357969986442e-03
5.168271357969986442e-03
5.168271357969986442e-03
5.168271357969986442e-03
8.558741958844387487e-03
6.433280072887430021e-03
6.433280072887430021e-03
6.433280072887430021e-03
6.433280072887430021e-03
3.617682114799687654e-03
9.937834903558753416e-03
9.937834903558753416e-03
9.937834903558753416e-03
7.789294481452130325e-03
7.031404930250742535e-03
7.031404930250742535e-03
7.031404930250742535e-03
1.007996639405377842e-02
1.080063901823383535e-02
1.080063901823383535e-02
1.080063901823383535e-02
1.080063901823383535e-02
7.717046250912649140e-03
7.717046250912649140e-03
7.717046250912649140e-03
7.625399238481031516e-03
7.625399238481031516e-03
7.625399238481031516e-03
1.278824789209286571e-02
1.278824789209286571e-02
1.278824789209286571e-02
1.278824789209286571e-02
1.278824789209286571e-02
8.725562457719627033e-03
8.725562457719627033e-03
8.725562457719627033e-03
8.725562457719627033e-03
8.725562457719627033e-03
1.457594424768985167e-02
1.457594424768985167e-02
1.457594424768985167e-02
1.457594424768985167e-02
1.823527241386641018e-02
1.823527241386641018e-02
1.823527241386641018e-02
2.495392985715034345e-02
2.495392985715034345e-02
2.495392985715034345e-02
2.495392985715034345e-02
2.495392985715034345e-02
5.426993162281838756e-02
5.426993162281838756e-02
5.426993162281838756e-02
5.426993162281838756e-02
5.426993162281838756e-02
5.426993162281838756e-02
1.058413799071200312e-01
1.058413799071200312e-01
1.058413799071200312e-01
1.058413799071200312e-01
1.058413799071200312e-01
1.058413799071200312e-01
1.666069449670875072e-02
1.666069449670875072e-02
1.666069449670875072e-02
2.007921540824891479e-02
2.007921540824891479e-02
2.007921540824891479e-02
1.927706778671727655e-02
1.927706778671727655e-02
1.927706778671727655e-02
6.867682979362213025e-04
6.867682979362213025e-04
6.867682979362213025e-04
2.148290093744148824e-02
2.148290093744148824e-02
2.148290093744148824e-02
2.148290093744148824e-02
2.148290093744148824e-02
4.492531480511159636e-03
4.492531480511159636e-03
4.492531480511159636e-03
4.492531480511159636e-03
3.387213296156117021e-02
3.387213296156117021e-02
3.387213296156117021e-02
3.387213296156117021e-02
3.387213296156117021e-02
3.387213296156117021e-02
3.387213296156117021e-02
3.387213296156117021e-02
2.534924702411503125e-02
2.534924702411503125e-02
2.534924702411503125e-02
2.534924702411503125e-02
5.104460933015102925e-02
5.104460933015102925e-02
5.104460933015102925e-02
5.104460933015102925e-02
5.104460933015102925e-02
5.104460933015102925e-02
5.104460933015102925e-02
2.549125030576782774e-02
2.549125030576782774e-02
2.549125030576782774e-02
2.549125030576782774e-02
5.282853114950023660e-02
5.282853114950023660e-02
5.282853114950023660e-02
5.282853114950023660e-02
5.282853114950023660e-02
5.282853114950023660e-02
2.585381674146617834e-02
2.585381674146617834e-02
2.585381674146617834e-02
2.585381674146617834e-02
2.585381674146617834e-02
5.598349789824159234e-02
5.598349789824159234e-02
5.598349789824159234e-02
5.598349789824159234e-02
5.598349789824159234e-02
5.598349789824159234e-02
5.598349789824159234e-02
1.046487019159397236e-01
1.046487019159397236e-01
1.046487019159397236e-01
1.046487019159397236e-01
1.046487019159397236e-01
8.433579355888708162e-02
8.433579355888708162e-02
8.433579355888708162e-02
8.433579355888708162e-02
8.433579355888708162e-02
8.388996956057434562e-02
8.388996956057434562e-02
8.388996956057434562e-02
8.388996956057434562e-02
8.388996956057434562e-02
8.388996956057434562e-02
4.280605960705406027e-02
4.280605960705406027e-02
4.280605960705406027e-02
4.280605960705406027e-02
4.280605960705406027e-02
4.280605960705406027e-02
1.463940981306954998e-02
1.463940981306954998e-02
1.463940981306954998e-02
2.866543470649744046e-02
2.866543470649744046e-02
2.866543470649744046e-02
2.866543470649744046e-02
2.866543470649744046e-02
2.866543470649744046e-02
2.392219423609496989e-03
2.392219423609496989e-03
2.392219423609496989e-03
2.392219423609496989e-03
2.392219423609496989e-03
2.392219423609496989e-03
2.392219423609496989e-03
2.392219423609496989e-03
6.397251992687936692e-03
6.397251992687936692e-03
6.397251992687936692e-03
6.397251992687936692e-03
6.397251992687936692e-03
6.397251992687936692e-03
6.397251992687936692e-03
6.397251992687936692e-03
4.839016783700505336e-02
4.839016783700505336e-02
4.839016783700505336e-02
4.839016783700505336e-02
4.839016783700505336e-02
2.861909845337850394e-02
2.861909845337850394e-02
2.861909845337850394e-02
2.670996688813776637e-02
2.670996688813776637e-02
2.670996688813776637e-02
2.670996688813776637e-02
2.670996688813776637e-02
3.271703285319839394e-02
3.271703285319839394e-02
3.271703285319839394e-02
3.271703285319839394e-02
3.271703285319839394e-02
3.271703285319839394e-02
3.271703285319839394e-02
3.786245632804061817e-02
3.786245632804061817e-02
3.786245632804061817e-02
3.786245632804061817e-02
3.786245632804061817e-02
3.786245632804061817e-02
3.786245632804061817e-02
3.786245632804061817e-02
3.786245632804061817e-02
3.786245632804061817e-02
3.786245632804061817e-02
3.786245632804061817e-02
3.786245632804061817e-02
3.786245632804061817e-02
3.786245632804061817e-02
3.786245632804061817e-02
3.786245632804061817e-02
3.786245632804061817e-02
3.786245632804061817e-02
3.786245632804061817e-02
3.465721009430937637e-10
3.465721009430937637e-10
3.465721009430937637e-10
3.465721009430937637e-10
3.465721009430937637e-10
3.465721009430937637e-10
3.465721009430937637e-10
3.465721009430937637e-10
2.512582400001686297e-02
2.512582400001686297e-02
2.512582400001686297e-02
2.512582400001686297e-02
2.512582400001686297e-02
3.213671350092153767e-02
3.213671350092153767e-02
3.213671350092153767e-02
3.213671350092153767e-02
3.213671350092153767e-02
3.213671350092153767e-02
3.213671350092153767e-02
2.344304546812214438e-02
2.344304546812214438e-02
2.344304546812214438e-02
2.344304546812214438e-02
2.511946473185917156e-02
2.511946473185917156e-02
2.511946473185917156e-02
2.511946473185917156e-02
2.511946473185917156e-02
0.000000000000000000e+00
0.000000000000000000e+00
0.000000000000000000e+00
0.000000000000000000e+00
0.000000000000000000e+00
5.480637065792449969e-02
7.679428560058089437e-02
7.679428560058089437e-02
2.854256846959997429e-02
2.854256846959997429e-02
2.854256846959997429e-02
8.519531420179637937e-02
8.519531420179637937e-02
8.519531420179637937e-02
2.949841033204871413e-02
2.949841033204871413e-02
2.949841033204871413e-02
2.949841033204871413e-02
2.949841033204871413e-02
2.949841033204871413e-02
2.949841033204871413e-02
2.949841033204871413e-02
2.949841033204871413e-02
2.949841033204871413e-02
2.949841033204871413e-02
2.949841033204871413e-02
2.949841033204871413e-02
2.949841033204871413e-02
2.949841033204871413e-02
2.949841033204871413e-02
2.949841033204871413e-02
2.949841033204871413e-02
2.949841033204871413e-02
2.949841033204871413e-02
2.940247800655661214e-02
2.940247800655661214e-02
2.940247800655661214e-02
2.940247800655661214e-02
2.940247800655661214e-02
2.940247800655661214e-02
2.940247800655661214e-02
2.940247800655661214e-02
2.940247800655661214e-02
2.940247800655661214e-02
2.940247800655661214e-02
2.940247800655661214e-02
2.940247800655661214e-02
2.940247800655661214e-02
2.940247800655661214e-02
2.940247800655661214e-02
2.940247800655661214e-02
2.940247800655661214e-02
2.940247800655661214e-02
5.657152265448776168e-02
5.657152265448776168e-02
5.657152265448776168e-02
5.657152265448776168e-02
5.657152265448776168e-02
5.657152265448776168e-02
7.065404278840364816e-02
2.595534917339494679e-02
2.595534917339494679e-02
2.595534917339494679e-02
2.595534917339494679e-02
2.595534917339494679e-02
2.595534917339494679e-02
2.595534917339494679e-02
2.595534917339494679e-02
2.595534917339494679e-02
2.595534917339494679e-02
2.595534917339494679e-02
3.955372187297266640e-02
3.955372187297266640e-02
3.955372187297266640e-02
3.955372187297266640e-02
3.955372187297266640e-02
3.955372187297266640e-02
3.955372187297266640e-02
3.955372187297266640e-02
3.955372187297266640e-02
4.521499593611925938e-02
4.521499593611925938e-02
4.521499593611925938e-02
4.521499593611925938e-02
7.186439587261508888e-02
7.186439587261508888e-02
7.186439587261508888e-02
5.756553957490808532e-02
5.756553957490808532e-02
5.756553957490808532e-02
6.044261150769814073e-02
6.044261150769814073e-02
6.044261150769814073e-02
6.044261150769814073e-02
6.044261150769814073e-02
6.044261150769814073e-02
5.944245765298960399e-02
5.944245765298960399e-02
5.944245765298960399e-02
5.944245765298960399e-02
5.944245765298960399e-02
5.944245765298960399e-02
5.944245765298960399e-02
4.873111591368757545e-02
4.873111591368757545e-02
4.873111591368757545e-02
4.873111591368757545e-02
4.873111591368757545e-02
4.873111591368757545e-02
4.873111591368757545e-02
4.873111591368757545e-02
9.866697996424782423e-12
9.866697996424782423e-12
9.866697996424782423e-12
9.866697996424782423e-12
9.866697996424782423e-12
8.014614015359095706e-03
8.014614015359095706e-03
8.014614015359095706e-03
8.014614015359095706e-03
2.602260318066428393e-02
2.602260318066428393e-02
2.602260318066428393e-02
2.602260318066428393e-02
1.930988003431525352e-02
1.930988003431525352e-02
1.930988003431525352e-02
1.930988003431525352e-02
1.930988003431525352e-02
6.542480407393859443e-02
6.542480407393859443e-02
6.542480407393859443e-02
6.542480407393859443e-02
6.542480407393859443e-02
7.388605338262246858e-02
7.388605338262246858e-02
7.388605338262246858e-02
7.388605338262246858e-02
6.220223352892814694e-02
6.220223352892814694e-02
6.220223352892814694e-02
6.220223352892814694e-02
6.055316552042046274e-02
6.055316552042046274e-02
6.055316552042046274e-02
6.055316552042046274e-02
6.622397805224405909e-02
6.622397805224405909e-02
6.622397805224405909e-02
6.622397805224405909e-02
6.622397805224405909e-02
0.000000000000000000e+00
0.000000000000000000e+00
0.000000000000000000e+00
0.000000000000000000e+00
0.000000000000000000e+00
0.000000000000000000e+00
0.000000000000000000e+00
0.000000000000000000e+00
0.000000000000000000e+00
0.000000000000000000e+00
2.775334925157532315e-02
2.775334925157532315e-02
2.775334925157532315e-02
2.775334925157532315e-02
7.103043672797347552e-02
7.103043672797347552e-02
7.103043672797347552e-02
7.103043672797347552e-02
7.103043672797347552e-02
7.103043672797347552e-02
7.103043672797347552e-02
7.103043672797347552e-02
7.103043672797347552e-02
7.103043672797347552e-02
7.103043672797347552e-02
7.103043672797347552e-02
7.103043672797347552e-02
5.242964136122905960e-02
5.242964136122905960e-02
5.242964136122905960e-02
5.242964136122905960e-02
5.242964136122905960e-02
3.977334830880471100e-02
3.977334830880471100e-02
3.977334830880471100e-02
3.977334830880471100e-02
3.977334830880471100e-02
3.977334830880471100e-02
3.977334830880471100e-02
3.977334830880471100e-02
3.977334830880471100e-02
3.977334830880471100e-02
3.977334830880471100e-02
3.977334830880471100e-02
3.977334830880471100e-02
3.977334830880471100e-02
3.977334830880471100e-02
3.668169270770792884e-02
3.668169270770792884e-02
3.668169270770792884e-02
3.668169270770792884e-02
3.784392792974951986e-02
3.784392792974951986e-02
3.784392792974951986e-02
3.784392792974951986e-02
3.784392792974951986e-02
3.784392792974951986e-02
3.784392792974951986e-02
3.784392792974951986e-02
3.784392792974951986e-02
3.784392792974951986e-02
3.784392792974951986e-02
3.784392792974951986e-02
3.784392792974951986e-02
3.784392792974951986e-02
3.784392792974951986e-02
3.784392792974951986e-02
9.885450111918150581e-03
9.885450111918150581e-03
9.885450111918150581e-03
9.885450111918150581e-03
9.885450111918150581e-03
1.201684151534385993e-02
1.201684151534385993e-02
1.201684151534385993e-02
1.201684151534385993e-02
4.693029625738242422e-02
4.693029625738242422e-02
4.693029625738242422e-02
4.693029625738242422e-02
4.693029625738242422e-02
4.693029625738242422e-02
1.019397595948636805e-02
1.019397595948636805e-02
1.019397595948636805e-02
1.019397595948636805e-02
1.019397595948636805e-02
2.266450408907433670e-02
2.266450408907433670e-02
2.266450408907433670e-02
6.594271123930888628e-03
6.594271123930888628e-03
6.594271123930888628e-03
6.594271123930888628e-03
6.594271123930888628e-03
6.594271123930888628e-03
6.594271123930888628e-03
6.594271123930888628e-03
6.594271123930888628e-03
6.594271123930888628e-03
6.594271123930888628e-03
6.594271123930888628e-03
6.594271123930888628e-03
2.168195325985236999e-03
2.168195325985236999e-03
2.168195325985236999e-03
2.168195325985236999e-03
2.168195325985236999e-03
2.168195325985236999e-03
2.168195325985236999e-03
2.168195325985236999e-03
2.168195325985236999e-03
2.168195325985236999e-03
2.168195325985236999e-03
2.168195325985236999e-03
2.168195325985236999e-03
5.801753039216073736e-03
5.801753039216073736e-03
5.801753039216073736e-03
5.801753039216073736e-03
5.801753039216073736e-03
5.801753039216073736e-03
5.801753039216073736e-03
5.801753039216073736e-03
5.801753039216073736e-03
5.801753039216073736e-03
5.801753039216073736e-03
5.801753039216073736e-03
5.801753039216073736e-03
5.801753039216073736e-03
2.426541245975170078e-04
2.426541245975170078e-04
2.426541245975170078e-04
2.426541245975170078e-04
2.426541245975170078e-04
5.313717066915672749e-02
5.313717066915672749e-02
5.313717066915672749e-02
5.313717066915672749e-02
5.313717066915672749e-02
5.313717066915672749e-02
5.313717066915672749e-02
5.313717066915672749e-02
5.313717066915672749e-02
3.634315782444452747e-02
3.634315782444452747e-02
3.634315782444452747e-02
2.335844611785544908e-02
2.335844611785544908e-02
2.335844611785544908e-02
2.335844611785544908e-02
2.335844611785544908e-02
7.583586689278386250e-02
7.583586689278386250e-02
7.583586689278386250e-02
7.583586689278386250e-02
7.583586689278386250e-02
7.583586689278386250e-02
7.583586689278386250e-02
7.583586689278386250e-02
7.583586689278386250e-02
7.583586689278386250e-02
4.779730497795294658e-02
4.779730497795294658e-02
4.779730497795294658e-02
7.677171647092524698e-02
7.677171647092524698e-02
7.677171647092524698e-02
7.677171647092524698e-02
7.677171647092524698e-02
7.677171647092524698e-02
7.677171647092524698e-02
7.677171647092524698e-02
7.677171647092524698e-02
7.677171647092524698e-02
7.677171647092524698e-02
4.305206986689711496e-02
4.174173140704848239e-02
4.174173140704848239e-02
4.174173140704848239e-02
4.174173140704848239e-02
4.174173140704848239e-02
4.174173140704848239e-02
4.174173140704848239e-02
4.174173140704848239e-02
4.174173140704848239e-02
4.174173140704848239e-02
4.174173140704848239e-02
4.174173140704848239e-02
4.174173140704848239e-02
4.174173140704848239e-02
4.174173140704848239e-02
4.174173140704848239e-02
4.174173140704848239e-02
4.174173140704848239e-02
4.174173140704848239e-02
4.174173140704848239e-02
4.174173140704848239e-02
3.084478025808975489e-03
3.084478025808975489e-03
3.084478025808975489e-03
3.084478025808975489e-03
3.084478025808975489e-03
3.084478025808975489e-03
3.084478025808975489e-03
3.084478025808975489e-03
3.084478025808975489e-03
4.531590702337848220e-02
4.531590702337848220e-02
4.531590702337848220e-02
4.531590702337848220e-02
4.531590702337848220e-02
2.246285618393591837e-02
2.246285618393591837e-02
2.246285618393591837e-02
2.246285618393591837e-02
2.246285618393591837e-02
1.170130972150654376e-02
1.170130972150654376e-02
1.170130972150654376e-02
1.170130972150654376e-02
1.170130972150654376e-02
1.170130972150654376e-02
1.170130972150654376e-02
1.170130972150654376e-02
1.170130972150654376e-02
5.154058658256874259e-02
5.154058658256874259e-02
5.154058658256874259e-02
5.154058658256874259e-02
5.154058658256874259e-02
0.000000000000000000e+00
0.000000000000000000e+00
0.000000000000000000e+00
0.000000000000000000e+00
0.000000000000000000e+00
1.340468020359305255e-02
1.340468020359305255e-02
1.340468020359305255e-02
3.880794031492824751e-03
3.880794031492824751e-03
3.880794031492824751e-03
3.880794031492824751e-03
3.880794031492824751e-03
3.638884800455313706e-02
3.638884800455313706e-02
3.638884800455313706e-02
3.638884800455313706e-02
3.638884800455313706e-02
2.186602360700053496e-02
2.186602360700053496e-02
2.186602360700053496e-02
2.186602360700053496e-02
2.186602360700053496e-02
2.186602360700053496e-02
2.186602360700053496e-02
2.186602360700053496e-02
3.965888734558464107e-02
3.965888734558464107e-02
3.965888734558464107e-02
3.965888734558464107e-02
3.965888734558464107e-02
3.965888734558464107e-02
1.900227559134975291e-02
5.287108894440240014e-02
5.287108894440240014e-02
5.287108894440240014e-02
5.287108894440240014e-02
5.287108894440240014e-02
5.287108894440240014e-02
5.287108894440240014e-02
5.287108894440240014e-02
5.287108894440240014e-02
3.053413008017605637e-02
3.053413008017605637e-02
3.053413008017605637e-02
3.053413008017605637e-02
3.053413008017605637e-02
3.053413008017605637e-02
3.053413008017605637e-02
3.053413008017605637e-02
2.526771431636903528e-02
4.038068825245007959e-02
4.038068825245007959e-02
4.038068825245007959e-02
4.038068825245007959e-02
4.038068825245007959e-02
4.038068825245007959e-02
4.038068825245007959e-02
4.038068825245007959e-02
4.038068825245007959e-02
4.038068825245007959e-02
4.038068825245007959e-02
4.038068825245007959e-02
4.038068825245007959e-02
4.038068825245007959e-02
4.038068825245007959e-02
4.038068825245007959e-02
4.038068825245007959e-02
4.038068825245007959e-02
4.038068825245007959e-02
4.038068825245007959e-02
8.706367274201377848e-02
8.706367274201377848e-02
8.706367274201377848e-02
8.706367274201377848e-02
8.706367274201377848e-02
8.706367274201377848e-02
6.000144111793432461e-02
6.000144111793432461e-02
6.000144111793432461e-02
6.000144111793432461e-02
6.000144111793432461e-02
6.000144111793432461e-02
4.583588711767438290e-02
4.583588711767438290e-02
4.583588711767438290e-02
4.583588711767438290e-02
4.583588711767438290e-02
8.705181197783697089e-02
8.705181197783697089e-02
8.705181197783697089e-02
8.705181197783697089e-02
8.705181197783697089e-02
8.342880486531185566e-03
8.342880486531185566e-03
8.342880486531185566e-03
8.342880486531185566e-03
8.342880486531185566e-03
8.342880486531185566e-03
6.055902097386848745e-03
6.055902097386848745e-03
6.055902097386848745e-03
6.055902097386848745e-03
6.055902097386848745e-03
6.055902097386848745e-03
1.097375543634191222e-02
1.097375543634191222e-02
1.097375543634191222e-02
1.097375543634191222e-02
1.372628558495500584e-02
1.372628558495500584e-02
1.372628558495500584e-02
1.372628558495500584e-02
1.372628558495500584e-02
1.372628558495500584e-02
1.372628558495500584e-02
1.372628558495500584e-02
7.761272316501297876e-03
7.761272316501297876e-03
7.761272316501297876e-03
7.761272316501297876e-03
7.761272316501297876e-03
7.761272316501297876e-03
7.761272316501297876e-03
1.012553939109458838e-02
1.012553939109458838e-02
1.012553939109458838e-02
1.012553939109458838e-02
1.012553939109458838e-02
1.012553939109458838e-02
1.012553939109458838e-02
1.375849468751910894e-02
1.375849468751910894e-02
1.375849468751910894e-02
1.375849468751910894e-02
1.375849468751910894e-02
1.375849468751910894e-02
1.857700305161436374e-02
1.857700305161436374e-02
1.857700305161436374e-02
9.313749684631512579e-03
9.313749684631512579e-03
9.313749684631512579e-03
9.313749684631512579e-03
2.647084845374245848e-02
2.647084845374245848e-02
2.647084845374245848e-02
8.385778319367964348e-03
8.385778319367964348e-03
8.385778319367964348e-03
2.083991064989268796e-02
2.083991064989268796e-02
2.083991064989268796e-02
2.083991064989268796e-02
2.083991064989268796e-02
3.838059857191825769e-02
3.838059857191825769e-02
3.838059857191825769e-02
2.498445645109199920e-02
2.498445645109199920e-02
2.498445645109199920e-02
4.649976800129085493e-03
1.811518941949807199e-02
1.811518941949807199e-02
1.811518941949807199e-02
1.811518941949807199e-02
1.811518941949807199e-02
8.324350537085731250e-03
8.324350537085731250e-03
8.324350537085731250e-03
8.324350537085731250e-03
8.324350537085731250e-03
8.324350537085731250e-03
2.343139414780688948e-02
2.343139414780688948e-02
2.343139414780688948e-02
2.343139414780688948e-02
2.930217759022251539e-02
5.008712740329240160e-02
5.008712740329240160e-02
5.008712740329240160e-02
5.008712740329240160e-02
5.008712740329240160e-02
5.008712740329240160e-02
5.008712740329240160e-02
5.008712740329240160e-02
5.008712740329240160e-02
5.008712740329240160e-02
3.949884984414409050e-02
3.949884984414409050e-02
3.949884984414409050e-02
3.949884984414409050e-02
3.949884984414409050e-02
4.010219949294680765e-11
4.010219949294680765e-11
4.010219949294680765e-11
4.010219949294680765e-11
4.284786358903947684e-02
5.200876089031226945e-02
5.200876089031226945e-02
9.257399440281204039e-02
9.257399440281204039e-02
9.257399440281204039e-02
9.257399440281204039e-02
3.614725621342110284e-02
4.838096642185377855e-02
4.838096642185377855e-02
4.838096642185377855e-02
4.838096642185377855e-02
4.838096642185377855e-02
0.000000000000000000e+00
0.000000000000000000e+00
0.000000000000000000e+00
0.000000000000000000e+00
0.000000000000000000e+00
0.000000000000000000e+00
0.000000000000000000e+00
0.000000000000000000e+00
1.456722739002396794e-01
1.456722739002396794e-01
1.456722739002396794e-01
1.456722739002396794e-01
8.073470894823717159e-02
6.207142843561078149e-02
6.207142843561078149e-02
3.001168997251509276e-10
3.001168997251509276e-10
3.001168997251509276e-10
3.001168997251509276e-10
0.000000000000000000e+00
0.000000000000000000e+00
0.000000000000000000e+00
5.211150075479056495e-03
2.575023433818005719e-02
2.575023433818005719e-02
2.575023433818005719e-02
2.575023433818005719e-02
2.575023433818005719e-02
2.745941335033115407e-03
2.787796845877519442e-02
2.787796845877519442e-02
2.787796845877519442e-02
2.787796845877519442e-02
2.787796845877519442e-02
5.248911315071395217e-02
5.248911315071395217e-02
5.248911315071395217e-02
5.248911315071395217e-02
4.859691206190637491e-02
4.859691206190637491e-02
4.859691206190637491e-02
4.859691206190637491e-02
4.859691206190637491e-02
5.779185165441599881e-02
5.779185165441599881e-02
5.779185165441599881e-02
5.779185165441599881e-02
5.779185165441599881e-02
5.779185165441599881e-02
5.779185165441599881e-02
3.761539996892709209e-02
3.761539996892709209e-02
3.761539996892709209e-02
3.761539996892709209e-02
3.761539996892709209e-02
3.761539996892709209e-02
3.761539996892709209e-02
1.816179669505818203e-02
1.816179669505818203e-02
1.816179669505818203e-02
1.816179669505818203e-02
3.068494757525383823e-02
5.966064468659851294e-02
5.966064468659851294e-02
5.966064468659851294e-02
5.966064468659851294e-02
5.966064468659851294e-02
5.966064468659851294e-02
5.966064468659851294e-02
5.966064468659851294e-02
5.966064468659851294e-02
5.966064468659851294e-02
5.966064468659851294e-02
5.966064468659851294e-02
5.966064468659851294e-02
5.966064468659851294e-02
5.966064468659851294e-02
5.966064468659851294e-02
5.966064468659851294e-02
2.522620671539690333e-03
2.912300109066311149e-02
2.912300109066311149e-02
2.912300109066311149e-02
2.912300109066311149e-02
2.912300109066311149e-02
2.912300109066311149e-02
3.204571364327454298e-03
3.204571364327454298e-03
3.204571364327454298e-03
3.047469448579914406e-02
4.680354234682571751e-02
4.680354234682571751e-02
4.680354234682571751e-02
4.680354234682571751e-02
4.680354234682571751e-02
4.680354234682571751e-02
4.680354234682571751e-02
4.680354234682571751e-02
4.680354234682571751e-02
4.680354234682571751e-02
3.016660137785153253e-02
4.837713120665217137e-02
4.837713120665217137e-02
4.837713120665217137e-02
4.837713120665217137e-02
4.837713120665217137e-02
4.837713120665217137e-02
4.837713120665217137e-02
4.837713120665217137e-02
4.837713120665217137e-02
4.837713120665217137e-02
2.319385536189328550e-02
5.152543625171687042e-02
5.152543625171687042e-02
5.152543625171687042e-02
5.152543625171687042e-02
5.152543625171687042e-02
5.152543625171687042e-02
5.152543625171687042e-02
5.152543625171687042e-02
5.152543625171687042e-02
5.152543625171687042e-02
5.152543625171687042e-02
8.179795301448351819e-02
8.179795301448351819e-02
8.179795301448351819e-02
8.179795301448351819e-02
8.179795301448351819e-02
8.179795301448351819e-02
8.179795301448351819e-02
8.179795301448351819e-02
8.179795301448351819e-02
8.179795301448351819e-02
8.179795301448351819e-02
8.179795301448351819e-02
8.179795301448351819e-02
1.755052561673358519e-02
7.996407716555933853e-02
7.996407716555933853e-02
7.996407716555933853e-02
7.996407716555933853e-02
7.996407716555933853e-02
7.996407716555933853e-02
7.996407716555933853e-02
7.996407716555933853e-02
7.996407716555933853e-02
7.996407716555933853e-02
7.996407716555933853e-02
7.996407716555933853e-02
2.363313675675557390e-02
2.363313675675557390e-02
2.363313675675557390e-02
2.363313675675557390e-02
2.363313675675557390e-02
2.363313675675557390e-02
2.363313675675557390e-02
2.363313675675557390e-02
2.363313675675557390e-02
2.363313675675557390e-02
2.363313675675557390e-02
2.363313675675557390e-02
2.363313675675557390e-02
2.363313675675557390e-02
2.363313675675557390e-02
1.768052530494779520e-02
2.245351609801024897e-02
2.245351609801024897e-02
2.245351609801024897e-02
2.245351609801024897e-02
2.245351609801024897e-02
2.245351609801024897e-02
2.245351609801024897e-02
2.245351609801024897e-02
2.245351609801024897e-02
2.245351609801024897e-02
2.245351609801024897e-02
2.245351609801024897e-02
7.491720574652997386e-03
1.906346887341927795e-02
1.906346887341927795e-02
1.906346887341927795e-02
1.906346887341927795e-02
1.906346887341927795e-02
1.906346887341927795e-02
2.024941822335076316e-02
2.024941822335076316e-02
2.024941822335076316e-02
7.028934286725657676e-02
4.389798864232759973e-02
4.389798864232759973e-02
4.389798864232759973e-02
4.389798864232759973e-02
4.389798864232759973e-02
4.389798864232759973e-02
4.389798864232759973e-02
4.389798864232759973e-02
4.389798864232759973e-02
4.389798864232759973e-02
4.389798864232759973e-02
4.389798864232759973e-02
4.389798864232759973e-02
2.297257292867399547e-02
2.641781722934612511e-02
2.641781722934612511e-02
2.641781722934612511e-02
9.895131837650273082e-04
4.797850158364851819e-02
4.797850158364851819e-02
4.797850158364851819e-02
4.797850158364851819e-02
2.761855151112300316e-02
6.103653442076182462e-02
6.103653442076182462e-02
6.103653442076182462e-02
6.103653442076182462e-02
6.103653442076182462e-02
6.103653442076182462e-02
6.103653442076182462e-02
6.103653442076182462e-02
6.103653442076182462e-02
6.103653442076182462e-02
6.103653442076182462e-02
6.103653442076182462e-02
6.103653442076182462e-02
6.103653442076182462e-02
2.918772529901893231e-02
8.996746152890397474e-02
8.996746152890397474e-02
8.996746152890397474e-02
8.996746152890397474e-02
8.996746152890397474e-02
8.996746152890397474e-02
8.996746152890397474e-02
8.996746152890397474e-02
8.996746152890397474e-02
8.996746152890397474e-02
8.996746152890397474e-02
2.018297765561489349e-02
2.018297765561489349e-02
2.018297765561489349e-02
2.018297765561489349e-02
2.018297765561489349e-02
2.018297765561489349e-02
2.018297765561489349e-02
2.018297765561489349e-02
2.018297765561489349e-02
2.018297765561489349e-02
2.018297765561489349e-02
2.018297765561489349e-02
2.018297765561489349e-02
2.018297765561489349e-02
1.001092529961316105e-02
1.001092529961316105e-02
1.001092529961316105e-02
1.181052970155680240e-02
1.181052970155680240e-02
1.181052970155680240e-02
1.334092116187252791e-02
9.377968126949912803e-03
9.377968126949912803e-03
6.151845418867720426e-03
6.151845418867720426e-03
6.151845418867720426e-03
6.151845418867720426e-03
6.151845418867720426e-03
6.151845418867720426e-03
3.061614839412433661e-02
1.429303619817633327e-02
1.429303619817633327e-02
1.429303619817633327e-02
2.324372121276657016e-02
2.687143558351142228e-02
2.687143558351142228e-02
2.687143558351142228e-02
2.687143558351142228e-02
2.687143558351142228e-02
2.687143558351142228e-02
2.687143558351142228e-02
1.036739772243103555e-02
1.036739772243103555e-02
1.036739772243103555e-02
1.036739772243103555e-02
1.036739772243103555e-02
1.036739772243103555e-02
1.036739772243103555e-02
1.137854754944725086e-02
1.137854754944725086e-02
1.137854754944725086e-02
1.953771001392990911e-02
7.537217827054262798e-02
7.537217827054262798e-02
7.537217827054262798e-02
7.537217827054262798e-02
7.537217827054262798e-02
7.537217827054262798e-02
7.537217827054262798e-02
7.537217827054262798e-02
7.537217827054262798e-02
7.537217827054262798e-02
7.537217827054262798e-02
7.537217827054262798e-02
7.537217827054262798e-02
7.537217827054262798e-02
7.537217827054262798e-02
7.537217827054262798e-02
3.182923359794298523e-02
7.855300895624788005e-02
7.855300895624788005e-02
7.855300895624788005e-02
7.855300895624788005e-02
7.855300895624788005e-02
7.855300895624788005e-02
5.865252966263694023e-02
5.865252966263694023e-02
5.865252966263694023e-02
5.865252966263694023e-02
5.865252966263694023e-02
5.865252966263694023e-02
5.865252966263694023e-02
1.489576252976521596e-02
1.489576252976521596e-02
1.489576252976521596e-02
1.489576252976521596e-02
1.489576252976521596e-02
1.489576252976521596e-02
1.489576252976521596e-02
1.481867469747085581e-02
1.481867469747085581e-02
1.481867469747085581e-02
1.481867469747085581e-02
1.481302837423665274e-02
1.481302837423665274e-02
1.481302837423665274e-02
1.394564885858383396e-02
2.132205921566898352e-02
2.132205921566898352e-02
5.926454860058049355e-03
5.926454860058049355e-03
5.926454860058049355e-03
5.926454860058049355e-03
5.926454860058049355e-03
5.926454860058049355e-03
5.926454860058049355e-03
5.926454860058049355e-03
1.272639264296177930e-03
1.795142410567342542e-02
1.795142410567342542e-02
1.795142410567342542e-02
4.457398506233835669e-03
4.457398506233835669e-03
4.457398506233835669e-03
4.457398506233835669e-03
4.457398506233835669e-03
4.457398506233835669e-03
4.457398506233835669e-03
4.457398506233835669e-03
6.451551433235842847e-03
3.067847212379326213e-02
3.067847212379326213e-02
3.067847212379326213e-02
3.067847212379326213e-02
3.067847212379326213e-02
3.067847212379326213e-02
1.087990639696811423e-01
1.087990639696811423e-01
1.087990639696811423e-01
1.087990639696811423e-01
1.087990639696811423e-01
1.087990639696811423e-01
1.087990639696811423e-01
2.946589767694543852e-02
4.026477161219307183e-02
4.026477161219307183e-02
4.026477161219307183e-02
3.114323871817648720e-02
6.688771432583898169e-02
6.688771432583898169e-02
6.688771432583898169e-02
6.688771432583898169e-02
5.264591763309232203e-02
5.264591763309232203e-02
5.264591763309232203e-02
5.264591763309232203e-02
5.264591763309232203e-02
5.264591763309232203e-02
5.264591763309232203e-02
1.036748915087490168e-02
1.036748915087490168e-02
1.036748915087490168e-02
1.036748915087490168e-02
1.036748915087490168e-02
1.036748915087490168e-02
1.036748915087490168e-02
1.036748915087490168e-02
1.036748915087490168e-02
3.869967604736317644e-03
3.869967604736317644e-03
3.869967604736317644e-03
3.869967604736317644e-03
3.869967604736317644e-03
1.374240382803604554e-01
1.374240382803604554e-01
1.374240382803604554e-01
1.374240382803604554e-01
1.374240382803604554e-01
1.860010552389197436e-01
1.860010552389197436e-01
1.860010552389197436e-01
1.860010552389197436e-01
1.860010552389197436e-01
1.860010552389197436e-01
8.922060391972090609e-02
6.956002425946830603e-02
6.956002425946830603e-02
8.156644117457745313e-02
8.156644117457745313e-02
8.156644117457745313e-02
8.156644117457745313e-02
0.000000000000000000e+00
0.000000000000000000e+00
0.000000000000000000e+00
0.000000000000000000e+00
0.000000000000000000e+00
0.000000000000000000e+00
3.128749944807332744e-03
3.128749944807332744e-03
3.128749944807332744e-03
3.128749944807332744e-03
5.772833363326025299e-03
5.772833363326025299e-03
5.772833363326025299e-03
6.745163341546702579e-03
1.023264483070410701e-02
1.023264483070410701e-02
1.023264483070410701e-02
1.023264483070410701e-02
1.023264483070410701e-02
1.023264483070410701e-02
1.976177328590834545e-02
2.058986060511377308e-02
2.058986060511377308e-02
2.058986060511377308e-02
2.058986060511377308e-02
2.058986060511377308e-02
2.058986060511377308e-02
1.276971208426756071e-02
1.276971208426756071e-02
1.276971208426756071e-02
1.276971208426756071e-02
1.276971208426756071e-02
1.276971208426756071e-02
1.276971208426756071e-02
1.276971208426756071e-02
1.276971208426756071e-02
1.276971208426756071e-02
1.276971208426756071e-02
3.309902604764550921e-02
6.322340633943544785e-02
6.322340633943544785e-02
6.322340633943544785e-02
5.062635074972147292e-02
5.062635074972147292e-02
5.062635074972147292e-02
5.062635074972147292e-02
5.062635074972147292e-02
5.062635074972147292e-02
2.018811932134357418e-02
4.570206281681927357e-02
4.570206281681927357e-02
1.482023321365473142e-02
3.345218707612135356e-02
3.345218707612135356e-02
0.000000000000000000e+00
0.000000000000000000e+00
0.000000000000000000e+00
0.000000000000000000e+00
2.096553750270896410e-02
1.585961225850402237e-02
1.585961225850402237e-02
1.585961225850402237e-02
1.585961225850402237e-02
1.585961225850402237e-02
1.585961225850402237e-02
1.585961225850402237e-02
1.007883077570204816e-02
1.192066684842725890e-02
1.192066684842725890e-02
2.689239693103517501e-02
2.689239693103517501e-02
2.689239693103517501e-02
4.591334640340693357e-02
4.591334640340693357e-02
4.591334640340693357e-02
4.746758410568955450e-02
4.746758410568955450e-02
4.746758410568955450e-02
2.668702606864831184e-02
2.668702606864831184e-02
2.668702606864831184e-02
2.668702606864831184e-02
2.668702606864831184e-02
2.668702606864831184e-02
2.668702606864831184e-02
2.668702606864831184e-02
2.668702606864831184e-02
1.785955381668595521e-02
1.785955381668595521e-02
1.785955381668595521e-02
1.785955381668595521e-02
1.785955381668595521e-02
1.785955381668595521e-02
1.785955381668595521e-02
1.785955381668595521e-02
1.785955381668595521e-02
1.785955381668595521e-02
1.785955381668595521e-02
1.785955381668595521e-02
1.785955381668595521e-02
1.904085659077364018e-02
1.904085659077364018e-02
1.904085659077364018e-02
1.904085659077364018e-02
1.904085659077364018e-02
1.904085659077364018e-02
1.904085659077364018e-02
1.904085659077364018e-02
1.904085659077364018e-02
1.904085659077364018e-02
1.904085659077364018e-02
1.649420545431730736e-02
1.649420545431730736e-02
1.649420545431730736e-02
1.649420545431730736e-02
1.649420545431730736e-02
1.649420545431730736e-02
1.649420545431730736e-02
1.649420545431730736e-02
1.649420545431730736e-02
1.649420545431730736e-02
1.649420545431730736e-02
1.624221644774408169e-02
1.608236336778880171e-02
1.608236336778880171e-02
1.608236336778880171e-02
1.608236336778880171e-02
1.608236336778880171e-02
1.608236336778880171e-02
1.608236336778880171e-02
1.608236336778880171e-02
1.608236336778880171e-02
1.608236336778880171e-02
1.608236336778880171e-02
1.608236336778880171e-02
2.228044881193729648e-02
1.522918271136880844e-02
1.522918271136880844e-02
1.522918271136880844e-02
1.522918271136880844e-02
1.522918271136880844e-02
1.522918271136880844e-02
1.522918271136880844e-02
1.522918271136880844e-02
1.522918271136880844e-02
1.522918271136880844e-02
1.522918271136880844e-02
1.522918271136880844e-02
3.550088977588109623e-02
3.550088977588109623e-02
3.550088977588109623e-02
3.550088977588109623e-02
3.550088977588109623e-02
3.550088977588109623e-02
4.102128633192877125e-11
4.102128633192877125e-11
4.102128633192877125e-11
4.102128633192877125e-11
4.102128633192877125e-11
3.270850111619968970e-02
3.270850111619968970e-02
3.270850111619968970e-02
3.270850111619968970e-02
3.270850111619968970e-02
3.270850111619968970e-02
3.310900647069865699e-02
9.594759057568905819e-03
9.594759057568905819e-03
4.957543191818997337e-03
4.957543191818997337e-03
4.957543191818997337e-03
0.000000000000000000e+00
0.000000000000000000e+00
0.000000000000000000e+00
0.000000000000000000e+00
0.000000000000000000e+00
3.740548863588970957e-02
3.740548863588970957e-02
3.740548863588970957e-02
3.740548863588970957e-02
3.740548863588970957e-02
3.740548863588970957e-02
3.740548863588970957e-02
6.505339768988208093e-02
6.505339768988208093e-02
6.505339768988208093e-02
6.505339768988208093e-02
5.486013791275578394e-02
5.486013791275578394e-02
5.486013791275578394e-02
5.486013791275578394e-02
9.554955779383067158e-03
1.419006220082158834e-02
1.419006220082158834e-02
1.419006220082158834e-02
1.419006220082158834e-02
1.419006220082158834e-02
1.419006220082158834e-02
1.419006220082158834e-02
1.419006220082158834e-02
1.419006220082158834e-02
1.419006220082158834e-02
1.419006220082158834e-02
1.419006220082158834e-02
1.465482327378999500e-02
1.293362056416112911e-02
1.293362056416112911e-02
1.293362056416112911e-02
1.293362056416112911e-02
1.293362056416112911e-02
1.293362056416112911e-02
1.293362056416112911e-02
1.293362056416112911e-02
1.293362056416112911e-02
1.293362056416112911e-02
2.209228121308195666e-02
2.186940233797135535e-02
2.186940233797135535e-02
2.186940233797135535e-02
2.186940233797135535e-02
2.186940233797135535e-02
1.401411452941991528e-02
1.401411452941991528e-02
1.401411452941991528e-02
1.401411452941991528e-02
1.401411452941991528e-02
1.401411452941991528e-02
3.577953618863258245e-02
2.475343709352502419e-02
2.475343709352502419e-02
2.475343709352502419e-02
2.475343709352502419e-02
2.475343709352502419e-02
3.253367235280246739e-02
2.699722906358319185e-02
2.699722906358319185e-02
2.699722906358319185e-02
2.699722906358319185e-02
2.699722906358319185e-02
1.675450124945981195e-02
4.276294407683856047e-02
4.276294407683856047e-02
4.276294407683856047e-02
4.276294407683856047e-02
3.611676762848031741e-02
2.171972779308557408e-02
2.171972779308557408e-02
2.171972779308557408e-02
2.171972779308557408e-02
2.171972779308557408e-02
1.855397212016232991e-02
1.287400643691028607e-02
1.287400643691028607e-02
1.287400643691028607e-02
1.287400643691028607e-02
1.287400643691028607e-02
1.287400643691028607e-02
1.287400643691028607e-02
1.287400643691028607e-02
1.287400643691028607e-02
5.241407542661644596e-11
5.241407542661644596e-11
5.241407542661644596e-11
5.241407542661644596e-11
5.241407542661644596e-11
5.241407542661644596e-11
5.241407542661644596e-11
5.241407542661644596e-11
2.020290022255481072e-02
4.061385395245439282e-11
4.061385395245439282e-11
4.061385395245439282e-11
4.061385395245439282e-11
4.061385395245439282e-11
4.061385395245439282e-11
4.061385395245439282e-11
4.061385395245439282e-11
4.061385395245439282e-11
1.904984244661656057e-02
1.991365375482969866e-02
2.180546057575461980e-02
2.180546057575461980e-02
3.019867767985429802e-02
3.019867767985429802e-02
3.019867767985429802e-02
3.019867767985429802e-02
3.040354563501045798e-02
3.040354563501045798e-02
3.040354563501045798e-02
3.040354563501045798e-02
4.222721206591299216e-03
4.222721206591299216e-03
4.222721206591299216e-03
4.222721206591299216e-03
4.222721206591299216e-03
4.222721206591299216e-03
4.222721206591299216e-03
1.250123572475276071e-02
1.250123572475276071e-02
1.250123572475276071e-02
1.250123572475276071e-02
1.250123572475276071e-02
1.250123572475276071e-02
1.250123572475276071e-02
7.676561261688641391e-03
7.676561261688641391e-03
7.676561261688641391e-03
7.676561261688641391e-03
7.676561261688641391e-03
7.676561261688641391e-03
7.676561261688641391e-03
7.676561261688641391e-03
2.450749439429703025e-02
2.364265347122237668e-02
2.364265347122237668e-02
2.364265347122237668e-02
2.364265347122237668e-02
2.364265347122237668e-02
2.364265347122237668e-02
0.000000000000000000e+00
0.000000000000000000e+00
0.000000000000000000e+00
0.000000000000000000e+00
0.000000000000000000e+00
0.000000000000000000e+00
2.796333494882223894e-02
4.601990058544654615e-03
4.601990058544654615e-03
4.601990058544654615e-03
4.601990058544654615e-03
4.601990058544654615e-03
4.601990058544654615e-03
1.490327247228425897e-02
3.033941602603924467e-02
3.033941602603924467e-02
3.033941602603924467e-02
3.033941602603924467e-02
3.033941602603924467e-02
3.033941602603924467e-02
3.033941602603924467e-02
1.359816696425291153e-03
9.418187013029358581e-03
9.418187013029358581e-03
9.418187013029358581e-03
1.642404512914433234e-02
1.642404512914433234e-02
1.642404512914433234e-02
1.642404512914433234e-02
1.642404512914433234e-02
1.642404512914433234e-02
2.851708279450125907e-02
2.851708279450125907e-02
2.851708279450125907e-02
2.851708279450125907e-02
2.252305406170023588e-02
2.252305406170023588e-02
2.252305406170023588e-02
2.252305406170023588e-02
2.252305406170023588e-02
1.192046202234114602e-02
1.192046202234114602e-02
1.192046202234114602e-02
1.192046202234114602e-02
1.192046202234114602e-02
1.192046202234114602e-02
2.309155749345278077e-02
8.088168088875119738e-05
8.088168088875119738e-05
8.088168088875119738e-05
8.088168088875119738e-05
8.088168088875119738e-05
8.088168088875119738e-05
8.088168088875119738e-05
8.088168088875119738e-05
2.957184774728814809e-03
2.957184774728814809e-03
2.957184774728814809e-03
2.957184774728814809e-03
2.957184774728814809e-03
2.957184774728814809e-03
2.957184774728814809e-03
4.788623705704648632e-11
4.788623705704648632e-11
4.788623705704648632e-11
4.788623705704648632e-11
4.788623705704648632e-11
5.615192285127126523e-03
2.987111579569651926e-02
2.987111579569651926e-02
2.987111579569651926e-02
2.987111579569651926e-02
2.987111579569651926e-02
2.987111579569651926e-02
5.637400849839887575e-03
5.637400849839887575e-03
5.637400849839887575e-03
5.637400849839887575e-03
1.407181635920398514e-02
1.407181635920398514e-02
1.407181635920398514e-02
1.407181635920398514e-02
1.407181635920398514e-02
4.475012368982613647e-02
4.475012368982613647e-02
4.475012368982613647e-02
8.199664205092497410e-03
8.199664205092497410e-03
8.199664205092497410e-03
8.199664205092497410e-03
8.199664205092497410e-03
1.442507266065806426e-01
1.442507266065806426e-01
1.442507266065806426e-01
1.442507266065806426e-01
1.243498128383880019e-01
1.243498128383880019e-01
1.243498128383880019e-01
1.243498128383880019e-01
1.243498128383880019e-01
1.243498128383880019e-01
0.000000000000000000e+00
0.000000000000000000e+00
0.000000000000000000e+00
1.675321128644862226e-02
0.000000000000000000e+00
0.000000000000000000e+00
0.000000000000000000e+00
0.000000000000000000e+00
9.188594894102054128e-03
1.280422767402471587e-02
4.439142129008381323e-03
4.439142129008381323e-03
4.439142129008381323e-03
4.439142129008381323e-03
4.439142129008381323e-03
4.439142129008381323e-03
2.029116539113626563e-02
1.587322713170698446e-03
1.587322713170698446e-03
1.587322713170698446e-03
1.587322713170698446e-03
1.587322713170698446e-03
1.587322713170698446e-03
1.649957149032635698e-02
8.037479681903965736e-03
8.037479681903965736e-03
8.037479681903965736e-03
8.037479681903965736e-03
0.000000000000000000e+00
0.000000000000000000e+00
0.000000000000000000e+00
0.000000000000000000e+00
0.000000000000000000e+00
4.868056892996912993e-02
4.868056892996912993e-02
4.868056892996912993e-02
4.868056892996912993e-02
4.868056892996912993e-02
5.257960709749156386e-02
5.257960709749156386e-02
5.257960709749156386e-02
5.257960709749156386e-02
5.113809164943904778e-02
5.113809164943904778e-02
5.113809164943904778e-02
5.113809164943904778e-02
4.003522121041173248e-02
1.683096916822240940e-01
1.683096916822240940e-01
1.683096916822240940e-01
1.683096916822240940e-01
1.683096916822240940e-01
1.805487349892919147e-01
1.805487349892919147e-01
1.805487349892919147e-01
1.805487349892919147e-01
1.805487349892919147e-01
1.836374013063533928e-01
1.836374013063533928e-01
1.836374013063533928e-01
1.836374013063533928e-01
1.836374013063533928e-01
1.219893009623068507e-03
5.556401520286482175e-03
5.556401520286482175e-03
5.556401520286482175e-03
5.556401520286482175e-03
3.396133558452211522e-03
2.643161497703205246e-03
2.643161497703205246e-03
2.643161497703205246e-03
2.643161497703205246e-03
1.383495346480743612e-02
1.875996255670938414e-03
1.875996255670938414e-03
1.875996255670938414e-03
1.875996255670938414e-03
1.612378667550557962e-02
1.612378667550557962e-02
1.612378667550557962e-02
7.819563724162967300e-02
7.819563724162967300e-02
7.819563724162967300e-02
6.618391571089667080e-02
1.077342706315514292e-01
1.077342706315514292e-01
1.077342706315514292e-01
8.064323579623923488e-02
8.064323579623923488e-02
8.064323579623923488e-02
1.086085685658933764e-01
1.086085685658933764e-01
1.086085685658933764e-01
7.140734158647076349e-10
7.140734158647076349e-10
1.028443264600158308e-01
9.686069905053305146e-03
9.686069905053305146e-03
9.686069905053305146e-03
5.334186641553288234e-03
5.334186641553288234e-03
5.334186641553288234e-03
8.224689332612061810e-02
8.224689332612061810e-02
8.224689332612061810e-02
0.000000000000000000e+00
5.281537104335258526e-02
5.281537104335258526e-02
1.079699754989110611e-01
8.807648067258927460e-02
8.807648067258927460e-02
8.807648067258927460e-02
3.783256775835502645e-03
3.783256775835502645e-03
3.783256775835502645e-03
1.684094238262162299e-02
1.684094238262162299e-02
1.684094238262162299e-02
1.684094238262162299e-02
0.000000000000000000e+00
0.000000000000000000e+00
0.000000000000000000e+00
1.241644639585131249e-03
0.000000000000000000e+00
0.000000000000000000e+00
0.000000000000000000e+00
0.000000000000000000e+00
0.000000000000000000e+00
4.972399946432201581e-11
4.972399946432201581e-11
4.972399946432201581e-11
2.521261253675332269e-04
2.674809580824647273e-03
3.020664631249025869e-03
3.020664631249025869e-03
3.020664631249025869e-03
3.020664631249025869e-03
3.020664631249025869e-03
1.835557959903201808e-01
1.835557959903201808e-01
1.835557959903201808e-01
1.835557959903201808e-01
1.835557959903201808e-01
5.564939589938670828e-02
1.754532544795221471e-01
1.754532544795221471e-01
1.754532544795221471e-01
1.754532544795221471e-01
9.014297497798518660e-03
9.014297497798518660e-03
9.014297497798518660e-03
9.014297497798518660e-03
5.225093464818000161e-02
5.225093464818000161e-02
5.225093464818000161e-02
5.225093464818000161e-02
4.989917321614757012e-02
4.989917321614757012e-02
4.989917321614757012e-02
4.989917321614757012e-02
4.695707048754093477e-02
4.695707048754093477e-02
4.695707048754093477e-02
4.695707048754093477e-02
1.444342828861120039e-02
3.847750495425638489e-03
3.847750495425638489e-03
3.847750495425638489e-03
3.847750495425638489e-03
3.847750495425638489e-03
0.000000000000000000e+00
0.000000000000000000e+00
0.000000000000000000e+00
1.765562849158122324e-02
1.275758038308632547e-01
1.275758038308632547e-01
1.275758038308632547e-01
1.275758038308632547e-01
1.275758038308632547e-01
1.275758038308632547e-01
1.275758038308632547e-01
1.275758038308632547e-01
2.734029510212008379e-02
2.734029510212008379e-02
2.734029510212008379e-02
2.734029510212008379e-02
2.734029510212008379e-02
2.561741706259338530e-02
2.561741706259338530e-02
2.561741706259338530e-02
2.561741706259338530e-02
2.561741706259338530e-02
2.561741706259338530e-02
1.080213010002117197e-02
2.785689142679089944e-02
2.785689142679089944e-02
2.785689142679089944e-02
2.785689142679089944e-02
2.785689142679089944e-02
2.785689142679089944e-02
2.785689142679089944e-02
2.785689142679089944e-02
1.675285091912023447e-02
2.367768418741859893e-03
2.367768418741859893e-03
2.367768418741859893e-03
2.367768418741859893e-03
2.367768418741859893e-03
2.367768418741859893e-03
2.443755408198126575e-02
2.443755408198126575e-02
2.443755408198126575e-02
1.647437815031516095e-02
1.647437815031516095e-02
1.647437815031516095e-02
1.647437815031516095e-02
1.742804240301172244e-02
1.120295558841297775e-03
1.120295558841297775e-03
1.120295558841297775e-03
1.120295558841297775e-03
1.120295558841297775e-03
0.000000000000000000e+00
0.000000000000000000e+00
0.000000000000000000e+00
0.000000000000000000e+00
0.000000000000000000e+00
0.000000000000000000e+00
2.548187258030248231e-02
2.391013831214948773e-02
2.391013831214948773e-02
2.391013831214948773e-02
2.388109310933264964e-02
2.388109310933264964e-02
2.388109310933264964e-02
2.388109310933264964e-02
3.098826439332964811e-02
3.098826439332964811e-02
3.098826439332964811e-02
2.850454100858195242e-02
2.850454100858195242e-02
2.850454100858195242e-02
2.850454100858195242e-02
0.000000000000000000e+00
0.000000000000000000e+00
0.000000000000000000e+00
0.000000000000000000e+00
0.000000000000000000e+00
0.000000000000000000e+00
0.000000000000000000e+00
5.618062559811710065e-03
5.618062559811710065e-03
5.618062559811710065e-03
5.618062559811710065e-03
5.618062559811710065e-03
5.618062559811710065e-03
5.618062559811710065e-03
5.618062559811710065e-03
4.505108759918399763e-03
4.505108759918399763e-03
4.505108759918399763e-03
4.505108759918399763e-03
4.505108759918399763e-03
4.505108759918399763e-03
4.505108759918399763e-03
2.122128251055279552e-02
1.282808533683417983e-02
1.282808533683417983e-02
1.282808533683417983e-02
1.282808533683417983e-02
1.282808533683417983e-02
1.282808533683417983e-02
1.282808533683417983e-02
1.282808533683417983e-02
2.206849715186220279e-02
1.430998235248472431e-02
1.430998235248472431e-02
1.430998235248472431e-02
1.430998235248472431e-02
1.430998235248472431e-02
1.430998235248472431e-02
1.430998235248472431e-02
1.920424611844122331e-02
1.471637123491863902e-02
1.471637123491863902e-02
1.471637123491863902e-02
1.471637123491863902e-02
1.471637123491863902e-02
1.471637123491863902e-02
1.471637123491863902e-02
1.471637123491863902e-02
1.471637123491863902e-02
1.776920843510656697e-02
1.204462662230941679e-02
1.204462662230941679e-02
1.204462662230941679e-02
1.204462662230941679e-02
1.204462662230941679e-02
1.204462662230941679e-02
1.204462662230941679e-02
1.204462662230941679e-02
1.204462662230941679e-02
1.204462662230941679e-02
1.204462662230941679e-02
5.979478529667544510e-04
3.468490899347639184e-02
3.468490899347639184e-02
3.468490899347639184e-02
3.468490899347639184e-02
3.468490899347639184e-02
2.232036515596996090e-02
2.134650875328509070e-02
2.134650875328509070e-02
3.172659835425005459e-02
3.172659835425005459e-02
3.172659835425005459e-02
3.172659835425005459e-02
3.409221779214431647e-02
2.618816867979962756e-02
2.618816867979962756e-02
2.618816867979962756e-02
2.618816867979962756e-02
2.618816867979962756e-02
4.982346992433999908e-03
4.982346992433999908e-03
4.982346992433999908e-03
4.982346992433999908e-03
4.982346992433999908e-03
4.982346992433999908e-03
1.401362912346675732e-02
1.323008960276768516e-02
1.323008960276768516e-02
1.323008960276768516e-02
1.323008960276768516e-02
1.323008960276768516e-02
1.323008960276768516e-02
1.323008960276768516e-02
1.323008960276768516e-02
1.323008960276768516e-02
1.323008960276768516e-02
0.000000000000000000e+00
0.000000000000000000e+00
0.000000000000000000e+00
0.000000000000000000e+00
0.000000000000000000e+00
0.000000000000000000e+00
0.000000000000000000e+00
0.000000000000000000e+00
0.000000000000000000e+00
1.415973626890038878e-10
1.415973626890038878e-10
1.415973626890038878e-10
1.415973626890038878e-10
1.415973626890038878e-10
1.415973626890038878e-10
6.276938299881829053e-02
6.276938299881829053e-02
6.276938299881829053e-02
6.011439276375396892e-11
6.011439276375396892e-11
6.011439276375396892e-11
6.011439276375396892e-11
2.331175683498105250e-02
2.331175683498105250e-02
2.331175683498105250e-02
2.331175683498105250e-02
2.331175683498105250e-02
2.331175683498105250e-02
2.331175683498105250e-02
2.331175683498105250e-02
2.331175683498105250e-02
2.565355755627365952e-02
2.565355755627365952e-02
2.565355755627365952e-02
2.247560579604175948e-02
2.247560579604175948e-02
2.247560579604175948e-02
2.247560579604175948e-02
2.247560579604175948e-02
2.257519308198319835e-02
2.391684605219275908e-02
2.391684605219275908e-02
2.391684605219275908e-02
2.391684605219275908e-02
2.391684605219275908e-02
2.391684605219275908e-02
2.391684605219275908e-02
1.702484806953257282e-02
1.766014881214713825e-02
1.766014881214713825e-02
1.766014881214713825e-02
1.766014881214713825e-02
1.766014881214713825e-02
1.766014881214713825e-02
1.766014881214713825e-02
1.766014881214713825e-02
1.766014881214713825e-02
3.385204078300597247e-02
3.385204078300597247e-02
3.385204078300597247e-02
3.396270076178840164e-02
3.396270076178840164e-02
3.396270076178840164e-02
1.831535861612444346e-02
4.167176988140726401e-02
4.167176988140726401e-02
2.577024181490530225e-02
5.274756456041656411e-02
5.274756456041656411e-02
1.421918647459084750e-02
1.421918647459084750e-02
1.421918647459084750e-02
1.421918647459084750e-02
1.421918647459084750e-02
1.421918647459084750e-02
1.421918647459084750e-02
1.421918647459084750e-02
1.421918647459084750e-02
1.421918647459084750e-02
1.421918647459084750e-02
1.189161424541070565e-02
1.189161424541070565e-02
1.189161424541070565e-02
1.189161424541070565e-02
1.189161424541070565e-02
1.189161424541070565e-02
1.189161424541070565e-02
1.189161424541070565e-02
1.189161424541070565e-02
1.189161424541070565e-02
1.158024438850507008e-02
1.095684591520425591e-02
1.095684591520425591e-02
1.095684591520425591e-02
1.095684591520425591e-02
1.095684591520425591e-02
2.609165867505936279e-02
3.682299425839476170e-02
3.682299425839476170e-02
3.682299425839476170e-02
3.682299425839476170e-02
3.682299425839476170e-02
1.613222819644065820e-03
1.613222819644065820e-03
1.613222819644065820e-03
1.790510638013472211e-01
1.790510638013472211e-01
1.790510638013472211e-01
1.790510638013472211e-01
1.790510638013472211e-01
2.803225301222772754e-03
2.803225301222772754e-03
2.803225301222772754e-03
1.344968154826585438e-02
1.344968154826585438e-02
1.344968154826585438e-02
1.344968154826585438e-02
1.344968154826585438e-02
1.344968154826585438e-02
1.344968154826585438e-02
9.498100716977193533e-03
9.498100716977193533e-03
9.498100716977193533e-03
9.498100716977193533e-03
9.498100716977193533e-03
9.498100716977193533e-03
9.498100716977193533e-03
9.498100716977193533e-03
3.259938047891024898e-02
6.512290417589922109e-02
6.512290417589922109e-02
6.512290417589922109e-02
5.391737972283824204e-02
5.391737972283824204e-02
5.391737972283824204e-02
5.391737972283824204e-02
5.391737972283824204e-02
5.391737972283824204e-02
3.177056469975120256e-02
7.703182082669760011e-02
7.703182082669760011e-02
7.703182082669760011e-02
7.703182082669760011e-02
7.703182082669760011e-02
7.703182082669760011e-02
5.929558008019813337e-02
5.929558008019813337e-02
5.929558008019813337e-02
5.929558008019813337e-02
5.929558008019813337e-02
5.929558008019813337e-02
5.929558008019813337e-02
5.929558008019813337e-02
5.929558008019813337e-02
1.930453388590509106e-02
1.294524789560989007e-02
1.294524789560989007e-02
8.278225484129879408e-02
5.450594192948154254e-02
5.450594192948154254e-02
1.074287939567856176e-01
1.074287939567856176e-01
1.074287939567856176e-01
1.074287939567856176e-01
1.074287939567856176e-01
1.074287939567856176e-01
1.074287939567856176e-01
2.368302285207060653e-02
2.538453385417989774e-02
2.538453385417989774e-02
2.538453385417989774e-02
2.538453385417989774e-02
2.538453385417989774e-02
2.538453385417989774e-02
2.538453385417989774e-02
1.124612453290936218e-02
1.124612453290936218e-02
1.124612453290936218e-02
1.124612453290936218e-02
1.124612453290936218e-02
1.124612453290936218e-02
1.124612453290936218e-02
1.124612453290936218e-02
4.186580134470107434e-02
3.244017297918007359e-02
3.244017297918007359e-02
1.291237564525047135e-02
2.547397217128241284e-02
2.547397217128241284e-02
8.044896016676475623e-10
8.044896016676475623e-10
8.044896016676475623e-10
8.044896016676475623e-10
8.044896016676475623e-10
8.044896016676475623e-10
8.044896016676475623e-10
8.044896016676475623e-10
8.044896016676475623e-10
8.044896016676475623e-10
8.044896016676475623e-10
8.044896016676475623e-10
8.044896016676475623e-10
8.044896016676475623e-10
3.140455921704589370e-02
2.521918075256808500e-02
7.786547561752803215e-02
7.786547561752803215e-02
7.786547561752803215e-02
7.786547561752803215e-02
7.786547561752803215e-02
7.786547561752803215e-02
7.786547561752803215e-02
7.786547561752803215e-02
7.786547561752803215e-02
7.786547561752803215e-02
7.786547561752803215e-02
7.786547561752803215e-02
7.786547561752803215e-02
7.786547561752803215e-02
7.786547561752803215e-02
5.553288601458559147e-03
4.140074074177191310e-02
4.140074074177191310e-02
4.140074074177191310e-02
4.140074074177191310e-02
2.940704105352116848e-02
8.923055896613227560e-05
8.923055896613227560e-05
8.923055896613227560e-05
8.923055896613227560e-05
8.923055896613227560e-05
8.923055896613227560e-05
3.968174106110646665e-02
3.673917332533889468e-02
3.673917332533889468e-02
1.549485499778311542e-02
1.549485499778311542e-02
1.549485499778311542e-02
1.549485499778311542e-02
3.933817975442312903e-03
3.933817975442312903e-03
3.933817975442312903e-03
3.933817975442312903e-03
3.933817975442312903e-03
3.933817975442312903e-03
1.311884567183551828e-02
1.311884567183551828e-02
1.311884567183551828e-02
1.102947130748528799e-02
1.102947130748528799e-02
1.102947130748528799e-02
2.245520348190738376e-03
2.727149480289547262e-02
2.727149480289547262e-02
2.727149480289547262e-02
2.727149480289547262e-02
2.727149480289547262e-02
2.727149480289547262e-02
4.600589604274651911e-02
4.705084419559441011e-02
4.705084419559441011e-02
4.705084419559441011e-02
4.705084419559441011e-02
4.705084419559441011e-02
3.462152746993826108e-02
3.462152746993826108e-02
3.462152746993826108e-02
3.462152746993826108e-02
3.462152746993826108e-02
1.732740541789647842e-02
1.732740541789647842e-02
1.732740541789647842e-02
2.074084510128985925e-02
2.074084510128985925e-02
2.074084510128985925e-02
1.374549374484032235e-02
2.041410689224156319e-02
2.041410689224156319e-02
2.041410689224156319e-02
2.041410689224156319e-02
2.041410689224156319e-02
2.041410689224156319e-02
2.616561729482784135e-02
2.616561729482784135e-02
2.616561729482784135e-02
2.616561729482784135e-02
2.616561729482784135e-02
2.616561729482784135e-02
1.868667118287395748e-02
2.210911271904515696e-02
2.210911271904515696e-02
2.210911271904515696e-02
2.210911271904515696e-02
2.210911271904515696e-02
2.210911271904515696e-02
2.210911271904515696e-02
2.210911271904515696e-02
2.210911271904515696e-02
2.210911271904515696e-02
2.210911271904515696e-02
2.210911271904515696e-02
2.210911271904515696e-02
2.210911271904515696e-02
2.210911271904515696e-02
2.121590656978980527e-02
2.121590656978980527e-02
2.121590656978980527e-02
2.121590656978980527e-02
2.121590656978980527e-02
2.121590656978980527e-02
2.121590656978980527e-02
2.121590656978980527e-02
2.121590656978980527e-02
2.121590656978980527e-02
2.121590656978980527e-02
2.121590656978980527e-02
2.121590656978980527e-02
2.121590656978980527e-02
2.121590656978980527e-02
2.956066245620057528e-02
5.517757589556611386e-02
5.517757589556611386e-02
5.517757589556611386e-02
5.517757589556611386e-02
5.517757589556611386e-02
5.517757589556611386e-02
5.517757589556611386e-02
5.517757589556611386e-02
5.517757589556611386e-02
5.517757589556611386e-02
5.517757589556611386e-02
3.071629909495748878e-02
5.307833623065930095e-02
5.307833623065930095e-02
5.307833623065930095e-02
5.307833623065930095e-02
5.307833623065930095e-02
5.307833623065930095e-02
5.307833623065930095e-02
5.307833623065930095e-02
5.307833623065930095e-02
5.307833623065930095e-02
5.307833623065930095e-02
2.858293803513797457e-02
4.889519067698278737e-02
4.889519067698278737e-02
4.889519067698278737e-02
4.889519067698278737e-02
4.889519067698278737e-02
4.889519067698278737e-02
4.889519067698278737e-02
4.889519067698278737e-02
4.889519067698278737e-02
9.626561367354635051e-03
3.693638471505064635e-02
3.693638471505064635e-02
3.693638471505064635e-02
3.693638471505064635e-02
3.693638471505064635e-02
3.693638471505064635e-02
3.693638471505064635e-02
3.693638471505064635e-02
3.693638471505064635e-02
3.693638471505064635e-02
4.835619422279929108e-02
4.835619422279929108e-02
4.835619422279929108e-02
4.835619422279929108e-02
4.835619422279929108e-02
4.835619422279929108e-02
4.835619422279929108e-02
4.835619422279929108e-02
4.835619422279929108e-02
4.835619422279929108e-02
1.642954848474820900e-02
1.642954848474820900e-02
1.642954848474820900e-02
1.642954848474820900e-02
1.642954848474820900e-02
1.642954848474820900e-02
5.738216946431511090e-02
5.738216946431511090e-02
5.738216946431511090e-02
5.738216946431511090e-02
5.738216946431511090e-02
5.738216946431511090e-02
5.738216946431511090e-02
5.738216946431511090e-02
3.556425477693367365e-02
3.556425477693367365e-02
3.556425477693367365e-02
3.556425477693367365e-02
3.556425477693367365e-02
3.556425477693367365e-02
5.711777928704755980e-02
5.711777928704755980e-02
5.711777928704755980e-02
5.711777928704755980e-02
5.711777928704755980e-02
5.711777928704755980e-02
4.150611533150252996e-02
4.150611533150252996e-02
4.150611533150252996e-02
4.150611533150252996e-02
4.150611533150252996e-02
4.150611533150252996e-02
4.700487264965074602e-02
4.700487264965074602e-02
4.700487264965074602e-02
6.258125925342877816e-02
6.258125925342877816e-02
6.258125925342877816e-02
6.258125925342877816e-02
4.774986550483280995e-02
4.774986550483280995e-02
4.774986550483280995e-02
5.010279774628020009e-03
2.566919107569002115e-02
2.566919107569002115e-02
2.566919107569002115e-02
2.566919107569002115e-02
2.566919107569002115e-02
2.566919107569002115e-02
4.851213350531607266e-03
2.559658387770917878e-02
2.559658387770917878e-02
2.559658387770917878e-02
2.559658387770917878e-02
2.559658387770917878e-02
2.330395846489182257e-02
2.330395846489182257e-02
2.330395846489182257e-02
2.330395846489182257e-02
2.330395846489182257e-02
2.330395846489182257e-02
7.768057834492021752e-02
6.004603029427409838e-02
6.004603029427409838e-02
0.000000000000000000e+00
0.000000000000000000e+00
0.000000000000000000e+00
0.000000000000000000e+00
6.368640970160688308e-02
6.324768468695048107e-02
6.324768468695048107e-02
1.371480068442613443e-01
1.371480068442613443e-01
1.371480068442613443e-01
1.371480068442613443e-01
7.733629459680725626e-02
7.733629459680725626e-02
7.733629459680725626e-02
7.733629459680725626e-02
7.733629459680725626e-02
7.733629459680725626e-02
7.481265401680692317e-02
7.481265401680692317e-02
7.481265401680692317e-02
7.481265401680692317e-02
7.481265401680692317e-02
7.481265401680692317e-02
7.481265401680692317e-02
7.481265401680692317e-02
2.438409460961984618e-02
2.438409460961984618e-02
2.438409460961984618e-02
2.438409460961984618e-02
2.438409460961984618e-02
2.915844104685309107e-02
5.378797604000863652e-02
5.378797604000863652e-02
5.378797604000863652e-02
5.378797604000863652e-02
5.378797604000863652e-02
5.378797604000863652e-02
5.378797604000863652e-02
5.378797604000863652e-02
5.378797604000863652e-02
5.378797604000863652e-02
5.378797604000863652e-02
2.267728070958445127e-02
2.267728070958445127e-02
2.267728070958445127e-02
2.267728070958445127e-02
1.247151910712220209e-02
1.689804727963902659e-02
1.689804727963902659e-02
2.766622074819460528e-02
2.766622074819460528e-02
2.766622074819460528e-02
2.102234200412752066e-02
2.102234200412752066e-02
2.102234200412752066e-02
2.102234200412752066e-02
9.871654822570860924e-03
9.871654822570860924e-03
9.871654822570860924e-03
9.871654822570860924e-03
9.871654822570860924e-03
1.866777855778550127e-02
1.866777855778550127e-02
1.866777855778550127e-02
2.082850111785762570e-02
2.082850111785762570e-02
2.082850111785762570e-02
2.082850111785762570e-02
2.238101056796502550e-02
2.238101056796502550e-02
2.238101056796502550e-02
2.238101056796502550e-02
8.136783144131815720e-03
8.136783144131815720e-03
8.136783144131815720e-03
8.136783144131815720e-03
8.136783144131815720e-03
8.136783144131815720e-03
8.136783144131815720e-03
1.351822163469394537e-02
1.351822163469394537e-02
1.351822163469394537e-02
1.351822163469394537e-02
1.351822163469394537e-02
1.351822163469394537e-02
1.351822163469394537e-02
1.351822163469394537e-02
1.351822163469394537e-02
9.037843265236924703e-03
9.037843265236924703e-03
9.037843265236924703e-03
1.200196164458834994e-02
1.200196164458834994e-02
1.200196164458834994e-02
1.200196164458834994e-02
1.200196164458834994e-02
1.200196164458834994e-02
1.200196164458834994e-02
8.384577691936500113e-03
8.384577691936500113e-03
8.384577691936500113e-03
8.384577691936500113e-03
7.675109251965874652e-03
7.675109251965874652e-03
7.675109251965874652e-03
7.675109251965874652e-03
7.675109251965874652e-03
8.263255334869528540e-03
8.263255334869528540e-03
8.263255334869528540e-03
8.263255334869528540e-03
8.263255334869528540e-03
8.263255334869528540e-03
5.914601481277192985e-02
5.914601481277192985e-02
5.914601481277192985e-02
5.914601481277192985e-02
5.914601481277192985e-02
5.914601481277192985e-02
0.000000000000000000e+00
0.000000000000000000e+00
0.000000000000000000e+00
0.000000000000000000e+00
0.000000000000000000e+00
0.000000000000000000e+00
1.877407172793603418e-02
4.414054251517472022e-02
4.414054251517472022e-02
4.414054251517472022e-02
4.414054251517472022e-02
4.414054251517472022e-02
4.414054251517472022e-02
4.414054251517472022e-02
4.414054251517472022e-02
4.414054251517472022e-02
4.414054251517472022e-02
4.414054251517472022e-02
4.414054251517472022e-02
4.414054251517472022e-02
4.414054251517472022e-02
4.414054251517472022e-02
4.414054251517472022e-02
4.414054251517472022e-02
4.932531904829810798e-02
4.932531904829810798e-02
4.932531904829810798e-02
4.932531904829810798e-02
4.932531904829810798e-02
4.932531904829810798e-02
4.932531904829810798e-02
4.932531904829810798e-02
2.886932586672969966e-02
2.886932586672969966e-02
2.886932586672969966e-02
2.886932586672969966e-02
2.886932586672969966e-02
3.286928000130138333e-02
3.286928000130138333e-02
3.286928000130138333e-02
3.286928000130138333e-02
3.286928000130138333e-02
4.368758622175856338e-02
4.368758622175856338e-02
4.368758622175856338e-02
4.368758622175856338e-02
4.368758622175856338e-02
1.924179380451999585e-02
1.924179380451999585e-02
1.924179380451999585e-02
1.924179380451999585e-02
1.924179380451999585e-02
1.924179380451999585e-02
1.924179380451999585e-02
1.896352396965341955e-02
1.896352396965341955e-02
1.896352396965341955e-02
1.896352396965341955e-02
1.896352396965341955e-02
1.461842223798770837e-02
1.461842223798770837e-02
1.461842223798770837e-02
1.461842223798770837e-02
1.461842223798770837e-02
1.461842223798770837e-02
1.461842223798770837e-02
1.461842223798770837e-02
5.138271302996576251e-02
5.138271302996576251e-02
5.138271302996576251e-02
5.138271302996576251e-02
5.138271302996576251e-02
2.701772165819682839e-02
2.701772165819682839e-02
2.701772165819682839e-02
2.701772165819682839e-02
2.701772165819682839e-02
2.701772165819682839e-02
2.612557857596699284e-02
3.926297770561989336e-02
3.926297770561989336e-02
3.926297770561989336e-02
3.926297770561989336e-02
3.926297770561989336e-02
3.926297770561989336e-02
3.926297770561989336e-02
3.926297770561989336e-02
3.926297770561989336e-02
3.926297770561989336e-02
3.926297770561989336e-02
3.926297770561989336e-02
3.926297770561989336e-02
3.926297770561989336e-02
3.926297770561989336e-02
3.926297770561989336e-02
3.926297770561989336e-02
3.926297770561989336e-02
3.926297770561989336e-02
3.729472386165488818e-02
3.944123225047278108e-02
3.944123225047278108e-02
3.944123225047278108e-02
3.944123225047278108e-02
3.944123225047278108e-02
3.944123225047278108e-02
3.944123225047278108e-02
3.944123225047278108e-02
3.944123225047278108e-02
3.944123225047278108e-02
3.944123225047278108e-02
3.944123225047278108e-02
3.944123225047278108e-02
3.944123225047278108e-02
3.944123225047278108e-02
3.944123225047278108e-02
3.944123225047278108e-02
3.944123225047278108e-02
3.944123225047278108e-02
3.944123225047278108e-02
7.029220720731556293e-02
7.029220720731556293e-02
7.029220720731556293e-02
7.029220720731556293e-02
7.029220720731556293e-02
7.029220720731556293e-02
7.029220720731556293e-02
7.029220720731556293e-02
7.029220720731556293e-02
7.029220720731556293e-02
7.595651980419183824e-02
7.595651980419183824e-02
7.595651980419183824e-02
7.595651980419183824e-02
7.595651980419183824e-02
7.595651980419183824e-02
7.595651980419183824e-02
7.595651980419183824e-02
7.595651980419183824e-02
7.595651980419183824e-02
7.595651980419183824e-02
7.595651980419183824e-02
5.995250874192441237e-02
5.995250874192441237e-02
5.995250874192441237e-02
5.995250874192441237e-02
5.995250874192441237e-02
5.995250874192441237e-02
5.995250874192441237e-02
5.995250874192441237e-02
4.358017099027555741e-02
4.358017099027555741e-02
4.358017099027555741e-02
2.970407844555629159e-02
2.970407844555629159e-02
2.970407844555629159e-02
2.970407844555629159e-02
2.970407844555629159e-02
2.118758038289596940e-02
2.118758038289596940e-02
2.118758038289596940e-02
2.118758038289596940e-02
6.220444238874790061e-03
6.220444238874790061e-03
6.220444238874790061e-03
7.741468466734453650e-03
7.741468466734453650e-03
7.741468466734453650e-03
3.029312201860710155e-03
3.029312201860710155e-03
3.029312201860710155e-03
3.029312201860710155e-03
3.029312201860710155e-03
3.029312201860710155e-03
3.029312201860710155e-03
3.029312201860710155e-03
3.029312201860710155e-03
3.029312201860710155e-03
3.029312201860710155e-03
3.029312201860710155e-03
1.071170510920458306e-02
1.071170510920458306e-02
1.071170510920458306e-02
1.071170510920458306e-02
1.071170510920458306e-02
1.071170510920458306e-02
1.071170510920458306e-02
1.071170510920458306e-02
1.071170510920458306e-02
1.071170510920458306e-02
1.071170510920458306e-02
1.071170510920458306e-02
1.071170510920458306e-02
1.071170510920458306e-02
1.107068073681241605e-02
1.107068073681241605e-02
1.107068073681241605e-02
1.107068073681241605e-02
1.107068073681241605e-02
1.107068073681241605e-02
1.107068073681241605e-02
1.107068073681241605e-02
1.107068073681241605e-02
3.680134762551180022e-02
3.680134762551180022e-02
3.680134762551180022e-02
3.680134762551180022e-02
3.680134762551180022e-02
3.680134762551180022e-02
3.680134762551180022e-02
3.680134762551180022e-02
3.680134762551180022e-02
3.680134762551180022e-02
6.210009047840587236e-03
6.210009047840587236e-03
6.210009047840587236e-03
6.210009047840587236e-03
6.210009047840587236e-03
6.210009047840587236e-03
6.210009047840587236e-03
4.018793086205491027e-02
4.018793086205491027e-02
4.018793086205491027e-02
4.018793086205491027e-02
4.018793086205491027e-02
4.018793086205491027e-02
4.018793086205491027e-02
4.018793086205491027e-02
4.018793086205491027e-02
4.018793086205491027e-02
4.018793086205491027e-02
4.018793086205491027e-02
4.018793086205491027e-02
4.018793086205491027e-02
4.018793086205491027e-02
4.018793086205491027e-02
4.934289946541587507e-02
4.934289946541587507e-02
4.934289946541587507e-02
4.000867038982697937e-02
4.000867038982697937e-02
4.000867038982697937e-02
4.000867038982697937e-02
4.000867038982697937e-02
4.000867038982697937e-02
4.000867038982697937e-02
4.000867038982697937e-02
4.000867038982697937e-02
4.000867038982697937e-02
4.000867038982697937e-02
4.000867038982697937e-02
4.000867038982697937e-02
4.000867038982697937e-02
4.000867038982697937e-02
4.000867038982697937e-02
4.000867038982697937e-02
4.000867038982697937e-02
9.986805117045572527e-03
9.986805117045572527e-03
9.986805117045572527e-03
0.000000000000000000e+00
0.000000000000000000e+00
0.000000000000000000e+00
0.000000000000000000e+00
0.000000000000000000e+00
0.000000000000000000e+00
0.000000000000000000e+00
0.000000000000000000e+00
0.000000000000000000e+00
0.000000000000000000e+00
0.000000000000000000e+00
8.043616879721694757e-02
8.043616879721694757e-02
8.043616879721694757e-02
8.043616879721694757e-02
6.452571353191131898e-02
6.452571353191131898e-02
6.452571353191131898e-02
6.452571353191131898e-02
6.056195070777471018e-02
6.056195070777471018e-02
6.056195070777471018e-02
6.056195070777471018e-02
5.161685891451336938e-02
5.161685891451336938e-02
5.161685891451336938e-02
5.161685891451336938e-02
5.161685891451336938e-02
7.459861465451182727e-02
7.459861465451182727e-02
7.459861465451182727e-02
7.346983154622831191e-02
7.346983154622831191e-02
7.346983154622831191e-02
5.795663477435346322e-02
5.795663477435346322e-02
5.795663477435346322e-02
5.593572638773453704e-02
5.593572638773453704e-02
5.593572638773453704e-02
5.593572638773453704e-02
5.593572638773453704e-02
5.593572638773453704e-02
5.593572638773453704e-02
5.593572638773453704e-02
1.504998304401377641e-02
1.504998304401377641e-02
1.504998304401377641e-02
1.504998304401377641e-02
4.181516141518242663e-02
4.181516141518242663e-02
4.181516141518242663e-02
4.181516141518242663e-02
4.181516141518242663e-02
4.181516141518242663e-02
5.906838954503264294e-02
5.906838954503264294e-02
5.906838954503264294e-02
5.906838954503264294e-02
5.906838954503264294e-02
5.906838954503264294e-02
5.906838954503264294e-02
4.687029842959358761e-02
4.687029842959358761e-02
4.687029842959358761e-02
4.687029842959358761e-02
4.687029842959358761e-02
3.168055527394174342e-02
3.168055527394174342e-02
3.168055527394174342e-02
3.168055527394174342e-02
3.168055527394174342e-02
3.168055527394174342e-02
3.168055527394174342e-02
3.168055527394174342e-02
3.168055527394174342e-02
3.168055527394174342e-02
3.168055527394174342e-02
3.168055527394174342e-02
3.168055527394174342e-02
3.168055527394174342e-02
3.168055527394174342e-02
3.168055527394174342e-02
3.168055527394174342e-02
3.168055527394174342e-02
3.168055527394174342e-02
3.359488843484895182e-02
3.359488843484895182e-02
3.359488843484895182e-02
3.359488843484895182e-02
3.359488843484895182e-02
3.359488843484895182e-02
3.359488843484895182e-02
3.359488843484895182e-02
3.359488843484895182e-02
3.359488843484895182e-02
3.359488843484895182e-02
3.359488843484895182e-02
3.359488843484895182e-02
3.359488843484895182e-02
3.359488843484895182e-02
3.359488843484895182e-02
3.359488843484895182e-02
3.359488843484895182e-02
3.359488843484895182e-02
3.359488843484895182e-02
5.746829199549651629e-02
5.746829199549651629e-02
5.746829199549651629e-02
5.746829199549651629e-02
5.746829199549651629e-02
5.746829199549651629e-02
5.934722048272422779e-02
3.218134833573216280e-02
3.218134833573216280e-02
3.218134833573216280e-02
3.218134833573216280e-02
3.218134833573216280e-02
3.218134833573216280e-02
3.218134833573216280e-02
3.218134833573216280e-02
3.218134833573216280e-02
3.218134833573216280e-02
3.218134833573216280e-02
3.218134833573216280e-02
3.218134833573216280e-02
3.218134833573216280e-02
3.218134833573216280e-02
3.218134833573216280e-02
3.218134833573216280e-02
3.218134833573216280e-02
3.218134833573216280e-02
2.837759094078476027e-02
2.837759094078476027e-02
2.837759094078476027e-02
8.210954523670430105e-02
8.703848414606148165e-02
8.703848414606148165e-02
8.703848414606148165e-02
8.703848414606148165e-02
1.209788087500349718e-10
1.209788087500349718e-10
1.209788087500349718e-10
1.209788087500349718e-10
8.974627278051515444e-02
8.974627278051515444e-02
8.974627278051515444e-02
8.974627278051515444e-02
2.407225627705520191e-02
2.407225627705520191e-02
2.407225627705520191e-02
2.407225627705520191e-02
4.612530624119935696e-02
4.612530624119935696e-02
4.612530624119935696e-02
4.612530624119935696e-02
4.612530624119935696e-02
4.612530624119935696e-02
4.612530624119935696e-02
4.612530624119935696e-02
4.612530624119935696e-02
4.612530624119935696e-02
4.612530624119935696e-02
4.612530624119935696e-02
4.612530624119935696e-02
4.612530624119935696e-02
4.612530624119935696e-02
4.612530624119935696e-02
4.612530624119935696e-02
4.612530624119935696e-02
4.612530624119935696e-02
4.612530624119935696e-02
4.612530624119935696e-02
7.303281597336444553e-02
7.303281597336444553e-02
7.303281597336444553e-02
7.303281597336444553e-02
7.303281597336444553e-02
3.888965591790515680e-02
3.888965591790515680e-02
3.888965591790515680e-02
3.888965591790515680e-02
3.888965591790515680e-02
3.888965591790515680e-02
3.888965591790515680e-02
4.996354631584329353e-02
4.996354631584329353e-02
4.996354631584329353e-02
4.996354631584329353e-02
4.996354631584329353e-02
2.864209883771991205e-02
2.864209883771991205e-02
2.864209883771991205e-02
2.159025354992322177e-04
2.159025354992322177e-04
2.159025354992322177e-04
2.159025354992322177e-04
2.159025354992322177e-04
2.159025354992322177e-04
2.159025354992322177e-04
1.527499761585098502e-02
1.527499761585098502e-02
1.527499761585098502e-02
1.527499761585098502e-02
3.088318523178281913e-02
3.088318523178281913e-02
3.088318523178281913e-02
3.088318523178281913e-02
3.088318523178281913e-02
3.088318523178281913e-02
4.993556229146866449e-02
4.993556229146866449e-02
4.993556229146866449e-02
4.993556229146866449e-02
9.179272927296756868e-02
9.179272927296756868e-02
9.179272927296756868e-02
9.179272927296756868e-02
9.179272927296756868e-02
9.179272927296756868e-02
8.903734107432055567e-02
8.903734107432055567e-02
8.903734107432055567e-02
8.903734107432055567e-02
8.903734107432055567e-02
8.903734107432055567e-02
9.879701598668795548e-02
9.879701598668795548e-02
9.879701598668795548e-02
9.879701598668795548e-02
9.879701598668795548e-02
9.879701598668795548e-02
2.597888696391990535e-02
2.597888696391990535e-02
2.597888696391990535e-02
2.597888696391990535e-02
2.597888696391990535e-02
5.719167301655781604e-02
5.719167301655781604e-02
5.719167301655781604e-02
5.719167301655781604e-02
5.719167301655781604e-02
2.507816064930834879e-02
2.507816064930834879e-02
2.507816064930834879e-02
2.507816064930834879e-02
5.216464232718722588e-02
5.216464232718722588e-02
5.216464232718722588e-02
5.216464232718722588e-02
5.216464232718722588e-02
5.216464232718722588e-02
5.216464232718722588e-02
2.528304363762885407e-02
2.528304363762885407e-02
2.528304363762885407e-02
2.528304363762885407e-02
5.602736733426039867e-02
5.602736733426039867e-02
5.602736733426039867e-02
5.602736733426039867e-02
5.602736733426039867e-02
5.602736733426039867e-02
5.602736733426039867e-02
6.905027957690840039e-03
6.905027957690840039e-03
6.905027957690840039e-03
6.905027957690840039e-03
2.059754926754605101e-02
2.059754926754605101e-02
2.059754926754605101e-02
2.059754926754605101e-02
2.059754926754605101e-02
2.059754926754605101e-02
2.059754926754605101e-02
2.059754926754605101e-02
1.226139135688709275e-02
1.226139135688709275e-02
1.226139135688709275e-02
1.912183723270490313e-02
1.912183723270490313e-02
1.912183723270490313e-02
2.019783650620567139e-02
2.019783650620567139e-02
2.019783650620567139e-02
2.525533587543201536e-02
2.525533587543201536e-02
2.525533587543201536e-02
2.525533587543201536e-02
5.231796730371351956e-02
5.231796730371351956e-02
5.231796730371351956e-02
5.231796730371351956e-02
5.231796730371351956e-02
5.231796730371351956e-02
5.231796730371351956e-02
7.721407728900515043e-03
7.721407728900515043e-03
7.721407728900515043e-03
1.075580682516233053e-02
1.075580682516233053e-02
1.075580682516233053e-02
1.075580682516233053e-02
1.478146754772184136e-02
1.478146754772184136e-02
1.478146754772184136e-02
8.712324792170631632e-03
8.712324792170631632e-03
8.712324792170631632e-03
1.263875218793620789e-02
1.263875218793620789e-02
1.263875218793620789e-02
1.263875218793620789e-02
1.263875218793620789e-02
6.662731930847534331e-03
6.662731930847534331e-03
6.662731930847534331e-03
7.669984553689497379e-03
1.015318253897630647e-02
1.015318253897630647e-02
1.015318253897630647e-02
1.015318253897630647e-02
9.747362003655841989e-03
9.185893299932608794e-03
9.185893299932608794e-03
9.185893299932608794e-03
9.185893299932608794e-03
9.185893299932608794e-03
8.111724397602697312e-02
8.111724397602697312e-02
8.111724397602697312e-02
4.960497580648388222e-02
4.960497580648388222e-02
4.960497580648388222e-02
3.817878974912242108e-05
2.032876402259664594e-02
2.032876402259664594e-02
3.190673474518742649e-03
3.516538385420770862e-03
3.516538385420770862e-03
3.516538385420770862e-03
3.516538385420770862e-03
3.707916785333700751e-03
2.291263617804574406e-03
2.291263617804574406e-03
2.291263617804574406e-03
5.119886096559419890e-03
9.048239693548754473e-03
9.048239693548754473e-03
9.048239693548754473e-03
9.048239693548754473e-03
9.048239693548754473e-03
9.048239693548754473e-03
9.048239693548754473e-03
2.546692447010050903e-02
1.371400105694936360e-03
1.371400105694936360e-03
1.722255613018303724e-11
1.722255613018303724e-11
1.722255613018303724e-11
1.722255613018303724e-11
1.722255613018303724e-11
1.722255613018303724e-11
1.722255613018303724e-11
1.722255613018303724e-11
1.722255613018303724e-11
4.516419694615763161e-03
1.276732312373783131e-03
7.087029294262083348e-03
7.087029294262083348e-03
7.087029294262083348e-03
7.087029294262083348e-03
7.087029294262083348e-03
7.087029294262083348e-03
7.087029294262083348e-03
7.087029294262083348e-03
7.087029294262083348e-03
7.087029294262083348e-03
7.087029294262083348e-03
0.000000000000000000e+00
0.000000000000000000e+00
0.000000000000000000e+00
0.000000000000000000e+00
2.458830321862138374e-02
2.458830321862138374e-02
2.458830321862138374e-02
2.458830321862138374e-02
2.458830321862138374e-02
2.458830321862138374e-02
2.458830321862138374e-02
2.458830321862138374e-02
2.458830321862138374e-02
2.458830321862138374e-02
2.458830321862138374e-02
2.263400950698980091e-02
2.263400950698980091e-02
2.263400950698980091e-02
2.263400950698980091e-02
2.263400950698980091e-02
2.263400950698980091e-02
3.087211774635405595e-02
3.087211774635405595e-02
3.087211774635405595e-02
3.087211774635405595e-02
3.961076144908699630e-03
2.242175771278712235e-03
2.242175771278712235e-03
2.242175771278712235e-03
2.242175771278712235e-03
2.242175771278712235e-03
2.242175771278712235e-03
4.160932368829556305e-03
4.160932368829556305e-03
4.160932368829556305e-03
4.160932368829556305e-03
4.160932368829556305e-03
4.160932368829556305e-03
4.160932368829556305e-03
4.160932368829556305e-03
4.160932368829556305e-03
1.350522952671668643e-02
2.670807164486769560e-03
2.670807164486769560e-03
5.097279362217783938e-02
5.097279362217783938e-02
5.097279362217783938e-02
5.097279362217783938e-02
4.309878358524313335e-02
4.279028126351311356e-02
4.279028126351311356e-02
4.279028126351311356e-02
3.053179363979017754e-10
3.053179363979017754e-10
3.053179363979017754e-10
3.053179363979017754e-10
3.053179363979017754e-10
3.053179363979017754e-10
1.486702420038446201e-02
1.405286793445820930e-03
1.405286793445820930e-03
1.405286793445820930e-03
1.405286793445820930e-03
1.405286793445820930e-03
1.405286793445820930e-03
1.405286793445820930e-03
1.405286793445820930e-03
1.405286793445820930e-03
1.405286793445820930e-03
1.405286793445820930e-03
4.411094455939521333e-03
4.411094455939521333e-03
4.411094455939521333e-03
4.411094455939521333e-03
4.411094455939521333e-03
4.411094455939521333e-03
4.411094455939521333e-03
4.411094455939521333e-03
4.411094455939521333e-03
4.411094455939521333e-03
4.411094455939521333e-03
4.411094455939521333e-03
4.411094455939521333e-03
4.411094455939521333e-03
5.708066272278804025e-03
5.708066272278804025e-03
5.708066272278804025e-03
5.708066272278804025e-03
5.708066272278804025e-03
5.708066272278804025e-03
5.708066272278804025e-03
5.708066272278804025e-03
5.708066272278804025e-03
5.708066272278804025e-03
5.708066272278804025e-03
5.708066272278804025e-03
5.708066272278804025e-03
4.853728961950355171e-03
4.853728961950355171e-03
4.853728961950355171e-03
4.853728961950355171e-03
4.853728961950355171e-03
4.853728961950355171e-03
4.853728961950355171e-03
4.853728961950355171e-03
4.853728961950355171e-03
4.853728961950355171e-03
4.853728961950355171e-03
4.853728961950355171e-03
4.853728961950355171e-03
4.853728961950355171e-03
4.853728961950355171e-03
4.853728961950355171e-03
5.007759177717245602e-02
5.007759177717245602e-02
5.007759177717245602e-02
5.007759177717245602e-02
6.071530139986781177e-03
6.071530139986781177e-03
6.071530139986781177e-03
6.071530139986781177e-03
6.071530139986781177e-03
6.071530139986781177e-03
6.071530139986781177e-03
6.071530139986781177e-03
6.071530139986781177e-03
6.071530139986781177e-03
6.071530139986781177e-03
6.071530139986781177e-03
6.071530139986781177e-03
6.071530139986781177e-03
6.071530139986781177e-03
3.000926724705886128e-03
3.000926724705886128e-03
3.000926724705886128e-03
3.000926724705886128e-03
3.000926724705886128e-03
3.000926724705886128e-03
3.000926724705886128e-03
3.000926724705886128e-03
3.000926724705886128e-03
3.000926724705886128e-03
3.000926724705886128e-03
3.000926724705886128e-03
3.000926724705886128e-03
3.000926724705886128e-03
1.029557211476316535e-02
1.029557211476316535e-02
1.029557211476316535e-02
1.029557211476316535e-02
1.029557211476316535e-02
1.029557211476316535e-02
1.029557211476316535e-02
1.029557211476316535e-02
1.029557211476316535e-02
1.029557211476316535e-02
1.029557211476316535e-02
1.029557211476316535e-02
2.491878240474817985e-02
2.491878240474817985e-02
2.491878240474817985e-02
2.491878240474817985e-02
2.491878240474817985e-02
4.643161497099184548e-03
4.643161497099184548e-03
4.643161497099184548e-03
4.643161497099184548e-03
4.643161497099184548e-03
4.643161497099184548e-03
4.643161497099184548e-03
4.643161497099184548e-03
4.643161497099184548e-03
4.643161497099184548e-03
4.643161497099184548e-03
4.643161497099184548e-03
4.643161497099184548e-03
4.643161497099184548e-03
2.915659331223732428e-02
1.165837834480088278e-02
1.165837834480088278e-02
1.165837834480088278e-02
1.365880052993333031e-02
1.460393048838501406e-02
1.460393048838501406e-02
1.460393048838501406e-02
1.460393048838501406e-02
1.460393048838501406e-02
1.460393048838501406e-02
1.460393048838501406e-02
1.460393048838501406e-02
1.460393048838501406e-02
1.460393048838501406e-02
1.460393048838501406e-02
1.119290469530397347e-01
1.119290469530397347e-01
1.119290469530397347e-01
1.119290469530397347e-01
1.047994926125051379e-01
1.108802438353601594e-01
1.108802438353601594e-01
1.108802438353601594e-01
2.683913947013282300e-02
2.683913947013282300e-02
2.683913947013282300e-02
3.510880119538445625e-03
3.510880119538445625e-03
3.510880119538445625e-03
3.510880119538445625e-03
3.510880119538445625e-03
3.510880119538445625e-03
3.510880119538445625e-03
3.510880119538445625e-03
3.510880119538445625e-03
3.510880119538445625e-03
3.510880119538445625e-03
3.510880119538445625e-03
3.510880119538445625e-03
3.510880119538445625e-03
4.903722696975404373e-04
4.903722696975404373e-04
4.903722696975404373e-04
4.903722696975404373e-04
4.903722696975404373e-04
3.157650494851723961e-03
3.157650494851723961e-03
3.157650494851723961e-03
3.157650494851723961e-03
3.157650494851723961e-03
3.115125162709133332e-03
3.115125162709133332e-03
3.115125162709133332e-03
3.115125162709133332e-03
3.115125162709133332e-03
3.115125162709133332e-03
1.699711054567009869e-02
1.699711054567009869e-02
1.699711054567009869e-02
1.699711054567009869e-02
1.699711054567009869e-02
1.699711054567009869e-02
1.699711054567009869e-02
1.699711054567009869e-02
1.699711054567009869e-02
1.699711054567009869e-02
1.009073582092332236e-02
1.009073582092332236e-02
1.009073582092332236e-02
1.009073582092332236e-02
5.412280154692128420e-02
5.412280154692128420e-02
5.412280154692128420e-02
5.412280154692128420e-02
5.415017297788298628e-02
5.415017297788298628e-02
5.415017297788298628e-02
5.415017297788298628e-02
1.865797166943710880e-02
1.869688004746839979e-02
1.869688004746839979e-02
8.729837560554131598e-03
8.729837560554131598e-03
8.729837560554131598e-03
2.978672980381236873e-02
2.978672980381236873e-02
2.978672980381236873e-02
2.978672980381236873e-02
2.978672980381236873e-02
2.978672980381236873e-02
2.978672980381236873e-02
2.978672980381236873e-02
2.978672980381236873e-02
2.978672980381236873e-02
2.978672980381236873e-02
2.841449468135191433e-02
2.841449468135191433e-02
2.841449468135191433e-02
2.841449468135191433e-02
2.841449468135191433e-02
2.841449468135191433e-02
2.841449468135191433e-02
2.841449468135191433e-02
2.841449468135191433e-02
2.841449468135191433e-02
2.841449468135191433e-02
2.841449468135191433e-02
1.574129045289477877e-02
1.574129045289477877e-02
1.574129045289477877e-02
1.574129045289477877e-02
1.574129045289477877e-02
1.574129045289477877e-02
1.574129045289477877e-02
1.574129045289477877e-02
1.574129045289477877e-02
1.574129045289477877e-02
1.574129045289477877e-02
1.574129045289477877e-02
1.574129045289477877e-02
1.574129045289477877e-02
1.574129045289477877e-02
1.574129045289477877e-02
1.574129045289477877e-02
8.228510073217244411e-03
8.228510073217244411e-03
8.228510073217244411e-03
8.228510073217244411e-03
8.228510073217244411e-03
8.228510073217244411e-03
8.228510073217244411e-03
8.228510073217244411e-03
8.228510073217244411e-03
8.228510073217244411e-03
8.228510073217244411e-03
8.228510073217244411e-03
8.228510073217244411e-03
8.228510073217244411e-03
4.776780599389812805e-11
4.776780599389812805e-11
4.776780599389812805e-11
4.776780599389812805e-11
4.776780599389812805e-11
4.776780599389812805e-11
4.776780599389812805e-11
4.776780599389812805e-11
4.776780599389812805e-11
4.776780599389812805e-11
4.776780599389812805e-11
4.776780599389812805e-11
2.869226594665020766e-02
2.869226594665020766e-02
2.869226594665020766e-02
3.380095951303094259e-02
3.380095951303094259e-02
3.380095951303094259e-02
2.194577108979610044e-02
2.194577108979610044e-02
2.194577108979610044e-02
2.194577108979610044e-02
2.439787899626081127e-02
2.439787899626081127e-02
2.439787899626081127e-02
2.439787899626081127e-02
1.525114920818246809e-02
1.525114920818246809e-02
1.525114920818246809e-02
1.525114920818246809e-02
1.525114920818246809e-02
1.525114920818246809e-02
1.281168063848808769e-02
1.281168063848808769e-02
1.281168063848808769e-02
1.281168063848808769e-02
1.281168063848808769e-02
1.281168063848808769e-02
1.281168063848808769e-02
2.025714625138046177e-02
2.025714625138046177e-02
2.025714625138046177e-02
2.025714625138046177e-02
2.025714625138046177e-02
2.025714625138046177e-02
2.025714625138046177e-02
2.025714625138046177e-02
2.025714625138046177e-02
2.025714625138046177e-02
2.025714625138046177e-02
2.025714625138046177e-02
2.025714625138046177e-02
2.025714625138046177e-02
2.025714625138046177e-02
8.838637903419348327e-04
8.838637903419348327e-04
8.838637903419348327e-04
8.838637903419348327e-04
8.838637903419348327e-04
8.838637903419348327e-04
8.838637903419348327e-04
1.541311831047443431e-02
1.541311831047443431e-02
1.541311831047443431e-02
1.541311831047443431e-02
1.541311831047443431e-02
1.541311831047443431e-02
1.541311831047443431e-02
1.541311831047443431e-02
1.541517385658670684e-02
1.541517385658670684e-02
1.541517385658670684e-02
1.541517385658670684e-02
1.541517385658670684e-02
1.541517385658670684e-02
1.541517385658670684e-02
1.541517385658670684e-02
1.541517385658670684e-02
1.541517385658670684e-02
1.541517385658670684e-02
1.541517385658670684e-02
1.541517385658670684e-02
1.541517385658670684e-02
1.541517385658670684e-02
1.541517385658670684e-02
1.541517385658670684e-02
6.090340685743020170e-03
6.090340685743020170e-03
6.090340685743020170e-03
6.090340685743020170e-03
6.090340685743020170e-03
6.090340685743020170e-03
6.090340685743020170e-03
6.090340685743020170e-03
6.090340685743020170e-03
6.090340685743020170e-03
6.090340685743020170e-03
6.090340685743020170e-03
4.943190435552162129e-03
4.943190435552162129e-03
4.943190435552162129e-03
4.943190435552162129e-03
4.943190435552162129e-03
4.943190435552162129e-03
4.943190435552162129e-03
4.943190435552162129e-03
4.943190435552162129e-03
4.943190435552162129e-03
4.943190435552162129e-03
4.943190435552162129e-03
1.376091800185755797e-02
1.376091800185755797e-02
1.376091800185755797e-02
1.076403798055267265e-02
1.076403798055267265e-02
1.076403798055267265e-02
1.076403798055267265e-02
2.780152522204954943e-02
2.780152522204954943e-02
2.780152522204954943e-02
3.592779250642277162e-04
1.587820124737603046e-03
1.587820124737603046e-03
1.587820124737603046e-03
2.686680313601612702e-05
2.284802495301520124e-03
2.284802495301520124e-03
2.284802495301520124e-03
2.284802495301520124e-03
2.284802495301520124e-03
1.666387098446805255e-03
3.134231226046675861e-04
3.134231226046675861e-04
3.134231226046675861e-04
3.134231226046675861e-04
3.134231226046675861e-04
4.746942197310871289e-03
1.950253934843080780e-02
1.950253934843080780e-02
1.557384832767774426e-03
4.268064167368392707e-04
4.268064167368392707e-04
2.496561638361448343e-03
5.162253970227885340e-03
5.162253970227885340e-03
5.162253970227885340e-03
1.450335830464800739e-02
1.450335830464800739e-02
1.450335830464800739e-02
1.450335830464800739e-02
1.450335830464800739e-02
1.450335830464800739e-02
1.450335830464800739e-02
1.450335830464800739e-02
1.450335830464800739e-02
1.450335830464800739e-02
1.450335830464800739e-02
1.567491219030260965e-02
1.567491219030260965e-02
1.567491219030260965e-02
1.567491219030260965e-02
1.567491219030260965e-02
1.567491219030260965e-02
1.567491219030260965e-02
1.567491219030260965e-02
1.567491219030260965e-02
1.567491219030260965e-02
4.961583973346798439e-03
1.767568657143617217e-02
1.767568657143617217e-02
1.767568657143617217e-02
6.055404631286749779e-03
8.428045380067004239e-03
8.428045380067004239e-03
8.428045380067004239e-03
8.428045380067004239e-03
8.428045380067004239e-03
2.038965474284336853e-03
1.184543973791370684e-02
1.184543973791370684e-02
3.211629025522033404e-03
3.211629025522033404e-03
3.211629025522033404e-03
3.211629025522033404e-03
3.211629025522033404e-03
7.278719220122838694e-03
7.278719220122838694e-03
7.278719220122838694e-03
7.278719220122838694e-03
7.278719220122838694e-03
7.278719220122838694e-03
7.278719220122838694e-03
2.403266053254265663e-02
2.403266053254265663e-02
2.403266053254265663e-02
2.403266053254265663e-02
2.403266053254265663e-02
2.403266053254265663e-02
2.425154552720010064e-03
2.425154552720010064e-03
2.425154552720010064e-03
2.425154552720010064e-03
2.425154552720010064e-03
7.969958687497977895e-03
4.851419993106227506e-03
4.851419993106227506e-03
4.851419993106227506e-03
4.851419993106227506e-03
4.851419993106227506e-03
1.016629924187762790e-03
1.544693707099114698e-03
1.544693707099114698e-03
1.544693707099114698e-03
1.544693707099114698e-03
1.544693707099114698e-03
1.544693707099114698e-03
1.662681008401697795e-03
1.662681008401697795e-03
1.662681008401697795e-03
1.662681008401697795e-03
1.662681008401697795e-03
1.510948187696043721e-01
1.510948187696043721e-01
1.510948187696043721e-01
7.908077216302983022e-04
7.908077216302983022e-04
7.908077216302983022e-04
7.908077216302983022e-04
7.908077216302983022e-04
4.427367503134086238e-04
4.427367503134086238e-04
4.427367503134086238e-04
4.427367503134086238e-04
4.427367503134086238e-04
4.427367503134086238e-04
8.202794804781578415e-04
8.202794804781578415e-04
8.202794804781578415e-04
8.202794804781578415e-04
8.202794804781578415e-04
8.202794804781578415e-04
8.202794804781578415e-04
2.090337001414933980e-03
2.090337001414933980e-03
2.090337001414933980e-03
2.090337001414933980e-03
2.090337001414933980e-03
2.090337001414933980e-03
2.090337001414933980e-03
4.591806630682843116e-03
4.591806630682843116e-03
4.591806630682843116e-03
4.591806630682843116e-03
4.591806630682843116e-03
4.591806630682843116e-03
4.591806630682843116e-03
4.591806630682843116e-03
4.591806630682843116e-03
4.591806630682843116e-03
4.591806630682843116e-03
4.591806630682843116e-03
7.117076334315794450e-02
7.117076334315794450e-02
7.117076334315794450e-02
4.798857082038498513e-03
2.883066441881907468e-03
2.883066441881907468e-03
2.883066441881907468e-03
2.883066441881907468e-03
2.883066441881907468e-03
8.173062020893963678e-03
1.203472228218651361e-03
1.203472228218651361e-03
1.203472228218651361e-03
1.203472228218651361e-03
1.203472228218651361e-03
1.203472228218651361e-03
1.533554404927673113e-03
1.533554404927673113e-03
1.533554404927673113e-03
1.533554404927673113e-03
1.533554404927673113e-03
1.533554404927673113e-03
2.940570195299783279e-03
2.940570195299783279e-03
2.940570195299783279e-03
2.940570195299783279e-03
2.940570195299783279e-03
2.940570195299783279e-03
3.468724690095188311e-03
3.468724690095188311e-03
3.468724690095188311e-03
3.468724690095188311e-03
3.468724690095188311e-03
3.468724690095188311e-03
3.468724690095188311e-03
3.468724690095188311e-03
3.468724690095188311e-03
3.468724690095188311e-03
3.468724690095188311e-03
3.468724690095188311e-03
1.375240804286717924e-02
1.375240804286717924e-02
1.375240804286717924e-02
1.375240804286717924e-02
1.375240804286717924e-02
1.375240804286717924e-02
1.375240804286717924e-02
1.375240804286717924e-02
2.662245564533752273e-02
2.662245564533752273e-02
2.662245564533752273e-02
2.662245564533752273e-02
2.662245564533752273e-02
2.662245564533752273e-02
2.662245564533752273e-02
2.662245564533752273e-02
2.662245564533752273e-02
2.201784381642803111e-11
2.201784381642803111e-11
2.201784381642803111e-11
2.201784381642803111e-11
2.201784381642803111e-11
2.201784381642803111e-11
2.201784381642803111e-11
2.201784381642803111e-11
2.201784381642803111e-11
2.403436083692466613e-02
2.403436083692466613e-02
2.403436083692466613e-02
2.403436083692466613e-02
2.403436083692466613e-02
2.403436083692466613e-02
2.403436083692466613e-02
2.403436083692466613e-02
2.403436083692466613e-02
3.367881784267873213e-02
2.014944249175630499e-03
2.014944249175630499e-03
2.014944249175630499e-03
2.014944249175630499e-03
2.014944249175630499e-03
2.014944249175630499e-03
3.450487808125744793e-02
1.903377485358100779e-02
1.903377485358100779e-02
1.903377485358100779e-02
1.903377485358100779e-02
1.903377485358100779e-02
1.903377485358100779e-02
1.903377485358100779e-02
1.903377485358100779e-02
1.903377485358100779e-02
8.988436596077299320e-03
1.131925684227144679e-02
1.131925684227144679e-02
1.131925684227144679e-02
1.131925684227144679e-02
1.211563896056678039e-02
1.211563896056678039e-02
1.211563896056678039e-02
1.211563896056678039e-02
1.211563896056678039e-02
1.211563896056678039e-02
1.211563896056678039e-02
1.211563896056678039e-02
6.328469103156875164e-02
1.497582191643810345e-01
1.497582191643810345e-01
1.497582191643810345e-01
1.497582191643810345e-01
1.497582191643810345e-01
3.439509603585638731e-02
3.439509603585638731e-02
3.439509603585638731e-02
1.080616391981439189e-02
1.080616391981439189e-02
1.080616391981439189e-02
1.080616391981439189e-02
1.080616391981439189e-02
1.080616391981439189e-02
1.080616391981439189e-02
1.080616391981439189e-02
1.080616391981439189e-02
1.080616391981439189e-02
1.080616391981439189e-02
1.080616391981439189e-02
1.080616391981439189e-02
1.080616391981439189e-02
1.080616391981439189e-02
1.080616391981439189e-02
1.080616391981439189e-02
1.091031852134688278e-02
1.091031852134688278e-02
1.091031852134688278e-02
1.091031852134688278e-02
1.091031852134688278e-02
1.091031852134688278e-02
1.091031852134688278e-02
1.091031852134688278e-02
1.091031852134688278e-02
1.091031852134688278e-02
1.091031852134688278e-02
1.091031852134688278e-02
1.091031852134688278e-02
1.091031852134688278e-02
1.091031852134688278e-02
9.576631552716111107e-03
1.217736453273416015e-02
1.217736453273416015e-02
1.217736453273416015e-02
1.217736453273416015e-02
1.217736453273416015e-02
1.117405785136536475e-02
7.900456639990392424e-03
7.900456639990392424e-03
7.900456639990392424e-03
7.030055625776681673e-03
7.030055625776681673e-03
7.030055625776681673e-03
2.745131252273388250e-02
2.745131252273388250e-02
2.745131252273388250e-02
1.802433791927684549e-04
1.802433791927684549e-04
1.802433791927684549e-04
1.802433791927684549e-04
1.802433791927684549e-04
1.802433791927684549e-04
1.802433791927684549e-04
8.947601488663040059e-03
8.947601488663040059e-03
8.947601488663040059e-03
8.947601488663040059e-03
8.947601488663040059e-03
8.947601488663040059e-03
8.947601488663040059e-03
8.947601488663040059e-03
8.947601488663040059e-03
8.947601488663040059e-03
8.947601488663040059e-03
8.947601488663040059e-03
8.947601488663040059e-03
8.947601488663040059e-03
8.947601488663040059e-03
8.077561213112479516e-03
8.077561213112479516e-03
8.077561213112479516e-03
6.703301360084490054e-03
6.703301360084490054e-03
6.703301360084490054e-03
6.703301360084490054e-03
6.703301360084490054e-03
6.703301360084490054e-03
6.703301360084490054e-03
6.703301360084490054e-03
8.488156299344061864e-03
8.488156299344061864e-03
8.488156299344061864e-03
8.488156299344061864e-03
8.488156299344061864e-03
8.488156299344061864e-03
4.747213540163523759e-02
2.714211319310304640e-02
2.714211319310304640e-02
2.714211319310304640e-02
2.714211319310304640e-02
2.714211319310304640e-02
4.125010110663477475e-02
4.125010110663477475e-02
4.125010110663477475e-02
6.430777992970766743e-03
6.430777992970766743e-03
6.430777992970766743e-03
2.292270172388503544e-03
2.292270172388503544e-03
2.292270172388503544e-03
2.292270172388503544e-03
2.292270172388503544e-03
2.292270172388503544e-03
2.292270172388503544e-03
2.292270172388503544e-03
9.568369327050763658e-05
9.568369327050763658e-05
9.568369327050763658e-05
9.568369327050763658e-05
9.568369327050763658e-05
9.568369327050763658e-05
9.568369327050763658e-05
9.568369327050763658e-05
6.306116418389240202e-04
6.306116418389240202e-04
6.306116418389240202e-04
6.306116418389240202e-04
5.209003333595096236e-04
5.209003333595096236e-04
5.209003333595096236e-04
9.354053070568893805e-03
1.853556080499126416e-02
1.853556080499126416e-02
1.027712113770661989e-01
1.027712113770661989e-01
1.027712113770661989e-01
1.027712113770661989e-01
1.027712113770661989e-01
1.027712113770661989e-01
1.027712113770661989e-01
3.417715558332153070e-02
3.417715558332153070e-02
3.417715558332153070e-02
3.063664018616844148e-02
3.063664018616844148e-02
3.063664018616844148e-02
1.038862652006012077e-01
1.038862652006012077e-01
1.038862652006012077e-01
1.038862652006012077e-01
1.038862652006012077e-01
1.038862652006012077e-01
3.460583139889854970e-02
3.460583139889854970e-02
3.460583139889854970e-02
3.092895499919882940e-02
3.092895499919882940e-02
3.092895499919882940e-02
3.092895499919882940e-02
1.509185835366899653e-02
1.509185835366899653e-02
1.509185835366899653e-02
1.509185835366899653e-02
1.509185835366899653e-02
3.111796027188293637e-02
3.111796027188293637e-02
3.111796027188293637e-02
6.951832375080728432e-02
6.951832375080728432e-02
6.951832375080728432e-02
6.951832375080728432e-02
1.010565669088163560e-01
1.120719418231151954e-01
1.120719418231151954e-01
1.120719418231151954e-01
1.120719418231151954e-01
1.120719418231151954e-01
3.885044292342964330e-03
3.885044292342964330e-03
3.885044292342964330e-03
3.885044292342964330e-03
2.538319480817472981e-02
2.538319480817472981e-02
2.538319480817472981e-02
2.538319480817472981e-02
2.854109957498695768e-02
2.854109957498695768e-02
2.854109957498695768e-02
2.854109957498695768e-02
2.854109957498695768e-02
2.854109957498695768e-02
2.854109957498695768e-02
2.854109957498695768e-02
2.854109957498695768e-02
2.854109957498695768e-02
2.854109957498695768e-02
2.854109957498695768e-02
2.854109957498695768e-02
2.854109957498695768e-02
2.854109957498695768e-02
2.728856383526335246e-03
2.728856383526335246e-03
2.728856383526335246e-03
2.728856383526335246e-03
1.718243650074741113e-02
1.718243650074741113e-02
1.718243650074741113e-02
1.718243650074741113e-02
7.124815774798530510e-02
7.124815774798530510e-02
7.124815774798530510e-02
7.124815774798530510e-02
1.070207076435729793e-01
1.070207076435729793e-01
1.070207076435729793e-01
9.857980309190021717e-02
9.857980309190021717e-02
9.857980309190021717e-02
9.857980309190021717e-02
8.609331498528269028e-04
8.609331498528269028e-04
8.609331498528269028e-04
8.609331498528269028e-04
3.208490363790597599e-02
3.208490363790597599e-02
3.208490363790597599e-02
3.208490363790597599e-02
2.486607263182082431e-02
2.486607263182082431e-02
2.486607263182082431e-02
2.486607263182082431e-02
2.486607263182082431e-02
3.122369584164241124e-02
3.122369584164241124e-02
3.122369584164241124e-02
3.122369584164241124e-02
3.122369584164241124e-02
3.122369584164241124e-02
3.122369584164241124e-02
3.122369584164241124e-02
3.147404906576632688e-02
3.147404906576632688e-02
3.147404906576632688e-02
6.230634784298442683e-03
6.230634784298442683e-03
6.230634784298442683e-03
6.230634784298442683e-03
2.021283606588217610e-02
1.505242748955048365e-02
1.505242748955048365e-02
1.505242748955048365e-02
1.505242748955048365e-02
1.505242748955048365e-02
1.505242748955048365e-02
1.505242748955048365e-02
1.505242748955048365e-02
1.505242748955048365e-02
1.505242748955048365e-02
1.025806174506202345e-01
1.025806174506202345e-01
1.025806174506202345e-01
3.326445092503550749e-02
3.326445092503550749e-02
3.326445092503550749e-02
3.326445092503550749e-02
3.326445092503550749e-02
3.326445092503550749e-02
5.313241057848962223e-02
5.313241057848962223e-02
5.313241057848962223e-02
5.313241057848962223e-02
5.611840252113583366e-03
5.611840252113583366e-03
5.611840252113583366e-03
5.611840252113583366e-03
2.526262071624417807e-02
2.526262071624417807e-02
2.526262071624417807e-02
2.526262071624417807e-02
2.526262071624417807e-02
2.526262071624417807e-02
1.794270007072620507e-02
1.794270007072620507e-02
1.794270007072620507e-02
1.794270007072620507e-02
1.794270007072620507e-02
1.014103671068098400e-01
1.068338141359122528e-01
1.068338141359122528e-01
8.426791282306130178e-04
8.426791282306130178e-04
8.426791282306130178e-04
8.426791282306130178e-04
1.972407743352086115e-02
1.972407743352086115e-02
1.972407743352086115e-02
2.006933095027578148e-02
2.006933095027578148e-02
2.006933095027578148e-02
8.398727007615826301e-02
8.398727007615826301e-02
8.398727007615826301e-02
8.398727007615826301e-02
6.136083450746223494e-02
6.136083450746223494e-02
6.136083450746223494e-02
6.136083450746223494e-02
6.136083450746223494e-02
6.963437459495661064e-02
6.963437459495661064e-02
6.963437459495661064e-02
8.266678503941393696e-02
8.266678503941393696e-02
8.266678503941393696e-02
9.402069771369515883e-02
9.402069771369515883e-02
9.402069771369515883e-02
7.476164328122046621e-02
7.476164328122046621e-02
7.476164328122046621e-02
2.659193348185702813e-02
2.659193348185702813e-02
2.659193348185702813e-02
2.659193348185702813e-02
2.659193348185702813e-02
2.659193348185702813e-02
3.507694376704061784e-02
3.507694376704061784e-02
3.507694376704061784e-02
3.507694376704061784e-02
3.507694376704061784e-02
3.507694376704061784e-02
3.507694376704061784e-02
3.507694376704061784e-02
3.121090810911504587e-02
3.121090810911504587e-02
3.121090810911504587e-02
5.348104748653667584e-02
5.348104748653667584e-02
5.348104748653667584e-02
9.064799734115207286e-02
9.064799734115207286e-02
9.064799734115207286e-02
9.064799734115207286e-02
9.064799734115207286e-02
5.969558956756012419e-02
5.969558956756012419e-02
5.969558956756012419e-02
5.969558956756012419e-02
5.969558956756012419e-02
5.969558956756012419e-02
5.969558956756012419e-02
4.010220569357618448e-02
4.010220569357618448e-02
4.010220569357618448e-02
6.226408028031306385e-02
6.226408028031306385e-02
6.226408028031306385e-02
6.226408028031306385e-02
6.226408028031306385e-02
6.226408028031306385e-02
6.226408028031306385e-02
2.479594431134286153e-02
2.479594431134286153e-02
2.479594431134286153e-02
9.044581853524266690e-02
1.026434558757295529e-01
1.026434558757295529e-01
1.026434558757295529e-01
1.026434558757295529e-01
7.897740387600513112e-02
7.897740387600513112e-02
7.897740387600513112e-02
7.897740387600513112e-02
3.677697677306727975e-02
3.677697677306727975e-02
3.677697677306727975e-02
3.677697677306727975e-02
2.175005675263853508e-02
2.175005675263853508e-02
2.175005675263853508e-02
2.175005675263853508e-02
4.254932930083910048e-02
4.254932930083910048e-02
4.254932930083910048e-02
4.254932930083910048e-02
4.015814784609569865e-02
4.015814784609569865e-02
4.015814784609569865e-02
4.015814784609569865e-02
4.578418926697106102e-03
4.578418926697106102e-03
4.578418926697106102e-03
4.670093212649319842e-02
4.670093212649319842e-02
4.670093212649319842e-02
4.375323472891779961e-03
4.375323472891779961e-03
4.375323472891779961e-03
4.375323472891779961e-03
5.090954741991062654e-02
5.090954741991062654e-02
5.090954741991062654e-02
5.090954741991062654e-02
1.406663291769639224e-01
1.173725901714592346e-01
1.173725901714592346e-01
1.173725901714592346e-01
9.076347849556581915e-02
9.076347849556581915e-02
9.076347849556581915e-02
4.823226047064888000e-02
4.823226047064888000e-02
4.823226047064888000e-02
9.719872274269543769e-03
9.719872274269543769e-03
9.719872274269543769e-03
9.719872274269543769e-03
9.719872274269543769e-03
3.096484639134077996e-02
3.096484639134077996e-02
3.096484639134077996e-02
3.096484639134077996e-02
3.096484639134077996e-02
3.096484639134077996e-02
3.096484639134077996e-02
3.096484639134077996e-02
3.058450748717533169e-02
3.058450748717533169e-02
3.058450748717533169e-02
3.058450748717533169e-02
2.368361230842805712e-02
2.368361230842805712e-02
2.368361230842805712e-02
2.368361230842805712e-02
2.368361230842805712e-02
2.971418208055080779e-02
2.971418208055080779e-02
2.971418208055080779e-02
2.971418208055080779e-02
2.971418208055080779e-02
2.971418208055080779e-02
2.971418208055080779e-02
2.496478938011877785e-02
2.496478938011877785e-02
2.496478938011877785e-02
2.496478938011877785e-02
2.496478938011877785e-02
9.872363146493635944e-02
9.872363146493635944e-02
9.872363146493635944e-02
2.859554599298474650e-02
2.859554599298474650e-02
2.859554599298474650e-02
2.859554599298474650e-02
2.859554599298474650e-02
2.859554599298474650e-02
2.859554599298474650e-02
2.859554599298474650e-02
2.859554599298474650e-02
7.342301230704605108e-02
7.342301230704605108e-02
7.342301230704605108e-02
7.342301230704605108e-02
2.855006966201021484e-02
2.855006966201021484e-02
2.855006966201021484e-02
2.855006966201021484e-02
2.855006966201021484e-02
8.167136872551961080e-02
8.167136872551961080e-02
8.167136872551961080e-02
8.167136872551961080e-02
1.150810649224611459e-01
1.150810649224611459e-01
1.150810649224611459e-01
1.150810649224611459e-01
9.278733847691954251e-02
9.278733847691954251e-02
9.278733847691954251e-02
1.057062334653857683e-02
1.057062334653857683e-02
1.057062334653857683e-02
1.057062334653857683e-02
1.057062334653857683e-02
1.057062334653857683e-02
1.057062334653857683e-02
5.022098411043079275e-02
5.022098411043079275e-02
5.022098411043079275e-02
1.368337701803126055e-02
1.368337701803126055e-02
1.368337701803126055e-02
1.368337701803126055e-02
1.368337701803126055e-02
1.368337701803126055e-02
4.995142195020307180e-02
4.995142195020307180e-02
4.995142195020307180e-02
4.995142195020307180e-02
3.426268838615569240e-04
3.426268838615569240e-04
3.426268838615569240e-04
3.426268838615569240e-04
3.426268838615569240e-04
3.426268838615569240e-04
3.426268838615569240e-04
3.426268838615569240e-04
3.426268838615569240e-04
3.426268838615569240e-04
3.426268838615569240e-04
3.204339271417236510e-04
3.204339271417236510e-04
3.204339271417236510e-04
3.204339271417236510e-04
3.204339271417236510e-04
3.204339271417236510e-04
3.204339271417236510e-04
3.204339271417236510e-04
3.204339271417236510e-04
3.204339271417236510e-04
3.204339271417236510e-04
1.551632778010806442e-03
1.551632778010806442e-03
1.551632778010806442e-03
1.551632778010806442e-03
1.551632778010806442e-03
1.551632778010806442e-03
1.551632778010806442e-03
1.121125893610986080e-01
1.121125893610986080e-01
1.121125893610986080e-01
1.121125893610986080e-01
1.121125893610986080e-01
1.121125893610986080e-01
1.121125893610986080e-01
1.121125893610986080e-01
9.617290545727717049e-03
9.617290545727717049e-03
9.617290545727717049e-03
9.617290545727717049e-03
8.280513714218592017e-03
8.280513714218592017e-03
8.280513714218592017e-03
3.177936376707889143e-02
3.177936376707889143e-02
3.177936376707889143e-02
3.177936376707889143e-02
2.424073041605047732e-02
2.424073041605047732e-02
2.424073041605047732e-02
2.424073041605047732e-02
1.063802589093979512e-01
1.063802589093979512e-01
1.063802589093979512e-01
1.212491174781377273e-01
1.212491174781377273e-01
1.212491174781377273e-01
9.355903456983098720e-02
9.355903456983098720e-02
9.355903456983098720e-02
9.230362430905303395e-02
9.230362430905303395e-02
9.230362430905303395e-02
9.230362430905303395e-02
9.287600752505960344e-02
9.287600752505960344e-02
9.287600752505960344e-02
9.287600752505960344e-02
9.287600752505960344e-02
9.287600752505960344e-02
9.287600752505960344e-02
9.287600752505960344e-02
1.073280052505044407e-01
1.073280052505044407e-01
1.073280052505044407e-01
1.177645710320260053e-01
1.249382562968877342e-01
1.249382562968877342e-01
1.249382562968877342e-01
1.249382562968877342e-01
1.336207161150930467e-02
1.336207161150930467e-02
1.336207161150930467e-02
1.336207161150930467e-02
1.336207161150930467e-02
3.332760759475516393e-02
3.332760759475516393e-02
3.332760759475516393e-02
6.037673545131475028e-02
6.037673545131475028e-02
6.037673545131475028e-02
1.165586999149906960e-02
1.165586999149906960e-02
1.165586999149906960e-02
1.165586999149906960e-02
8.925817021422963182e-02
8.925817021422963182e-02
8.925817021422963182e-02
4.838827270917080842e-02
4.838827270917080842e-02
4.838827270917080842e-02
3.146492775847445616e-03
3.699920112036350454e-03
3.699920112036350454e-03
3.699920112036350454e-03
3.699920112036350454e-03
3.699920112036350454e-03
3.699920112036350454e-03
3.699920112036350454e-03
8.278540573531577296e-03
2.716534732622042942e-03
2.716534732622042942e-03
2.716534732622042942e-03
2.716534732622042942e-03
2.716534732622042942e-03
2.716534732622042942e-03
2.716534732622042942e-03
5.694869624920949336e-02
5.694869624920949336e-02
5.694869624920949336e-02
4.603993054796019779e-02
4.603993054796019779e-02
4.603993054796019779e-02
4.603993054796019779e-02
4.603993054796019779e-02
3.717223436834669881e-02
3.717223436834669881e-02
3.717223436834669881e-02
3.717223436834669881e-02
4.554457456603104581e-02
4.554457456603104581e-02
4.554457456603104581e-02
4.554457456603104581e-02
4.554457456603104581e-02
4.554457456603104581e-02
4.554457456603104581e-02
4.554457456603104581e-02
2.206570936776541467e-02
2.206570936776541467e-02
2.206570936776541467e-02
2.206570936776541467e-02
2.206570936776541467e-02
2.206570936776541467e-02
2.206570936776541467e-02
2.206570936776541467e-02
2.206570936776541467e-02
2.206570936776541467e-02
2.206570936776541467e-02
2.206570936776541467e-02
2.206570936776541467e-02
2.206570936776541467e-02
2.206570936776541467e-02
2.206570936776541467e-02
2.206570936776541467e-02
2.206570936776541467e-02
2.206570936776541467e-02
2.206570936776541467e-02
2.206570936776541467e-02
2.206570936776541467e-02
2.206570936776541467e-02
2.206570936776541467e-02
2.206570936776541467e-02
2.206570936776541467e-02
2.206570936776541467e-02
2.206570936776541467e-02
2.313541709170683497e-02
2.313541709170683497e-02
2.313541709170683497e-02
2.313541709170683497e-02
2.313541709170683497e-02
2.313541709170683497e-02
2.313541709170683497e-02
2.313541709170683497e-02
2.313541709170683497e-02
2.313541709170683497e-02
2.313541709170683497e-02
2.313541709170683497e-02
2.313541709170683497e-02
2.313541709170683497e-02
2.045440816417521887e-02
2.045440816417521887e-02
2.045440816417521887e-02
2.045440816417521887e-02
2.045440816417521887e-02
2.045440816417521887e-02
2.045440816417521887e-02
2.045440816417521887e-02
2.045440816417521887e-02
2.045440816417521887e-02
2.045440816417521887e-02
2.045440816417521887e-02
2.045440816417521887e-02
2.045440816417521887e-02
2.045440816417521887e-02
2.045440816417521887e-02
2.045440816417521887e-02
2.045440816417521887e-02
2.045440816417521887e-02
2.045440816417521887e-02
2.045440816417521887e-02
2.045440816417521887e-02
2.045440816417521887e-02
2.045440816417521887e-02
2.045440816417521887e-02
2.045440816417521887e-02
2.045440816417521887e-02
2.045440816417521887e-02
2.045440816417521887e-02
2.474598903107183903e-02
2.474598903107183903e-02
2.474598903107183903e-02
2.474598903107183903e-02
2.474598903107183903e-02
2.474598903107183903e-02
2.474598903107183903e-02
2.474598903107183903e-02
2.474598903107183903e-02
2.474598903107183903e-02
2.474598903107183903e-02
2.474598903107183903e-02
2.474598903107183903e-02
2.474598903107183903e-02
2.409036123711448887e-02
2.409036123711448887e-02
2.409036123711448887e-02
2.409036123711448887e-02
2.409036123711448887e-02
2.409036123711448887e-02
2.409036123711448887e-02
2.409036123711448887e-02
2.409036123711448887e-02
2.409036123711448887e-02
2.409036123711448887e-02
2.409036123711448887e-02
2.409036123711448887e-02
2.409036123711448887e-02
2.409036123711448887e-02
2.409036123711448887e-02
2.409036123711448887e-02
2.774909902560966299e-02
2.774909902560966299e-02
2.774909902560966299e-02
2.774909902560966299e-02
2.774909902560966299e-02
2.774909902560966299e-02
2.774909902560966299e-02
2.774909902560966299e-02
2.774909902560966299e-02
2.774909902560966299e-02
2.774909902560966299e-02
2.774909902560966299e-02
2.774909902560966299e-02
2.774909902560966299e-02
2.774909902560966299e-02
2.774909902560966299e-02
2.774909902560966299e-02
2.774909902560966299e-02
2.774909902560966299e-02
2.774909902560966299e-02
1.531048555175795224e-02
1.531048555175795224e-02
1.531048555175795224e-02
5.856629097388799630e-03
5.856629097388799630e-03
5.856629097388799630e-03
5.856629097388799630e-03
2.795079187601669235e-02
2.795079187601669235e-02
2.795079187601669235e-02
2.795079187601669235e-02
2.795079187601669235e-02
2.795079187601669235e-02
2.795079187601669235e-02
2.795079187601669235e-02
2.795079187601669235e-02
2.795079187601669235e-02
2.795079187601669235e-02
2.795079187601669235e-02
2.795079187601669235e-02
2.795079187601669235e-02
2.795079187601669235e-02
2.795079187601669235e-02
2.795079187601669235e-02
2.795079187601669235e-02
2.626819950890545499e-02
2.626819950890545499e-02
2.626819950890545499e-02
2.626819950890545499e-02
2.626819950890545499e-02
2.626819950890545499e-02
2.626819950890545499e-02
2.891202933531617988e-02
2.891202933531617988e-02
2.891202933531617988e-02
2.891202933531617988e-02
2.891202933531617988e-02
2.891202933531617988e-02
2.891202933531617988e-02
2.891202933531617988e-02
2.891202933531617988e-02
2.891202933531617988e-02
2.891202933531617988e-02
2.891202933531617988e-02
2.891202933531617988e-02
2.891202933531617988e-02
2.891202933531617988e-02
2.891202933531617988e-02
2.891202933531617988e-02
2.891202933531617988e-02
2.891202933531617988e-02
2.891202933531617988e-02
1.396194073793373229e-02
1.396194073793373229e-02
1.396194073793373229e-02
1.925949105876278641e-02
1.925949105876278641e-02
1.925949105876278641e-02
1.783916267830907773e-02
1.015611763817936795e-02
1.015611763817936795e-02
1.015611763817936795e-02
1.015611763817936795e-02
1.015611763817936795e-02
1.015611763817936795e-02
1.015611763817936795e-02
1.015611763817936795e-02
1.015611763817936795e-02
1.817779674587665859e-02
1.817779674587665859e-02
1.817779674587665859e-02
1.817779674587665859e-02
1.817779674587665859e-02
1.817779674587665859e-02
1.817779674587665859e-02
3.788761143452352986e-02
3.788761143452352986e-02
3.788761143452352986e-02
3.788761143452352986e-02
3.788761143452352986e-02
4.013323101918402774e-02
4.013323101918402774e-02
4.013323101918402774e-02
4.043776737412456412e-02
4.043776737412456412e-02
4.043776737412456412e-02
9.809268063421174022e-02
9.809268063421174022e-02
9.809268063421174022e-02
9.809268063421174022e-02
9.809268063421174022e-02
9.809268063421174022e-02
9.809268063421174022e-02
9.809268063421174022e-02
9.809268063421174022e-02
1.103418374377757305e-01
1.103418374377757305e-01
1.103418374377757305e-01
1.006617485960171615e-01
1.006617485960171615e-01
1.006617485960171615e-01
1.006617485960171615e-01
1.006617485960171615e-01
1.006617485960171615e-01
1.006617485960171615e-01
1.006617485960171615e-01
1.006617485960171615e-01
1.006617485960171615e-01
1.103608223072013450e-01
1.103608223072013450e-01
1.103608223072013450e-01
7.023967000682822259e-02
7.023967000682822259e-02
7.023967000682822259e-02
7.023967000682822259e-02
7.023967000682822259e-02
7.023967000682822259e-02
6.451086309546757991e-02
6.451086309546757991e-02
6.451086309546757991e-02
6.451086309546757991e-02
6.451086309546757991e-02
6.451086309546757991e-02
5.045437523021004816e-02
5.045437523021004816e-02
5.045437523021004816e-02
5.045437523021004816e-02
5.045437523021004816e-02
5.045437523021004816e-02
5.045437523021004816e-02
5.045437523021004816e-02
5.045437523021004816e-02
5.045437523021004816e-02
5.045437523021004816e-02
5.045437523021004816e-02
5.045437523021004816e-02
5.045437523021004816e-02
5.045437523021004816e-02
5.045437523021004816e-02
5.689214926626641466e-02
5.689214926626641466e-02
5.689214926626641466e-02
5.689214926626641466e-02
5.689214926626641466e-02
5.689214926626641466e-02
5.689214926626641466e-02
5.689214926626641466e-02
5.689214926626641466e-02
5.689214926626641466e-02
2.048437915459579844e-02
2.048437915459579844e-02
2.048437915459579844e-02
2.048437915459579844e-02
4.993396909290419294e-02
4.993396909290419294e-02
4.993396909290419294e-02
4.993396909290419294e-02
4.993396909290419294e-02
4.453261422119739188e-02
4.453261422119739188e-02
4.453261422119739188e-02
4.453261422119739188e-02
4.453261422119739188e-02
4.982150845967019126e-02
4.982150845967019126e-02
4.982150845967019126e-02
4.982150845967019126e-02
6.109141304344892220e-02
6.109141304344892220e-02
6.109141304344892220e-02
6.109141304344892220e-02
6.109141304344892220e-02
6.109141304344892220e-02
6.109141304344892220e-02
6.109141304344892220e-02
6.109141304344892220e-02
6.109141304344892220e-02
1.623736863152655530e-02
1.623736863152655530e-02
1.623736863152655530e-02
6.057358976485408691e-02
6.057358976485408691e-02
6.057358976485408691e-02
6.057358976485408691e-02
6.057358976485408691e-02
6.057358976485408691e-02
6.057358976485408691e-02
6.057358976485408691e-02
6.057358976485408691e-02
4.968956974148039385e-02
4.968956974148039385e-02
4.968956974148039385e-02
4.968956974148039385e-02
4.968956974148039385e-02
4.968956974148039385e-02
4.968956974148039385e-02
4.968956974148039385e-02
4.968956974148039385e-02
7.427615723344357934e-02
7.427615723344357934e-02
7.427615723344357934e-02
7.427615723344357934e-02
7.427615723344357934e-02
7.427615723344357934e-02
7.427615723344357934e-02
7.427615723344357934e-02
7.427615723344357934e-02
7.768419271300500140e-02
7.768419271300500140e-02
7.768419271300500140e-02
7.768419271300500140e-02
7.768419271300500140e-02
7.768419271300500140e-02
7.768419271300500140e-02
7.768419271300500140e-02
7.768419271300500140e-02
7.768419271300500140e-02
7.768419271300500140e-02
7.768419271300500140e-02
7.768419271300500140e-02
7.688361796617587673e-02
7.688361796617587673e-02
7.688361796617587673e-02
7.688361796617587673e-02
7.688361796617587673e-02
7.688361796617587673e-02
7.688361796617587673e-02
7.688361796617587673e-02
7.688361796617587673e-02
7.684531767775347466e-02
7.684531767775347466e-02
7.684531767775347466e-02
7.684531767775347466e-02
7.684531767775347466e-02
7.684531767775347466e-02
5.020625034018697669e-02
5.020625034018697669e-02
5.020625034018697669e-02
5.020625034018697669e-02
5.020625034018697669e-02
5.020625034018697669e-02
5.020625034018697669e-02
5.020625034018697669e-02
5.020625034018697669e-02
5.020625034018697669e-02
7.746965541711939296e-02
7.746965541711939296e-02
7.746965541711939296e-02
7.746965541711939296e-02
7.746965541711939296e-02
7.746965541711939296e-02
1.183554622498284546e-02
8.923343328804336436e-03
8.923343328804336436e-03
8.923343328804336436e-03
8.923343328804336436e-03
8.923343328804336436e-03
8.923343328804336436e-03
8.923343328804336436e-03
1.926277693502181920e-02
1.833998047387588523e-03
1.833998047387588523e-03
1.833998047387588523e-03
1.833998047387588523e-03
1.833998047387588523e-03
1.833998047387588523e-03
1.833998047387588523e-03
1.833998047387588523e-03
1.833998047387588523e-03
2.867893217854760798e-02
2.867893217854760798e-02
2.867893217854760798e-02
2.867893217854760798e-02
2.867893217854760798e-02
2.867893217854760798e-02
2.867893217854760798e-02
2.867893217854760798e-02
2.867893217854760798e-02
2.867893217854760798e-02
1.103606834519213660e-02
2.612823702871433593e-03
2.612823702871433593e-03
2.612823702871433593e-03
2.612823702871433593e-03
2.612823702871433593e-03
2.717298397665581650e-02
5.094681148105453805e-02
5.094681148105453805e-02
5.094681148105453805e-02
5.094681148105453805e-02
5.094681148105453805e-02
5.094681148105453805e-02
5.094681148105453805e-02
5.094681148105453805e-02
5.094681148105453805e-02
2.039855406559697854e-02
5.671275220999820454e-02
5.671275220999820454e-02
5.671275220999820454e-02
5.671275220999820454e-02
5.671275220999820454e-02
5.671275220999820454e-02
5.671275220999820454e-02
5.671275220999820454e-02
5.671275220999820454e-02
5.671275220999820454e-02
5.671275220999820454e-02
5.671275220999820454e-02
5.671275220999820454e-02
5.671275220999820454e-02
5.671275220999820454e-02
5.671275220999820454e-02
5.671275220999820454e-02
7.819735599606422727e-02
7.819735599606422727e-02
7.819735599606422727e-02
7.819735599606422727e-02
7.819735599606422727e-02
2.048192044075250462e-02
3.087825907920985560e-03
3.087825907920985560e-03
3.087825907920985560e-03
3.087825907920985560e-03
3.087825907920985560e-03
3.087825907920985560e-03
3.087825907920985560e-03
1.839271196542383024e-02
6.037440100521742660e-03
6.037440100521742660e-03
6.037440100521742660e-03
6.037440100521742660e-03
6.037440100521742660e-03
6.037440100521742660e-03
1.373124259485797305e-02
5.958931498743658128e-02
5.958931498743658128e-02
5.958931498743658128e-02
5.958931498743658128e-02
5.958931498743658128e-02
5.958931498743658128e-02
5.958931498743658128e-02
5.958931498743658128e-02
5.958931498743658128e-02
5.958931498743658128e-02
5.958931498743658128e-02
5.958931498743658128e-02
5.958931498743658128e-02
5.958931498743658128e-02
5.958931498743658128e-02
5.958931498743658128e-02
5.958931498743658128e-02
1.434927679781395141e-02
6.023664926918107648e-02
6.023664926918107648e-02
6.023664926918107648e-02
6.023664926918107648e-02
6.023664926918107648e-02
6.023664926918107648e-02
6.023664926918107648e-02
6.023664926918107648e-02
6.023664926918107648e-02
6.023664926918107648e-02
6.023664926918107648e-02
6.023664926918107648e-02
6.023664926918107648e-02
6.023664926918107648e-02
6.023664926918107648e-02
6.023664926918107648e-02
6.023664926918107648e-02
6.023664926918107648e-02
1.577813029870524589e-02
2.024782328224658534e-02
2.024782328224658534e-02
2.024782328224658534e-02
2.024782328224658534e-02
2.024782328224658534e-02
2.024782328224658534e-02
4.710629556799020116e-03
2.585785226289698258e-02
2.585785226289698258e-02
2.585785226289698258e-02
2.585785226289698258e-02
2.585785226289698258e-02
2.585785226289698258e-02
2.585785226289698258e-02
2.469065323119921593e-02
5.641816061600767734e-02
5.641816061600767734e-02
5.641816061600767734e-02
5.641816061600767734e-02
5.641816061600767734e-02
5.641816061600767734e-02
5.641816061600767734e-02
5.641816061600767734e-02
5.641816061600767734e-02
5.641816061600767734e-02
5.641816061600767734e-02
5.641816061600767734e-02
5.641816061600767734e-02
5.641816061600767734e-02
5.641816061600767734e-02
5.641816061600767734e-02
5.641816061600767734e-02
5.641816061600767734e-02
5.641816061600767734e-02
5.641816061600767734e-02
2.678726954445188532e-02
2.678726954445188532e-02
2.678726954445188532e-02
2.131386743807517012e-02
5.661941137321684775e-02
5.661941137321684775e-02
5.661941137321684775e-02
5.661941137321684775e-02
5.661941137321684775e-02
5.661941137321684775e-02
5.661941137321684775e-02
5.661941137321684775e-02
5.661941137321684775e-02
5.661941137321684775e-02
5.661941137321684775e-02
5.661941137321684775e-02
5.661941137321684775e-02
5.661941137321684775e-02
5.661941137321684775e-02
5.661941137321684775e-02
5.661941137321684775e-02
5.661941137321684775e-02
5.661941137321684775e-02
5.661941137321684775e-02
5.661941137321684775e-02
5.661941137321684775e-02
1.721161225077716406e-02
1.721161225077716406e-02
1.721161225077716406e-02
3.580634779539590418e-02
3.580634779539590418e-02
3.580634779539590418e-02
3.580634779539590418e-02
3.580634779539590418e-02
4.569414044013735132e-02
4.569414044013735132e-02
4.569414044013735132e-02
7.611435559599656620e-02
7.611435559599656620e-02
7.611435559599656620e-02
1.088346142586671048e-02
1.088346142586671048e-02
1.088346142586671048e-02
1.088346142586671048e-02
1.088346142586671048e-02
1.088346142586671048e-02
1.088346142586671048e-02
1.088346142586671048e-02
1.088346142586671048e-02
1.088346142586671048e-02
1.088346142586671048e-02
1.121698640586811235e-01
1.121698640586811235e-01
1.121698640586811235e-01
1.121698640586811235e-01
8.197531393725099313e-02
8.197531393725099313e-02
8.197531393725099313e-02
9.738077992999917554e-02
9.738077992999917554e-02
9.738077992999917554e-02
9.738077992999917554e-02
9.738077992999917554e-02
9.738077992999917554e-02
1.545340613249364739e-02
1.545340613249364739e-02
1.545340613249364739e-02
1.545340613249364739e-02
1.545340613249364739e-02
1.545340613249364739e-02
1.545340613249364739e-02
1.545340613249364739e-02
1.545340613249364739e-02
1.545340613249364739e-02
1.545340613249364739e-02
1.545340613249364739e-02
1.545340613249364739e-02
1.545340613249364739e-02
1.545340613249364739e-02
2.095625273078919118e-02
2.095625273078919118e-02
2.095625273078919118e-02
2.095625273078919118e-02
2.095625273078919118e-02
2.095625273078919118e-02
2.095625273078919118e-02
2.095625273078919118e-02
2.095625273078919118e-02
2.095625273078919118e-02
2.095625273078919118e-02
2.095625273078919118e-02
2.095625273078919118e-02
2.095625273078919118e-02
2.095625273078919118e-02
2.095625273078919118e-02
2.095625273078919118e-02
2.095625273078919118e-02
9.827788455295980666e-04
9.827788455295980666e-04
9.827788455295980666e-04
9.827788455295980666e-04
4.203583452951127619e-02
4.203583452951127619e-02
4.203583452951127619e-02
5.731027994373195239e-02
5.731027994373195239e-02
5.731027994373195239e-02
6.002883407402100080e-02
6.178061975427907165e-02
6.178061975427907165e-02
2.191139918649705892e-02
2.191139918649705892e-02
2.191139918649705892e-02
2.191139918649705892e-02
2.191139918649705892e-02
2.191139918649705892e-02
2.191139918649705892e-02
2.191139918649705892e-02
2.191139918649705892e-02
2.191139918649705892e-02
2.191139918649705892e-02
2.191139918649705892e-02
2.191139918649705892e-02
2.191139918649705892e-02
2.191139918649705892e-02
2.191139918649705892e-02
2.191139918649705892e-02
2.191139918649705892e-02
2.191139918649705892e-02
2.191139918649705892e-02
2.191139918649705892e-02
8.161970634972275096e-02
8.161970634972275096e-02
8.161970634972275096e-02
8.161970634972275096e-02
8.161970634972275096e-02
8.161970634972275096e-02
1.972406206679416449e-02
1.972406206679416449e-02
1.972406206679416449e-02
1.972406206679416449e-02
4.353257179394476317e-02
4.353257179394476317e-02
4.353257179394476317e-02
4.174062680309290063e-02
4.174062680309290063e-02
4.174062680309290063e-02
4.174062680309290063e-02
4.174062680309290063e-02
4.174062680309290063e-02
4.174062680309290063e-02
2.567644085642325352e-02
2.567644085642325352e-02
2.567644085642325352e-02
2.567644085642325352e-02
4.510036336142549118e-02
4.510036336142549118e-02
4.510036336142549118e-02
4.510036336142549118e-02
4.117936550789053074e-02
4.117936550789053074e-02
4.117936550789053074e-02
4.117936550789053074e-02
4.117936550789053074e-02
4.117936550789053074e-02
4.117936550789053074e-02
4.117936550789053074e-02
4.117936550789053074e-02
4.117936550789053074e-02
4.117936550789053074e-02
4.117936550789053074e-02
4.117936550789053074e-02
8.338132420703386893e-02
8.338132420703386893e-02
8.338132420703386893e-02
8.338132420703386893e-02
8.338132420703386893e-02
8.338132420703386893e-02
8.338132420703386893e-02
1.032955200194126677e-01
1.032955200194126677e-01
1.032955200194126677e-01
1.065267147988540469e-01
1.065267147988540469e-01
1.065267147988540469e-01
1.065267147988540469e-01
1.065267147988540469e-01
1.065267147988540469e-01
1.065267147988540469e-01
1.065267147988540469e-01
1.188697998378765580e-01
1.188697998378765580e-01
1.188697998378765580e-01
1.188697998378765580e-01
1.188697998378765580e-01
1.188697998378765580e-01
1.188697998378765580e-01
4.456914919288137121e-03
4.456914919288137121e-03
4.456914919288137121e-03
4.456914919288137121e-03
4.456914919288137121e-03
4.456914919288137121e-03
1.105484178372354714e-01
1.105484178372354714e-01
1.105484178372354714e-01
1.105484178372354714e-01
8.023807425266545057e-02
8.023807425266545057e-02
8.023807425266545057e-02
8.023807425266545057e-02
8.023807425266545057e-02
9.302424873923317850e-02
9.302424873923317850e-02
9.302424873923317850e-02
9.302424873923317850e-02
7.189954060786149515e-02
7.189954060786149515e-02
7.189954060786149515e-02
2.586813871726033678e-02
2.586813871726033678e-02
2.586813871726033678e-02
2.932525037992744776e-02
4.619925356344809636e-02
4.619925356344809636e-02
4.619925356344809636e-02
4.619925356344809636e-02
4.619925356344809636e-02
4.619925356344809636e-02
4.619925356344809636e-02
4.619925356344809636e-02
4.619925356344809636e-02
4.619925356344809636e-02
4.619925356344809636e-02
4.619925356344809636e-02
4.619925356344809636e-02
4.619925356344809636e-02
4.619925356344809636e-02
4.619925356344809636e-02
4.619925356344809636e-02
4.619925356344809636e-02
4.619925356344809636e-02
6.765626423674025829e-03
6.765626423674025829e-03
6.765626423674025829e-03
6.765626423674025829e-03
6.765626423674025829e-03
2.379550937470221973e-04
2.379550937470221973e-04
2.379550937470221973e-04
2.379550937470221973e-04
2.379550937470221973e-04
2.379550937470221973e-04
2.379550937470221973e-04
2.350652047462304176e-02
1.223263946012887078e-02
1.223263946012887078e-02
1.525010732524449512e-02
1.525010732524449512e-02
1.525010732524449512e-02
3.482700107243856535e-02
3.103494653402429776e-02
3.103494653402429776e-02
3.103494653402429776e-02
3.103494653402429776e-02
3.103494653402429776e-02
3.103494653402429776e-02
3.103494653402429776e-02
3.103494653402429776e-02
3.103494653402429776e-02
4.100583290547073906e-02
4.100583290547073906e-02
4.100583290547073906e-02
4.100583290547073906e-02
4.100583290547073906e-02
4.100583290547073906e-02
1.929462401935634966e-02
2.505231685222543414e-02
2.505231685222543414e-02
2.505231685222543414e-02
2.505231685222543414e-02
2.505231685222543414e-02
2.505231685222543414e-02
2.505231685222543414e-02
2.505231685222543414e-02
2.505231685222543414e-02
2.505231685222543414e-02
2.505231685222543414e-02
2.505231685222543414e-02
2.505231685222543414e-02
2.505231685222543414e-02
2.505231685222543414e-02
2.505231685222543414e-02
2.505231685222543414e-02
2.505231685222543414e-02
2.505231685222543414e-02
2.505231685222543414e-02
2.505231685222543414e-02
2.505231685222543414e-02
2.505231685222543414e-02
9.438769199658824044e-04
9.438769199658824044e-04
9.438769199658824044e-04
9.438769199658824044e-04
9.438769199658824044e-04
8.791713693175322308e-02
8.791713693175322308e-02
8.791713693175322308e-02
8.791713693175322308e-02
1.101165088660723684e-01
1.101165088660723684e-01
1.101165088660723684e-01
1.101165088660723684e-01
3.150984876890554863e-03
3.150984876890554863e-03
3.150984876890554863e-03
3.150984876890554863e-03
4.580708058171575198e-02
4.580708058171575198e-02
4.580708058171575198e-02
4.580708058171575198e-02
4.580708058171575198e-02
1.771956352789929526e-03
1.771956352789929526e-03
1.771956352789929526e-03
1.771956352789929526e-03
1.771956352789929526e-03
9.486983730994484609e-02
9.486983730994484609e-02
9.486983730994484609e-02
9.486983730994484609e-02
1.114106890308454341e-02
1.114106890308454341e-02
1.114106890308454341e-02
4.917526882623965423e-02
4.917526882623965423e-02
4.917526882623965423e-02
4.917526882623965423e-02
4.917526882623965423e-02
5.318171094447041863e-02
5.318171094447041863e-02
5.318171094447041863e-02
5.318171094447041863e-02
2.771945626583344549e-02
3.875271104549959239e-02
3.875271104549959239e-02
1.804343690309942114e-02
1.986194037403325383e-02
1.986194037403325383e-02
1.386368769554862518e-02
1.386368769554862518e-02
1.386368769554862518e-02
1.386368769554862518e-02
1.386368769554862518e-02
1.386368769554862518e-02
1.386368769554862518e-02
1.386368769554862518e-02
1.386368769554862518e-02
1.679042351957145754e-02
2.569022212935622926e-02
2.569022212935622926e-02
2.569022212935622926e-02
2.569022212935622926e-02
2.569022212935622926e-02
2.569022212935622926e-02
2.569022212935622926e-02
2.569022212935622926e-02
2.569022212935622926e-02
2.569022212935622926e-02
2.569022212935622926e-02
2.569022212935622926e-02
2.569022212935622926e-02
2.569022212935622926e-02
2.569022212935622926e-02
2.569022212935622926e-02
2.569022212935622926e-02
2.569022212935622926e-02
2.569022212935622926e-02
2.569022212935622926e-02
9.013682944415546405e-02
9.013682944415546405e-02
9.013682944415546405e-02
9.013682944415546405e-02
8.188249007769432541e-02
8.188249007769432541e-02
8.188249007769432541e-02
8.188249007769432541e-02
8.290796306383585446e-02
8.290796306383585446e-02
8.290796306383585446e-02
8.290796306383585446e-02
8.290796306383585446e-02
3.818469315213349202e-02
3.818469315213349202e-02
3.818469315213349202e-02
3.818469315213349202e-02
3.818469315213349202e-02
3.818469315213349202e-02
3.818469315213349202e-02
3.818469315213349202e-02
3.818469315213349202e-02
4.237932440686562052e-02
4.237932440686562052e-02
4.237932440686562052e-02
5.281700737614142271e-02
5.281700737614142271e-02
5.281700737614142271e-02
5.281700737614142271e-02
3.663408177287434675e-02
3.663408177287434675e-02
3.663408177287434675e-02
3.663408177287434675e-02
3.663408177287434675e-02
3.663408177287434675e-02
3.663408177287434675e-02
3.663408177287434675e-02
3.625003101379584841e-02
3.625003101379584841e-02
3.625003101379584841e-02
5.248400417329741191e-02
5.248400417329741191e-02
5.248400417329741191e-02
5.248400417329741191e-02
3.123694923986608529e-02
3.123694923986608529e-02
3.123694923986608529e-02
3.123694923986608529e-02
3.123694923986608529e-02
2.830225820280815943e-02
1.725250246414581148e-02
1.725250246414581148e-02
1.725250246414581148e-02
2.721323585548441129e-02
2.721323585548441129e-02
2.721323585548441129e-02
9.224924975305084929e-02
9.224924975305084929e-02
9.224924975305084929e-02
9.224924975305084929e-02
9.224924975305084929e-02
9.224924975305084929e-02
9.224924975305084929e-02
1.551097389981015255e-02
1.627701341149067130e-02
1.627701341149067130e-02
1.627701341149067130e-02
8.667882253869803669e-03
8.667882253869803669e-03
8.667882253869803669e-03
8.667882253869803669e-03
2.873487443217535506e-02
2.873487443217535506e-02
2.873487443217535506e-02
2.873487443217535506e-02
2.873487443217535506e-02
2.873487443217535506e-02
2.873487443217535506e-02
2.873487443217535506e-02
2.873487443217535506e-02
2.873487443217535506e-02
2.873487443217535506e-02
2.873487443217535506e-02
2.873487443217535506e-02
2.873487443217535506e-02
2.873487443217535506e-02
2.873487443217535506e-02
2.873487443217535506e-02
2.873487443217535506e-02
2.873487443217535506e-02
2.873487443217535506e-02
1.038935769090872270e-02
1.038935769090872270e-02
1.038935769090872270e-02
1.038935769090872270e-02
1.038935769090872270e-02
1.038935769090872270e-02
1.038935769090872270e-02
1.038935769090872270e-02
1.038935769090872270e-02
1.038935769090872270e-02
2.548601442863250924e-02
2.548601442863250924e-02
2.548601442863250924e-02
2.548601442863250924e-02
2.548601442863250924e-02
5.119667145248407020e-02
5.119667145248407020e-02
5.119667145248407020e-02
2.372570753946302152e-02
2.372570753946302152e-02
2.372570753946302152e-02
2.372570753946302152e-02
2.372570753946302152e-02
2.372570753946302152e-02
2.372570753946302152e-02
2.372570753946302152e-02
2.372570753946302152e-02
2.372570753946302152e-02
2.372570753946302152e-02
2.372570753946302152e-02
2.372570753946302152e-02
2.372570753946302152e-02
2.372570753946302152e-02
2.372570753946302152e-02
2.372570753946302152e-02
2.372570753946302152e-02
2.372570753946302152e-02
2.372570753946302152e-02
9.905271548340116583e-03
9.905271548340116583e-03
9.905271548340116583e-03
9.905271548340116583e-03
9.905271548340116583e-03
9.905271548340116583e-03
9.905271548340116583e-03
9.905271548340116583e-03
9.905271548340116583e-03
9.905271548340116583e-03
9.905271548340116583e-03
9.905271548340116583e-03
9.905271548340116583e-03
9.905271548340116583e-03
9.905271548340116583e-03
9.905271548340116583e-03
9.905271548340116583e-03
9.905271548340116583e-03
9.905271548340116583e-03
9.905271548340116583e-03
9.905271548340116583e-03
9.905271548340116583e-03
9.905271548340116583e-03
9.905271548340116583e-03
9.905271548340116583e-03
9.905271548340116583e-03
9.905271548340116583e-03
9.905271548340116583e-03
1.017598921418793462e-01
1.017598921418793462e-01
1.017598921418793462e-01
1.068028511480882264e-01
1.068028511480882264e-01
1.068028511480882264e-01
8.532138403707706376e-02
8.532138403707706376e-02
8.532138403707706376e-02
8.532138403707706376e-02
1.281145551231004445e-02
1.281145551231004445e-02
1.281145551231004445e-02
1.281145551231004445e-02
1.281145551231004445e-02
4.079517460788333744e-02
4.079517460788333744e-02
4.079517460788333744e-02
4.079517460788333744e-02
7.675884331291020490e-02
7.675884331291020490e-02
7.675884331291020490e-02
7.675884331291020490e-02
1.081981344917574799e-02
1.081981344917574799e-02
1.081981344917574799e-02
1.081981344917574799e-02
1.081981344917574799e-02
1.081981344917574799e-02
1.081981344917574799e-02
1.081981344917574799e-02
1.081981344917574799e-02
1.081981344917574799e-02
1.081981344917574799e-02
1.081981344917574799e-02
1.081981344917574799e-02
1.081981344917574799e-02
1.081981344917574799e-02
1.532954435907904651e-02
1.532954435907904651e-02
1.532954435907904651e-02
1.532954435907904651e-02
1.532954435907904651e-02
1.532954435907904651e-02
1.532954435907904651e-02
1.532954435907904651e-02
1.532954435907904651e-02
1.532954435907904651e-02
1.532954435907904651e-02
1.532954435907904651e-02
1.532954435907904651e-02
1.532954435907904651e-02
1.532954435907904651e-02
7.754599359783564960e-03
7.754599359783564960e-03
7.754599359783564960e-03
7.754599359783564960e-03
2.757125794304464070e-02
2.757125794304464070e-02
2.757125794304464070e-02
2.757125794304464070e-02
2.757125794304464070e-02
2.757125794304464070e-02
6.242249844334834749e-03
6.242249844334834749e-03
6.242249844334834749e-03
6.242249844334834749e-03
6.242249844334834749e-03
6.242249844334834749e-03
6.242249844334834749e-03
6.242249844334834749e-03
6.242249844334834749e-03
6.242249844334834749e-03
6.242249844334834749e-03
6.242249844334834749e-03
6.242249844334834749e-03
6.242249844334834749e-03
6.242249844334834749e-03
6.242249844334834749e-03
6.242249844334834749e-03
6.242249844334834749e-03
6.242249844334834749e-03
6.242249844334834749e-03
6.242249844334834749e-03
6.242249844334834749e-03
6.242249844334834749e-03
6.242249844334834749e-03
6.013971261543427441e-03
6.013971261543427441e-03
6.013971261543427441e-03
6.013971261543427441e-03
6.013971261543427441e-03
6.013971261543427441e-03
6.013971261543427441e-03
6.013971261543427441e-03
6.013971261543427441e-03
6.013971261543427441e-03
6.013971261543427441e-03
6.013971261543427441e-03
6.013971261543427441e-03
6.013971261543427441e-03
6.013971261543427441e-03
6.013971261543427441e-03
6.013971261543427441e-03
6.013971261543427441e-03
6.013971261543427441e-03
6.013971261543427441e-03
6.013971261543427441e-03
6.013971261543427441e-03
6.013971261543427441e-03
6.013971261543427441e-03
6.013971261543427441e-03
2.386128509166038705e-02
8.204217489859802481e-02
8.204217489859802481e-02
8.204217489859802481e-02
8.204217489859802481e-02
8.204217489859802481e-02
8.204217489859802481e-02
8.204217489859802481e-02
8.204217489859802481e-02
8.204217489859802481e-02
8.204217489859802481e-02
8.204217489859802481e-02
8.204217489859802481e-02
8.204217489859802481e-02
7.659528217796963761e-05
7.659528217796963761e-05
7.659528217796963761e-05
7.659528217796963761e-05
7.659528217796963761e-05
9.281671825588205804e-02
9.281671825588205804e-02
9.281671825588205804e-02
8.545992470358890203e-02
8.545992470358890203e-02
8.545992470358890203e-02
8.545992470358890203e-02
8.545992470358890203e-02
8.291581120575100550e-02
8.291581120575100550e-02
8.291581120575100550e-02
8.291581120575100550e-02
8.291581120575100550e-02
8.291581120575100550e-02
1.615127006937288126e-02
1.615127006937288126e-02
1.615127006937288126e-02
1.615127006937288126e-02
1.615127006937288126e-02
1.615127006937288126e-02
1.615127006937288126e-02
1.615127006937288126e-02
1.615127006937288126e-02
1.615127006937288126e-02
1.615127006937288126e-02
1.615127006937288126e-02
1.615127006937288126e-02
1.615127006937288126e-02
1.615127006937288126e-02
1.615127006937288126e-02
2.037478639273002795e-02
2.037478639273002795e-02
2.037478639273002795e-02
2.037478639273002795e-02
2.037478639273002795e-02
2.037478639273002795e-02
2.037478639273002795e-02
2.037478639273002795e-02
2.037478639273002795e-02
2.037478639273002795e-02
2.037478639273002795e-02
2.037478639273002795e-02
2.037478639273002795e-02
2.037478639273002795e-02
3.552401837687111253e-03
3.552401837687111253e-03
3.552401837687111253e-03
1.348406530796203602e-02
1.348406530796203602e-02
1.348406530796203602e-02
1.348406530796203602e-02
1.348406530796203602e-02
1.348406530796203602e-02
1.348406530796203602e-02
3.737298558578303759e-02
3.737298558578303759e-02
3.737298558578303759e-02
3.737298558578303759e-02
3.737298558578303759e-02
3.737298558578303759e-02
3.737298558578303759e-02
3.737298558578303759e-02
3.737298558578303759e-02
3.737298558578303759e-02
3.737298558578303759e-02
7.273245996572928578e-03
7.273245996572928578e-03
7.273245996572928578e-03
7.273245996572928578e-03
7.273245996572928578e-03
7.273245996572928578e-03
7.273245996572928578e-03
7.273245996572928578e-03
7.273245996572928578e-03
7.273245996572928578e-03
7.273245996572928578e-03
7.273245996572928578e-03
7.273245996572928578e-03
7.273245996572928578e-03
7.273245996572928578e-03
7.273245996572928578e-03
7.273245996572928578e-03
7.273245996572928578e-03
7.273245996572928578e-03
7.273245996572928578e-03
7.273245996572928578e-03
7.273245996572928578e-03
7.273245996572928578e-03
7.273245996572928578e-03
1.004036014622182796e-02
1.004036014622182796e-02
1.004036014622182796e-02
1.004036014622182796e-02
1.004036014622182796e-02
1.004036014622182796e-02
1.004036014622182796e-02
1.004036014622182796e-02
1.004036014622182796e-02
1.004036014622182796e-02
1.004036014622182796e-02
1.004036014622182796e-02
1.004036014622182796e-02
1.004036014622182796e-02
1.004036014622182796e-02
1.004036014622182796e-02
1.004036014622182796e-02
1.004036014622182796e-02
1.004036014622182796e-02
1.004036014622182796e-02
1.004036014622182796e-02
1.004036014622182796e-02
1.004036014622182796e-02
1.004036014622182796e-02
1.004036014622182796e-02
7.223621903842475378e-02
7.223621903842475378e-02
7.223621903842475378e-02
7.223621903842475378e-02
4.795556084600120783e-02
4.795556084600120783e-02
4.795556084600120783e-02
9.280771256938886993e-02
9.280771256938886993e-02
9.280771256938886993e-02
4.863699312737339298e-02
4.863699312737339298e-02
4.863699312737339298e-02
8.825698776244961241e-02
8.825698776244961241e-02
8.825698776244961241e-02
2.565427343671917298e-02
2.565427343671917298e-02
2.565427343671917298e-02
7.556800183006424920e-02
7.556800183006424920e-02
7.556800183006424920e-02
3.337413110906324934e-03
3.337413110906324934e-03
3.337413110906324934e-03
3.337413110906324934e-03
9.795606668752247781e-02
9.795606668752247781e-02
9.795606668752247781e-02
9.795606668752247781e-02
3.034841381805166924e-02
3.034841381805166924e-02
3.034841381805166924e-02
3.237559438940763867e-02
3.237559438940763867e-02
3.237559438940763867e-02
3.237559438940763867e-02
1.348620222007592198e-02
1.348620222007592198e-02
1.348620222007592198e-02
1.348620222007592198e-02
1.348620222007592198e-02
3.666363528618952171e-03
3.666363528618952171e-03
3.666363528618952171e-03
3.666363528618952171e-03
3.666363528618952171e-03
3.666363528618952171e-03
3.666363528618952171e-03
4.010010534675885648e-03
4.010010534675885648e-03
4.010010534675885648e-03
4.010010534675885648e-03
4.010010534675885648e-03
4.010010534675885648e-03
4.010010534675885648e-03
4.010010534675885648e-03
2.659811659036839630e-03
2.659811659036839630e-03
2.659811659036839630e-03
2.659811659036839630e-03
2.659811659036839630e-03
9.199448275316976942e-04
9.199448275316976942e-04
9.199448275316976942e-04
9.199448275316976942e-04
9.199448275316976942e-04
9.199448275316976942e-04
9.199448275316976942e-04
9.199448275316976942e-04
9.199448275316976942e-04
5.893676830266660754e-02
5.893676830266660754e-02
5.893676830266660754e-02
7.911920046081677427e-02
7.911920046081677427e-02
7.911920046081677427e-02
7.911920046081677427e-02
9.793393124208461809e-02
9.793393124208461809e-02
9.793393124208461809e-02
9.793393124208461809e-02
9.793393124208461809e-02
9.793393124208461809e-02
9.793393124208461809e-02
5.555264322703030999e-02
5.555264322703030999e-02
5.555264322703030999e-02
5.555264322703030999e-02
5.555264322703030999e-02
5.555264322703030999e-02
5.473071558102565737e-02
5.473071558102565737e-02
5.473071558102565737e-02
5.473071558102565737e-02
5.473071558102565737e-02
5.473071558102565737e-02
6.161165369427452215e-02
6.161165369427452215e-02
6.161165369427452215e-02
6.161165369427452215e-02
6.161165369427452215e-02
6.161165369427452215e-02
6.161165369427452215e-02
6.161165369427452215e-02
5.738469410715914265e-02
5.738469410715914265e-02
5.738469410715914265e-02
5.738469410715914265e-02
5.738469410715914265e-02
5.738469410715914265e-02
5.738469410715914265e-02
1.206413422497824330e-02
1.206413422497824330e-02
1.206413422497824330e-02
1.206413422497824330e-02
1.206413422497824330e-02
1.206413422497824330e-02
1.047658577379729236e-03
1.047658577379729236e-03
1.047658577379729236e-03
1.047658577379729236e-03
1.047658577379729236e-03
1.047658577379729236e-03
1.047658577379729236e-03
4.451435487144467240e-03
4.451435487144467240e-03
4.451435487144467240e-03
4.451435487144467240e-03
4.451435487144467240e-03
4.451435487144467240e-03
4.772012822105559798e-02
4.772012822105559798e-02
4.772012822105559798e-02
4.772012822105559798e-02
4.772012822105559798e-02
5.076257565517307974e-02
5.076257565517307974e-02
5.076257565517307974e-02
5.076257565517307974e-02
5.076257565517307974e-02
7.146834079799491146e-02
7.146834079799491146e-02
7.146834079799491146e-02
9.956404517284762890e-02
9.956404517284762890e-02
9.956404517284762890e-02
5.969522121871074366e-02
5.969522121871074366e-02
5.969522121871074366e-02
5.969522121871074366e-02
5.969522121871074366e-02
5.969522121871074366e-02
5.969522121871074366e-02
9.879303002515759172e-03
9.879303002515759172e-03
9.879303002515759172e-03
6.365505544185183495e-03
6.365505544185183495e-03
6.365505544185183495e-03
6.365505544185183495e-03
6.365505544185183495e-03
2.183674753858342969e-03
2.183674753858342969e-03
2.183674753858342969e-03
2.183674753858342969e-03
2.183674753858342969e-03
2.183674753858342969e-03
2.183674753858342969e-03
2.183674753858342969e-03
1.539696835468347836e-03
1.539696835468347836e-03
1.539696835468347836e-03
1.539696835468347836e-03
1.539696835468347836e-03
1.539696835468347836e-03
3.963915905243975413e-03
3.963915905243975413e-03
3.963915905243975413e-03
3.963915905243975413e-03
3.963915905243975413e-03
3.963915905243975413e-03
3.963915905243975413e-03
3.963915905243975413e-03
3.963915905243975413e-03
3.963915905243975413e-03
3.963915905243975413e-03
3.963915905243975413e-03
3.963915905243975413e-03
2.134651818809023781e-04
2.134651818809023781e-04
2.134651818809023781e-04
2.134651818809023781e-04
2.134651818809023781e-04
2.134651818809023781e-04
2.134651818809023781e-04
2.134651818809023781e-04
2.134651818809023781e-04
2.134651818809023781e-04
2.827982352436490474e-02
2.827982352436490474e-02
2.827982352436490474e-02
2.827982352436490474e-02
2.827982352436490474e-02
1.667513832114404316e-03
1.667513832114404316e-03
1.667513832114404316e-03
1.165640246083784765e-03
1.165640246083784765e-03
1.165640246083784765e-03
1.165640246083784765e-03
6.102120096778208651e-03
6.102120096778208651e-03
6.102120096778208651e-03
6.102120096778208651e-03
6.102120096778208651e-03
6.102120096778208651e-03
6.102120096778208651e-03
6.102120096778208651e-03
6.102120096778208651e-03
6.102120096778208651e-03
6.102120096778208651e-03
2.779215182352074917e-02
2.779215182352074917e-02
2.779215182352074917e-02
2.779215182352074917e-02
2.779215182352074917e-02
2.779215182352074917e-02
8.151326466659249842e-03
8.151326466659249842e-03
8.151326466659249842e-03
8.151326466659249842e-03
8.151326466659249842e-03
8.151326466659249842e-03
8.151326466659249842e-03
8.151326466659249842e-03
8.151326466659249842e-03
8.151326466659249842e-03
8.151326466659249842e-03
8.151326466659249842e-03
8.151326466659249842e-03
8.151326466659249842e-03
8.151326466659249842e-03
8.151326466659249842e-03
8.151326466659249842e-03
8.151326466659249842e-03
8.151326466659249842e-03
8.151326466659249842e-03
8.151326466659249842e-03
8.151326466659249842e-03
8.151326466659249842e-03
8.151326466659249842e-03
8.151326466659249842e-03
8.151326466659249842e-03
8.151326466659249842e-03
2.066699061228248133e-02
2.066699061228248133e-02
2.066699061228248133e-02
1.059803391537971276e-02
1.059803391537971276e-02
1.059803391537971276e-02
1.059803391537971276e-02
1.059803391537971276e-02
1.059803391537971276e-02
1.059803391537971276e-02
1.059803391537971276e-02
1.059803391537971276e-02
1.059803391537971276e-02
1.059803391537971276e-02
1.748274857446626253e-03
1.748274857446626253e-03
1.748274857446626253e-03
1.748274857446626253e-03
3.883131249735906169e-03
3.883131249735906169e-03
3.883131249735906169e-03
3.883131249735906169e-03
3.883131249735906169e-03
3.883131249735906169e-03
3.883131249735906169e-03
3.883131249735906169e-03
3.883131249735906169e-03
3.883131249735906169e-03
3.883131249735906169e-03
2.499354998475188452e-02
2.499354998475188452e-02
2.499354998475188452e-02
8.421385064660035988e-03
8.421385064660035988e-03
8.421385064660035988e-03
8.421385064660035988e-03
8.421385064660035988e-03
8.421385064660035988e-03
8.421385064660035988e-03
8.421385064660035988e-03
8.421385064660035988e-03
8.421385064660035988e-03
8.421385064660035988e-03
3.157745570459725981e-02
3.157745570459725981e-02
3.157745570459725981e-02
3.157745570459725981e-02
3.157745570459725981e-02
3.157745570459725981e-02
3.157745570459725981e-02
3.157745570459725981e-02
3.157745570459725981e-02
3.157745570459725981e-02
3.157745570459725981e-02
3.157745570459725981e-02
3.157745570459725981e-02
3.157745570459725981e-02
3.157745570459725981e-02
3.157745570459725981e-02
3.157745570459725981e-02
3.157745570459725981e-02
3.157745570459725981e-02
3.946866061907716716e-02
3.946866061907716716e-02
3.946866061907716716e-02
3.946866061907716716e-02
3.946866061907716716e-02
3.946866061907716716e-02
3.946866061907716716e-02
3.946866061907716716e-02
3.946866061907716716e-02
3.946866061907716716e-02
3.946866061907716716e-02
3.946866061907716716e-02
3.946866061907716716e-02
3.946866061907716716e-02
3.946866061907716716e-02
3.946866061907716716e-02
3.946866061907716716e-02
3.946866061907716716e-02
3.946866061907716716e-02
3.946866061907716716e-02
3.918361100235243089e-02
3.918361100235243089e-02
3.918361100235243089e-02
3.918361100235243089e-02
3.918361100235243089e-02
3.918361100235243089e-02
3.918361100235243089e-02
3.918361100235243089e-02
3.918361100235243089e-02
3.918361100235243089e-02
3.918361100235243089e-02
3.918361100235243089e-02
3.918361100235243089e-02
3.918361100235243089e-02
3.918361100235243089e-02
3.918361100235243089e-02
3.918361100235243089e-02
3.918361100235243089e-02
3.918361100235243089e-02
3.918361100235243089e-02
7.305682230565553603e-02
7.305682230565553603e-02
7.305682230565553603e-02
1.680044595602675495e-02
1.680044595602675495e-02
1.680044595602675495e-02
1.680044595602675495e-02
1.680044595602675495e-02
4.070335058375681471e-03
4.070335058375681471e-03
4.070335058375681471e-03
4.070335058375681471e-03
4.070335058375681471e-03
4.070335058375681471e-03
4.070335058375681471e-03
4.070335058375681471e-03
6.360321456741659628e-03
6.360321456741659628e-03
6.360321456741659628e-03
6.360321456741659628e-03
6.360321456741659628e-03
7.785901596728843355e-02
7.785901596728843355e-02
7.785901596728843355e-02
7.785901596728843355e-02
7.785901596728843355e-02
7.722199775314381176e-02
7.722199775314381176e-02
7.722199775314381176e-02
6.517957732364673684e-02
6.517957732364673684e-02
6.517957732364673684e-02
5.489126880561587957e-02
5.489126880561587957e-02
5.489126880561587957e-02
5.489126880561587957e-02
5.489126880561587957e-02
5.489126880561587957e-02
5.489126880561587957e-02
5.489126880561587957e-02
5.489126880561587957e-02
5.489126880561587957e-02
5.489126880561587957e-02
5.489126880561587957e-02
5.489126880561587957e-02
5.119859731204453451e-02
5.119859731204453451e-02
5.119859731204453451e-02
5.119859731204453451e-02
5.119859731204453451e-02
5.119859731204453451e-02
5.119859731204453451e-02
5.119859731204453451e-02
5.119859731204453451e-02
5.119859731204453451e-02
5.119859731204453451e-02
5.119859731204453451e-02
6.161852772262873396e-02
6.161852772262873396e-02
6.161852772262873396e-02
6.161852772262873396e-02
6.161852772262873396e-02
6.161852772262873396e-02
6.161852772262873396e-02
6.161852772262873396e-02
6.161852772262873396e-02
3.463825729943691839e-02
3.463825729943691839e-02
3.463825729943691839e-02
5.197815288624579172e-02
5.197815288624579172e-02
5.197815288624579172e-02
5.197815288624579172e-02
5.197815288624579172e-02
5.197815288624579172e-02
5.197815288624579172e-02
5.197815288624579172e-02
5.197815288624579172e-02
5.197815288624579172e-02
5.197815288624579172e-02
5.197815288624579172e-02
5.197815288624579172e-02
5.197815288624579172e-02
6.038224128969180843e-02
6.038224128969180843e-02
6.038224128969180843e-02
3.888353746258359223e-02
3.888353746258359223e-02
3.888353746258359223e-02
3.846733946816904143e-02
3.846733946816904143e-02
3.846733946816904143e-02
2.825052889055393660e-02
2.825052889055393660e-02
2.825052889055393660e-02
2.825052889055393660e-02
2.825052889055393660e-02
2.825052889055393660e-02
2.825052889055393660e-02
7.368091046006076950e-02
7.368091046006076950e-02
7.368091046006076950e-02
7.368091046006076950e-02
7.368091046006076950e-02
7.368091046006076950e-02
7.368091046006076950e-02
7.368091046006076950e-02
7.368091046006076950e-02
2.875325101772233799e-02
2.875325101772233799e-02
2.875325101772233799e-02
2.875325101772233799e-02
1.031337070630647043e-02
1.031337070630647043e-02
1.031337070630647043e-02
1.031337070630647043e-02
1.031337070630647043e-02
1.373643423334795083e-02
1.373643423334795083e-02
1.373643423334795083e-02
1.373643423334795083e-02
1.373643423334795083e-02
1.373643423334795083e-02
1.373643423334795083e-02
1.373643423334795083e-02
1.373643423334795083e-02
7.582644995654776870e-03
7.582644995654776870e-03
7.582644995654776870e-03
7.582644995654776870e-03
7.582644995654776870e-03
7.582644995654776870e-03
7.582644995654776870e-03
7.582644995654776870e-03
7.582644995654776870e-03
7.582644995654776870e-03
7.582644995654776870e-03
9.993755612231154661e-03
9.993755612231154661e-03
9.993755612231154661e-03
9.993755612231154661e-03
9.993755612231154661e-03
9.993755612231154661e-03
9.993755612231154661e-03
9.993755612231154661e-03
9.993755612231154661e-03
9.993755612231154661e-03
1.534864815197760357e-02
1.534864815197760357e-02
1.534864815197760357e-02
1.534864815197760357e-02
1.534864815197760357e-02
1.534864815197760357e-02
1.534864815197760357e-02
1.534864815197760357e-02
1.534864815197760357e-02
2.270683184859420556e-02
2.270683184859420556e-02
2.270683184859420556e-02
2.270683184859420556e-02
2.270683184859420556e-02
2.270683184859420556e-02
3.419451872117328095e-02
3.419451872117328095e-02
3.419451872117328095e-02
3.419451872117328095e-02
3.419451872117328095e-02
3.419451872117328095e-02
5.559184805980773442e-02
5.559184805980773442e-02
5.559184805980773442e-02
5.559184805980773442e-02
5.559184805980773442e-02
5.559184805980773442e-02
5.559184805980773442e-02
5.559184805980773442e-02
5.559184805980773442e-02
5.559184805980773442e-02
5.559184805980773442e-02
5.559184805980773442e-02
5.559184805980773442e-02
5.559184805980773442e-02
5.559184805980773442e-02
5.559184805980773442e-02
5.559184805980773442e-02
5.559184805980773442e-02
5.559184805980773442e-02
5.559184805980773442e-02
5.559184805980773442e-02
5.559184805980773442e-02
5.559184805980773442e-02
5.559184805980773442e-02
2.045927545843011924e-02
2.045927545843011924e-02
2.045927545843011924e-02
2.045927545843011924e-02
2.045927545843011924e-02
2.045927545843011924e-02
2.045927545843011924e-02
2.332275396518472196e-02
2.332275396518472196e-02
2.332275396518472196e-02
2.332275396518472196e-02
2.564627744358966011e-02
2.564627744358966011e-02
2.564627744358966011e-02
2.564627744358966011e-02
2.564627744358966011e-02
2.564627744358966011e-02
2.564627744358966011e-02
2.564627744358966011e-02
5.961787584964605563e-02
5.961787584964605563e-02
5.961787584964605563e-02
5.961787584964605563e-02
5.961787584964605563e-02
5.961787584964605563e-02
5.961787584964605563e-02
5.961787584964605563e-02
5.961787584964605563e-02
5.961787584964605563e-02
5.961787584964605563e-02
5.961787584964605563e-02
5.961787584964605563e-02
5.961787584964605563e-02
2.052557777744849071e-02
2.052557777744849071e-02
2.052557777744849071e-02
2.052557777744849071e-02
2.052557777744849071e-02
2.052557777744849071e-02
4.087569161043499988e-02
4.087569161043499988e-02
4.087569161043499988e-02
4.087569161043499988e-02
4.087569161043499988e-02
4.087569161043499988e-02
5.700691958653877206e-02
5.700691958653877206e-02
5.700691958653877206e-02
5.700691958653877206e-02
5.700691958653877206e-02
5.700691958653877206e-02
5.700691958653877206e-02
5.700691958653877206e-02
5.700691958653877206e-02
5.700691958653877206e-02
5.700691958653877206e-02
5.700691958653877206e-02
5.700691958653877206e-02
5.700691958653877206e-02
5.700691958653877206e-02
5.700691958653877206e-02
5.700691958653877206e-02
5.700691958653877206e-02
5.700691958653877206e-02
5.700691958653877206e-02
5.700691958653877206e-02
1.720142709553101543e-02
1.720142709553101543e-02
1.720142709553101543e-02
1.720142709553101543e-02
1.720142709553101543e-02
1.720142709553101543e-02
3.849081422539647052e-02
3.849081422539647052e-02
3.849081422539647052e-02
3.849081422539647052e-02
3.849081422539647052e-02
3.849081422539647052e-02
3.849081422539647052e-02
1.684028007769558868e-02
1.684028007769558868e-02
1.684028007769558868e-02
6.428867992353608229e-02
6.428867992353608229e-02
6.428867992353608229e-02
6.428867992353608229e-02
6.428867992353608229e-02
6.428867992353608229e-02
6.428867992353608229e-02
6.428867992353608229e-02
6.428867992353608229e-02
6.428867992353608229e-02
6.428867992353608229e-02
6.428867992353608229e-02
6.428867992353608229e-02
6.428867992353608229e-02
6.428867992353608229e-02
6.560475179514312083e-02
6.560475179514312083e-02
6.560475179514312083e-02
8.402778365648881642e-02
8.402778365648881642e-02
8.402778365648881642e-02
2.154340121915896463e-03
3.501571131104704547e-03
3.501571131104704547e-03
3.501571131104704547e-03
3.501571131104704547e-03
5.376530913519995264e-02
5.376530913519995264e-02
5.376530913519995264e-02
5.376530913519995264e-02
5.376530913519995264e-02
5.376530913519995264e-02
5.376530913519995264e-02
3.111312080987579248e-02
3.111312080987579248e-02
3.111312080987579248e-02
3.111312080987579248e-02
3.111312080987579248e-02
4.327535455700799033e-02
4.327535455700799033e-02
4.327535455700799033e-02
4.327535455700799033e-02
4.327535455700799033e-02
4.327535455700799033e-02
4.327535455700799033e-02
4.327535455700799033e-02
4.327535455700799033e-02
4.327535455700799033e-02
4.327535455700799033e-02
4.327535455700799033e-02
2.813294807775407538e-02
2.813294807775407538e-02
2.813294807775407538e-02
1.526658971814912058e-02
1.526658971814912058e-02
1.526658971814912058e-02
2.937782973052739319e-02
2.937782973052739319e-02
2.937782973052739319e-02
2.937782973052739319e-02
3.079458840586527663e-02
3.079458840586527663e-02
3.079458840586527663e-02
3.079458840586527663e-02
3.079458840586527663e-02
2.895698408126909026e-02
2.895698408126909026e-02
2.895698408126909026e-02
2.895698408126909026e-02
2.895698408126909026e-02
2.262566357765133027e-02
2.262566357765133027e-02
2.262566357765133027e-02
2.806500185766377248e-02
2.806500185766377248e-02
2.806500185766377248e-02
2.806500185766377248e-02
2.806500185766377248e-02
2.806500185766377248e-02
2.806500185766377248e-02
2.887414566392133841e-02
2.887414566392133841e-02
2.887414566392133841e-02
2.887414566392133841e-02
2.887414566392133841e-02
1.993718121187152206e-02
1.993718121187152206e-02
1.993718121187152206e-02
1.993718121187152206e-02
2.166244937379425278e-02
2.166244937379425278e-02
2.166244937379425278e-02
2.166244937379425278e-02
2.166244937379425278e-02
2.166244937379425278e-02
2.166244937379425278e-02
2.166244937379425278e-02
4.495861161414820006e-02
4.495861161414820006e-02
4.495861161414820006e-02
4.495861161414820006e-02
4.495861161414820006e-02
4.495861161414820006e-02
4.495861161414820006e-02
4.495861161414820006e-02
4.495861161414820006e-02
4.495861161414820006e-02
6.809116061073526571e-02
6.809116061073526571e-02
6.809116061073526571e-02
6.809116061073526571e-02
6.809116061073526571e-02
5.401364154795609135e-02
5.401364154795609135e-02
5.401364154795609135e-02
5.401364154795609135e-02
5.401364154795609135e-02
5.401364154795609135e-02
5.401364154795609135e-02
6.439479820436563862e-02
6.439479820436563862e-02
6.439479820436563862e-02
6.439479820436563862e-02
6.439479820436563862e-02
6.439479820436563862e-02
6.439479820436563862e-02
6.439479820436563862e-02
6.439479820436563862e-02
6.439479820436563862e-02
6.439479820436563862e-02
6.439479820436563862e-02
6.439479820436563862e-02
6.439479820436563862e-02
3.370723668229867742e-02
3.370723668229867742e-02
3.370723668229867742e-02
3.370723668229867742e-02
5.434941260662171092e-02
5.434941260662171092e-02
5.434941260662171092e-02
5.434941260662171092e-02
5.434941260662171092e-02
5.434941260662171092e-02
5.434941260662171092e-02
5.434941260662171092e-02
5.434941260662171092e-02
5.434941260662171092e-02
5.434941260662171092e-02
5.434941260662171092e-02
5.434941260662171092e-02
5.434941260662171092e-02
5.434941260662171092e-02
5.434941260662171092e-02
5.434941260662171092e-02
5.434941260662171092e-02
5.434941260662171092e-02
5.434941260662171092e-02
5.434941260662171092e-02
5.434941260662171092e-02
1.773458666747329548e-02
1.773458666747329548e-02
1.773458666747329548e-02
1.773458666747329548e-02
1.773458666747329548e-02
1.773458666747329548e-02
1.773458666747329548e-02
1.773458666747329548e-02
6.212347060127822868e-02
6.212347060127822868e-02
6.212347060127822868e-02
6.212347060127822868e-02
6.212347060127822868e-02
6.212347060127822868e-02
6.212347060127822868e-02
6.212347060127822868e-02
6.212347060127822868e-02
6.212347060127822868e-02
6.212347060127822868e-02
6.212347060127822868e-02
6.212347060127822868e-02
6.212347060127822868e-02
6.212347060127822868e-02
6.212347060127822868e-02
3.840881737093538445e-02
3.840881737093538445e-02
3.840881737093538445e-02
3.840881737093538445e-02
3.938060410928092420e-02
3.938060410928092420e-02
3.938060410928092420e-02
3.938060410928092420e-02
3.938060410928092420e-02
3.938060410928092420e-02
3.938060410928092420e-02
1.771728884213955024e-02
1.771728884213955024e-02
1.771728884213955024e-02
2.129063478555019359e-02
2.129063478555019359e-02
2.129063478555019359e-02
2.129063478555019359e-02
2.129063478555019359e-02
2.129063478555019359e-02
2.129063478555019359e-02
2.129063478555019359e-02
2.302929298448563519e-02
2.302929298448563519e-02
2.302929298448563519e-02
2.302929298448563519e-02
2.302929298448563519e-02
2.302929298448563519e-02
2.302929298448563519e-02
1.729163459284245585e-02
1.729163459284245585e-02
1.729163459284245585e-02
6.503782066915225757e-02
6.503782066915225757e-02
6.503782066915225757e-02
6.503782066915225757e-02
6.503782066915225757e-02
6.503782066915225757e-02
6.503782066915225757e-02
6.503782066915225757e-02
5.948034569809040190e-02
5.948034569809040190e-02
5.948034569809040190e-02
5.948034569809040190e-02
5.948034569809040190e-02
5.948034569809040190e-02
5.948034569809040190e-02
4.494998230596138067e-02
4.494998230596138067e-02
4.494998230596138067e-02
1.027290119983120115e-02
1.027290119983120115e-02
1.027290119983120115e-02
1.027290119983120115e-02
1.027290119983120115e-02
1.027290119983120115e-02
1.027290119983120115e-02
1.027290119983120115e-02
1.027290119983120115e-02
1.027290119983120115e-02
2.733103183473167830e-02
2.733103183473167830e-02
2.733103183473167830e-02
1.556291742575838764e-02
1.556291742575838764e-02
1.556291742575838764e-02
1.556291742575838764e-02
1.556291742575838764e-02
1.556291742575838764e-02
1.556291742575838764e-02
1.750556852666910329e-02
1.750556852666910329e-02
1.750556852666910329e-02
1.750556852666910329e-02
5.529079461402729156e-02
5.529079461402729156e-02
5.529079461402729156e-02
1.951447745474906015e-02
1.951447745474906015e-02
1.951447745474906015e-02
1.951447745474906015e-02
1.951447745474906015e-02
1.951447745474906015e-02
1.951447745474906015e-02
1.951447745474906015e-02
1.951447745474906015e-02
1.951447745474906015e-02
1.951447745474906015e-02
1.951447745474906015e-02
1.951447745474906015e-02
1.951447745474906015e-02
1.951447745474906015e-02
1.951447745474906015e-02
1.951447745474906015e-02
1.951447745474906015e-02
2.716768436327129249e-02
2.716768436327129249e-02
2.716768436327129249e-02
8.454953148627888937e-03
8.454953148627888937e-03
8.454953148627888937e-03
8.454953148627888937e-03
8.454953148627888937e-03
8.454953148627888937e-03
8.454953148627888937e-03
8.454953148627888937e-03
8.454953148627888937e-03
8.454953148627888937e-03
8.454953148627888937e-03
8.454953148627888937e-03
8.454953148627888937e-03
8.454953148627888937e-03
8.454953148627888937e-03
8.454953148627888937e-03
8.454953148627888937e-03
8.454953148627888937e-03
8.454953148627888937e-03
8.454953148627888937e-03
8.454953148627888937e-03
8.454953148627888937e-03
8.454953148627888937e-03
8.454953148627888937e-03
3.046188970829829396e-02
3.046188970829829396e-02
3.046188970829829396e-02
3.046188970829829396e-02
3.046188970829829396e-02
3.046188970829829396e-02
3.046188970829829396e-02
3.046188970829829396e-02
3.046188970829829396e-02
3.046188970829829396e-02
3.046188970829829396e-02
3.046188970829829396e-02
3.046188970829829396e-02
3.046188970829829396e-02
3.046188970829829396e-02
3.046188970829829396e-02
3.046188970829829396e-02
1.690677111408809066e-02
1.690677111408809066e-02
1.690677111408809066e-02
1.690677111408809066e-02
1.690677111408809066e-02
1.690677111408809066e-02
1.690677111408809066e-02
1.690677111408809066e-02
1.690677111408809066e-02
1.690677111408809066e-02
1.690677111408809066e-02
1.690677111408809066e-02
2.221812891351168662e-02
2.221812891351168662e-02
2.221812891351168662e-02
2.221812891351168662e-02
2.221812891351168662e-02
2.221812891351168662e-02
2.221812891351168662e-02
2.221812891351168662e-02
2.221812891351168662e-02
1.970862674150031593e-02
1.970862674150031593e-02
1.970862674150031593e-02
1.970862674150031593e-02
1.970862674150031593e-02
1.970862674150031593e-02
1.970862674150031593e-02
1.970862674150031593e-02
1.970862674150031593e-02
1.970862674150031593e-02
1.970862674150031593e-02
3.024617758044295321e-02
5.746911845914490224e-02
5.746911845914490224e-02
5.746911845914490224e-02
5.746911845914490224e-02
5.746911845914490224e-02
5.746911845914490224e-02
5.746911845914490224e-02
5.746911845914490224e-02
5.746911845914490224e-02
5.746911845914490224e-02
5.746911845914490224e-02
5.746911845914490224e-02
5.746911845914490224e-02
5.746911845914490224e-02
5.746911845914490224e-02
3.641274241707338766e-02
3.641274241707338766e-02
3.641274241707338766e-02
3.641274241707338766e-02
3.641274241707338766e-02
3.641274241707338766e-02
5.822194725836443707e-02
5.822194725836443707e-02
5.822194725836443707e-02
5.822194725836443707e-02
5.822194725836443707e-02
5.822194725836443707e-02
5.822194725836443707e-02
5.822194725836443707e-02
5.822194725836443707e-02
5.863103671946639367e-02
5.863103671946639367e-02
5.863103671946639367e-02
5.863103671946639367e-02
5.863103671946639367e-02
5.863103671946639367e-02
3.829538705208848648e-02
3.829538705208848648e-02
3.829538705208848648e-02
3.829538705208848648e-02
3.829538705208848648e-02
3.713428739904902492e-02
3.713428739904902492e-02
3.713428739904902492e-02
3.713428739904902492e-02
3.713428739904902492e-02
3.322153150576561548e-02
3.322153150576561548e-02
3.322153150576561548e-02
3.322153150576561548e-02
3.322153150576561548e-02
3.845376167766496184e-02
3.845376167766496184e-02
3.845376167766496184e-02
3.845376167766496184e-02
3.845376167766496184e-02
3.090962446093472801e-02
3.090962446093472801e-02
3.090962446093472801e-02
3.090962446093472801e-02
9.432425745165827491e-02
9.432425745165827491e-02
9.432425745165827491e-02
1.477320144504664645e-01
1.477320144504664645e-01
1.477320144504664645e-01
1.477320144504664645e-01
1.127954529943132472e-01
1.127954529943132472e-01
1.127954529943132472e-01
8.655796724672351616e-02
8.655796724672351616e-02
8.655796724672351616e-02
8.655796724672351616e-02
1.799789806634908423e-02
1.799789806634908423e-02
1.799789806634908423e-02
2.373747029906470019e-02
2.373747029906470019e-02
2.373747029906470019e-02
1.736902673105652009e-02
1.736902673105652009e-02
1.736902673105652009e-02
1.736902673105652009e-02
1.736902673105652009e-02
1.736902673105652009e-02
1.736902673105652009e-02
1.736902673105652009e-02
1.736902673105652009e-02
1.736902673105652009e-02
1.736902673105652009e-02
1.736902673105652009e-02
1.396799676989467047e-02
1.396799676989467047e-02
1.396799676989467047e-02
1.396799676989467047e-02
1.396799676989467047e-02
1.396799676989467047e-02
1.396799676989467047e-02
1.396799676989467047e-02
1.396799676989467047e-02
1.396799676989467047e-02
4.424107401173108661e-02
4.424107401173108661e-02
4.424107401173108661e-02
2.831560362749243470e-02
2.831560362749243470e-02
2.831560362749243470e-02
2.831560362749243470e-02
2.648559581612919614e-02
2.648559581612919614e-02
2.648559581612919614e-02
2.648559581612919614e-02
2.648559581612919614e-02
2.192329028398865703e-02
2.192329028398865703e-02
2.192329028398865703e-02
2.192329028398865703e-02
9.178795570021259370e-03
9.178795570021259370e-03
9.178795570021259370e-03
2.309969534647669277e-03
2.309969534647669277e-03
2.309969534647669277e-03
2.309969534647669277e-03
2.309969534647669277e-03
2.309969534647669277e-03
2.309969534647669277e-03
7.610946046141885829e-03
7.610946046141885829e-03
7.610946046141885829e-03
7.610946046141885829e-03
7.610946046141885829e-03
7.610946046141885829e-03
7.610946046141885829e-03
7.610946046141885829e-03
7.610946046141885829e-03
7.610946046141885829e-03
7.610946046141885829e-03
7.610946046141885829e-03
7.610946046141885829e-03
7.610946046141885829e-03
7.610946046141885829e-03
7.610946046141885829e-03
7.610946046141885829e-03
7.610946046141885829e-03
7.610946046141885829e-03
7.610946046141885829e-03
7.610946046141885829e-03
7.610946046141885829e-03
7.610946046141885829e-03
7.610946046141885829e-03
7.610946046141885829e-03
4.588098673022923506e-03
4.588098673022923506e-03
4.588098673022923506e-03
4.588098673022923506e-03
4.588098673022923506e-03
4.588098673022923506e-03
4.588098673022923506e-03
4.588098673022923506e-03
4.588098673022923506e-03
4.588098673022923506e-03
4.588098673022923506e-03
4.588098673022923506e-03
4.588098673022923506e-03
1.637985878334726614e-02
1.637985878334726614e-02
1.637985878334726614e-02
1.637985878334726614e-02
1.637985878334726614e-02
1.637985878334726614e-02
1.637985878334726614e-02
1.637985878334726614e-02
1.637985878334726614e-02
1.637985878334726614e-02
6.980742058033620467e-02
6.980742058033620467e-02
6.980742058033620467e-02
6.980742058033620467e-02
6.766808158373051330e-02
6.766808158373051330e-02
6.766808158373051330e-02
6.766808158373051330e-02
5.805801891450090846e-02
5.805801891450090846e-02
5.805801891450090846e-02
5.703295229057027405e-02
5.703295229057027405e-02
5.703295229057027405e-02
5.703295229057027405e-02
5.703295229057027405e-02
5.703295229057027405e-02
5.703295229057027405e-02
5.703295229057027405e-02
5.703295229057027405e-02
5.703295229057027405e-02
8.552080336530860569e-03
8.552080336530860569e-03
8.552080336530860569e-03
8.552080336530860569e-03
8.552080336530860569e-03
8.552080336530860569e-03
8.552080336530860569e-03
8.552080336530860569e-03
8.552080336530860569e-03
5.718533903465007617e-02
5.718533903465007617e-02
5.718533903465007617e-02
5.718533903465007617e-02
5.718533903465007617e-02
5.718533903465007617e-02
5.718533903465007617e-02
5.718533903465007617e-02
5.718533903465007617e-02
5.718533903465007617e-02
5.718533903465007617e-02
8.593784915401612989e-02
8.593784915401612989e-02
8.593784915401612989e-02
8.593784915401612989e-02
7.992840440879145358e-02
7.992840440879145358e-02
7.992840440879145358e-02
7.992840440879145358e-02
7.851199275446077734e-04
7.851199275446077734e-04
7.851199275446077734e-04
7.851199275446077734e-04
7.851199275446077734e-04
4.684792349907699466e-02
4.684792349907699466e-02
4.684792349907699466e-02
4.684792349907699466e-02
4.684792349907699466e-02
4.684792349907699466e-02
4.684792349907699466e-02
4.684792349907699466e-02
4.684792349907699466e-02
5.596991265900629065e-02
5.596991265900629065e-02
5.596991265900629065e-02
5.596991265900629065e-02
5.596991265900629065e-02
5.596991265900629065e-02
5.596991265900629065e-02
5.596991265900629065e-02
5.644463984504724530e-02
5.644463984504724530e-02
5.644463984504724530e-02
1.731206400709845231e-02
1.731206400709845231e-02
1.731206400709845231e-02
1.731206400709845231e-02
1.731206400709845231e-02
5.378148869906030499e-02
5.378148869906030499e-02
5.378148869906030499e-02
5.378148869906030499e-02
5.378148869906030499e-02
6.676834153792257642e-02
6.676834153792257642e-02
6.676834153792257642e-02
6.676834153792257642e-02
6.676834153792257642e-02
5.279250125789792733e-03
2.962427358449227013e-03
2.962427358449227013e-03
2.962427358449227013e-03
1.555383463589787331e-02
1.295717524931472645e-02
1.295717524931472645e-02
1.295717524931472645e-02
1.295717524931472645e-02
1.295717524931472645e-02
1.295717524931472645e-02
1.295717524931472645e-02
2.557236900850492350e-02
4.683976494642490447e-03
4.683976494642490447e-03
4.683976494642490447e-03
4.683976494642490447e-03
4.683976494642490447e-03
4.683976494642490447e-03
4.683976494642490447e-03
2.989419606621354641e-02
6.767648990228604215e-03
6.767648990228604215e-03
6.767648990228604215e-03
6.767648990228604215e-03
6.767648990228604215e-03
6.767648990228604215e-03
3.114681407120895029e-02
6.111256589147605507e-03
6.111256589147605507e-03
6.111256589147605507e-03
6.111256589147605507e-03
4.399721399997191112e-02
7.028221545315927257e-03
7.028221545315927257e-03
7.028221545315927257e-03
7.028221545315927257e-03
8.938008985843828857e-02
8.938008985843828857e-02
8.938008985843828857e-02
8.938008985843828857e-02
8.938008985843828857e-02
8.938008985843828857e-02
8.938008985843828857e-02
8.938008985843828857e-02
8.938008985843828857e-02
1.925945357042820960e-03
1.925945357042820960e-03
1.925945357042820960e-03
1.925945357042820960e-03
1.925945357042820960e-03
2.194853309396798541e-02
1.569163051687320551e-02
1.569163051687320551e-02
1.569163051687320551e-02
1.569163051687320551e-02
1.569163051687320551e-02
1.569163051687320551e-02
1.569163051687320551e-02
1.569163051687320551e-02
2.725274069439333896e-02
1.211309035607242152e-02
1.211309035607242152e-02
1.211309035607242152e-02
1.211309035607242152e-02
1.211309035607242152e-02
1.211309035607242152e-02
1.211309035607242152e-02
1.211309035607242152e-02
1.211309035607242152e-02
2.236270003053244040e-02
1.113035098033716627e-02
1.113035098033716627e-02
1.113035098033716627e-02
1.113035098033716627e-02
1.113035098033716627e-02
1.113035098033716627e-02
1.113035098033716627e-02
2.730846442630788240e-02
6.213097300279846885e-03
6.213097300279846885e-03
6.213097300279846885e-03
6.213097300279846885e-03
6.213097300279846885e-03
4.184306675985108998e-02
1.070797153711745830e-02
1.070797153711745830e-02
1.070797153711745830e-02
3.957580709607107922e-02
3.957580709607107922e-02
3.957580709607107922e-02
3.957580709607107922e-02
3.957580709607107922e-02
3.026968214710347091e-02
3.026968214710347091e-02
3.026968214710347091e-02
3.026968214710347091e-02
7.321358904861482997e-02
7.321358904861482997e-02
7.321358904861482997e-02
1.067051835021620709e-01
1.067051835021620709e-01
1.067051835021620709e-01
1.020263299468418261e-01
1.020263299468418261e-01
1.020263299468418261e-01
1.020263299468418261e-01
1.020263299468418261e-01
1.020263299468418261e-01
1.020263299468418261e-01
1.020263299468418261e-01
2.158338780436980936e-02
2.158338780436980936e-02
2.158338780436980936e-02
8.104234142301328103e-02
8.104234142301328103e-02
8.104234142301328103e-02
5.616634485788211256e-02
5.616634485788211256e-02
5.616634485788211256e-02
5.616634485788211256e-02
3.136309100377666220e-02
3.238614607267707377e-03
3.238614607267707377e-03
3.238614607267707377e-03
3.238614607267707377e-03
3.238614607267707377e-03
3.238614607267707377e-03
3.238614607267707377e-03
3.238614607267707377e-03
3.238614607267707377e-03
2.692097030822929518e-02
2.692097030822929518e-02
2.692097030822929518e-02
2.692097030822929518e-02
2.692097030822929518e-02
4.571604687463982214e-02
3.402227130079224504e-02
3.402227130079224504e-02
3.402227130079224504e-02
3.402227130079224504e-02
3.402227130079224504e-02
3.402227130079224504e-02
9.166292604140480194e-03
9.166292604140480194e-03
9.166292604140480194e-03
4.219337097168875811e-02
4.219337097168875811e-02
4.219337097168875811e-02
4.219337097168875811e-02
4.219337097168875811e-02
1.231446182151268477e-02
1.231446182151268477e-02
1.231446182151268477e-02
1.231446182151268477e-02
1.231446182151268477e-02
1.231446182151268477e-02
1.231446182151268477e-02
1.231446182151268477e-02
3.261417678189737490e-02
3.261417678189737490e-02
3.261417678189737490e-02
3.261417678189737490e-02
3.261417678189737490e-02
2.005076747944842946e-02
2.005076747944842946e-02
2.005076747944842946e-02
2.005076747944842946e-02
7.469584283930828100e-03
2.766945795619501006e-02
2.766945795619501006e-02
2.766945795619501006e-02
2.766945795619501006e-02
2.766945795619501006e-02
2.766945795619501006e-02
2.766945795619501006e-02
2.766945795619501006e-02
2.766945795619501006e-02
2.766945795619501006e-02
2.766945795619501006e-02
2.766945795619501006e-02
2.164896974146999012e-02
2.164896974146999012e-02
2.164896974146999012e-02
2.164896974146999012e-02
2.164896974146999012e-02
2.164896974146999012e-02
2.164896974146999012e-02
2.164896974146999012e-02
2.164896974146999012e-02
2.164896974146999012e-02
2.164896974146999012e-02
2.164896974146999012e-02
2.164896974146999012e-02
2.164896974146999012e-02
8.148323447174036366e-03
8.148323447174036366e-03
8.148323447174036366e-03
8.148323447174036366e-03
8.148323447174036366e-03
8.148323447174036366e-03
8.148323447174036366e-03
8.148323447174036366e-03
8.148323447174036366e-03
8.148323447174036366e-03
8.148323447174036366e-03
3.162237600071735825e-03
3.162237600071735825e-03
3.162237600071735825e-03
3.162237600071735825e-03
3.162237600071735825e-03
3.162237600071735825e-03
3.162237600071735825e-03
1.547765252837133079e-02
1.547765252837133079e-02
1.547765252837133079e-02
1.547765252837133079e-02
1.547765252837133079e-02
1.547765252837133079e-02
4.178136449685372622e-02
3.140937981016479058e-02
3.140937981016479058e-02
3.140937981016479058e-02
3.140937981016479058e-02
3.140937981016479058e-02
3.140937981016479058e-02
3.140937981016479058e-02
3.140937981016479058e-02
1.808287680116107531e-03
3.107126472819513128e-03
3.107126472819513128e-03
3.107126472819513128e-03
7.370892600463960220e-02
7.370892600463960220e-02
7.370892600463960220e-02
7.370892600463960220e-02
7.370892600463960220e-02
7.370892600463960220e-02
7.370892600463960220e-02
7.370892600463960220e-02
7.370892600463960220e-02
6.541225262514185207e-03
3.385839467658903219e-03
3.385839467658903219e-03
3.385839467658903219e-03
3.385839467658903219e-03
3.385839467658903219e-03
3.385839467658903219e-03
3.385839467658903219e-03
3.385839467658903219e-03
3.385839467658903219e-03
2.966638099360169659e-02
2.966638099360169659e-02
2.966638099360169659e-02
2.966638099360169659e-02
2.966638099360169659e-02
2.966638099360169659e-02
2.548273712267693294e-02
2.548273712267693294e-02
2.548273712267693294e-02
2.548273712267693294e-02
2.548273712267693294e-02
2.894494284966720940e-02
2.894494284966720940e-02
2.894494284966720940e-02
2.894494284966720940e-02
2.894494284966720940e-02
2.894494284966720940e-02
2.894494284966720940e-02
2.398388541245514635e-02
2.398388541245514635e-02
2.398388541245514635e-02
2.398388541245514635e-02
2.398388541245514635e-02
2.398388541245514635e-02
2.398388541245514635e-02
9.393568660211367924e-03
9.393568660211367924e-03
9.393568660211367924e-03
9.393568660211367924e-03
9.393568660211367924e-03
6.018558142987139731e-03
7.603964012836936541e-04
7.603964012836936541e-04
7.603964012836936541e-04
7.603964012836936541e-04
7.603964012836936541e-04
7.603964012836936541e-04
7.603964012836936541e-04
6.297835420619297964e-03
4.058781231094424867e-03
4.058781231094424867e-03
4.058781231094424867e-03
4.058781231094424867e-03
4.058781231094424867e-03
4.058781231094424867e-03
6.081009727977267076e-03
6.081009727977267076e-03
6.081009727977267076e-03
3.945323791774283523e-02
3.945323791774283523e-02
3.945323791774283523e-02
3.945323791774283523e-02
3.945323791774283523e-02
3.945323791774283523e-02
3.945323791774283523e-02
3.945323791774283523e-02
3.945323791774283523e-02
3.945323791774283523e-02
2.107580684060401596e-02
2.107580684060401596e-02
2.107580684060401596e-02
2.107580684060401596e-02
2.107580684060401596e-02
2.107580684060401596e-02
2.107580684060401596e-02
2.107580684060401596e-02
2.107580684060401596e-02
2.107580684060401596e-02
2.107580684060401596e-02
2.107580684060401596e-02
2.107580684060401596e-02
2.107580684060401596e-02
2.107580684060401596e-02
2.972681061437352362e-02
2.972681061437352362e-02
2.972681061437352362e-02
2.972681061437352362e-02
3.290252806876090008e-02
3.290252806876090008e-02
3.290252806876090008e-02
3.290252806876090008e-02
3.290252806876090008e-02
3.290252806876090008e-02
1.233714812772252443e-02
1.867696886728657151e-03
1.867696886728657151e-03
4.657835683278015865e-02
4.657835683278015865e-02
4.657835683278015865e-02
4.657835683278015865e-02
2.443589998621702869e-02
2.443589998621702869e-02
2.443589998621702869e-02
2.443589998621702869e-02
8.475440130326983290e-02
8.475440130326983290e-02
8.475440130326983290e-02
2.081352081348097904e-02
2.081352081348097904e-02
2.081352081348097904e-02
2.081352081348097904e-02
2.081352081348097904e-02
2.081352081348097904e-02
2.102701570065691403e-02
2.102701570065691403e-02
2.102701570065691403e-02
2.102701570065691403e-02
2.102701570065691403e-02
2.102701570065691403e-02
2.109501316992668657e-02
2.109501316992668657e-02
2.109501316992668657e-02
2.109501316992668657e-02
2.109501316992668657e-02
2.012478178736332515e-02
2.266411181110905212e-02
2.266411181110905212e-02
3.966591038472015718e-02
3.966591038472015718e-02
3.966591038472015718e-02
3.966591038472015718e-02
3.966591038472015718e-02
3.966591038472015718e-02
3.966591038472015718e-02
2.438094299144889440e-02
1.974067892449057546e-02
1.974067892449057546e-02
2.488631706325672779e-02
2.488631706325672779e-02
2.488631706325672779e-02
2.488631706325672779e-02
2.488631706325672779e-02
4.139768281742040729e-02
4.139768281742040729e-02
4.139768281742040729e-02
4.139768281742040729e-02
4.139768281742040729e-02
4.139768281742040729e-02
4.139768281742040729e-02
4.139768281742040729e-02
3.885410765560964180e-02
3.885410765560964180e-02
3.885410765560964180e-02
3.885410765560964180e-02
3.885410765560964180e-02
3.885410765560964180e-02
2.201420910745929480e-02
2.201420910745929480e-02
2.201420910745929480e-02
2.201420910745929480e-02
2.201420910745929480e-02
2.201420910745929480e-02
2.201420910745929480e-02
2.201420910745929480e-02
2.201420910745929480e-02
2.201420910745929480e-02
2.201420910745929480e-02
2.201420910745929480e-02
2.201420910745929480e-02
2.492460448239799606e-02
2.492460448239799606e-02
2.492460448239799606e-02
2.492460448239799606e-02
2.492460448239799606e-02
2.492460448239799606e-02
2.492460448239799606e-02
2.492460448239799606e-02
2.492460448239799606e-02
2.492460448239799606e-02
2.492460448239799606e-02
2.492460448239799606e-02
2.492460448239799606e-02
2.492460448239799606e-02
2.475891279714788340e-02
2.475891279714788340e-02
2.475891279714788340e-02
2.475891279714788340e-02
2.475891279714788340e-02
2.475891279714788340e-02
2.475891279714788340e-02
2.475891279714788340e-02
2.475891279714788340e-02
2.475891279714788340e-02
2.475891279714788340e-02
2.475891279714788340e-02
2.475891279714788340e-02
2.475891279714788340e-02
2.394883177001072561e-02
2.394883177001072561e-02
2.394883177001072561e-02
2.394883177001072561e-02
2.394883177001072561e-02
2.394883177001072561e-02
2.394883177001072561e-02
2.394883177001072561e-02
2.394883177001072561e-02
2.394883177001072561e-02
2.394883177001072561e-02
2.394883177001072561e-02
2.394883177001072561e-02
2.394883177001072561e-02
2.394883177001072561e-02
2.394883177001072561e-02
2.769274941597909059e-02
2.769274941597909059e-02
2.769274941597909059e-02
2.769274941597909059e-02
2.769274941597909059e-02
2.769274941597909059e-02
2.769274941597909059e-02
2.769274941597909059e-02
2.769274941597909059e-02
2.769274941597909059e-02
2.769274941597909059e-02
2.769274941597909059e-02
2.769274941597909059e-02
1.714159148728705215e-02
1.714159148728705215e-02
1.714159148728705215e-02
1.714159148728705215e-02
1.714159148728705215e-02
3.013812694390734237e-02
3.013812694390734237e-02
3.013812694390734237e-02
3.013812694390734237e-02
3.013812694390734237e-02
3.013812694390734237e-02
3.013812694390734237e-02
3.013812694390734237e-02
3.013812694390734237e-02
3.013812694390734237e-02
3.013812694390734237e-02
3.013812694390734237e-02
2.906509434578521608e-02
2.906509434578521608e-02
2.906509434578521608e-02
2.906509434578521608e-02
2.906509434578521608e-02
2.016646756567993127e-03
2.016646756567993127e-03
2.016646756567993127e-03
2.016646756567993127e-03
2.016646756567993127e-03
2.016646756567993127e-03
2.016646756567993127e-03
2.016646756567993127e-03
2.016646756567993127e-03
2.016646756567993127e-03
2.016646756567993127e-03
2.016646756567993127e-03
2.016646756567993127e-03
2.016646756567993127e-03
2.016646756567993127e-03
2.016646756567993127e-03
2.251231767456858286e-03
2.251231767456858286e-03
2.251231767456858286e-03
2.251231767456858286e-03
2.251231767456858286e-03
2.251231767456858286e-03
2.251231767456858286e-03
2.251231767456858286e-03
2.251231767456858286e-03
2.251231767456858286e-03
1.421154032045691832e-03
1.421154032045691832e-03
1.421154032045691832e-03
1.421154032045691832e-03
1.421154032045691832e-03
1.421154032045691832e-03
1.421154032045691832e-03
1.421154032045691832e-03
1.421154032045691832e-03
1.421154032045691832e-03
1.421154032045691832e-03
1.421154032045691832e-03
1.421154032045691832e-03
1.421154032045691832e-03
1.421154032045691832e-03
1.421154032045691832e-03
1.421154032045691832e-03
1.421154032045691832e-03
1.432890257295036003e-03
1.432890257295036003e-03
1.432890257295036003e-03
1.432890257295036003e-03
1.432890257295036003e-03
1.432890257295036003e-03
1.432890257295036003e-03
1.432890257295036003e-03
1.432890257295036003e-03
1.432890257295036003e-03
1.432890257295036003e-03
1.432890257295036003e-03
1.432890257295036003e-03
1.432890257295036003e-03
1.432890257295036003e-03
1.432890257295036003e-03
1.432890257295036003e-03
1.432890257295036003e-03
1.516722718150296688e-03
1.516722718150296688e-03
1.516722718150296688e-03
1.516722718150296688e-03
1.516722718150296688e-03
1.516722718150296688e-03
1.516722718150296688e-03
1.516722718150296688e-03
1.516722718150296688e-03
1.516722718150296688e-03
1.516722718150296688e-03
1.516722718150296688e-03
1.516722718150296688e-03
1.516722718150296688e-03
1.516722718150296688e-03
1.516722718150296688e-03
1.516722718150296688e-03
3.212997621757870959e-02
3.212997621757870959e-02
3.212997621757870959e-02
3.212997621757870959e-02
3.212997621757870959e-02
2.334672139762819162e-02
2.334672139762819162e-02
2.334672139762819162e-02
2.334672139762819162e-02
2.334672139762819162e-02
3.212996457336735057e-02
3.212996457336735057e-02
3.212996457336735057e-02
3.212996457336735057e-02
3.212996457336735057e-02
2.055272116688582756e-02
2.089013870535586306e-02
2.089013870535586306e-02
2.089013870535586306e-02
2.089013870535586306e-02
2.089013870535586306e-02
2.089013870535586306e-02
2.089013870535586306e-02
2.089013870535586306e-02
2.089013870535586306e-02
2.089013870535586306e-02
2.089013870535586306e-02
2.089013870535586306e-02
2.089013870535586306e-02
2.089013870535586306e-02
2.089013870535586306e-02
2.089013870535586306e-02
4.092130640622208826e-02
4.092130640622208826e-02
4.092130640622208826e-02
4.092130640622208826e-02
4.092130640622208826e-02
4.092130640622208826e-02
4.092130640622208826e-02
4.092130640622208826e-02
4.092130640622208826e-02
1.837894728007346407e-02
1.837894728007346407e-02
1.837894728007346407e-02
1.837894728007346407e-02
1.837894728007346407e-02
1.837894728007346407e-02
1.837894728007346407e-02
1.837894728007346407e-02
1.837894728007346407e-02
1.837894728007346407e-02
1.837894728007346407e-02
1.837894728007346407e-02
1.837894728007346407e-02
1.837894728007346407e-02
1.837894728007346407e-02
3.720111608598178354e-02
3.720111608598178354e-02
3.720111608598178354e-02
3.720111608598178354e-02
3.720111608598178354e-02
3.720111608598178354e-02
3.720111608598178354e-02
2.560955573635338364e-02
2.560955573635338364e-02
2.560955573635338364e-02
2.560955573635338364e-02
2.560955573635338364e-02
2.560955573635338364e-02
2.560955573635338364e-02
2.560955573635338364e-02
2.560955573635338364e-02
2.560955573635338364e-02
2.560955573635338364e-02
2.560955573635338364e-02
2.560955573635338364e-02
2.560955573635338364e-02
2.560955573635338364e-02
1.825128137840151960e-02
1.825128137840151960e-02
1.825128137840151960e-02
1.825128137840151960e-02
1.825128137840151960e-02
1.825128137840151960e-02
1.825128137840151960e-02
1.825128137840151960e-02
1.825128137840151960e-02
1.825128137840151960e-02
1.825128137840151960e-02
1.825128137840151960e-02
1.825128137840151960e-02
1.825128137840151960e-02
1.825128137840151960e-02
3.106317612940513034e-02
3.106317612940513034e-02
3.106317612940513034e-02
3.106317612940513034e-02
2.275260831076912280e-02
2.275260831076912280e-02
2.275260831076912280e-02
2.275260831076912280e-02
2.275260831076912280e-02
2.275260831076912280e-02
2.275260831076912280e-02
2.275260831076912280e-02
2.275260831076912280e-02
2.275260831076912280e-02
2.275260831076912280e-02
2.275260831076912280e-02
2.275260831076912280e-02
2.275260831076912280e-02
2.275260831076912280e-02
2.275260831076912280e-02
2.275260831076912280e-02
2.505162324067922164e-02
2.505162324067922164e-02
2.505162324067922164e-02
2.505162324067922164e-02
2.505162324067922164e-02
2.505162324067922164e-02
2.505162324067922164e-02
2.505162324067922164e-02
2.505162324067922164e-02
2.505162324067922164e-02
2.505162324067922164e-02
2.505162324067922164e-02
2.505162324067922164e-02
2.505162324067922164e-02
2.505162324067922164e-02
2.505162324067922164e-02
2.505162324067922164e-02
2.505162324067922164e-02
2.505162324067922164e-02
2.733965229310245451e-02
2.733965229310245451e-02
2.733965229310245451e-02
2.733965229310245451e-02
2.733965229310245451e-02
2.733965229310245451e-02
2.733965229310245451e-02
2.733965229310245451e-02
2.733965229310245451e-02
2.733965229310245451e-02
2.733965229310245451e-02
2.733965229310245451e-02
2.733965229310245451e-02
2.733965229310245451e-02
2.733965229310245451e-02
2.785848208236714821e-02
2.785848208236714821e-02
2.785848208236714821e-02
2.785848208236714821e-02
2.785848208236714821e-02
2.785848208236714821e-02
2.785848208236714821e-02
2.785848208236714821e-02
2.785848208236714821e-02
2.785848208236714821e-02
2.785848208236714821e-02
2.785848208236714821e-02
2.785848208236714821e-02
2.785848208236714821e-02
2.785848208236714821e-02
2.785848208236714821e-02
2.698828800744543233e-02
2.698828800744543233e-02
2.698828800744543233e-02
2.698828800744543233e-02
2.698828800744543233e-02
2.698828800744543233e-02
2.698828800744543233e-02
2.698828800744543233e-02
2.698828800744543233e-02
2.698828800744543233e-02
2.698828800744543233e-02
2.698828800744543233e-02
2.698828800744543233e-02
2.698828800744543233e-02
2.698828800744543233e-02
2.698828800744543233e-02
2.698828800744543233e-02
4.132549006301246969e-03
1.861460161550505940e-03
1.861460161550505940e-03
1.861460161550505940e-03
1.861460161550505940e-03
1.861460161550505940e-03
2.491366690741983123e-02
2.491366690741983123e-02
2.491366690741983123e-02
2.491366690741983123e-02
2.491366690741983123e-02
2.491366690741983123e-02
2.491366690741983123e-02
2.491366690741983123e-02
2.491366690741983123e-02
2.491366690741983123e-02
2.491366690741983123e-02
2.491366690741983123e-02
2.491366690741983123e-02
4.390996048021747478e-03
1.206607895671146357e-03
1.206607895671146357e-03
1.206607895671146357e-03
1.206607895671146357e-03
1.994667355764617039e-02
1.994667355764617039e-02
1.994667355764617039e-02
1.994667355764617039e-02
1.994667355764617039e-02
1.994667355764617039e-02
1.994667355764617039e-02
1.994667355764617039e-02
1.994667355764617039e-02
1.994667355764617039e-02
1.994667355764617039e-02
1.994667355764617039e-02
1.994667355764617039e-02
1.443511982220339537e-02
1.393138981304690993e-02
1.393138981304690993e-02
1.393138981304690993e-02
3.636097524993344397e-03
3.636097524993344397e-03
3.636097524993344397e-03
6.697267904827823581e-03
9.452151653059143654e-05
9.452151653059143654e-05
9.452151653059143654e-05
9.452151653059143654e-05
9.452151653059143654e-05
9.452151653059143654e-05
9.452151653059143654e-05
2.850592306531449845e-03
5.176945717322205612e-03
5.176945717322205612e-03
5.176945717322205612e-03
5.176945717322205612e-03
5.176945717322205612e-03
5.176945717322205612e-03
5.176945717322205612e-03
5.176945717322205612e-03
5.176945717322205612e-03
1.341542187703290666e-02
1.549466387489606585e-02
1.549466387489606585e-02
1.549466387489606585e-02
1.549466387489606585e-02
1.549466387489606585e-02
1.549466387489606585e-02
1.549466387489606585e-02
1.549466387489606585e-02
1.852191003305050931e-02
1.454378754805154585e-02
1.454378754805154585e-02
1.454378754805154585e-02
1.454378754805154585e-02
1.454378754805154585e-02
1.454378754805154585e-02
1.024602571951574318e-03
1.024602571951574318e-03
1.024602571951574318e-03
3.060862066572886658e-03
3.060862066572886658e-03
3.060862066572886658e-03
3.060862066572886658e-03
3.060862066572886658e-03
3.060862066572886658e-03
3.060862066572886658e-03
1.182161471686031529e-03
1.182161471686031529e-03
1.182161471686031529e-03
1.182161471686031529e-03
7.895576870414008788e-05
7.895576870414008788e-05
7.895576870414008788e-05
7.895576870414008788e-05
7.895576870414008788e-05
7.895576870414008788e-05
7.895576870414008788e-05
7.895576870414008788e-05
7.895576870414008788e-05
7.895576870414008788e-05
7.895576870414008788e-05
7.895576870414008788e-05
7.895576870414008788e-05
7.895576870414008788e-05
7.895576870414008788e-05
7.895576870414008788e-05
7.895576870414008788e-05
8.403072893653098716e-03
8.403072893653098716e-03
8.403072893653098716e-03
2.994589538250587782e-02
2.994589538250587782e-02
2.994589538250587782e-02
2.994589538250587782e-02
1.552857537747307469e-02
1.552857537747307469e-02
1.552857537747307469e-02
1.552857537747307469e-02
1.552857537747307469e-02
1.552857537747307469e-02
1.552857537747307469e-02
1.552857537747307469e-02
1.552857537747307469e-02
1.552857537747307469e-02
1.552857537747307469e-02
1.552857537747307469e-02
1.552857537747307469e-02
1.552857537747307469e-02
1.552857537747307469e-02
4.724460459219068098e-02
4.202850173750327656e-02
4.202850173750327656e-02
4.202850173750327656e-02
4.202850173750327656e-02
4.202850173750327656e-02
4.202850173750327656e-02
4.202850173750327656e-02
4.202850173750327656e-02
8.460479592226248860e-03
8.460479592226248860e-03
8.460479592226248860e-03
1.243643747615309943e-03
1.243643747615309943e-03
1.243643747615309943e-03
1.243643747615309943e-03
1.243643747615309943e-03
1.243643747615309943e-03
1.243643747615309943e-03
1.243643747615309943e-03
1.243643747615309943e-03
1.127105589697519582e-02
1.127105589697519582e-02
1.127105589697519582e-02
8.319703125007803929e-03
8.319703125007803929e-03
8.319703125007803929e-03
8.319703125007803929e-03
8.319703125007803929e-03
8.319703125007803929e-03
8.319703125007803929e-03
3.048072150644837944e-03
3.048072150644837944e-03
3.048072150644837944e-03
3.048072150644837944e-03
3.048072150644837944e-03
3.048072150644837944e-03
3.048072150644837944e-03
3.048072150644837944e-03
3.048072150644837944e-03
3.048072150644837944e-03
3.048072150644837944e-03
3.048072150644837944e-03
3.048072150644837944e-03
3.048072150644837944e-03
1.089265010143067314e-02
1.089265010143067314e-02
1.089265010143067314e-02
1.089265010143067314e-02
5.851313059481843409e-03
5.851313059481843409e-03
5.851313059481843409e-03
5.851313059481843409e-03
5.851313059481843409e-03
5.851313059481843409e-03
5.851313059481843409e-03
5.851313059481843409e-03
3.020200185142285151e-02
3.020200185142285151e-02
3.020200185142285151e-02
3.020200185142285151e-02
3.020200185142285151e-02
3.020200185142285151e-02
3.020200185142285151e-02
3.020200185142285151e-02
7.399041666138387804e-03
2.170542748145999276e-02
2.170542748145999276e-02
2.170542748145999276e-02
2.170542748145999276e-02
2.170542748145999276e-02
2.170542748145999276e-02
2.170542748145999276e-02
2.170542748145999276e-02
2.170542748145999276e-02
2.170542748145999276e-02
2.170542748145999276e-02
9.248500669236974642e-03
1.512570735038622390e-02
1.512570735038622390e-02
1.512570735038622390e-02
1.512570735038622390e-02
1.512570735038622390e-02
1.512570735038622390e-02
1.512570735038622390e-02
1.512570735038622390e-02
1.512570735038622390e-02
1.512570735038622390e-02
1.512570735038622390e-02
1.512570735038622390e-02
1.512570735038622390e-02
1.512570735038622390e-02
1.512570735038622390e-02
2.528432585413379480e-02
2.528432585413379480e-02
2.528432585413379480e-02
2.528432585413379480e-02
2.528432585413379480e-02
1.042486587413822205e-02
1.042486587413822205e-02
1.042486587413822205e-02
1.042486587413822205e-02
1.042486587413822205e-02
1.042486587413822205e-02
8.433309301377837908e-02
8.433309301377837908e-02
8.433309301377837908e-02
8.433309301377837908e-02
8.433309301377837908e-02
8.433309301377837908e-02
8.433309301377837908e-02
8.433309301377837908e-02
8.433309301377837908e-02
8.433309301377837908e-02
8.433309301377837908e-02
8.433309301377837908e-02
4.529076792375390931e-03
4.529076792375390931e-03
4.529076792375390931e-03
4.529076792375390931e-03
4.529076792375390931e-03
4.529076792375390931e-03
4.529076792375390931e-03
4.529076792375390931e-03
4.529076792375390931e-03
4.529076792375390931e-03
4.529076792375390931e-03
4.529076792375390931e-03
4.529076792375390931e-03
4.529076792375390931e-03
4.529076792375390931e-03
4.529076792375390931e-03
4.529076792375390931e-03
4.529076792375390931e-03
4.529076792375390931e-03
4.529076792375390931e-03
5.622978427343793863e-03
5.622978427343793863e-03
5.622978427343793863e-03
5.622978427343793863e-03
5.622978427343793863e-03
5.622978427343793863e-03
5.622978427343793863e-03
5.622978427343793863e-03
5.622978427343793863e-03
5.622978427343793863e-03
5.622978427343793863e-03
5.622978427343793863e-03
5.622978427343793863e-03
5.622978427343793863e-03
5.622978427343793863e-03
5.622978427343793863e-03
5.622978427343793863e-03
2.016199836547497709e-02
2.016199836547497709e-02
2.016199836547497709e-02
2.016199836547497709e-02
1.573547154572308565e-02
1.573547154572308565e-02
1.573547154572308565e-02
1.573547154572308565e-02
1.573547154572308565e-02
1.573547154572308565e-02
1.869790302264285470e-02
1.869790302264285470e-02
1.869790302264285470e-02
1.869790302264285470e-02
1.869790302264285470e-02
1.636691009948639322e-02
1.636691009948639322e-02
1.636691009948639322e-02
1.636691009948639322e-02
1.636691009948639322e-02
1.636691009948639322e-02
3.986178152819046423e-03
3.986178152819046423e-03
3.986178152819046423e-03
3.986178152819046423e-03
3.986178152819046423e-03
3.986178152819046423e-03
3.986178152819046423e-03
3.986178152819046423e-03
3.986178152819046423e-03
3.986178152819046423e-03
3.986178152819046423e-03
3.986178152819046423e-03
3.986178152819046423e-03
3.986178152819046423e-03
3.986178152819046423e-03
3.986178152819046423e-03
3.986178152819046423e-03
3.986178152819046423e-03
3.986178152819046423e-03
5.168872724916259535e-03
5.168872724916259535e-03
5.168872724916259535e-03
5.168872724916259535e-03
5.168872724916259535e-03
5.168872724916259535e-03
5.168872724916259535e-03
5.168872724916259535e-03
5.168872724916259535e-03
5.168872724916259535e-03
5.168872724916259535e-03
5.168872724916259535e-03
5.168872724916259535e-03
5.168872724916259535e-03
5.168872724916259535e-03
5.168872724916259535e-03
5.168872724916259535e-03
5.741424194408568417e-03
5.741424194408568417e-03
5.741424194408568417e-03
5.741424194408568417e-03
5.741424194408568417e-03
5.741424194408568417e-03
3.098002407321434268e-02
2.507843285690437938e-03
2.507843285690437938e-03
2.507843285690437938e-03
2.507843285690437938e-03
2.507843285690437938e-03
2.507843285690437938e-03
1.530563773586087438e-02
9.345325894872804143e-03
9.345325894872804143e-03
9.345325894872804143e-03
9.345325894872804143e-03
9.345325894872804143e-03
9.345325894872804143e-03
8.649144086231090947e-03
2.442755379614982778e-02
2.442755379614982778e-02
2.442755379614982778e-02
2.442755379614982778e-02
2.442755379614982778e-02
2.442755379614982778e-02
1.150480682278890235e-02
4.757455920440584185e-02
4.757455920440584185e-02
4.757455920440584185e-02
4.757455920440584185e-02
4.757455920440584185e-02
4.757455920440584185e-02
6.850202550008079559e-03
7.753190255709591083e-02
7.753190255709591083e-02
2.085622758853935763e-02
2.085622758853935763e-02
2.085622758853935763e-02
2.085622758853935763e-02
2.085622758853935763e-02
2.173474346207591654e-02
2.173474346207591654e-02
2.173474346207591654e-02
2.173474346207591654e-02
2.173474346207591654e-02
2.173474346207591654e-02
1.246843006077485820e-02
1.246843006077485820e-02
1.246843006077485820e-02
2.224352195882600691e-02
2.224352195882600691e-02
2.224352195882600691e-02
1.850061755369445532e-02
1.850061755369445532e-02
1.850061755369445532e-02
1.850061755369445532e-02
1.850061755369445532e-02
3.340454948681969433e-02
3.340454948681969433e-02
3.340454948681969433e-02
1.503174627639290543e-02
1.503174627639290543e-02
1.503174627639290543e-02
1.924456301189172644e-02
1.924456301189172644e-02
1.924456301189172644e-02
1.924456301189172644e-02
2.743369495881563258e-02
2.743369495881563258e-02
2.743369495881563258e-02
2.743369495881563258e-02
2.743369495881563258e-02
2.743369495881563258e-02
1.829040046882837375e-02
1.829040046882837375e-02
1.829040046882837375e-02
1.829040046882837375e-02
1.829040046882837375e-02
1.829040046882837375e-02
1.829040046882837375e-02
1.829040046882837375e-02
1.829040046882837375e-02
2.791346349489430209e-02
2.791346349489430209e-02
2.791346349489430209e-02
2.791346349489430209e-02
2.791346349489430209e-02
2.791346349489430209e-02
2.791346349489430209e-02
2.791346349489430209e-02
2.791346349489430209e-02
2.791346349489430209e-02
2.791346349489430209e-02
2.791346349489430209e-02
2.791346349489430209e-02
2.791346349489430209e-02
2.791346349489430209e-02
2.791346349489430209e-02
2.791346349489430209e-02
2.791346349489430209e-02
2.791346349489430209e-02
2.791346349489430209e-02
2.791346349489430209e-02
2.791346349489430209e-02
4.081223031778984794e-02
4.081223031778984794e-02
4.081223031778984794e-02
4.081223031778984794e-02
4.081223031778984794e-02
4.081223031778984794e-02
4.081223031778984794e-02
4.081223031778984794e-02
4.081223031778984794e-02
4.081223031778984794e-02
4.081223031778984794e-02
4.081223031778984794e-02
4.081223031778984794e-02
4.081223031778984794e-02
4.081223031778984794e-02
4.081223031778984794e-02
4.081223031778984794e-02
4.081223031778984794e-02
4.081223031778984794e-02
4.081223031778984794e-02
4.081223031778984794e-02
4.081223031778984794e-02
4.081223031778984794e-02
4.081223031778984794e-02
4.081223031778984794e-02
4.081223031778984794e-02
4.969127173902954109e-02
4.969127173902954109e-02
4.969127173902954109e-02
4.969127173902954109e-02
4.969127173902954109e-02
4.969127173902954109e-02
4.969127173902954109e-02
4.969127173902954109e-02
4.969127173902954109e-02
4.969127173902954109e-02
4.969127173902954109e-02
4.969127173902954109e-02
4.969127173902954109e-02
4.969127173902954109e-02
4.969127173902954109e-02
4.969127173902954109e-02
4.969127173902954109e-02
4.969127173902954109e-02
4.969127173902954109e-02
4.483859976424731109e-02
4.483859976424731109e-02
4.483859976424731109e-02
4.483859976424731109e-02
4.483859976424731109e-02
4.483859976424731109e-02
4.483859976424731109e-02
4.483859976424731109e-02
4.483859976424731109e-02
4.483859976424731109e-02
4.483859976424731109e-02
4.483859976424731109e-02
4.483859976424731109e-02
4.483859976424731109e-02
4.483859976424731109e-02
4.483859976424731109e-02
4.483859976424731109e-02
4.683428246360906572e-02
4.683428246360906572e-02
4.683428246360906572e-02
4.683428246360906572e-02
4.683428246360906572e-02
4.683428246360906572e-02
4.683428246360906572e-02
4.683428246360906572e-02
4.683428246360906572e-02
4.683428246360906572e-02
4.683428246360906572e-02
4.683428246360906572e-02
4.683428246360906572e-02
4.683428246360906572e-02
4.683428246360906572e-02
4.683428246360906572e-02
4.683428246360906572e-02
4.454680349340699175e-02
4.454680349340699175e-02
4.454680349340699175e-02
4.454680349340699175e-02
4.454680349340699175e-02
4.454680349340699175e-02
2.667250595352931714e-02
2.667250595352931714e-02
2.667250595352931714e-02
3.139678244222738734e-03
3.139678244222738734e-03
3.139678244222738734e-03
3.139678244222738734e-03
3.139678244222738734e-03
3.139678244222738734e-03
1.708046473162641576e-02
1.708046473162641576e-02
1.708046473162641576e-02
1.708046473162641576e-02
2.266564085059451228e-02
2.266564085059451228e-02
2.266564085059451228e-02
2.266564085059451228e-02
2.266564085059451228e-02
2.266564085059451228e-02
2.266564085059451228e-02
2.266564085059451228e-02
1.165689416875624260e-02
1.165689416875624260e-02
1.165689416875624260e-02
1.165689416875624260e-02
1.165689416875624260e-02
1.165689416875624260e-02
1.963957265018247134e-02
1.963957265018247134e-02
1.963957265018247134e-02
1.963957265018247134e-02
1.963957265018247134e-02
1.790279052624420969e-02
1.790279052624420969e-02
1.790279052624420969e-02
1.790279052624420969e-02
1.790279052624420969e-02
1.790279052624420969e-02
1.394747846857937248e-02
1.394747846857937248e-02
1.394747846857937248e-02
1.394747846857937248e-02
1.394747846857937248e-02
8.321426922763911979e-03
8.321426922763911979e-03
8.321426922763911979e-03
8.321426922763911979e-03
8.321426922763911979e-03
8.321426922763911979e-03
1.810733771248863519e-02
1.810733771248863519e-02
1.810733771248863519e-02
1.810733771248863519e-02
7.984483087114999794e-03
7.984483087114999794e-03
7.984483087114999794e-03
7.984483087114999794e-03
7.984483087114999794e-03
2.662157107091742483e-02
2.662157107091742483e-02
2.662157107091742483e-02
2.662157107091742483e-02
2.662157107091742483e-02
2.662157107091742483e-02
2.662157107091742483e-02
2.662157107091742483e-02
2.662157107091742483e-02
2.662157107091742483e-02
2.662157107091742483e-02
2.662157107091742483e-02
2.662157107091742483e-02
2.662157107091742483e-02
2.662157107091742483e-02
2.662157107091742483e-02
2.662157107091742483e-02
2.662157107091742483e-02
2.662157107091742483e-02
2.662157107091742483e-02
2.662157107091742483e-02
2.662157107091742483e-02
1.972599278040428799e-04
1.686381772841017215e-02
1.686381772841017215e-02
1.686381772841017215e-02
3.462460608218140279e-02
3.462460608218140279e-02
3.462460608218140279e-02
3.462460608218140279e-02
3.462460608218140279e-02
2.574717366809970917e-02
2.574717366809970917e-02
2.574717366809970917e-02
2.574717366809970917e-02
2.574717366809970917e-02
2.574717366809970917e-02
2.574717366809970917e-02
6.296407202956072480e-02
6.296407202956072480e-02
6.296407202956072480e-02
6.296407202956072480e-02
6.296407202956072480e-02
6.296407202956072480e-02
6.296407202956072480e-02
6.296407202956072480e-02
6.296407202956072480e-02
6.296407202956072480e-02
6.296407202956072480e-02
6.296407202956072480e-02
6.296407202956072480e-02
6.296407202956072480e-02
4.066598795548084788e-02
4.066598795548084788e-02
4.066598795548084788e-02
4.066598795548084788e-02
4.066598795548084788e-02
4.066598795548084788e-02
4.066598795548084788e-02
4.066598795548084788e-02
4.066598795548084788e-02
4.066598795548084788e-02
4.066598795548084788e-02
4.066598795548084788e-02
4.066598795548084788e-02
4.066598795548084788e-02
4.066598795548084788e-02
4.066598795548084788e-02
4.066598795548084788e-02
4.066598795548084788e-02
6.075237063520978753e-02
6.075237063520978753e-02
6.075237063520978753e-02
6.075237063520978753e-02
6.075237063520978753e-02
4.420967275948654851e-02
4.420967275948654851e-02
4.420967275948654851e-02
4.420967275948654851e-02
4.420967275948654851e-02
4.420967275948654851e-02
4.420967275948654851e-02
4.420967275948654851e-02
4.420967275948654851e-02
4.871126552926217240e-02
4.871126552926217240e-02
4.871126552926217240e-02
4.871126552926217240e-02
3.910890624076156924e-02
3.910890624076156924e-02
3.910890624076156924e-02
3.910890624076156924e-02
3.910890624076156924e-02
3.910890624076156924e-02
3.910890624076156924e-02
3.910890624076156924e-02
3.910890624076156924e-02
3.910890624076156924e-02
3.910890624076156924e-02
3.910890624076156924e-02
3.910890624076156924e-02
3.910890624076156924e-02
3.910890624076156924e-02
3.910890624076156924e-02
3.910890624076156924e-02
1.150111946461042020e-02
1.150111946461042020e-02
1.150111946461042020e-02
1.150111946461042020e-02
1.150111946461042020e-02
1.150111946461042020e-02
1.245684375046666147e-02
1.245684375046666147e-02
1.245684375046666147e-02
1.245684375046666147e-02
1.245684375046666147e-02
1.245684375046666147e-02
1.245684375046666147e-02
1.245684375046666147e-02
1.245684375046666147e-02
1.245684375046666147e-02
8.970795676944221322e-03
8.970795676944221322e-03
8.970795676944221322e-03
8.970795676944221322e-03
8.970795676944221322e-03
8.970795676944221322e-03
1.342373846598995425e-02
1.342373846598995425e-02
1.342373846598995425e-02
1.342373846598995425e-02
1.342373846598995425e-02
1.342373846598995425e-02
1.342373846598995425e-02
1.105204416823085678e-02
1.105204416823085678e-02
1.105204416823085678e-02
1.105204416823085678e-02
1.105204416823085678e-02
1.105204416823085678e-02
1.105204416823085678e-02
1.105204416823085678e-02
1.105204416823085678e-02
1.642922735054786962e-02
1.642922735054786962e-02
1.642922735054786962e-02
1.642922735054786962e-02
1.642922735054786962e-02
1.642922735054786962e-02
1.642922735054786962e-02
1.642922735054786962e-02
3.985408810230310216e-04
3.985408810230310216e-04
3.985408810230310216e-04
3.985408810230310216e-04
3.985408810230310216e-04
3.985408810230310216e-04
3.985408810230310216e-04
3.985408810230310216e-04
3.985408810230310216e-04
3.985408810230310216e-04
3.985408810230310216e-04
1.470297188801608125e-02
1.470297188801608125e-02
1.470297188801608125e-02
1.470297188801608125e-02
1.470297188801608125e-02
1.470297188801608125e-02
1.470297188801608125e-02
1.470297188801608125e-02
1.535035139296202743e-02
1.535035139296202743e-02
1.535035139296202743e-02
1.535035139296202743e-02
1.535035139296202743e-02
1.535035139296202743e-02
1.535035139296202743e-02
1.226706593315288890e-02
1.226706593315288890e-02
1.226706593315288890e-02
1.226706593315288890e-02
1.226706593315288890e-02
1.226706593315288890e-02
1.226706593315288890e-02
1.226706593315288890e-02
1.367859493585974959e-02
1.367859493585974959e-02
1.367859493585974959e-02
1.367859493585974959e-02
1.367859493585974959e-02
1.367859493585974959e-02
1.367859493585974959e-02
1.367859493585974959e-02
1.367859493585974959e-02
1.367859493585974959e-02
1.367859493585974959e-02
1.367859493585974959e-02
1.367859493585974959e-02
1.367859493585974959e-02
1.367859493585974959e-02
1.367859493585974959e-02
6.495833372403460998e-05
6.495833372403460998e-05
6.495833372403460998e-05
6.495833372403460998e-05
6.495833372403460998e-05
6.495833372403460998e-05
6.495833372403460998e-05
6.495833372403460998e-05
6.224408805350983669e-03
6.224408805350983669e-03
6.224408805350983669e-03
6.224408805350983669e-03
6.224408805350983669e-03
6.224408805350983669e-03
6.224408805350983669e-03
1.052221091516133793e-02
1.052221091516133793e-02
1.052221091516133793e-02
1.052221091516133793e-02
1.315901920488321032e-02
1.315901920488321032e-02
1.315901920488321032e-02
1.315901920488321032e-02
1.315901920488321032e-02
1.315901920488321032e-02
3.322502616187230501e-02
3.322502616187230501e-02
3.322502616187230501e-02
3.322502616187230501e-02
3.322502616187230501e-02
3.322502616187230501e-02
1.203420784111857295e-01
1.203420784111857295e-01
1.203420784111857295e-01
1.203420784111857295e-01
1.203420784111857295e-01
1.203420784111857295e-01
1.203420784111857295e-01
1.203420784111857295e-01
1.203420784111857295e-01
7.099863545526151690e-03
7.099863545526151690e-03
7.099863545526151690e-03
7.099863545526151690e-03
7.099863545526151690e-03
3.320652691081003860e-02
3.320652691081003860e-02
3.320652691081003860e-02
5.774305263244483045e-03
5.774305263244483045e-03
5.774305263244483045e-03
5.774305263244483045e-03
2.415571829278313765e-02
2.415571829278313765e-02
2.415571829278313765e-02
7.147317872157094194e-04
7.147317872157094194e-04
7.147317872157094194e-04
7.147317872157094194e-04
7.147317872157094194e-04
7.147317872157094194e-04
7.147317872157094194e-04
7.147317872157094194e-04
7.147317872157094194e-04
7.147317872157094194e-04
7.147317872157094194e-04
7.147317872157094194e-04
7.147317872157094194e-04
7.147317872157094194e-04
7.147317872157094194e-04
7.147317872157094194e-04
7.147317872157094194e-04
7.470245755073430353e-03
7.470245755073430353e-03
7.470245755073430353e-03
7.470245755073430353e-03
7.470245755073430353e-03
7.470245755073430353e-03
7.470245755073430353e-03
7.470245755073430353e-03
7.470245755073430353e-03
7.470245755073430353e-03
7.470245755073430353e-03
7.470245755073430353e-03
7.470245755073430353e-03
7.470245755073430353e-03
7.470245755073430353e-03
7.470245755073430353e-03
7.470245755073430353e-03
7.470245755073430353e-03
9.517247347841024160e-04
9.517247347841024160e-04
9.517247347841024160e-04
9.517247347841024160e-04
9.517247347841024160e-04
9.517247347841024160e-04
9.517247347841024160e-04
9.517247347841024160e-04
9.517247347841024160e-04
9.517247347841024160e-04
9.517247347841024160e-04
9.517247347841024160e-04
9.517247347841024160e-04
9.517247347841024160e-04
9.517247347841024160e-04
9.517247347841024160e-04
9.517247347841024160e-04
9.517247347841024160e-04
4.643402303265777714e-02
4.643402303265777714e-02
4.643402303265777714e-02
4.643402303265777714e-02
5.847663505627342245e-02
5.847663505627342245e-02
5.847663505627342245e-02
5.847663505627342245e-02
5.847663505627342245e-02
1.680831441871786592e-03
1.680831441871786592e-03
1.680831441871786592e-03
1.680831441871786592e-03
1.680831441871786592e-03
5.002210720051303294e-02
5.002210720051303294e-02
5.002210720051303294e-02
6.952115754305139561e-02
7.047420272741555802e-02
7.047420272741555802e-02
7.047420272741555802e-02
7.838248795136282254e-02
7.838248795136282254e-02
7.838248795136282254e-02
8.366308516613810142e-02
8.366308516613810142e-02
8.366308516613810142e-02
7.106759288326520985e-02
7.106759288326520985e-02
7.106759288326520985e-02
7.106759288326520985e-02
7.106759288326520985e-02
7.106759288326520985e-02
7.416665817747743195e-02
7.416665817747743195e-02
7.416665817747743195e-02
7.416665817747743195e-02
7.416665817747743195e-02
7.416665817747743195e-02
7.416665817747743195e-02
7.416665817747743195e-02
7.416665817747743195e-02
1.972132151184657900e-02
1.972132151184657900e-02
1.972132151184657900e-02
1.972132151184657900e-02
1.972132151184657900e-02
1.972132151184657900e-02
1.972132151184657900e-02
2.129941040225022397e-02
2.129941040225022397e-02
2.129941040225022397e-02
2.129941040225022397e-02
2.129941040225022397e-02
2.072955924630067847e-03
9.814982141591961553e-04
9.814982141591961553e-04
9.814982141591961553e-04
9.814982141591961553e-04
9.814982141591961553e-04
9.814982141591961553e-04
9.814982141591961553e-04
9.814982141591961553e-04
9.814982141591961553e-04
9.814982141591961553e-04
9.814982141591961553e-04
9.814982141591961553e-04
9.814982141591961553e-04
9.814982141591961553e-04
9.814982141591961553e-04
7.295640664234330497e-02
7.295640664234330497e-02
7.295640664234330497e-02
7.295640664234330497e-02
7.295640664234330497e-02
7.295640664234330497e-02
7.295640664234330497e-02
7.295640664234330497e-02
7.295640664234330497e-02
7.295640664234330497e-02
7.569007275335355722e-02
7.569007275335355722e-02
7.569007275335355722e-02
7.569007275335355722e-02
7.569007275335355722e-02
7.569007275335355722e-02
7.569007275335355722e-02
7.569007275335355722e-02
7.569007275335355722e-02
7.569007275335355722e-02
7.569007275335355722e-02
7.569007275335355722e-02
6.372697362686483361e-03
6.372697362686483361e-03
6.372697362686483361e-03
6.372697362686483361e-03
6.372697362686483361e-03
6.372697362686483361e-03
6.372697362686483361e-03
6.372697362686483361e-03
6.372697362686483361e-03
6.372697362686483361e-03
6.372697362686483361e-03
6.372697362686483361e-03
6.372697362686483361e-03
6.372697362686483361e-03
6.372697362686483361e-03
6.372697362686483361e-03
6.372697362686483361e-03
6.372697362686483361e-03
6.830461057608845643e-02
6.830461057608845643e-02
6.830461057608845643e-02
6.830461057608845643e-02
6.830461057608845643e-02
2.435398785534899010e-02
2.435398785534899010e-02
2.435398785534899010e-02
2.881378844727456451e-02
2.881378844727456451e-02
2.881378844727456451e-02
2.881378844727456451e-02
3.069245239596904429e-02
3.069245239596904429e-02
3.069245239596904429e-02
9.718688931292220274e-04
9.718688931292220274e-04
9.718688931292220274e-04
9.718688931292220274e-04
1.402642873634267311e-02
7.783600859354574374e-03
7.783600859354574374e-03
7.783600859354574374e-03
7.783600859354574374e-03
7.783600859354574374e-03
7.783600859354574374e-03
7.783600859354574374e-03
7.783600859354574374e-03
1.258652667116191490e-02
1.258652667116191490e-02
1.258652667116191490e-02
1.258652667116191490e-02
1.258652667116191490e-02
1.258652667116191490e-02
1.258652667116191490e-02
1.258652667116191490e-02
1.258652667116191490e-02
1.258652667116191490e-02
1.258652667116191490e-02
1.258652667116191490e-02
1.258652667116191490e-02
1.258652667116191490e-02
1.258652667116191490e-02
1.258652667116191490e-02
1.258652667116191490e-02
1.258652667116191490e-02
1.400511463879308867e-02
1.400511463879308867e-02
1.400511463879308867e-02
1.400511463879308867e-02
1.400511463879308867e-02
1.400511463879308867e-02
1.400511463879308867e-02
1.400511463879308867e-02
1.400511463879308867e-02
1.400511463879308867e-02
1.400511463879308867e-02
1.400511463879308867e-02
1.400511463879308867e-02
1.400511463879308867e-02
1.400511463879308867e-02
7.696018141176734495e-02
7.696018141176734495e-02
7.696018141176734495e-02
7.696018141176734495e-02
1.282085360111056248e-02
1.282085360111056248e-02
1.282085360111056248e-02
7.841546124574030885e-02
7.841546124574030885e-02
7.841546124574030885e-02
7.841546124574030885e-02
7.841546124574030885e-02
4.857279688235369847e-02
4.857279688235369847e-02
4.857279688235369847e-02
4.857279688235369847e-02
4.857279688235369847e-02
1.566892550651908037e-02
1.566892550651908037e-02
1.566892550651908037e-02
1.566892550651908037e-02
1.935327647873336457e-02
1.935327647873336457e-02
1.935327647873336457e-02
2.969041747837520770e-02
2.969041747837520770e-02
2.969041747837520770e-02
2.895381180918303252e-02
2.895381180918303252e-02
2.895381180918303252e-02
2.895381180918303252e-02
2.895381180918303252e-02
2.895381180918303252e-02
3.047644538779191448e-02
3.047644538779191448e-02
3.047644538779191448e-02
3.047644538779191448e-02
3.047644538779191448e-02
3.047644538779191448e-02
3.200791781424742327e-02
3.200791781424742327e-02
3.200791781424742327e-02
3.200791781424742327e-02
3.200791781424742327e-02
3.200791781424742327e-02
3.427074691325009137e-02
3.427074691325009137e-02
3.427074691325009137e-02
3.427074691325009137e-02
3.427074691325009137e-02
3.427074691325009137e-02
3.427074691325009137e-02
3.358884799721218589e-02
3.358884799721218589e-02
3.358884799721218589e-02
3.358884799721218589e-02
3.358884799721218589e-02
3.358884799721218589e-02
3.358884799721218589e-02
7.724885604914869842e-03
7.724885604914869842e-03
7.724885604914869842e-03
7.724885604914869842e-03
7.724885604914869842e-03
7.724885604914869842e-03
8.979592400605538108e-03
8.979592400605538108e-03
8.979592400605538108e-03
8.979592400605538108e-03
8.979592400605538108e-03
8.979592400605538108e-03
8.229421935361688062e-03
8.229421935361688062e-03
8.229421935361688062e-03
8.229421935361688062e-03
8.229421935361688062e-03
8.229421935361688062e-03
9.532299779872799306e-03
9.532299779872799306e-03
9.532299779872799306e-03
9.532299779872799306e-03
9.532299779872799306e-03
9.532299779872799306e-03
6.857757527281987953e-03
6.857757527281987953e-03
6.857757527281987953e-03
6.857757527281987953e-03
6.857757527281987953e-03
6.857757527281987953e-03
6.857757527281987953e-03
6.857757527281987953e-03
6.857757527281987953e-03
6.857757527281987953e-03
2.282442064513382635e-02
5.618036493773981635e-03
5.618036493773981635e-03
5.618036493773981635e-03
5.618036493773981635e-03
5.618036493773981635e-03
5.618036493773981635e-03
5.618036493773981635e-03
5.618036493773981635e-03
5.618036493773981635e-03
8.665370670324565316e-03
8.665370670324565316e-03
8.665370670324565316e-03
8.665370670324565316e-03
8.665370670324565316e-03
8.665370670324565316e-03
8.665370670324565316e-03
8.665370670324565316e-03
1.402259737589478181e-02
1.402259737589478181e-02
1.402259737589478181e-02
1.402259737589478181e-02
1.402259737589478181e-02
1.402259737589478181e-02
1.402259737589478181e-02
1.402259737589478181e-02
1.402259737589478181e-02
1.402259737589478181e-02
1.402259737589478181e-02
1.402259737589478181e-02
1.402259737589478181e-02
1.402259737589478181e-02
1.402259737589478181e-02
1.402259737589478181e-02
1.402259737589478181e-02
1.402259737589478181e-02
1.402259737589478181e-02
3.271454851181355574e-10
3.271454851181355574e-10
3.271454851181355574e-10
7.752052848097190640e-02
7.752052848097190640e-02
7.752052848097190640e-02
7.752052848097190640e-02
7.752052848097190640e-02
7.752052848097190640e-02
7.670058589439872343e-02
5.898594477788485918e-02
5.898594477788485918e-02
5.898594477788485918e-02
5.898594477788485918e-02
5.898594477788485918e-02
5.898594477788485918e-02
5.898594477788485918e-02
5.898594477788485918e-02
5.898594477788485918e-02
5.726172880454946656e-02
5.726172880454946656e-02
5.726172880454946656e-02
5.726172880454946656e-02
5.726172880454946656e-02
5.726172880454946656e-02
5.726172880454946656e-02
5.726172880454946656e-02
5.726172880454946656e-02
5.726172880454946656e-02
5.726172880454946656e-02
5.726172880454946656e-02
5.726172880454946656e-02
5.726172880454946656e-02
7.161916014824065702e-02
7.161916014824065702e-02
7.161916014824065702e-02
7.161916014824065702e-02
7.161916014824065702e-02
7.161916014824065702e-02
7.161916014824065702e-02
7.161916014824065702e-02
7.445845857947522295e-02
7.445845857947522295e-02
7.445845857947522295e-02
7.445845857947522295e-02
7.445845857947522295e-02
3.375944909832762769e-02
3.375944909832762769e-02
3.375944909832762769e-02
3.375944909832762769e-02
3.375944909832762769e-02
3.375944909832762769e-02
3.375944909832762769e-02
1.898003991132239318e-02
1.898003991132239318e-02
1.898003991132239318e-02
1.898003991132239318e-02
1.898003991132239318e-02
1.898003991132239318e-02
1.898003991132239318e-02
1.898003991132239318e-02
1.898003991132239318e-02
7.499332783222419259e-03
7.499332783222419259e-03
7.499332783222419259e-03
7.499332783222419259e-03
7.499332783222419259e-03
7.499332783222419259e-03
1.019375102620049406e-02
4.722683207391884658e-02
4.722683207391884658e-02
4.722683207391884658e-02
4.722683207391884658e-02
1.022491526880415884e-02
1.022491526880415884e-02
1.022491526880415884e-02
1.022491526880415884e-02
1.022491526880415884e-02
1.022491526880415884e-02
1.022491526880415884e-02
1.022491526880415884e-02
1.022491526880415884e-02
1.022491526880415884e-02
1.022491526880415884e-02
1.022491526880415884e-02
1.022491526880415884e-02
1.022491526880415884e-02
1.359503783342177682e-02
1.359503783342177682e-02
1.359503783342177682e-02
1.359503783342177682e-02
1.359503783342177682e-02
1.359503783342177682e-02
1.359503783342177682e-02
1.359503783342177682e-02
1.359503783342177682e-02
1.359503783342177682e-02
1.359503783342177682e-02
1.359503783342177682e-02
1.359503783342177682e-02
1.352866191793480541e-02
1.352866191793480541e-02
1.352866191793480541e-02
1.352866191793480541e-02
1.715356779908557353e-02
1.715356779908557353e-02
1.715356779908557353e-02
1.715356779908557353e-02
1.715356779908557353e-02
1.715356779908557353e-02
1.715356779908557353e-02
1.715356779908557353e-02
1.715356779908557353e-02
1.715356779908557353e-02
1.715356779908557353e-02
1.889653863922069466e-02
1.889653863922069466e-02
1.889653863922069466e-02
1.889653863922069466e-02
1.889653863922069466e-02
1.889653863922069466e-02
1.889653863922069466e-02
1.889653863922069466e-02
1.889653863922069466e-02
2.969653269845649347e-03
2.969653269845649347e-03
2.969653269845649347e-03
1.131310928885770339e-02
1.131310928885770339e-02
1.131310928885770339e-02
2.017325333138226574e-03
2.017325333138226574e-03
2.017325333138226574e-03
2.017325333138226574e-03
3.071206031905418174e-02
3.071206031905418174e-02
3.071206031905418174e-02
3.071206031905418174e-02
3.071206031905418174e-02
3.071206031905418174e-02
3.421817275737501496e-02
3.421817275737501496e-02
3.421817275737501496e-02
3.421817275737501496e-02
3.421817275737501496e-02
3.421817275737501496e-02
2.805205106832140208e-02
2.805205106832140208e-02
2.805205106832140208e-02
2.805205106832140208e-02
2.805205106832140208e-02
2.805205106832140208e-02
2.805205106832140208e-02
2.805205106832140208e-02
5.206336069872012466e-03
5.206336069872012466e-03
5.206336069872012466e-03
5.206336069872012466e-03
2.036085042820563740e-02
2.036085042820563740e-02
2.036085042820563740e-02
2.036085042820563740e-02
2.036085042820563740e-02
2.036085042820563740e-02
2.036085042820563740e-02
1.586961214324705350e-03
1.586961214324705350e-03
1.586961214324705350e-03
1.586961214324705350e-03
1.586961214324705350e-03
2.742485110101933188e-02
2.742485110101933188e-02
2.742485110101933188e-02
2.402943502260330814e-03
2.402943502260330814e-03
2.402943502260330814e-03
2.402943502260330814e-03
2.402943502260330814e-03
2.402943502260330814e-03
1.071327616467738792e-03
1.071327616467738792e-03
1.071327616467738792e-03
1.071327616467738792e-03
2.230009005714629969e-03
2.230009005714629969e-03
2.230009005714629969e-03
2.230009005714629969e-03
2.230009005714629969e-03
2.230009005714629969e-03
2.230009005714629969e-03
2.230009005714629969e-03
2.230009005714629969e-03
2.075406833083910142e-03
2.075406833083910142e-03
2.075406833083910142e-03
2.075406833083910142e-03
2.075406833083910142e-03
2.075406833083910142e-03
2.075406833083910142e-03
2.075406833083910142e-03
2.075406833083910142e-03
2.075406833083910142e-03
3.394572379739826820e-04
3.394572379739826820e-04
3.394572379739826820e-04
3.394572379739826820e-04
3.394572379739826820e-04
1.293588681176387374e-02
1.293588681176387374e-02
1.293588681176387374e-02
1.293588681176387374e-02
1.293588681176387374e-02
1.293588681176387374e-02
1.293588681176387374e-02
1.293588681176387374e-02
1.293588681176387374e-02
9.616432446383649127e-05
9.616432446383649127e-05
9.616432446383649127e-05
9.616432446383649127e-05
9.616432446383649127e-05
1.325110852298483702e-02
1.325110852298483702e-02
1.325110852298483702e-02
1.325110852298483702e-02
1.238416844280720852e-02
1.238416844280720852e-02
1.238416844280720852e-02
1.238416844280720852e-02
1.238416844280720852e-02
9.936966140956524432e-03
9.936966140956524432e-03
9.936966140956524432e-03
9.936966140956524432e-03
9.936966140956524432e-03
3.973312042036360181e-03
3.973312042036360181e-03
3.973312042036360181e-03
3.973312042036360181e-03
2.548856880551052598e-02
2.548856880551052598e-02
2.548856880551052598e-02
2.548856880551052598e-02
2.548856880551052598e-02
2.548856880551052598e-02
2.548856880551052598e-02
2.548856880551052598e-02
8.652163055393439009e-03
8.652163055393439009e-03
8.652163055393439009e-03
8.652163055393439009e-03
1.962249632189435461e-02
1.962249632189435461e-02
1.962249632189435461e-02
1.962249632189435461e-02
1.962249632189435461e-02
1.962249632189435461e-02
1.962249632189435461e-02
1.962249632189435461e-02
3.097411637902812605e-03
3.097411637902812605e-03
3.097411637902812605e-03
1.456880221947645486e-02
1.456880221947645486e-02
1.456880221947645486e-02
1.456880221947645486e-02
2.400595436881618194e-02
2.400595436881618194e-02
2.400595436881618194e-02
2.400595436881618194e-02
2.400595436881618194e-02
2.984905158104620912e-03
2.984905158104620912e-03
2.984905158104620912e-03
2.984905158104620912e-03
2.984905158104620912e-03
2.984905158104620912e-03
2.984905158104620912e-03
2.984905158104620912e-03
2.984905158104620912e-03
2.984905158104620912e-03
9.543848057548829159e-03
9.543848057548829159e-03
9.543848057548829159e-03
9.543848057548829159e-03
2.643132899237666394e-02
2.643132899237666394e-02
2.643132899237666394e-02
2.643132899237666394e-02
2.643132899237666394e-02
2.643132899237666394e-02
2.643132899237666394e-02
2.643132899237666394e-02
2.643132899237666394e-02
1.932401610799691985e-02
1.932401610799691985e-02
1.932401610799691985e-02
1.932401610799691985e-02
1.932401610799691985e-02
2.464274918118794511e-02
2.464274918118794511e-02
2.464274918118794511e-02
2.464274918118794511e-02
2.464274918118794511e-02
5.100860200609913693e-03
5.100860200609913693e-03
5.100860200609913693e-03
5.100860200609913693e-03
5.100860200609913693e-03
5.100860200609913693e-03
5.100860200609913693e-03
5.100860200609913693e-03
5.100860200609913693e-03
5.100860200609913693e-03
5.100860200609913693e-03
1.088682004310915878e-02
1.088682004310915878e-02
1.088682004310915878e-02
1.088682004310915878e-02
1.088682004310915878e-02
2.230294096178170749e-03
2.230294096178170749e-03
2.230294096178170749e-03
2.230294096178170749e-03
2.230294096178170749e-03
2.230294096178170749e-03
2.230294096178170749e-03
2.230294096178170749e-03
2.230294096178170749e-03
1.061899003607015383e-02
1.061899003607015383e-02
1.061899003607015383e-02
1.061899003607015383e-02
1.061899003607015383e-02
1.061899003607015383e-02
1.034089367164943256e-02
1.034089367164943256e-02
1.034089367164943256e-02
1.183325064818001489e-02
1.183325064818001489e-02
1.183325064818001489e-02
1.183325064818001489e-02
1.183325064818001489e-02
1.183325064818001489e-02
5.586255631879410814e-03
5.586255631879410814e-03
5.586255631879410814e-03
5.586255631879410814e-03
5.586255631879410814e-03
5.586255631879410814e-03
5.586255631879410814e-03
4.033525352902775189e-03
4.033525352902775189e-03
4.033525352902775189e-03
4.033525352902775189e-03
4.033525352902775189e-03
4.033525352902775189e-03
4.033525352902775189e-03
1.239281538424901949e-03
1.239281538424901949e-03
1.239281538424901949e-03
1.239281538424901949e-03
1.239281538424901949e-03
1.239281538424901949e-03
1.239281538424901949e-03
1.152953148345250284e-02
1.152953148345250284e-02
1.152953148345250284e-02
1.152953148345250284e-02
1.152953148345250284e-02
1.152953148345250284e-02
1.346767780032893328e-03
1.346767780032893328e-03
1.346767780032893328e-03
1.346767780032893328e-03
1.346767780032893328e-03
1.346767780032893328e-03
1.346767780032893328e-03
1.346767780032893328e-03
5.786622754811484963e-03
5.786622754811484963e-03
5.786622754811484963e-03
5.786622754811484963e-03
5.786622754811484963e-03
5.786622754811484963e-03
1.419350076940507910e-02
1.419350076940507910e-02
1.419350076940507910e-02
1.419350076940507910e-02
1.419350076940507910e-02
1.169799068047050819e-02
1.169799068047050819e-02
1.169799068047050819e-02
1.169799068047050819e-02
1.169799068047050819e-02
1.169799068047050819e-02
9.606385605576590880e-03
9.606385605576590880e-03
9.606385605576590880e-03
9.606385605576590880e-03
9.606385605576590880e-03
2.204410474748074583e-02
2.204410474748074583e-02
2.204410474748074583e-02
1.072388089969818561e-03
1.072388089969818561e-03
1.072388089969818561e-03
8.045763208762625462e-02
8.045763208762625462e-02
8.045763208762625462e-02
8.045763208762625462e-02
8.045763208762625462e-02
8.045763208762625462e-02
1.027847101068048857e-01
1.027847101068048857e-01
1.027847101068048857e-01
1.027847101068048857e-01
1.792308387160700817e-02
1.792308387160700817e-02
1.792308387160700817e-02
2.233065031921216415e-02
2.233065031921216415e-02
2.233065031921216415e-02
2.233065031921216415e-02
2.233065031921216415e-02
2.233065031921216415e-02
2.224133112750385777e-02
2.224133112750385777e-02
2.224133112750385777e-02
2.224133112750385777e-02
2.224133112750385777e-02
2.224133112750385777e-02
1.016790195683630292e-02
1.016790195683630292e-02
1.016790195683630292e-02
1.016790195683630292e-02
1.016790195683630292e-02
1.016790195683630292e-02
1.016790195683630292e-02
0.000000000000000000e+00
0.000000000000000000e+00
0.000000000000000000e+00
0.000000000000000000e+00
0.000000000000000000e+00
7.124481802054510047e-04
7.124481802054510047e-04
7.124481802054510047e-04
1.369928451905450852e-02
1.369928451905450852e-02
1.369928451905450852e-02
1.369928451905450852e-02
1.525257201925436790e-02
1.525257201925436790e-02
1.525257201925436790e-02
1.525257201925436790e-02
2.095868827421604533e-02
2.095868827421604533e-02
2.095868827421604533e-02
2.095868827421604533e-02
9.427803624168763774e-03
9.427803624168763774e-03
9.427803624168763774e-03
9.427803624168763774e-03
9.427803624168763774e-03
2.682262803912060026e-02
2.682262803912060026e-02
2.682262803912060026e-02
2.682262803912060026e-02
7.097653432011029155e-03
7.097653432011029155e-03
7.097653432011029155e-03
7.097653432011029155e-03
7.097653432011029155e-03
7.097653432011029155e-03
7.097653432011029155e-03
7.097653432011029155e-03
5.677659004273041127e-02
5.677659004273041127e-02
5.677659004273041127e-02
2.714327923524213065e-02
2.714327923524213065e-02
2.714327923524213065e-02
2.747975309112391656e-02
2.747975309112391656e-02
2.747975309112391656e-02
2.747975309112391656e-02
2.747975309112391656e-02
6.406069217613204712e-03
6.406069217613204712e-03
6.406069217613204712e-03
6.406069217613204712e-03
7.570296333910819797e-03
7.570296333910819797e-03
7.570296333910819797e-03
7.570296333910819797e-03
1.242022945610182783e-02
1.242022945610182783e-02
1.242022945610182783e-02
1.242022945610182783e-02
1.242022945610182783e-02
9.272077603303817417e-02
9.272077603303817417e-02
9.272077603303817417e-02
1.363334906443809946e-01
1.363334906443809946e-01
1.363334906443809946e-01
1.363334906443809946e-01
1.363334906443809946e-01
1.999007889394731601e-03
1.999007889394731601e-03
1.999007889394731601e-03
1.927455430404588282e-03
1.927455430404588282e-03
1.927455430404588282e-03
1.927455430404588282e-03
1.927455430404588282e-03
1.927455430404588282e-03
1.022319010702934204e-02
1.022319010702934204e-02
1.022319010702934204e-02
1.022319010702934204e-02
1.022319010702934204e-02
1.590005680240345193e-02
1.590005680240345193e-02
1.590005680240345193e-02
1.590005680240345193e-02
1.590005680240345193e-02
1.590005680240345193e-02
1.590005680240345193e-02
1.590005680240345193e-02
1.590005680240345193e-02
1.590005680240345193e-02
1.590005680240345193e-02
1.590005680240345193e-02
1.590005680240345193e-02
1.590005680240345193e-02
1.590005680240345193e-02
1.590005680240345193e-02
1.590005680240345193e-02
1.590005680240345193e-02
1.139754874426754938e-01
1.139754874426754938e-01
1.139754874426754938e-01
1.139754874426754938e-01
1.139754874426754938e-01
1.139754874426754938e-01
1.436384553016309580e-03
1.436384553016309580e-03
1.436384553016309580e-03
1.530725859994521224e-02
1.530725859994521224e-02
1.530725859994521224e-02
1.530725859994521224e-02
1.621540101477397799e-02
1.621540101477397799e-02
1.621540101477397799e-02
2.270849273908269114e-02
2.270849273908269114e-02
2.270849273908269114e-02
2.270849273908269114e-02
1.988478107869014536e-02
1.988478107869014536e-02
1.988478107869014536e-02
3.504545044297590478e-02
3.504545044297590478e-02
3.504545044297590478e-02
4.300945277449871700e-03
4.300945277449871700e-03
4.300945277449871700e-03
4.300945277449871700e-03
4.300945277449871700e-03
4.300945277449871700e-03
1.288592496350540739e-02
2.270660165153129059e-02
2.270660165153129059e-02
2.270660165153129059e-02
2.270660165153129059e-02
2.296985780376628594e-02
2.833564843461401292e-02
2.833564843461401292e-02
2.833564843461401292e-02
2.833564843461401292e-02
2.833564843461401292e-02
2.833564843461401292e-02
2.833564843461401292e-02
2.833564843461401292e-02
2.833564843461401292e-02
1.488427346257518297e-02
1.488427346257518297e-02
1.488427346257518297e-02
1.488427346257518297e-02
1.488427346257518297e-02
1.488427346257518297e-02
1.488427346257518297e-02
1.488427346257518297e-02
1.488427346257518297e-02
1.488427346257518297e-02
1.488427346257518297e-02
1.488427346257518297e-02
1.488427346257518297e-02
1.488427346257518297e-02
1.488427346257518297e-02
1.488427346257518297e-02
1.488427346257518297e-02
1.488427346257518297e-02
1.488427346257518297e-02
1.488427346257518297e-02
1.488427346257518297e-02
1.488427346257518297e-02
1.871362806896311251e-02
1.871362806896311251e-02
1.871362806896311251e-02
8.782026118099800840e-03
8.782026118099800840e-03
8.782026118099800840e-03
8.782026118099800840e-03
8.782026118099800840e-03
8.782026118099800840e-03
8.782026118099800840e-03
8.782026118099800840e-03
3.378833674906745604e-02
3.600395913232850437e-02
3.600395913232850437e-02
3.600395913232850437e-02
3.600395913232850437e-02
3.600395913232850437e-02
3.600395913232850437e-02
3.600395913232850437e-02
3.486474858761912099e-02
3.686643606282858504e-02
3.686643606282858504e-02
3.686643606282858504e-02
3.686643606282858504e-02
3.686643606282858504e-02
3.686643606282858504e-02
3.686643606282858504e-02
3.252589803009359876e-02
3.252589803009359876e-02
3.252589803009359876e-02
2.132660136757361796e-02
2.132660136757361796e-02
2.132660136757361796e-02
2.281643022499642293e-02
2.281643022499642293e-02
2.281643022499642293e-02
2.281643022499642293e-02
2.725195325746202282e-02
3.218742460881516415e-02
3.218742460881516415e-02
3.218742460881516415e-02
3.218742460881516415e-02
3.218742460881516415e-02
3.218742460881516415e-02
3.218742460881516415e-02
2.488301111052908590e-02
2.488301111052908590e-02
2.488301111052908590e-02
2.488301111052908590e-02
2.488301111052908590e-02
5.147873032111800057e-02
5.698492310410379486e-02
5.698492310410379486e-02
1.873796324421583837e-02
5.246263186913206408e-03
5.246263186913206408e-03
1.737860093206839568e-02
5.375964724244126913e-03
5.375964724244126913e-03
1.971115016407218659e-02
1.971115016407218659e-02
1.971115016407218659e-02
1.971115016407218659e-02
1.971115016407218659e-02
1.971115016407218659e-02
1.971115016407218659e-02
2.901707110078833793e-02
2.901707110078833793e-02
2.901707110078833793e-02
2.901707110078833793e-02
2.901707110078833793e-02
2.901707110078833793e-02
2.940519659651502291e-02
2.940519659651502291e-02
2.940519659651502291e-02
2.539850413313052974e-02
2.539850413313052974e-02
2.539850413313052974e-02
2.539850413313052974e-02
4.367581192686158242e-02
1.975291077192482814e-02
1.975291077192482814e-02
1.975291077192482814e-02
3.026266301951673066e-02
1.520643586834132628e-03
1.520643586834132628e-03
1.520643586834132628e-03
1.520643586834132628e-03
1.520643586834132628e-03
1.520643586834132628e-03
1.520643586834132628e-03
1.520643586834132628e-03
2.753507831387924307e-02
8.556516202191159770e-03
8.556516202191159770e-03
8.556516202191159770e-03
8.556516202191159770e-03
8.556516202191159770e-03
8.556516202191159770e-03
8.556516202191159770e-03
8.556516202191159770e-03
8.556516202191159770e-03
8.556516202191159770e-03
2.724836803816119840e-02
4.171012647095925330e-04
4.171012647095925330e-04
4.171012647095925330e-04
4.171012647095925330e-04
4.171012647095925330e-04
4.171012647095925330e-04
4.171012647095925330e-04
4.171012647095925330e-04
4.171012647095925330e-04
4.171012647095925330e-04
2.898813089107656060e-02
1.421810367495120360e-02
1.421810367495120360e-02
2.547441223341935339e-03
2.547441223341935339e-03
2.547441223341935339e-03
2.547441223341935339e-03
2.547441223341935339e-03
2.547441223341935339e-03
5.814963062071810962e-02
3.112809386596075700e-02
3.112809386596075700e-02
3.112809386596075700e-02
3.112809386596075700e-02
3.112809386596075700e-02
3.112809386596075700e-02
3.112809386596075700e-02
3.112809386596075700e-02
3.112809386596075700e-02
3.112809386596075700e-02
3.112809386596075700e-02
3.112809386596075700e-02
5.414720054742728356e-02
1.231256216932763263e-02
1.231256216932763263e-02
6.278520184294041073e-02
2.324983138245752257e-02
2.324983138245752257e-02
2.324983138245752257e-02
2.324983138245752257e-02
2.324983138245752257e-02
2.324983138245752257e-02
2.324983138245752257e-02
2.324983138245752257e-02
2.324983138245752257e-02
2.324983138245752257e-02
6.010307310528257424e-02
3.531361292509511973e-02
3.531361292509511973e-02
3.531361292509511973e-02
3.531361292509511973e-02
3.531361292509511973e-02
3.531361292509511973e-02
3.531361292509511973e-02
3.531361292509511973e-02
3.531361292509511973e-02
3.531361292509511973e-02
3.531361292509511973e-02
3.531361292509511973e-02
3.531361292509511973e-02
3.531361292509511973e-02
3.176234549818397063e-02
3.176234549818397063e-02
3.176234549818397063e-02
1.950918771755964787e-02
1.950918771755964787e-02
1.950918771755964787e-02
1.950918771755964787e-02
2.165856114406730648e-02
2.165856114406730648e-02
2.165856114406730648e-02
5.571213597619395497e-02
4.172983917719110675e-02
4.172983917719110675e-02
4.172983917719110675e-02
4.172983917719110675e-02
4.172983917719110675e-02
4.172983917719110675e-02
4.172983917719110675e-02
4.172983917719110675e-02
4.172983917719110675e-02
4.172983917719110675e-02
4.172983917719110675e-02
4.172983917719110675e-02
4.172983917719110675e-02
4.172983917719110675e-02
4.172983917719110675e-02
6.416030852019513619e-02
4.019195654174358839e-02
4.019195654174358839e-02
4.019195654174358839e-02
4.019195654174358839e-02
4.019195654174358839e-02
4.019195654174358839e-02
4.019195654174358839e-02
4.019195654174358839e-02
4.019195654174358839e-02
4.019195654174358839e-02
4.019195654174358839e-02
4.019195654174358839e-02
4.019195654174358839e-02
4.019195654174358839e-02
4.019195654174358839e-02
4.274410249480023634e-03
4.274410249480023634e-03
4.274410249480023634e-03
4.274410249480023634e-03
7.199625463696514294e-02
3.855986409793396574e-02
3.855986409793396574e-02
3.855986409793396574e-02
3.855986409793396574e-02
3.855986409793396574e-02
3.855986409793396574e-02
3.855986409793396574e-02
3.855986409793396574e-02
3.855986409793396574e-02
3.855986409793396574e-02
3.855986409793396574e-02
3.855986409793396574e-02
3.855986409793396574e-02
3.855986409793396574e-02
3.855986409793396574e-02
3.855986409793396574e-02
3.855986409793396574e-02
7.610134810605012623e-02
3.891238885331482766e-02
3.891238885331482766e-02
3.891238885331482766e-02
3.891238885331482766e-02
3.891238885331482766e-02
3.891238885331482766e-02
3.891238885331482766e-02
3.891238885331482766e-02
3.891238885331482766e-02
3.891238885331482766e-02
3.891238885331482766e-02
3.891238885331482766e-02
3.891238885331482766e-02
3.891238885331482766e-02
3.891238885331482766e-02
3.891238885331482766e-02
3.891238885331482766e-02
3.891238885331482766e-02
3.891238885331482766e-02
2.268366810148358774e-11
5.559823841314191686e-04
5.559823841314191686e-04
5.559823841314191686e-04
5.559823841314191686e-04
5.559823841314191686e-04
6.820051394613728390e-02
3.648386095184848188e-02
3.648386095184848188e-02
3.648386095184848188e-02
3.648386095184848188e-02
3.648386095184848188e-02
3.648386095184848188e-02
3.648386095184848188e-02
3.648386095184848188e-02
3.648386095184848188e-02
3.648386095184848188e-02
3.648386095184848188e-02
3.648386095184848188e-02
3.648386095184848188e-02
3.648386095184848188e-02
3.648386095184848188e-02
3.648386095184848188e-02
5.078768539408587412e-02
5.078768539408587412e-02
5.078768539408587412e-02
7.771301180400006121e-03
7.771301180400006121e-03
7.771301180400006121e-03
7.771301180400006121e-03
1.707783665663903036e-02
1.707783665663903036e-02
1.707783665663903036e-02
1.707783665663903036e-02
1.707783665663903036e-02
6.589690957349523051e-03
6.589690957349523051e-03
6.589690957349523051e-03
6.589690957349523051e-03
1.648535992560966681e-02
2.217158941585301718e-02
2.217158941585301718e-02
1.931938576092278800e-02
1.687432238760557673e-02
1.687432238760557673e-02
2.430731199150087691e-03
1.268609867943524226e-02
1.268609867943524226e-02
1.268609867943524226e-02
1.584075268890907913e-03
7.630422603844331728e-03
7.630422603844331728e-03
7.630422603844331728e-03
7.630422603844331728e-03
7.630422603844331728e-03
3.038547374034688414e-02
8.331745089603085144e-03
8.331745089603085144e-03
8.331745089603085144e-03
8.331745089603085144e-03
8.331745089603085144e-03
8.331745089603085144e-03
3.876524090602373462e-02
7.242454023990575751e-03
7.242454023990575751e-03
7.242454023990575751e-03
7.242454023990575751e-03
7.242454023990575751e-03
7.242454023990575751e-03
7.242454023990575751e-03
4.803193004374753036e-03
8.206020797247632129e-03
8.206020797247632129e-03
8.206020797247632129e-03
8.206020797247632129e-03
8.206020797247632129e-03
9.159123738070944556e-03
9.159123738070944556e-03
9.159123738070944556e-03
9.159123738070944556e-03
9.159123738070944556e-03
4.442603280495475288e-02
2.691379634423007525e-02
2.691379634423007525e-02
2.691379634423007525e-02
2.691379634423007525e-02
2.691379634423007525e-02
2.691379634423007525e-02
2.691379634423007525e-02
2.691379634423007525e-02
2.691379634423007525e-02
2.691379634423007525e-02
2.691379634423007525e-02
2.691379634423007525e-02
2.691379634423007525e-02
2.691379634423007525e-02
2.691379634423007525e-02
2.691379634423007525e-02
2.620858496670655513e-02
1.937367006689347596e-02
1.937367006689347596e-02
1.937367006689347596e-02
1.937367006689347596e-02
1.937367006689347596e-02
1.937367006689347596e-02
1.937367006689347596e-02
1.937367006689347596e-02
8.070781606963953886e-03
6.240831434314022402e-02
6.240831434314022402e-02
6.240831434314022402e-02
6.417875783158085226e-03
6.417875783158085226e-03
6.417875783158085226e-03
6.417875783158085226e-03
2.479081977025295730e-02
2.479081977025295730e-02
2.479081977025295730e-02
5.043160218243256110e-02
1.652878356462776166e-04
1.652878356462776166e-04
1.652878356462776166e-04
1.652878356462776166e-04
1.652878356462776166e-04
1.652878356462776166e-04
6.138014907148089949e-02
1.391042047269001533e-02
1.391042047269001533e-02
1.391042047269001533e-02
1.391042047269001533e-02
1.391042047269001533e-02
1.391042047269001533e-02
9.891298355832177716e-03
2.099467434593638854e-02
2.099467434593638854e-02
2.099467434593638854e-02
2.099467434593638854e-02
1.611172168777630018e-02
1.611172168777630018e-02
1.611172168777630018e-02
2.384512622055254272e-02
1.107834990661391190e-02
1.107834990661391190e-02
1.107834990661391190e-02
1.107834990661391190e-02
1.107834990661391190e-02
3.626606094895137855e-02
3.972538538114932238e-02
3.972538538114932238e-02
3.972538538114932238e-02
3.972538538114932238e-02
3.972538538114932238e-02
3.053223152528652951e-02
3.053223152528652951e-02
3.053223152528652951e-02
3.053223152528652951e-02
1.742922030159391178e-02
1.742922030159391178e-02
1.742922030159391178e-02
1.409976724732561228e-02
1.409976724732561228e-02
1.409976724732561228e-02
1.409976724732561228e-02
8.066930577495183552e-03
3.134166810333591235e-02
3.134166810333591235e-02
2.269789229727762342e-02
3.670439148468572499e-02
3.670439148468572499e-02
3.670439148468572499e-02
1.743337186523851237e-02
2.508943472412803605e-02
2.508943472412803605e-02
2.508943472412803605e-02
2.508943472412803605e-02
2.508943472412803605e-02
2.508943472412803605e-02
2.508943472412803605e-02
2.508943472412803605e-02
2.508943472412803605e-02
2.357809982401009447e-02
2.709851621154913542e-02
2.709851621154913542e-02
2.709851621154913542e-02
2.709851621154913542e-02
2.709851621154913542e-02
2.709851621154913542e-02
2.709851621154913542e-02
2.709851621154913542e-02
2.709851621154913542e-02
2.709851621154913542e-02
2.709851621154913542e-02
1.111123081878233505e-02
1.111123081878233505e-02
1.111123081878233505e-02
1.111123081878233505e-02
4.581136022619478748e-02
4.581136022619478748e-02
4.581136022619478748e-02
4.581136022619478748e-02
1.798165612555582132e-02
2.146219053288586209e-03
2.146219053288586209e-03
4.711950711437590603e-03
4.711950711437590603e-03
4.711950711437590603e-03
4.711950711437590603e-03
2.644044174562265939e-02
1.636123843980632001e-02
1.636123843980632001e-02
1.636123843980632001e-02
1.104197807561578537e-02
1.104197807561578537e-02
1.104197807561578537e-02
1.104197807561578537e-02
1.104197807561578537e-02
1.104197807561578537e-02
1.104197807561578537e-02
3.067472741964992131e-02
2.865788746849071492e-03
2.865788746849071492e-03
2.865788746849071492e-03
1.438624333584733427e-02
1.438624333584733427e-02
1.438624333584733427e-02
1.438624333584733427e-02
1.438624333584733427e-02
1.438624333584733427e-02
1.811308643830621817e-02
1.811308643830621817e-02
1.811308643830621817e-02
1.811308643830621817e-02
1.811308643830621817e-02
1.811308643830621817e-02
1.811308643830621817e-02
1.811308643830621817e-02
1.811308643830621817e-02
1.811308643830621817e-02
1.811308643830621817e-02
1.811308643830621817e-02
1.811308643830621817e-02
1.056598626890131037e-02
1.056598626890131037e-02
1.056598626890131037e-02
1.056598626890131037e-02
2.065545818112387438e-02
2.065545818112387438e-02
2.065545818112387438e-02
2.065545818112387438e-02
2.065545818112387438e-02
1.093147932920604526e-02
1.093147932920604526e-02
1.093147932920604526e-02
1.093147932920604526e-02
1.093147932920604526e-02
1.093147932920604526e-02
2.261279190625309701e-02
2.261279190625309701e-02
2.261279190625309701e-02
2.261279190625309701e-02
1.080243073294207771e-03
1.080243073294207771e-03
1.080243073294207771e-03
1.080243073294207771e-03
1.080243073294207771e-03
2.543574839058784440e-02
2.543574839058784440e-02
2.543574839058784440e-02
2.956037169644995175e-02
2.956037169644995175e-02
2.465764874354720027e-02
2.465764874354720027e-02
2.465764874354720027e-02
2.063229709407118570e-02
2.063229709407118570e-02
2.063229709407118570e-02
2.325258908128478158e-02
2.325350530748301198e-02
2.325350530748301198e-02
1.807580562404093039e-02
1.807580562404093039e-02
1.807580562404093039e-02
1.807580562404093039e-02
1.827981254181097748e-02
1.827981254181097748e-02
1.827981254181097748e-02
1.827981254181097748e-02
5.712997147500531447e-02
5.712997147500531447e-02
5.712997147500531447e-02
5.712997147500531447e-02
1.971889556812560229e-02
1.971889556812560229e-02
1.688268140505477799e-02
1.688268140505477799e-02
1.848021443031679784e-02
1.848021443031679784e-02
1.848021443031679784e-02
1.848021443031679784e-02
3.630962232379944532e-02
3.630962232379944532e-02
3.630962232379944532e-02
3.630962232379944532e-02
3.630962232379944532e-02
1.840367552448786068e-02
1.840367552448786068e-02
1.840367552448786068e-02
1.840367552448786068e-02
3.182804286231821073e-02
5.106208329407287139e-03
5.106208329407287139e-03
5.106208329407287139e-03
5.106208329407287139e-03
5.106208329407287139e-03
2.148358820853166207e-02
2.148358820853166207e-02
2.148358820853166207e-02
2.148358820853166207e-02
1.563482711566788197e-02
1.563482711566788197e-02
1.563482711566788197e-02
1.563482711566788197e-02
1.563482711566788197e-02
1.563482711566788197e-02
1.563482711566788197e-02
3.653896516231461972e-02
3.653896516231461972e-02
3.653896516231461972e-02
3.653896516231461972e-02
3.653896516231461972e-02
3.653896516231461972e-02
3.653896516231461972e-02
6.804832649026495983e-02
6.804832649026495983e-02
4.363110456503221934e-02
4.363110456503221934e-02
4.363110456503221934e-02
1.223607161395466603e-02
1.223607161395466603e-02
1.223607161395466603e-02
1.223607161395466603e-02
1.223607161395466603e-02
1.223607161395466603e-02
1.135839240609525132e-02
3.682290251898459078e-03
3.682290251898459078e-03
3.682290251898459078e-03
3.682290251898459078e-03
3.682290251898459078e-03
3.682290251898459078e-03
1.485101403798334656e-02
1.485101403798334656e-02
1.485101403798334656e-02
1.485101403798334656e-02
1.485101403798334656e-02
1.485101403798334656e-02
4.056381547876709674e-03
4.056381547876709674e-03
4.056381547876709674e-03
4.056381547876709674e-03
4.056381547876709674e-03
4.056381547876709674e-03
4.056381547876709674e-03
4.056381547876709674e-03
8.792330523988440422e-03
8.792330523988440422e-03
8.792330523988440422e-03
8.792330523988440422e-03
8.792330523988440422e-03
8.792330523988440422e-03
8.792330523988440422e-03
8.792330523988440422e-03
8.792330523988440422e-03
3.011294725561479359e-04
3.011294725561479359e-04
3.011294725561479359e-04
2.755138397391112171e-04
2.755138397391112171e-04
2.755138397391112171e-04
1.428847962623792239e-02
1.428847962623792239e-02
1.428847962623792239e-02
1.428847962623792239e-02
1.428847962623792239e-02
1.428847962623792239e-02
1.428847962623792239e-02
1.816065778747172343e-02
1.816065778747172343e-02
1.816065778747172343e-02
1.102823144244802558e-02
1.102823144244802558e-02
1.102823144244802558e-02
1.102823144244802558e-02
1.102823144244802558e-02
1.102823144244802558e-02
1.102823144244802558e-02
3.413700670881401888e-02
3.413700670881401888e-02
3.413700670881401888e-02
3.413700670881401888e-02
3.413700670881401888e-02
3.413700670881401888e-02
4.650270129304657357e-02
4.650270129304657357e-02
4.650270129304657357e-02
4.650270129304657357e-02
4.650270129304657357e-02
4.650270129304657357e-02
6.034566156520942970e-02
6.034566156520942970e-02
6.034566156520942970e-02
6.034566156520942970e-02
6.034566156520942970e-02
6.034566156520942970e-02
3.679758466043990539e-02
3.679758466043990539e-02
3.679758466043990539e-02
3.322795398221319724e-02
3.322795398221319724e-02
3.322795398221319724e-02
0.000000000000000000e+00
0.000000000000000000e+00
0.000000000000000000e+00
0.000000000000000000e+00
0.000000000000000000e+00
0.000000000000000000e+00
0.000000000000000000e+00
5.637909689477030141e-11
5.637909689477030141e-11
5.637909689477030141e-11
5.637909689477030141e-11
5.637909689477030141e-11
5.637909689477030141e-11
5.637909689477030141e-11
7.001769121223377391e-03
7.001769121223377391e-03
7.001769121223377391e-03
7.001769121223377391e-03
7.001769121223377391e-03
7.001769121223377391e-03
7.001769121223377391e-03
3.210615194149525620e-02
3.210615194149525620e-02
3.210615194149525620e-02
2.250372872833443158e-02
2.250372872833443158e-02
2.250372872833443158e-02
2.250372872833443158e-02
2.250372872833443158e-02
2.250372872833443158e-02
2.250372872833443158e-02
2.402103631166943240e-02
2.402103631166943240e-02
2.402103631166943240e-02
2.402103631166943240e-02
2.402103631166943240e-02
2.402103631166943240e-02
2.402103631166943240e-02
2.402103631166943240e-02
2.496151907094680544e-02
2.496151907094680544e-02
2.496151907094680544e-02
2.496151907094680544e-02
2.496151907094680544e-02
2.496151907094680544e-02
2.496151907094680544e-02
7.129841053490229563e-02
2.412279264628152536e-02
2.412279264628152536e-02
2.412279264628152536e-02
2.412279264628152536e-02
2.412279264628152536e-02
2.412279264628152536e-02
2.412279264628152536e-02
2.982834192515861418e-02
2.982834192515861418e-02
2.982834192515861418e-02
2.982834192515861418e-02
2.982834192515861418e-02
2.982834192515861418e-02
2.982834192515861418e-02
2.982834192515861418e-02
2.982834192515861418e-02
7.497329140281399808e-11
7.497329140281399808e-11
7.497329140281399808e-11
7.497329140281399808e-11
7.497329140281399808e-11
7.497329140281399808e-11
7.497329140281399808e-11
7.497329140281399808e-11
6.613727056945489791e-02
2.649681628745794923e-02
2.649681628745794923e-02
2.649681628745794923e-02
2.649681628745794923e-02
2.649681628745794923e-02
2.649681628745794923e-02
2.649681628745794923e-02
5.748286130352993351e-02
5.748286130352993351e-02
5.748286130352993351e-02
5.748286130352993351e-02
5.748286130352993351e-02
5.748286130352993351e-02
8.055706564856743301e-02
8.055706564856743301e-02
8.055706564856743301e-02
8.055706564856743301e-02
8.055706564856743301e-02
8.055706564856743301e-02
8.055706564856743301e-02
8.055706564856743301e-02
8.055706564856743301e-02
8.055706564856743301e-02
8.055706564856743301e-02
1.725229578852179212e-11
1.725229578852179212e-11
1.725229578852179212e-11
1.725229578852179212e-11
1.725229578852179212e-11
1.725229578852179212e-11
1.725229578852179212e-11
1.725229578852179212e-11
1.725229578852179212e-11
1.725229578852179212e-11
4.169523484756327593e-03
8.158881443363352569e-11
8.158881443363352569e-11
8.158881443363352569e-11
8.158881443363352569e-11
8.158881443363352569e-11
8.158881443363352569e-11
8.158881443363352569e-11
8.158881443363352569e-11
8.158881443363352569e-11
8.158881443363352569e-11
7.937639022658694865e-02
7.937639022658694865e-02
7.937639022658694865e-02
7.937639022658694865e-02
7.937639022658694865e-02
7.463470991901596796e-02
7.463470991901596796e-02
7.463470991901596796e-02
7.463470991901596796e-02
7.463470991901596796e-02
7.463470991901596796e-02
7.463470991901596796e-02
7.463470991901596796e-02
1.504110118516024701e-11
1.504110118516024701e-11
1.504110118516024701e-11
1.504110118516024701e-11
1.504110118516024701e-11
1.504110118516024701e-11
1.504110118516024701e-11
1.504110118516024701e-11
1.504110118516024701e-11
1.504110118516024701e-11
1.504110118516024701e-11
1.504110118516024701e-11
5.962864428927332899e-02
5.962864428927332899e-02
5.962864428927332899e-02
5.962864428927332899e-02
5.962864428927332899e-02
5.962864428927332899e-02
5.962864428927332899e-02
6.829235625206586668e-02
6.829235625206586668e-02
6.829235625206586668e-02
6.829235625206586668e-02
6.829235625206586668e-02
6.829235625206586668e-02
6.829235625206586668e-02
6.829235625206586668e-02
6.829235625206586668e-02
6.829235625206586668e-02
6.829235625206586668e-02
6.829235625206586668e-02
3.630725475078890735e-02
3.630725475078890735e-02
3.630725475078890735e-02
3.630725475078890735e-02
2.868535824648349095e-02
3.650154249921831046e-02
3.650154249921831046e-02
3.650154249921831046e-02
3.650154249921831046e-02
3.650154249921831046e-02
3.650154249921831046e-02
3.650154249921831046e-02
3.650154249921831046e-02
3.650154249921831046e-02
5.330116734481827982e-03
5.330116734481827982e-03
5.330116734481827982e-03
5.330116734481827982e-03
1.429357930472279978e-02
1.429357930472279978e-02
1.429357930472279978e-02
1.429357930472279978e-02
1.429357930472279978e-02
4.875651273935856234e-02
4.875651273935856234e-02
4.875651273935856234e-02
4.875651273935856234e-02
4.875651273935856234e-02
4.875651273935856234e-02
4.875651273935856234e-02
4.875651273935856234e-02
4.875651273935856234e-02
4.875651273935856234e-02
4.875651273935856234e-02
4.875651273935856234e-02
6.176999064158245761e-02
6.176999064158245761e-02
6.176999064158245761e-02
6.176999064158245761e-02
6.176999064158245761e-02
6.176999064158245761e-02
6.176999064158245761e-02
6.176999064158245761e-02
6.176999064158245761e-02
6.176999064158245761e-02
5.168935865809477087e-02
5.168935865809477087e-02
5.168935865809477087e-02
5.168935865809477087e-02
5.168935865809477087e-02
5.168935865809477087e-02
5.168935865809477087e-02
5.168935865809477087e-02
5.168935865809477087e-02
5.168935865809477087e-02
5.168935865809477087e-02
5.168935865809477087e-02
5.550346735666183279e-02
5.550346735666183279e-02
5.550346735666183279e-02
5.550346735666183279e-02
5.550346735666183279e-02
5.550346735666183279e-02
5.550346735666183279e-02
5.550346735666183279e-02
5.550346735666183279e-02
5.550346735666183279e-02
5.550346735666183279e-02
5.550346735666183279e-02
5.936784979988955768e-02
5.936784979988955768e-02
5.936784979988955768e-02
5.936784979988955768e-02
5.936784979988955768e-02
5.936784979988955768e-02
5.936784979988955768e-02
5.936784979988955768e-02
5.936784979988955768e-02
5.936784979988955768e-02
5.936784979988955768e-02
5.936784979988955768e-02
5.936784979988955768e-02
3.680177659778639115e-02
3.680177659778639115e-02
3.680177659778639115e-02
3.680177659778639115e-02
3.680177659778639115e-02
3.680177659778639115e-02
3.680177659778639115e-02
3.680177659778639115e-02
3.680177659778639115e-02
3.680177659778639115e-02
3.680177659778639115e-02
2.951951462737510690e-02
2.196593971045307861e-02
2.196593971045307861e-02
2.196593971045307861e-02
2.196593971045307861e-02
2.196593971045307861e-02
2.196593971045307861e-02
2.196593971045307861e-02
2.196593971045307861e-02
2.196593971045307861e-02
2.809817229805457867e-02
2.809817229805457867e-02
2.809817229805457867e-02
2.809817229805457867e-02
2.809817229805457867e-02
2.809817229805457867e-02
2.809817229805457867e-02
2.809817229805457867e-02
1.044200146776260232e-02
1.044200146776260232e-02
1.044200146776260232e-02
1.044200146776260232e-02
5.463530922672155338e-04
5.463530922672155338e-04
5.463530922672155338e-04
5.463530922672155338e-04
5.463530922672155338e-04
5.463530922672155338e-04
6.617393137240396017e-02
6.617393137240396017e-02
6.617393137240396017e-02
6.617393137240396017e-02
6.617393137240396017e-02
6.617393137240396017e-02
6.617393137240396017e-02
6.617393137240396017e-02
6.617393137240396017e-02
7.134598558151783280e-03
5.662770917866171566e-02
5.662770917866171566e-02
5.662770917866171566e-02
5.662770917866171566e-02
5.662770917866171566e-02
5.662770917866171566e-02
5.662770917866171566e-02
5.662770917866171566e-02
5.662770917866171566e-02
5.662770917866171566e-02
5.662770917866171566e-02
5.662770917866171566e-02
5.662770917866171566e-02
1.889612469811373027e-02
4.427273574857770039e-02
4.427273574857770039e-02
4.427273574857770039e-02
4.427273574857770039e-02
4.427273574857770039e-02
4.427273574857770039e-02
4.427273574857770039e-02
4.427273574857770039e-02
4.427273574857770039e-02
4.427273574857770039e-02
4.427273574857770039e-02
4.427273574857770039e-02
5.739643752456360243e-02
5.739643752456360243e-02
5.739643752456360243e-02
5.739643752456360243e-02
5.739643752456360243e-02
5.739643752456360243e-02
5.739643752456360243e-02
5.739643752456360243e-02
5.739643752456360243e-02
5.739643752456360243e-02
5.739643752456360243e-02
5.739643752456360243e-02
5.524302426238366509e-02
5.524302426238366509e-02
5.524302426238366509e-02
5.524302426238366509e-02
5.524302426238366509e-02
5.524302426238366509e-02
5.524302426238366509e-02
5.524302426238366509e-02
5.524302426238366509e-02
5.524302426238366509e-02
5.524302426238366509e-02
5.524302426238366509e-02
5.524302426238366509e-02
5.524302426238366509e-02
5.914188748298723763e-02
5.914188748298723763e-02
5.914188748298723763e-02
5.914188748298723763e-02
5.914188748298723763e-02
5.914188748298723763e-02
5.914188748298723763e-02
5.914188748298723763e-02
5.914188748298723763e-02
5.914188748298723763e-02
5.914188748298723763e-02
5.914188748298723763e-02
5.914188748298723763e-02
5.914188748298723763e-02
5.914188748298723763e-02
6.259956592688273314e-02
6.259956592688273314e-02
6.259956592688273314e-02
6.259956592688273314e-02
6.259956592688273314e-02
6.259956592688273314e-02
6.259956592688273314e-02
6.259956592688273314e-02
6.259956592688273314e-02
6.259956592688273314e-02
6.259956592688273314e-02
6.259956592688273314e-02
6.259956592688273314e-02
6.259956592688273314e-02
7.214906392076333996e-02
7.214906392076333996e-02
7.214906392076333996e-02
3.234031447330690950e-02
3.234031447330690950e-02
3.234031447330690950e-02
3.234031447330690950e-02
3.234031447330690950e-02
3.234031447330690950e-02
3.234031447330690950e-02
3.234031447330690950e-02
3.234031447330690950e-02
3.234031447330690950e-02
3.008481523072987010e-02
3.008481523072987010e-02
3.008481523072987010e-02
3.008481523072987010e-02
3.008481523072987010e-02
3.008481523072987010e-02
3.008481523072987010e-02
3.008481523072987010e-02
3.008481523072987010e-02
3.008481523072987010e-02
3.047139865303192738e-02
3.047139865303192738e-02
3.047139865303192738e-02
3.047139865303192738e-02
3.047139865303192738e-02
3.047139865303192738e-02
3.047139865303192738e-02
3.047139865303192738e-02
3.047139865303192738e-02
3.146593010840768130e-12
3.146593010840768130e-12
3.146593010840768130e-12
3.146593010840768130e-12
3.146593010840768130e-12
3.146593010840768130e-12
3.146593010840768130e-12
3.146593010840768130e-12
3.146593010840768130e-12
3.146593010840768130e-12
3.146593010840768130e-12
1.107584297439236545e-11
1.107584297439236545e-11
1.107584297439236545e-11
1.107584297439236545e-11
1.107584297439236545e-11
1.107584297439236545e-11
1.107584297439236545e-11
1.107584297439236545e-11
1.107584297439236545e-11
1.107584297439236545e-11
1.107584297439236545e-11
3.367914070918914121e-02
3.367914070918914121e-02
3.367914070918914121e-02
3.367914070918914121e-02
3.367914070918914121e-02
3.367914070918914121e-02
3.367914070918914121e-02
3.367914070918914121e-02
3.367914070918914121e-02
3.367914070918914121e-02
3.367914070918914121e-02
3.367914070918914121e-02
3.367914070918914121e-02
3.367914070918914121e-02
3.367914070918914121e-02
1.892724671259410352e-02
4.282654480337124564e-02
4.282654480337124564e-02
4.282654480337124564e-02
4.282654480337124564e-02
4.282654480337124564e-02
4.282654480337124564e-02
4.282654480337124564e-02
4.282654480337124564e-02
4.282654480337124564e-02
4.282654480337124564e-02
4.282654480337124564e-02
4.282654480337124564e-02
4.282654480337124564e-02
2.899731093590045879e-03
4.245206041481488363e-02
4.245206041481488363e-02
4.245206041481488363e-02
4.245206041481488363e-02
4.245206041481488363e-02
4.245206041481488363e-02
4.245206041481488363e-02
4.245206041481488363e-02
4.245206041481488363e-02
4.245206041481488363e-02
4.245206041481488363e-02
4.245206041481488363e-02
4.245206041481488363e-02
4.245206041481488363e-02
8.101422463730238721e-03
8.101422463730238721e-03
8.101422463730238721e-03
8.101422463730238721e-03
8.101422463730238721e-03
8.101422463730238721e-03
2.138240952146876553e-02
2.138240952146876553e-02
2.138240952146876553e-02
2.138240952146876553e-02
2.138240952146876553e-02
2.138240952146876553e-02
2.138240952146876553e-02
2.138240952146876553e-02
2.138240952146876553e-02
2.138240952146876553e-02
5.024992541058087570e-02
5.024992541058087570e-02
5.024992541058087570e-02
5.024992541058087570e-02
5.024992541058087570e-02
5.024992541058087570e-02
5.024992541058087570e-02
5.024992541058087570e-02
5.024992541058087570e-02
5.024992541058087570e-02
0.000000000000000000e+00
0.000000000000000000e+00
0.000000000000000000e+00
0.000000000000000000e+00
0.000000000000000000e+00
0.000000000000000000e+00
0.000000000000000000e+00
0.000000000000000000e+00
0.000000000000000000e+00
2.541980518152364390e-10
2.541980518152364390e-10
2.541980518152364390e-10
2.541980518152364390e-10
2.541980518152364390e-10
2.541980518152364390e-10
2.541980518152364390e-10
2.541980518152364390e-10
2.541980518152364390e-10
1.115456340576557147e-02
1.115456340576557147e-02
1.115456340576557147e-02
1.115456340576557147e-02
1.115456340576557147e-02
1.115456340576557147e-02
6.927302013137561984e-03
6.927302013137561984e-03
6.927302013137561984e-03
6.927302013137561984e-03
6.927302013137561984e-03
6.927302013137561984e-03
6.927302013137561984e-03
6.927302013137561984e-03
6.927302013137561984e-03
6.927302013137561984e-03
2.849139050499228942e-02
2.849139050499228942e-02
2.849139050499228942e-02
2.849139050499228942e-02
2.849139050499228942e-02
2.849139050499228942e-02
2.849139050499228942e-02
2.849139050499228942e-02
2.849139050499228942e-02
2.849139050499228942e-02
2.849139050499228942e-02
5.609130088049092688e-02
5.609130088049092688e-02
5.609130088049092688e-02
5.609130088049092688e-02
5.609130088049092688e-02
5.609130088049092688e-02
5.609130088049092688e-02
5.609130088049092688e-02
1.701511103939761307e-02
1.701511103939761307e-02
1.701511103939761307e-02
1.701511103939761307e-02
1.701511103939761307e-02
9.698631752406867155e-04
7.365000220311153888e-03
7.365000220311153888e-03
7.365000220311153888e-03
7.365000220311153888e-03
7.365000220311153888e-03
7.365000220311153888e-03
1.789439666211243077e-02
1.789439666211243077e-02
1.789439666211243077e-02
1.789439666211243077e-02
1.789439666211243077e-02
2.062798597553421737e-02
2.062798597553421737e-02
2.062798597553421737e-02
2.062798597553421737e-02
2.606762485893861572e-02
2.243069401580890729e-02
2.243069401580890729e-02
4.947204775369122565e-02
4.947204775369122565e-02
4.947204775369122565e-02
4.947204775369122565e-02
4.947204775369122565e-02
4.947204775369122565e-02
4.947204775369122565e-02
4.947204775369122565e-02
4.947204775369122565e-02
6.487797661577425490e-02
6.963420847425121074e-02
6.963420847425121074e-02
6.963420847425121074e-02
5.865325110521452112e-02
5.865325110521452112e-02
5.865325110521452112e-02
5.865325110521452112e-02
5.865325110521452112e-02
5.865325110521452112e-02
5.865325110521452112e-02
5.865325110521452112e-02
5.865325110521452112e-02
5.865325110521452112e-02
8.894916666750508905e-02
6.163477276810219729e-02
6.163477276810219729e-02
6.163477276810219729e-02
7.352253620466854809e-11
7.352253620466854809e-11
7.352253620466854809e-11
7.352253620466854809e-11
7.352253620466854809e-11
7.352253620466854809e-11
7.352253620466854809e-11
7.352253620466854809e-11
7.352253620466854809e-11
7.352253620466854809e-11
7.352253620466854809e-11
1.675189085447331694e-02
1.675189085447331694e-02
1.675189085447331694e-02
1.410820428604621195e-02
1.410820428604621195e-02
1.410820428604621195e-02
1.410820428604621195e-02
1.410820428604621195e-02
1.410820428604621195e-02
1.410820428604621195e-02
1.410820428604621195e-02
1.410820428604621195e-02
1.410820428604621195e-02
1.410820428604621195e-02
1.410820428604621195e-02
1.410820428604621195e-02
1.410820428604621195e-02
1.410820428604621195e-02
1.410820428604621195e-02
1.410820428604621195e-02
1.410820428604621195e-02
3.563183206665688184e-03
3.563183206665688184e-03
3.563183206665688184e-03
3.563183206665688184e-03
3.563183206665688184e-03
3.563183206665688184e-03
1.969367120070276977e-02
1.969367120070276977e-02
1.969367120070276977e-02
1.969367120070276977e-02
1.969367120070276977e-02
1.969367120070276977e-02
1.969367120070276977e-02
1.969367120070276977e-02
1.969367120070276977e-02
1.969367120070276977e-02
2.010070872651493340e-02
2.010070872651493340e-02
2.010070872651493340e-02
3.144386783236143706e-02
3.144386783236143706e-02
3.144386783236143706e-02
3.144386783236143706e-02
3.144386783236143706e-02
3.144386783236143706e-02
3.144386783236143706e-02
3.144386783236143706e-02
3.144386783236143706e-02
3.144386783236143706e-02
3.144386783236143706e-02
3.144386783236143706e-02
1.370094384261792003e-02
1.370094384261792003e-02
1.370094384261792003e-02
1.370094384261792003e-02
1.370094384261792003e-02
1.370094384261792003e-02
1.370094384261792003e-02
1.370094384261792003e-02
1.370094384261792003e-02
1.370094384261792003e-02
1.370094384261792003e-02
1.370094384261792003e-02
1.370094384261792003e-02
1.370094384261792003e-02
1.370094384261792003e-02
1.370094384261792003e-02
1.370094384261792003e-02
1.938916923543203621e-02
1.938916923543203621e-02
1.938916923543203621e-02
9.276879697598831159e-03
9.276879697598831159e-03
9.276879697598831159e-03
9.276879697598831159e-03
1.945931010307315467e-02
1.945931010307315467e-02
1.945931010307315467e-02
1.945931010307315467e-02
2.170450095875180521e-02
2.170450095875180521e-02
2.170450095875180521e-02
2.170450095875180521e-02
2.170450095875180521e-02
2.170450095875180521e-02
2.170450095875180521e-02
2.170450095875180521e-02
2.170450095875180521e-02
1.352643040056369407e-02
1.352643040056369407e-02
1.352643040056369407e-02
1.352643040056369407e-02
1.352643040056369407e-02
1.352643040056369407e-02
1.352643040056369407e-02
1.352643040056369407e-02
4.020928429115428610e-02
4.020928429115428610e-02
4.020928429115428610e-02
4.020928429115428610e-02
4.020928429115428610e-02
4.020928429115428610e-02
4.020928429115428610e-02
4.020928429115428610e-02
4.353758936759804382e-02
4.353758936759804382e-02
4.353758936759804382e-02
4.353758936759804382e-02
4.353758936759804382e-02
4.353758936759804382e-02
4.353758936759804382e-02
1.475714530386118897e-02
1.475714530386118897e-02
1.475714530386118897e-02
1.475714530386118897e-02
1.475714530386118897e-02
1.475714530386118897e-02
1.475714530386118897e-02
1.475714530386118897e-02
1.475714530386118897e-02
1.475714530386118897e-02
1.475714530386118897e-02
1.241820993473872342e-02
1.241820993473872342e-02
1.241820993473872342e-02
1.241820993473872342e-02
1.241820993473872342e-02
1.241820993473872342e-02
1.241820993473872342e-02
1.241820993473872342e-02
1.241820993473872342e-02
1.241820993473872342e-02
1.241820993473872342e-02
1.241820993473872342e-02
1.241820993473872342e-02
1.241820993473872342e-02
1.241820993473872342e-02
1.241820993473872342e-02
1.241820993473872342e-02
1.241820993473872342e-02
1.419995704901445312e-02
1.419995704901445312e-02
1.419995704901445312e-02
1.419995704901445312e-02
1.419995704901445312e-02
1.419995704901445312e-02
1.419995704901445312e-02
1.419995704901445312e-02
1.587978164008367957e-02
1.587978164008367957e-02
1.587978164008367957e-02
1.587978164008367957e-02
1.587978164008367957e-02
1.587978164008367957e-02
1.587978164008367957e-02
2.178322091419239090e-02
2.178322091419239090e-02
2.178322091419239090e-02
2.178322091419239090e-02
2.178322091419239090e-02
2.178322091419239090e-02
2.178322091419239090e-02
2.178322091419239090e-02
2.178322091419239090e-02
2.178322091419239090e-02
3.358965731839241853e-02
3.358965731839241853e-02
3.358965731839241853e-02
3.358965731839241853e-02
3.358965731839241853e-02
3.358965731839241853e-02
3.358965731839241853e-02
4.756494827253681529e-02
4.756494827253681529e-02
4.756494827253681529e-02
4.756494827253681529e-02
4.756494827253681529e-02
4.756494827253681529e-02
4.756494827253681529e-02
4.756494827253681529e-02
3.125399766899366466e-02
3.125399766899366466e-02
3.125399766899366466e-02
3.125399766899366466e-02
3.125399766899366466e-02
3.125399766899366466e-02
3.125399766899366466e-02
4.985644777099695890e-02
4.985644777099695890e-02
4.985644777099695890e-02
4.985644777099695890e-02
4.985644777099695890e-02
4.985644777099695890e-02
5.679039650486559371e-02
5.679039650486559371e-02
5.679039650486559371e-02
5.679039650486559371e-02
5.679039650486559371e-02
4.082903737244275577e-02
4.082903737244275577e-02
4.082903737244275577e-02
4.082903737244275577e-02
4.082903737244275577e-02
4.082903737244275577e-02
4.082903737244275577e-02
4.082903737244275577e-02
4.082903737244275577e-02
4.082903737244275577e-02
4.082903737244275577e-02
4.082903737244275577e-02
4.082903737244275577e-02
4.082903737244275577e-02
4.082903737244275577e-02
4.082903737244275577e-02
4.082903737244275577e-02
4.082903737244275577e-02
4.082903737244275577e-02
1.696584797971925976e-02
1.696584797971925976e-02
1.696584797971925976e-02
1.696584797971925976e-02
4.526839807466839088e-02
4.526839807466839088e-02
4.526839807466839088e-02
4.526839807466839088e-02
4.526839807466839088e-02
4.526839807466839088e-02
4.526839807466839088e-02
4.526839807466839088e-02
4.526839807466839088e-02
4.526839807466839088e-02
4.526839807466839088e-02
4.526839807466839088e-02
4.526839807466839088e-02
4.526839807466839088e-02
4.526839807466839088e-02
4.526839807466839088e-02
4.526839807466839088e-02
4.526839807466839088e-02
4.526839807466839088e-02
4.767993983900532806e-02
4.767993983900532806e-02
4.767993983900532806e-02
4.767993983900532806e-02
4.767993983900532806e-02
4.767993983900532806e-02
4.767993983900532806e-02
4.767993983900532806e-02
4.767993983900532806e-02
4.767993983900532806e-02
4.767993983900532806e-02
4.767993983900532806e-02
4.767993983900532806e-02
4.767993983900532806e-02
4.767993983900532806e-02
4.767993983900532806e-02
4.767993983900532806e-02
4.767993983900532806e-02
4.767993983900532806e-02
4.767993983900532806e-02
4.767993983900532806e-02
4.141348884636082694e-02
4.141348884636082694e-02
4.141348884636082694e-02
4.141348884636082694e-02
4.141348884636082694e-02
4.141348884636082694e-02
4.141348884636082694e-02
4.141348884636082694e-02
4.141348884636082694e-02
4.141348884636082694e-02
4.141348884636082694e-02
4.141348884636082694e-02
4.141348884636082694e-02
4.141348884636082694e-02
4.141348884636082694e-02
4.141348884636082694e-02
6.794809154872204215e-02
6.794809154872204215e-02
6.794809154872204215e-02
6.794809154872204215e-02
6.794809154872204215e-02
6.794809154872204215e-02
6.794809154872204215e-02
6.046539888805799873e-02
6.046539888805799873e-02
6.046539888805799873e-02
6.046539888805799873e-02
6.046539888805799873e-02
6.046539888805799873e-02
6.046539888805799873e-02
6.046539888805799873e-02
6.046539888805799873e-02
6.046539888805799873e-02
6.653480248470797220e-02
6.653480248470797220e-02
6.653480248470797220e-02
6.653480248470797220e-02
6.653480248470797220e-02
6.653480248470797220e-02
6.653480248470797220e-02
6.653480248470797220e-02
6.653480248470797220e-02
6.653480248470797220e-02
6.653480248470797220e-02
6.653480248470797220e-02
6.653480248470797220e-02
6.653480248470797220e-02
6.653480248470797220e-02
6.653480248470797220e-02
6.653480248470797220e-02
4.463482044527573162e-02
4.463482044527573162e-02
4.463482044527573162e-02
4.463482044527573162e-02
4.463482044527573162e-02
4.463482044527573162e-02
4.463482044527573162e-02
4.463482044527573162e-02
4.463482044527573162e-02
4.463482044527573162e-02
4.463482044527573162e-02
4.463482044527573162e-02
4.463482044527573162e-02
4.463482044527573162e-02
4.463482044527573162e-02
4.463482044527573162e-02
4.463482044527573162e-02
4.463482044527573162e-02
4.463482044527573162e-02
4.463482044527573162e-02
4.463482044527573162e-02
4.463482044527573162e-02
1.152663857911893214e-02
1.152663857911893214e-02
1.152663857911893214e-02
1.152663857911893214e-02
3.471126229903052224e-02
3.471126229903052224e-02
3.471126229903052224e-02
3.471126229903052224e-02
3.471126229903052224e-02
2.502333650806311607e-02
2.502333650806311607e-02
2.502333650806311607e-02
1.580220479949524803e-02
1.580220479949524803e-02
1.580220479949524803e-02
1.580220479949524803e-02
1.580220479949524803e-02
1.580220479949524803e-02
1.580220479949524803e-02
6.473119171843668489e-11
6.473119171843668489e-11
6.473119171843668489e-11
3.759901261172385323e-02
3.759901261172385323e-02
3.759901261172385323e-02
3.759901261172385323e-02
3.353969506630276407e-03
3.353969506630276407e-03
3.353969506630276407e-03
3.353969506630276407e-03
4.041843766487600298e-02
4.041843766487600298e-02
4.041843766487600298e-02
4.041843766487600298e-02
4.041843766487600298e-02
4.041843766487600298e-02
4.041843766487600298e-02
4.041843766487600298e-02
4.041843766487600298e-02
4.041843766487600298e-02
4.041843766487600298e-02
4.041843766487600298e-02
3.713374992291796489e-02
3.713374992291796489e-02
3.713374992291796489e-02
3.713374992291796489e-02
3.713374992291796489e-02
3.713374992291796489e-02
3.713374992291796489e-02
3.713374992291796489e-02
3.713374992291796489e-02
3.713374992291796489e-02
3.713374992291796489e-02
3.713374992291796489e-02
3.713374992291796489e-02
3.713374992291796489e-02
1.611040422640190595e-02
1.611040422640190595e-02
1.611040422640190595e-02
1.611040422640190595e-02
1.611040422640190595e-02
4.182495686978000837e-02
4.182495686978000837e-02
4.182495686978000837e-02
4.182495686978000837e-02
4.182495686978000837e-02
4.182495686978000837e-02
4.182495686978000837e-02
4.182495686978000837e-02
4.182495686978000837e-02
4.182495686978000837e-02
4.182495686978000837e-02
4.182495686978000837e-02
4.182495686978000837e-02
4.182495686978000837e-02
4.182495686978000837e-02
4.182495686978000837e-02
4.182495686978000837e-02
4.182495686978000837e-02
4.182495686978000837e-02
4.182495686978000837e-02
3.428369532066487257e-02
3.428369532066487257e-02
3.428369532066487257e-02
3.428369532066487257e-02
3.428369532066487257e-02
3.428369532066487257e-02
3.428369532066487257e-02
3.428369532066487257e-02
3.428369532066487257e-02
3.428369532066487257e-02
3.428369532066487257e-02
3.428369532066487257e-02
3.428369532066487257e-02
3.428369532066487257e-02
3.428369532066487257e-02
3.428369532066487257e-02
3.428369532066487257e-02
3.428369532066487257e-02
3.066514644258000119e-02
3.066514644258000119e-02
3.066514644258000119e-02
3.066514644258000119e-02
3.066514644258000119e-02
3.066514644258000119e-02
3.066514644258000119e-02
3.066514644258000119e-02
3.066514644258000119e-02
3.066514644258000119e-02
3.066514644258000119e-02
3.066514644258000119e-02
3.066514644258000119e-02
3.066514644258000119e-02
5.428011483107170534e-03
5.428011483107170534e-03
5.428011483107170534e-03
5.428011483107170534e-03
5.428011483107170534e-03
5.428011483107170534e-03
5.428011483107170534e-03
5.428011483107170534e-03
5.428011483107170534e-03
2.703558510850170848e-02
2.703558510850170848e-02
2.703558510850170848e-02
2.703558510850170848e-02
2.703558510850170848e-02
2.703558510850170848e-02
2.703558510850170848e-02
2.703558510850170848e-02
3.390410865368594096e-02
3.390410865368594096e-02
3.390410865368594096e-02
3.390410865368594096e-02
3.555993004026637011e-02
3.555993004026637011e-02
3.555993004026637011e-02
3.555993004026637011e-02
3.555993004026637011e-02
4.600460836113491603e-02
4.600460836113491603e-02
4.600460836113491603e-02
4.600460836113491603e-02
2.893547529544094124e-02
2.893547529544094124e-02
2.893547529544094124e-02
4.638256583458289645e-02
4.638256583458289645e-02
4.638256583458289645e-02
3.074904478068786820e-02
3.074904478068786820e-02
3.074904478068786820e-02
9.725094392593813461e-03
9.725094392593813461e-03
9.725094392593813461e-03
9.725094392593813461e-03
9.725094392593813461e-03
9.725094392593813461e-03
9.725094392593813461e-03
2.702907388653321211e-02
2.702907388653321211e-02
2.702907388653321211e-02
2.702907388653321211e-02
2.702907388653321211e-02
2.702907388653321211e-02
1.953878237987425812e-02
1.953878237987425812e-02
1.953878237987425812e-02
1.953878237987425812e-02
1.953878237987425812e-02
1.953878237987425812e-02
1.953878237987425812e-02
2.938075303563639614e-11
2.938075303563639614e-11
2.938075303563639614e-11
2.938075303563639614e-11
2.938075303563639614e-11
2.938075303563639614e-11
2.473771450805438768e-02
2.473771450805438768e-02
2.473771450805438768e-02
2.473771450805438768e-02
2.473771450805438768e-02
2.473771450805438768e-02
2.473771450805438768e-02
2.473771450805438768e-02
2.473771450805438768e-02
2.473771450805438768e-02
2.473771450805438768e-02
2.473771450805438768e-02
2.473771450805438768e-02
2.473771450805438768e-02
2.473771450805438768e-02
2.473771450805438768e-02
2.473771450805438768e-02
3.214988554929679165e-02
3.214988554929679165e-02
3.214988554929679165e-02
3.214988554929679165e-02
3.214988554929679165e-02
3.214988554929679165e-02
3.214988554929679165e-02
3.214988554929679165e-02
3.214988554929679165e-02
3.214988554929679165e-02
3.214988554929679165e-02
3.214988554929679165e-02
3.050517948741822069e-02
3.050517948741822069e-02
3.050517948741822069e-02
3.050517948741822069e-02
3.050517948741822069e-02
3.050517948741822069e-02
3.050517948741822069e-02
3.050517948741822069e-02
3.050517948741822069e-02
3.050517948741822069e-02
3.050517948741822069e-02
3.050517948741822069e-02
3.050517948741822069e-02
3.050517948741822069e-02
3.929602480673319298e-02
3.929602480673319298e-02
3.929602480673319298e-02
3.929602480673319298e-02
3.929602480673319298e-02
3.929602480673319298e-02
3.929602480673319298e-02
3.929602480673319298e-02
3.929602480673319298e-02
3.586552906355294779e-02
3.586552906355294779e-02
3.586552906355294779e-02
3.586552906355294779e-02
3.586552906355294779e-02
3.586552906355294779e-02
5.103396093704888614e-02
5.103396093704888614e-02
5.103396093704888614e-02
5.103396093704888614e-02
5.103396093704888614e-02
5.103396093704888614e-02
5.103396093704888614e-02
5.103396093704888614e-02
5.103396093704888614e-02
5.103396093704888614e-02
5.103396093704888614e-02
5.103396093704888614e-02
5.103396093704888614e-02
5.103396093704888614e-02
5.103396093704888614e-02
5.103396093704888614e-02
5.103396093704888614e-02
5.103396093704888614e-02
5.103396093704888614e-02
5.122410738626595461e-02
5.122410738626595461e-02
5.122410738626595461e-02
5.122410738626595461e-02
5.122410738626595461e-02
5.122410738626595461e-02
5.122410738626595461e-02
5.122410738626595461e-02
5.122410738626595461e-02
5.122410738626595461e-02
5.122410738626595461e-02
5.122410738626595461e-02
5.122410738626595461e-02
5.122410738626595461e-02
5.122410738626595461e-02
5.122410738626595461e-02
5.122410738626595461e-02
5.122410738626595461e-02
5.122410738626595461e-02
5.122410738626595461e-02
5.122410738626595461e-02
3.923247312476677712e-02
3.923247312476677712e-02
3.923247312476677712e-02
3.923247312476677712e-02
3.923247312476677712e-02
3.923247312476677712e-02
3.923247312476677712e-02
3.923247312476677712e-02
3.923247312476677712e-02
3.923247312476677712e-02
3.923247312476677712e-02
3.923247312476677712e-02
3.923247312476677712e-02
3.923247312476677712e-02
3.923247312476677712e-02
3.923247312476677712e-02
3.045379492316965461e-02
3.045379492316965461e-02
3.045379492316965461e-02
3.045379492316965461e-02
3.045379492316965461e-02
3.045379492316965461e-02
3.045379492316965461e-02
3.045379492316965461e-02
3.045379492316965461e-02
3.045379492316965461e-02
3.045379492316965461e-02
3.045379492316965461e-02
3.398585819672604591e-02
3.398585819672604591e-02
3.398585819672604591e-02
3.398585819672604591e-02
3.398585819672604591e-02
3.398585819672604591e-02
3.398585819672604591e-02
3.398585819672604591e-02
3.398585819672604591e-02
3.398585819672604591e-02
3.398585819672604591e-02
3.398585819672604591e-02
3.398585819672604591e-02
3.398585819672604591e-02
2.843041030142557865e-02
2.843041030142557865e-02
2.843041030142557865e-02
2.843041030142557865e-02
2.843041030142557865e-02
2.843041030142557865e-02
2.843041030142557865e-02
2.843041030142557865e-02
2.843041030142557865e-02
2.843041030142557865e-02
2.843041030142557865e-02
2.843041030142557865e-02
3.028883425629588788e-02
3.028883425629588788e-02
3.028883425629588788e-02
3.028883425629588788e-02
3.028883425629588788e-02
3.028883425629588788e-02
3.028883425629588788e-02
3.028883425629588788e-02
3.028883425629588788e-02
3.028883425629588788e-02
3.709060324112271184e-02
3.709060324112271184e-02
3.709060324112271184e-02
3.709060324112271184e-02
3.709060324112271184e-02
3.709060324112271184e-02
3.709060324112271184e-02
3.709060324112271184e-02
3.709060324112271184e-02
3.709060324112271184e-02
3.865897155902924681e-02
3.865897155902924681e-02
3.865897155902924681e-02
3.865897155902924681e-02
3.865897155902924681e-02
3.865897155902924681e-02
3.865897155902924681e-02
3.865897155902924681e-02
2.607543435824415112e-02
2.607543435824415112e-02
2.607543435824415112e-02
4.038906138280976173e-03
4.038906138280976173e-03
4.038906138280976173e-03
4.038906138280976173e-03
4.038906138280976173e-03
4.492660390273994428e-03
4.492660390273994428e-03
4.492660390273994428e-03
4.492660390273994428e-03
4.492660390273994428e-03
4.492660390273994428e-03
3.694613688035277427e-02
3.694613688035277427e-02
3.694613688035277427e-02
3.694613688035277427e-02
3.694613688035277427e-02
3.694613688035277427e-02
3.694613688035277427e-02
3.694613688035277427e-02
3.694613688035277427e-02
3.694613688035277427e-02
3.694613688035277427e-02
3.694613688035277427e-02
3.694613688035277427e-02
2.282925133052034553e-02
2.282925133052034553e-02
2.668315645472895542e-02
2.668315645472895542e-02
2.668315645472895542e-02
2.668315645472895542e-02
2.701142969221121543e-02
2.701142969221121543e-02
2.701142969221121543e-02
2.701142969221121543e-02
6.756340061670850286e-03
1.351430574793538800e-02
1.351430574793538800e-02
1.351430574793538800e-02
8.080940549907512926e-02
8.080940549907512926e-02
8.080940549907512926e-02
8.080940549907512926e-02
8.080940549907512926e-02
7.656676252276845007e-02
7.656676252276845007e-02
7.656676252276845007e-02
7.656676252276845007e-02
7.656676252276845007e-02
8.020082311408352482e-02
8.020082311408352482e-02
8.020082311408352482e-02
8.020082311408352482e-02
8.020082311408352482e-02
8.020082311408352482e-02
8.488076945750322455e-02
8.488076945750322455e-02
8.488076945750322455e-02
8.488076945750322455e-02
8.488076945750322455e-02
8.488076945750322455e-02
8.488076945750322455e-02
1.844867017537046502e-02
1.844867017537046502e-02
1.844867017537046502e-02
1.844867017537046502e-02
8.276938168041049135e-03
8.276938168041049135e-03
8.276938168041049135e-03
1.534835459185562509e-02
1.534835459185562509e-02
1.534835459185562509e-02
2.008321478415317496e-02
2.008321478415317496e-02
2.008321478415317496e-02
1.827205877586463717e-02
1.827205877586463717e-02
1.827205877586463717e-02
1.827205877586463717e-02
1.827205877586463717e-02
2.392750849767060622e-02
2.392750849767060622e-02
2.392750849767060622e-02
2.392750849767060622e-02
2.392750849767060622e-02
2.392750849767060622e-02
4.502615999696109317e-02
4.502615999696109317e-02
4.502615999696109317e-02
4.502615999696109317e-02
1.776347786052823174e-02
1.776347786052823174e-02
1.776347786052823174e-02
1.776347786052823174e-02
1.776347786052823174e-02
1.776347786052823174e-02
1.776347786052823174e-02
1.776347786052823174e-02
1.077153972208756173e-02
1.077153972208756173e-02
1.077153972208756173e-02
1.077153972208756173e-02
1.077153972208756173e-02
1.077153972208756173e-02
1.077153972208756173e-02
1.077153972208756173e-02
1.303861173710054583e-02
1.303861173710054583e-02
1.303861173710054583e-02
9.371381668961490177e-03
9.371381668961490177e-03
9.371381668961490177e-03
9.371381668961490177e-03
9.371381668961490177e-03
9.371381668961490177e-03
9.371381668961490177e-03
9.371381668961490177e-03
9.371381668961490177e-03
1.028515854806765113e-02
1.028515854806765113e-02
1.028515854806765113e-02
1.028515854806765113e-02
1.028515854806765113e-02
1.028515854806765113e-02
1.028515854806765113e-02
1.028515854806765113e-02
2.902450597150439768e-03
2.902450597150439768e-03
2.902450597150439768e-03
2.902450597150439768e-03
2.902450597150439768e-03
2.902450597150439768e-03
2.902450597150439768e-03
2.902450597150439768e-03
2.902450597150439768e-03
7.873561127345251806e-03
7.873561127345251806e-03
7.873561127345251806e-03
7.873561127345251806e-03
7.873561127345251806e-03
7.873561127345251806e-03
7.873561127345251806e-03
7.873561127345251806e-03
7.873561127345251806e-03
7.873561127345251806e-03
7.873561127345251806e-03
9.183842797342255809e-03
9.183842797342255809e-03
9.183842797342255809e-03
9.183842797342255809e-03
9.183842797342255809e-03
9.183842797342255809e-03
9.183842797342255809e-03
9.183842797342255809e-03
9.183842797342255809e-03
9.183842797342255809e-03
1.099759728943659580e-02
1.099759728943659580e-02
1.099759728943659580e-02
1.099759728943659580e-02
2.115035327158080666e-02
2.115035327158080666e-02
2.115035327158080666e-02
2.115035327158080666e-02
2.115035327158080666e-02
2.115035327158080666e-02
2.295499240883223588e-02
2.295499240883223588e-02
2.295499240883223588e-02
2.295499240883223588e-02
2.295499240883223588e-02
1.950454442900376173e-02
1.950454442900376173e-02
1.950454442900376173e-02
1.950454442900376173e-02
1.950454442900376173e-02
1.950454442900376173e-02
1.950454442900376173e-02
1.950454442900376173e-02
1.942891180556475736e-02
1.942891180556475736e-02
1.942891180556475736e-02
1.942891180556475736e-02
1.851876266655434408e-02
1.851876266655434408e-02
1.851876266655434408e-02
1.851876266655434408e-02
1.851876266655434408e-02
1.851876266655434408e-02
2.178276341830936991e-02
2.178276341830936991e-02
2.178276341830936991e-02
2.178276341830936991e-02
2.178276341830936991e-02
9.451393377534143478e-03
9.451393377534143478e-03
1.214421973995286237e-02
1.214421973995286237e-02
1.378171216638648423e-02
1.378171216638648423e-02
1.303845904450831768e-02
1.303845904450831768e-02
5.430041333710503709e-03
5.430041333710503709e-03
5.430041333710503709e-03
9.028808107067772329e-03
9.028808107067772329e-03
5.498043128902670856e-03
5.498043128902670856e-03
5.498043128902670856e-03
5.511649466298405679e-03
5.511649466298405679e-03
1.159627441424931037e-02
1.159627441424931037e-02
1.159627441424931037e-02
2.312893157217483717e-02
2.312893157217483717e-02
2.746646075901068140e-03
2.746646075901068140e-03
2.746646075901068140e-03
2.444261612796838623e-02
2.312169615474506806e-02
2.312169615474506806e-02
1.670552181907555486e-02
1.670552181907555486e-02
1.670552181907555486e-02
1.670552181907555486e-02
2.770715105265027234e-02
2.394062807786454666e-02
2.394062807786454666e-02
2.394062807786454666e-02
9.868132223389220262e-04
9.868132223389220262e-04
1.215318972589706989e-02
1.215318972589706989e-02
1.215318972589706989e-02
1.215318972589706989e-02
1.215318972589706989e-02
1.215318972589706989e-02
2.458920360313919876e-02
2.458920360313919876e-02
2.458920360313919876e-02
2.458920360313919876e-02
2.458920360313919876e-02
2.458920360313919876e-02
2.458920360313919876e-02
2.458920360313919876e-02
2.458920360313919876e-02
2.458920360313919876e-02
5.952192784503099188e-02
5.363314013250661955e-02
5.363314013250661955e-02
5.363314013250661955e-02
5.363314013250661955e-02
5.363314013250661955e-02
5.363314013250661955e-02
5.363314013250661955e-02
5.363314013250661955e-02
5.363314013250661955e-02
5.363314013250661955e-02
5.363314013250661955e-02
5.363314013250661955e-02
5.363314013250661955e-02
5.363314013250661955e-02
5.363314013250661955e-02
6.485645358363159585e-02
6.485645358363159585e-02
6.485645358363159585e-02
6.485645358363159585e-02
6.485645358363159585e-02
6.485645358363159585e-02
6.485645358363159585e-02
6.485645358363159585e-02
3.443080331018465168e-02
3.443080331018465168e-02
3.443080331018465168e-02
3.443080331018465168e-02
3.443080331018465168e-02
3.443080331018465168e-02
3.443080331018465168e-02
3.443080331018465168e-02
3.443080331018465168e-02
3.443080331018465168e-02
3.443080331018465168e-02
3.443080331018465168e-02
3.443080331018465168e-02
6.142849557928670851e-02
6.142849557928670851e-02
6.142849557928670851e-02
6.142849557928670851e-02
6.142849557928670851e-02
6.142849557928670851e-02
6.142849557928670851e-02
6.142849557928670851e-02
6.142849557928670851e-02
6.142849557928670851e-02
6.142849557928670851e-02
6.142849557928670851e-02
3.219545429325478686e-02
3.219545429325478686e-02
3.219545429325478686e-02
3.219545429325478686e-02
3.219545429325478686e-02
3.219545429325478686e-02
3.219545429325478686e-02
3.219545429325478686e-02
5.672009465877188988e-02
4.953887863121966828e-02
4.953887863121966828e-02
4.953887863121966828e-02
4.953887863121966828e-02
4.953887863121966828e-02
4.953887863121966828e-02
4.953887863121966828e-02
4.953887863121966828e-02
4.953887863121966828e-02
4.953887863121966828e-02
4.953887863121966828e-02
4.953887863121966828e-02
4.953887863121966828e-02
4.953887863121966828e-02
4.953887863121966828e-02
6.709427012294985615e-02
6.709427012294985615e-02
6.709427012294985615e-02
6.709427012294985615e-02
6.709427012294985615e-02
6.709427012294985615e-02
6.709427012294985615e-02
3.122938321598328626e-02
3.122938321598328626e-02
3.122938321598328626e-02
3.122938321598328626e-02
3.122938321598328626e-02
3.122938321598328626e-02
3.122938321598328626e-02
3.122938321598328626e-02
3.122938321598328626e-02
3.122938321598328626e-02
3.122938321598328626e-02
3.122938321598328626e-02
4.722152772611409866e-02
4.722152772611409866e-02
4.722152772611409866e-02
4.722152772611409866e-02
4.722152772611409866e-02
4.722152772611409866e-02
4.722152772611409866e-02
4.722152772611409866e-02
4.722152772611409866e-02
4.722152772611409866e-02
4.722152772611409866e-02
4.722152772611409866e-02
4.722152772611409866e-02
4.722152772611409866e-02
4.722152772611409866e-02
4.722152772611409866e-02
4.834658237938401631e-02
4.834658237938401631e-02
4.834658237938401631e-02
4.834658237938401631e-02
4.834658237938401631e-02
4.834658237938401631e-02
4.834658237938401631e-02
4.834658237938401631e-02
4.834658237938401631e-02
4.834658237938401631e-02
4.834658237938401631e-02
4.834658237938401631e-02
4.834658237938401631e-02
4.834658237938401631e-02
4.834658237938401631e-02
4.834658237938401631e-02
4.834658237938401631e-02
4.834658237938401631e-02
2.912667517014312646e-02
2.912667517014312646e-02
2.912667517014312646e-02
2.912667517014312646e-02
2.912667517014312646e-02
2.912667517014312646e-02
2.912667517014312646e-02
2.912667517014312646e-02
2.912667517014312646e-02
2.912667517014312646e-02
2.912667517014312646e-02
2.912667517014312646e-02
2.912667517014312646e-02
2.912667517014312646e-02
2.341445824884641827e-02
2.341445824884641827e-02
2.341445824884641827e-02
2.341445824884641827e-02
2.341445824884641827e-02
2.341445824884641827e-02
2.341445824884641827e-02
2.341445824884641827e-02
2.341445824884641827e-02
2.341445824884641827e-02
2.341445824884641827e-02
2.341445824884641827e-02
2.341445824884641827e-02
2.341445824884641827e-02
2.341445824884641827e-02
1.983549547383192668e-02
1.983549547383192668e-02
1.983549547383192668e-02
1.983549547383192668e-02
1.983549547383192668e-02
1.983549547383192668e-02
1.983549547383192668e-02
1.983549547383192668e-02
1.983549547383192668e-02
1.983549547383192668e-02
1.983549547383192668e-02
1.983549547383192668e-02
1.983549547383192668e-02
1.983549547383192668e-02
1.983549547383192668e-02
2.052961496717742654e-02
2.052961496717742654e-02
2.052961496717742654e-02
2.052961496717742654e-02
2.052961496717742654e-02
2.052961496717742654e-02
2.052961496717742654e-02
2.052961496717742654e-02
2.052961496717742654e-02
2.052961496717742654e-02
2.052961496717742654e-02
2.052961496717742654e-02
2.052961496717742654e-02
2.052961496717742654e-02
1.878981171089822572e-02
1.878981171089822572e-02
1.878981171089822572e-02
1.878981171089822572e-02
1.878981171089822572e-02
1.878981171089822572e-02
1.878981171089822572e-02
1.878981171089822572e-02
1.878981171089822572e-02
1.878981171089822572e-02
1.878981171089822572e-02
4.811115307132102920e-02
4.811115307132102920e-02
4.811115307132102920e-02
4.811115307132102920e-02
4.811115307132102920e-02
4.811115307132102920e-02
4.811115307132102920e-02
4.811115307132102920e-02
4.811115307132102920e-02
4.811115307132102920e-02
4.811115307132102920e-02
4.811115307132102920e-02
4.811115307132102920e-02
4.811115307132102920e-02
4.811115307132102920e-02
4.811115307132102920e-02
4.811115307132102920e-02
4.811115307132102920e-02
4.811115307132102920e-02
4.658602110864403650e-02
4.658602110864403650e-02
4.658602110864403650e-02
4.658602110864403650e-02
4.658602110864403650e-02
4.658602110864403650e-02
4.658602110864403650e-02
4.658602110864403650e-02
4.658602110864403650e-02
4.658602110864403650e-02
4.658602110864403650e-02
4.658602110864403650e-02
4.658602110864403650e-02
3.958240903795575555e-02
3.958240903795575555e-02
3.958240903795575555e-02
3.958240903795575555e-02
3.958240903795575555e-02
3.958240903795575555e-02
3.958240903795575555e-02
3.958240903795575555e-02
3.958240903795575555e-02
3.958240903795575555e-02
4.197188162186795551e-02
4.197188162186795551e-02
1.887485779957307971e-02
3.760206261299253033e-02
3.760206261299253033e-02
3.249501340656360537e-02
3.249501340656360537e-02
3.249501340656360537e-02
3.249501340656360537e-02
3.249501340656360537e-02
3.249501340656360537e-02
3.249501340656360537e-02
3.249501340656360537e-02
3.249501340656360537e-02
3.069130433425602128e-02
3.069130433425602128e-02
3.069130433425602128e-02
3.069130433425602128e-02
3.069130433425602128e-02
3.069130433425602128e-02
3.069130433425602128e-02
3.069130433425602128e-02
3.069130433425602128e-02
3.069130433425602128e-02
3.069130433425602128e-02
3.069130433425602128e-02
2.871257508585704429e-02
2.871257508585704429e-02
2.871257508585704429e-02
2.871257508585704429e-02
2.871257508585704429e-02
2.871257508585704429e-02
2.871257508585704429e-02
2.871257508585704429e-02
2.871257508585704429e-02
2.871257508585704429e-02
2.871257508585704429e-02
2.179925244808501514e-02
2.179925244808501514e-02
2.179925244808501514e-02
2.179925244808501514e-02
2.179925244808501514e-02
2.179925244808501514e-02
2.179925244808501514e-02
2.179925244808501514e-02
2.179925244808501514e-02
2.179925244808501514e-02
2.179925244808501514e-02
2.179925244808501514e-02
2.179925244808501514e-02
2.349558669633342381e-02
2.349558669633342381e-02
2.349558669633342381e-02
2.349558669633342381e-02
2.349558669633342381e-02
2.349558669633342381e-02
2.349558669633342381e-02
2.349558669633342381e-02
2.349558669633342381e-02
2.349558669633342381e-02
2.349558669633342381e-02
2.349558669633342381e-02
2.349558669633342381e-02
2.124497960438212485e-02
2.124497960438212485e-02
2.124497960438212485e-02
2.124497960438212485e-02
2.124497960438212485e-02
2.124497960438212485e-02
2.124497960438212485e-02
2.124497960438212485e-02
2.124497960438212485e-02
2.124497960438212485e-02
2.124497960438212485e-02
1.426191858101297054e-02
1.426191858101297054e-02
1.426191858101297054e-02
1.426191858101297054e-02
1.426191858101297054e-02
1.426191858101297054e-02
1.426191858101297054e-02
1.426191858101297054e-02
1.426191858101297054e-02
1.426191858101297054e-02
1.426191858101297054e-02
1.426191858101297054e-02
2.146353704737286733e-02
2.146353704737286733e-02
2.146353704737286733e-02
2.146353704737286733e-02
2.146353704737286733e-02
2.146353704737286733e-02
2.146353704737286733e-02
2.146353704737286733e-02
2.146353704737286733e-02
1.453338905716831247e-02
1.453338905716831247e-02
1.453338905716831247e-02
1.453338905716831247e-02
1.453338905716831247e-02
1.453338905716831247e-02
1.453338905716831247e-02
1.453338905716831247e-02
1.453338905716831247e-02
1.453338905716831247e-02
1.453338905716831247e-02
1.453338905716831247e-02
2.578976780232990207e-02
2.578976780232990207e-02
2.578976780232990207e-02
2.578976780232990207e-02
2.578976780232990207e-02
2.578976780232990207e-02
2.578976780232990207e-02
3.392457613663512478e-02
3.392457613663512478e-02
3.392457613663512478e-02
1.227113271663748083e-02
1.227113271663748083e-02
1.227113271663748083e-02
1.356912034408608476e-02
1.356912034408608476e-02
1.356912034408608476e-02
1.356912034408608476e-02
1.356912034408608476e-02
1.356912034408608476e-02
1.356912034408608476e-02
1.356912034408608476e-02
1.356912034408608476e-02
1.356912034408608476e-02
1.356912034408608476e-02
1.356912034408608476e-02
1.823767973341918966e-02
1.823767973341918966e-02
1.823767973341918966e-02
1.823767973341918966e-02
1.823767973341918966e-02
1.823767973341918966e-02
1.823767973341918966e-02
1.823767973341918966e-02
1.823767973341918966e-02
3.736367875882264794e-02
3.736367875882264794e-02
3.736367875882264794e-02
3.736367875882264794e-02
1.191604872068413590e-02
1.191604872068413590e-02
1.191604872068413590e-02
1.191604872068413590e-02
1.191604872068413590e-02
1.191604872068413590e-02
1.191604872068413590e-02
1.191604872068413590e-02
1.191604872068413590e-02
2.240048804522587478e-02
2.240048804522587478e-02
2.240048804522587478e-02
2.240048804522587478e-02
2.240048804522587478e-02
2.248098858045234974e-02
2.248098858045234974e-02
2.248098858045234974e-02
2.248098858045234974e-02
2.248098858045234974e-02
2.309055922124816917e-02
2.309055922124816917e-02
2.309055922124816917e-02
2.309055922124816917e-02
8.316029678732583114e-03
8.316029678732583114e-03
8.316029678732583114e-03
8.316029678732583114e-03
8.316029678732583114e-03
3.764332411356173958e-03
3.764332411356173958e-03
3.764332411356173958e-03
2.287182956867320639e-03
2.287182956867320639e-03
2.287182956867320639e-03
2.287182956867320639e-03
1.645469782065977354e-02
1.645469782065977354e-02
1.645469782065977354e-02
4.134786623160211644e-02
4.134786623160211644e-02
3.343099693847888937e-02
3.343099693847888937e-02
3.343099693847888937e-02
3.343099693847888937e-02
3.343099693847888937e-02
3.343099693847888937e-02
3.343099693847888937e-02
2.522528218523873572e-02
2.522528218523873572e-02
2.522528218523873572e-02
2.522528218523873572e-02
2.522528218523873572e-02
2.522528218523873572e-02
2.522528218523873572e-02
2.522528218523873572e-02
2.522528218523873572e-02
2.506212996932582690e-02
2.506212996932582690e-02
2.506212996932582690e-02
2.506212996932582690e-02
2.506212996932582690e-02
2.506212996932582690e-02
2.506212996932582690e-02
2.506212996932582690e-02
2.506212996932582690e-02
2.506212996932582690e-02
1.142479611982470493e-02
1.142479611982470493e-02
1.142479611982470493e-02
1.142479611982470493e-02
1.142479611982470493e-02
1.142479611982470493e-02
1.142479611982470493e-02
1.142479611982470493e-02
1.142479611982470493e-02
1.142479611982470493e-02
1.714252497096448169e-02
1.714252497096448169e-02
1.714252497096448169e-02
1.714252497096448169e-02
1.714252497096448169e-02
1.714252497096448169e-02
1.714252497096448169e-02
1.714252497096448169e-02
7.584085227319073245e-03
7.584085227319073245e-03
7.584085227319073245e-03
7.584085227319073245e-03
7.584085227319073245e-03
7.584085227319073245e-03
7.584085227319073245e-03
7.584085227319073245e-03
7.584085227319073245e-03
9.748408704347674876e-04
9.748408704347674876e-04
9.748408704347674876e-04
9.748408704347674876e-04
9.748408704347674876e-04
9.748408704347674876e-04
9.748408704347674876e-04
8.023915857525239573e-03
8.023915857525239573e-03
8.023915857525239573e-03
2.534071113085613683e-02
2.534071113085613683e-02
2.534071113085613683e-02
2.534071113085613683e-02
2.534071113085613683e-02
2.534071113085613683e-02
2.534071113085613683e-02
2.534071113085613683e-02
2.534071113085613683e-02
2.534071113085613683e-02
2.534071113085613683e-02
2.534071113085613683e-02
2.370737770882698145e-02
2.370737770882698145e-02
2.370737770882698145e-02
2.370737770882698145e-02
2.370737770882698145e-02
2.370737770882698145e-02
2.370737770882698145e-02
2.370737770882698145e-02
2.370737770882698145e-02
2.370737770882698145e-02
1.390537160037068863e-02
1.390537160037068863e-02
1.390537160037068863e-02
1.390537160037068863e-02
1.390537160037068863e-02
1.390537160037068863e-02
1.390537160037068863e-02
1.390537160037068863e-02
1.390537160037068863e-02
1.949781568650257521e-02
1.676667805234143341e-02
1.676667805234143341e-02
1.676667805234143341e-02
1.899172557949114701e-02
1.899172557949114701e-02
1.899172557949114701e-02
1.899172557949114701e-02
1.899172557949114701e-02
1.899172557949114701e-02
1.899172557949114701e-02
1.899172557949114701e-02
1.899172557949114701e-02
2.057806271522928665e-02
2.057806271522928665e-02
2.057806271522928665e-02
2.057806271522928665e-02
2.057806271522928665e-02
2.057806271522928665e-02
2.057806271522928665e-02
2.057806271522928665e-02
2.057806271522928665e-02
2.057806271522928665e-02
2.011038228606035205e-02
2.011038228606035205e-02
2.011038228606035205e-02
2.011038228606035205e-02
2.011038228606035205e-02
2.011038228606035205e-02
2.011038228606035205e-02
2.011038228606035205e-02
2.011038228606035205e-02
9.838686101102772988e-03
9.838686101102772988e-03
9.838686101102772988e-03
9.838686101102772988e-03
9.838686101102772988e-03
7.524323025659487851e-03
7.524323025659487851e-03
7.524323025659487851e-03
7.524323025659487851e-03
7.524323025659487851e-03
1.055245345411051118e-02
1.055245345411051118e-02
1.055245345411051118e-02
1.055245345411051118e-02
1.055245345411051118e-02
1.769269630234778998e-02
1.769269630234778998e-02
1.769269630234778998e-02
1.769269630234778998e-02
1.769269630234778998e-02
1.769269630234778998e-02
9.656286217518305487e-03
9.656286217518305487e-03
9.656286217518305487e-03
9.656286217518305487e-03
9.656286217518305487e-03
9.656286217518305487e-03
9.452549321404424970e-03
9.452549321404424970e-03
9.452549321404424970e-03
9.452549321404424970e-03
1.580213363122492378e-03
1.580213363122492378e-03
1.580213363122492378e-03
1.580213363122492378e-03
1.580213363122492378e-03
1.580213363122492378e-03
1.580213363122492378e-03
1.580213363122492378e-03
1.580213363122492378e-03
1.081765393916166986e-03
1.081765393916166986e-03
1.081765393916166986e-03
1.081765393916166986e-03
1.081765393916166986e-03
1.081765393916166986e-03
1.081765393916166986e-03
2.388985283151943886e-03
2.388985283151943886e-03
2.388985283151943886e-03
2.388985283151943886e-03
2.011323789185563704e-02
2.011323789185563704e-02
2.011323789185563704e-02
2.011323789185563704e-02
2.011323789185563704e-02
2.011323789185563704e-02
9.400894121672217357e-03
9.400894121672217357e-03
9.400894121672217357e-03
9.400894121672217357e-03
9.400894121672217357e-03
9.400894121672217357e-03
9.400894121672217357e-03
2.458982260589496691e-02
2.458982260589496691e-02
2.458982260589496691e-02
2.458982260589496691e-02
2.458982260589496691e-02
2.458982260589496691e-02
6.404808856598287643e-03
6.404808856598287643e-03
6.404808856598287643e-03
6.404808856598287643e-03
6.404808856598287643e-03
6.404808856598287643e-03
1.184293294336247367e-02
1.184293294336247367e-02
1.184293294336247367e-02
1.184293294336247367e-02
1.184293294336247367e-02
1.184293294336247367e-02
1.184293294336247367e-02
1.184293294336247367e-02
1.184293294336247367e-02
1.184293294336247367e-02
1.184293294336247367e-02
1.184293294336247367e-02
1.184293294336247367e-02
1.184293294336247367e-02
1.898242550309972229e-02
1.898242550309972229e-02
1.898242550309972229e-02
1.898242550309972229e-02
1.898242550309972229e-02
1.720291286551626359e-02
1.720291286551626359e-02
1.720291286551626359e-02
1.632204649505239252e-03
1.632204649505239252e-03
1.632204649505239252e-03
9.858185478339385674e-03
9.858185478339385674e-03
9.858185478339385674e-03
9.858185478339385674e-03
9.858185478339385674e-03
8.886008001093416084e-03
8.886008001093416084e-03
8.886008001093416084e-03
8.886008001093416084e-03
8.886008001093416084e-03
1.067964979228765328e-02
1.067964979228765328e-02
1.067964979228765328e-02
1.067964979228765328e-02
1.067964979228765328e-02
1.095286839261896267e-02
1.095286839261896267e-02
1.095286839261896267e-02
1.095286839261896267e-02
2.031244128782906319e-02
2.031244128782906319e-02
2.031244128782906319e-02
2.031244128782906319e-02
3.027881433758216473e-02
3.027881433758216473e-02
3.027881433758216473e-02
3.027881433758216473e-02
3.027881433758216473e-02
1.661912509195577481e-02
1.661912509195577481e-02
1.661912509195577481e-02
2.735924552388080064e-02
2.735924552388080064e-02
2.735924552388080064e-02
2.149583934566846530e-02
2.149583934566846530e-02
2.149583934566846530e-02
2.149583934566846530e-02
2.149583934566846530e-02
2.149583934566846530e-02
2.149583934566846530e-02
2.149583934566846530e-02
2.149583934566846530e-02
2.149583934566846530e-02
2.149583934566846530e-02
2.149583934566846530e-02
2.149583934566846530e-02
2.149583934566846530e-02
2.149583934566846530e-02
2.149583934566846530e-02
2.149583934566846530e-02
2.149583934566846530e-02
2.149583934566846530e-02
2.149583934566846530e-02
2.149583934566846530e-02
2.149583934566846530e-02
2.215069156459721633e-02
2.215069156459721633e-02
2.215069156459721633e-02
2.215069156459721633e-02
2.215069156459721633e-02
2.215069156459721633e-02
2.215069156459721633e-02
2.215069156459721633e-02
2.215069156459721633e-02
2.215069156459721633e-02
2.215069156459721633e-02
2.215069156459721633e-02
2.215069156459721633e-02
2.215069156459721633e-02
2.215069156459721633e-02
2.215069156459721633e-02
2.215069156459721633e-02
8.722596177043530005e-03
8.722596177043530005e-03
8.722596177043530005e-03
8.722596177043530005e-03
2.644003048242633477e-02
2.644003048242633477e-02
2.644003048242633477e-02
2.644003048242633477e-02
2.644003048242633477e-02
2.644003048242633477e-02
2.644003048242633477e-02
2.644003048242633477e-02
2.644003048242633477e-02
2.644003048242633477e-02
2.644003048242633477e-02
2.644003048242633477e-02
2.644003048242633477e-02
2.644003048242633477e-02
2.644003048242633477e-02
2.644003048242633477e-02
2.644003048242633477e-02
2.310499541880722818e-02
2.310499541880722818e-02
4.705283238898402831e-02
4.705283238898402831e-02
4.705283238898402831e-02
4.705283238898402831e-02
4.705283238898402831e-02
4.705283238898402831e-02
4.705283238898402831e-02
4.705283238898402831e-02
4.705283238898402831e-02
4.705283238898402831e-02
4.840201276629223920e-02
4.840201276629223920e-02
4.840201276629223920e-02
4.840201276629223920e-02
4.840201276629223920e-02
4.840201276629223920e-02
4.840201276629223920e-02
4.840201276629223920e-02
4.840201276629223920e-02
1.558425178323017551e-02
1.558425178323017551e-02
2.601375392047539092e-02
2.601375392047539092e-02
2.601375392047539092e-02
2.601375392047539092e-02
2.601375392047539092e-02
8.562352066750735652e-03
8.562352066750735652e-03
8.562352066750735652e-03
8.562352066750735652e-03
8.562352066750735652e-03
1.471352788471044955e-02
1.471352788471044955e-02
1.471352788471044955e-02
1.471352788471044955e-02
1.644003594270228297e-02
1.644003594270228297e-02
1.644003594270228297e-02
1.644003594270228297e-02
1.644003594270228297e-02
1.644003594270228297e-02
1.644003594270228297e-02
1.644003594270228297e-02
1.644003594270228297e-02
1.644003594270228297e-02
2.458908189852687925e-03
2.458908189852687925e-03
2.458908189852687925e-03
2.458908189852687925e-03
1.466849428641515789e-02
1.466849428641515789e-02
1.466849428641515789e-02
1.857832633405492873e-02
1.857832633405492873e-02
1.857832633405492873e-02
1.857832633405492873e-02
5.622373182576693301e-02
5.622373182576693301e-02
5.622373182576693301e-02
5.386316272175992875e-02
5.386316272175992875e-02
5.386316272175992875e-02
5.386316272175992875e-02
5.386316272175992875e-02
5.386316272175992875e-02
5.386316272175992875e-02
5.386316272175992875e-02
5.386316272175992875e-02
5.386316272175992875e-02
2.259191443190255999e-02
2.259191443190255999e-02
2.259191443190255999e-02
2.259191443190255999e-02
2.259191443190255999e-02
2.259191443190255999e-02
2.259191443190255999e-02
2.259191443190255999e-02
2.259191443190255999e-02
2.259191443190255999e-02
2.259191443190255999e-02
2.259191443190255999e-02
5.431392408107854099e-03
5.431392408107854099e-03
5.431392408107854099e-03
2.302662822431790490e-02
2.302662822431790490e-02
2.302662822431790490e-02
2.302662822431790490e-02
2.302662822431790490e-02
2.302662822431790490e-02
2.302662822431790490e-02
2.302662822431790490e-02
2.302662822431790490e-02
2.302662822431790490e-02
2.302662822431790490e-02
2.302662822431790490e-02
2.302662822431790490e-02
2.302662822431790490e-02
2.302662822431790490e-02
2.302662822431790490e-02
1.427322362528568415e-02
1.427322362528568415e-02
1.427322362528568415e-02
1.427322362528568415e-02
1.427322362528568415e-02
2.957636667753252985e-02
2.957636667753252985e-02
2.957636667753252985e-02
2.957636667753252985e-02
2.957636667753252985e-02
2.957636667753252985e-02
2.957636667753252985e-02
2.957636667753252985e-02
1.711895450072499492e-02
1.711895450072499492e-02
1.711895450072499492e-02
1.711895450072499492e-02
1.711895450072499492e-02
1.711895450072499492e-02
1.396552205903869165e-02
1.396552205903869165e-02
1.396552205903869165e-02
1.396552205903869165e-02
1.396552205903869165e-02
1.396552205903869165e-02
1.396552205903869165e-02
1.396552205903869165e-02
1.396552205903869165e-02
1.396552205903869165e-02
1.396552205903869165e-02
1.396552205903869165e-02
1.515427030230936251e-02
1.515427030230936251e-02
1.515427030230936251e-02
1.515427030230936251e-02
1.515427030230936251e-02
1.515427030230936251e-02
1.515427030230936251e-02
1.515427030230936251e-02
1.515427030230936251e-02
1.515427030230936251e-02
1.515427030230936251e-02
1.515427030230936251e-02
1.515427030230936251e-02
4.712389409698536477e-04
4.712389409698536477e-04
4.712389409698536477e-04
5.075465357622828411e-03
2.066907955942662647e-02
2.066907955942662647e-02
2.066907955942662647e-02
2.066907955942662647e-02
2.400803206963487285e-02
2.400803206963487285e-02
2.400803206963487285e-02
2.400803206963487285e-02
4.856724741874096640e-03
2.059371960423305933e-02
2.059371960423305933e-02
2.059371960423305933e-02
2.059371960423305933e-02
3.197787047813189371e-02
3.197787047813189371e-02
3.197787047813189371e-02
3.158173000742370371e-03
3.158173000742370371e-03
3.158173000742370371e-03
3.158173000742370371e-03
3.158173000742370371e-03
3.158173000742370371e-03
8.861860768177279649e-03
8.861860768177279649e-03
8.861860768177279649e-03
8.861860768177279649e-03
8.861860768177279649e-03
8.861860768177279649e-03
4.860498440425306543e-02
4.860498440425306543e-02
4.860498440425306543e-02
4.860498440425306543e-02
8.512288511110538414e-02
8.512288511110538414e-02
8.512288511110538414e-02
3.656519431846814994e-02
3.656519431846814994e-02
3.656519431846814994e-02
3.656519431846814994e-02
3.656519431846814994e-02
3.656519431846814994e-02
3.656519431846814994e-02
3.656519431846814994e-02
4.399164285142250636e-03
4.399164285142250636e-03
4.399164285142250636e-03
4.399164285142250636e-03
4.399164285142250636e-03
4.399164285142250636e-03
4.399164285142250636e-03
1.134492517680144898e-02
1.134492517680144898e-02
1.134492517680144898e-02
1.134492517680144898e-02
1.134492517680144898e-02
1.134492517680144898e-02
4.168291947436889022e-02
4.168291947436889022e-02
4.168291947436889022e-02
4.168291947436889022e-02
4.575923989755653620e-02
4.575923989755653620e-02
4.575923989755653620e-02
4.575923989755653620e-02
4.575923989755653620e-02
5.364554597932785773e-02
5.364554597932785773e-02
5.364554597932785773e-02
5.364554597932785773e-02
8.497784733267528534e-02
7.698552348104986676e-02
7.698552348104986676e-02
7.698552348104986676e-02
7.698552348104986676e-02
7.698552348104986676e-02
1.906581017669475159e-02
1.906581017669475159e-02
1.906581017669475159e-02
1.906581017669475159e-02
1.906581017669475159e-02
5.290732704291593869e-02
5.290732704291593869e-02
5.290732704291593869e-02
5.290732704291593869e-02
5.290732704291593869e-02
5.290732704291593869e-02
5.290732704291593869e-02
5.290732704291593869e-02
5.290732704291593869e-02
5.462267575102072031e-02
5.462267575102072031e-02
5.462267575102072031e-02
5.462267575102072031e-02
5.462267575102072031e-02
5.462267575102072031e-02
5.462267575102072031e-02
7.142189330134933456e-02
7.142189330134933456e-02
7.142189330134933456e-02
7.142189330134933456e-02
7.142189330134933456e-02
7.142189330134933456e-02
6.760703961863680569e-03
6.760703961863680569e-03
6.760703961863680569e-03
6.760703961863680569e-03
6.760703961863680569e-03
6.760703961863680569e-03
6.760703961863680569e-03
6.760703961863680569e-03
6.760703961863680569e-03
6.760703961863680569e-03
6.760703961863680569e-03
6.760703961863680569e-03
6.760703961863680569e-03
6.760703961863680569e-03
6.760703961863680569e-03
6.760703961863680569e-03
6.760703961863680569e-03
6.760703961863680569e-03
6.760703961863680569e-03
6.760703961863680569e-03
6.760703961863680569e-03
6.760703961863680569e-03
4.498183303725991622e-03
4.498183303725991622e-03
4.498183303725991622e-03
4.498183303725991622e-03
4.498183303725991622e-03
4.498183303725991622e-03
4.498183303725991622e-03
4.498183303725991622e-03
4.498183303725991622e-03
4.498183303725991622e-03
4.498183303725991622e-03
4.498183303725991622e-03
4.498183303725991622e-03
4.498183303725991622e-03
4.498183303725991622e-03
4.498183303725991622e-03
4.498183303725991622e-03
4.498183303725991622e-03
4.498183303725991622e-03
4.498183303725991622e-03
4.498183303725991622e-03
4.498183303725991622e-03
4.498183303725991622e-03
1.660639457431319077e-02
1.660639457431319077e-02
1.660639457431319077e-02
1.660639457431319077e-02
5.359763006561378551e-02
5.359763006561378551e-02
5.359763006561378551e-02
5.359763006561378551e-02
5.359763006561378551e-02
5.359763006561378551e-02
5.359763006561378551e-02
5.359763006561378551e-02
5.359763006561378551e-02
5.772369964874055764e-02
5.772369964874055764e-02
5.772369964874055764e-02
1.716934871493477205e-02
1.716934871493477205e-02
1.716934871493477205e-02
1.716934871493477205e-02
1.716934871493477205e-02
1.716934871493477205e-02
1.716934871493477205e-02
1.716934871493477205e-02
9.472993468484727656e-04
9.472993468484727656e-04
9.472993468484727656e-04
5.972086217952863804e-04
5.972086217952863804e-04
5.972086217952863804e-04
5.972086217952863804e-04
5.972086217952863804e-04
5.972086217952863804e-04
5.972086217952863804e-04
5.472098592081378610e-02
5.472098592081378610e-02
5.472098592081378610e-02
5.472098592081378610e-02
5.472098592081378610e-02
5.472098592081378610e-02
5.472098592081378610e-02
5.472098592081378610e-02
5.472098592081378610e-02
5.472098592081378610e-02
6.359636046928197894e-02
6.359636046928197894e-02
6.359636046928197894e-02
6.359636046928197894e-02
6.359636046928197894e-02
6.359636046928197894e-02
6.493731705992684955e-02
6.493731705992684955e-02
6.493731705992684955e-02
6.493731705992684955e-02
2.036278209494711555e-02
2.036278209494711555e-02
2.036278209494711555e-02
2.036278209494711555e-02
2.036278209494711555e-02
2.036278209494711555e-02
2.496336986843640526e-02
2.496336986843640526e-02
2.496336986843640526e-02
2.496336986843640526e-02
2.496336986843640526e-02
2.496336986843640526e-02
4.567164477403668973e-03
4.567164477403668973e-03
4.567164477403668973e-03
4.567164477403668973e-03
4.567164477403668973e-03
4.567164477403668973e-03
4.567164477403668973e-03
3.245193466474296379e-02
3.245193466474296379e-02
3.245193466474296379e-02
3.245193466474296379e-02
3.576307890524205862e-02
3.576307890524205862e-02
3.576307890524205862e-02
6.626309850273640056e-02
6.626309850273640056e-02
6.626309850273640056e-02
1.039307430655942999e-01
1.039307430655942999e-01
1.039307430655942999e-01
2.567436772227378941e-02
2.567436772227378941e-02
2.761628435274892865e-02
2.761628435274892865e-02
2.761628435274892865e-02
2.761628435274892865e-02
2.668440327129293146e-02
2.668440327129293146e-02
2.668440327129293146e-02
2.668440327129293146e-02
1.933712170711119824e-02
1.933712170711119824e-02
1.933712170711119824e-02
1.933712170711119824e-02
1.933712170711119824e-02
1.933712170711119824e-02
1.933712170711119824e-02
1.933712170711119824e-02
5.740308817602714220e-03
5.740308817602714220e-03
5.740308817602714220e-03
5.740308817602714220e-03
5.740308817602714220e-03
5.740308817602714220e-03
5.740308817602714220e-03
5.740308817602714220e-03
5.740308817602714220e-03
5.740308817602714220e-03
5.740308817602714220e-03
5.740308817602714220e-03
5.740308817602714220e-03
5.740308817602714220e-03
1.919931086327609018e-02
1.919931086327609018e-02
1.919931086327609018e-02
1.919931086327609018e-02
2.727117560986942746e-02
2.727117560986942746e-02
2.727117560986942746e-02
1.918831430107551667e-02
1.918831430107551667e-02
1.918831430107551667e-02
1.918831430107551667e-02
1.918831430107551667e-02
1.918831430107551667e-02
1.918831430107551667e-02
6.349154823183557859e-03
6.349154823183557859e-03
6.349154823183557859e-03
6.349154823183557859e-03
6.349154823183557859e-03
6.349154823183557859e-03
6.349154823183557859e-03
6.349154823183557859e-03
6.349154823183557859e-03
6.349154823183557859e-03
6.349154823183557859e-03
6.349154823183557859e-03
6.349154823183557859e-03
6.349154823183557859e-03
1.770780812326317594e-02
1.770780812326317594e-02
1.770780812326317594e-02
1.770780812326317594e-02
1.770780812326317594e-02
1.770780812326317594e-02
1.192806659723329686e-02
1.192806659723329686e-02
1.192806659723329686e-02
1.192806659723329686e-02
1.192806659723329686e-02
1.192806659723329686e-02
1.901288003671677482e-02
1.901288003671677482e-02
1.901288003671677482e-02
1.901288003671677482e-02
2.238208850544384440e-02
2.238208850544384440e-02
2.238208850544384440e-02
2.238208850544384440e-02
2.238208850544384440e-02
2.238208850544384440e-02
2.238208850544384440e-02
2.238208850544384440e-02
6.417314452645239350e-03
6.417314452645239350e-03
6.417314452645239350e-03
6.417314452645239350e-03
6.417314452645239350e-03
1.953701030184649967e-02
1.953701030184649967e-02
1.724695895536879238e-04
1.724695895536879238e-04
1.724695895536879238e-04
2.202801476492409136e-02
2.202801476492409136e-02
2.221094879993161519e-02
2.221094879993161519e-02
2.221094879993161519e-02
2.221094879993161519e-02
2.221094879993161519e-02
3.101429303226004366e-02
3.101429303226004366e-02
3.101429303226004366e-02
3.101429303226004366e-02
1.399180711509264742e-02
1.399180711509264742e-02
1.399180711509264742e-02
1.399180711509264742e-02
6.087602872912371843e-03
6.087602872912371843e-03
6.087602872912371843e-03
6.087602872912371843e-03
1.505587142205428407e-02
1.505587142205428407e-02
1.505587142205428407e-02
1.505587142205428407e-02
1.505587142205428407e-02
1.505587142205428407e-02
1.505587142205428407e-02
1.505587142205428407e-02
1.505587142205428407e-02
1.505587142205428407e-02
1.505587142205428407e-02
1.504771073429583307e-02
1.504771073429583307e-02
1.504771073429583307e-02
1.504771073429583307e-02
2.748686334953173716e-02
2.748686334953173716e-02
2.748686334953173716e-02
2.748686334953173716e-02
0.000000000000000000e+00
0.000000000000000000e+00
0.000000000000000000e+00
5.761337426462960487e-02
5.761337426462960487e-02
5.761337426462960487e-02
2.415110478577457698e-02
2.415110478577457698e-02
2.415110478577457698e-02
2.415110478577457698e-02
7.300975037181191285e-02
7.300975037181191285e-02
7.300975037181191285e-02
7.300975037181191285e-02
7.300975037181191285e-02
1.950006258704895662e-02
1.950006258704895662e-02
1.950006258704895662e-02
6.429586679549455230e-02
6.429586679549455230e-02
6.429586679549455230e-02
6.429586679549455230e-02
6.429586679549455230e-02
6.429586679549455230e-02
6.429586679549455230e-02
6.429586679549455230e-02
6.429586679549455230e-02
6.429586679549455230e-02
6.429586679549455230e-02
6.429586679549455230e-02
5.694953754266441487e-02
5.694953754266441487e-02
5.694953754266441487e-02
5.694953754266441487e-02
5.694953754266441487e-02
5.694953754266441487e-02
4.579147036869928022e-02
4.579147036869928022e-02
4.579147036869928022e-02
4.579147036869928022e-02
3.174321494304693098e-02
3.174321494304693098e-02
3.174321494304693098e-02
3.174321494304693098e-02
3.174321494304693098e-02
3.174321494304693098e-02
3.174321494304693098e-02
4.062322831965869963e-02
4.062322831965869963e-02
4.062322831965869963e-02
4.062322831965869963e-02
4.062322831965869963e-02
4.062322831965869963e-02
4.062322831965869963e-02
2.640459012137775716e-02
2.640459012137775716e-02
2.640459012137775716e-02
2.640459012137775716e-02
2.871726049783150311e-02
2.871726049783150311e-02
2.871726049783150311e-02
2.871726049783150311e-02
2.871726049783150311e-02
2.871726049783150311e-02
2.871726049783150311e-02
2.871726049783150311e-02
2.871726049783150311e-02
2.233244693499211384e-02
2.233244693499211384e-02
2.233244693499211384e-02
2.233244693499211384e-02
2.233244693499211384e-02
2.233244693499211384e-02
2.233244693499211384e-02
6.728214481911971856e-02
6.728214481911971856e-02
6.728214481911971856e-02
6.728214481911971856e-02
6.728214481911971856e-02
6.728214481911971856e-02
6.728214481911971856e-02
1.347287464635047935e-02
1.347287464635047935e-02
1.347287464635047935e-02
1.347287464635047935e-02
6.483307571294850968e-02
6.483307571294850968e-02
6.483307571294850968e-02
6.483307571294850968e-02
6.483307571294850968e-02
6.483307571294850968e-02
6.483307571294850968e-02
6.483307571294850968e-02
6.483307571294850968e-02
6.483307571294850968e-02
6.483307571294850968e-02
6.483307571294850968e-02
6.483307571294850968e-02
6.483307571294850968e-02
6.483307571294850968e-02
6.483307571294850968e-02
3.025737367575362380e-02
3.025737367575362380e-02
3.025737367575362380e-02
3.025737367575362380e-02
3.025737367575362380e-02
3.025737367575362380e-02
3.025737367575362380e-02
3.025737367575362380e-02
3.025737367575362380e-02
3.025737367575362380e-02
3.025737367575362380e-02
3.025737367575362380e-02
1.160943864866917884e-02
1.160943864866917884e-02
1.160943864866917884e-02
1.160943864866917884e-02
1.160943864866917884e-02
1.160943864866917884e-02
2.936521275610144699e-02
6.124794663996307315e-02
6.124794663996307315e-02
6.124794663996307315e-02
6.124794663996307315e-02
6.124794663996307315e-02
6.124794663996307315e-02
6.124794663996307315e-02
6.124794663996307315e-02
6.124794663996307315e-02
6.124794663996307315e-02
6.124794663996307315e-02
6.124794663996307315e-02
6.124794663996307315e-02
6.124794663996307315e-02
8.247543270277350388e-03
8.247543270277350388e-03
8.247543270277350388e-03
8.247543270277350388e-03
8.247543270277350388e-03
8.247543270277350388e-03
8.247543270277350388e-03
8.247543270277350388e-03
8.247543270277350388e-03
8.247543270277350388e-03
6.493283146642865600e-02
6.493283146642865600e-02
6.493283146642865600e-02
6.493283146642865600e-02
6.493283146642865600e-02
6.493283146642865600e-02
6.493283146642865600e-02
6.493283146642865600e-02
6.493283146642865600e-02
6.493283146642865600e-02
6.493283146642865600e-02
6.493283146642865600e-02
6.493283146642865600e-02
6.493283146642865600e-02
2.175019947611512780e-02
2.175019947611512780e-02
2.175019947611512780e-02
2.175019947611512780e-02
2.175019947611512780e-02
2.175019947611512780e-02
2.175019947611512780e-02
2.175019947611512780e-02
2.175019947611512780e-02
2.175019947611512780e-02
2.175019947611512780e-02
2.175019947611512780e-02
2.175019947611512780e-02
2.175019947611512780e-02
2.175019947611512780e-02
2.175019947611512780e-02
2.175019947611512780e-02
2.175019947611512780e-02
5.894106064276893181e-02
5.894106064276893181e-02
5.894106064276893181e-02
5.894106064276893181e-02
5.894106064276893181e-02
5.894106064276893181e-02
5.894106064276893181e-02
5.894106064276893181e-02
5.894106064276893181e-02
5.894106064276893181e-02
5.894106064276893181e-02
5.894106064276893181e-02
5.894106064276893181e-02
5.894106064276893181e-02
1.937508210274228697e-03
1.937508210274228697e-03
1.937508210274228697e-03
1.937508210274228697e-03
4.501558577913603726e-02
4.501558577913603726e-02
4.501558577913603726e-02
4.501558577913603726e-02
4.501558577913603726e-02
3.051610335017814271e-02
3.051610335017814271e-02
3.051610335017814271e-02
3.051610335017814271e-02
3.051610335017814271e-02
3.051610335017814271e-02
3.051610335017814271e-02
3.051610335017814271e-02
3.051610335017814271e-02
1.313074574245829719e-02
1.313074574245829719e-02
1.313074574245829719e-02
1.313074574245829719e-02
1.313074574245829719e-02
1.313074574245829719e-02
1.313074574245829719e-02
1.313074574245829719e-02
2.785104179864818924e-02
2.785104179864818924e-02
2.785104179864818924e-02
2.785104179864818924e-02
2.785104179864818924e-02
2.785104179864818924e-02
2.785104179864818924e-02
2.785104179864818924e-02
1.724013178376999217e-02
1.724013178376999217e-02
1.724013178376999217e-02
1.724013178376999217e-02
1.724013178376999217e-02
3.672974430529245358e-03
3.672974430529245358e-03
3.672974430529245358e-03
3.672974430529245358e-03
2.365532535490645627e-02
2.365532535490645627e-02
2.365532535490645627e-02
2.365532535490645627e-02
2.365532535490645627e-02
2.365532535490645627e-02
2.365532535490645627e-02
4.134670257105057395e-02
4.134670257105057395e-02
4.134670257105057395e-02
4.134670257105057395e-02
4.134670257105057395e-02
4.134670257105057395e-02
4.134670257105057395e-02
5.984263139576839752e-02
5.984263139576839752e-02
5.984263139576839752e-02
5.984263139576839752e-02
5.984263139576839752e-02
6.554034090736027274e-02
6.554034090736027274e-02
6.554034090736027274e-02
1.359625386580852122e-02
1.359625386580852122e-02
1.359625386580852122e-02
1.359625386580852122e-02
2.080618380515020932e-02
2.080618380515020932e-02
2.080618380515020932e-02
2.080618380515020932e-02
2.080618380515020932e-02
2.080618380515020932e-02
2.080618380515020932e-02
1.805019069093516740e-02
1.805019069093516740e-02
1.805019069093516740e-02
1.805019069093516740e-02
1.805019069093516740e-02
1.805019069093516740e-02
1.790927251915577778e-02
1.790927251915577778e-02
1.790927251915577778e-02
1.496179434334974842e-02
1.496179434334974842e-02
1.496179434334974842e-02
1.496179434334974842e-02
1.496179434334974842e-02
1.496179434334974842e-02
1.496179434334974842e-02
1.496179434334974842e-02
6.741862131209228060e-02
6.741862131209228060e-02
6.741862131209228060e-02
6.741862131209228060e-02
6.741862131209228060e-02
6.741862131209228060e-02
7.396866244623920283e-02
7.396866244623920283e-02
7.396866244623920283e-02
7.396866244623920283e-02
1.299361151735481563e-02
1.299361151735481563e-02
1.299361151735481563e-02
1.299361151735481563e-02
1.299361151735481563e-02
1.299361151735481563e-02
1.299361151735481563e-02
1.299361151735481563e-02
4.928067272378335029e-02
4.928067272378335029e-02
4.928067272378335029e-02
4.928067272378335029e-02
4.928067272378335029e-02
2.589113537137275288e-03
2.589113537137275288e-03
2.589113537137275288e-03
2.589113537137275288e-03
2.589113537137275288e-03
2.589113537137275288e-03
2.307050893738737257e-02
2.307050893738737257e-02
2.307050893738737257e-02
2.307050893738737257e-02
2.307050893738737257e-02
3.134274215908117861e-02
3.134274215908117861e-02
3.134274215908117861e-02
3.134274215908117861e-02
3.134274215908117861e-02
2.664083670638753981e-02
2.664083670638753981e-02
2.664083670638753981e-02
2.664083670638753981e-02
2.664083670638753981e-02
2.664083670638753981e-02
1.327208589553891850e-02
1.327208589553891850e-02
1.327208589553891850e-02
1.327208589553891850e-02
1.327208589553891850e-02
1.327208589553891850e-02
4.368081462834984274e-02
4.368081462834984274e-02
4.368081462834984274e-02
4.079548814436820270e-02
4.079548814436820270e-02
4.079548814436820270e-02
4.079548814436820270e-02
3.451134464911578218e-03
3.451134464911578218e-03
3.451134464911578218e-03
3.451134464911578218e-03
1.008871174278693416e-03
1.008871174278693416e-03
1.008871174278693416e-03
1.008871174278693416e-03
3.446296968269978471e-04
3.446296968269978471e-04
3.446296968269978471e-04
3.446296968269978471e-04
3.446296968269978471e-04
3.059355377772067161e-02
3.059355377772067161e-02
3.059355377772067161e-02
3.059355377772067161e-02
3.059355377772067161e-02
2.752412498664731644e-02
2.752412498664731644e-02
2.752412498664731644e-02
2.752412498664731644e-02
2.752412498664731644e-02
2.752412498664731644e-02
2.890115128921839568e-02
2.890115128921839568e-02
2.890115128921839568e-02
2.890115128921839568e-02
2.890115128921839568e-02
3.287156587290471221e-02
3.287156587290471221e-02
3.287156587290471221e-02
3.287156587290471221e-02
3.287156587290471221e-02
3.287156587290471221e-02
3.287156587290471221e-02
3.287156587290471221e-02
3.287156587290471221e-02
3.971414330014030186e-02
3.971414330014030186e-02
3.971414330014030186e-02
3.971414330014030186e-02
3.971414330014030186e-02
3.971414330014030186e-02
3.971414330014030186e-02
3.971414330014030186e-02
3.262605086721345055e-02
3.262605086721345055e-02
3.262605086721345055e-02
3.262605086721345055e-02
3.251369848233869042e-02
3.251369848233869042e-02
3.251369848233869042e-02
3.251369848233869042e-02
3.251369848233869042e-02
4.567597231002178126e-02
4.567597231002178126e-02
4.567597231002178126e-02
4.567597231002178126e-02
3.652285759151727845e-02
3.652285759151727845e-02
3.652285759151727845e-02
3.652285759151727845e-02
3.652285759151727845e-02
3.652285759151727845e-02
3.652285759151727845e-02
3.652285759151727845e-02
3.652285759151727845e-02
3.652285759151727845e-02
3.652285759151727845e-02
3.652285759151727845e-02
3.652285759151727845e-02
3.652285759151727845e-02
3.652285759151727845e-02
3.652285759151727845e-02
1.236126532319253291e-01
1.236126532319253291e-01
1.236126532319253291e-01
1.236126532319253291e-01
1.046450632291922173e-01
1.046450632291922173e-01
1.046450632291922173e-01
1.011992380246014844e-01
1.011992380246014844e-01
1.011992380246014844e-01
1.011992380246014844e-01
1.011992380246014844e-01
9.783984065934062113e-02
9.783984065934062113e-02
9.783984065934062113e-02
9.783984065934062113e-02
6.223245395010283676e-02
6.223245395010283676e-02
6.223245395010283676e-02
6.223245395010283676e-02
2.406594914784315059e-02
2.406594914784315059e-02
2.406594914784315059e-02
2.406594914784315059e-02
2.406594914784315059e-02
2.406594914784315059e-02
2.406594914784315059e-02
2.406594914784315059e-02
2.406594914784315059e-02
2.406594914784315059e-02
2.406594914784315059e-02
2.406594914784315059e-02
2.406594914784315059e-02
2.320433873432339172e-02
2.320433873432339172e-02
2.320433873432339172e-02
2.320433873432339172e-02
2.320433873432339172e-02
2.320433873432339172e-02
2.320433873432339172e-02
2.320433873432339172e-02
2.320433873432339172e-02
2.320433873432339172e-02
2.320433873432339172e-02
2.320433873432339172e-02
2.350863582318129391e-02
2.350863582318129391e-02
2.350863582318129391e-02
2.350863582318129391e-02
2.350863582318129391e-02
2.350863582318129391e-02
2.350863582318129391e-02
2.350863582318129391e-02
2.350863582318129391e-02
2.350863582318129391e-02
2.350863582318129391e-02
2.350863582318129391e-02
2.350863582318129391e-02
8.268078023157750256e-02
8.268078023157750256e-02
8.268078023157750256e-02
8.268078023157750256e-02
8.268078023157750256e-02
8.268078023157750256e-02
1.333018881542161471e-01
1.333018881542161471e-01
1.333018881542161471e-01
8.794947715677738434e-03
8.794947715677738434e-03
8.794947715677738434e-03
8.794947715677738434e-03
8.794947715677738434e-03
8.794947715677738434e-03
8.794947715677738434e-03
1.424239616145259917e-03
1.424239616145259917e-03
1.424239616145259917e-03
1.001503207298172320e-02
1.001503207298172320e-02
1.001503207298172320e-02
1.001503207298172320e-02
1.001503207298172320e-02
1.001503207298172320e-02
1.001503207298172320e-02
1.001503207298172320e-02
1.001503207298172320e-02
1.001503207298172320e-02
9.267060575987803167e-03
9.267060575987803167e-03
9.267060575987803167e-03
9.267060575987803167e-03
9.267060575987803167e-03
9.267060575987803167e-03
7.446982302456504714e-03
7.446982302456504714e-03
7.446982302456504714e-03
7.446982302456504714e-03
7.446982302456504714e-03
7.446982302456504714e-03
7.446982302456504714e-03
7.446982302456504714e-03
7.446982302456504714e-03
7.446982302456504714e-03
7.446982302456504714e-03
3.910684559995366259e-03
3.910684559995366259e-03
3.910684559995366259e-03
3.910684559995366259e-03
3.910684559995366259e-03
3.910684559995366259e-03
9.260615567805089224e-03
9.260615567805089224e-03
9.260615567805089224e-03
9.260615567805089224e-03
9.260615567805089224e-03
9.260615567805089224e-03
9.260615567805089224e-03
9.260615567805089224e-03
9.260615567805089224e-03
9.260615567805089224e-03
9.260615567805089224e-03
9.260615567805089224e-03
9.260615567805089224e-03
9.260615567805089224e-03
9.529176608653410971e-03
9.529176608653410971e-03
9.529176608653410971e-03
9.529176608653410971e-03
9.529176608653410971e-03
9.529176608653410971e-03
9.529176608653410971e-03
9.529176608653410971e-03
9.529176608653410971e-03
9.529176608653410971e-03
9.529176608653410971e-03
9.529176608653410971e-03
9.529176608653410971e-03
9.529176608653410971e-03
9.529176608653410971e-03
9.529176608653410971e-03
1.043144765599588776e-02
1.043144765599588776e-02
1.043144765599588776e-02
1.043144765599588776e-02
1.043144765599588776e-02
1.043144765599588776e-02
1.043144765599588776e-02
1.043144765599588776e-02
1.043144765599588776e-02
1.043144765599588776e-02
1.043144765599588776e-02
1.043144765599588776e-02
1.043144765599588776e-02
1.043144765599588776e-02
1.043144765599588776e-02
1.043144765599588776e-02
2.965651624156389124e-02
2.965651624156389124e-02
2.965651624156389124e-02
1.933697746705410891e-02
1.933697746705410891e-02
1.933697746705410891e-02
3.445378932896701885e-02
3.445378932896701885e-02
3.445378932896701885e-02
3.445378932896701885e-02
3.445378932896701885e-02
3.445378932896701885e-02
3.445378932896701885e-02
3.445378932896701885e-02
3.445378932896701885e-02
2.045571594650717057e-02
2.045571594650717057e-02
2.045571594650717057e-02
2.045571594650717057e-02
2.045571594650717057e-02
2.045571594650717057e-02
2.045571594650717057e-02
2.045571594650717057e-02
2.045571594650717057e-02
2.045571594650717057e-02
2.045571594650717057e-02
2.045571594650717057e-02
2.103959579467188507e-02
2.103959579467188507e-02
2.103959579467188507e-02
2.103959579467188507e-02
2.103959579467188507e-02
2.103959579467188507e-02
2.103959579467188507e-02
2.103959579467188507e-02
2.103959579467188507e-02
2.103959579467188507e-02
2.103959579467188507e-02
2.103959579467188507e-02
2.103959579467188507e-02
2.873932664916211549e-02
2.873932664916211549e-02
2.873932664916211549e-02
2.873932664916211549e-02
2.873932664916211549e-02
2.873932664916211549e-02
2.873932664916211549e-02
2.873932664916211549e-02
2.873932664916211549e-02
2.873932664916211549e-02
2.873932664916211549e-02
2.303223272266273144e-02
2.303223272266273144e-02
2.303223272266273144e-02
2.303223272266273144e-02
2.303223272266273144e-02
2.303223272266273144e-02
2.303223272266273144e-02
2.303223272266273144e-02
2.303223272266273144e-02
2.303223272266273144e-02
3.775465310953164677e-02
3.775465310953164677e-02
3.775465310953164677e-02
3.775465310953164677e-02
3.775465310953164677e-02
3.775465310953164677e-02
3.775465310953164677e-02
3.775465310953164677e-02
1.917138698407725578e-02
1.917138698407725578e-02
1.917138698407725578e-02
1.917138698407725578e-02
1.917138698407725578e-02
1.917138698407725578e-02
1.917138698407725578e-02
1.917138698407725578e-02
1.917138698407725578e-02
1.917138698407725578e-02
1.917138698407725578e-02
1.917138698407725578e-02
1.878779528485874026e-02
1.878779528485874026e-02
1.878779528485874026e-02
1.878779528485874026e-02
1.878779528485874026e-02
1.878779528485874026e-02
1.878779528485874026e-02
1.878779528485874026e-02
1.878779528485874026e-02
1.878779528485874026e-02
1.878779528485874026e-02
1.118679391163537873e-02
1.118679391163537873e-02
1.118679391163537873e-02
1.118679391163537873e-02
1.118679391163537873e-02
1.118679391163537873e-02
1.118679391163537873e-02
1.118679391163537873e-02
1.118679391163537873e-02
1.118679391163537873e-02
1.118679391163537873e-02
1.118679391163537873e-02
1.118679391163537873e-02
1.118679391163537873e-02
1.118679391163537873e-02
1.118679391163537873e-02
1.118679391163537873e-02
1.118679391163537873e-02
7.303660870101119640e-03
7.303660870101119640e-03
7.303660870101119640e-03
7.303660870101119640e-03
7.303660870101119640e-03
7.303660870101119640e-03
7.303660870101119640e-03
7.303660870101119640e-03
7.303660870101119640e-03
7.303660870101119640e-03
7.303660870101119640e-03
7.303660870101119640e-03
7.303660870101119640e-03
7.303660870101119640e-03
7.303660870101119640e-03
7.303660870101119640e-03
7.303660870101119640e-03
7.010005714830597201e-03
7.010005714830597201e-03
7.010005714830597201e-03
7.010005714830597201e-03
7.010005714830597201e-03
7.010005714830597201e-03
7.010005714830597201e-03
7.010005714830597201e-03
7.010005714830597201e-03
7.010005714830597201e-03
7.010005714830597201e-03
7.010005714830597201e-03
7.010005714830597201e-03
7.010005714830597201e-03
7.010005714830597201e-03
7.010005714830597201e-03
7.010005714830597201e-03
7.010005714830597201e-03
5.542246061951991952e-03
5.542246061951991952e-03
5.542246061951991952e-03
5.542246061951991952e-03
5.542246061951991952e-03
5.542246061951991952e-03
5.542246061951991952e-03
5.542246061951991952e-03
5.542246061951991952e-03
5.542246061951991952e-03
5.542246061951991952e-03
5.542246061951991952e-03
5.542246061951991952e-03
5.542246061951991952e-03
5.542246061951991952e-03
5.542246061951991952e-03
5.542246061951991952e-03
5.542246061951991952e-03
3.280914429381304610e-03
3.280914429381304610e-03
3.280914429381304610e-03
3.280914429381304610e-03
3.280914429381304610e-03
3.280914429381304610e-03
3.280914429381304610e-03
3.280914429381304610e-03
3.280914429381304610e-03
3.280914429381304610e-03
3.280914429381304610e-03
3.280914429381304610e-03
3.280914429381304610e-03
3.280914429381304610e-03
3.280914429381304610e-03
3.280914429381304610e-03
3.280914429381304610e-03
3.280914429381304610e-03
4.574010657309272171e-02
4.574010657309272171e-02
4.574010657309272171e-02
4.574010657309272171e-02
4.574010657309272171e-02
4.574010657309272171e-02
4.574010657309272171e-02
4.574010657309272171e-02
4.574010657309272171e-02
4.574010657309272171e-02
4.574010657309272171e-02
8.937748697540078349e-03
8.937748697540078349e-03
8.937748697540078349e-03
8.937748697540078349e-03
8.937748697540078349e-03
5.040415673351298677e-03
5.040415673351298677e-03
5.040415673351298677e-03
5.040415673351298677e-03
5.040415673351298677e-03
5.040415673351298677e-03
5.040415673351298677e-03
5.040415673351298677e-03
5.040415673351298677e-03
5.040415673351298677e-03
5.040415673351298677e-03
5.040415673351298677e-03
5.040415673351298677e-03
5.040415673351298677e-03
5.040415673351298677e-03
5.040415673351298677e-03
5.040415673351298677e-03
7.189974128601469769e-03
7.189974128601469769e-03
7.189974128601469769e-03
7.189974128601469769e-03
7.189974128601469769e-03
7.189974128601469769e-03
7.189974128601469769e-03
7.189974128601469769e-03
7.189974128601469769e-03
7.189974128601469769e-03
7.189974128601469769e-03
7.189974128601469769e-03
7.189974128601469769e-03
7.189974128601469769e-03
7.189974128601469769e-03
7.189974128601469769e-03
2.096035039269143058e-02
2.096035039269143058e-02
2.096035039269143058e-02
2.096035039269143058e-02
2.096035039269143058e-02
2.096035039269143058e-02
2.096035039269143058e-02
2.096035039269143058e-02
2.096035039269143058e-02
2.096035039269143058e-02
2.096035039269143058e-02
2.096035039269143058e-02
2.096035039269143058e-02
2.096035039269143058e-02
2.096035039269143058e-02
2.096035039269143058e-02
2.096035039269143058e-02
2.096035039269143058e-02
2.096035039269143058e-02
1.722700304235372541e-03
1.722700304235372541e-03
1.722700304235372541e-03
1.722700304235372541e-03
1.722700304235372541e-03
1.722700304235372541e-03
1.722700304235372541e-03
1.722700304235372541e-03
1.722700304235372541e-03
1.722700304235372541e-03
1.722700304235372541e-03
1.722700304235372541e-03
1.722700304235372541e-03
1.722700304235372541e-03
1.722700304235372541e-03
1.722700304235372541e-03
1.722700304235372541e-03
1.722700304235372541e-03
1.722700304235372541e-03
1.722700304235372541e-03
2.186194462002342010e-03
2.186194462002342010e-03
2.186194462002342010e-03
2.186194462002342010e-03
2.186194462002342010e-03
2.186194462002342010e-03
2.186194462002342010e-03
2.186194462002342010e-03
2.186194462002342010e-03
2.186194462002342010e-03
2.186194462002342010e-03
2.186194462002342010e-03
2.186194462002342010e-03
2.186194462002342010e-03
2.186194462002342010e-03
2.186194462002342010e-03
2.186194462002342010e-03
2.186194462002342010e-03
2.186194462002342010e-03
6.700804636313998329e-03
6.700804636313998329e-03
6.700804636313998329e-03
6.700804636313998329e-03
6.700804636313998329e-03
6.700804636313998329e-03
6.700804636313998329e-03
6.700804636313998329e-03
6.700804636313998329e-03
6.700804636313998329e-03
6.700804636313998329e-03
6.700804636313998329e-03
6.700804636313998329e-03
6.700804636313998329e-03
6.700804636313998329e-03
6.700804636313998329e-03
1.881882772521329111e-03
1.881882772521329111e-03
1.881882772521329111e-03
1.881882772521329111e-03
1.881882772521329111e-03
1.881882772521329111e-03
1.881882772521329111e-03
1.881882772521329111e-03
1.881882772521329111e-03
1.881882772521329111e-03
1.881882772521329111e-03
1.881882772521329111e-03
1.881882772521329111e-03
1.881882772521329111e-03
1.881882772521329111e-03
1.881882772521329111e-03
2.783438252914093806e-03
2.783438252914093806e-03
2.783438252914093806e-03
2.783438252914093806e-03
2.783438252914093806e-03
2.783438252914093806e-03
2.783438252914093806e-03
2.783438252914093806e-03
2.783438252914093806e-03
2.783438252914093806e-03
2.783438252914093806e-03
2.783438252914093806e-03
2.783438252914093806e-03
2.783438252914093806e-03
2.783438252914093806e-03
2.783438252914093806e-03
2.783438252914093806e-03
2.783438252914093806e-03
3.878607949981538374e-03
3.878607949981538374e-03
3.878607949981538374e-03
3.878607949981538374e-03
3.878607949981538374e-03
3.878607949981538374e-03
3.878607949981538374e-03
3.878607949981538374e-03
3.878607949981538374e-03
3.878607949981538374e-03
3.878607949981538374e-03
3.878607949981538374e-03
3.878607949981538374e-03
2.097020866257310809e-02
2.097020866257310809e-02
2.097020866257310809e-02
2.097020866257310809e-02
2.097020866257310809e-02
2.097020866257310809e-02
2.097020866257310809e-02
2.097020866257310809e-02
2.097020866257310809e-02
2.097020866257310809e-02
2.097020866257310809e-02
2.097020866257310809e-02
2.097020866257310809e-02
2.097020866257310809e-02
2.097020866257310809e-02
2.097020866257310809e-02
2.097020866257310809e-02
2.097020866257310809e-02
2.097020866257310809e-02
2.134586017791624199e-02
2.134586017791624199e-02
2.134586017791624199e-02
2.134586017791624199e-02
2.134586017791624199e-02
2.134586017791624199e-02
2.134586017791624199e-02
2.134586017791624199e-02
2.134586017791624199e-02
2.134586017791624199e-02
2.134586017791624199e-02
2.134586017791624199e-02
2.134586017791624199e-02
2.134586017791624199e-02
2.134586017791624199e-02
2.134586017791624199e-02
2.134586017791624199e-02
2.134586017791624199e-02
2.134586017791624199e-02
2.363655813397551320e-02
2.363655813397551320e-02
2.363655813397551320e-02
2.363655813397551320e-02
2.363655813397551320e-02
2.363655813397551320e-02
2.363655813397551320e-02
2.363655813397551320e-02
2.363655813397551320e-02
2.363655813397551320e-02
2.363655813397551320e-02
2.363655813397551320e-02
2.363655813397551320e-02
2.363655813397551320e-02
2.363655813397551320e-02
2.363655813397551320e-02
2.363655813397551320e-02
2.363655813397551320e-02
1.356714275392487861e-03
1.356714275392487861e-03
1.356714275392487861e-03
1.356714275392487861e-03
1.356714275392487861e-03
1.356714275392487861e-03
1.356714275392487861e-03
1.356714275392487861e-03
1.356714275392487861e-03
1.356714275392487861e-03
1.356714275392487861e-03
1.356714275392487861e-03
1.356714275392487861e-03
1.356714275392487861e-03
1.356714275392487861e-03
1.356714275392487861e-03
1.356714275392487861e-03
1.356714275392487861e-03
1.356714275392487861e-03
2.579517081114917221e-03
2.579517081114917221e-03
2.579517081114917221e-03
2.579517081114917221e-03
2.579517081114917221e-03
2.579517081114917221e-03
2.579517081114917221e-03
2.579517081114917221e-03
2.579517081114917221e-03
2.579517081114917221e-03
2.579517081114917221e-03
2.579517081114917221e-03
2.579517081114917221e-03
2.579517081114917221e-03
2.579517081114917221e-03
2.579517081114917221e-03
2.579517081114917221e-03
2.579517081114917221e-03
2.579517081114917221e-03
3.496406598853315974e-03
3.496406598853315974e-03
3.496406598853315974e-03
3.496406598853315974e-03
3.496406598853315974e-03
3.496406598853315974e-03
3.496406598853315974e-03
3.496406598853315974e-03
3.496406598853315974e-03
3.496406598853315974e-03
3.496406598853315974e-03
3.496406598853315974e-03
3.496406598853315974e-03
3.496406598853315974e-03
3.496406598853315974e-03
3.496406598853315974e-03
3.496406598853315974e-03
3.496406598853315974e-03
3.496406598853315974e-03
3.496406598853315974e-03
6.811838955103800700e-04
6.811838955103800700e-04
6.811838955103800700e-04
6.811838955103800700e-04
6.811838955103800700e-04
6.811838955103800700e-04
6.811838955103800700e-04
6.811838955103800700e-04
6.811838955103800700e-04
6.811838955103800700e-04
6.811838955103800700e-04
6.811838955103800700e-04
6.811838955103800700e-04
6.811838955103800700e-04
6.811838955103800700e-04
6.811838955103800700e-04
6.811838955103800700e-04
2.998888648700149488e-03
2.998888648700149488e-03
2.998888648700149488e-03
2.998888648700149488e-03
2.998888648700149488e-03
2.998888648700149488e-03
2.998888648700149488e-03
2.998888648700149488e-03
2.998888648700149488e-03
2.998888648700149488e-03
2.998888648700149488e-03
2.998888648700149488e-03
2.998888648700149488e-03
2.998888648700149488e-03
1.002859157673060414e-03
1.002859157673060414e-03
1.002859157673060414e-03
1.002859157673060414e-03
1.002859157673060414e-03
1.002859157673060414e-03
1.002859157673060414e-03
1.002859157673060414e-03
4.728349380936877275e-03
4.728349380936877275e-03
4.728349380936877275e-03
4.728349380936877275e-03
4.728349380936877275e-03
4.728349380936877275e-03
4.728349380936877275e-03
4.728349380936877275e-03
4.728349380936877275e-03
4.728349380936877275e-03
4.728349380936877275e-03
4.728349380936877275e-03
2.390969544262662883e-03
2.390969544262662883e-03
2.390969544262662883e-03
2.390969544262662883e-03
2.390969544262662883e-03
2.390969544262662883e-03
2.390969544262662883e-03
2.390969544262662883e-03
2.390969544262662883e-03
2.390969544262662883e-03
2.390969544262662883e-03
2.390969544262662883e-03
2.390969544262662883e-03
3.837719220451019791e-02
3.837719220451019791e-02
3.837719220451019791e-02
3.837719220451019791e-02
1.104122153710014901e-03
1.104122153710014901e-03
1.104122153710014901e-03
1.104122153710014901e-03
1.104122153710014901e-03
1.104122153710014901e-03
1.104122153710014901e-03
1.104122153710014901e-03
1.104122153710014901e-03
3.458051715294522903e-04
3.458051715294522903e-04
3.458051715294522903e-04
3.458051715294522903e-04
3.458051715294522903e-04
3.458051715294522903e-04
3.458051715294522903e-04
3.458051715294522903e-04
3.458051715294522903e-04
3.458051715294522903e-04
3.458051715294522903e-04
3.458051715294522903e-04
3.458051715294522903e-04
3.458051715294522903e-04
2.634780034818453437e-03
2.634780034818453437e-03
2.634780034818453437e-03
2.634780034818453437e-03
2.634780034818453437e-03
2.634780034818453437e-03
2.634780034818453437e-03
2.634780034818453437e-03
2.634780034818453437e-03
2.634780034818453437e-03
2.634780034818453437e-03
2.634780034818453437e-03
2.634780034818453437e-03
2.634780034818453437e-03
2.634780034818453437e-03
4.858352131154482050e-03
4.858352131154482050e-03
4.858352131154482050e-03
4.858352131154482050e-03
4.858352131154482050e-03
4.858352131154482050e-03
4.858352131154482050e-03
3.920095072796187657e-02
3.920095072796187657e-02
3.920095072796187657e-02
3.920095072796187657e-02
3.920095072796187657e-02
2.480407307894268165e-02
2.480407307894268165e-02
2.480407307894268165e-02
2.480407307894268165e-02
2.480407307894268165e-02
2.480407307894268165e-02
2.480407307894268165e-02
2.480407307894268165e-02
2.480407307894268165e-02
2.480407307894268165e-02
2.878311008078834193e-02
2.878311008078834193e-02
2.878311008078834193e-02
2.878311008078834193e-02
2.878311008078834193e-02
2.878311008078834193e-02
2.878311008078834193e-02
2.878311008078834193e-02
2.878311008078834193e-02
2.878311008078834193e-02
2.709626341201388025e-02
2.709626341201388025e-02
2.709626341201388025e-02
2.709626341201388025e-02
2.709626341201388025e-02
2.709626341201388025e-02
2.709626341201388025e-02
2.709626341201388025e-02
2.709626341201388025e-02
2.709626341201388025e-02
2.709626341201388025e-02
2.526075050931586227e-02
2.526075050931586227e-02
2.526075050931586227e-02
2.526075050931586227e-02
2.526075050931586227e-02
2.526075050931586227e-02
2.526075050931586227e-02
2.526075050931586227e-02
2.526075050931586227e-02
2.526075050931586227e-02
2.526075050931586227e-02
2.451014935665715364e-02
2.451014935665715364e-02
2.451014935665715364e-02
2.451014935665715364e-02
2.451014935665715364e-02
2.451014935665715364e-02
2.451014935665715364e-02
2.451014935665715364e-02
2.451014935665715364e-02
2.451014935665715364e-02
2.451014935665715364e-02
2.451014935665715364e-02
1.481793986993900671e-02
1.481793986993900671e-02
1.481793986993900671e-02
1.481793986993900671e-02
1.481793986993900671e-02
1.481793986993900671e-02
1.481793986993900671e-02
1.481793986993900671e-02
1.481793986993900671e-02
1.481793986993900671e-02
1.481793986993900671e-02
1.481793986993900671e-02
1.481793986993900671e-02
2.419707460293113194e-03
2.419707460293113194e-03
2.419707460293113194e-03
2.419707460293113194e-03
4.333945044711311873e-04
4.333945044711311873e-04
4.333945044711311873e-04
4.333945044711311873e-04
4.333945044711311873e-04
4.333945044711311873e-04
5.005561594840849705e-03
5.005561594840849705e-03
5.005561594840849705e-03
5.005561594840849705e-03
3.774927483598003626e-03
3.774927483598003626e-03
3.774927483598003626e-03
3.774927483598003626e-03
3.774927483598003626e-03
1.833483361751320553e-02
1.735566606028585493e-02
1.735566606028585493e-02
1.735566606028585493e-02
1.735566606028585493e-02
1.735566606028585493e-02
1.735566606028585493e-02
1.735566606028585493e-02
1.735566606028585493e-02
1.735566606028585493e-02
1.735566606028585493e-02
1.735566606028585493e-02
1.735566606028585493e-02
1.735566606028585493e-02
1.735566606028585493e-02
1.971996117307179067e-02
1.916148271115209259e-02
1.916148271115209259e-02
1.916148271115209259e-02
1.916148271115209259e-02
1.916148271115209259e-02
1.916148271115209259e-02
1.916148271115209259e-02
1.916148271115209259e-02
1.916148271115209259e-02
1.916148271115209259e-02
1.916148271115209259e-02
1.916148271115209259e-02
1.916148271115209259e-02
1.916148271115209259e-02
1.297541110511329747e-02
1.297541110511329747e-02
1.297541110511329747e-02
1.297541110511329747e-02
1.297541110511329747e-02
1.297541110511329747e-02
1.297541110511329747e-02
1.297541110511329747e-02
1.297541110511329747e-02
1.297541110511329747e-02
1.297541110511329747e-02
1.297541110511329747e-02
1.297541110511329747e-02
1.297541110511329747e-02
6.732382087936425799e-03
6.732382087936425799e-03
6.732382087936425799e-03
2.013993017295014325e-03
2.013993017295014325e-03
2.013993017295014325e-03
9.223858433224051395e-04
9.223858433224051395e-04
9.223858433224051395e-04
9.223858433224051395e-04
9.223858433224051395e-04
9.223858433224051395e-04
9.223858433224051395e-04
2.701481607354371591e-03
2.701481607354371591e-03
3.284799947553581744e-03
3.284799947553581744e-03
3.284799947553581744e-03
3.284799947553581744e-03
3.284799947553581744e-03
3.363897525085548373e-02
3.363897525085548373e-02
3.363897525085548373e-02
3.363897525085548373e-02
3.363897525085548373e-02
3.133087880003253972e-02
3.133087880003253972e-02
3.133087880003253972e-02
3.133087880003253972e-02
3.133087880003253972e-02
3.133087880003253972e-02
1.444430071624643042e-02
1.444430071624643042e-02
1.444430071624643042e-02
1.444430071624643042e-02
1.373190524707082472e-02
1.373190524707082472e-02
1.373190524707082472e-02
1.373190524707082472e-02
1.373190524707082472e-02
1.309191374087490152e-02
1.309191374087490152e-02
1.309191374087490152e-02
2.169724969151748048e-02
2.169724969151748048e-02
2.169724969151748048e-02
2.169724969151748048e-02
2.169724969151748048e-02
1.529426795097366294e-02
1.529426795097366294e-02
1.529426795097366294e-02
1.529426795097366294e-02
1.529426795097366294e-02
1.529426795097366294e-02
1.529426795097366294e-02
1.529426795097366294e-02
1.572486799453057596e-02
1.572486799453057596e-02
1.572486799453057596e-02
2.163988532905320936e-02
2.163988532905320936e-02
2.163988532905320936e-02
2.163988532905320936e-02
2.163988532905320936e-02
2.163988532905320936e-02
2.163988532905320936e-02
2.163988532905320936e-02
2.163988532905320936e-02
2.163988532905320936e-02
2.163988532905320936e-02
2.163988532905320936e-02
2.163988532905320936e-02
2.163988532905320936e-02
2.163988532905320936e-02
2.163988532905320936e-02
2.163988532905320936e-02
2.163988532905320936e-02
2.163988532905320936e-02
2.868704700788280576e-02
2.868704700788280576e-02
2.868704700788280576e-02
2.868704700788280576e-02
2.868704700788280576e-02
2.868704700788280576e-02
2.868704700788280576e-02
2.868704700788280576e-02
2.868704700788280576e-02
2.868704700788280576e-02
2.868704700788280576e-02
6.575777764043305934e-04
6.575777764043305934e-04
6.575777764043305934e-04
6.575777764043305934e-04
6.575777764043305934e-04
6.575777764043305934e-04
6.575777764043305934e-04
6.575777764043305934e-04
6.575777764043305934e-04
2.411889753212300910e-02
2.411889753212300910e-02
2.411889753212300910e-02
2.411889753212300910e-02
2.411889753212300910e-02
2.411889753212300910e-02
2.411889753212300910e-02
2.411889753212300910e-02
2.411889753212300910e-02
1.470956041222841459e-02
1.470956041222841459e-02
1.470956041222841459e-02
1.470956041222841459e-02
1.470956041222841459e-02
1.470956041222841459e-02
1.470956041222841459e-02
1.470956041222841459e-02
1.470956041222841459e-02
1.470956041222841459e-02
1.470956041222841459e-02
1.657184065826632080e-02
1.657184065826632080e-02
1.657184065826632080e-02
1.657184065826632080e-02
1.657184065826632080e-02
1.657184065826632080e-02
1.657184065826632080e-02
1.657184065826632080e-02
1.657184065826632080e-02
1.657184065826632080e-02
2.599009957553732181e-02
2.599009957553732181e-02
2.599009957553732181e-02
2.599009957553732181e-02
2.599009957553732181e-02
2.599009957553732181e-02
2.599009957553732181e-02
2.599009957553732181e-02
2.599009957553732181e-02
2.599009957553732181e-02
2.599009957553732181e-02
1.453363202390690542e-02
1.453363202390690542e-02
1.453363202390690542e-02
1.453363202390690542e-02
1.453363202390690542e-02
1.453363202390690542e-02
1.453363202390690542e-02
1.453363202390690542e-02
1.453363202390690542e-02
1.453363202390690542e-02
1.453363202390690542e-02
1.453363202390690542e-02
1.453363202390690542e-02
1.453363202390690542e-02
1.453363202390690542e-02
1.453363202390690542e-02
3.546949250797058750e-02
3.546949250797058750e-02
3.546949250797058750e-02
1.402291477145276195e-02
1.402291477145276195e-02
1.402291477145276195e-02
1.402291477145276195e-02
1.402291477145276195e-02
1.402291477145276195e-02
1.402291477145276195e-02
1.402291477145276195e-02
1.402291477145276195e-02
1.402291477145276195e-02
1.402291477145276195e-02
1.402291477145276195e-02
1.402291477145276195e-02
1.402291477145276195e-02
1.402291477145276195e-02
1.402291477145276195e-02
1.402291477145276195e-02
1.402291477145276195e-02
2.599338112611234222e-02
2.599338112611234222e-02
2.599338112611234222e-02
2.599338112611234222e-02
2.678474767831882236e-02
2.678474767831882236e-02
2.678474767831882236e-02
2.678474767831882236e-02
2.896380111447930186e-02
2.896380111447930186e-02
2.896380111447930186e-02
2.896380111447930186e-02
2.896380111447930186e-02
2.896380111447930186e-02
1.927882776844055263e-02
1.927882776844055263e-02
1.927882776844055263e-02
1.927882776844055263e-02
1.927882776844055263e-02
3.071830945700723334e-02
3.071830945700723334e-02
3.071830945700723334e-02
3.071830945700723334e-02
3.071830945700723334e-02
3.071830945700723334e-02
3.071830945700723334e-02
3.071830945700723334e-02
3.071830945700723334e-02
3.071830945700723334e-02
3.071830945700723334e-02
4.198656080726361948e-04
4.198656080726361948e-04
4.198656080726361948e-04
4.198656080726361948e-04
4.198656080726361948e-04
4.198656080726361948e-04
4.198656080726361948e-04
4.198656080726361948e-04
4.198656080726361948e-04
4.198656080726361948e-04
3.064158460833870529e-02
3.064158460833870529e-02
3.064158460833870529e-02
3.064158460833870529e-02
3.064158460833870529e-02
3.064158460833870529e-02
3.064158460833870529e-02
1.144214887989257988e-02
1.144214887989257988e-02
1.144214887989257988e-02
1.144214887989257988e-02
1.144214887989257988e-02
1.144214887989257988e-02
1.144214887989257988e-02
1.144214887989257988e-02
2.674573422055486621e-02
2.674573422055486621e-02
2.674573422055486621e-02
2.674573422055486621e-02
2.674573422055486621e-02
2.674573422055486621e-02
2.674573422055486621e-02
2.674573422055486621e-02
2.674573422055486621e-02
2.674573422055486621e-02
1.870710135027383453e-02
1.870710135027383453e-02
1.870710135027383453e-02
4.511343373231605468e-03
4.511343373231605468e-03
4.511343373231605468e-03
4.511343373231605468e-03
2.478615083372507494e-02
2.478615083372507494e-02
2.478615083372507494e-02
2.478615083372507494e-02
2.478615083372507494e-02
2.478615083372507494e-02
2.478615083372507494e-02
2.478615083372507494e-02
2.478615083372507494e-02
2.478615083372507494e-02
2.478615083372507494e-02
2.478615083372507494e-02
2.478615083372507494e-02
2.478615083372507494e-02
2.478615083372507494e-02
2.478615083372507494e-02
2.478615083372507494e-02
2.478615083372507494e-02
2.478615083372507494e-02
2.478615083372507494e-02
2.478615083372507494e-02
2.341443042910650724e-02
2.341443042910650724e-02
2.341443042910650724e-02
2.341443042910650724e-02
2.341443042910650724e-02
2.341443042910650724e-02
2.341443042910650724e-02
2.341443042910650724e-02
2.341443042910650724e-02
2.341443042910650724e-02
2.341443042910650724e-02
2.341443042910650724e-02
2.341443042910650724e-02
2.341443042910650724e-02
2.341443042910650724e-02
2.341443042910650724e-02
2.341443042910650724e-02
2.341443042910650724e-02
6.498541318335573219e-03
6.498541318335573219e-03
6.498541318335573219e-03
6.498541318335573219e-03
6.498541318335573219e-03
6.498541318335573219e-03
6.498541318335573219e-03
6.498541318335573219e-03
6.498541318335573219e-03
6.498541318335573219e-03
6.498541318335573219e-03
6.498541318335573219e-03
6.498541318335573219e-03
6.498541318335573219e-03
6.498541318335573219e-03
6.498541318335573219e-03
6.498541318335573219e-03
6.498541318335573219e-03
6.498541318335573219e-03
6.498541318335573219e-03
8.799351105445505153e-03
8.799351105445505153e-03
8.799351105445505153e-03
8.799351105445505153e-03
3.951286549974886153e-02
3.951286549974886153e-02
3.951286549974886153e-02
3.951286549974886153e-02
3.951286549974886153e-02
3.951286549974886153e-02
3.951286549974886153e-02
3.951286549974886153e-02
2.243503472576762262e-02
2.243503472576762262e-02
2.243503472576762262e-02
2.243503472576762262e-02
2.243503472576762262e-02
3.174570131663011913e-03
3.174570131663011913e-03
3.174570131663011913e-03
3.561299577238174335e-02
3.561299577238174335e-02
3.561299577238174335e-02
3.561299577238174335e-02
3.561299577238174335e-02
3.561299577238174335e-02
3.561299577238174335e-02
3.561299577238174335e-02
3.860391692376999393e-03
3.860391692376999393e-03
3.860391692376999393e-03
3.860391692376999393e-03
3.860391692376999393e-03
3.860391692376999393e-03
3.860391692376999393e-03
3.860391692376999393e-03
3.860391692376999393e-03
3.860391692376999393e-03
3.860391692376999393e-03
3.860391692376999393e-03
3.860391692376999393e-03
3.860391692376999393e-03
3.860391692376999393e-03
3.860391692376999393e-03
3.860391692376999393e-03
3.860391692376999393e-03
1.580334061465233590e-03
1.580334061465233590e-03
1.580334061465233590e-03
1.580334061465233590e-03
1.580334061465233590e-03
2.259977146423119108e-03
2.259977146423119108e-03
2.259977146423119108e-03
2.259977146423119108e-03
2.259977146423119108e-03
2.259977146423119108e-03
2.259977146423119108e-03
2.259977146423119108e-03
2.259977146423119108e-03
2.259977146423119108e-03
2.259977146423119108e-03
2.259977146423119108e-03
2.259977146423119108e-03
2.259977146423119108e-03
2.259977146423119108e-03
2.259977146423119108e-03
2.259977146423119108e-03
2.259977146423119108e-03
2.259977146423119108e-03
2.273014928926349321e-03
2.273014928926349321e-03
2.273014928926349321e-03
2.273014928926349321e-03
2.273014928926349321e-03
2.273014928926349321e-03
2.276807095558156056e-03
2.276807095558156056e-03
2.276807095558156056e-03
2.276807095558156056e-03
2.276807095558156056e-03
2.276807095558156056e-03
2.276807095558156056e-03
2.276807095558156056e-03
2.276807095558156056e-03
2.276807095558156056e-03
2.276807095558156056e-03
2.276807095558156056e-03
2.276807095558156056e-03
2.276807095558156056e-03
9.182522519810351483e-04
9.182522519810351483e-04
9.182522519810351483e-04
9.182522519810351483e-04
9.182522519810351483e-04
9.182522519810351483e-04
9.182522519810351483e-04
9.182522519810351483e-04
2.038198285820427488e-02
2.038198285820427488e-02
1.326348366241865244e-02
1.326348366241865244e-02
1.326348366241865244e-02
7.692681235381077301e-03
7.692681235381077301e-03
7.692681235381077301e-03
7.692681235381077301e-03
7.692681235381077301e-03
2.873734730061532419e-02
2.873734730061532419e-02
2.873734730061532419e-02
2.873734730061532419e-02
2.873734730061532419e-02
2.873734730061532419e-02
2.873734730061532419e-02
2.873734730061532419e-02
2.873734730061532419e-02
2.873734730061532419e-02
1.849607858988765608e-03
1.849607858988765608e-03
1.849607858988765608e-03
1.849607858988765608e-03
1.849607858988765608e-03
1.849607858988765608e-03
1.849607858988765608e-03
1.849607858988765608e-03
1.873180956144941331e-02
1.873180956144941331e-02
1.873180956144941331e-02
1.873180956144941331e-02
1.873180956144941331e-02
1.873180956144941331e-02
1.873180956144941331e-02
1.873180956144941331e-02
1.873180956144941331e-02
1.873180956144941331e-02
1.873180956144941331e-02
1.873180956144941331e-02
1.873180956144941331e-02
1.873180956144941331e-02
1.873180956144941331e-02
1.873180956144941331e-02
1.873180956144941331e-02
1.873180956144941331e-02
1.873180956144941331e-02
1.873180956144941331e-02
3.521360830656714014e-02
3.521360830656714014e-02
3.521360830656714014e-02
3.521360830656714014e-02
3.521360830656714014e-02
3.521360830656714014e-02
3.521360830656714014e-02
3.521360830656714014e-02
3.521360830656714014e-02
3.878772187420942864e-03
3.878772187420942864e-03
3.878772187420942864e-03
3.878772187420942864e-03
3.878772187420942864e-03
3.878772187420942864e-03
3.878772187420942864e-03
3.878772187420942864e-03
3.878772187420942864e-03
1.802656049179255857e-02
1.802656049179255857e-02
1.802656049179255857e-02
1.802656049179255857e-02
1.802656049179255857e-02
1.802656049179255857e-02
1.802656049179255857e-02
1.802656049179255857e-02
1.802656049179255857e-02
1.802656049179255857e-02
1.802656049179255857e-02
1.802656049179255857e-02
1.802656049179255857e-02
1.802656049179255857e-02
1.802656049179255857e-02
3.783071704351361354e-03
3.783071704351361354e-03
3.783071704351361354e-03
3.783071704351361354e-03
3.783071704351361354e-03
3.783071704351361354e-03
3.783071704351361354e-03
3.783071704351361354e-03
3.783071704351361354e-03
3.783071704351361354e-03
3.783071704351361354e-03
3.783071704351361354e-03
3.783071704351361354e-03
3.783071704351361354e-03
6.211982178005876973e-03
6.211982178005876973e-03
6.211982178005876973e-03
6.211982178005876973e-03
6.211982178005876973e-03
6.211982178005876973e-03
3.610112840496482265e-03
3.610112840496482265e-03
3.610112840496482265e-03
1.284985459175606165e-02
1.284985459175606165e-02
1.284985459175606165e-02
1.284985459175606165e-02
1.284985459175606165e-02
1.284985459175606165e-02
1.284985459175606165e-02
1.284985459175606165e-02
8.178722922482353774e-03
8.178722922482353774e-03
8.178722922482353774e-03
8.178722922482353774e-03
8.178722922482353774e-03
8.178722922482353774e-03
8.178722922482353774e-03
1.373627557451553545e-03
1.373627557451553545e-03
1.373627557451553545e-03
1.373627557451553545e-03
1.373627557451553545e-03
1.373627557451553545e-03
1.373627557451553545e-03
1.373627557451553545e-03
1.373627557451553545e-03
1.373627557451553545e-03
1.373627557451553545e-03
1.373627557451553545e-03
1.373627557451553545e-03
4.638549300752125952e-03
4.638549300752125952e-03
4.638549300752125952e-03
4.638549300752125952e-03
4.638549300752125952e-03
4.638549300752125952e-03
4.638549300752125952e-03
2.724846753217395612e-02
2.724846753217395612e-02
2.724846753217395612e-02
2.724846753217395612e-02
2.724846753217395612e-02
2.724846753217395612e-02
2.724846753217395612e-02
9.638504692538232485e-03
9.638504692538232485e-03
9.638504692538232485e-03
9.638504692538232485e-03
9.638504692538232485e-03
9.638504692538232485e-03
9.638504692538232485e-03
8.516075538714692333e-03
8.516075538714692333e-03
8.516075538714692333e-03
7.655238157699749500e-04
1.517533019735698221e-02
1.517533019735698221e-02
5.380473972700860162e-03
5.380473972700860162e-03
5.380473972700860162e-03
2.368253296838925340e-02
2.368253296838925340e-02
1.114172622308221526e-02
1.889201690988660462e-02
1.889201690988660462e-02
1.224567616989934681e-02
1.922323923214878244e-02
1.922323923214878244e-02
3.429535363701684270e-02
3.429535363701684270e-02
3.429535363701684270e-02
3.429535363701684270e-02
2.183304750328290272e-02
2.183304750328290272e-02
2.183304750328290272e-02
2.183304750328290272e-02
2.183304750328290272e-02
1.480441843521564322e-03
1.480441843521564322e-03
1.480441843521564322e-03
1.480441843521564322e-03
1.480441843521564322e-03
1.480441843521564322e-03
1.480441843521564322e-03
1.480441843521564322e-03
2.277925192000541943e-02
2.277925192000541943e-02
2.277925192000541943e-02
2.277925192000541943e-02
2.277925192000541943e-02
2.277925192000541943e-02
2.277925192000541943e-02
8.598847032471228571e-03
8.598847032471228571e-03
8.598847032471228571e-03
8.598847032471228571e-03
8.598847032471228571e-03
8.598847032471228571e-03
8.598847032471228571e-03
2.658682665576135237e-02
2.658682665576135237e-02
2.658682665576135237e-02
2.658682665576135237e-02
2.658682665576135237e-02
2.658682665576135237e-02
2.658682665576135237e-02
2.658682665576135237e-02
9.556328612833746641e-03
9.556328612833746641e-03
9.556328612833746641e-03
9.556328612833746641e-03
9.556328612833746641e-03
9.556328612833746641e-03
9.556328612833746641e-03
1.366302069580680421e-02
1.366302069580680421e-02
1.366302069580680421e-02
6.428346691237316231e-03
6.428346691237316231e-03
6.428346691237316231e-03
6.428346691237316231e-03
6.416770771848396854e-04
6.416770771848396854e-04
6.416770771848396854e-04
3.284865133579843721e-02
4.183167894885831892e-03
4.183167894885831892e-03
4.183167894885831892e-03
4.183167894885831892e-03
4.183167894885831892e-03
1.417103720029361941e-03
1.417103720029361941e-03
1.417103720029361941e-03
6.279311198739975092e-03
6.279311198739975092e-03
6.279311198739975092e-03
8.316939182363581456e-03
8.316939182363581456e-03
1.210605353517025043e-02
1.791738985918905902e-02
1.791738985918905902e-02
1.980906417935947642e-02
1.980906417935947642e-02
1.980906417935947642e-02
1.980906417935947642e-02
1.980906417935947642e-02
9.869693566460268144e-04
9.869693566460268144e-04
9.869693566460268144e-04
9.869693566460268144e-04
9.869693566460268144e-04
9.869693566460268144e-04
9.869693566460268144e-04
9.869693566460268144e-04
3.557943209353005981e-02
2.734609411852953476e-03
2.734609411852953476e-03
2.734609411852953476e-03
2.734609411852953476e-03
2.734609411852953476e-03
5.567946421829979634e-03
5.567946421829979634e-03
5.567946421829979634e-03
5.567946421829979634e-03
5.567946421829979634e-03
5.567946421829979634e-03
8.558741958844387487e-03
8.558741958844387487e-03
8.558741958844387487e-03
8.558741958844387487e-03
8.558741958844387487e-03
8.558741958844387487e-03
8.558741958844387487e-03
8.558741958844387487e-03
8.558741958844387487e-03
2.801057802932070337e-02
2.278681768038377049e-04
2.278681768038377049e-04
2.278681768038377049e-04
2.278681768038377049e-04
2.278681768038377049e-04
2.278681768038377049e-04
2.278681768038377049e-04
2.278681768038377049e-04
2.278681768038377049e-04
2.278681768038377049e-04
2.278681768038377049e-04
2.278681768038377049e-04
3.617682114799687654e-03
3.617682114799687654e-03
3.617682114799687654e-03
3.617682114799687654e-03
3.617682114799687654e-03
3.617682114799687654e-03
3.617682114799687654e-03
3.617682114799687654e-03
3.617682114799687654e-03
7.789294481452130325e-03
7.789294481452130325e-03
7.789294481452130325e-03
7.789294481452130325e-03
7.789294481452130325e-03
7.789294481452130325e-03
7.789294481452130325e-03
7.789294481452130325e-03
7.789294481452130325e-03
7.789294481452130325e-03
1.007996639405377842e-02
1.007996639405377842e-02
1.007996639405377842e-02
1.007996639405377842e-02
1.007996639405377842e-02
1.007996639405377842e-02
1.007996639405377842e-02
1.007996639405377842e-02
3.586742887784310357e-02
8.595275475827817563e-03
8.595275475827817563e-03
8.595275475827817563e-03
8.595275475827817563e-03
8.595275475827817563e-03
8.595275475827817563e-03
8.595275475827817563e-03
8.595275475827817563e-03
8.595275475827817563e-03
3.579403878570987935e-02
3.579403878570987935e-02
3.579403878570987935e-02
1.723288324511741687e-02
1.508621395623403424e-04
1.508621395623403424e-04
1.508621395623403424e-04
1.508621395623403424e-04
1.508621395623403424e-04
1.508621395623403424e-04
1.508621395623403424e-04
1.508621395623403424e-04
1.508621395623403424e-04
1.508621395623403424e-04
1.508621395623403424e-04
1.508621395623403424e-04
1.508621395623403424e-04
5.231303291632257921e-03
5.231303291632257921e-03
5.231303291632257921e-03
5.231303291632257921e-03
5.231303291632257921e-03
7.612407448709218594e-02
7.612407448709218594e-02
7.612407448709218594e-02
5.847676993988695825e-04
5.847676993988695825e-04
5.847676993988695825e-04
5.847676993988695825e-04
5.847676993988695825e-04
5.847676993988695825e-04
5.847676993988695825e-04
5.847676993988695825e-04
5.847676993988695825e-04
5.847676993988695825e-04
5.847676993988695825e-04
5.847676993988695825e-04
5.847676993988695825e-04
5.847676993988695825e-04
1.361542280985472827e-03
1.361542280985472827e-03
1.361542280985472827e-03
1.361542280985472827e-03
3.825811339612102124e-02
3.825811339612102124e-02
3.825811339612102124e-02
3.825811339612102124e-02
3.825811339612102124e-02
4.255232951290694940e-03
4.255232951290694940e-03
4.255232951290694940e-03
4.255232951290694940e-03
4.255232951290694940e-03
4.255232951290694940e-03
4.255232951290694940e-03
1.259707547833769370e-01
1.259707547833769370e-01
1.259707547833769370e-01
1.259707547833769370e-01
1.259707547833769370e-01
1.259707547833769370e-01
1.259707547833769370e-01
1.259707547833769370e-01
1.259707547833769370e-01
1.259707547833769370e-01
9.848121696292976446e-04
9.848121696292976446e-04
9.848121696292976446e-04
9.848121696292976446e-04
9.848121696292976446e-04
9.848121696292976446e-04
7.905850543363460159e-02
7.905850543363460159e-02
7.905850543363460159e-02
7.905850543363460159e-02
7.905850543363460159e-02
1.911618253591804801e-03
1.911618253591804801e-03
1.911618253591804801e-03
1.911618253591804801e-03
1.911618253591804801e-03
1.911618253591804801e-03
1.911618253591804801e-03
1.911618253591804801e-03
1.911618253591804801e-03
1.911618253591804801e-03
1.911618253591804801e-03
1.911618253591804801e-03
1.805777756459105154e-02
1.805777756459105154e-02
1.805777756459105154e-02
9.484095643592815872e-03
9.484095643592815872e-03
9.484095643592815872e-03
9.484095643592815872e-03
9.484095643592815872e-03
9.484095643592815872e-03
9.484095643592815872e-03
9.484095643592815872e-03
9.484095643592815872e-03
4.832621951498736190e-03
4.832621951498736190e-03
4.832621951498736190e-03
4.832621951498736190e-03
4.832621951498736190e-03
4.832621951498736190e-03
4.832621951498736190e-03
4.832621951498736190e-03
4.832621951498736190e-03
4.832621951498736190e-03
4.832621951498736190e-03
4.832621951498736190e-03
4.832621951498736190e-03
1.577704938630027781e-02
1.577704938630027781e-02
1.577704938630027781e-02
8.761311418349590138e-03
8.761311418349590138e-03
8.761311418349590138e-03
7.487721692815429292e-03
7.487721692815429292e-03
7.487721692815429292e-03
7.487721692815429292e-03
7.487721692815429292e-03
7.487721692815429292e-03
7.487721692815429292e-03
1.976187229228240898e-03
8.149000698605815551e-03
8.149000698605815551e-03
8.149000698605815551e-03
6.630702842424761496e-03
6.630702842424761496e-03
6.630702842424761496e-03
6.630702842424761496e-03
6.630702842424761496e-03
6.630702842424761496e-03
6.630702842424761496e-03
2.761483967219897570e-02
2.761483967219897570e-02
2.761483967219897570e-02
4.828999642332715281e-03
4.828999642332715281e-03
4.828999642332715281e-03
4.828999642332715281e-03
4.828999642332715281e-03
4.828999642332715281e-03
2.733761973848226196e-02
2.733761973848226196e-02
2.733761973848226196e-02
2.733761973848226196e-02
2.733761973848226196e-02
2.733761973848226196e-02
2.733761973848226196e-02
2.733761973848226196e-02
2.733761973848226196e-02
9.729559884570429529e-03
9.729559884570429529e-03
9.729559884570429529e-03
9.729559884570429529e-03
9.729559884570429529e-03
9.729559884570429529e-03
9.729559884570429529e-03
9.729559884570429529e-03
9.729559884570429529e-03
9.729559884570429529e-03
9.729559884570429529e-03
9.729559884570429529e-03
2.816260961519201009e-02
2.816260961519201009e-02
2.816260961519201009e-02
6.196441750214949640e-03
6.196441750214949640e-03
6.196441750214949640e-03
6.045968388464317833e-02
6.045968388464317833e-02
6.045968388464317833e-02
6.045968388464317833e-02
7.627109237597663738e-02
7.627109237597663738e-02
7.627109237597663738e-02
7.627109237597663738e-02
2.089675840309058660e-02
2.089675840309058660e-02
2.089675840309058660e-02
2.089675840309058660e-02
1.434761243641470910e-02
1.434761243641470910e-02
1.434761243641470910e-02
1.434761243641470910e-02
1.434761243641470910e-02
1.434761243641470910e-02
1.434761243641470910e-02
7.065404278840364816e-02
7.065404278840364816e-02
2.782358902718839316e-02
2.782358902718839316e-02
2.782358902718839316e-02
1.895161641033237324e-02
1.895161641033237324e-02
1.895161641033237324e-02
2.340184971832225819e-02
2.340184971832225819e-02
2.340184971832225819e-02
2.541968179279782344e-02
2.541968179279782344e-02
2.541968179279782344e-02
2.541968179279782344e-02
9.365647021391144966e-02
9.365647021391144966e-02
9.365647021391144966e-02
9.365647021391144966e-02
8.335399635068457824e-02
8.335399635068457824e-02
8.335399635068457824e-02
8.335399635068457824e-02
8.335399635068457824e-02
8.335399635068457824e-02
8.335399635068457824e-02
1.165866178926974750e-02
1.165866178926974750e-02
1.165866178926974750e-02
1.165866178926974750e-02
8.041698362575508408e-02
8.041698362575508408e-02
8.041698362575508408e-02
8.041698362575508408e-02
2.525646980709651823e-02
2.525646980709651823e-02
2.525646980709651823e-02
8.925593400101794472e-03
8.925593400101794472e-03
8.925593400101794472e-03
8.925593400101794472e-03
8.925593400101794472e-03
3.095955076086418303e-02
3.095955076086418303e-02
3.095955076086418303e-02
1.030583788469795030e-02
1.030583788469795030e-02
1.030583788469795030e-02
1.030583788469795030e-02
1.030583788469795030e-02
2.360198069651005259e-02
1.138529327661930851e-02
1.138529327661930851e-02
2.930217759022251539e-02
2.930217759022251539e-02
2.930217759022251539e-02
2.930217759022251539e-02
2.930217759022251539e-02
2.930217759022251539e-02
2.930217759022251539e-02
2.930217759022251539e-02
2.930217759022251539e-02
2.930217759022251539e-02
2.930217759022251539e-02
2.068941852078794638e-05
2.068941852078794638e-05
2.068941852078794638e-05
2.068941852078794638e-05
4.284786358903947684e-02
4.284786358903947684e-02
4.284786358903947684e-02
3.614725621342110284e-02
3.614725621342110284e-02
3.614725621342110284e-02
3.614725621342110284e-02
2.058363430179113805e-03
2.058363430179113805e-03
2.058363430179113805e-03
2.058363430179113805e-03
7.690120653589372669e-03
7.690120653589372669e-03
7.690120653589372669e-03
7.690120653589372669e-03
7.690120653589372669e-03
7.690120653589372669e-03
7.690120653589372669e-03
7.690120653589372669e-03
7.690120653589372669e-03
3.068494757525383823e-02
3.068494757525383823e-02
3.068494757525383823e-02
3.068494757525383823e-02
2.522620671539690333e-03
2.522620671539690333e-03
3.047469448579914406e-02
3.047469448579914406e-02
3.047469448579914406e-02
3.047469448579914406e-02
3.047469448579914406e-02
3.047469448579914406e-02
3.047469448579914406e-02
3.047469448579914406e-02
3.047469448579914406e-02
3.047469448579914406e-02
3.047469448579914406e-02
3.016660137785153253e-02
3.016660137785153253e-02
3.016660137785153253e-02
3.016660137785153253e-02
3.016660137785153253e-02
3.016660137785153253e-02
3.016660137785153253e-02
3.016660137785153253e-02
3.016660137785153253e-02
3.016660137785153253e-02
3.016660137785153253e-02
3.016660137785153253e-02
2.319385536189328550e-02
2.319385536189328550e-02
2.319385536189328550e-02
2.319385536189328550e-02
2.319385536189328550e-02
2.319385536189328550e-02
2.319385536189328550e-02
2.319385536189328550e-02
2.319385536189328550e-02
2.319385536189328550e-02
2.319385536189328550e-02
2.319385536189328550e-02
2.319385536189328550e-02
1.966288557295627765e-02
1.966288557295627765e-02
1.966288557295627765e-02
1.966288557295627765e-02
1.966288557295627765e-02
1.755052561673358519e-02
1.755052561673358519e-02
1.755052561673358519e-02
1.755052561673358519e-02
1.755052561673358519e-02
2.297257292867399547e-02
2.297257292867399547e-02
5.421360835470441508e-02
5.421360835470441508e-02
5.421360835470441508e-02
5.421360835470441508e-02
5.421360835470441508e-02
5.421360835470441508e-02
9.895131837650273082e-04
9.895131837650273082e-04
2.761855151112300316e-02
2.761855151112300316e-02
2.761855151112300316e-02
2.761855151112300316e-02
2.761855151112300316e-02
2.761855151112300316e-02
2.918772529901893231e-02
2.918772529901893231e-02
2.918772529901893231e-02
2.918772529901893231e-02
2.918772529901893231e-02
2.918772529901893231e-02
2.918772529901893231e-02
1.669366506759192847e-02
1.669366506759192847e-02
1.669366506759192847e-02
2.876124862294393222e-02
7.649829516800053623e-03
7.649829516800053623e-03
7.649829516800053623e-03
3.061614839412433661e-02
3.061614839412433661e-02
3.061614839412433661e-02
3.061614839412433661e-02
3.061614839412433661e-02
3.061614839412433661e-02
2.324372121276657016e-02
2.324372121276657016e-02
2.324372121276657016e-02
2.324372121276657016e-02
2.324372121276657016e-02
2.324372121276657016e-02
2.324372121276657016e-02
3.284702223523134484e-02
3.284702223523134484e-02
3.284702223523134484e-02
5.701852755812895912e-02
5.701852755812895912e-02
5.701852755812895912e-02
5.701852755812895912e-02
5.701852755812895912e-02
2.420699439462266692e-02
1.146656606559186102e-02
1.146656606559186102e-02
5.572251801246871222e-02
5.572251801246871222e-02
5.572251801246871222e-02
5.572251801246871222e-02
5.572251801246871222e-02
5.572251801246871222e-02
1.953771001392990911e-02
1.953771001392990911e-02
1.953771001392990911e-02
1.953771001392990911e-02
1.953771001392990911e-02
1.953771001392990911e-02
1.953771001392990911e-02
1.953771001392990911e-02
1.953771001392990911e-02
3.182923359794298523e-02
3.182923359794298523e-02
3.182923359794298523e-02
3.182923359794298523e-02
3.182923359794298523e-02
3.182923359794298523e-02
3.182923359794298523e-02
3.182923359794298523e-02
3.182923359794298523e-02
3.182923359794298523e-02
1.394564885858383396e-02
1.394564885858383396e-02
7.618618472235132166e-02
5.534519289676461534e-02
5.534519289676461534e-02
3.868453760867016089e-02
1.812230713656719228e-02
1.812230713656719228e-02
2.989721965340836826e-02
2.989721965340836826e-02
2.989721965340836826e-02
2.989721965340836826e-02
2.989721965340836826e-02
7.320184225973209308e-03
1.677504010802685283e-02
1.677504010802685283e-02
1.677504010802685283e-02
1.677504010802685283e-02
1.677504010802685283e-02
1.677504010802685283e-02
1.677504010802685283e-02
1.677504010802685283e-02
1.677504010802685283e-02
1.677504010802685283e-02
1.677504010802685283e-02
1.677504010802685283e-02
1.677504010802685283e-02
1.677504010802685283e-02
1.677504010802685283e-02
1.717472476197721976e-02
1.717472476197721976e-02
1.717472476197721976e-02
1.717472476197721976e-02
1.717472476197721976e-02
1.717472476197721976e-02
1.717472476197721976e-02
1.717472476197721976e-02
1.635834761273703350e-02
1.635834761273703350e-02
1.635834761273703350e-02
1.635834761273703350e-02
1.635834761273703350e-02
1.635834761273703350e-02
1.635834761273703350e-02
6.599396261695859855e-03
1.823265892413414996e-02
1.823265892413414996e-02
1.823265892413414996e-02
1.823265892413414996e-02
1.823265892413414996e-02
1.823265892413414996e-02
1.823265892413414996e-02
1.823265892413414996e-02
1.823265892413414996e-02
1.823265892413414996e-02
1.823265892413414996e-02
1.823265892413414996e-02
1.823265892413414996e-02
1.823265892413414996e-02
1.823265892413414996e-02
1.823265892413414996e-02
6.451551433235842847e-03
6.451551433235842847e-03
6.451551433235842847e-03
4.476239595668628224e-02
4.476239595668628224e-02
4.476239595668628224e-02
4.476239595668628224e-02
4.476239595668628224e-02
4.476239595668628224e-02
4.476239595668628224e-02
4.476239595668628224e-02
4.476239595668628224e-02
5.636028327521006714e-02
8.766771709087496645e-02
8.766771709087496645e-02
2.831857095844639641e-02
2.831857095844639641e-02
2.831857095844639641e-02
2.831857095844639641e-02
1.364257284218567921e-02
1.524424304072122260e-02
1.524424304072122260e-02
1.524424304072122260e-02
1.524424304072122260e-02
2.946589767694543852e-02
2.946589767694543852e-02
2.946589767694543852e-02
2.946589767694543852e-02
2.946589767694543852e-02
2.946589767694543852e-02
2.946589767694543852e-02
2.946589767694543852e-02
2.946589767694543852e-02
2.946589767694543852e-02
2.946589767694543852e-02
3.356207941683322926e-02
3.356207941683322926e-02
3.356207941683322926e-02
3.356207941683322926e-02
3.114323871817648720e-02
3.114323871817648720e-02
3.114323871817648720e-02
3.114323871817648720e-02
3.114323871817648720e-02
3.114323871817648720e-02
3.114323871817648720e-02
3.114323871817648720e-02
3.114323871817648720e-02
3.114323871817648720e-02
3.114323871817648720e-02
3.114323871817648720e-02
8.775358243056945173e-02
4.034350093629439360e-02
4.034350093629439360e-02
8.922060391972090609e-02
8.922060391972090609e-02
1.737264646118831524e-02
1.737264646118831524e-02
1.737264646118831524e-02
1.737264646118831524e-02
6.745163341546702579e-03
6.745163341546702579e-03
6.745163341546702579e-03
6.745163341546702579e-03
2.706283853625935862e-02
2.706283853625935862e-02
2.706283853625935862e-02
2.706283853625935862e-02
1.976177328590834545e-02
1.976177328590834545e-02
1.976177328590834545e-02
1.976177328590834545e-02
1.976177328590834545e-02
3.520770113166651720e-03
3.520770113166651720e-03
3.520770113166651720e-03
3.520770113166651720e-03
1.946888160909625645e-02
1.946888160909625645e-02
1.946888160909625645e-02
1.946888160909625645e-02
3.309902604764550921e-02
3.309902604764550921e-02
3.309902604764550921e-02
3.309902604764550921e-02
3.309902604764550921e-02
3.309902604764550921e-02
3.309902604764550921e-02
3.309902604764550921e-02
3.309902604764550921e-02
3.309902604764550921e-02
3.309902604764550921e-02
3.309902604764550921e-02
3.309902604764550921e-02
2.018811932134357418e-02
2.018811932134357418e-02
2.018811932134357418e-02
2.018811932134357418e-02
2.018811932134357418e-02
2.018811932134357418e-02
2.018811932134357418e-02
2.018811932134357418e-02
2.018811932134357418e-02
2.018811932134357418e-02
2.018811932134357418e-02
1.482023321365473142e-02
1.482023321365473142e-02
1.482023321365473142e-02
1.482023321365473142e-02
1.482023321365473142e-02
1.482023321365473142e-02
1.482023321365473142e-02
1.482023321365473142e-02
1.482023321365473142e-02
1.482023321365473142e-02
1.482023321365473142e-02
2.096553750270896410e-02
2.096553750270896410e-02
2.096553750270896410e-02
2.096553750270896410e-02
2.096553750270896410e-02
1.007883077570204816e-02
1.007883077570204816e-02
1.007883077570204816e-02
1.007883077570204816e-02
1.007883077570204816e-02
1.007883077570204816e-02
2.417730849970211107e-02
2.417730849970211107e-02
2.417730849970211107e-02
2.515843903844350998e-02
2.515843903844350998e-02
2.515843903844350998e-02
2.515843903844350998e-02
3.668421942959848581e-02
3.668421942959848581e-02
3.668421942959848581e-02
3.668421942959848581e-02
3.668421942959848581e-02
3.668421942959848581e-02
3.668421942959848581e-02
3.668421942959848581e-02
2.874452930263013059e-02
2.874452930263013059e-02
2.874452930263013059e-02
2.874452930263013059e-02
2.874452930263013059e-02
2.874452930263013059e-02
7.555887765203141149e-03
7.555887765203141149e-03
7.555887765203141149e-03
7.555887765203141149e-03
7.555887765203141149e-03
7.555887765203141149e-03
7.555887765203141149e-03
1.782060501399780963e-02
1.782060501399780963e-02
1.782060501399780963e-02
1.782060501399780963e-02
1.782060501399780963e-02
3.404655908550475660e-03
3.404655908550475660e-03
3.404655908550475660e-03
3.404655908550475660e-03
3.404655908550475660e-03
3.404655908550475660e-03
1.923528555049824548e-02
1.923528555049824548e-02
1.923528555049824548e-02
1.923528555049824548e-02
1.923528555049824548e-02
1.923528555049824548e-02
1.624221644774408169e-02
1.624221644774408169e-02
1.624221644774408169e-02
2.228044881193729648e-02
2.228044881193729648e-02
2.228044881193729648e-02
2.228044881193729648e-02
2.228044881193729648e-02
1.374187639209330236e-02
1.374187639209330236e-02
1.374187639209330236e-02
1.374187639209330236e-02
3.358291940776982759e-02
3.358291940776982759e-02
3.358291940776982759e-02
3.669795232935992024e-02
3.669795232935992024e-02
3.669795232935992024e-02
3.669795232935992024e-02
1.418299705781403929e-02
1.418299705781403929e-02
1.418299705781403929e-02
1.418299705781403929e-02
1.098683512399963903e-02
1.098683512399963903e-02
1.098683512399963903e-02
1.098683512399963903e-02
1.098683512399963903e-02
1.098683512399963903e-02
1.098683512399963903e-02
1.098683512399963903e-02
1.098683512399963903e-02
1.098683512399963903e-02
1.098683512399963903e-02
1.098683512399963903e-02
1.098683512399963903e-02
1.098683512399963903e-02
1.098683512399963903e-02
1.098683512399963903e-02
1.098683512399963903e-02
1.098683512399963903e-02
1.098683512399963903e-02
1.098683512399963903e-02
3.310900647069865699e-02
3.310900647069865699e-02
3.310900647069865699e-02
3.310900647069865699e-02
3.310900647069865699e-02
3.310900647069865699e-02
3.310900647069865699e-02
1.129451982847026460e-04
1.129451982847026460e-04
1.129451982847026460e-04
1.129451982847026460e-04
1.129451982847026460e-04
1.129451982847026460e-04
1.125158674752432982e-02
1.125158674752432982e-02
1.125158674752432982e-02
1.125158674752432982e-02
1.125158674752432982e-02
2.532585981741964157e-02
2.532585981741964157e-02
2.532585981741964157e-02
5.476862276107203470e-02
5.476862276107203470e-02
5.476862276107203470e-02
5.476862276107203470e-02
5.476862276107203470e-02
5.476862276107203470e-02
3.490308787689518077e-02
3.490308787689518077e-02
3.490308787689518077e-02
3.490308787689518077e-02
3.490308787689518077e-02
3.490308787689518077e-02
3.490308787689518077e-02
3.490308787689518077e-02
3.490308787689518077e-02
3.490308787689518077e-02
3.490308787689518077e-02
3.490308787689518077e-02
3.490308787689518077e-02
3.490308787689518077e-02
3.490308787689518077e-02
3.490308787689518077e-02
3.490308787689518077e-02
5.913837659674645031e-02
5.913837659674645031e-02
5.913837659674645031e-02
5.913837659674645031e-02
5.913837659674645031e-02
5.913837659674645031e-02
5.797987106591242362e-02
5.797987106591242362e-02
5.797987106591242362e-02
5.797987106591242362e-02
5.797987106591242362e-02
1.061809501903081265e-02
1.061809501903081265e-02
1.061809501903081265e-02
1.061809501903081265e-02
1.061809501903081265e-02
1.061809501903081265e-02
1.061809501903081265e-02
1.061809501903081265e-02
1.061809501903081265e-02
1.278750079213956600e-02
1.278750079213956600e-02
1.278750079213956600e-02
3.300345405250154716e-04
3.300345405250154716e-04
3.300345405250154716e-04
3.300345405250154716e-04
9.554955779383067158e-03
9.554955779383067158e-03
9.554955779383067158e-03
1.465482327378999500e-02
1.465482327378999500e-02
1.465482327378999500e-02
1.465482327378999500e-02
2.209228121308195666e-02
2.209228121308195666e-02
2.209228121308195666e-02
2.209228121308195666e-02
2.209228121308195666e-02
2.209228121308195666e-02
2.209228121308195666e-02
2.209228121308195666e-02
1.675450124945981195e-02
1.675450124945981195e-02
1.675450124945981195e-02
1.675450124945981195e-02
1.675450124945981195e-02
1.675450124945981195e-02
1.675450124945981195e-02
1.675450124945981195e-02
1.675450124945981195e-02
2.275203873947504590e-02
2.275203873947504590e-02
2.275203873947504590e-02
1.252196685559954156e-02
2.317766241793064314e-02
2.317766241793064314e-02
1.855397212016232991e-02
1.855397212016232991e-02
1.855397212016232991e-02
1.855397212016232991e-02
1.855397212016232991e-02
1.855397212016232991e-02
1.855397212016232991e-02
2.020290022255481072e-02
2.020290022255481072e-02
2.020290022255481072e-02
2.020290022255481072e-02
2.020290022255481072e-02
2.020290022255481072e-02
2.020290022255481072e-02
2.020290022255481072e-02
1.904984244661656057e-02
1.904984244661656057e-02
1.904984244661656057e-02
1.904984244661656057e-02
1.904984244661656057e-02
1.904984244661656057e-02
1.904984244661656057e-02
5.767699761525341313e-03
5.767699761525341313e-03
5.767699761525341313e-03
5.767699761525341313e-03
5.767699761525341313e-03
5.767699761525341313e-03
3.253333239440615518e-03
3.253333239440615518e-03
3.253333239440615518e-03
3.253333239440615518e-03
1.327053331538441926e-02
1.327053331538441926e-02
1.327053331538441926e-02
1.327053331538441926e-02
1.219245275981313027e-02
1.219245275981313027e-02
1.219245275981313027e-02
1.219245275981313027e-02
2.810644129301248517e-02
2.810644129301248517e-02
2.810644129301248517e-02
3.414903515550647695e-02
3.414903515550647695e-02
3.414903515550647695e-02
3.414903515550647695e-02
3.414903515550647695e-02
3.414903515550647695e-02
3.414903515550647695e-02
3.414903515550647695e-02
3.414903515550647695e-02
3.414903515550647695e-02
3.414903515550647695e-02
3.414903515550647695e-02
3.414903515550647695e-02
2.796333494882223894e-02
2.796333494882223894e-02
2.796333494882223894e-02
2.796333494882223894e-02
2.796333494882223894e-02
2.796333494882223894e-02
2.796333494882223894e-02
2.796333494882223894e-02
2.796333494882223894e-02
2.796333494882223894e-02
2.796333494882223894e-02
2.370552564666939324e-02
2.370552564666939324e-02
2.370552564666939324e-02
2.370552564666939324e-02
2.370552564666939324e-02
2.370552564666939324e-02
2.370552564666939324e-02
2.370552564666939324e-02
2.370552564666939324e-02
2.370552564666939324e-02
2.370552564666939324e-02
2.370552564666939324e-02
9.429845707647325354e-03
9.429845707647325354e-03
9.429845707647325354e-03
9.429845707647325354e-03
9.429845707647325354e-03
9.429845707647325354e-03
9.429845707647325354e-03
6.030210564136274411e-03
6.030210564136274411e-03
6.030210564136274411e-03
6.030210564136274411e-03
1.864223186332748458e-02
1.864223186332748458e-02
1.864223186332748458e-02
1.864223186332748458e-02
6.181661575367485180e-03
6.181661575367485180e-03
6.181661575367485180e-03
6.181661575367485180e-03
6.181661575367485180e-03
4.661233062942184840e-02
4.661233062942184840e-02
4.661233062942184840e-02
1.046785659450574259e-02
1.046785659450574259e-02
1.046785659450574259e-02
1.046785659450574259e-02
1.046785659450574259e-02
1.046785659450574259e-02
1.046785659450574259e-02
1.046785659450574259e-02
1.046785659450574259e-02
1.046785659450574259e-02
2.309155749345278077e-02
2.309155749345278077e-02
2.309155749345278077e-02
2.309155749345278077e-02
2.309155749345278077e-02
2.309155749345278077e-02
2.309155749345278077e-02
2.309155749345278077e-02
2.309155749345278077e-02
2.309155749345278077e-02
2.309155749345278077e-02
2.309155749345278077e-02
8.127491501365646798e-02
8.127491501365646798e-02
8.127491501365646798e-02
1.029990450907012321e-02
1.029990450907012321e-02
1.029990450907012321e-02
1.029990450907012321e-02
2.198007767017327516e-02
2.198007767017327516e-02
2.198007767017327516e-02
2.198007767017327516e-02
5.422153560447625503e-02
5.422153560447625503e-02
5.422153560447625503e-02
5.422153560447625503e-02
5.422153560447625503e-02
5.791873079221908881e-03
5.791873079221908881e-03
5.791873079221908881e-03
5.791873079221908881e-03
5.791873079221908881e-03
5.791873079221908881e-03
5.791873079221908881e-03
5.791873079221908881e-03
5.791873079221908881e-03
5.791873079221908881e-03
5.791873079221908881e-03
5.791873079221908881e-03
5.791873079221908881e-03
5.791873079221908881e-03
5.791873079221908881e-03
5.791873079221908881e-03
5.791873079221908881e-03
5.791873079221908881e-03
3.472820883526334806e-02
3.472820883526334806e-02
3.472820883526334806e-02
3.472820883526334806e-02
3.472820883526334806e-02
3.472820883526334806e-02
3.472820883526334806e-02
5.625922351809170552e-02
5.625922351809170552e-02
5.625922351809170552e-02
3.579563507581292464e-02
3.579563507581292464e-02
3.579563507581292464e-02
3.579563507581292464e-02
3.579563507581292464e-02
3.579563507581292464e-02
3.579563507581292464e-02
3.579563507581292464e-02
9.188594894102054128e-03
9.188594894102054128e-03
2.251974547057460432e-02
2.251974547057460432e-02
2.251974547057460432e-02
2.251974547057460432e-02
2.251974547057460432e-02
2.251974547057460432e-02
2.251974547057460432e-02
2.251974547057460432e-02
2.251974547057460432e-02
2.251974547057460432e-02
2.251974547057460432e-02
2.251974547057460432e-02
1.280422767402471587e-02
1.280422767402471587e-02
1.280422767402471587e-02
1.280422767402471587e-02
1.280422767402471587e-02
1.280422767402471587e-02
1.280422767402471587e-02
1.280422767402471587e-02
1.280422767402471587e-02
1.280422767402471587e-02
1.280422767402471587e-02
1.280422767402471587e-02
1.280422767402471587e-02
8.495187025093065003e-02
8.495187025093065003e-02
8.495187025093065003e-02
8.495187025093065003e-02
2.029116539113626563e-02
2.029116539113626563e-02
2.029116539113626563e-02
2.029116539113626563e-02
2.029116539113626563e-02
2.029116539113626563e-02
2.029116539113626563e-02
2.029116539113626563e-02
2.029116539113626563e-02
2.029116539113626563e-02
2.029116539113626563e-02
1.779549843430953959e-02
1.779549843430953959e-02
1.779549843430953959e-02
2.609623656517598075e-02
2.609623656517598075e-02
2.609623656517598075e-02
2.609623656517598075e-02
2.609623656517598075e-02
3.130560625255662116e-02
3.130560625255662116e-02
3.130560625255662116e-02
3.130560625255662116e-02
3.130560625255662116e-02
3.130560625255662116e-02
3.403255426569917058e-02
3.403255426569917058e-02
3.403255426569917058e-02
3.403255426569917058e-02
3.403255426569917058e-02
3.403255426569917058e-02
3.403255426569917058e-02
4.003522121041173248e-02
4.003522121041173248e-02
7.010693738353285243e-02
7.010693738353285243e-02
7.010693738353285243e-02
7.010693738353285243e-02
7.010693738353285243e-02
7.010693738353285243e-02
7.010693738353285243e-02
2.549621056929900209e-02
2.549621056929900209e-02
2.549621056929900209e-02
2.549621056929900209e-02
6.876091435009730468e-02
6.876091435009730468e-02
6.876091435009730468e-02
6.876091435009730468e-02
6.876091435009730468e-02
6.876091435009730468e-02
6.876091435009730468e-02
3.212760678658053287e-02
3.212760678658053287e-02
3.212760678658053287e-02
3.212760678658053287e-02
3.212760678658053287e-02
3.212760678658053287e-02
1.776396179309639584e-02
1.776396179309639584e-02
1.776396179309639584e-02
1.776396179309639584e-02
6.718482374751712097e-04
1.593536309759709460e-02
1.593536309759709460e-02
1.593536309759709460e-02
1.210914199821221289e-02
1.210914199821221289e-02
1.210914199821221289e-02
1.210914199821221289e-02
1.210914199821221289e-02
1.876127274989942625e-02
1.876127274989942625e-02
1.876127274989942625e-02
1.876127274989942625e-02
1.876127274989942625e-02
1.876127274989942625e-02
1.876127274989942625e-02
1.876127274989942625e-02
1.876127274989942625e-02
1.876127274989942625e-02
1.876127274989942625e-02
1.876127274989942625e-02
1.876127274989942625e-02
1.876127274989942625e-02
3.512493363720072502e-03
3.512493363720072502e-03
3.512493363720072502e-03
3.512493363720072502e-03
3.512493363720072502e-03
3.512493363720072502e-03
3.512493363720072502e-03
7.703639947651548352e-03
7.703639947651548352e-03
7.703639947651548352e-03
7.703639947651548352e-03
7.703639947651548352e-03
7.703639947651548352e-03
4.572434753149728914e-02
4.572434753149728914e-02
4.572434753149728914e-02
4.572434753149728914e-02
4.572434753149728914e-02
4.572434753149728914e-02
2.602224675365147691e-02
2.602224675365147691e-02
2.602224675365147691e-02
2.602224675365147691e-02
2.602224675365147691e-02
1.219893009623068507e-03
1.219893009623068507e-03
1.219893009623068507e-03
3.396133558452211522e-03
3.396133558452211522e-03
3.396133558452211522e-03
3.396133558452211522e-03
1.383495346480743612e-02
1.383495346480743612e-02
1.383495346480743612e-02
2.860504423519150477e-02
2.860504423519150477e-02
2.860504423519150477e-02
2.860504423519150477e-02
2.860504423519150477e-02
2.860504423519150477e-02
2.860504423519150477e-02
2.860504423519150477e-02
2.860504423519150477e-02
2.860504423519150477e-02
2.860504423519150477e-02
2.860504423519150477e-02
2.860504423519150477e-02
2.860504423519150477e-02
2.862975282189235415e-02
2.862975282189235415e-02
2.862975282189235415e-02
2.862975282189235415e-02
2.862975282189235415e-02
2.862975282189235415e-02
2.862975282189235415e-02
2.862975282189235415e-02
2.862975282189235415e-02
2.862975282189235415e-02
2.862975282189235415e-02
2.862975282189235415e-02
2.714445244899372015e-02
2.714445244899372015e-02
2.714445244899372015e-02
2.714445244899372015e-02
2.714445244899372015e-02
2.714445244899372015e-02
2.714445244899372015e-02
2.714445244899372015e-02
2.714445244899372015e-02
2.714445244899372015e-02
2.714445244899372015e-02
2.714445244899372015e-02
2.714445244899372015e-02
3.134358857147389373e-03
3.134358857147389373e-03
3.134358857147389373e-03
4.955722461354916588e-04
4.955722461354916588e-04
4.955722461354916588e-04
4.955722461354916588e-04
4.955722461354916588e-04
4.955722461354916588e-04
4.620641444823549854e-02
4.620641444823549854e-02
4.620641444823549854e-02
4.620641444823549854e-02
4.620641444823549854e-02
4.620641444823549854e-02
4.620641444823549854e-02
3.421242677247168795e-02
3.421242677247168795e-02
3.421242677247168795e-02
3.421242677247168795e-02
3.421242677247168795e-02
3.421242677247168795e-02
3.421242677247168795e-02
3.421242677247168795e-02
3.421242677247168795e-02
3.421242677247168795e-02
3.421242677247168795e-02
3.421242677247168795e-02
3.421242677247168795e-02
3.421242677247168795e-02
3.421242677247168795e-02
3.421242677247168795e-02
3.421242677247168795e-02
3.421242677247168795e-02
3.421242677247168795e-02
3.421242677247168795e-02
3.421242677247168795e-02
2.016456173895014858e-02
4.192544144097572895e-02
4.192544144097572895e-02
4.192544144097572895e-02
4.192544144097572895e-02
3.513736566585635296e-02
3.513736566585635296e-02
3.513736566585635296e-02
3.513736566585635296e-02
3.513736566585635296e-02
3.513736566585635296e-02
3.513736566585635296e-02
3.513736566585635296e-02
3.513736566585635296e-02
3.513736566585635296e-02
3.513736566585635296e-02
3.513736566585635296e-02
3.513736566585635296e-02
3.513736566585635296e-02
3.513736566585635296e-02
3.513736566585635296e-02
3.513736566585635296e-02
3.513736566585635296e-02
3.513736566585635296e-02
3.513736566585635296e-02
3.513736566585635296e-02
3.513736566585635296e-02
3.460598212044338484e-02
3.460598212044338484e-02
3.460598212044338484e-02
3.460598212044338484e-02
3.460598212044338484e-02
3.460598212044338484e-02
3.460598212044338484e-02
3.460598212044338484e-02
3.460598212044338484e-02
3.460598212044338484e-02
3.460598212044338484e-02
3.460598212044338484e-02
3.460598212044338484e-02
3.460598212044338484e-02
3.460598212044338484e-02
3.460598212044338484e-02
3.460598212044338484e-02
3.460598212044338484e-02
3.460598212044338484e-02
3.460598212044338484e-02
3.460598212044338484e-02
3.460598212044338484e-02
3.327121807965236627e-02
3.327121807965236627e-02
3.327121807965236627e-02
3.327121807965236627e-02
3.327121807965236627e-02
3.327121807965236627e-02
3.327121807965236627e-02
3.327121807965236627e-02
3.327121807965236627e-02
3.327121807965236627e-02
3.327121807965236627e-02
3.327121807965236627e-02
3.327121807965236627e-02
3.327121807965236627e-02
3.327121807965236627e-02
3.327121807965236627e-02
3.327121807965236627e-02
3.327121807965236627e-02
3.327121807965236627e-02
3.327121807965236627e-02
2.054464821602496744e-02
3.649743623921528068e-02
3.649743623921528068e-02
3.649743623921528068e-02
3.649743623921528068e-02
3.649743623921528068e-02
2.058232221611005705e-02
3.835261060004539063e-02
3.835261060004539063e-02
3.835261060004539063e-02
3.835261060004539063e-02
3.835261060004539063e-02
3.475819192731700175e-02
3.475819192731700175e-02
3.475819192731700175e-02
3.475819192731700175e-02
3.475819192731700175e-02
3.475819192731700175e-02
3.475819192731700175e-02
1.496412006121091397e-02
1.496412006121091397e-02
1.496412006121091397e-02
1.496412006121091397e-02
1.496412006121091397e-02
1.496412006121091397e-02
1.496412006121091397e-02
1.496412006121091397e-02
1.787919587594412330e-02
1.787919587594412330e-02
1.787919587594412330e-02
1.787919587594412330e-02
1.787919587594412330e-02
1.787919587594412330e-02
1.787919587594412330e-02
1.787919587594412330e-02
1.787919587594412330e-02
1.787919587594412330e-02
1.787919587594412330e-02
1.787919587594412330e-02
1.787919587594412330e-02
1.787919587594412330e-02
1.787919587594412330e-02
4.467687603632141541e-02
4.467687603632141541e-02
4.467687603632141541e-02
4.467687603632141541e-02
4.467687603632141541e-02
4.467687603632141541e-02
4.467687603632141541e-02
4.467687603632141541e-02
1.488336155413222672e-01
1.488336155413222672e-01
1.488336155413222672e-01
1.488336155413222672e-01
1.015027575811186383e-01
1.204964548741133540e-01
1.204964548741133540e-01
1.928288371757994188e-03
1.928288371757994188e-03
1.928288371757994188e-03
1.928288371757994188e-03
1.928288371757994188e-03
1.928288371757994188e-03
1.928288371757994188e-03
1.928288371757994188e-03
1.928288371757994188e-03
1.928288371757994188e-03
1.928288371757994188e-03
1.928288371757994188e-03
1.692850931988956059e-02
1.692850931988956059e-02
1.692850931988956059e-02
1.692850931988956059e-02
1.692850931988956059e-02
1.692850931988956059e-02
1.692850931988956059e-02
1.692850931988956059e-02
2.073346826275886123e-02
3.641360832457016944e-02
3.641360832457016944e-02
3.641360832457016944e-02
3.641360832457016944e-02
3.641360832457016944e-02
2.037633996513844512e-02
4.252394177468190456e-02
4.252394177468190456e-02
4.252394177468190456e-02
4.252394177468190456e-02
3.834871966624484041e-02
3.834871966624484041e-02
3.834871966624484041e-02
3.834871966624484041e-02
3.834871966624484041e-02
3.834871966624484041e-02
3.303112541376567596e-02
3.303112541376567596e-02
3.303112541376567596e-02
3.303112541376567596e-02
3.303112541376567596e-02
3.303112541376567596e-02
3.303112541376567596e-02
3.303112541376567596e-02
3.303112541376567596e-02
3.303112541376567596e-02
3.303112541376567596e-02
3.303112541376567596e-02
3.303112541376567596e-02
3.303112541376567596e-02
3.303112541376567596e-02
3.303112541376567596e-02
3.303112541376567596e-02
3.303112541376567596e-02
3.303112541376567596e-02
3.303112541376567596e-02
3.303112541376567596e-02
3.303112541376567596e-02
3.338821574467652070e-02
3.338821574467652070e-02
3.338821574467652070e-02
3.338821574467652070e-02
3.338821574467652070e-02
3.338821574467652070e-02
3.338821574467652070e-02
3.338821574467652070e-02
3.338821574467652070e-02
3.338821574467652070e-02
3.338821574467652070e-02
3.338821574467652070e-02
3.338821574467652070e-02
3.338821574467652070e-02
3.338821574467652070e-02
3.338821574467652070e-02
3.338821574467652070e-02
3.338821574467652070e-02
3.338821574467652070e-02
3.338821574467652070e-02
3.338821574467652070e-02
2.698968612983222021e-02
2.698968612983222021e-02
2.698968612983222021e-02
2.698968612983222021e-02
2.698968612983222021e-02
2.698968612983222021e-02
4.566010008166464240e-02
4.566010008166464240e-02
4.566010008166464240e-02
4.566010008166464240e-02
4.566010008166464240e-02
4.566010008166464240e-02
2.859086899880911026e-02
2.859086899880911026e-02
2.859086899880911026e-02
2.859086899880911026e-02
2.859086899880911026e-02
3.673557236348370166e-03
3.673557236348370166e-03
3.673557236348370166e-03
3.673557236348370166e-03
3.673557236348370166e-03
3.673557236348370166e-03
3.673557236348370166e-03
1.379303276459028886e-02
1.379303276459028886e-02
1.379303276459028886e-02
1.379303276459028886e-02
1.379303276459028886e-02
1.379303276459028886e-02
5.485775235058481386e-03
5.485775235058481386e-03
5.485775235058481386e-03
5.485775235058481386e-03
2.600388136940605388e-02
2.600388136940605388e-02
2.600388136940605388e-02
2.600388136940605388e-02
2.600388136940605388e-02
2.600388136940605388e-02
2.600388136940605388e-02
2.600388136940605388e-02
2.600388136940605388e-02
2.600388136940605388e-02
2.600388136940605388e-02
2.600388136940605388e-02
2.600388136940605388e-02
4.485153357172708827e-02
2.263087773252345572e-02
2.263087773252345572e-02
2.263087773252345572e-02
2.263087773252345572e-02
2.263087773252345572e-02
2.263087773252345572e-02
2.263087773252345572e-02
1.241644639585131249e-03
1.241644639585131249e-03
1.241644639585131249e-03
1.241644639585131249e-03
4.345544508657081854e-04
4.345544508657081854e-04
4.345544508657081854e-04
2.521261253675332269e-04
2.521261253675332269e-04
2.521261253675332269e-04
2.521261253675332269e-04
2.674809580824647273e-03
2.674809580824647273e-03
2.776931565349419206e-02
2.776931565349419206e-02
2.776931565349419206e-02
2.776931565349419206e-02
2.776931565349419206e-02
2.776931565349419206e-02
2.776931565349419206e-02
2.060313818273627404e-02
2.060313818273627404e-02
2.060313818273627404e-02
2.060313818273627404e-02
2.060313818273627404e-02
2.060313818273627404e-02
2.060313818273627404e-02
2.060313818273627404e-02
2.060313818273627404e-02
2.060313818273627404e-02
2.060313818273627404e-02
2.060313818273627404e-02
2.060313818273627404e-02
2.060313818273627404e-02
2.060313818273627404e-02
2.060313818273627404e-02
3.894530525030132431e-03
3.894530525030132431e-03
3.894530525030132431e-03
1.445968777895513188e-02
1.445968777895513188e-02
1.445968777895513188e-02
1.445968777895513188e-02
1.445968777895513188e-02
1.445968777895513188e-02
1.727251330132206081e-02
1.727251330132206081e-02
1.727251330132206081e-02
5.564939589938670828e-02
5.564939589938670828e-02
5.564939589938670828e-02
6.742029258507292733e-02
6.742029258507292733e-02
6.742029258507292733e-02
6.742029258507292733e-02
6.742029258507292733e-02
6.742029258507292733e-02
3.160624628158679311e-02
3.160624628158679311e-02
3.160624628158679311e-02
3.160624628158679311e-02
3.160624628158679311e-02
3.160624628158679311e-02
3.160624628158679311e-02
2.791273639345214982e-02
2.791273639345214982e-02
2.791273639345214982e-02
2.791273639345214982e-02
2.791273639345214982e-02
2.791273639345214982e-02
2.396558913212180550e-02
2.396558913212180550e-02
2.396558913212180550e-02
2.396558913212180550e-02
2.396558913212180550e-02
1.444342828861120039e-02
1.444342828861120039e-02
1.444342828861120039e-02
1.444342828861120039e-02
1.444342828861120039e-02
1.444342828861120039e-02
1.444342828861120039e-02
1.444342828861120039e-02
1.444342828861120039e-02
1.444342828861120039e-02
1.444342828861120039e-02
1.444342828861120039e-02
1.444342828861120039e-02
1.444342828861120039e-02
1.444342828861120039e-02
1.765562849158122324e-02
1.765562849158122324e-02
3.234381173506985230e-02
3.234381173506985230e-02
3.234381173506985230e-02
3.234381173506985230e-02
3.234381173506985230e-02
3.234381173506985230e-02
3.234381173506985230e-02
3.234381173506985230e-02
3.234381173506985230e-02
3.234381173506985230e-02
3.234381173506985230e-02
3.234381173506985230e-02
4.163008040347560695e-02
4.163008040347560695e-02
4.163008040347560695e-02
4.109391438797721507e-02
4.109391438797721507e-02
4.109391438797721507e-02
4.109391438797721507e-02
4.109391438797721507e-02
4.109391438797721507e-02
4.109391438797721507e-02
4.263121006654475506e-03
4.263121006654475506e-03
4.263121006654475506e-03
4.263121006654475506e-03
2.137499442108408559e-02
2.137499442108408559e-02
2.137499442108408559e-02
2.126859495631241992e-02
2.126859495631241992e-02
2.126859495631241992e-02
2.126859495631241992e-02
2.126859495631241992e-02
1.742804240301172244e-02
1.742804240301172244e-02
1.742804240301172244e-02
1.742804240301172244e-02
1.742804240301172244e-02
1.742804240301172244e-02
1.742804240301172244e-02
1.742804240301172244e-02
1.742804240301172244e-02
1.742804240301172244e-02
1.742804240301172244e-02
1.742804240301172244e-02
1.742804240301172244e-02
2.548187258030248231e-02
2.548187258030248231e-02
2.548187258030248231e-02
2.548187258030248231e-02
2.548187258030248231e-02
2.548187258030248231e-02
2.548187258030248231e-02
2.548187258030248231e-02
2.548187258030248231e-02
2.548187258030248231e-02
2.548187258030248231e-02
2.548187258030248231e-02
4.747572909448260006e-03
4.747572909448260006e-03
4.747572909448260006e-03
4.747572909448260006e-03
4.747572909448260006e-03
5.349824752562538565e-11
5.349824752562538565e-11
5.349824752562538565e-11
3.819917361648421210e-03
3.819917361648421210e-03
3.819917361648421210e-03
1.485818916475052827e-02
1.485818916475052827e-02
1.485818916475052827e-02
2.073048455034927351e-02
2.073048455034927351e-02
2.073048455034927351e-02
2.073048455034927351e-02
2.073048455034927351e-02
2.073048455034927351e-02
2.073048455034927351e-02
2.073048455034927351e-02
2.073048455034927351e-02
1.640322510353156571e-02
1.640322510353156571e-02
1.640322510353156571e-02
1.640322510353156571e-02
1.640322510353156571e-02
1.640322510353156571e-02
1.640322510353156571e-02
1.640322510353156571e-02
3.179885192241185127e-02
3.179885192241185127e-02
3.179885192241185127e-02
3.179885192241185127e-02
3.179885192241185127e-02
3.179885192241185127e-02
3.179885192241185127e-02
3.179885192241185127e-02
3.179885192241185127e-02
3.179885192241185127e-02
3.179885192241185127e-02
3.179885192241185127e-02
3.179885192241185127e-02
2.135761481683581126e-02
2.135761481683581126e-02
2.135761481683581126e-02
4.061903787491285417e-02
4.061903787491285417e-02
4.061903787491285417e-02
1.364937358617360381e-02
2.475583190464482677e-02
2.475583190464482677e-02
1.032045023889274424e-02
1.032045023889274424e-02
1.032045023889274424e-02
1.032045023889274424e-02
1.342782082933587778e-02
1.342782082933587778e-02
1.342782082933587778e-02
3.732954802330617551e-04
3.732954802330617551e-04
3.732954802330617551e-04
2.122128251055279552e-02
2.122128251055279552e-02
2.122128251055279552e-02
2.122128251055279552e-02
2.122128251055279552e-02
2.122128251055279552e-02
2.122128251055279552e-02
2.122128251055279552e-02
2.206849715186220279e-02
2.206849715186220279e-02
2.206849715186220279e-02
2.206849715186220279e-02
2.206849715186220279e-02
2.206849715186220279e-02
2.206849715186220279e-02
1.920424611844122331e-02
1.920424611844122331e-02
1.920424611844122331e-02
1.920424611844122331e-02
1.920424611844122331e-02
1.920424611844122331e-02
1.920424611844122331e-02
1.920424611844122331e-02
1.776920843510656697e-02
1.776920843510656697e-02
1.776920843510656697e-02
1.776920843510656697e-02
1.776920843510656697e-02
2.290612870006311641e-02
2.290612870006311641e-02
2.290612870006311641e-02
5.979478529667544510e-04
5.979478529667544510e-04
5.979478529667544510e-04
5.979478529667544510e-04
5.979478529667544510e-04
5.979478529667544510e-04
5.979478529667544510e-04
5.979478529667544510e-04
2.232036515596996090e-02
2.232036515596996090e-02
2.232036515596996090e-02
2.232036515596996090e-02
2.232036515596996090e-02
2.232036515596996090e-02
2.232036515596996090e-02
2.232036515596996090e-02
2.232036515596996090e-02
2.382370143298112586e-02
2.382370143298112586e-02
2.382370143298112586e-02
2.382370143298112586e-02
6.586182698375441999e-03
6.586182698375441999e-03
6.586182698375441999e-03
6.586182698375441999e-03
6.586182698375441999e-03
6.586182698375441999e-03
1.401362912346675732e-02
1.401362912346675732e-02
1.401362912346675732e-02
1.401362912346675732e-02
5.183146996424194131e-02
5.183146996424194131e-02
5.183146996424194131e-02
6.641440515140607792e-02
6.641440515140607792e-02
6.641440515140607792e-02
6.641440515140607792e-02
6.641440515140607792e-02
5.745809534025760057e-02
5.745809534025760057e-02
5.745809534025760057e-02
5.745809534025760057e-02
5.745809534025760057e-02
5.485676541448613469e-02
5.485676541448613469e-02
5.485676541448613469e-02
5.485676541448613469e-02
5.485676541448613469e-02
2.302862353208957880e-02
2.302862353208957880e-02
2.302862353208957880e-02
2.302862353208957880e-02
2.302862353208957880e-02
2.302862353208957880e-02
2.302862353208957880e-02
2.302862353208957880e-02
2.302862353208957880e-02
2.302862353208957880e-02
2.302862353208957880e-02
2.302862353208957880e-02
2.302862353208957880e-02
2.302862353208957880e-02
2.302862353208957880e-02
3.659996334368381676e-02
3.659996334368381676e-02
3.659996334368381676e-02
3.659996334368381676e-02
3.659996334368381676e-02
3.659996334368381676e-02
3.659996334368381676e-02
3.659996334368381676e-02
3.659996334368381676e-02
3.659996334368381676e-02
3.659996334368381676e-02
3.659996334368381676e-02
3.659996334368381676e-02
3.659996334368381676e-02
3.659996334368381676e-02
3.659996334368381676e-02
3.659996334368381676e-02
3.659996334368381676e-02
3.659996334368381676e-02
3.659996334368381676e-02
3.390507631057817356e-02
3.390507631057817356e-02
3.390507631057817356e-02
3.390507631057817356e-02
3.390507631057817356e-02
8.209818157285810047e-03
8.209818157285810047e-03
8.209818157285810047e-03
8.209818157285810047e-03
8.209818157285810047e-03
8.209818157285810047e-03
8.209818157285810047e-03
8.209818157285810047e-03
8.209818157285810047e-03
4.376161597602386960e-02
4.376161597602386960e-02
4.376161597602386960e-02
4.376161597602386960e-02
1.737852983272696744e-02
1.737852983272696744e-02
1.737852983272696744e-02
3.281620833692168449e-02
3.281620833692168449e-02
3.281620833692168449e-02
3.281620833692168449e-02
3.281620833692168449e-02
3.281620833692168449e-02
3.281620833692168449e-02
2.257519308198319835e-02
2.257519308198319835e-02
2.257519308198319835e-02
2.257519308198319835e-02
2.257519308198319835e-02
1.702484806953257282e-02
1.702484806953257282e-02
1.702484806953257282e-02
1.702484806953257282e-02
1.702484806953257282e-02
1.831535861612444346e-02
1.831535861612444346e-02
1.831535861612444346e-02
1.831535861612444346e-02
1.831535861612444346e-02
1.831535861612444346e-02
1.831535861612444346e-02
1.831535861612444346e-02
1.831535861612444346e-02
1.831535861612444346e-02
1.831535861612444346e-02
1.831535861612444346e-02
1.831535861612444346e-02
2.577024181490530225e-02
2.577024181490530225e-02
2.577024181490530225e-02
2.577024181490530225e-02
2.577024181490530225e-02
2.577024181490530225e-02
2.577024181490530225e-02
2.577024181490530225e-02
2.577024181490530225e-02
2.577024181490530225e-02
2.577024181490530225e-02
2.577024181490530225e-02
1.158024438850507008e-02
1.158024438850507008e-02
1.158024438850507008e-02
1.158024438850507008e-02
1.158024438850507008e-02
1.158024438850507008e-02
2.609165867505936279e-02
2.609165867505936279e-02
2.609165867505936279e-02
2.609165867505936279e-02
2.609165867505936279e-02
2.609165867505936279e-02
4.403767930129415600e-03
4.403767930129415600e-03
4.403767930129415600e-03
4.403767930129415600e-03
3.259938047891024898e-02
3.259938047891024898e-02
3.259938047891024898e-02
3.259938047891024898e-02
3.259938047891024898e-02
3.259938047891024898e-02
3.259938047891024898e-02
3.259938047891024898e-02
3.259938047891024898e-02
3.259938047891024898e-02
3.259938047891024898e-02
3.177056469975120256e-02
3.177056469975120256e-02
3.177056469975120256e-02
3.177056469975120256e-02
3.177056469975120256e-02
3.177056469975120256e-02
3.177056469975120256e-02
3.177056469975120256e-02
3.177056469975120256e-02
3.177056469975120256e-02
3.177056469975120256e-02
1.213128174770580076e-02
1.877825364766931571e-02
1.877825364766931571e-02
1.877825364766931571e-02
1.930453388590509106e-02
1.930453388590509106e-02
8.278225484129879408e-02
8.278225484129879408e-02
8.278225484129879408e-02
2.295679723691916585e-02
2.295679723691916585e-02
2.295679723691916585e-02
2.368302285207060653e-02
2.368302285207060653e-02
2.368302285207060653e-02
2.368302285207060653e-02
2.368302285207060653e-02
2.368302285207060653e-02
2.368302285207060653e-02
2.368302285207060653e-02
2.368302285207060653e-02
2.368302285207060653e-02
2.368302285207060653e-02
2.368302285207060653e-02
2.368302285207060653e-02
2.368302285207060653e-02
2.368302285207060653e-02
1.632304149844594765e-02
1.632304149844594765e-02
1.632304149844594765e-02
1.632304149844594765e-02
1.632304149844594765e-02
1.632304149844594765e-02
1.632304149844594765e-02
1.632304149844594765e-02
1.632304149844594765e-02
1.632304149844594765e-02
1.632304149844594765e-02
1.632304149844594765e-02
1.632304149844594765e-02
1.632304149844594765e-02
1.632304149844594765e-02
1.632304149844594765e-02
1.632304149844594765e-02
4.186580134470107434e-02
4.186580134470107434e-02
4.186580134470107434e-02
4.186580134470107434e-02
3.539500960220754583e-02
1.045367904925829407e-02
1.045367904925829407e-02
1.045367904925829407e-02
3.140455921704589370e-02
3.140455921704589370e-02
3.140455921704589370e-02
3.140455921704589370e-02
3.140455921704589370e-02
3.140455921704589370e-02
3.140455921704589370e-02
3.140455921704589370e-02
3.140455921704589370e-02
2.521918075256808500e-02
2.521918075256808500e-02
2.521918075256808500e-02
2.521918075256808500e-02
2.521918075256808500e-02
2.521918075256808500e-02
2.521918075256808500e-02
8.339088034776903288e-03
1.841464179087403882e-02
1.841464179087403882e-02
5.719799500913967660e-02
5.719799500913967660e-02
5.719799500913967660e-02
5.719799500913967660e-02
5.719799500913967660e-02
5.553288601458559147e-03
5.553288601458559147e-03
5.553288601458559147e-03
4.919216756771896404e-02
4.919216756771896404e-02
4.919216756771896404e-02
4.919216756771896404e-02
4.919216756771896404e-02
4.919216756771896404e-02
4.919216756771896404e-02
2.940704105352116848e-02
2.940704105352116848e-02
2.940704105352116848e-02
2.940704105352116848e-02
2.940704105352116848e-02
2.940704105352116848e-02
3.968174106110646665e-02
3.968174106110646665e-02
3.968174106110646665e-02
3.968174106110646665e-02
3.968174106110646665e-02
2.316783842001215489e-03
2.316783842001215489e-03
2.316783842001215489e-03
2.316783842001215489e-03
2.316783842001215489e-03
3.218818855124558429e-03
3.218818855124558429e-03
3.218818855124558429e-03
2.245520348190738376e-03
2.245520348190738376e-03
4.600589604274651911e-02
4.600589604274651911e-02
1.374549374484032235e-02
1.374549374484032235e-02
2.956066245620057528e-02
2.956066245620057528e-02
2.956066245620057528e-02
2.956066245620057528e-02
2.956066245620057528e-02
2.956066245620057528e-02
2.956066245620057528e-02
2.956066245620057528e-02
2.956066245620057528e-02
2.956066245620057528e-02
2.956066245620057528e-02
3.071629909495748878e-02
3.071629909495748878e-02
3.071629909495748878e-02
3.071629909495748878e-02
3.071629909495748878e-02
3.071629909495748878e-02
3.071629909495748878e-02
3.071629909495748878e-02
3.071629909495748878e-02
3.071629909495748878e-02
3.071629909495748878e-02
3.071629909495748878e-02
2.858293803513797457e-02
2.858293803513797457e-02
2.858293803513797457e-02
2.858293803513797457e-02
2.858293803513797457e-02
2.858293803513797457e-02
2.858293803513797457e-02
2.858293803513797457e-02
2.858293803513797457e-02
2.858293803513797457e-02
2.858293803513797457e-02
2.858293803513797457e-02
9.626561367354635051e-03
9.626561367354635051e-03
1.084841162712795945e-02
1.084841162712795945e-02
1.084841162712795945e-02
1.084841162712795945e-02
1.084841162712795945e-02
1.084841162712795945e-02
6.368640970160688308e-02
6.368640970160688308e-02
7.308357954430761555e-03
7.308357954430761555e-03
7.308357954430761555e-03
7.308357954430761555e-03
7.308357954430761555e-03
7.308357954430761555e-03
7.308357954430761555e-03
7.308357954430761555e-03
2.553164953758826211e-02
2.553164953758826211e-02
2.553164953758826211e-02
2.553164953758826211e-02
2.915844104685309107e-02
2.915844104685309107e-02
2.915844104685309107e-02
2.915844104685309107e-02
2.915844104685309107e-02
2.915844104685309107e-02
2.915844104685309107e-02
2.915844104685309107e-02
2.915844104685309107e-02
2.915844104685309107e-02
2.915844104685309107e-02
1.939835658058145298e-02
9.654950686697253565e-03
9.654950686697253565e-03
3.141844403308046568e-02
3.141844403308046568e-02
3.141844403308046568e-02
7.583847605902590584e-03
7.583847605902590584e-03
7.583847605902590584e-03
7.583847605902590584e-03
7.583847605902590584e-03
7.736794223816718941e-02
7.736794223816718941e-02
7.736794223816718941e-02
7.736794223816718941e-02
8.598009290586212938e-02
8.598009290586212938e-02
8.598009290586212938e-02
8.598009290586212938e-02
8.598009290586212938e-02
2.311871816889005810e-02
2.311871816889005810e-02
2.311871816889005810e-02
2.311871816889005810e-02
8.210954523670430105e-02
8.210954523670430105e-02
8.210954523670430105e-02
1.541118609715347483e-02
1.541118609715347483e-02
1.541118609715347483e-02
1.541118609715347483e-02
3.631993873484438279e-02
3.631993873484438279e-02
3.631993873484438279e-02
3.631993873484438279e-02
8.528879454444661390e-02
8.528879454444661390e-02
8.528879454444661390e-02
8.528879454444661390e-02
3.157282771729384707e-02
3.157282771729384707e-02
3.157282771729384707e-02
3.157282771729384707e-02
3.157282771729384707e-02
6.482250969187898504e-03
6.482250969187898504e-03
6.482250969187898504e-03
7.323946407853354837e-03
7.323946407853354837e-03
7.323946407853354837e-03
7.323946407853354837e-03
7.323946407853354837e-03
7.323946407853354837e-03
7.323946407853354837e-03
5.923942429231213690e-03
5.923942429231213690e-03
5.923942429231213690e-03
5.923942429231213690e-03
5.923942429231213690e-03
5.923942429231213690e-03
5.923942429231213690e-03
5.923942429231213690e-03
5.923942429231213690e-03
4.099737526004877675e-03
4.099737526004877675e-03
4.099737526004877675e-03
4.099737526004877675e-03
4.099737526004877675e-03
4.099737526004877675e-03
4.099737526004877675e-03
4.099737526004877675e-03
1.201823750250609335e-03
1.201823750250609335e-03
1.201823750250609335e-03
1.201823750250609335e-03
1.201823750250609335e-03
1.201823750250609335e-03
1.201823750250609335e-03
1.201823750250609335e-03
1.201823750250609335e-03
1.201823750250609335e-03
1.201823750250609335e-03
1.201823750250609335e-03
1.201823750250609335e-03
5.008455710724712268e-02
5.008455710724712268e-02
5.008455710724712268e-02
5.008455710724712268e-02
5.008455710724712268e-02
7.920018654438847755e-03
7.920018654438847755e-03
7.920018654438847755e-03
7.920018654438847755e-03
2.218754078463534146e-03
2.218754078463534146e-03
2.218754078463534146e-03
2.218754078463534146e-03
2.218754078463534146e-03
1.238396679171349518e-01
1.238396679171349518e-01
1.238396679171349518e-01
1.238396679171349518e-01
1.238396679171349518e-01
1.238396679171349518e-01
3.549165285613008463e-03
3.549165285613008463e-03
3.549165285613008463e-03
3.549165285613008463e-03
2.445975329703563034e-03
6.447559881533929897e-04
6.447559881533929897e-04
6.447559881533929897e-04
6.447559881533929897e-04
6.447559881533929897e-04
6.447559881533929897e-04
6.447559881533929897e-04
6.447559881533929897e-04
6.447559881533929897e-04
6.447559881533929897e-04
6.447559881533929897e-04
6.447559881533929897e-04
1.449646519512255878e-02
1.996619172779310215e-03
1.996619172779310215e-03
1.996619172779310215e-03
1.996619172779310215e-03
1.996619172779310215e-03
1.996619172779310215e-03
1.996619172779310215e-03
1.996619172779310215e-03
1.996619172779310215e-03
1.996619172779310215e-03
1.996619172779310215e-03
7.669984553689497379e-03
7.669984553689497379e-03
7.669984553689497379e-03
7.669984553689497379e-03
7.669984553689497379e-03
7.669984553689497379e-03
7.669984553689497379e-03
7.669984553689497379e-03
1.360279567047099555e-02
1.360279567047099555e-02
1.360279567047099555e-02
9.747362003655841989e-03
9.747362003655841989e-03
9.747362003655841989e-03
9.747362003655841989e-03
9.747362003655841989e-03
9.747362003655841989e-03
9.747362003655841989e-03
9.747362003655841989e-03
3.817878974912242108e-05
3.817878974912242108e-05
3.817878974912242108e-05
3.817878974912242108e-05
3.817878974912242108e-05
3.817878974912242108e-05
3.817878974912242108e-05
3.817878974912242108e-05
3.817878974912242108e-05
3.817878974912242108e-05
3.817878974912242108e-05
3.817878974912242108e-05
3.190673474518742649e-03
3.190673474518742649e-03
3.190673474518742649e-03
3.190673474518742649e-03
3.190673474518742649e-03
3.190673474518742649e-03
3.190673474518742649e-03
3.190673474518742649e-03
3.190673474518742649e-03
3.190673474518742649e-03
3.707916785333700751e-03
3.707916785333700751e-03
3.707916785333700751e-03
3.707916785333700751e-03
3.707916785333700751e-03
3.707916785333700751e-03
5.119886096559419890e-03
5.119886096559419890e-03
5.119886096559419890e-03
5.119886096559419890e-03
1.130146549359105530e-02
1.130146549359105530e-02
1.130146549359105530e-02
1.130146549359105530e-02
1.130146549359105530e-02
1.130146549359105530e-02
2.062660815348826837e-02
2.062660815348826837e-02
2.062660815348826837e-02
2.062660815348826837e-02
2.062660815348826837e-02
9.685643182350888803e-04
9.685643182350888803e-04
9.685643182350888803e-04
9.685643182350888803e-04
9.685643182350888803e-04
9.685643182350888803e-04
9.685643182350888803e-04
9.685643182350888803e-04
9.685643182350888803e-04
9.354342201712507673e-03
1.656922093919424924e-02
1.656922093919424924e-02
4.516419694615763161e-03
4.516419694615763161e-03
1.276732312373783131e-03
1.276732312373783131e-03
1.276732312373783131e-03
1.278511349511522385e-02
1.278511349511522385e-02
1.278511349511522385e-02
1.067905470373260203e-02
1.067905470373260203e-02
1.067905470373260203e-02
1.067905470373260203e-02
1.318602108470467299e-02
1.942645144114659925e-02
1.942645144114659925e-02
2.178841023305544064e-02
2.178841023305544064e-02
2.178841023305544064e-02
3.961076144908699630e-03
3.961076144908699630e-03
3.961076144908699630e-03
1.030836079495657358e-02
1.030836079495657358e-02
1.030836079495657358e-02
1.103396863924035499e-02
1.103396863924035499e-02
1.103396863924035499e-02
1.103396863924035499e-02
2.678352163716746920e-02
2.678352163716746920e-02
2.678352163716746920e-02
2.678352163716746920e-02
2.678352163716746920e-02
2.678352163716746920e-02
2.678352163716746920e-02
2.678352163716746920e-02
9.787833953345221466e-03
9.787833953345221466e-03
9.787833953345221466e-03
9.787833953345221466e-03
9.787833953345221466e-03
9.787833953345221466e-03
9.787833953345221466e-03
9.787833953345221466e-03
1.953938797365406196e-02
1.953938797365406196e-02
1.953938797365406196e-02
1.953938797365406196e-02
1.953938797365406196e-02
1.953938797365406196e-02
1.953938797365406196e-02
8.580288484573846478e-03
8.580288484573846478e-03
8.580288484573846478e-03
8.580288484573846478e-03
8.580288484573846478e-03
8.580288484573846478e-03
8.580288484573846478e-03
8.580288484573846478e-03
5.375475912376818412e-03
5.375475912376818412e-03
5.375475912376818412e-03
5.375475912376818412e-03
5.375475912376818412e-03
5.375475912376818412e-03
5.375475912376818412e-03
5.375475912376818412e-03
5.375475912376818412e-03
5.375475912376818412e-03
5.375475912376818412e-03
5.375475912376818412e-03
5.375475912376818412e-03
1.096750111033461790e-03
1.096750111033461790e-03
1.096750111033461790e-03
1.096750111033461790e-03
1.096750111033461790e-03
1.096750111033461790e-03
1.096750111033461790e-03
1.096750111033461790e-03
7.941483240246753706e-06
7.941483240246753706e-06
7.941483240246753706e-06
7.941483240246753706e-06
7.941483240246753706e-06
7.941483240246753706e-06
7.941483240246753706e-06
7.941483240246753706e-06
7.941483240246753706e-06
7.941483240246753706e-06
7.941483240246753706e-06
7.941483240246753706e-06
7.941483240246753706e-06
7.941483240246753706e-06
6.494601160254430405e-03
6.494601160254430405e-03
6.494601160254430405e-03
6.494601160254430405e-03
6.494601160254430405e-03
6.494601160254430405e-03
6.494601160254430405e-03
2.092271781406921521e-03
2.092271781406921521e-03
2.092271781406921521e-03
2.092271781406921521e-03
2.092271781406921521e-03
2.092271781406921521e-03
2.092271781406921521e-03
2.092271781406921521e-03
2.092271781406921521e-03
2.092271781406921521e-03
2.092271781406921521e-03
2.092271781406921521e-03
2.092271781406921521e-03
2.092271781406921521e-03
2.092271781406921521e-03
2.092271781406921521e-03
1.021511357345360888e-03
1.021511357345360888e-03
1.021511357345360888e-03
1.021511357345360888e-03
1.021511357345360888e-03
1.021511357345360888e-03
1.021511357345360888e-03
1.021511357345360888e-03
3.162417499094062612e-02
3.162417499094062612e-02
3.162417499094062612e-02
3.162417499094062612e-02
3.162417499094062612e-02
3.162417499094062612e-02
3.162417499094062612e-02
2.910938635520494977e-02
2.910938635520494977e-02
2.910938635520494977e-02
2.910938635520494977e-02
2.910938635520494977e-02
2.910938635520494977e-02
2.910938635520494977e-02
2.910938635520494977e-02
2.910938635520494977e-02
1.854086703865256286e-02
1.854086703865256286e-02
1.854086703865256286e-02
1.854086703865256286e-02
1.854086703865256286e-02
1.854086703865256286e-02
1.854086703865256286e-02
1.854086703865256286e-02
1.854086703865256286e-02
1.854086703865256286e-02
1.854086703865256286e-02
1.854086703865256286e-02
1.854086703865256286e-02
1.854086703865256286e-02
1.854086703865256286e-02
1.854086703865256286e-02
1.854086703865256286e-02
1.854086703865256286e-02
2.137956818330636125e-02
2.137956818330636125e-02
2.137956818330636125e-02
2.137956818330636125e-02
2.137956818330636125e-02
2.137956818330636125e-02
2.137956818330636125e-02
2.137956818330636125e-02
2.137956818330636125e-02
2.137956818330636125e-02
2.137956818330636125e-02
2.137956818330636125e-02
2.137956818330636125e-02
2.137956818330636125e-02
2.137956818330636125e-02
2.137956818330636125e-02
2.137956818330636125e-02
2.137956818330636125e-02
2.137956818330636125e-02
4.309878358524313335e-02
4.309878358524313335e-02
4.309878358524313335e-02
1.486702420038446201e-02
1.486702420038446201e-02
1.766704953905161041e-03
1.766704953905161041e-03
1.766704953905161041e-03
1.766704953905161041e-03
1.766704953905161041e-03
1.766704953905161041e-03
1.766704953905161041e-03
1.766704953905161041e-03
1.766704953905161041e-03
1.766704953905161041e-03
1.766704953905161041e-03
1.766704953905161041e-03
1.766704953905161041e-03
1.766704953905161041e-03
1.766704953905161041e-03
1.766704953905161041e-03
1.766704953905161041e-03
7.178300201769345894e-04
7.178300201769345894e-04
7.178300201769345894e-04
7.178300201769345894e-04
7.178300201769345894e-04
7.178300201769345894e-04
3.847398939380940359e-03
3.847398939380940359e-03
3.847398939380940359e-03
3.847398939380940359e-03
3.847398939380940359e-03
3.847398939380940359e-03
3.847398939380940359e-03
3.847398939380940359e-03
3.847398939380940359e-03
3.847398939380940359e-03
3.847398939380940359e-03
3.847398939380940359e-03
3.847398939380940359e-03
3.847398939380940359e-03
3.847398939380940359e-03
3.847398939380940359e-03
3.847398939380940359e-03
3.847398939380940359e-03
3.847398939380940359e-03
2.077895664387588090e-03
2.077895664387588090e-03
2.077895664387588090e-03
2.077895664387588090e-03
2.077895664387588090e-03
2.077895664387588090e-03
3.823016583685727617e-03
3.823016583685727617e-03
3.823016583685727617e-03
3.823016583685727617e-03
3.823016583685727617e-03
3.823016583685727617e-03
3.823016583685727617e-03
3.823016583685727617e-03
3.823016583685727617e-03
3.823016583685727617e-03
3.823016583685727617e-03
3.823016583685727617e-03
3.823016583685727617e-03
3.823016583685727617e-03
3.823016583685727617e-03
3.823016583685727617e-03
3.823016583685727617e-03
3.823016583685727617e-03
3.823016583685727617e-03
3.823016583685727617e-03
4.658643161443558681e-03
4.658643161443558681e-03
4.658643161443558681e-03
4.658643161443558681e-03
4.658643161443558681e-03
1.285592182765161323e-02
1.285592182765161323e-02
1.285592182765161323e-02
1.285592182765161323e-02
1.285592182765161323e-02
1.285592182765161323e-02
3.026834524935737014e-02
3.026834524935737014e-02
3.026834524935737014e-02
3.026834524935737014e-02
3.026834524935737014e-02
3.026834524935737014e-02
3.026834524935737014e-02
3.026834524935737014e-02
3.026834524935737014e-02
3.026834524935737014e-02
3.832813280239788425e-03
3.832813280239788425e-03
3.832813280239788425e-03
3.832813280239788425e-03
3.552157373781096583e-02
3.552157373781096583e-02
3.552157373781096583e-02
3.552157373781096583e-02
3.552157373781096583e-02
3.552157373781096583e-02
3.552157373781096583e-02
3.552157373781096583e-02
3.552157373781096583e-02
2.893282415691974716e-04
2.893282415691974716e-04
2.893282415691974716e-04
2.893282415691974716e-04
2.893282415691974716e-04
2.893282415691974716e-04
2.893282415691974716e-04
2.893282415691974716e-04
4.147442227885432542e-02
4.147442227885432542e-02
4.147442227885432542e-02
4.147442227885432542e-02
1.011390678781214948e-02
1.011390678781214948e-02
1.011390678781214948e-02
1.011390678781214948e-02
1.011390678781214948e-02
1.011390678781214948e-02
1.011390678781214948e-02
1.011390678781214948e-02
1.011390678781214948e-02
1.011390678781214948e-02
1.011390678781214948e-02
1.011390678781214948e-02
1.011390678781214948e-02
1.011390678781214948e-02
1.011390678781214948e-02
1.011390678781214948e-02
1.011390678781214948e-02
1.011390678781214948e-02
1.011390678781214948e-02
1.011390678781214948e-02
1.011390678781214948e-02
2.290657683069884445e-02
2.290657683069884445e-02
2.290657683069884445e-02
2.290657683069884445e-02
2.290657683069884445e-02
2.290657683069884445e-02
2.290657683069884445e-02
2.290657683069884445e-02
2.290657683069884445e-02
2.290657683069884445e-02
2.290657683069884445e-02
2.290657683069884445e-02
2.290657683069884445e-02
2.290657683069884445e-02
2.290657683069884445e-02
2.290657683069884445e-02
2.290657683069884445e-02
1.834839747552238429e-03
1.834839747552238429e-03
1.834839747552238429e-03
1.982382456195455264e-02
1.982382456195455264e-02
1.982382456195455264e-02
1.982382456195455264e-02
1.982382456195455264e-02
1.982382456195455264e-02
1.982382456195455264e-02
1.982382456195455264e-02
1.982382456195455264e-02
1.982382456195455264e-02
1.982382456195455264e-02
1.982382456195455264e-02
1.982382456195455264e-02
1.982382456195455264e-02
1.982382456195455264e-02
1.982382456195455264e-02
1.982382456195455264e-02
2.396898044758522667e-02
2.396898044758522667e-02
2.396898044758522667e-02
2.396898044758522667e-02
2.396898044758522667e-02
2.396898044758522667e-02
2.396898044758522667e-02
2.396898044758522667e-02
2.396898044758522667e-02
2.396898044758522667e-02
1.365880052993333031e-02
1.365880052993333031e-02
1.365880052993333031e-02
3.117321118916512729e-02
3.117321118916512729e-02
3.117321118916512729e-02
3.117321118916512729e-02
3.117321118916512729e-02
3.117321118916512729e-02
3.117321118916512729e-02
1.282279802824826988e-02
1.282279802824826988e-02
1.282279802824826988e-02
1.282279802824826988e-02
1.282279802824826988e-02
1.282279802824826988e-02
1.282279802824826988e-02
1.153659146451354277e-02
1.153659146451354277e-02
1.153659146451354277e-02
9.267157370145263223e-03
9.267157370145263223e-03
9.267157370145263223e-03
9.267157370145263223e-03
9.267157370145263223e-03
9.267157370145263223e-03
2.400554075939964963e-02
2.400554075939964963e-02
2.400554075939964963e-02
2.400554075939964963e-02
2.654241572149759060e-02
2.654241572149759060e-02
2.654241572149759060e-02
2.654241572149759060e-02
1.554348770031626845e-02
1.554348770031626845e-02
1.554348770031626845e-02
1.554348770031626845e-02
1.554348770031626845e-02
1.554348770031626845e-02
1.554348770031626845e-02
1.554348770031626845e-02
1.554348770031626845e-02
1.554348770031626845e-02
1.554348770031626845e-02
1.554348770031626845e-02
1.554348770031626845e-02
1.554348770031626845e-02
1.554348770031626845e-02
2.736554891750844765e-02
2.736554891750844765e-02
2.736554891750844765e-02
3.336934580384236237e-02
3.336934580384236237e-02
3.336934580384236237e-02
3.336934580384236237e-02
3.336934580384236237e-02
3.336934580384236237e-02
3.336934580384236237e-02
3.336934580384236237e-02
3.336934580384236237e-02
2.011521325475018954e-02
2.011521325475018954e-02
2.011521325475018954e-02
2.011521325475018954e-02
2.011521325475018954e-02
2.011521325475018954e-02
2.501697697565571227e-02
2.501697697565571227e-02
2.501697697565571227e-02
2.501697697565571227e-02
2.501697697565571227e-02
2.501697697565571227e-02
2.501697697565571227e-02
2.501697697565571227e-02
2.501697697565571227e-02
2.501697697565571227e-02
2.501697697565571227e-02
2.501697697565571227e-02
1.577816858206640069e-02
1.577816858206640069e-02
1.577816858206640069e-02
1.577816858206640069e-02
1.577816858206640069e-02
1.577816858206640069e-02
1.577816858206640069e-02
1.577816858206640069e-02
1.577816858206640069e-02
1.577816858206640069e-02
2.849028931750616916e-02
2.849028931750616916e-02
2.849028931750616916e-02
2.849028931750616916e-02
2.849028931750616916e-02
2.849028931750616916e-02
2.849028931750616916e-02
2.849028931750616916e-02
2.850753545726871993e-02
2.850753545726871993e-02
2.850753545726871993e-02
2.850753545726871993e-02
2.850753545726871993e-02
2.850753545726871993e-02
2.850753545726871993e-02
2.850753545726871993e-02
2.850753545726871993e-02
3.068920279946496174e-02
3.068920279946496174e-02
3.068920279946496174e-02
3.068920279946496174e-02
3.068920279946496174e-02
3.068920279946496174e-02
3.068920279946496174e-02
3.068920279946496174e-02
3.068920279946496174e-02
3.068920279946496174e-02
3.068920279946496174e-02
3.068920279946496174e-02
6.806204885884959950e-04
6.806204885884959950e-04
6.806204885884959950e-04
6.806204885884959950e-04
6.806204885884959950e-04
6.806204885884959950e-04
6.806204885884959950e-04
6.806204885884959950e-04
6.806204885884959950e-04
3.222390678252473606e-02
3.222390678252473606e-02
3.222390678252473606e-02
3.222390678252473606e-02
3.222390678252473606e-02
3.222390678252473606e-02
3.222390678252473606e-02
3.222390678252473606e-02
3.222390678252473606e-02
3.222390678252473606e-02
3.222390678252473606e-02
3.044285096681925359e-03
3.044285096681925359e-03
3.044285096681925359e-03
3.044285096681925359e-03
3.044285096681925359e-03
3.044285096681925359e-03
3.044285096681925359e-03
3.044285096681925359e-03
3.044285096681925359e-03
8.280311667141378867e-03
8.280311667141378867e-03
8.280311667141378867e-03
8.280311667141378867e-03
8.280311667141378867e-03
8.280311667141378867e-03
8.280311667141378867e-03
8.280311667141378867e-03
8.280311667141378867e-03
8.280311667141378867e-03
1.972346533075948830e-02
1.972346533075948830e-02
1.972346533075948830e-02
4.118453854903244768e-03
4.118453854903244768e-03
4.118453854903244768e-03
4.118453854903244768e-03
8.780212655580840395e-03
8.780212655580840395e-03
8.780212655580840395e-03
1.427712691473213662e-02
1.427712691473213662e-02
1.427712691473213662e-02
1.427712691473213662e-02
1.427712691473213662e-02
1.427712691473213662e-02
1.427712691473213662e-02
1.427712691473213662e-02
1.427712691473213662e-02
1.427712691473213662e-02
1.427712691473213662e-02
1.427712691473213662e-02
1.427712691473213662e-02
2.944231016671966863e-02
2.944231016671966863e-02
2.944231016671966863e-02
1.586977650460309058e-02
1.586977650460309058e-02
1.586977650460309058e-02
1.586977650460309058e-02
1.179294048189747680e-02
1.179294048189747680e-02
1.179294048189747680e-02
1.179294048189747680e-02
1.179294048189747680e-02
1.179294048189747680e-02
1.179294048189747680e-02
1.950676705725703369e-02
1.950676705725703369e-02
1.950676705725703369e-02
1.072694077599287317e-02
1.072694077599287317e-02
1.072694077599287317e-02
1.072694077599287317e-02
1.072694077599287317e-02
1.072694077599287317e-02
1.072694077599287317e-02
1.072694077599287317e-02
1.072694077599287317e-02
1.072694077599287317e-02
1.072694077599287317e-02
1.072694077599287317e-02
1.072694077599287317e-02
1.072694077599287317e-02
1.072694077599287317e-02
1.329785851303411093e-02
1.340750290386261145e-02
1.340750290386261145e-02
1.340750290386261145e-02
1.340750290386261145e-02
1.340750290386261145e-02
1.340750290386261145e-02
1.340750290386261145e-02
1.340750290386261145e-02
1.340750290386261145e-02
1.340750290386261145e-02
1.340750290386261145e-02
1.340750290386261145e-02
1.340750290386261145e-02
1.894332335907587817e-02
1.787289844650305146e-02
1.787289844650305146e-02
1.787289844650305146e-02
1.787289844650305146e-02
1.787289844650305146e-02
1.787289844650305146e-02
1.787289844650305146e-02
1.787289844650305146e-02
1.787289844650305146e-02
1.787289844650305146e-02
1.787289844650305146e-02
1.787289844650305146e-02
1.787289844650305146e-02
1.787289844650305146e-02
1.787289844650305146e-02
1.865797166943710880e-02
1.865797166943710880e-02
1.865797166943710880e-02
1.865797166943710880e-02
1.865797166943710880e-02
1.865797166943710880e-02
1.865797166943710880e-02
1.865797166943710880e-02
1.865797166943710880e-02
1.865797166943710880e-02
1.865797166943710880e-02
1.865797166943710880e-02
1.865797166943710880e-02
1.865797166943710880e-02
3.926287887306892550e-03
3.926287887306892550e-03
3.926287887306892550e-03
3.926287887306892550e-03
3.926287887306892550e-03
2.312590166542893150e-02
2.312590166542893150e-02
2.312590166542893150e-02
2.312590166542893150e-02
2.312590166542893150e-02
2.312590166542893150e-02
2.312590166542893150e-02
2.312590166542893150e-02
2.312590166542893150e-02
2.312590166542893150e-02
2.312590166542893150e-02
2.415583343029813895e-02
2.415583343029813895e-02
2.415583343029813895e-02
2.415583343029813895e-02
2.415583343029813895e-02
2.415583343029813895e-02
2.415583343029813895e-02
2.415583343029813895e-02
2.415583343029813895e-02
2.415583343029813895e-02
2.415583343029813895e-02
4.140070391531536220e-02
4.140070391531536220e-02
4.140070391531536220e-02
4.140070391531536220e-02
4.140070391531536220e-02
4.140070391531536220e-02
1.614744254125903555e-02
1.614744254125903555e-02
1.614744254125903555e-02
1.614744254125903555e-02
1.614744254125903555e-02
1.614744254125903555e-02
1.614744254125903555e-02
3.592779250642277162e-04
3.592779250642277162e-04
3.592779250642277162e-04
3.592779250642277162e-04
3.592779250642277162e-04
3.592779250642277162e-04
3.592779250642277162e-04
3.592779250642277162e-04
3.592779250642277162e-04
3.592779250642277162e-04
3.592779250642277162e-04
3.592779250642277162e-04
2.686680313601612702e-05
2.686680313601612702e-05
2.686680313601612702e-05
2.686680313601612702e-05
2.686680313601612702e-05
2.686680313601612702e-05
2.686680313601612702e-05
2.686680313601612702e-05
2.686680313601612702e-05
2.686680313601612702e-05
2.686680313601612702e-05
2.686680313601612702e-05
2.686680313601612702e-05
2.686680313601612702e-05
1.923256070063005018e-03
1.923256070063005018e-03
1.923256070063005018e-03
1.923256070063005018e-03
1.666387098446805255e-03
1.666387098446805255e-03
1.666387098446805255e-03
1.666387098446805255e-03
1.666387098446805255e-03
1.666387098446805255e-03
1.666387098446805255e-03
1.666387098446805255e-03
1.666387098446805255e-03
1.666387098446805255e-03
1.666387098446805255e-03
1.666387098446805255e-03
1.666387098446805255e-03
1.575285127169682650e-02
1.575285127169682650e-02
1.575285127169682650e-02
1.147780568859750952e-02
4.078348597813857314e-03
4.078348597813857314e-03
4.078348597813857314e-03
4.078348597813857314e-03
4.078348597813857314e-03
4.078348597813857314e-03
4.078348597813857314e-03
4.078348597813857314e-03
4.078348597813857314e-03
4.078348597813857314e-03
4.078348597813857314e-03
4.078348597813857314e-03
4.746942197310871289e-03
4.746942197310871289e-03
4.746942197310871289e-03
4.746942197310871289e-03
4.746942197310871289e-03
4.746942197310871289e-03
4.746942197310871289e-03
4.746942197310871289e-03
4.746942197310871289e-03
4.746942197310871289e-03
4.746942197310871289e-03
4.746942197310871289e-03
1.557384832767774426e-03
1.557384832767774426e-03
1.557384832767774426e-03
1.557384832767774426e-03
1.557384832767774426e-03
1.557384832767774426e-03
1.557384832767774426e-03
1.557384832767774426e-03
1.557384832767774426e-03
1.557384832767774426e-03
1.557384832767774426e-03
1.557384832767774426e-03
1.557384832767774426e-03
1.557384832767774426e-03
1.557384832767774426e-03
1.557384832767774426e-03
1.557384832767774426e-03
1.557384832767774426e-03
1.557384832767774426e-03
2.496561638361448343e-03
2.496561638361448343e-03
2.496561638361448343e-03
2.496561638361448343e-03
2.496561638361448343e-03
2.496561638361448343e-03
2.496561638361448343e-03
2.496561638361448343e-03
2.496561638361448343e-03
2.496561638361448343e-03
2.496561638361448343e-03
2.496561638361448343e-03
2.496561638361448343e-03
2.496561638361448343e-03
2.496561638361448343e-03
2.496561638361448343e-03
2.496561638361448343e-03
2.496561638361448343e-03
2.496561638361448343e-03
1.343882551302032040e-02
1.293398839412005690e-03
1.293398839412005690e-03
1.293398839412005690e-03
1.293398839412005690e-03
1.293398839412005690e-03
1.293398839412005690e-03
1.293398839412005690e-03
1.293398839412005690e-03
1.293398839412005690e-03
1.293398839412005690e-03
1.293398839412005690e-03
1.293398839412005690e-03
1.293398839412005690e-03
1.293398839412005690e-03
1.293398839412005690e-03
1.293398839412005690e-03
1.293398839412005690e-03
1.293398839412005690e-03
1.293398839412005690e-03
5.485626880204508976e-02
5.485626880204508976e-02
5.485626880204508976e-02
5.594464487386656415e-02
5.594464487386656415e-02
5.594464487386656415e-02
5.594464487386656415e-02
5.594464487386656415e-02
5.594464487386656415e-02
5.594464487386656415e-02
4.961583973346798439e-03
4.961583973346798439e-03
4.961583973346798439e-03
4.961583973346798439e-03
4.961583973346798439e-03
4.961583973346798439e-03
4.961583973346798439e-03
4.961583973346798439e-03
4.961583973346798439e-03
4.961583973346798439e-03
4.961583973346798439e-03
4.961583973346798439e-03
4.961583973346798439e-03
4.961583973346798439e-03
4.961583973346798439e-03
4.961583973346798439e-03
4.961583973346798439e-03
4.961583973346798439e-03
6.055404631286749779e-03
6.055404631286749779e-03
6.055404631286749779e-03
6.055404631286749779e-03
6.055404631286749779e-03
6.055404631286749779e-03
6.055404631286749779e-03
6.055404631286749779e-03
6.055404631286749779e-03
6.055404631286749779e-03
6.055404631286749779e-03
6.055404631286749779e-03
6.055404631286749779e-03
6.055404631286749779e-03
6.055404631286749779e-03
6.055404631286749779e-03
2.038965474284336853e-03
2.038965474284336853e-03
2.038965474284336853e-03
2.038965474284336853e-03
2.038965474284336853e-03
2.038965474284336853e-03
2.038965474284336853e-03
2.038965474284336853e-03
2.038965474284336853e-03
2.038965474284336853e-03
2.038965474284336853e-03
2.038965474284336853e-03
2.038965474284336853e-03
2.038965474284336853e-03
2.038965474284336853e-03
2.038965474284336853e-03
2.038965474284336853e-03
2.038965474284336853e-03
2.109269277353045119e-02
2.109269277353045119e-02
2.109269277353045119e-02
2.109269277353045119e-02
2.109269277353045119e-02
2.109269277353045119e-02
2.109269277353045119e-02
2.109269277353045119e-02
2.109269277353045119e-02
2.109269277353045119e-02
2.109269277353045119e-02
2.109269277353045119e-02
2.109269277353045119e-02
2.109269277353045119e-02
2.109269277353045119e-02
2.109269277353045119e-02
2.109269277353045119e-02
2.109269277353045119e-02
2.109269277353045119e-02
2.109269277353045119e-02
2.251605547336382393e-02
2.251605547336382393e-02
2.251605547336382393e-02
2.251605547336382393e-02
2.251605547336382393e-02
2.251605547336382393e-02
2.251605547336382393e-02
2.251605547336382393e-02
2.251605547336382393e-02
2.251605547336382393e-02
2.251605547336382393e-02
2.251605547336382393e-02
2.251605547336382393e-02
2.251605547336382393e-02
2.251605547336382393e-02
2.251605547336382393e-02
2.251605547336382393e-02
2.251605547336382393e-02
2.251605547336382393e-02
2.251605547336382393e-02
7.969958687497977895e-03
7.969958687497977895e-03
7.969958687497977895e-03
7.969958687497977895e-03
7.969958687497977895e-03
7.969958687497977895e-03
7.969958687497977895e-03
7.969958687497977895e-03
7.969958687497977895e-03
7.969958687497977895e-03
7.969958687497977895e-03
7.969958687497977895e-03
7.969958687497977895e-03
7.969958687497977895e-03
7.969958687497977895e-03
7.969958687497977895e-03
7.969958687497977895e-03
7.969958687497977895e-03
7.969958687497977895e-03
1.016629924187762790e-03
1.016629924187762790e-03
1.016629924187762790e-03
1.016629924187762790e-03
1.016629924187762790e-03
1.016629924187762790e-03
1.016629924187762790e-03
1.016629924187762790e-03
1.016629924187762790e-03
1.016629924187762790e-03
1.016629924187762790e-03
1.016629924187762790e-03
1.016629924187762790e-03
1.016629924187762790e-03
1.016629924187762790e-03
1.016629924187762790e-03
1.016629924187762790e-03
4.954686260456028085e-02
4.954686260456028085e-02
4.954686260456028085e-02
4.954686260456028085e-02
4.954686260456028085e-02
4.954686260456028085e-02
4.954686260456028085e-02
4.954686260456028085e-02
4.954686260456028085e-02
4.954686260456028085e-02
4.954686260456028085e-02
4.798857082038498513e-03
4.798857082038498513e-03
4.798857082038498513e-03
4.798857082038498513e-03
4.798857082038498513e-03
4.798857082038498513e-03
4.798857082038498513e-03
4.798857082038498513e-03
4.798857082038498513e-03
4.798857082038498513e-03
4.798857082038498513e-03
4.798857082038498513e-03
4.798857082038498513e-03
4.798857082038498513e-03
4.798857082038498513e-03
4.798857082038498513e-03
4.798857082038498513e-03
4.798857082038498513e-03
8.173062020893963678e-03
8.173062020893963678e-03
8.173062020893963678e-03
8.173062020893963678e-03
8.173062020893963678e-03
8.173062020893963678e-03
8.173062020893963678e-03
8.173062020893963678e-03
8.173062020893963678e-03
8.173062020893963678e-03
8.173062020893963678e-03
8.173062020893963678e-03
8.173062020893963678e-03
8.173062020893963678e-03
8.173062020893963678e-03
8.173062020893963678e-03
8.173062020893963678e-03
8.173062020893963678e-03
8.173062020893963678e-03
9.636836657472839379e-03
9.636836657472839379e-03
9.636836657472839379e-03
9.636836657472839379e-03
9.636836657472839379e-03
9.636836657472839379e-03
9.636836657472839379e-03
9.636836657472839379e-03
9.636836657472839379e-03
9.636836657472839379e-03
9.636836657472839379e-03
9.636836657472839379e-03
9.636836657472839379e-03
9.636836657472839379e-03
9.636836657472839379e-03
9.636836657472839379e-03
9.636836657472839379e-03
3.336226728369261468e-03
9.516692127524671585e-03
9.516692127524671585e-03
9.516692127524671585e-03
9.516692127524671585e-03
9.516692127524671585e-03
9.516692127524671585e-03
9.516692127524671585e-03
9.516692127524671585e-03
9.516692127524671585e-03
9.516692127524671585e-03
9.516692127524671585e-03
9.516692127524671585e-03
9.516692127524671585e-03
9.516692127524671585e-03
9.516692127524671585e-03
9.516692127524671585e-03
9.516692127524671585e-03
9.516692127524671585e-03
1.941988578717595768e-02
1.941988578717595768e-02
1.941988578717595768e-02
1.941988578717595768e-02
1.941988578717595768e-02
1.941988578717595768e-02
1.941988578717595768e-02
1.941988578717595768e-02
1.941988578717595768e-02
1.941988578717595768e-02
1.941988578717595768e-02
1.941988578717595768e-02
2.161896922053416562e-02
2.161896922053416562e-02
2.161896922053416562e-02
2.161896922053416562e-02
2.161896922053416562e-02
2.161896922053416562e-02
2.161896922053416562e-02
2.161896922053416562e-02
2.161896922053416562e-02
2.161896922053416562e-02
2.161896922053416562e-02
2.459945545546273621e-02
2.459945545546273621e-02
2.459945545546273621e-02
2.459945545546273621e-02
2.459945545546273621e-02
2.459945545546273621e-02
2.459945545546273621e-02
2.459945545546273621e-02
2.459945545546273621e-02
3.577410855880903962e-02
3.577410855880903962e-02
3.577410855880903962e-02
3.577410855880903962e-02
3.577410855880903962e-02
3.577410855880903962e-02
3.577410855880903962e-02
3.044263715155986691e-02
3.044263715155986691e-02
3.044263715155986691e-02
3.044263715155986691e-02
3.044263715155986691e-02
3.044263715155986691e-02
3.044263715155986691e-02
3.044263715155986691e-02
3.044263715155986691e-02
3.044263715155986691e-02
2.061229080991129961e-02
2.061229080991129961e-02
2.061229080991129961e-02
2.061229080991129961e-02
2.061229080991129961e-02
2.061229080991129961e-02
2.061229080991129961e-02
2.061229080991129961e-02
2.061229080991129961e-02
2.061229080991129961e-02
2.061229080991129961e-02
2.061229080991129961e-02
2.061229080991129961e-02
3.450487808125744793e-02
3.450487808125744793e-02
4.878713424125762955e-03
9.176871817879598756e-03
9.176871817879598756e-03
9.176871817879598756e-03
9.176871817879598756e-03
9.176871817879598756e-03
9.176871817879598756e-03
9.176871817879598756e-03
9.176871817879598756e-03
9.176871817879598756e-03
9.176871817879598756e-03
9.176871817879598756e-03
9.176871817879598756e-03
9.176871817879598756e-03
9.176871817879598756e-03
9.176871817879598756e-03
8.988436596077299320e-03
8.988436596077299320e-03
8.988436596077299320e-03
8.988436596077299320e-03
8.988436596077299320e-03
8.988436596077299320e-03
8.988436596077299320e-03
8.988436596077299320e-03
8.988436596077299320e-03
8.988436596077299320e-03
8.988436596077299320e-03
8.988436596077299320e-03
1.691180564180155485e-02
1.691180564180155485e-02
1.691180564180155485e-02
2.488420538924791120e-02
2.488420538924791120e-02
2.488420538924791120e-02
2.488420538924791120e-02
2.488420538924791120e-02
2.488420538924791120e-02
2.488420538924791120e-02
2.488420538924791120e-02
2.488420538924791120e-02
2.488420538924791120e-02
9.352173593925090789e-02
9.352173593925090789e-02
9.352173593925090789e-02
9.352173593925090789e-02
9.352173593925090789e-02
2.951154564063366431e-02
2.951154564063366431e-02
2.951154564063366431e-02
2.951154564063366431e-02
2.595626468799880175e-03
2.595626468799880175e-03
2.595626468799880175e-03
2.595626468799880175e-03
2.595626468799880175e-03
2.595626468799880175e-03
2.595626468799880175e-03
8.230298697197024221e-05
8.230298697197024221e-05
8.230298697197024221e-05
8.230298697197024221e-05
8.230298697197024221e-05
8.230298697197024221e-05
2.702395162988402411e-04
2.702395162988402411e-04
2.702395162988402411e-04
2.702395162988402411e-04
9.576631552716111107e-03
9.576631552716111107e-03
9.576631552716111107e-03
9.576631552716111107e-03
9.576631552716111107e-03
9.576631552716111107e-03
9.576631552716111107e-03
9.576631552716111107e-03
9.576631552716111107e-03
9.576631552716111107e-03
9.576631552716111107e-03
9.576631552716111107e-03
1.117405785136536475e-02
1.117405785136536475e-02
1.117405785136536475e-02
1.117405785136536475e-02
1.117405785136536475e-02
1.117405785136536475e-02
1.117405785136536475e-02
1.117405785136536475e-02
1.117405785136536475e-02
1.117405785136536475e-02
9.191596405038800210e-02
9.191596405038800210e-02
9.191596405038800210e-02
2.312949140768977979e-02
2.312949140768977979e-02
2.312949140768977979e-02
2.312949140768977979e-02
2.312949140768977979e-02
2.312949140768977979e-02
2.312949140768977979e-02
2.312949140768977979e-02
2.312949140768977979e-02
2.312949140768977979e-02
2.312949140768977979e-02
2.312949140768977979e-02
2.453265527136470545e-02
2.453265527136470545e-02
2.453265527136470545e-02
2.453265527136470545e-02
2.453265527136470545e-02
2.453265527136470545e-02
2.453265527136470545e-02
2.453265527136470545e-02
2.453265527136470545e-02
2.453265527136470545e-02
2.453265527136470545e-02
2.453265527136470545e-02
2.453265527136470545e-02
1.070984533060125206e-02
1.070984533060125206e-02
1.070984533060125206e-02
1.070984533060125206e-02
1.070984533060125206e-02
1.070984533060125206e-02
1.070984533060125206e-02
1.070984533060125206e-02
1.070984533060125206e-02
1.070984533060125206e-02
1.070984533060125206e-02
1.070984533060125206e-02
1.070984533060125206e-02
1.070984533060125206e-02
2.912437410011315189e-02
2.912437410011315189e-02
2.912437410011315189e-02
2.912437410011315189e-02
4.747213540163523759e-02
4.747213540163523759e-02
4.416454134081832655e-02
4.416454134081832655e-02
4.416454134081832655e-02
1.712323824004556572e-02
1.712323824004556572e-02
1.712323824004556572e-02
1.075549733015250184e-02
4.309677470913467201e-02
4.309677470913467201e-02
4.309677470913467201e-02
4.309677470913467201e-02
4.309677470913467201e-02
1.048632441290451743e-03
1.048632441290451743e-03
1.048632441290451743e-03
1.048632441290451743e-03
1.048632441290451743e-03
1.048632441290451743e-03
1.048632441290451743e-03
1.048632441290451743e-03
1.048632441290451743e-03
1.696633280518524550e-02
1.696633280518524550e-02
1.696633280518524550e-02
6.450992909716718460e-02
6.450992909716718460e-02
6.450992909716718460e-02
6.450992909716718460e-02
5.280035179829018627e-02
5.280035179829018627e-02
5.280035179829018627e-02
2.021283606588217610e-02
2.021283606588217610e-02
2.021283606588217610e-02
9.989110946369697541e-02
9.989110946369697541e-02
9.989110946369697541e-02
9.989110946369697541e-02
1.014103671068098400e-01
1.014103671068098400e-01
1.014103671068098400e-01
1.014103671068098400e-01
5.512614726791617570e-02
5.512614726791617570e-02
5.512614726791617570e-02
1.310452202077338167e-02
1.310452202077338167e-02
1.310452202077338167e-02
7.085946536678953966e-02
7.085946536678953966e-02
7.085946536678953966e-02
1.094103945092426283e-01
1.094103945092426283e-01
1.094103945092426283e-01
2.040849684004517398e-02
2.040849684004517398e-02
2.040849684004517398e-02
2.040849684004517398e-02
2.040849684004517398e-02
2.040849684004517398e-02
2.040849684004517398e-02
2.040849684004517398e-02
2.040849684004517398e-02
2.040849684004517398e-02
2.040849684004517398e-02
2.040849684004517398e-02
2.040849684004517398e-02
2.040849684004517398e-02
2.040849684004517398e-02
2.040849684004517398e-02
2.040849684004517398e-02
2.040849684004517398e-02
2.040849684004517398e-02
2.120294335273484321e-02
2.120294335273484321e-02
2.120294335273484321e-02
2.120294335273484321e-02
2.120294335273484321e-02
2.120294335273484321e-02
2.120294335273484321e-02
2.120294335273484321e-02
2.120294335273484321e-02
2.120294335273484321e-02
2.120294335273484321e-02
2.120294335273484321e-02
2.120294335273484321e-02
2.120294335273484321e-02
2.120294335273484321e-02
2.120294335273484321e-02
2.120294335273484321e-02
2.120294335273484321e-02
2.120294335273484321e-02
3.146492775847445616e-03
3.146492775847445616e-03
3.146492775847445616e-03
3.146492775847445616e-03
8.278540573531577296e-03
8.278540573531577296e-03
8.278540573531577296e-03
8.278540573531577296e-03
3.451080144309516540e-02
3.451080144309516540e-02
3.451080144309516540e-02
3.451080144309516540e-02
3.451080144309516540e-02
3.451080144309516540e-02
3.451080144309516540e-02
3.451080144309516540e-02
3.451080144309516540e-02
3.451080144309516540e-02
3.451080144309516540e-02
3.468506837677932941e-02
3.468506837677932941e-02
3.468506837677932941e-02
3.468506837677932941e-02
4.584944172908555354e-02
4.584944172908555354e-02
4.584944172908555354e-02
4.584944172908555354e-02
3.833611457620167418e-02
3.833611457620167418e-02
3.833611457620167418e-02
3.833611457620167418e-02
3.833611457620167418e-02
3.833611457620167418e-02
3.833611457620167418e-02
3.005855160170457091e-02
3.005855160170457091e-02
3.005855160170457091e-02
3.005855160170457091e-02
3.005855160170457091e-02
3.005855160170457091e-02
3.063333371865086321e-02
3.063333371865086321e-02
3.063333371865086321e-02
3.063333371865086321e-02
3.063333371865086321e-02
2.706576968242342326e-02
2.706576968242342326e-02
2.706576968242342326e-02
2.706576968242342326e-02
2.706576968242342326e-02
2.706576968242342326e-02
2.706576968242342326e-02
2.889425711277796016e-02
2.889425711277796016e-02
2.889425711277796016e-02
4.155412254011720224e-04
4.155412254011720224e-04
4.155412254011720224e-04
4.155412254011720224e-04
2.791543456219757347e-03
2.791543456219757347e-03
2.791543456219757347e-03
2.791543456219757347e-03
2.666274164529274914e-03
2.666274164529274914e-03
2.666274164529274914e-03
2.666274164529274914e-03
4.355837703478807749e-02
4.355837703478807749e-02
4.355837703478807749e-02
1.755902314324021829e-02
1.755902314324021829e-02
1.755902314324021829e-02
1.755902314324021829e-02
1.755902314324021829e-02
1.755902314324021829e-02
1.755902314324021829e-02
1.755902314324021829e-02
1.783916267830907773e-02
1.783916267830907773e-02
1.783916267830907773e-02
1.783916267830907773e-02
1.783916267830907773e-02
1.783916267830907773e-02
1.783916267830907773e-02
1.783916267830907773e-02
1.783916267830907773e-02
1.783916267830907773e-02
1.783916267830907773e-02
1.783916267830907773e-02
1.783916267830907773e-02
1.783916267830907773e-02
3.095515854147626311e-02
3.095515854147626311e-02
3.095515854147626311e-02
3.095515854147626311e-02
3.095515854147626311e-02
3.095515854147626311e-02
3.095515854147626311e-02
3.095515854147626311e-02
3.095515854147626311e-02
3.095515854147626311e-02
3.095515854147626311e-02
3.095515854147626311e-02
3.095515854147626311e-02
3.095515854147626311e-02
3.095515854147626311e-02
3.095515854147626311e-02
3.095515854147626311e-02
3.095515854147626311e-02
3.095515854147626311e-02
3.095515854147626311e-02
3.095515854147626311e-02
3.414420053895144552e-02
3.414420053895144552e-02
3.414420053895144552e-02
3.414420053895144552e-02
3.414420053895144552e-02
3.414420053895144552e-02
3.414420053895144552e-02
3.414420053895144552e-02
3.414420053895144552e-02
3.414420053895144552e-02
3.414420053895144552e-02
3.414420053895144552e-02
3.414420053895144552e-02
3.414420053895144552e-02
3.414420053895144552e-02
3.414420053895144552e-02
3.414420053895144552e-02
3.414420053895144552e-02
3.414420053895144552e-02
3.414420053895144552e-02
1.928418750385949227e-03
1.928418750385949227e-03
1.928418750385949227e-03
1.928418750385949227e-03
1.928418750385949227e-03
1.928418750385949227e-03
1.928418750385949227e-03
1.928418750385949227e-03
1.928418750385949227e-03
1.928418750385949227e-03
1.928418750385949227e-03
1.928418750385949227e-03
1.928418750385949227e-03
1.928418750385949227e-03
2.332350577936913945e-04
2.332350577936913945e-04
2.332350577936913945e-04
2.332350577936913945e-04
2.332350577936913945e-04
2.332350577936913945e-04
2.332350577936913945e-04
2.332350577936913945e-04
2.332350577936913945e-04
2.332350577936913945e-04
2.332350577936913945e-04
2.332350577936913945e-04
2.332350577936913945e-04
2.332350577936913945e-04
2.332350577936913945e-04
2.332350577936913945e-04
2.332350577936913945e-04
2.332350577936913945e-04
2.332350577936913945e-04
1.801818355321848503e-02
1.801818355321848503e-02
1.801818355321848503e-02
1.801818355321848503e-02
1.801818355321848503e-02
1.801818355321848503e-02
1.801818355321848503e-02
1.498336629844676006e-02
1.498336629844676006e-02
1.498336629844676006e-02
1.498336629844676006e-02
1.498336629844676006e-02
1.498336629844676006e-02
4.791238414069497881e-02
4.791238414069497881e-02
4.791238414069497881e-02
4.791238414069497881e-02
6.038361729846773718e-02
6.038361729846773718e-02
6.038361729846773718e-02
6.038361729846773718e-02
6.038361729846773718e-02
6.038361729846773718e-02
7.199654068646828275e-02
7.199654068646828275e-02
7.199654068646828275e-02
7.199654068646828275e-02
5.116990801037639078e-03
5.116990801037639078e-03
5.116990801037639078e-03
5.116990801037639078e-03
5.116990801037639078e-03
5.116990801037639078e-03
6.383569963561813720e-02
6.383569963561813720e-02
6.383569963561813720e-02
6.383569963561813720e-02
6.383569963561813720e-02
6.383569963561813720e-02
6.383569963561813720e-02
6.383569963561813720e-02
7.058892370400580984e-02
7.058892370400580984e-02
7.058892370400580984e-02
7.058892370400580984e-02
7.058892370400580984e-02
1.555655269461017056e-03
1.555655269461017056e-03
1.555655269461017056e-03
1.555655269461017056e-03
1.022980556633419115e-02
1.022980556633419115e-02
1.022980556633419115e-02
1.022980556633419115e-02
1.022980556633419115e-02
1.022980556633419115e-02
1.022980556633419115e-02
3.679201076785399652e-03
3.679201076785399652e-03
3.679201076785399652e-03
3.679201076785399652e-03
3.679201076785399652e-03
1.851806732035811767e-02
1.851806732035811767e-02
1.851806732035811767e-02
1.851806732035811767e-02
1.851806732035811767e-02
1.851806732035811767e-02
1.851806732035811767e-02
3.728226527860580009e-02
3.728226527860580009e-02
3.728226527860580009e-02
3.728226527860580009e-02
3.728226527860580009e-02
3.814927256239272757e-02
3.814927256239272757e-02
3.814927256239272757e-02
3.814927256239272757e-02
3.814927256239272757e-02
3.814927256239272757e-02
3.814927256239272757e-02
2.380253690190863372e-02
2.380253690190863372e-02
2.380253690190863372e-02
2.380253690190863372e-02
2.380253690190863372e-02
2.380253690190863372e-02
2.380253690190863372e-02
2.381311294377819188e-02
2.381311294377819188e-02
2.381311294377819188e-02
2.381311294377819188e-02
2.381311294377819188e-02
2.381311294377819188e-02
2.381311294377819188e-02
2.366983370102351478e-02
2.366983370102351478e-02
2.366983370102351478e-02
2.366983370102351478e-02
2.366983370102351478e-02
2.366983370102351478e-02
2.366983370102351478e-02
2.366983370102351478e-02
1.118892894193734139e-02
1.118892894193734139e-02
1.118892894193734139e-02
1.118892894193734139e-02
1.118892894193734139e-02
1.118892894193734139e-02
2.606966782554252099e-02
2.606966782554252099e-02
2.606966782554252099e-02
2.606966782554252099e-02
2.606966782554252099e-02
2.606966782554252099e-02
4.450787344802738243e-02
4.450787344802738243e-02
4.450787344802738243e-02
4.450787344802738243e-02
2.980634332255366337e-02
2.980634332255366337e-02
2.980634332255366337e-02
2.980634332255366337e-02
2.980634332255366337e-02
2.980634332255366337e-02
2.980634332255366337e-02
2.980634332255366337e-02
1.790100615598224157e-02
1.790100615598224157e-02
1.790100615598224157e-02
1.790100615598224157e-02
2.064048679626680639e-03
2.064048679626680639e-03
2.064048679626680639e-03
2.319511134448837275e-02
2.319511134448837275e-02
2.319511134448837275e-02
3.922056782514466572e-02
3.922056782514466572e-02
3.922056782514466572e-02
3.922056782514466572e-02
3.922056782514466572e-02
3.922056782514466572e-02
6.771225115651970106e-02
6.771225115651970106e-02
6.771225115651970106e-02
6.771225115651970106e-02
6.771225115651970106e-02
6.771225115651970106e-02
6.771225115651970106e-02
6.771225115651970106e-02
6.771225115651970106e-02
6.771225115651970106e-02
6.771225115651970106e-02
6.393955362593324587e-02
6.393955362593324587e-02
6.393955362593324587e-02
6.393955362593324587e-02
6.393955362593324587e-02
6.393955362593324587e-02
6.393955362593324587e-02
6.393955362593324587e-02
6.393955362593324587e-02
6.393955362593324587e-02
6.393955362593324587e-02
6.393955362593324587e-02
6.393955362593324587e-02
2.268413458273826205e-02
2.268413458273826205e-02
2.268413458273826205e-02
2.268413458273826205e-02
2.268413458273826205e-02
1.438865877806101180e-02
1.438865877806101180e-02
1.438865877806101180e-02
1.438865877806101180e-02
1.438865877806101180e-02
1.438865877806101180e-02
1.438865877806101180e-02
1.438865877806101180e-02
1.438865877806101180e-02
6.881228562377356139e-02
6.881228562377356139e-02
6.881228562377356139e-02
6.881228562377356139e-02
6.881228562377356139e-02
6.881228562377356139e-02
6.881228562377356139e-02
6.881228562377356139e-02
6.881228562377356139e-02
6.881228562377356139e-02
6.881228562377356139e-02
6.881228562377356139e-02
6.881228562377356139e-02
6.881228562377356139e-02
2.680616570851362956e-02
2.680616570851362956e-02
2.680616570851362956e-02
2.680616570851362956e-02
2.680616570851362956e-02
2.680616570851362956e-02
2.680616570851362956e-02
2.680616570851362956e-02
2.680616570851362956e-02
2.680616570851362956e-02
2.680616570851362956e-02
2.680616570851362956e-02
1.167405633479663696e-02
1.167405633479663696e-02
1.167405633479663696e-02
1.167405633479663696e-02
1.167405633479663696e-02
1.167405633479663696e-02
6.602117362206534612e-02
6.602117362206534612e-02
6.602117362206534612e-02
6.602117362206534612e-02
6.602117362206534612e-02
6.602117362206534612e-02
6.602117362206534612e-02
6.602117362206534612e-02
6.602117362206534612e-02
6.602117362206534612e-02
6.602117362206534612e-02
6.602117362206534612e-02
7.304527539471148204e-03
7.304527539471148204e-03
7.304527539471148204e-03
7.304527539471148204e-03
5.394473670771003301e-03
5.394473670771003301e-03
5.394473670771003301e-03
5.394473670771003301e-03
5.394473670771003301e-03
5.394473670771003301e-03
5.394473670771003301e-03
5.394473670771003301e-03
3.681380113740440746e-02
3.681380113740440746e-02
3.681380113740440746e-02
3.681380113740440746e-02
6.377729011987653962e-02
6.377729011987653962e-02
6.377729011987653962e-02
6.377729011987653962e-02
6.377729011987653962e-02
6.377729011987653962e-02
6.377729011987653962e-02
6.377729011987653962e-02
6.377729011987653962e-02
6.377729011987653962e-02
6.377729011987653962e-02
6.377729011987653962e-02
2.567498839367322871e-02
2.567498839367322871e-02
2.567498839367322871e-02
1.661910548249468994e-03
1.661910548249468994e-03
1.661910548249468994e-03
2.110351631756849505e-02
2.110351631756849505e-02
2.110351631756849505e-02
6.591515919269040624e-02
6.591515919269040624e-02
6.591515919269040624e-02
6.591515919269040624e-02
6.591515919269040624e-02
6.591515919269040624e-02
6.591515919269040624e-02
2.887413788701333195e-02
2.887413788701333195e-02
2.887413788701333195e-02
3.593687311211895413e-02
3.593687311211895413e-02
3.593687311211895413e-02
3.593687311211895413e-02
3.593687311211895413e-02
5.530000608401290652e-02
5.530000608401290652e-02
5.530000608401290652e-02
5.530000608401290652e-02
5.530000608401290652e-02
5.530000608401290652e-02
3.436695766817380454e-02
3.436695766817380454e-02
3.436695766817380454e-02
3.436695766817380454e-02
3.436695766817380454e-02
3.436695766817380454e-02
3.436695766817380454e-02
3.436695766817380454e-02
3.436695766817380454e-02
6.044651779810369940e-02
6.044651779810369940e-02
6.044651779810369940e-02
6.044651779810369940e-02
6.044651779810369940e-02
6.044651779810369940e-02
6.044651779810369940e-02
5.476635998091101271e-02
5.476635998091101271e-02
5.476635998091101271e-02
5.476635998091101271e-02
5.476635998091101271e-02
5.476635998091101271e-02
3.066972800691842790e-02
3.066972800691842790e-02
3.066972800691842790e-02
5.917652532030865525e-02
5.917652532030865525e-02
5.917652532030865525e-02
5.917652532030865525e-02
5.917652532030865525e-02
5.917652532030865525e-02
5.917652532030865525e-02
4.422655986162720571e-02
4.422655986162720571e-02
4.422655986162720571e-02
4.422655986162720571e-02
4.422655986162720571e-02
1.768489547260539141e-02
1.768489547260539141e-02
1.768489547260539141e-02
3.318412419383159201e-02
3.318412419383159201e-02
3.318412419383159201e-02
2.469120609563195401e-02
2.469120609563195401e-02
2.469120609563195401e-02
2.283202367302355693e-02
2.283202367302355693e-02
2.283202367302355693e-02
1.183554622498284546e-02
1.183554622498284546e-02
1.183554622498284546e-02
1.183554622498284546e-02
1.183554622498284546e-02
8.735002664087491986e-03
8.735002664087491986e-03
8.735002664087491986e-03
8.735002664087491986e-03
1.926277693502181920e-02
1.926277693502181920e-02
1.926277693502181920e-02
1.194286880776210084e-02
1.194286880776210084e-02
1.194286880776210084e-02
1.194286880776210084e-02
1.194286880776210084e-02
7.808576584185438103e-03
7.808576584185438103e-03
7.808576584185438103e-03
7.808576584185438103e-03
2.188260965905625133e-02
2.188260965905625133e-02
2.188260965905625133e-02
2.188260965905625133e-02
2.188260965905625133e-02
2.188260965905625133e-02
2.188260965905625133e-02
6.954380759502517759e-03
6.954380759502517759e-03
6.954380759502517759e-03
6.954380759502517759e-03
6.954380759502517759e-03
2.717298397665581650e-02
2.717298397665581650e-02
2.717298397665581650e-02
2.039855406559697854e-02
2.039855406559697854e-02
2.039855406559697854e-02
2.039855406559697854e-02
2.039855406559697854e-02
2.039855406559697854e-02
2.039855406559697854e-02
2.048192044075250462e-02
2.048192044075250462e-02
1.839271196542383024e-02
1.839271196542383024e-02
3.464868632720101427e-03
3.464868632720101427e-03
3.464868632720101427e-03
3.464868632720101427e-03
3.464868632720101427e-03
4.271448305688369538e-11
4.271448305688369538e-11
4.271448305688369538e-11
4.271448305688369538e-11
2.019730445236215741e-02
2.019730445236215741e-02
2.019730445236215741e-02
2.019730445236215741e-02
2.351929725791566256e-02
2.351929725791566256e-02
2.351929725791566256e-02
1.373124259485797305e-02
1.373124259485797305e-02
1.373124259485797305e-02
1.373124259485797305e-02
1.373124259485797305e-02
1.373124259485797305e-02
1.434927679781395141e-02
1.434927679781395141e-02
1.434927679781395141e-02
1.434927679781395141e-02
1.434927679781395141e-02
1.051086107202644018e-03
1.051086107202644018e-03
1.051086107202644018e-03
1.051086107202644018e-03
1.051086107202644018e-03
1.051086107202644018e-03
1.051086107202644018e-03
1.051086107202644018e-03
1.051086107202644018e-03
1.051086107202644018e-03
1.051086107202644018e-03
1.051086107202644018e-03
4.710629556799020116e-03
4.710629556799020116e-03
4.710629556799020116e-03
4.710629556799020116e-03
4.710629556799020116e-03
4.710629556799020116e-03
4.710629556799020116e-03
4.710629556799020116e-03
4.710629556799020116e-03
4.710629556799020116e-03
4.710629556799020116e-03
4.710629556799020116e-03
4.710629556799020116e-03
4.710629556799020116e-03
4.710629556799020116e-03
1.432235332980112165e-02
1.432235332980112165e-02
1.432235332980112165e-02
2.469065323119921593e-02
2.469065323119921593e-02
2.469065323119921593e-02
2.818334050073176972e-02
2.818334050073176972e-02
2.818334050073176972e-02
2.818334050073176972e-02
6.632188298883351894e-03
6.632188298883351894e-03
6.632188298883351894e-03
2.131386743807517012e-02
2.131386743807517012e-02
2.942306513269595664e-02
2.942306513269595664e-02
2.942306513269595664e-02
2.942306513269595664e-02
2.126037335008119228e-02
2.126037335008119228e-02
2.126037335008119228e-02
2.126037335008119228e-02
2.126037335008119228e-02
8.475388450168776233e-02
8.475388450168776233e-02
8.475388450168776233e-02
5.893228133139029323e-02
5.893228133139029323e-02
5.893228133139029323e-02
5.893228133139029323e-02
5.893228133139029323e-02
1.040744087944190516e-02
1.040744087944190516e-02
1.040744087944190516e-02
1.040744087944190516e-02
1.040744087944190516e-02
1.833010669046319929e-02
1.833010669046319929e-02
1.833010669046319929e-02
1.833010669046319929e-02
6.412694983857170072e-02
6.412694983857170072e-02
6.412694983857170072e-02
6.412694983857170072e-02
6.412694983857170072e-02
6.412694983857170072e-02
6.412694983857170072e-02
5.380292473742264575e-02
5.380292473742264575e-02
5.380292473742264575e-02
5.380292473742264575e-02
5.380292473742264575e-02
5.380292473742264575e-02
5.380292473742264575e-02
5.380292473742264575e-02
6.881654990794430771e-02
6.881654990794430771e-02
6.881654990794430771e-02
1.993546814595170691e-02
1.993546814595170691e-02
1.993546814595170691e-02
1.993546814595170691e-02
1.993546814595170691e-02
1.993546814595170691e-02
1.993546814595170691e-02
1.993546814595170691e-02
1.993546814595170691e-02
2.472955251865517796e-03
2.472955251865517796e-03
2.472955251865517796e-03
2.472955251865517796e-03
2.472955251865517796e-03
2.472955251865517796e-03
2.472955251865517796e-03
2.472955251865517796e-03
2.472955251865517796e-03
2.472955251865517796e-03
2.472955251865517796e-03
2.472955251865517796e-03
5.489660380116534455e-02
5.489660380116534455e-02
5.489660380116534455e-02
5.489660380116534455e-02
5.489660380116534455e-02
5.489660380116534455e-02
5.489660380116534455e-02
5.489660380116534455e-02
5.178644491568386299e-02
5.178644491568386299e-02
5.178644491568386299e-02
5.178644491568386299e-02
5.178644491568386299e-02
5.178644491568386299e-02
5.178644491568386299e-02
5.178644491568386299e-02
5.178644491568386299e-02
6.243528441173487598e-02
6.243528441173487598e-02
6.243528441173487598e-02
6.243528441173487598e-02
6.243528441173487598e-02
6.243528441173487598e-02
6.243528441173487598e-02
6.243528441173487598e-02
7.143126935401535038e-02
7.143126935401535038e-02
7.143126935401535038e-02
7.143126935401535038e-02
7.143126935401535038e-02
7.143126935401535038e-02
5.366056301893351588e-02
5.366056301893351588e-02
5.366056301893351588e-02
5.366056301893351588e-02
5.366056301893351588e-02
5.366056301893351588e-02
5.366056301893351588e-02
1.874877301061545279e-02
1.874877301061545279e-02
1.874877301061545279e-02
1.874877301061545279e-02
1.874877301061545279e-02
1.437245954706163065e-01
1.437245954706163065e-01
1.437245954706163065e-01
6.002883407402100080e-02
6.002883407402100080e-02
6.002883407402100080e-02
6.002883407402100080e-02
6.002883407402100080e-02
5.216442307948047918e-02
5.216442307948047918e-02
5.216442307948047918e-02
5.216442307948047918e-02
5.216442307948047918e-02
5.216442307948047918e-02
9.908123940760424006e-03
9.908123940760424006e-03
9.908123940760424006e-03
9.908123940760424006e-03
9.908123940760424006e-03
9.908123940760424006e-03
9.908123940760424006e-03
9.908123940760424006e-03
9.908123940760424006e-03
9.908123940760424006e-03
9.908123940760424006e-03
9.908123940760424006e-03
9.908123940760424006e-03
9.908123940760424006e-03
9.908123940760424006e-03
4.600191457610129653e-02
4.600191457610129653e-02
4.600191457610129653e-02
4.600191457610129653e-02
4.600191457610129653e-02
2.377215112105288131e-02
2.377215112105288131e-02
2.377215112105288131e-02
3.025264857482122538e-02
3.025264857482122538e-02
3.025264857482122538e-02
3.025264857482122538e-02
3.025264857482122538e-02
3.025264857482122538e-02
3.025264857482122538e-02
3.025264857482122538e-02
3.025264857482122538e-02
3.897452617168581379e-02
3.897452617168581379e-02
3.897452617168581379e-02
3.897452617168581379e-02
5.124855827461820973e-02
5.124855827461820973e-02
5.124855827461820973e-02
5.124855827461820973e-02
5.124855827461820973e-02
7.720152634008273229e-02
7.720152634008273229e-02
7.720152634008273229e-02
7.720152634008273229e-02
7.720152634008273229e-02
2.932525037992744776e-02
2.932525037992744776e-02
2.932525037992744776e-02
2.932525037992744776e-02
2.932525037992744776e-02
2.932525037992744776e-02
4.924381641766098841e-03
1.816561679206977684e-02
1.816561679206977684e-02
1.816561679206977684e-02
1.816561679206977684e-02
1.816561679206977684e-02
5.595605420855717486e-03
2.192462621458860991e-02
2.192462621458860991e-02
2.192462621458860991e-02
2.192462621458860991e-02
2.192462621458860991e-02
2.350652047462304176e-02
2.350652047462304176e-02
2.350652047462304176e-02
2.350652047462304176e-02
1.419956920684191382e-02
1.419956920684191382e-02
1.419956920684191382e-02
1.419956920684191382e-02
1.419956920684191382e-02
1.419956920684191382e-02
1.333857048829822922e-02
1.333857048829822922e-02
1.333857048829822922e-02
1.333857048829822922e-02
1.333857048829822922e-02
1.333857048829822922e-02
1.333857048829822922e-02
1.333857048829822922e-02
1.333857048829822922e-02
1.333857048829822922e-02
1.333857048829822922e-02
1.333857048829822922e-02
1.333857048829822922e-02
1.703613404134150452e-02
1.703613404134150452e-02
1.703613404134150452e-02
1.703613404134150452e-02
1.703613404134150452e-02
1.703613404134150452e-02
1.703613404134150452e-02
1.703613404134150452e-02
1.703613404134150452e-02
1.703613404134150452e-02
7.689635082316516670e-03
7.689635082316516670e-03
7.689635082316516670e-03
7.689635082316516670e-03
7.689635082316516670e-03
7.689635082316516670e-03
2.244358351063462792e-02
2.244358351063462792e-02
2.244358351063462792e-02
2.244358351063462792e-02
2.244358351063462792e-02
2.244358351063462792e-02
2.244358351063462792e-02
2.244358351063462792e-02
2.244358351063462792e-02
2.244358351063462792e-02
2.244358351063462792e-02
2.244358351063462792e-02
2.244358351063462792e-02
2.244358351063462792e-02
3.240982694001157821e-02
3.240982694001157821e-02
3.240982694001157821e-02
3.240982694001157821e-02
3.240982694001157821e-02
3.240982694001157821e-02
3.240982694001157821e-02
3.240982694001157821e-02
3.240982694001157821e-02
1.830627046357281504e-02
1.830627046357281504e-02
1.830627046357281504e-02
1.929462401935634966e-02
1.929462401935634966e-02
6.715729391706321168e-03
6.715729391706321168e-03
6.715729391706321168e-03
6.715729391706321168e-03
6.715729391706321168e-03
6.715729391706321168e-03
2.013707176850664665e-02
2.013707176850664665e-02
2.013707176850664665e-02
2.013707176850664665e-02
2.013707176850664665e-02
2.013707176850664665e-02
2.771945626583344549e-02
2.771945626583344549e-02
2.771945626583344549e-02
2.771945626583344549e-02
2.328743409545306828e-03
2.328743409545306828e-03
2.328743409545306828e-03
2.328743409545306828e-03
2.328743409545306828e-03
2.328743409545306828e-03
1.749116364554220704e-02
1.749116364554220704e-02
1.749116364554220704e-02
1.749116364554220704e-02
1.749116364554220704e-02
4.974280396423611667e-02
4.974280396423611667e-02
4.974280396423611667e-02
4.974280396423611667e-02
4.974280396423611667e-02
4.974280396423611667e-02
4.974280396423611667e-02
4.974280396423611667e-02
4.974280396423611667e-02
1.804343690309942114e-02
1.804343690309942114e-02
1.804343690309942114e-02
1.804343690309942114e-02
2.421329328400318240e-02
2.421329328400318240e-02
2.421329328400318240e-02
2.421329328400318240e-02
2.421329328400318240e-02
2.421329328400318240e-02
2.421329328400318240e-02
2.421329328400318240e-02
2.421329328400318240e-02
2.421329328400318240e-02
2.421329328400318240e-02
2.421329328400318240e-02
9.318581932939967727e-03
9.318581932939967727e-03
9.318581932939967727e-03
9.318581932939967727e-03
9.318581932939967727e-03
9.318581932939967727e-03
9.318581932939967727e-03
9.318581932939967727e-03
9.318581932939967727e-03
9.318581932939967727e-03
2.683076891717219720e-02
2.683076891717219720e-02
2.683076891717219720e-02
2.683076891717219720e-02
2.683076891717219720e-02
2.683076891717219720e-02
2.683076891717219720e-02
2.683076891717219720e-02
2.683076891717219720e-02
2.145168140938889800e-02
2.145168140938889800e-02
2.145168140938889800e-02
2.145168140938889800e-02
2.145168140938889800e-02
2.145168140938889800e-02
2.145168140938889800e-02
6.852165444692979827e-03
6.852165444692979827e-03
6.852165444692979827e-03
6.852165444692979827e-03
4.551847664699475160e-02
4.551847664699475160e-02
4.551847664699475160e-02
4.551847664699475160e-02
4.551847664699475160e-02
4.551847664699475160e-02
4.551847664699475160e-02
4.551847664699475160e-02
4.551847664699475160e-02
4.551847664699475160e-02
4.551847664699475160e-02
2.830225820280815943e-02
2.830225820280815943e-02
9.842473876414174760e-02
8.692114616671425820e-02
8.692114616671425820e-02
8.692114616671425820e-02
1.551097389981015255e-02
1.551097389981015255e-02
2.495902674436240032e-02
2.495902674436240032e-02
2.495902674436240032e-02
2.495902674436240032e-02
2.495902674436240032e-02
2.495902674436240032e-02
2.495902674436240032e-02
2.495902674436240032e-02
2.495902674436240032e-02
2.495902674436240032e-02
2.495902674436240032e-02
2.495902674436240032e-02
2.495902674436240032e-02
2.495902674436240032e-02
2.495902674436240032e-02
2.495902674436240032e-02
2.495902674436240032e-02
2.495902674436240032e-02
2.495902674436240032e-02
8.403259295678797147e-03
8.403259295678797147e-03
8.403259295678797147e-03
8.403259295678797147e-03
8.403259295678797147e-03
8.403259295678797147e-03
8.403259295678797147e-03
8.403259295678797147e-03
2.082835757370272642e-02
2.082835757370272642e-02
2.082835757370272642e-02
2.082835757370272642e-02
2.082835757370272642e-02
2.082835757370272642e-02
2.082835757370272642e-02
2.082835757370272642e-02
2.082835757370272642e-02
2.082835757370272642e-02
2.082835757370272642e-02
2.082835757370272642e-02
2.082835757370272642e-02
2.082835757370272642e-02
2.082835757370272642e-02
2.082835757370272642e-02
2.082835757370272642e-02
2.082835757370272642e-02
2.082835757370272642e-02
2.082835757370272642e-02
2.082835757370272642e-02
2.082835757370272642e-02
4.368508772213293423e-02
3.049010827158840642e-02
3.049010827158840642e-02
1.320407368491866885e-02
1.320407368491866885e-02
1.320407368491866885e-02
1.445244723107075649e-02
1.445244723107075649e-02
1.445244723107075649e-02
2.386128509166038705e-02
2.386128509166038705e-02
2.386128509166038705e-02
2.386128509166038705e-02
2.386128509166038705e-02
2.386128509166038705e-02
6.868479722133703780e-03
6.868479722133703780e-03
6.868479722133703780e-03
6.868479722133703780e-03
6.868479722133703780e-03
6.868479722133703780e-03
6.868479722133703780e-03
6.868479722133703780e-03
6.868479722133703780e-03
6.868479722133703780e-03
6.868479722133703780e-03
6.868479722133703780e-03
6.868479722133703780e-03
6.868479722133703780e-03
6.868479722133703780e-03
6.868479722133703780e-03
6.868479722133703780e-03
6.868479722133703780e-03
6.868479722133703780e-03
6.868479722133703780e-03
2.312130283166778655e-02
2.312130283166778655e-02
2.312130283166778655e-02
3.005462503295940405e-02
3.005462503295940405e-02
3.005462503295940405e-02
3.005462503295940405e-02
3.005462503295940405e-02
3.005462503295940405e-02
2.906066600794914023e-02
2.906066600794914023e-02
2.906066600794914023e-02
2.906066600794914023e-02
2.906066600794914023e-02
2.906066600794914023e-02
2.906066600794914023e-02
1.053190316607540561e-02
1.053190316607540561e-02
1.053190316607540561e-02
1.053190316607540561e-02
1.053190316607540561e-02
1.053190316607540561e-02
1.053190316607540561e-02
1.053190316607540561e-02
1.963126247473821750e-02
1.963126247473821750e-02
1.963126247473821750e-02
1.963126247473821750e-02
1.963126247473821750e-02
1.963126247473821750e-02
1.963126247473821750e-02
8.386105068614974414e-03
8.386105068614974414e-03
8.386105068614974414e-03
8.386105068614974414e-03
8.386105068614974414e-03
8.386105068614974414e-03
8.386105068614974414e-03
8.386105068614974414e-03
2.103706919797704907e-03
2.103706919797704907e-03
2.103706919797704907e-03
2.103706919797704907e-03
2.103706919797704907e-03
2.103706919797704907e-03
2.103706919797704907e-03
2.103706919797704907e-03
2.103706919797704907e-03
2.103706919797704907e-03
2.103706919797704907e-03
2.103706919797704907e-03
2.103706919797704907e-03
2.103706919797704907e-03
2.103706919797704907e-03
2.103706919797704907e-03
2.103706919797704907e-03
7.698543635700740712e-03
7.698543635700740712e-03
7.698543635700740712e-03
7.698543635700740712e-03
7.698543635700740712e-03
7.698543635700740712e-03
7.698543635700740712e-03
7.859156950406610137e-03
7.859156950406610137e-03
7.859156950406610137e-03
7.859156950406610137e-03
7.859156950406610137e-03
7.758259029568403270e-03
7.758259029568403270e-03
7.758259029568403270e-03
7.758259029568403270e-03
7.758259029568403270e-03
2.266784037387142847e-02
2.266784037387142847e-02
2.266784037387142847e-02
2.266784037387142847e-02
2.266784037387142847e-02
2.266784037387142847e-02
2.154340121915896463e-03
2.154340121915896463e-03
2.154340121915896463e-03
2.154340121915896463e-03
2.154340121915896463e-03
2.154340121915896463e-03
2.154340121915896463e-03
2.154340121915896463e-03
2.154340121915896463e-03
2.154340121915896463e-03
2.154340121915896463e-03
2.247478488649486822e-02
2.247478488649486822e-02
2.247478488649486822e-02
2.247478488649486822e-02
2.247478488649486822e-02
2.247478488649486822e-02
2.247478488649486822e-02
2.247478488649486822e-02
2.247478488649486822e-02
2.247478488649486822e-02
2.739827488153852644e-02
2.739827488153852644e-02
2.739827488153852644e-02
2.739827488153852644e-02
2.739827488153852644e-02
2.739827488153852644e-02
4.873325949307259070e-02
4.873325949307259070e-02
4.873325949307259070e-02
6.237736354074725070e-03
6.237736354074725070e-03
6.237736354074725070e-03
6.237736354074725070e-03
1.091437922377794245e-02
1.091437922377794245e-02
1.091437922377794245e-02
1.091437922377794245e-02
2.348836000276623148e-02
2.348836000276623148e-02
2.348836000276623148e-02
2.348836000276623148e-02
3.024617758044295321e-02
3.024617758044295321e-02
3.024617758044295321e-02
3.024617758044295321e-02
3.024617758044295321e-02
3.204449370733135349e-02
3.204449370733135349e-02
3.204449370733135349e-02
3.204449370733135349e-02
3.204449370733135349e-02
3.204449370733135349e-02
3.204449370733135349e-02
3.204449370733135349e-02
3.204449370733135349e-02
2.079191002190451318e-02
2.079191002190451318e-02
2.079191002190451318e-02
3.491912684151695593e-03
3.491912684151695593e-03
3.491912684151695593e-03
3.491912684151695593e-03
3.491912684151695593e-03
3.491912684151695593e-03
9.676716954609573818e-03
9.676716954609573818e-03
9.676716954609573818e-03
9.676716954609573818e-03
9.676716954609573818e-03
5.247361008189672547e-04
5.247361008189672547e-04
5.247361008189672547e-04
2.049648891643416834e-02
2.049648891643416834e-02
2.049648891643416834e-02
2.049648891643416834e-02
2.049648891643416834e-02
5.574644786383160106e-03
5.574644786383160106e-03
5.574644786383160106e-03
5.574644786383160106e-03
5.574644786383160106e-03
5.574644786383160106e-03
5.574644786383160106e-03
5.574644786383160106e-03
1.694911544546275420e-02
1.694911544546275420e-02
1.694911544546275420e-02
6.398814157172035867e-03
6.398814157172035867e-03
6.398814157172035867e-03
2.761669297879210810e-02
2.761669297879210810e-02
2.761669297879210810e-02
2.761669297879210810e-02
2.761669297879210810e-02
2.761669297879210810e-02
2.761669297879210810e-02
6.345955878724587364e-03
6.345955878724587364e-03
6.345955878724587364e-03
6.345955878724587364e-03
6.345955878724587364e-03
6.345955878724587364e-03
6.345955878724587364e-03
2.719101209308989048e-02
2.719101209308989048e-02
2.719101209308989048e-02
1.425634844238724995e-03
1.425634844238724995e-03
1.425634844238724995e-03
1.425634844238724995e-03
1.425634844238724995e-03
1.425634844238724995e-03
1.425634844238724995e-03
1.425634844238724995e-03
2.244985133344018155e-02
2.244985133344018155e-02
2.244985133344018155e-02
2.244985133344018155e-02
2.244985133344018155e-02
2.244985133344018155e-02
5.753918171042397486e-03
5.753918171042397486e-03
5.753918171042397486e-03
5.753918171042397486e-03
5.753918171042397486e-03
5.753918171042397486e-03
8.560804804631098929e-04
8.560804804631098929e-04
8.560804804631098929e-04
8.560804804631098929e-04
8.560804804631098929e-04
8.560804804631098929e-04
8.560804804631098929e-04
2.492806700432057595e-03
2.492806700432057595e-03
2.492806700432057595e-03
2.492806700432057595e-03
2.492806700432057595e-03
2.492806700432057595e-03
2.492806700432057595e-03
2.492806700432057595e-03
2.492806700432057595e-03
1.113595740754673089e-02
1.113595740754673089e-02
1.113595740754673089e-02
1.113595740754673089e-02
1.113595740754673089e-02
1.565006857054103070e-02
1.565006857054103070e-02
1.565006857054103070e-02
1.565006857054103070e-02
1.565006857054103070e-02
1.565006857054103070e-02
2.147757456680661481e-02
2.147757456680661481e-02
2.147757456680661481e-02
2.147757456680661481e-02
2.147757456680661481e-02
2.147757456680661481e-02
2.147757456680661481e-02
9.882439322468971471e-03
9.882439322468971471e-03
9.882439322468971471e-03
9.882439322468971471e-03
9.882439322468971471e-03
2.012920245277930245e-02
1.874999506714386532e-02
1.874999506714386532e-02
1.874999506714386532e-02
2.008796957527080734e-02
2.008796957527080734e-02
2.008796957527080734e-02
2.008796957527080734e-02
2.008796957527080734e-02
2.008796957527080734e-02
2.008796957527080734e-02
2.008796957527080734e-02
2.008796957527080734e-02
1.346700403556652832e-02
1.346700403556652832e-02
1.346700403556652832e-02
1.346700403556652832e-02
1.346700403556652832e-02
1.346700403556652832e-02
1.346700403556652832e-02
1.346700403556652832e-02
1.346700403556652832e-02
1.346700403556652832e-02
2.889720669522733223e-02
2.889720669522733223e-02
2.889720669522733223e-02
1.920837333811882541e-02
1.920837333811882541e-02
1.920837333811882541e-02
1.920837333811882541e-02
1.920837333811882541e-02
1.920837333811882541e-02
1.920837333811882541e-02
1.920837333811882541e-02
2.829246679481278032e-02
2.829246679481278032e-02
2.829246679481278032e-02
2.829246679481278032e-02
2.829246679481278032e-02
2.829246679481278032e-02
2.829246679481278032e-02
2.829246679481278032e-02
2.829246679481278032e-02
2.829246679481278032e-02
2.829246679481278032e-02
2.829246679481278032e-02
2.829246679481278032e-02
2.829246679481278032e-02
2.494911561291593069e-02
2.494911561291593069e-02
2.494911561291593069e-02
2.494911561291593069e-02
2.494911561291593069e-02
2.494911561291593069e-02
2.494911561291593069e-02
2.494911561291593069e-02
2.494911561291593069e-02
1.034940329436812023e-02
1.034940329436812023e-02
1.034940329436812023e-02
1.034940329436812023e-02
1.034940329436812023e-02
1.034940329436812023e-02
8.809683897146685077e-04
8.809683897146685077e-04
8.809683897146685077e-04
8.809683897146685077e-04
8.809683897146685077e-04
8.809683897146685077e-04
8.809683897146685077e-04
8.809683897146685077e-04
1.661290923896358018e-02
1.661290923896358018e-02
1.661290923896358018e-02
2.493587580007631740e-02
2.493587580007631740e-02
2.493587580007631740e-02
2.493587580007631740e-02
2.493587580007631740e-02
2.493587580007631740e-02
2.493587580007631740e-02
1.117825892508696878e-02
1.117825892508696878e-02
1.117825892508696878e-02
1.117825892508696878e-02
1.117825892508696878e-02
1.117825892508696878e-02
1.117825892508696878e-02
1.117825892508696878e-02
1.074353539375066642e-03
1.074353539375066642e-03
1.074353539375066642e-03
1.074353539375066642e-03
1.074353539375066642e-03
1.074353539375066642e-03
1.074353539375066642e-03
1.074353539375066642e-03
1.048588641405115603e-02
1.048588641405115603e-02
1.048588641405115603e-02
1.048588641405115603e-02
1.048588641405115603e-02
1.048588641405115603e-02
1.048588641405115603e-02
1.048588641405115603e-02
1.048588641405115603e-02
1.048588641405115603e-02
3.519943518967626195e-02
3.519943518967626195e-02
3.519943518967626195e-02
3.519943518967626195e-02
5.279250125789792733e-03
5.279250125789792733e-03
5.279250125789792733e-03
5.279250125789792733e-03
5.279250125789792733e-03
5.279250125789792733e-03
5.279250125789792733e-03
5.279250125789792733e-03
5.279250125789792733e-03
5.279250125789792733e-03
5.279250125789792733e-03
1.555383463589787331e-02
1.555383463589787331e-02
1.555383463589787331e-02
1.555383463589787331e-02
1.555383463589787331e-02
1.555383463589787331e-02
1.555383463589787331e-02
1.555383463589787331e-02
1.555383463589787331e-02
1.555383463589787331e-02
2.557236900850492350e-02
2.557236900850492350e-02
2.557236900850492350e-02
2.557236900850492350e-02
2.557236900850492350e-02
2.557236900850492350e-02
2.557236900850492350e-02
2.557236900850492350e-02
2.557236900850492350e-02
2.989419606621354641e-02
2.989419606621354641e-02
2.989419606621354641e-02
2.989419606621354641e-02
2.989419606621354641e-02
2.989419606621354641e-02
2.989419606621354641e-02
2.989419606621354641e-02
3.114681407120895029e-02
3.114681407120895029e-02
3.114681407120895029e-02
3.353604212063447665e-02
3.353604212063447665e-02
3.353604212063447665e-02
3.353604212063447665e-02
4.283268518506438971e-03
1.664819348892258855e-02
1.664819348892258855e-02
1.664819348892258855e-02
3.222424872809756969e-03
3.222424872809756969e-03
3.222424872809756969e-03
3.222424872809756969e-03
3.730909393870838423e-03
3.730909393870838423e-03
3.730909393870838423e-03
3.730909393870838423e-03
1.742452104001687360e-02
1.742452104001687360e-02
1.742452104001687360e-02
1.742452104001687360e-02
1.742452104001687360e-02
1.742452104001687360e-02
1.838779255531659829e-02
3.501452537095399442e-02
3.501452537095399442e-02
3.501452537095399442e-02
3.501452537095399442e-02
3.501452537095399442e-02
6.001768718870503262e-03
6.001768718870503262e-03
6.001768718870503262e-03
6.001768718870503262e-03
6.001768718870503262e-03
2.194853309396798541e-02
2.194853309396798541e-02
2.194853309396798541e-02
2.194853309396798541e-02
2.725274069439333896e-02
2.725274069439333896e-02
2.725274069439333896e-02
2.236270003053244040e-02
2.236270003053244040e-02
2.236270003053244040e-02
2.236270003053244040e-02
2.236270003053244040e-02
2.730846442630788240e-02
2.730846442630788240e-02
2.730846442630788240e-02
2.730846442630788240e-02
2.730846442630788240e-02
1.812847353381629237e-02
1.812847353381629237e-02
1.812847353381629237e-02
1.812847353381629237e-02
1.812847353381629237e-02
1.812847353381629237e-02
1.812847353381629237e-02
1.812847353381629237e-02
4.912748881165236031e-02
4.912748881165236031e-02
4.912748881165236031e-02
1.754113132565387340e-02
1.754113132565387340e-02
1.754113132565387340e-02
1.754113132565387340e-02
1.461022765687948130e-02
1.461022765687948130e-02
1.461022765687948130e-02
1.461022765687948130e-02
1.461022765687948130e-02
1.461022765687948130e-02
1.461022765687948130e-02
1.461022765687948130e-02
1.461022765687948130e-02
2.827712195801856607e-02
2.827712195801856607e-02
2.827712195801856607e-02
1.507849705271586613e-02
1.507849705271586613e-02
1.507849705271586613e-02
1.507849705271586613e-02
1.507849705271586613e-02
1.507849705271586613e-02
1.507849705271586613e-02
1.507849705271586613e-02
1.507849705271586613e-02
1.507849705271586613e-02
1.507849705271586613e-02
1.507849705271586613e-02
1.507849705271586613e-02
1.507849705271586613e-02
2.198219964461008494e-02
2.198219964461008494e-02
2.198219964461008494e-02
2.198219964461008494e-02
2.198219964461008494e-02
2.198219964461008494e-02
2.198219964461008494e-02
2.198219964461008494e-02
1.667375638532297977e-02
1.667375638532297977e-02
1.667375638532297977e-02
1.667375638532297977e-02
1.667375638532297977e-02
1.667375638532297977e-02
1.667375638532297977e-02
1.667375638532297977e-02
1.667375638532297977e-02
1.667375638532297977e-02
1.667375638532297977e-02
1.667375638532297977e-02
2.108255497667849490e-02
2.108255497667849490e-02
2.108255497667849490e-02
2.108255497667849490e-02
2.108255497667849490e-02
2.108255497667849490e-02
2.108255497667849490e-02
2.108255497667849490e-02
1.707655157158573592e-02
1.707655157158573592e-02
1.707655157158573592e-02
1.707655157158573592e-02
1.707655157158573592e-02
1.707655157158573592e-02
1.707655157158573592e-02
1.707655157158573592e-02
1.707655157158573592e-02
1.707655157158573592e-02
1.707655157158573592e-02
1.453672024323159062e-02
1.453672024323159062e-02
1.453672024323159062e-02
1.453672024323159062e-02
1.453672024323159062e-02
2.156180279415917042e-02
2.156180279415917042e-02
2.156180279415917042e-02
2.156180279415917042e-02
2.156180279415917042e-02
2.156180279415917042e-02
2.156180279415917042e-02
2.156180279415917042e-02
2.156180279415917042e-02
2.156180279415917042e-02
2.156180279415917042e-02
2.156180279415917042e-02
2.286586503223472441e-02
2.286586503223472441e-02
2.286586503223472441e-02
2.286586503223472441e-02
2.286586503223472441e-02
2.286586503223472441e-02
2.286586503223472441e-02
2.286586503223472441e-02
2.286586503223472441e-02
2.286586503223472441e-02
2.286586503223472441e-02
2.286586503223472441e-02
2.796561674389343166e-02
2.796561674389343166e-02
2.796561674389343166e-02
2.796561674389343166e-02
2.796561674389343166e-02
2.796561674389343166e-02
2.796561674389343166e-02
2.796561674389343166e-02
2.796561674389343166e-02
2.796561674389343166e-02
2.796561674389343166e-02
2.796561674389343166e-02
2.796561674389343166e-02
2.796561674389343166e-02
2.796561674389343166e-02
3.044681910534397656e-02
3.044681910534397656e-02
3.044681910534397656e-02
3.044681910534397656e-02
3.044681910534397656e-02
3.044681910534397656e-02
3.044681910534397656e-02
3.044681910534397656e-02
3.044681910534397656e-02
3.044681910534397656e-02
2.968153477508418681e-02
2.968153477508418681e-02
2.968153477508418681e-02
2.968153477508418681e-02
2.968153477508418681e-02
2.968153477508418681e-02
2.968153477508418681e-02
2.968153477508418681e-02
2.968153477508418681e-02
2.968153477508418681e-02
2.968153477508418681e-02
2.968153477508418681e-02
2.968153477508418681e-02
4.178136449685372622e-02
4.178136449685372622e-02
4.178136449685372622e-02
4.178136449685372622e-02
4.178136449685372622e-02
4.178136449685372622e-02
4.178136449685372622e-02
4.178136449685372622e-02
4.178136449685372622e-02
4.178136449685372622e-02
3.191779162651964263e-02
3.191779162651964263e-02
3.191779162651964263e-02
3.191779162651964263e-02
3.191779162651964263e-02
3.191779162651964263e-02
3.191779162651964263e-02
3.191779162651964263e-02
3.191779162651964263e-02
3.191779162651964263e-02
3.191779162651964263e-02
3.191779162651964263e-02
1.808287680116107531e-03
1.808287680116107531e-03
1.808287680116107531e-03
1.979770930100539089e-02
1.979770930100539089e-02
1.979770930100539089e-02
1.979770930100539089e-02
1.979770930100539089e-02
1.979770930100539089e-02
1.979770930100539089e-02
1.979770930100539089e-02
1.979770930100539089e-02
1.979770930100539089e-02
1.979770930100539089e-02
1.979770930100539089e-02
1.979770930100539089e-02
1.979770930100539089e-02
2.210579077432166251e-02
2.210579077432166251e-02
2.210579077432166251e-02
2.210579077432166251e-02
2.210579077432166251e-02
2.210579077432166251e-02
2.210579077432166251e-02
2.210579077432166251e-02
2.210579077432166251e-02
2.210579077432166251e-02
2.210579077432166251e-02
2.210579077432166251e-02
2.210579077432166251e-02
2.202064305401556579e-02
2.202064305401556579e-02
2.202064305401556579e-02
2.202064305401556579e-02
2.202064305401556579e-02
2.202064305401556579e-02
2.202064305401556579e-02
2.202064305401556579e-02
2.202064305401556579e-02
2.202064305401556579e-02
2.202064305401556579e-02
2.202064305401556579e-02
2.202064305401556579e-02
2.202064305401556579e-02
2.202064305401556579e-02
2.699680890671600844e-02
2.699680890671600844e-02
2.699680890671600844e-02
2.699680890671600844e-02
2.699680890671600844e-02
2.699680890671600844e-02
2.699680890671600844e-02
2.699680890671600844e-02
2.699680890671600844e-02
2.699680890671600844e-02
2.699680890671600844e-02
2.699680890671600844e-02
2.699680890671600844e-02
4.717003565541068311e-02
4.717003565541068311e-02
4.717003565541068311e-02
4.717003565541068311e-02
4.717003565541068311e-02
4.717003565541068311e-02
4.717003565541068311e-02
4.717003565541068311e-02
4.717003565541068311e-02
4.717003565541068311e-02
4.717003565541068311e-02
4.717003565541068311e-02
4.717003565541068311e-02
4.717003565541068311e-02
4.717003565541068311e-02
4.717003565541068311e-02
4.717003565541068311e-02
4.717003565541068311e-02
4.635347790565289700e-02
4.635347790565289700e-02
4.635347790565289700e-02
4.635347790565289700e-02
4.635347790565289700e-02
4.635347790565289700e-02
4.635347790565289700e-02
4.635347790565289700e-02
4.635347790565289700e-02
4.635347790565289700e-02
4.635347790565289700e-02
4.635347790565289700e-02
4.635347790565289700e-02
4.635347790565289700e-02
4.635347790565289700e-02
4.635347790565289700e-02
4.635347790565289700e-02
4.719144528949918010e-02
4.719144528949918010e-02
4.719144528949918010e-02
4.719144528949918010e-02
4.719144528949918010e-02
4.719144528949918010e-02
4.719144528949918010e-02
4.719144528949918010e-02
4.719144528949918010e-02
4.719144528949918010e-02
4.719144528949918010e-02
4.719144528949918010e-02
4.719144528949918010e-02
4.719144528949918010e-02
4.719144528949918010e-02
4.719144528949918010e-02
4.719144528949918010e-02
6.634764336708053045e-02
6.634764336708053045e-02
6.634764336708053045e-02
6.634764336708053045e-02
6.634764336708053045e-02
6.634764336708053045e-02
6.634764336708053045e-02
3.394461646350490497e-02
3.394461646350490497e-02
3.394461646350490497e-02
3.394461646350490497e-02
3.394461646350490497e-02
3.394461646350490497e-02
3.394461646350490497e-02
3.394461646350490497e-02
3.394461646350490497e-02
3.394461646350490497e-02
3.394461646350490497e-02
3.394461646350490497e-02
3.394461646350490497e-02
5.773557085726793714e-02
5.564958157295320923e-02
5.564958157295320923e-02
5.564958157295320923e-02
5.564958157295320923e-02
5.564958157295320923e-02
5.564958157295320923e-02
5.564958157295320923e-02
5.564958157295320923e-02
5.564958157295320923e-02
5.564958157295320923e-02
5.564958157295320923e-02
5.564958157295320923e-02
5.564958157295320923e-02
5.564958157295320923e-02
5.564958157295320923e-02
5.564958157295320923e-02
2.759203251682279621e-03
2.759203251682279621e-03
2.759203251682279621e-03
2.759203251682279621e-03
2.759203251682279621e-03
2.759203251682279621e-03
2.759203251682279621e-03
1.088308412891144175e-02
1.088308412891144175e-02
1.088308412891144175e-02
1.088308412891144175e-02
1.088308412891144175e-02
1.088308412891144175e-02
1.271081247692558598e-02
2.284974542391036284e-02
2.284974542391036284e-02
6.306974338692956927e-02
6.306974338692956927e-02
6.306974338692956927e-02
6.306974338692956927e-02
6.306974338692956927e-02
6.306974338692956927e-02
6.306974338692956927e-02
6.306974338692956927e-02
6.306974338692956927e-02
4.111919490755722162e-02
4.111919490755722162e-02
4.111919490755722162e-02
4.111919490755722162e-02
4.111919490755722162e-02
4.111919490755722162e-02
4.111919490755722162e-02
4.111919490755722162e-02
4.111919490755722162e-02
4.111919490755722162e-02
4.111919490755722162e-02
4.111919490755722162e-02
4.111919490755722162e-02
4.111919490755722162e-02
5.598474938547642193e-02
5.598474938547642193e-02
5.598474938547642193e-02
5.598474938547642193e-02
5.598474938547642193e-02
5.598474938547642193e-02
5.598474938547642193e-02
5.598474938547642193e-02
5.598474938547642193e-02
5.598474938547642193e-02
5.598474938547642193e-02
5.598474938547642193e-02
5.598474938547642193e-02
5.598474938547642193e-02
5.598474938547642193e-02
5.598474938547642193e-02
7.054218606480498754e-02
7.054218606480498754e-02
7.054218606480498754e-02
7.054218606480498754e-02
7.054218606480498754e-02
1.475028407244270007e-02
1.475028407244270007e-02
1.475028407244270007e-02
1.475028407244270007e-02
1.475028407244270007e-02
6.541225262514185207e-03
6.541225262514185207e-03
4.020159873711049575e-02
4.020159873711049575e-02
4.020159873711049575e-02
1.376260205092841131e-02
1.376260205092841131e-02
1.376260205092841131e-02
1.376260205092841131e-02
1.376260205092841131e-02
6.018558142987139731e-03
6.018558142987139731e-03
7.917535676363307226e-03
7.917535676363307226e-03
7.917535676363307226e-03
7.917535676363307226e-03
6.473653012855892785e-03
6.473653012855892785e-03
6.473653012855892785e-03
6.473653012855892785e-03
6.473653012855892785e-03
6.473653012855892785e-03
6.473653012855892785e-03
1.233714812772252443e-02
1.233714812772252443e-02
4.128440472483801277e-02
4.128440472483801277e-02
4.128440472483801277e-02
4.128440472483801277e-02
4.128440472483801277e-02
2.012478178736332515e-02
2.012478178736332515e-02
2.438094299144889440e-02
2.438094299144889440e-02
2.601044749617777152e-02
2.347939258067663695e-02
2.347939258067663695e-02
2.347939258067663695e-02
2.055272116688582756e-02
2.055272116688582756e-02
4.132549006301246969e-03
4.132549006301246969e-03
4.390996048021747478e-03
4.390996048021747478e-03
4.390996048021747478e-03
2.088033326537590620e-02
2.088033326537590620e-02
2.088033326537590620e-02
2.088033326537590620e-02
2.088033326537590620e-02
2.088033326537590620e-02
2.088033326537590620e-02
2.850592306531449845e-03
2.850592306531449845e-03
1.341542187703290666e-02
1.341542187703290666e-02
1.676742061119819438e-02
1.068038886310883166e-02
1.068038886310883166e-02
4.724460459219068098e-02
4.724460459219068098e-02
4.724460459219068098e-02
4.724460459219068098e-02
4.724460459219068098e-02
4.724460459219068098e-02
4.724460459219068098e-02
4.724460459219068098e-02
4.724460459219068098e-02
4.724460459219068098e-02
4.724460459219068098e-02
4.724460459219068098e-02
4.724460459219068098e-02
4.724460459219068098e-02
4.724460459219068098e-02
7.399041666138387804e-03
7.399041666138387804e-03
9.248500669236974642e-03
9.248500669236974642e-03
1.717344859146683819e-02
1.717344859146683819e-02
1.717344859146683819e-02
1.717344859146683819e-02
1.717344859146683819e-02
1.717344859146683819e-02
1.169702097408256355e-02
1.169702097408256355e-02
1.169702097408256355e-02
1.169702097408256355e-02
1.169702097408256355e-02
2.036733954106821273e-02
2.036733954106821273e-02
2.036733954106821273e-02
2.036733954106821273e-02
2.036733954106821273e-02
2.036733954106821273e-02
3.098002407321434268e-02
3.098002407321434268e-02
3.098002407321434268e-02
3.098002407321434268e-02
3.098002407321434268e-02
3.098002407321434268e-02
1.907604500782245430e-02
1.907604500782245430e-02
1.907604500782245430e-02
1.907604500782245430e-02
1.907604500782245430e-02
1.907604500782245430e-02
1.907604500782245430e-02
1.907604500782245430e-02
1.907604500782245430e-02
1.530563773586087438e-02
1.530563773586087438e-02
1.530563773586087438e-02
1.530563773586087438e-02
1.199874927925984568e-02
1.199874927925984568e-02
1.199874927925984568e-02
1.199874927925984568e-02
1.199874927925984568e-02
1.199874927925984568e-02
1.199874927925984568e-02
1.336273274865048752e-02
1.336273274865048752e-02
1.336273274865048752e-02
1.336273274865048752e-02
1.336273274865048752e-02
1.336273274865048752e-02
1.336273274865048752e-02
1.336273274865048752e-02
1.336273274865048752e-02
1.336273274865048752e-02
1.336273274865048752e-02
1.336273274865048752e-02
8.649144086231090947e-03
8.649144086231090947e-03
8.649144086231090947e-03
8.649144086231090947e-03
1.135815375736942516e-02
1.135815375736942516e-02
1.135815375736942516e-02
1.150480682278890235e-02
1.150480682278890235e-02
1.150480682278890235e-02
1.150480682278890235e-02
1.150480682278890235e-02
1.150480682278890235e-02
1.150480682278890235e-02
1.150480682278890235e-02
1.150480682278890235e-02
1.150480682278890235e-02
6.850202550008079559e-03
6.850202550008079559e-03
6.850202550008079559e-03
6.850202550008079559e-03
6.850202550008079559e-03
6.850202550008079559e-03
6.850202550008079559e-03
6.850202550008079559e-03
6.850202550008079559e-03
6.850202550008079559e-03
6.850202550008079559e-03
5.618964578099811674e-03
5.618964578099811674e-03
5.618964578099811674e-03
5.618964578099811674e-03
5.618964578099811674e-03
5.618964578099811674e-03
5.618964578099811674e-03
5.618964578099811674e-03
5.618964578099811674e-03
9.175841230933482959e-03
9.175841230933482959e-03
9.175841230933482959e-03
9.175841230933482959e-03
9.175841230933482959e-03
9.175841230933482959e-03
9.175841230933482959e-03
9.175841230933482959e-03
2.338263492232178341e-03
2.338263492232178341e-03
2.338263492232178341e-03
2.338263492232178341e-03
2.338263492232178341e-03
2.338263492232178341e-03
2.338263492232178341e-03
2.338263492232178341e-03
2.338263492232178341e-03
5.188073311172003432e-02
5.188073311172003432e-02
5.188073311172003432e-02
2.012357823150446104e-02
2.012357823150446104e-02
2.012357823150446104e-02
2.012357823150446104e-02
2.012357823150446104e-02
2.012357823150446104e-02
1.178567670033000940e-02
1.178567670033000940e-02
1.178567670033000940e-02
1.178567670033000940e-02
1.178567670033000940e-02
1.178567670033000940e-02
1.178567670033000940e-02
1.178567670033000940e-02
2.065885548471120894e-02
2.065885548471120894e-02
2.065885548471120894e-02
2.065885548471120894e-02
4.068971093060776839e-02
4.068971093060776839e-02
4.068971093060776839e-02
4.068971093060776839e-02
1.079369238072627919e-02
1.079369238072627919e-02
1.079369238072627919e-02
1.079369238072627919e-02
2.007427817107850648e-02
2.007427817107850648e-02
2.007427817107850648e-02
2.007427817107850648e-02
2.007427817107850648e-02
3.860042542014417710e-02
3.860042542014417710e-02
3.860042542014417710e-02
3.502342010949097834e-02
3.502342010949097834e-02
3.502342010949097834e-02
3.502342010949097834e-02
1.393560750924230374e-02
1.393560750924230374e-02
1.393560750924230374e-02
1.393560750924230374e-02
1.776808630800348968e-02
1.776808630800348968e-02
1.776808630800348968e-02
8.243640859776682484e-02
8.243640859776682484e-02
8.243640859776682484e-02
8.243640859776682484e-02
8.243640859776682484e-02
8.243640859776682484e-02
8.243640859776682484e-02
8.548957764796681624e-02
8.548957764796681624e-02
8.548957764796681624e-02
8.548957764796681624e-02
8.548957764796681624e-02
8.548957764796681624e-02
8.548957764796681624e-02
8.203717645450517293e-02
8.203717645450517293e-02
8.203717645450517293e-02
8.203717645450517293e-02
8.203717645450517293e-02
7.615284954941460571e-02
7.615284954941460571e-02
7.615284954941460571e-02
7.615284954941460571e-02
7.615284954941460571e-02
1.972599278040428799e-04
1.972599278040428799e-04
1.972599278040428799e-04
1.972599278040428799e-04
1.972599278040428799e-04
1.972599278040428799e-04
1.972599278040428799e-04
1.972599278040428799e-04
1.972599278040428799e-04
1.972599278040428799e-04
1.972599278040428799e-04
1.972599278040428799e-04
1.972599278040428799e-04
1.972599278040428799e-04
1.972599278040428799e-04
1.972599278040428799e-04
1.972599278040428799e-04
1.972599278040428799e-04
2.385982975806104009e-02
2.385982975806104009e-02
2.385982975806104009e-02
1.665947078834470810e-02
1.665947078834470810e-02
1.665947078834470810e-02
1.665947078834470810e-02
8.838811681144523313e-02
8.838811681144523313e-02
8.838811681144523313e-02
1.367716556866517379e-02
1.367716556866517379e-02
1.367716556866517379e-02
1.367716556866517379e-02
1.367716556866517379e-02
1.367716556866517379e-02
1.037553760519933227e-02
1.037553760519933227e-02
1.037553760519933227e-02
1.037553760519933227e-02
1.402642873634267311e-02
1.402642873634267311e-02
1.402642873634267311e-02
2.151781790865602007e-02
2.151781790865602007e-02
2.151781790865602007e-02
2.151781790865602007e-02
2.151781790865602007e-02
2.282442064513382635e-02
2.282442064513382635e-02
1.602234509149638372e-02
1.602234509149638372e-02
1.602234509149638372e-02
2.162050364365773053e-02
2.162050364365773053e-02
2.162050364365773053e-02
2.162050364365773053e-02
2.162050364365773053e-02
2.162050364365773053e-02
2.162050364365773053e-02
7.670058589439872343e-02
7.670058589439872343e-02
7.670058589439872343e-02
1.910603246768477481e-02
1.910603246768477481e-02
1.910603246768477481e-02
9.052062169703530004e-02
9.052062169703530004e-02
9.052062169703530004e-02
9.052062169703530004e-02
1.395280541724109799e-02
1.395280541724109799e-02
1.395280541724109799e-02
5.685526320965553389e-03
5.685526320965553389e-03
5.685526320965553389e-03
3.752342622234700054e-02
3.752342622234700054e-02
3.752342622234700054e-02
3.752342622234700054e-02
3.752342622234700054e-02
4.892742446430134451e-03
4.892742446430134451e-03
4.892742446430134451e-03
4.892742446430134451e-03
4.892742446430134451e-03
3.290744532849678577e-02
3.290744532849678577e-02
3.290744532849678577e-02
1.560793924485824775e-02
1.560793924485824775e-02
1.560793924485824775e-02
1.386766497575864622e-03
1.386766497575864622e-03
1.386766497575864622e-03
1.386766497575864622e-03
4.069610300866990243e-02
4.069610300866990243e-02
4.069610300866990243e-02
4.069610300866990243e-02
4.069610300866990243e-02
4.069610300866990243e-02
4.069610300866990243e-02
4.069610300866990243e-02
4.069610300866990243e-02
2.833561998420107766e-02
2.833561998420107766e-02
2.833561998420107766e-02
2.833561998420107766e-02
2.833561998420107766e-02
2.833561998420107766e-02
2.833561998420107766e-02
2.833561998420107766e-02
2.833561998420107766e-02
2.833561998420107766e-02
2.833561998420107766e-02
2.833561998420107766e-02
2.833561998420107766e-02
2.833561998420107766e-02
2.833561998420107766e-02
2.853648212636750517e-02
2.853648212636750517e-02
2.853648212636750517e-02
2.853648212636750517e-02
2.853648212636750517e-02
2.853648212636750517e-02
2.853648212636750517e-02
2.853648212636750517e-02
2.853648212636750517e-02
2.853648212636750517e-02
2.853648212636750517e-02
2.853648212636750517e-02
2.853648212636750517e-02
2.853648212636750517e-02
2.853648212636750517e-02
2.853648212636750517e-02
2.853648212636750517e-02
2.953401274505749324e-02
2.953401274505749324e-02
2.953401274505749324e-02
2.953401274505749324e-02
2.953401274505749324e-02
2.953401274505749324e-02
2.953401274505749324e-02
2.953401274505749324e-02
2.953401274505749324e-02
2.953401274505749324e-02
2.953401274505749324e-02
2.953401274505749324e-02
2.953401274505749324e-02
2.953401274505749324e-02
2.953401274505749324e-02
2.851551761435886997e-02
2.851551761435886997e-02
2.851551761435886997e-02
2.851551761435886997e-02
2.851551761435886997e-02
2.851551761435886997e-02
2.851551761435886997e-02
2.851551761435886997e-02
2.851551761435886997e-02
2.851551761435886997e-02
2.851551761435886997e-02
2.851551761435886997e-02
2.851551761435886997e-02
2.851551761435886997e-02
4.909118428380735560e-02
4.909118428380735560e-02
4.909118428380735560e-02
4.909118428380735560e-02
4.909118428380735560e-02
4.909118428380735560e-02
4.909118428380735560e-02
4.909118428380735560e-02
4.909118428380735560e-02
4.909118428380735560e-02
4.909118428380735560e-02
4.909118428380735560e-02
4.909118428380735560e-02
4.909118428380735560e-02
4.909118428380735560e-02
4.909118428380735560e-02
4.909118428380735560e-02
4.909118428380735560e-02
5.398615379106611045e-02
5.398615379106611045e-02
5.398615379106611045e-02
5.398615379106611045e-02
5.398615379106611045e-02
5.398615379106611045e-02
5.398615379106611045e-02
5.398615379106611045e-02
5.398615379106611045e-02
5.398615379106611045e-02
5.398615379106611045e-02
5.398615379106611045e-02
5.398615379106611045e-02
5.398615379106611045e-02
5.398615379106611045e-02
5.398615379106611045e-02
5.398615379106611045e-02
5.398615379106611045e-02
5.398615379106611045e-02
5.398615379106611045e-02
4.299406696488841662e-02
4.299406696488841662e-02
4.299406696488841662e-02
4.299406696488841662e-02
4.299406696488841662e-02
4.299406696488841662e-02
4.299406696488841662e-02
4.299406696488841662e-02
4.299406696488841662e-02
4.299406696488841662e-02
4.299406696488841662e-02
4.299406696488841662e-02
4.299406696488841662e-02
4.299406696488841662e-02
4.299406696488841662e-02
4.299406696488841662e-02
4.098608910509340952e-02
4.098608910509340952e-02
4.098608910509340952e-02
4.098608910509340952e-02
4.098608910509340952e-02
4.098608910509340952e-02
4.098608910509340952e-02
4.098608910509340952e-02
4.098608910509340952e-02
2.095171142906772366e-02
2.095171142906772366e-02
2.095171142906772366e-02
2.095171142906772366e-02
2.095171142906772366e-02
2.095171142906772366e-02
2.990402164467114571e-02
2.990402164467114571e-02
2.990402164467114571e-02
2.990402164467114571e-02
2.990402164467114571e-02
2.990402164467114571e-02
2.990402164467114571e-02
2.990402164467114571e-02
2.990402164467114571e-02
2.990402164467114571e-02
2.990402164467114571e-02
2.990402164467114571e-02
2.990402164467114571e-02
2.990402164467114571e-02
1.288592496350540739e-02
1.288592496350540739e-02
1.288592496350540739e-02
1.288592496350540739e-02
1.288592496350540739e-02
1.288592496350540739e-02
1.288592496350540739e-02
2.533556895704868611e-02
2.533556895704868611e-02
2.533556895704868611e-02
2.533556895704868611e-02
2.533556895704868611e-02
2.533556895704868611e-02
2.296985780376628594e-02
2.296985780376628594e-02
2.296985780376628594e-02
2.296985780376628594e-02
2.296985780376628594e-02
2.296985780376628594e-02
2.296985780376628594e-02
2.296985780376628594e-02
2.296985780376628594e-02
2.296985780376628594e-02
2.296985780376628594e-02
2.296985780376628594e-02
2.296985780376628594e-02
2.296985780376628594e-02
2.296985780376628594e-02
1.112324352667444331e-02
1.424056686533731360e-02
1.424056686533731360e-02
1.424056686533731360e-02
1.424056686533731360e-02
3.254308288865832149e-02
3.254308288865832149e-02
3.254308288865832149e-02
3.254308288865832149e-02
3.254308288865832149e-02
3.254308288865832149e-02
3.668173291264900659e-02
3.668173291264900659e-02
3.668173291264900659e-02
3.668173291264900659e-02
3.668173291264900659e-02
2.858503749692593507e-02
2.858503749692593507e-02
2.858503749692593507e-02
3.963036075772589928e-02
3.963036075772589928e-02
3.963036075772589928e-02
3.963036075772589928e-02
3.963036075772589928e-02
6.846624418443672446e-04
6.846624418443672446e-04
6.846624418443672446e-04
6.846624418443672446e-04
2.101379874604124287e-02
2.101379874604124287e-02
2.101379874604124287e-02
2.101379874604124287e-02
2.101379874604124287e-02
2.101379874604124287e-02
2.101379874604124287e-02
2.101379874604124287e-02
2.101379874604124287e-02
2.101379874604124287e-02
2.101379874604124287e-02
2.101379874604124287e-02
2.101379874604124287e-02
2.101379874604124287e-02
2.101379874604124287e-02
2.101379874604124287e-02
2.101379874604124287e-02
2.101379874604124287e-02
2.101379874604124287e-02
2.101379874604124287e-02
2.101379874604124287e-02
3.378833674906745604e-02
3.378833674906745604e-02
3.378833674906745604e-02
3.378833674906745604e-02
3.378833674906745604e-02
3.378833674906745604e-02
3.378833674906745604e-02
3.378833674906745604e-02
3.378833674906745604e-02
3.378833674906745604e-02
3.378833674906745604e-02
3.378833674906745604e-02
3.378833674906745604e-02
3.378833674906745604e-02
3.378833674906745604e-02
3.378833674906745604e-02
3.378833674906745604e-02
3.486474858761912099e-02
3.486474858761912099e-02
3.486474858761912099e-02
3.486474858761912099e-02
3.486474858761912099e-02
3.486474858761912099e-02
3.486474858761912099e-02
3.486474858761912099e-02
3.486474858761912099e-02
3.486474858761912099e-02
3.486474858761912099e-02
3.486474858761912099e-02
3.486474858761912099e-02
3.486474858761912099e-02
3.486474858761912099e-02
3.486474858761912099e-02
3.486474858761912099e-02
3.486474858761912099e-02
3.432802120813019386e-02
3.432802120813019386e-02
3.432802120813019386e-02
1.896011376102301263e-02
1.896011376102301263e-02
1.896011376102301263e-02
1.896011376102301263e-02
1.896011376102301263e-02
1.896011376102301263e-02
2.495373679157880317e-02
2.495373679157880317e-02
2.495373679157880317e-02
2.495373679157880317e-02
1.334193172643688419e-02
1.334193172643688419e-02
1.334193172643688419e-02
1.334193172643688419e-02
1.334193172643688419e-02
1.334193172643688419e-02
1.334193172643688419e-02
2.103420863422969869e-02
2.103420863422969869e-02
2.103420863422969869e-02
2.769650192120236189e-03
2.769650192120236189e-03
2.769650192120236189e-03
2.769650192120236189e-03
2.769650192120236189e-03
2.769650192120236189e-03
2.769650192120236189e-03
2.769650192120236189e-03
3.400841049929576726e-02
3.400841049929576726e-02
3.400841049929576726e-02
3.400841049929576726e-02
3.400841049929576726e-02
3.400841049929576726e-02
3.400841049929576726e-02
3.400841049929576726e-02
3.400841049929576726e-02
3.400841049929576726e-02
3.400841049929576726e-02
3.400841049929576726e-02
4.338686097656078988e-02
4.338686097656078988e-02
4.338686097656078988e-02
4.338686097656078988e-02
4.338686097656078988e-02
4.338686097656078988e-02
4.338686097656078988e-02
4.338686097656078988e-02
4.338686097656078988e-02
4.338686097656078988e-02
4.338686097656078988e-02
4.338686097656078988e-02
4.338686097656078988e-02
4.338686097656078988e-02
4.338686097656078988e-02
4.338686097656078988e-02
4.338686097656078988e-02
4.338686097656078988e-02
4.338686097656078988e-02
4.338686097656078988e-02
4.338686097656078988e-02
6.581646289795820004e-02
6.581646289795820004e-02
6.581646289795820004e-02
6.581646289795820004e-02
6.581646289795820004e-02
6.581646289795820004e-02
6.581646289795820004e-02
6.581646289795820004e-02
6.581646289795820004e-02
6.581646289795820004e-02
6.581646289795820004e-02
6.581646289795820004e-02
6.581646289795820004e-02
6.581646289795820004e-02
6.581646289795820004e-02
6.581646289795820004e-02
6.553380347353746083e-02
6.553380347353746083e-02
6.553380347353746083e-02
5.701855665990646083e-02
5.701855665990646083e-02
5.701855665990646083e-02
5.701855665990646083e-02
5.701855665990646083e-02
2.738368508426489850e-02
2.738368508426489850e-02
2.738368508426489850e-02
2.738368508426489850e-02
2.738368508426489850e-02
2.738368508426489850e-02
2.738368508426489850e-02
2.738368508426489850e-02
2.738368508426489850e-02
2.738368508426489850e-02
2.738368508426489850e-02
2.738368508426489850e-02
2.738368508426489850e-02
2.738368508426489850e-02
2.738368508426489850e-02
7.719780825599657087e-03
7.719780825599657087e-03
7.719780825599657087e-03
4.216340717431718565e-02
4.216340717431718565e-02
4.216340717431718565e-02
4.216340717431718565e-02
4.216340717431718565e-02
4.216340717431718565e-02
4.216340717431718565e-02
4.216340717431718565e-02
4.216340717431718565e-02
4.216340717431718565e-02
4.216340717431718565e-02
4.216340717431718565e-02
4.216340717431718565e-02
4.216340717431718565e-02
4.216340717431718565e-02
4.216340717431718565e-02
4.216340717431718565e-02
4.216340717431718565e-02
4.216340717431718565e-02
4.216340717431718565e-02
4.216340717431718565e-02
4.216340717431718565e-02
3.713750677013021723e-02
3.713750677013021723e-02
3.713750677013021723e-02
3.713750677013021723e-02
3.713750677013021723e-02
3.713750677013021723e-02
3.713750677013021723e-02
3.713750677013021723e-02
3.713750677013021723e-02
3.713750677013021723e-02
3.713750677013021723e-02
3.713750677013021723e-02
3.713750677013021723e-02
3.713750677013021723e-02
3.713750677013021723e-02
3.713750677013021723e-02
3.713750677013021723e-02
3.713750677013021723e-02
3.713750677013021723e-02
3.713750677013021723e-02
3.713750677013021723e-02
3.713750677013021723e-02
3.713750677013021723e-02
3.713750677013021723e-02
3.713750677013021723e-02
3.713750677013021723e-02
3.706214842272275573e-02
3.706214842272275573e-02
3.706214842272275573e-02
3.706214842272275573e-02
3.706214842272275573e-02
3.706214842272275573e-02
3.706214842272275573e-02
3.706214842272275573e-02
3.706214842272275573e-02
4.950967315932928298e-02
4.950967315932928298e-02
4.950967315932928298e-02
4.950967315932928298e-02
4.950967315932928298e-02
4.950967315932928298e-02
2.792171014900230938e-02
2.792171014900230938e-02
2.792171014900230938e-02
2.792171014900230938e-02
2.792171014900230938e-02
2.792171014900230938e-02
4.075391108044335020e-02
4.075391108044335020e-02
4.075391108044335020e-02
4.075391108044335020e-02
4.075391108044335020e-02
4.075391108044335020e-02
4.417030909777384245e-02
4.417030909777384245e-02
4.417030909777384245e-02
4.417030909777384245e-02
4.417030909777384245e-02
4.417030909777384245e-02
4.417030909777384245e-02
2.410636971932982736e-02
2.410636971932982736e-02
2.410636971932982736e-02
2.410636971932982736e-02
2.410636971932982736e-02
2.410636971932982736e-02
2.410636971932982736e-02
2.410636971932982736e-02
2.410636971932982736e-02
2.410636971932982736e-02
2.083276199321501196e-02
2.083276199321501196e-02
2.083276199321501196e-02
2.083276199321501196e-02
2.083276199321501196e-02
2.083276199321501196e-02
2.083276199321501196e-02
2.083276199321501196e-02
2.083276199321501196e-02
1.352744313410885781e-02
1.352744313410885781e-02
1.352744313410885781e-02
1.352744313410885781e-02
1.352744313410885781e-02
1.352744313410885781e-02
1.352744313410885781e-02
1.352744313410885781e-02
1.288306275434714966e-02
1.288306275434714966e-02
1.288306275434714966e-02
1.288306275434714966e-02
1.288306275434714966e-02
1.288306275434714966e-02
1.288306275434714966e-02
1.288306275434714966e-02
1.288306275434714966e-02
1.288306275434714966e-02
1.288306275434714966e-02
1.288306275434714966e-02
1.288306275434714966e-02
1.288306275434714966e-02
1.288306275434714966e-02
1.288306275434714966e-02
1.288306275434714966e-02
1.288306275434714966e-02
1.415053265272925818e-02
1.415053265272925818e-02
1.415053265272925818e-02
1.415053265272925818e-02
1.415053265272925818e-02
1.415053265272925818e-02
1.415053265272925818e-02
1.415053265272925818e-02
1.415053265272925818e-02
1.415053265272925818e-02
1.415053265272925818e-02
4.175343219937295569e-02
4.175343219937295569e-02
4.175343219937295569e-02
4.175343219937295569e-02
4.175343219937295569e-02
4.175343219937295569e-02
4.175343219937295569e-02
1.693388684852615428e-02
1.693388684852615428e-02
1.693388684852615428e-02
1.693388684852615428e-02
1.693388684852615428e-02
1.693388684852615428e-02
1.693388684852615428e-02
1.693388684852615428e-02
1.693388684852615428e-02
1.693388684852615428e-02
1.693388684852615428e-02
1.650435589048436513e-02
1.650435589048436513e-02
1.650435589048436513e-02
1.650435589048436513e-02
2.072679089921830586e-02
2.072679089921830586e-02
2.072679089921830586e-02
2.018407419654648718e-02
2.018407419654648718e-02
2.018407419654648718e-02
2.018407419654648718e-02
1.328273733501463341e-02
1.328273733501463341e-02
1.328273733501463341e-02
1.328273733501463341e-02
1.328273733501463341e-02
1.328273733501463341e-02
1.328273733501463341e-02
1.328273733501463341e-02
1.328273733501463341e-02
1.328273733501463341e-02
1.328273733501463341e-02
1.328273733501463341e-02
1.328273733501463341e-02
1.328273733501463341e-02
1.328273733501463341e-02
1.328273733501463341e-02
1.328273733501463341e-02
6.148710329636828190e-03
6.148710329636828190e-03
6.148710329636828190e-03
6.148710329636828190e-03
6.148710329636828190e-03
6.148710329636828190e-03
1.810967148317564959e-02
1.810967148317564959e-02
1.810967148317564959e-02
1.810967148317564959e-02
1.810967148317564959e-02
1.810967148317564959e-02
1.810967148317564959e-02
1.810967148317564959e-02
1.810967148317564959e-02
1.810967148317564959e-02
1.810967148317564959e-02
1.007201875396825097e-02
1.007201875396825097e-02
1.007201875396825097e-02
1.007201875396825097e-02
1.007201875396825097e-02
1.007201875396825097e-02
1.007201875396825097e-02
1.007201875396825097e-02
1.007201875396825097e-02
1.007201875396825097e-02
1.007201875396825097e-02
1.007201875396825097e-02
1.007201875396825097e-02
1.007201875396825097e-02
1.007201875396825097e-02
1.007201875396825097e-02
1.007201875396825097e-02
2.725195325746202282e-02
2.725195325746202282e-02
2.725195325746202282e-02
2.725195325746202282e-02
2.725195325746202282e-02
2.725195325746202282e-02
2.725195325746202282e-02
4.156162669599766657e-02
4.156162669599766657e-02
4.156162669599766657e-02
4.156162669599766657e-02
4.156162669599766657e-02
4.156162669599766657e-02
4.156162669599766657e-02
4.156162669599766657e-02
4.156162669599766657e-02
4.499069888459766159e-02
4.499069888459766159e-02
4.499069888459766159e-02
4.499069888459766159e-02
4.499069888459766159e-02
4.499069888459766159e-02
3.800948590258780568e-02
3.800948590258780568e-02
3.800948590258780568e-02
3.800948590258780568e-02
3.273067871175639604e-02
3.273067871175639604e-02
3.273067871175639604e-02
3.273067871175639604e-02
3.124865108653516327e-02
3.124865108653516327e-02
3.124865108653516327e-02
3.124865108653516327e-02
3.124865108653516327e-02
3.124865108653516327e-02
3.124865108653516327e-02
3.124865108653516327e-02
3.124865108653516327e-02
3.124865108653516327e-02
3.124865108653516327e-02
3.124865108653516327e-02
3.124865108653516327e-02
1.773056462773725528e-02
1.773056462773725528e-02
1.773056462773725528e-02
1.773056462773725528e-02
1.773056462773725528e-02
1.773056462773725528e-02
1.773056462773725528e-02
1.773056462773725528e-02
8.877492734069739044e-02
8.407620127227358187e-02
8.407620127227358187e-02
2.684116168721856059e-10
2.684116168721856059e-10
2.684116168721856059e-10
2.684116168721856059e-10
2.684116168721856059e-10
2.684116168721856059e-10
2.684116168721856059e-10
2.684116168721856059e-10
2.684116168721856059e-10
2.684116168721856059e-10
6.122741653543806867e-02
5.223804756099829916e-02
5.223804756099829916e-02
4.640478819669782706e-02
4.640478819669782706e-02
4.640478819669782706e-02
4.640478819669782706e-02
4.640478819669782706e-02
4.640478819669782706e-02
4.640478819669782706e-02
4.640478819669782706e-02
4.640478819669782706e-02
4.640478819669782706e-02
4.640478819669782706e-02
5.367265080847169467e-02
5.367265080847169467e-02
5.367265080847169467e-02
5.367265080847169467e-02
5.367265080847169467e-02
5.367265080847169467e-02
5.367265080847169467e-02
5.367265080847169467e-02
5.367265080847169467e-02
1.873796324421583837e-02
1.873796324421583837e-02
1.873796324421583837e-02
1.873796324421583837e-02
1.873796324421583837e-02
2.762948640710539971e-02
2.762948640710539971e-02
2.762948640710539971e-02
1.737860093206839568e-02
1.737860093206839568e-02
1.737860093206839568e-02
1.737860093206839568e-02
1.737860093206839568e-02
2.123414081901564044e-04
6.408156024506248515e-03
6.408156024506248515e-03
6.408156024506248515e-03
6.408156024506248515e-03
6.408156024506248515e-03
5.585994419160942442e-03
5.585994419160942442e-03
5.585994419160942442e-03
5.585994419160942442e-03
5.585994419160942442e-03
3.288806806440208036e-02
3.288806806440208036e-02
3.288806806440208036e-02
3.288806806440208036e-02
3.288806806440208036e-02
3.288806806440208036e-02
3.288806806440208036e-02
3.288806806440208036e-02
3.288806806440208036e-02
3.288806806440208036e-02
3.288806806440208036e-02
1.203021753057016176e-02
1.203021753057016176e-02
1.203021753057016176e-02
1.203021753057016176e-02
1.203021753057016176e-02
1.203021753057016176e-02
1.203021753057016176e-02
1.203021753057016176e-02
1.203021753057016176e-02
1.203021753057016176e-02
2.893824054156621597e-02
2.893824054156621597e-02
2.893824054156621597e-02
2.893824054156621597e-02
2.893824054156621597e-02
2.893824054156621597e-02
2.893824054156621597e-02
2.893824054156621597e-02
2.893824054156621597e-02
2.893824054156621597e-02
2.893824054156621597e-02
2.893824054156621597e-02
1.284734281296745712e-03
1.284734281296745712e-03
1.284734281296745712e-03
1.284734281296745712e-03
1.284734281296745712e-03
1.284734281296745712e-03
1.284734281296745712e-03
1.030066195524796842e-02
1.030066195524796842e-02
1.030066195524796842e-02
1.030066195524796842e-02
1.030066195524796842e-02
8.179213314458288683e-03
8.179213314458288683e-03
8.179213314458288683e-03
8.179213314458288683e-03
8.179213314458288683e-03
8.179213314458288683e-03
8.675120094202858692e-10
8.675120094202858692e-10
8.675120094202858692e-10
8.675120094202858692e-10
8.675120094202858692e-10
8.675120094202858692e-10
8.675120094202858692e-10
8.675120094202858692e-10
8.675120094202858692e-10
8.675120094202858692e-10
5.429743391455276597e-02
5.429743391455276597e-02
5.429743391455276597e-02
5.429743391455276597e-02
5.429743391455276597e-02
5.429743391455276597e-02
5.429743391455276597e-02
5.429743391455276597e-02
5.429743391455276597e-02
5.429743391455276597e-02
5.429743391455276597e-02
5.429743391455276597e-02
9.652013918334293100e-11
9.652013918334293100e-11
9.652013918334293100e-11
9.652013918334293100e-11
9.652013918334293100e-11
9.652013918334293100e-11
9.652013918334293100e-11
9.652013918334293100e-11
9.652013918334293100e-11
9.652013918334293100e-11
4.056845057158047635e-02
4.056845057158047635e-02
4.056845057158047635e-02
4.056845057158047635e-02
4.056845057158047635e-02
4.056845057158047635e-02
4.056845057158047635e-02
4.056845057158047635e-02
4.056845057158047635e-02
4.056845057158047635e-02
4.056845057158047635e-02
4.056845057158047635e-02
6.547295112054497476e-03
6.547295112054497476e-03
6.547295112054497476e-03
6.547295112054497476e-03
6.547295112054497476e-03
6.547295112054497476e-03
6.547295112054497476e-03
6.547295112054497476e-03
4.367581192686158242e-02
4.367581192686158242e-02
4.367581192686158242e-02
4.367581192686158242e-02
4.367581192686158242e-02
4.367581192686158242e-02
4.367581192686158242e-02
4.367581192686158242e-02
4.367581192686158242e-02
4.367581192686158242e-02
4.367581192686158242e-02
4.367581192686158242e-02
4.367581192686158242e-02
4.367581192686158242e-02
3.442971035672071078e-02
3.442971035672071078e-02
3.442971035672071078e-02
3.442971035672071078e-02
3.442971035672071078e-02
3.442971035672071078e-02
3.442971035672071078e-02
3.442971035672071078e-02
3.442971035672071078e-02
3.442971035672071078e-02
3.442971035672071078e-02
3.442971035672071078e-02
3.442971035672071078e-02
3.442971035672071078e-02
3.442971035672071078e-02
3.825123856819871307e-11
3.825123856819871307e-11
3.825123856819871307e-11
3.825123856819871307e-11
3.825123856819871307e-11
3.825123856819871307e-11
3.825123856819871307e-11
3.825123856819871307e-11
3.825123856819871307e-11
3.825123856819871307e-11
3.825123856819871307e-11
3.701186327883717112e-03
3.701186327883717112e-03
3.701186327883717112e-03
3.701186327883717112e-03
3.701186327883717112e-03
3.701186327883717112e-03
3.701186327883717112e-03
3.701186327883717112e-03
3.701186327883717112e-03
3.701186327883717112e-03
3.701186327883717112e-03
3.701186327883717112e-03
3.701186327883717112e-03
3.026266301951673066e-02
3.026266301951673066e-02
3.026266301951673066e-02
3.026266301951673066e-02
3.026266301951673066e-02
3.026266301951673066e-02
3.026266301951673066e-02
3.026266301951673066e-02
3.026266301951673066e-02
3.026266301951673066e-02
2.753507831387924307e-02
2.753507831387924307e-02
2.753507831387924307e-02
2.753507831387924307e-02
2.753507831387924307e-02
2.753507831387924307e-02
2.753507831387924307e-02
2.753507831387924307e-02
2.753507831387924307e-02
2.753507831387924307e-02
2.724836803816119840e-02
2.724836803816119840e-02
2.724836803816119840e-02
2.724836803816119840e-02
2.724836803816119840e-02
2.724836803816119840e-02
2.724836803816119840e-02
2.724836803816119840e-02
2.724836803816119840e-02
2.724836803816119840e-02
2.724836803816119840e-02
2.898813089107656060e-02
2.898813089107656060e-02
2.898813089107656060e-02
2.898813089107656060e-02
2.898813089107656060e-02
2.898813089107656060e-02
2.898813089107656060e-02
2.898813089107656060e-02
2.898813089107656060e-02
5.814963062071810962e-02
5.814963062071810962e-02
5.814963062071810962e-02
5.814963062071810962e-02
5.814963062071810962e-02
5.814963062071810962e-02
5.814963062071810962e-02
5.814963062071810962e-02
5.814963062071810962e-02
5.814963062071810962e-02
5.814963062071810962e-02
5.814963062071810962e-02
5.814963062071810962e-02
5.414720054742728356e-02
5.414720054742728356e-02
5.414720054742728356e-02
5.414720054742728356e-02
5.414720054742728356e-02
5.414720054742728356e-02
5.414720054742728356e-02
5.414720054742728356e-02
5.414720054742728356e-02
5.414720054742728356e-02
5.414720054742728356e-02
5.414720054742728356e-02
5.414720054742728356e-02
6.278520184294041073e-02
6.278520184294041073e-02
6.278520184294041073e-02
6.278520184294041073e-02
6.278520184294041073e-02
6.278520184294041073e-02
6.278520184294041073e-02
6.278520184294041073e-02
6.278520184294041073e-02
6.278520184294041073e-02
6.278520184294041073e-02
6.278520184294041073e-02
6.278520184294041073e-02
6.278520184294041073e-02
6.278520184294041073e-02
6.010307310528257424e-02
6.010307310528257424e-02
6.010307310528257424e-02
6.010307310528257424e-02
6.010307310528257424e-02
6.010307310528257424e-02
6.010307310528257424e-02
6.010307310528257424e-02
6.010307310528257424e-02
6.010307310528257424e-02
6.010307310528257424e-02
6.010307310528257424e-02
6.010307310528257424e-02
6.593980319310982496e-02
6.593980319310982496e-02
6.593980319310982496e-02
6.593980319310982496e-02
6.593980319310982496e-02
6.593980319310982496e-02
6.593980319310982496e-02
6.593980319310982496e-02
6.593980319310982496e-02
5.517405062441653463e-02
5.517405062441653463e-02
5.517405062441653463e-02
5.517405062441653463e-02
5.517405062441653463e-02
5.517405062441653463e-02
5.517405062441653463e-02
5.517405062441653463e-02
5.517405062441653463e-02
5.517405062441653463e-02
5.517405062441653463e-02
5.517405062441653463e-02
5.517405062441653463e-02
5.517405062441653463e-02
6.924995231423854147e-02
6.924995231423854147e-02
6.924995231423854147e-02
6.924995231423854147e-02
6.924995231423854147e-02
6.924995231423854147e-02
6.924995231423854147e-02
6.924995231423854147e-02
6.924995231423854147e-02
6.924995231423854147e-02
6.924995231423854147e-02
8.496971173437003338e-03
8.496971173437003338e-03
8.496971173437003338e-03
8.496971173437003338e-03
3.113094944415472319e-03
3.113094944415472319e-03
3.113094944415472319e-03
3.113094944415472319e-03
3.113094944415472319e-03
3.113094944415472319e-03
7.190483101172266862e-03
7.190483101172266862e-03
7.190483101172266862e-03
7.190483101172266862e-03
7.190483101172266862e-03
2.341760324654453394e-05
3.202249217392150876e-02
3.202249217392150876e-02
3.202249217392150876e-02
3.202249217392150876e-02
3.202249217392150876e-02
3.202249217392150876e-02
3.202249217392150876e-02
3.202249217392150876e-02
3.202249217392150876e-02
2.919650483302442187e-02
3.195858118121486235e-02
3.195858118121486235e-02
3.195858118121486235e-02
3.195858118121486235e-02
3.195858118121486235e-02
3.195858118121486235e-02
3.195858118121486235e-02
3.195858118121486235e-02
3.195858118121486235e-02
5.571213597619395497e-02
5.571213597619395497e-02
5.571213597619395497e-02
5.571213597619395497e-02
5.571213597619395497e-02
5.571213597619395497e-02
5.571213597619395497e-02
5.571213597619395497e-02
5.571213597619395497e-02
5.571213597619395497e-02
5.571213597619395497e-02
5.571213597619395497e-02
6.416030852019513619e-02
6.416030852019513619e-02
6.416030852019513619e-02
6.416030852019513619e-02
6.416030852019513619e-02
6.416030852019513619e-02
6.416030852019513619e-02
6.416030852019513619e-02
6.416030852019513619e-02
6.416030852019513619e-02
6.416030852019513619e-02
6.416030852019513619e-02
6.416030852019513619e-02
4.022591153363865718e-02
4.022591153363865718e-02
4.022591153363865718e-02
4.022591153363865718e-02
4.022591153363865718e-02
4.022591153363865718e-02
4.022591153363865718e-02
4.022591153363865718e-02
4.022591153363865718e-02
4.022591153363865718e-02
4.022591153363865718e-02
4.022591153363865718e-02
6.452148357293387149e-02
6.452148357293387149e-02
6.452148357293387149e-02
6.452148357293387149e-02
6.452148357293387149e-02
6.452148357293387149e-02
6.452148357293387149e-02
6.452148357293387149e-02
6.452148357293387149e-02
6.452148357293387149e-02
5.817524196024735639e-02
5.817524196024735639e-02
5.817524196024735639e-02
5.817524196024735639e-02
5.817524196024735639e-02
5.817524196024735639e-02
5.817524196024735639e-02
5.817524196024735639e-02
3.654792482341069453e-03
3.654792482341069453e-03
3.654792482341069453e-03
3.654792482341069453e-03
3.654792482341069453e-03
3.654792482341069453e-03
3.654792482341069453e-03
3.654792482341069453e-03
3.654792482341069453e-03
3.654792482341069453e-03
3.654792482341069453e-03
2.447739226821606801e-02
2.447739226821606801e-02
2.447739226821606801e-02
2.447739226821606801e-02
2.447739226821606801e-02
2.447739226821606801e-02
2.447739226821606801e-02
2.447739226821606801e-02
2.447739226821606801e-02
3.996244491252301523e-02
3.996244491252301523e-02
3.996244491252301523e-02
7.199625463696514294e-02
7.199625463696514294e-02
7.199625463696514294e-02
7.199625463696514294e-02
7.199625463696514294e-02
7.199625463696514294e-02
7.199625463696514294e-02
7.199625463696514294e-02
7.199625463696514294e-02
7.199625463696514294e-02
6.263048597331599687e-02
6.263048597331599687e-02
6.263048597331599687e-02
6.263048597331599687e-02
6.263048597331599687e-02
6.263048597331599687e-02
7.462275551128687382e-12
7.462275551128687382e-12
7.462275551128687382e-12
7.462275551128687382e-12
7.462275551128687382e-12
7.462275551128687382e-12
7.462275551128687382e-12
7.462275551128687382e-12
7.462275551128687382e-12
7.462275551128687382e-12
7.462275551128687382e-12
7.462275551128687382e-12
7.610134810605012623e-02
7.610134810605012623e-02
7.610134810605012623e-02
7.610134810605012623e-02
7.610134810605012623e-02
7.610134810605012623e-02
7.610134810605012623e-02
7.610134810605012623e-02
7.610134810605012623e-02
6.901815918175370490e-02
6.901815918175370490e-02
6.901815918175370490e-02
6.901815918175370490e-02
6.901815918175370490e-02
0.000000000000000000e+00
0.000000000000000000e+00
0.000000000000000000e+00
0.000000000000000000e+00
3.568386012133985003e-03
1.631309208127677910e-03
1.631309208127677910e-03
1.631309208127677910e-03
1.631309208127677910e-03
1.631309208127677910e-03
1.631309208127677910e-03
1.631309208127677910e-03
1.631309208127677910e-03
1.631309208127677910e-03
2.268366810148358774e-11
2.268366810148358774e-11
2.268366810148358774e-11
2.268366810148358774e-11
2.268366810148358774e-11
2.268366810148358774e-11
2.268366810148358774e-11
2.268366810148358774e-11
2.268366810148358774e-11
6.820051394613728390e-02
6.820051394613728390e-02
6.820051394613728390e-02
6.820051394613728390e-02
6.820051394613728390e-02
6.820051394613728390e-02
6.820051394613728390e-02
6.820051394613728390e-02
6.820051394613728390e-02
5.743901274012721409e-02
5.743901274012721409e-02
5.743901274012721409e-02
5.743901274012721409e-02
5.743901274012721409e-02
0.000000000000000000e+00
0.000000000000000000e+00
0.000000000000000000e+00
0.000000000000000000e+00
0.000000000000000000e+00
0.000000000000000000e+00
0.000000000000000000e+00
0.000000000000000000e+00
0.000000000000000000e+00
0.000000000000000000e+00
0.000000000000000000e+00
6.919298833024738193e-02
2.625122665425463561e-02
2.625122665425463561e-02
2.625122665425463561e-02
2.625122665425463561e-02
2.625122665425463561e-02
2.625122665425463561e-02
2.625122665425463561e-02
1.052238442650981799e-02
4.077266825080896884e-02
4.077266825080896884e-02
4.077266825080896884e-02
4.077266825080896884e-02
4.077266825080896884e-02
4.077266825080896884e-02
4.077266825080896884e-02
4.077266825080896884e-02
4.077266825080896884e-02
4.077266825080896884e-02
6.483947234917718239e-02
1.086237792712636298e-02
1.086237792712636298e-02
1.086237792712636298e-02
1.086237792712636298e-02
1.086237792712636298e-02
1.086237792712636298e-02
1.086237792712636298e-02
1.648535992560966681e-02
1.648535992560966681e-02
2.703584374734644552e-02
2.703584374734644552e-02
2.703584374734644552e-02
2.703584374734644552e-02
2.703584374734644552e-02
2.703584374734644552e-02
2.130712841287250511e-02
2.130712841287250511e-02
2.130712841287250511e-02
2.130712841287250511e-02
2.130712841287250511e-02
2.130712841287250511e-02
2.130712841287250511e-02
2.130712841287250511e-02
2.327099511363732096e-02
2.327099511363732096e-02
2.327099511363732096e-02
2.327099511363732096e-02
2.327099511363732096e-02
1.266147936246606216e-02
1.266147936246606216e-02
1.266147936246606216e-02
1.266147936246606216e-02
1.266147936246606216e-02
1.266147936246606216e-02
1.266147936246606216e-02
1.266147936246606216e-02
2.430731199150087691e-03
2.430731199150087691e-03
2.430731199150087691e-03
2.430731199150087691e-03
2.430731199150087691e-03
2.430731199150087691e-03
2.430731199150087691e-03
1.584075268890907913e-03
1.584075268890907913e-03
1.584075268890907913e-03
1.584075268890907913e-03
1.584075268890907913e-03
1.584075268890907913e-03
1.584075268890907913e-03
1.579908264774337221e-11
1.579908264774337221e-11
1.579908264774337221e-11
1.579908264774337221e-11
1.579908264774337221e-11
1.579908264774337221e-11
1.579908264774337221e-11
3.038547374034688414e-02
3.038547374034688414e-02
3.038547374034688414e-02
3.876524090602373462e-02
3.876524090602373462e-02
3.876524090602373462e-02
4.442603280495475288e-02
4.442603280495475288e-02
4.442603280495475288e-02
4.933152639437152903e-02
4.933152639437152903e-02
4.933152639437152903e-02
4.933152639437152903e-02
4.933152639437152903e-02
4.933152639437152903e-02
1.601691901692871289e-02
1.601691901692871289e-02
1.601691901692871289e-02
1.601691901692871289e-02
8.070781606963953886e-03
8.070781606963953886e-03
8.070781606963953886e-03
8.070781606963953886e-03
8.070781606963953886e-03
8.070781606963953886e-03
8.070781606963953886e-03
2.104811088612899839e-02
2.104811088612899839e-02
2.104811088612899839e-02
9.622353130160136297e-03
9.622353130160136297e-03
9.622353130160136297e-03
9.622353130160136297e-03
4.516107356343911083e-03
4.516107356343911083e-03
4.516107356343911083e-03
4.516107356343911083e-03
4.516107356343911083e-03
4.516107356343911083e-03
4.516107356343911083e-03
4.516107356343911083e-03
8.754319172974003166e-03
6.176399114732965268e-03
6.176399114732965268e-03
6.176399114732965268e-03
6.176399114732965268e-03
6.176399114732965268e-03
6.176399114732965268e-03
6.176399114732965268e-03
7.213391089286092829e-03
7.213391089286092829e-03
7.213391089286092829e-03
7.213391089286092829e-03
7.213391089286092829e-03
7.213391089286092829e-03
7.213391089286092829e-03
7.213391089286092829e-03
1.611570458308077356e-03
1.611570458308077356e-03
1.611570458308077356e-03
1.611570458308077356e-03
1.611570458308077356e-03
1.611570458308077356e-03
1.611570458308077356e-03
1.720048332749373951e-02
1.720048332749373951e-02
1.720048332749373951e-02
1.720048332749373951e-02
5.043160218243256110e-02
5.043160218243256110e-02
9.891298355832177716e-03
9.891298355832177716e-03
2.384512622055254272e-02
2.384512622055254272e-02
2.384512622055254272e-02
2.384512622055254272e-02
2.384512622055254272e-02
3.626606094895137855e-02
3.626606094895137855e-02
3.626606094895137855e-02
3.626606094895137855e-02
3.626606094895137855e-02
3.626606094895137855e-02
1.971535306217457248e-02
1.971535306217457248e-02
1.971535306217457248e-02
1.971535306217457248e-02
8.066930577495183552e-03
8.066930577495183552e-03
8.066930577495183552e-03
8.066930577495183552e-03
4.989274323611256334e-02
2.432304364844593489e-02
2.432304364844593489e-02
2.432304364844593489e-02
2.269789229727762342e-02
2.269789229727762342e-02
2.269789229727762342e-02
2.269789229727762342e-02
2.269789229727762342e-02
1.743337186523851237e-02
1.743337186523851237e-02
1.743337186523851237e-02
1.937279229530208466e-02
1.937279229530208466e-02
1.937279229530208466e-02
1.937279229530208466e-02
7.408990697842360133e-03
7.408990697842360133e-03
7.408990697842360133e-03
1.835039489085986061e-02
1.835039489085986061e-02
1.835039489085986061e-02
1.835039489085986061e-02
1.798165612555582132e-02
1.798165612555582132e-02
2.359700711567388684e-02
2.381638468826801844e-02
2.381638468826801844e-02
3.950600741661237925e-03
1.635022128275659056e-02
1.635022128275659056e-02
1.635022128275659056e-02
2.644044174562265939e-02
2.644044174562265939e-02
2.644044174562265939e-02
1.292585472805754532e-02
1.292585472805754532e-02
1.292585472805754532e-02
1.967077051833479237e-02
1.967077051833479237e-02
1.967077051833479237e-02
3.182804286231821073e-02
3.284865133579843721e-02
3.557943209353005981e-02
2.801057802932070337e-02
3.586742887784310357e-02
1.723288324511741687e-02
2.420699439462266692e-02
2.016456173895014858e-02
9.423901940182186077e-02
9.423901940182186077e-02
5.795720665954002399e-02
6.161009563171292863e-02
2.054464821602496744e-02
2.058232221611005705e-02
1.015027575811186383e-01
2.073346826275886123e-02
2.037633996513844512e-02
0.000000000000000000e+00
0.000000000000000000e+00
8.339088034776903288e-03
2.445975329703563034e-03
1.449646519512255878e-02
1.075549733015250184e-02
6.172418285327054693e-02
5.904329342536308867e-02
1.052238442650981799e-02
4.989274323611256334e-02
5.852880871145945546e-02
5.852880871145945546e-02
3.041943020163112923e-02
9.580516175352330605e-03
9.580516175352330605e-03
5.155990884494605214e-03
5.155990884494605214e-03
1.836081440795328187e-02
1.836081440795328187e-02
4.145720511558194377e-02
4.145720511558194377e-02
2.645392067159370308e-02
1.817342085290399312e-02
3.040857701072777544e-02
8.956047063012445922e-03
8.956047063012445922e-03
1.961614037554664305e-02
2.260545957508620571e-02
1.079699754989110611e-01
8.293444501803212687e-02
2.634736920214469924e-02
2.546692447010050903e-02
3.016541177117457520e-02
3.016541177117457520e-02
1.443511982220339537e-02
2.620858496670655513e-02
2.357809982401009447e-02
1.006137123205783600e-02
1.006137123205783600e-02
3.067472741964992131e-02
4.619525938562460366e-04
4.619525938562460366e-04
2.435515319636624362e-02
2.430000136419246601e-02
9.718714662445597507e-02
9.718714662445597507e-02
3.726801476752165249e-02
3.726801476752165249e-02
2.325258908128478158e-02
1.135839240609525132e-02
7.129841053490229563e-02
6.613727056945489791e-02
4.169523484756327593e-03
2.868535824648349095e-02
2.951951462737510690e-02
7.134598558151783280e-03
1.889612469811373027e-02
1.892724671259410352e-02
2.899731093590045879e-03
9.698631752406867155e-04
2.606762485893861572e-02
6.487797661577425490e-02
8.894916666750508905e-02
2.835921242852587620e-02
2.835921242852587620e-02
2.835921242852587620e-02
2.908110305529894302e-02
2.908110305529894302e-02
2.908110305529894302e-02
6.756340061670850286e-03
2.444261612796838623e-02
2.005827307534925261e-02
2.005827307534925261e-02
2.005827307534925261e-02
2.770715105265027234e-02
5.952192784503099188e-02
5.672009465877188988e-02
2.081116097370927856e-02
2.081116097370927856e-02
2.081116097370927856e-02
1.887485779957307971e-02
2.825321020113973416e-02
2.825321020113973416e-02
2.825321020113973416e-02
1.949781568650257521e-02
3.807333498075179956e-02
3.807333498075179956e-02
3.807333498075179956e-02
5.075465357622828411e-03
4.856724741874096640e-03
8.497784733267528534e-02
2.936521275610144699e-02
3.489028044969044728e-02
3.489028044969044728e-02
3.324551960827022007e-02
3.324551960827022007e-02
3.488822495428321041e-02
3.488822495428321041e-02
9.245490832243941082e-02
9.245490832243941082e-02
9.245490832243941082e-02
5.188246115544288550e-02
5.188246115544288550e-02
4.557891757823551160e-02
4.557891757823551160e-02
4.456708225284868041e-02
4.456708225284868041e-02
4.730660363272281427e-02
4.730660363272281427e-02
7.338675343269256135e-02
7.338675343269256135e-02
7.338675343269256135e-02
4.437525424823685755e-02
4.437525424823685755e-02
4.731467134438523819e-02
4.731467134438523819e-02
1.833483361751320553e-02
1.971996117307179067e-02
5.079411727391681952e-02
5.079411727391681952e-02
5.448581199522624374e-02
5.448581199522624374e-02
1.068557743909265452e-02
1.068557743909265452e-02
1.068557743909265452e-02
7.655238157699749500e-04
1.114172622308221526e-02
1.224567616989934681e-02
1.961614037554664305e-02
1.210605353517025043e-02
9.918769308064725662e-03
9.918769308064725662e-03
1.976187229228240898e-03
1.063951868938589965e-02
1.063951868938589965e-02
8.002867067643291976e-02
8.002867067643291976e-02
2.523751879493216568e-02
2.523751879493216568e-02
7.977137290622279830e-02
7.977137290622279830e-02
1.623049583812486221e-02
1.623049583812486221e-02
3.378088773065606593e-02
3.378088773065606593e-02
3.825430759584757395e-02
3.825430759584757395e-02
3.855890328929621746e-02
3.855890328929621746e-02
2.360198069651005259e-02
3.973148310715149401e-02
3.973148310715149401e-02
5.725240008317995094e-02
5.725240008317995094e-02
5.725240008317995094e-02
3.003419892520477544e-02
3.003419892520477544e-02
2.201166850308630685e-02
2.201166850308630685e-02
1.230457357505934310e-02
1.230457357505934310e-02
6.525655711558235941e-03
6.525655711558235941e-03
6.525655711558235941e-03
2.876124862294393222e-02
6.668970267056732390e-03
6.668970267056732390e-03
7.618618472235132166e-02
3.868453760867016089e-02
7.320184225973209308e-03
6.599396261695859855e-03
5.636028327521006714e-02
1.364257284218567921e-02
1.161122296468937165e-01
1.161122296468937165e-01
8.775358243056945173e-02
4.835979289435664297e-02
4.835979289435664297e-02
4.449954641265180949e-02
4.449954641265180949e-02
5.817395751579810398e-02
5.817395751579810398e-02
5.817395751579810398e-02
5.485022718557593796e-02
5.485022718557593796e-02
5.485022718557593796e-02
2.919564476368874048e-02
2.919564476368874048e-02
3.492204852851794449e-03
3.492204852851794449e-03
1.252196685559954156e-02
3.602889552835766840e-02
3.602889552835766840e-02
4.057928317481923272e-03
4.057928317481923272e-03
4.057928317481923272e-03
6.718482374751712097e-04
1.326609432521418455e-02
1.326609432521418455e-02
4.485153357172708827e-02
1.342096973733475709e-02
1.342096973733475709e-02
1.364937358617360381e-02
6.069882014090135364e-02
6.069882014090135364e-02
6.069882014090135364e-02
4.124381067859405475e-02
4.124381067859405475e-02
8.293444501803212687e-02
1.213128174770580076e-02
3.539500960220754583e-02
1.939835658058145298e-02
1.560391894165812955e-02
1.560391894165812955e-02
3.667606103434183779e-02
3.667606103434183779e-02
3.614732231078596203e-02
3.614732231078596203e-02
7.975562026270684168e-02
7.975562026270684168e-02
7.926601556672044357e-02
7.926601556672044357e-02
6.549562264751280019e-03
6.549562264751280019e-03
8.890090227575689341e-02
8.890090227575689341e-02
9.354342201712507673e-03
1.318602108470467299e-02
4.713811619099549099e-02
4.713811619099549099e-02
1.329785851303411093e-02
1.894332335907587817e-02
1.147780568859750952e-02
1.343882551302032040e-02
3.336226728369261468e-03
4.878713424125762955e-03
4.514628174661917438e-03
4.514628174661917438e-03
4.624467628465293162e-02
4.624467628465293162e-02
2.274095310841303674e-02
2.274095310841303674e-02
1.090684942888756337e-01
1.090684942888756337e-01
1.090684942888756337e-01
4.811660103880149170e-02
4.811660103880149170e-02
4.853572711708853404e-02
4.853572711708853404e-02
3.394874875522269769e-02
3.394874875522269769e-02
3.291434668452191542e-02
3.291434668452191542e-02
1.744108436896788655e-02
1.744108436896788655e-02
1.427614917858500282e-02
1.427614917858500282e-02
1.427614917858500282e-02
4.924381641766098841e-03
5.595605420855717486e-03
9.842473876414174760e-02
4.368508772213293423e-02
3.650755081247191586e-02
3.650755081247191586e-02
3.650755081247191586e-02
2.012920245277930245e-02
4.283268518506438971e-03
1.838779255531659829e-02
3.226522447084553130e-02
3.226522447084553130e-02
3.226522447084553130e-02
5.773557085726793714e-02
1.271081247692558598e-02
2.601044749617777152e-02
1.676742061119819438e-02
1.282782383166035205e-02
1.282782383166035205e-02
6.813409782400368930e-02
6.813409782400368930e-02
4.121494714311106644e-02
4.121494714311106644e-02
5.898885546902243177e-02
5.898885546902243177e-02
3.092345037881567144e-02
3.092345037881567144e-02
3.092345037881567144e-02
1.112324352667444331e-02
8.877492734069739044e-02
6.122741653543806867e-02
2.123414081901564044e-04
2.341760324654453394e-05
2.919650483302442187e-02
3.568386012133985003e-03
6.919298833024738193e-02
6.483947234917718239e-02
8.754319172974003166e-03
2.359700711567388684e-02
3.950600741661237925e-03
3.610685885325413957e-02
3.610685885325413957e-02
2.435515319636624362e-02
5.840276053793166250e-02
5.840276053793166250e-02
4.717114617434590984e-02
4.717114617434590984e-02
5.907914811716130643e-02
5.907914811716130643e-02
1.030267829087250231e-02
1.030267829087250231e-02
0.000000000000000000e+00
6.212811407615193710e-03
4.439291341849408747e-03
2.219035642904597719e-02
2.219035642904597719e-02
9.435919140426929710e-03
2.740465879321068651e-02
8.995414554141904426e-03
8.995414554141904426e-03
9.367946140148354986e-03
9.367946140148354986e-03
5.898325921153207280e-02
5.898325921153207280e-02
3.885699442000530197e-03
3.885699442000530197e-03
6.880340285769404041e-02
6.931364418385090043e-02
5.074572867524914169e-03
5.802167666422997083e-03
6.948575195804658315e-03
4.793344083984708674e-03
3.381190599645620548e-02
1.373026950531675699e-02
3.907538165004037500e-02
1.559177829149923505e-02
4.480074135438999981e-03
4.697075752293215778e-02
2.478245074047634097e-02
2.091007517628086163e-02
1.676614635029878911e-02
1.132995249431387186e-01
8.866624921536854498e-02
1.381010700358021037e-01
8.779575998161535944e-02
3.233959692650641843e-02
2.628190450505492326e-02
1.241224168800503236e-02
1.484340160220764572e-02
5.480637065792449969e-02
4.305206986689711496e-02
1.900227559134975291e-02
2.526771431636903528e-02
4.649976800129085493e-03
8.073470894823717159e-02
5.211150075479056495e-03
2.745941335033115407e-03
1.768052530494779520e-02
7.491720574652997386e-03
7.028934286725657676e-02
1.334092116187252791e-02
1.272639264296177930e-03
3.577953618863258245e-02
3.253367235280246739e-02
3.611676762848031741e-02
1.991365375482969866e-02
2.450749439429703025e-02
1.490327247228425897e-02
1.359816696425291153e-03
5.615192285127126523e-03
1.675321128644862226e-02
1.649957149032635698e-02
6.618391571089667080e-02
1.028443264600158308e-01
6.168312308595080146e-02
6.168312308595080146e-02
5.795720665954002399e-02
0.000000000000000000e+00
1.098762458210891454e-02
1.098762458210891454e-02
1.080213010002117197e-02
1.675285091912023447e-02
3.409221779214431647e-02
1.291237564525047135e-02
1.868667118287395748e-02
5.010279774628020009e-03
4.851213350531607266e-03
7.768057834492021752e-02
0.000000000000000000e+00
0.000000000000000000e+00
1.247151910712220209e-02
1.877407172793603418e-02
2.612557857596699284e-02
3.729472386165488818e-02
5.934722048272422779e-02
1.350522952671668643e-02
2.915659331223732428e-02
1.047994926125051379e-01
3.367881784267873213e-02
6.328469103156875164e-02
9.354053070568893805e-03
1.010565669088163560e-01
9.044581853524266690e-02
1.406663291769639224e-01
1.177645710320260053e-01
6.172418285327054693e-02
1.103606834519213660e-02
1.577813029870524589e-02
1.389687664548799537e-02
1.389687664548799537e-02
3.482700107243856535e-02
1.679042351957145754e-02
4.826061077157235008e-03
4.826061077157235008e-03
4.399721399997191112e-02
4.184306675985108998e-02
3.136309100377666220e-02
4.571604687463982214e-02
7.469584283930828100e-03
6.297835420619297964e-03
6.697267904827823581e-03
1.852191003305050931e-02
6.952115754305139561e-02
2.072955924630067847e-03
1.019375102620049406e-02
2.692856690558760591e-02
2.692856690558760591e-02
5.704248338732817274e-03
5.704248338732817274e-03
8.295455163076207242e-03
8.295455163076207242e-03
5.147873032111800057e-02
1.931938576092278800e-02
4.803193004374753036e-03
6.138014907148089949e-02
