1.788567411500110700e-03
0.000000000000000000e+00
0.000000000000000000e+00
3.899843639665034976e-03
0.000000000000000000e+00
0.000000000000000000e+00
1.455465123647671152e-02
3.050684140782808015e-02
3.050684140782808015e-02
1.788567411500110700e-03
1.788567411500110700e-03
1.788567411500110700e-03
1.788567411500110700e-03
1.788567411500110700e-03
1.788567411500110700e-03
1.788567411500110700e-03
1.788567411500110700e-03
2.351202932720627276e-02
5.674275488674131217e-04
5.674275488674131217e-04
5.674275488674131217e-04
5.674275488674131217e-04
5.674275488674131217e-04
5.674275488674131217e-04
1.585098655713670229e-02
5.213068744805994179e-03
5.213068744805994179e-03
5.213068744805994179e-03
5.213068744805994179e-03
5.213068744805994179e-03
5.213068744805994179e-03
5.213068744805994179e-03
5.213068744805994179e-03
5.213068744805994179e-03
5.213068744805994179e-03
5.213068744805994179e-03
5.213068744805994179e-03
3.899843639665034976e-03
3.899843639665034976e-03
3.899843639665034976e-03
3.899843639665034976e-03
3.899843639665034976e-03
3.899843639665034976e-03
3.899843639665034976e-03
3.899843639665034976e-03
2.346926057557856965e-03
2.346926057557856965e-03
2.346926057557856965e-03
2.346926057557856965e-03
2.346926057557856965e-03
2.346926057557856965e-03
2.346926057557856965e-03
2.346926057557856965e-03
2.346926057557856965e-03
2.346926057557856965e-03
2.346926057557856965e-03
9.529755009270704860e-03
9.529755009270704860e-03
9.529755009270704860e-03
9.529755009270704860e-03
9.529755009270704860e-03
9.529755009270704860e-03
9.529755009270704860e-03
9.529755009270704860e-03
9.529755009270704860e-03
9.529755009270704860e-03
9.529755009270704860e-03
2.260843893204343702e-02
2.260843893204343702e-02
2.260843893204343702e-02
2.260843893204343702e-02
2.260843893204343702e-02
2.260843893204343702e-02
2.260843893204343702e-02
2.260843893204343702e-02
2.260843893204343702e-02
2.260843893204343702e-02
2.260843893204343702e-02
1.843477944769743304e-02
3.284238090446213541e-03
3.284238090446213541e-03
2.928141247794628556e-03
1.656575751011067979e-03
1.656575751011067979e-03
1.656575751011067979e-03
1.656575751011067979e-03
6.276094463370918315e-03
6.276094463370918315e-03
6.276094463370918315e-03
6.276094463370918315e-03
6.276094463370918315e-03
6.276094463370918315e-03
6.276094463370918315e-03
6.276094463370918315e-03
6.276094463370918315e-03
6.276094463370918315e-03
6.276094463370918315e-03
0.000000000000000000e+00
1.195159554618215048e-02
1.195159554618215048e-02
1.195159554618215048e-02
1.195159554618215048e-02
1.195159554618215048e-02
1.195159554618215048e-02
1.455465123647671152e-02
1.039978389075740806e-02
1.039978389075740806e-02
1.039978389075740806e-02
1.039978389075740806e-02
1.039978389075740806e-02
1.039978389075740806e-02
1.039978389075740806e-02
1.039978389075740806e-02
1.039978389075740806e-02
1.039978389075740806e-02
1.039978389075740806e-02
1.039978389075740806e-02
1.039978389075740806e-02
1.039978389075740806e-02
1.039978389075740806e-02
1.039978389075740806e-02
1.039978389075740806e-02
1.039978389075740806e-02
0.000000000000000000e+00
0.000000000000000000e+00
0.000000000000000000e+00
0.000000000000000000e+00
0.000000000000000000e+00
0.000000000000000000e+00
0.000000000000000000e+00
0.000000000000000000e+00
0.000000000000000000e+00
0.000000000000000000e+00
0.000000000000000000e+00
0.000000000000000000e+00
0.000000000000000000e+00
0.000000000000000000e+00
4.257405947907329236e-02
3.651497497076672955e-02
3.651497497076672955e-02
3.651497497076672955e-02
3.651497497076672955e-02
3.651497497076672955e-02
3.651497497076672955e-02
1.075323170536293671e-02
2.465358599789610125e-02
2.465358599789610125e-02
2.465358599789610125e-02
2.465358599789610125e-02
1.843477944769743304e-02
1.843477944769743304e-02
1.843477944769743304e-02
1.843477944769743304e-02
1.843477944769743304e-02
1.843477944769743304e-02
1.843477944769743304e-02
1.843477944769743304e-02
1.843477944769743304e-02
1.843477944769743304e-02
1.843477944769743304e-02
1.843477944769743304e-02
1.843477944769743304e-02
1.843477944769743304e-02
1.843477944769743304e-02
1.843477944769743304e-02
1.843477944769743304e-02
1.843477944769743304e-02
1.843477944769743304e-02
1.843477944769743304e-02
1.843477944769743304e-02
1.843477944769743304e-02
1.843477944769743304e-02
1.843477944769743304e-02
2.928141247794628556e-03
2.928141247794628556e-03
2.928141247794628556e-03
2.928141247794628556e-03
2.928141247794628556e-03
2.928141247794628556e-03
2.928141247794628556e-03
2.928141247794628556e-03
2.928141247794628556e-03
2.928141247794628556e-03
2.928141247794628556e-03
2.928141247794628556e-03
2.928141247794628556e-03
2.928141247794628556e-03
2.928141247794628556e-03
2.928141247794628556e-03
2.928141247794628556e-03
2.928141247794628556e-03
2.928141247794628556e-03
2.928141247794628556e-03
6.480393745463469690e-01
2.297109781733077880e-02
2.297109781733077880e-02
2.297109781733077880e-02
2.297109781733077880e-02
1.870328334329031351e-03
2.358017007482869284e-02
1.870328334329031351e-03
1.870328334329031351e-03
1.870328334329031351e-03
1.870328334329031351e-03
1.870328334329031351e-03
1.870328334329031351e-03
1.870328334329031351e-03
1.870328334329031351e-03
1.870328334329031351e-03
1.870328334329031351e-03
1.870328334329031351e-03
1.870328334329031351e-03
1.870328334329031351e-03
1.870328334329031351e-03
1.870328334329031351e-03
1.870328334329031351e-03
1.870328334329031351e-03
2.358017007482869284e-02
4.156542408869430549e-03
0.000000000000000000e+00
0.000000000000000000e+00
0.000000000000000000e+00
0.000000000000000000e+00
0.000000000000000000e+00
0.000000000000000000e+00
0.000000000000000000e+00
0.000000000000000000e+00
0.000000000000000000e+00
0.000000000000000000e+00
0.000000000000000000e+00
0.000000000000000000e+00
0.000000000000000000e+00
1.112571415509559444e-02
1.286271037063847766e-02
1.286271037063847766e-02
1.286271037063847766e-02
1.286271037063847766e-02
1.286271037063847766e-02
1.286271037063847766e-02
1.286271037063847766e-02
1.286271037063847766e-02
1.286271037063847766e-02
1.286271037063847766e-02
2.946240580990571595e-02
2.985238564198859808e-03
2.985238564198859808e-03
2.985238564198859808e-03
2.985238564198859808e-03
1.075323170536293671e-02
2.985238564198859808e-03
0.000000000000000000e+00
0.000000000000000000e+00
0.000000000000000000e+00
0.000000000000000000e+00
0.000000000000000000e+00
0.000000000000000000e+00
0.000000000000000000e+00
4.156542408869430549e-03
4.156542408869430549e-03
4.156542408869430549e-03
4.156542408869430549e-03
4.156542408869430549e-03
4.156542408869430549e-03
4.156542408869430549e-03
4.156542408869430549e-03
4.156542408869430549e-03
4.156542408869430549e-03
4.156542408869430549e-03
4.156542408869430549e-03
4.156542408869430549e-03
4.156542408869430549e-03
4.156542408869430549e-03
4.156542408869430549e-03
4.156542408869430549e-03
4.156542408869430549e-03
3.734331608646176016e-03
3.734331608646176016e-03
3.734331608646176016e-03
3.734331608646176016e-03
3.734331608646176016e-03
3.734331608646176016e-03
3.734331608646176016e-03
3.734331608646176016e-03
3.734331608646176016e-03
3.734331608646176016e-03
3.734331608646176016e-03
8.601364846126002828e-03
5.554508236666405759e-03
5.554508236666405759e-03
1.637996119656715682e-02
5.554508236666405759e-03
2.577295699192688402e-02
3.456844571305680430e-02
3.456844571305680430e-02
3.456844571305680430e-02
3.456844571305680430e-02
3.456844571305680430e-02
3.456844571305680430e-02
6.158694973977482147e-03
2.948089994119534180e-03
2.948089994119534180e-03
2.948089994119534180e-03
2.948089994119534180e-03
2.948089994119534180e-03
2.948089994119534180e-03
2.948089994119534180e-03
2.948089994119534180e-03
0.000000000000000000e+00
0.000000000000000000e+00
0.000000000000000000e+00
0.000000000000000000e+00
0.000000000000000000e+00
0.000000000000000000e+00
0.000000000000000000e+00
0.000000000000000000e+00
0.000000000000000000e+00
0.000000000000000000e+00
0.000000000000000000e+00
0.000000000000000000e+00
0.000000000000000000e+00
0.000000000000000000e+00
4.097107877537759478e-03
8.015605112723400358e-03
8.015605112723400358e-03
8.015605112723400358e-03
8.015605112723400358e-03
8.015605112723400358e-03
8.015605112723400358e-03
9.028893116523342699e-03
9.028893116523342699e-03
9.028893116523342699e-03
9.028893116523342699e-03
9.028893116523342699e-03
9.028893116523342699e-03
9.028893116523342699e-03
9.028893116523342699e-03
9.028893116523342699e-03
9.028893116523342699e-03
9.028893116523342699e-03
9.028893116523342699e-03
9.028893116523342699e-03
9.028893116523342699e-03
9.028893116523342699e-03
2.946240580990571595e-02
2.946240580990571595e-02
2.946240580990571595e-02
2.946240580990571595e-02
2.946240580990571595e-02
2.946240580990571595e-02
2.946240580990571595e-02
2.946240580990571595e-02
2.946240580990571595e-02
2.946240580990571595e-02
2.946240580990571595e-02
2.946240580990571595e-02
2.850432538641513303e-02
5.681262701873535104e-02
5.681262701873535104e-02
5.681262701873535104e-02
5.681262701873535104e-02
5.681262701873535104e-02
5.681262701873535104e-02
2.034041700562974272e-03
2.034041700562974272e-03
2.034041700562974272e-03
2.034041700562974272e-03
2.034041700562974272e-03
2.034041700562974272e-03
2.034041700562974272e-03
2.034041700562974272e-03
2.034041700562974272e-03
2.034041700562974272e-03
2.034041700562974272e-03
2.034041700562974272e-03
2.034041700562974272e-03
7.522998413217837910e-03
0.000000000000000000e+00
0.000000000000000000e+00
0.000000000000000000e+00
3.771756618573524067e-02
3.771756618573524067e-02
3.771756618573524067e-02
3.771756618573524067e-02
3.771756618573524067e-02
3.771756618573524067e-02
3.771756618573524067e-02
3.771756618573524067e-02
3.771756618573524067e-02
3.771756618573524067e-02
3.771756618573524067e-02
1.665837878033046837e-02
5.563887543230098924e-03
5.563887543230098924e-03
5.563887543230098924e-03
5.563887543230098924e-03
5.563887543230098924e-03
5.563887543230098924e-03
5.563887543230098924e-03
5.563887543230098924e-03
8.601364846126002828e-03
8.601364846126002828e-03
8.601364846126002828e-03
8.601364846126002828e-03
8.601364846126002828e-03
8.601364846126002828e-03
8.601364846126002828e-03
8.601364846126002828e-03
8.601364846126002828e-03
8.601364846126002828e-03
8.601364846126002828e-03
8.601364846126002828e-03
6.772799694142130414e-03
1.443642097857718428e-03
1.443642097857718428e-03
1.443642097857718428e-03
1.443642097857718428e-03
1.443642097857718428e-03
1.443642097857718428e-03
6.772799694142130414e-03
5.843514543820107175e-03
5.843514543820107175e-03
5.843514543820107175e-03
5.843514543820107175e-03
1.680146158437397300e-02
2.053904558480216039e-02
2.053904558480216039e-02
2.160353402286896429e-02
1.731030262783216436e-02
1.731030262783216436e-02
1.731030262783216436e-02
1.731030262783216436e-02
1.731030262783216436e-02
1.731030262783216436e-02
1.068354491174168053e-03
1.452274821899039899e-02
1.452274821899039899e-02
1.452274821899039899e-02
1.452274821899039899e-02
1.452274821899039899e-02
1.452274821899039899e-02
1.452274821899039899e-02
1.452274821899039899e-02
1.452274821899039899e-02
1.452274821899039899e-02
7.522998413217837910e-03
7.522998413217837910e-03
7.522998413217837910e-03
7.522998413217837910e-03
7.522998413217837910e-03
7.522998413217837910e-03
1.294450431479498079e-02
1.294450431479498079e-02
1.294450431479498079e-02
1.294450431479498079e-02
1.294450431479498079e-02
1.294450431479498079e-02
1.294450431479498079e-02
1.294450431479498079e-02
1.294450431479498079e-02
1.294450431479498079e-02
1.294450431479498079e-02
2.543623681432181146e-03
2.543623681432181146e-03
2.543623681432181146e-03
2.543623681432181146e-03
2.543623681432181146e-03
2.543623681432181146e-03
2.543623681432181146e-03
2.543623681432181146e-03
2.543623681432181146e-03
2.543623681432181146e-03
2.543623681432181146e-03
2.543623681432181146e-03
2.543623681432181146e-03
2.543623681432181146e-03
2.543623681432181146e-03
2.543623681432181146e-03
2.543623681432181146e-03
2.543623681432181146e-03
2.543623681432181146e-03
2.543623681432181146e-03
2.543623681432181146e-03
1.665837878033046837e-02
1.665837878033046837e-02
1.665837878033046837e-02
1.665837878033046837e-02
1.665837878033046837e-02
1.665837878033046837e-02
1.665837878033046837e-02
1.665837878033046837e-02
4.174577116483522976e-03
7.943503536294981709e-03
7.943503536294981709e-03
7.943503536294981709e-03
7.943503536294981709e-03
7.943503536294981709e-03
7.943503536294981709e-03
7.943503536294981709e-03
7.943503536294981709e-03
7.943503536294981709e-03
7.943503536294981709e-03
2.831635216627416407e-02
0.000000000000000000e+00
0.000000000000000000e+00
1.680146158437397300e-02
1.680146158437397300e-02
1.680146158437397300e-02
1.680146158437397300e-02
1.680146158437397300e-02
1.680146158437397300e-02
1.680146158437397300e-02
1.680146158437397300e-02
3.555658838228348967e-02
8.368239584644688103e-03
8.368239584644688103e-03
8.368239584644688103e-03
8.368239584644688103e-03
8.368239584644688103e-03
8.368239584644688103e-03
2.160353402286896429e-02
2.160353402286896429e-02
2.160353402286896429e-02
2.160353402286896429e-02
1.068354491174168053e-03
1.068354491174168053e-03
2.039782958497402508e-03
2.039782958497402508e-03
2.039782958497402508e-03
2.039782958497402508e-03
2.039782958497402508e-03
2.039782958497402508e-03
2.039782958497402508e-03
2.039782958497402508e-03
2.039782958497402508e-03
2.039782958497402508e-03
2.039782958497402508e-03
8.216500334090045404e-03
3.829564252919181403e-03
3.829564252919181403e-03
3.829564252919181403e-03
3.829564252919181403e-03
5.357577109855921754e-02
4.582104721930454344e-02
4.582104721930454344e-02
4.582104721930454344e-02
4.582104721930454344e-02
4.582104721930454344e-02
4.582104721930454344e-02
4.582104721930454344e-02
4.582104721930454344e-02
0.000000000000000000e+00
0.000000000000000000e+00
0.000000000000000000e+00
0.000000000000000000e+00
0.000000000000000000e+00
1.085403376845019141e-02
1.172445082405944999e-02
1.172445082405944999e-02
1.172445082405944999e-02
1.172445082405944999e-02
8.285193231572981001e-03
3.120719353321113956e-02
3.120719353321113956e-02
3.120719353321113956e-02
3.120719353321113956e-02
3.120719353321113956e-02
3.120719353321113956e-02
3.120719353321113956e-02
3.120719353321113956e-02
3.120719353321113956e-02
3.120719353321113956e-02
3.120719353321113956e-02
3.120719353321113956e-02
3.120719353321113956e-02
3.120719353321113956e-02
1.726463440080187872e-02
2.427817352963003439e-02
2.427817352963003439e-02
2.427817352963003439e-02
2.427817352963003439e-02
2.427817352963003439e-02
2.427817352963003439e-02
0.000000000000000000e+00
0.000000000000000000e+00
0.000000000000000000e+00
0.000000000000000000e+00
0.000000000000000000e+00
0.000000000000000000e+00
0.000000000000000000e+00
0.000000000000000000e+00
0.000000000000000000e+00
0.000000000000000000e+00
0.000000000000000000e+00
0.000000000000000000e+00
0.000000000000000000e+00
2.747637081100501658e-02
2.388446222415303421e-03
2.388446222415303421e-03
2.388446222415303421e-03
2.388446222415303421e-03
1.608687550724137438e-02
1.555494489912600045e-02
1.555494489912600045e-02
1.555494489912600045e-02
1.555494489912600045e-02
1.555494489912600045e-02
1.555494489912600045e-02
1.555494489912600045e-02
1.555494489912600045e-02
1.555494489912600045e-02
1.555494489912600045e-02
1.555494489912600045e-02
1.555494489912600045e-02
4.546345596120424971e-03
4.546345596120424971e-03
4.546345596120424971e-03
4.546345596120424971e-03
4.546345596120424971e-03
4.546345596120424971e-03
4.546345596120424971e-03
4.546345596120424971e-03
4.546345596120424971e-03
4.546345596120424971e-03
4.546345596120424971e-03
4.546345596120424971e-03
4.546345596120424971e-03
4.546345596120424971e-03
4.546345596120424971e-03
1.586886487793653933e-02
1.273613299853773410e-02
1.273613299853773410e-02
0.000000000000000000e+00
0.000000000000000000e+00
0.000000000000000000e+00
2.747637081100501658e-02
2.747637081100501658e-02
2.747637081100501658e-02
2.747637081100501658e-02
1.654440937226936068e-02
2.747637081100501658e-02
1.584914888991540913e-02
8.780909519477377717e-03
1.584914888991540913e-02
1.584914888991540913e-02
1.584914888991540913e-02
1.584914888991540913e-02
1.584914888991540913e-02
8.780909519477377717e-03
8.780909519477377717e-03
8.780909519477377717e-03
0.000000000000000000e+00
1.471121070878903848e-02
1.471121070878903848e-02
1.471121070878903848e-02
1.471121070878903848e-02
1.471121070878903848e-02
1.471121070878903848e-02
1.471121070878903848e-02
1.471121070878903848e-02
4.737463768440719827e-03
1.456731105241577083e-02
1.456731105241577083e-02
1.456731105241577083e-02
1.456731105241577083e-02
1.456731105241577083e-02
1.456731105241577083e-02
1.586886487793653933e-02
1.586886487793653933e-02
1.586886487793653933e-02
1.586886487793653933e-02
1.586886487793653933e-02
1.586886487793653933e-02
1.586886487793653933e-02
1.586886487793653933e-02
1.136500154178070668e-02
1.136500154178070668e-02
1.136500154178070668e-02
1.136500154178070668e-02
1.136500154178070668e-02
1.136500154178070668e-02
1.136500154178070668e-02
1.136500154178070668e-02
1.136500154178070668e-02
1.136500154178070668e-02
1.136500154178070668e-02
1.136500154178070668e-02
1.136500154178070668e-02
1.919724778548464561e-04
4.525365553084820941e-03
4.525365553084820941e-03
4.525365553084820941e-03
4.525365553084820941e-03
4.525365553084820941e-03
4.525365553084820941e-03
4.525365553084820941e-03
4.525365553084820941e-03
4.525365553084820941e-03
4.525365553084820941e-03
4.525365553084820941e-03
4.525365553084820941e-03
4.525365553084820941e-03
4.525365553084820941e-03
0.000000000000000000e+00
0.000000000000000000e+00
1.183499430438474977e-02
2.163356599245634670e-02
2.163356599245634670e-02
2.163356599245634670e-02
2.163356599245634670e-02
2.163356599245634670e-02
2.163356599245634670e-02
4.737463768440719827e-03
4.737463768440719827e-03
4.737463768440719827e-03
4.737463768440719827e-03
4.737463768440719827e-03
4.737463768440719827e-03
4.737463768440719827e-03
4.737463768440719827e-03
4.737463768440719827e-03
4.737463768440719827e-03
1.111027371814685138e-02
1.851488610396163220e-02
1.851488610396163220e-02
1.851488610396163220e-02
1.851488610396163220e-02
1.851488610396163220e-02
1.851488610396163220e-02
1.851488610396163220e-02
1.851488610396163220e-02
1.851488610396163220e-02
1.851488610396163220e-02
1.851488610396163220e-02
1.851488610396163220e-02
1.654440937226936068e-02
1.140147244033322751e-02
0.000000000000000000e+00
0.000000000000000000e+00
0.000000000000000000e+00
0.000000000000000000e+00
1.992673536068065299e-02
1.992673536068065299e-02
1.992673536068065299e-02
1.992673536068065299e-02
1.992673536068065299e-02
1.992673536068065299e-02
1.992673536068065299e-02
1.992673536068065299e-02
1.992673536068065299e-02
1.992673536068065299e-02
1.992673536068065299e-02
1.992673536068065299e-02
1.992673536068065299e-02
7.279017608723277986e-03
1.626216060756742465e-02
1.626216060756742465e-02
1.626216060756742465e-02
1.626216060756742465e-02
1.626216060756742465e-02
1.626216060756742465e-02
8.888197553254203326e-03
1.626216060756742465e-02
6.817639584096434058e-02
3.613611846290914597e-03
3.613611846290914597e-03
3.613611846290914597e-03
3.613611846290914597e-03
3.613611846290914597e-03
3.613611846290914597e-03
3.613611846290914597e-03
3.613611846290914597e-03
3.613611846290914597e-03
3.613611846290914597e-03
3.613611846290914597e-03
3.613611846290914597e-03
3.613611846290914597e-03
3.613611846290914597e-03
3.613611846290914597e-03
3.613611846290914597e-03
4.636582690569009818e-02
2.259935838094166011e-02
2.259935838094166011e-02
2.259935838094166011e-02
2.259935838094166011e-02
2.259935838094166011e-02
2.259935838094166011e-02
2.259935838094166011e-02
2.259935838094166011e-02
1.131492886730061688e-02
1.131492886730061688e-02
1.131492886730061688e-02
1.131492886730061688e-02
1.131492886730061688e-02
1.131492886730061688e-02
1.131492886730061688e-02
1.131492886730061688e-02
1.131492886730061688e-02
1.131492886730061688e-02
1.131492886730061688e-02
5.419146172313351641e-03
1.375922150888187097e-02
1.375922150888187097e-02
1.375922150888187097e-02
1.375922150888187097e-02
1.375922150888187097e-02
1.375922150888187097e-02
5.563370453946517996e-02
3.204522951426359151e-02
3.204522951426359151e-02
3.204522951426359151e-02
3.204522951426359151e-02
3.204522951426359151e-02
3.204522951426359151e-02
3.204522951426359151e-02
3.204522951426359151e-02
3.204522951426359151e-02
3.204522951426359151e-02
3.204522951426359151e-02
3.204522951426359151e-02
3.204522951426359151e-02
3.204522951426359151e-02
2.837416910903991021e-02
0.000000000000000000e+00
0.000000000000000000e+00
0.000000000000000000e+00
0.000000000000000000e+00
0.000000000000000000e+00
0.000000000000000000e+00
0.000000000000000000e+00
0.000000000000000000e+00
6.707407785747357236e-03
7.133448702789512048e-03
7.133448702789512048e-03
3.245020365740243495e-02
1.428690249355930256e-03
1.428690249355930256e-03
1.428690249355930256e-03
1.428690249355930256e-03
1.428690249355930256e-03
1.428690249355930256e-03
1.428690249355930256e-03
1.428690249355930256e-03
1.428690249355930256e-03
1.428690249355930256e-03
1.880022328594807036e-03
1.880022328594807036e-03
1.880022328594807036e-03
1.880022328594807036e-03
1.880022328594807036e-03
1.880022328594807036e-03
1.880022328594807036e-03
1.880022328594807036e-03
1.880022328594807036e-03
1.880022328594807036e-03
1.880022328594807036e-03
1.880022328594807036e-03
1.880022328594807036e-03
8.888197553254203326e-03
8.888197553254203326e-03
8.888197553254203326e-03
8.888197553254203326e-03
8.888197553254203326e-03
8.888197553254203326e-03
8.888197553254203326e-03
1.895698379952788157e-02
1.732945190788068648e-02
1.732945190788068648e-02
2.970795678366825419e-03
2.345509247327634030e-03
2.345509247327634030e-03
2.345509247327634030e-03
2.345509247327634030e-03
2.345509247327634030e-03
2.345509247327634030e-03
2.345509247327634030e-03
2.345509247327634030e-03
2.345509247327634030e-03
2.345509247327634030e-03
2.345509247327634030e-03
2.345509247327634030e-03
2.345509247327634030e-03
2.345509247327634030e-03
2.345509247327634030e-03
2.345509247327634030e-03
2.345509247327634030e-03
2.345509247327634030e-03
2.345509247327634030e-03
2.345509247327634030e-03
2.345509247327634030e-03
2.345509247327634030e-03
1.038291624126931080e-02
1.038291624126931080e-02
1.038291624126931080e-02
1.038291624126931080e-02
1.038291624126931080e-02
1.038291624126931080e-02
1.038291624126931080e-02
1.038291624126931080e-02
1.038291624126931080e-02
1.038291624126931080e-02
1.038291624126931080e-02
1.038291624126931080e-02
1.038291624126931080e-02
1.038291624126931080e-02
1.038291624126931080e-02
1.038291624126931080e-02
1.038291624126931080e-02
1.038291624126931080e-02
1.038291624126931080e-02
1.038291624126931080e-02
1.038291624126931080e-02
1.038291624126931080e-02
1.038291624126931080e-02
1.038291624126931080e-02
1.038291624126931080e-02
1.038291624126931080e-02
1.038291624126931080e-02
0.000000000000000000e+00
0.000000000000000000e+00
0.000000000000000000e+00
0.000000000000000000e+00
0.000000000000000000e+00
0.000000000000000000e+00
0.000000000000000000e+00
0.000000000000000000e+00
0.000000000000000000e+00
2.296284150756678077e-01
2.296284150756678077e-01
2.296284150756678077e-01
2.296284150756678077e-01
2.296284150756678077e-01
2.296284150756678077e-01
2.296284150756678077e-01
2.296284150756678077e-01
2.296284150756678077e-01
2.296284150756678077e-01
2.296284150756678077e-01
2.296284150756678077e-01
2.296284150756678077e-01
6.369887115871769936e-04
1.031171388467959674e-04
1.031171388467959674e-04
1.031171388467959674e-04
1.031171388467959674e-04
1.031171388467959674e-04
1.031171388467959674e-04
1.031171388467959674e-04
1.031171388467959674e-04
1.031171388467959674e-04
1.031171388467959674e-04
1.031171388467959674e-04
1.031171388467959674e-04
1.895698379952788157e-02
4.086655600134456168e-02
4.086655600134456168e-02
4.086655600134456168e-02
4.086655600134456168e-02
4.086655600134456168e-02
4.086655600134456168e-02
4.086655600134456168e-02
4.086655600134456168e-02
4.086655600134456168e-02
4.086655600134456168e-02
4.086655600134456168e-02
4.086655600134456168e-02
4.086655600134456168e-02
4.086655600134456168e-02
4.086655600134456168e-02
4.086655600134456168e-02
4.086655600134456168e-02
4.086655600134456168e-02
4.086655600134456168e-02
4.086655600134456168e-02
4.086655600134456168e-02
4.086655600134456168e-02
4.086655600134456168e-02
4.086655600134456168e-02
4.086655600134456168e-02
4.086655600134456168e-02
4.086655600134456168e-02
4.086655600134456168e-02
4.086655600134456168e-02
4.086655600134456168e-02
4.086655600134456168e-02
4.086655600134456168e-02
4.086655600134456168e-02
4.086655600134456168e-02
0.000000000000000000e+00
2.849219847650817650e-02
2.849219847650817650e-02
2.849219847650817650e-02
2.849219847650817650e-02
2.849219847650817650e-02
2.849219847650817650e-02
2.849219847650817650e-02
2.849219847650817650e-02
2.849219847650817650e-02
2.849219847650817650e-02
2.849219847650817650e-02
2.849219847650817650e-02
1.192681970510348251e-02
2.311408466094119415e-02
2.311408466094119415e-02
2.311408466094119415e-02
2.311408466094119415e-02
2.311408466094119415e-02
2.311408466094119415e-02
6.716713329012037603e-02
5.408850976540998876e-03
5.408850976540998876e-03
5.408850976540998876e-03
5.408850976540998876e-03
5.408850976540998876e-03
5.408850976540998876e-03
5.408850976540998876e-03
5.408850976540998876e-03
5.408850976540998876e-03
5.408850976540998876e-03
5.408850976540998876e-03
5.408850976540998876e-03
5.408850976540998876e-03
5.408850976540998876e-03
0.000000000000000000e+00
2.069437383613303635e-02
2.069437383613303635e-02
2.069437383613303635e-02
2.069437383613303635e-02
2.069437383613303635e-02
2.069437383613303635e-02
2.069437383613303635e-02
2.069437383613303635e-02
1.436308596966673519e-02
8.789718531475552987e-03
8.789718531475552987e-03
8.789718531475552987e-03
8.789718531475552987e-03
8.789718531475552987e-03
8.789718531475552987e-03
8.789718531475552987e-03
8.789718531475552987e-03
8.789718531475552987e-03
8.789718531475552987e-03
8.789718531475552987e-03
8.789718531475552987e-03
8.789718531475552987e-03
8.789718531475552987e-03
9.283431952423737074e-03
3.528918750183780793e-03
3.528918750183780793e-03
3.528918750183780793e-03
3.528918750183780793e-03
3.528918750183780793e-03
3.528918750183780793e-03
2.431929317023324988e-02
1.078143462860146375e-02
1.078143462860146375e-02
1.078143462860146375e-02
1.078143462860146375e-02
1.078143462860146375e-02
1.078143462860146375e-02
1.078143462860146375e-02
1.078143462860146375e-02
7.906944823283348564e-03
1.791392039198446730e-03
1.791392039198446730e-03
1.791392039198446730e-03
1.791392039198446730e-03
1.791392039198446730e-03
1.791392039198446730e-03
1.791392039198446730e-03
1.791392039198446730e-03
3.211951683141006653e-02
2.857811511128579771e-02
2.857811511128579771e-02
2.857811511128579771e-02
2.857811511128579771e-02
2.259306233580052857e-03
2.259306233580052857e-03
2.259306233580052857e-03
2.259306233580052857e-03
2.259306233580052857e-03
2.259306233580052857e-03
2.259306233580052857e-03
2.259306233580052857e-03
2.259306233580052857e-03
2.259306233580052857e-03
2.259306233580052857e-03
2.259306233580052857e-03
2.259306233580052857e-03
2.259306233580052857e-03
2.259306233580052857e-03
2.259306233580052857e-03
2.259306233580052857e-03
2.259306233580052857e-03
2.259306233580052857e-03
1.192681970510348251e-02
3.421601595988964261e-04
3.421601595988964261e-04
3.421601595988964261e-04
3.421601595988964261e-04
7.744409727386483352e-03
4.487958262457100028e-02
4.487958262457100028e-02
4.487958262457100028e-02
4.487958262457100028e-02
4.487958262457100028e-02
4.487958262457100028e-02
0.000000000000000000e+00
4.105497740595859214e-04
4.105497740595859214e-04
4.105497740595859214e-04
4.105497740595859214e-04
4.105497740595859214e-04
4.105497740595859214e-04
4.105497740595859214e-04
4.105497740595859214e-04
4.105497740595859214e-04
4.105497740595859214e-04
6.707407785747357236e-03
6.707407785747357236e-03
6.707407785747357236e-03
6.707407785747357236e-03
6.707407785747357236e-03
6.707407785747357236e-03
6.707407785747357236e-03
6.707407785747357236e-03
6.707407785747357236e-03
6.707407785747357236e-03
6.707407785747357236e-03
6.707407785747357236e-03
6.707407785747357236e-03
6.707407785747357236e-03
1.516329817062452186e-02
1.516329817062452186e-02
1.516329817062452186e-02
1.960705216963605502e-02
1.516329817062452186e-02
1.516329817062452186e-02
1.516329817062452186e-02
1.516329817062452186e-02
1.516329817062452186e-02
1.960705216963605502e-02
1.960705216963605502e-02
1.875666874107831048e-02
1.773916096326210237e-02
1.773916096326210237e-02
1.384746984281612532e-02
4.557297867624626742e-03
4.557297867624626742e-03
0.000000000000000000e+00
5.150264754887808744e-02
5.150264754887808744e-02
5.150264754887808744e-02
5.150264754887808744e-02
5.150264754887808744e-02
5.150264754887808744e-02
5.150264754887808744e-02
5.150264754887808744e-02
5.150264754887808744e-02
5.150264754887808744e-02
5.150264754887808744e-02
5.150264754887808744e-02
5.150264754887808744e-02
5.150264754887808744e-02
5.150264754887808744e-02
5.150264754887808744e-02
9.329464076977206713e-03
6.870085501172075795e-03
6.870085501172075795e-03
6.870085501172075795e-03
6.870085501172075795e-03
5.798369797025209119e-03
3.642074510562429840e-02
3.642074510562429840e-02
3.642074510562429840e-02
3.642074510562429840e-02
3.642074510562429840e-02
3.642074510562429840e-02
3.642074510562429840e-02
3.642074510562429840e-02
4.173530609676187088e-03
3.809841283354781921e-03
3.809841283354781921e-03
3.809841283354781921e-03
3.809841283354781921e-03
3.809841283354781921e-03
3.809841283354781921e-03
0.000000000000000000e+00
0.000000000000000000e+00
0.000000000000000000e+00
0.000000000000000000e+00
0.000000000000000000e+00
0.000000000000000000e+00
0.000000000000000000e+00
0.000000000000000000e+00
0.000000000000000000e+00
0.000000000000000000e+00
0.000000000000000000e+00
3.715026368116056805e-04
4.608640241602362034e-03
4.608640241602362034e-03
4.608640241602362034e-03
4.608640241602362034e-03
4.608640241602362034e-03
4.608640241602362034e-03
4.608640241602362034e-03
4.608640241602362034e-03
1.875666874107831048e-02
1.875666874107831048e-02
1.875666874107831048e-02
1.875666874107831048e-02
1.875666874107831048e-02
1.875666874107831048e-02
1.875666874107831048e-02
1.875666874107831048e-02
1.875666874107831048e-02
1.875666874107831048e-02
6.170340228396378746e-02
5.443336843779837675e-02
5.443336843779837675e-02
1.862789458564187775e-02
1.862789458564187775e-02
1.862789458564187775e-02
1.862789458564187775e-02
1.862789458564187775e-02
1.862789458564187775e-02
1.862789458564187775e-02
1.862789458564187775e-02
1.862789458564187775e-02
1.862789458564187775e-02
1.862789458564187775e-02
1.663079858787449433e-02
7.084975286491803671e-03
7.084975286491803671e-03
0.000000000000000000e+00
0.000000000000000000e+00
0.000000000000000000e+00
0.000000000000000000e+00
0.000000000000000000e+00
0.000000000000000000e+00
0.000000000000000000e+00
0.000000000000000000e+00
0.000000000000000000e+00
1.079491977521463905e-02
0.000000000000000000e+00
0.000000000000000000e+00
1.015143930143012387e-02
1.015143930143012387e-02
1.015143930143012387e-02
1.015143930143012387e-02
1.015143930143012387e-02
1.015143930143012387e-02
1.015143930143012387e-02
1.015143930143012387e-02
1.015143930143012387e-02
1.015143930143012387e-02
1.015143930143012387e-02
1.015143930143012387e-02
1.015143930143012387e-02
1.015143930143012387e-02
1.015143930143012387e-02
1.015143930143012387e-02
1.015143930143012387e-02
1.015143930143012387e-02
1.015143930143012387e-02
1.507453098394023923e-02
1.718014780533297023e-02
1.718014780533297023e-02
1.718014780533297023e-02
1.718014780533297023e-02
1.677878483134124382e-02
0.000000000000000000e+00
0.000000000000000000e+00
2.068548641395203183e-02
4.174577116483522976e-03
4.174577116483522976e-03
4.174577116483522976e-03
4.174577116483522976e-03
4.174577116483522976e-03
4.174577116483522976e-03
4.174577116483522976e-03
4.174577116483522976e-03
4.174577116483522976e-03
1.663079858787449433e-02
1.663079858787449433e-02
1.663079858787449433e-02
1.663079858787449433e-02
1.663079858787449433e-02
1.663079858787449433e-02
1.663079858787449433e-02
1.663079858787449433e-02
1.079491977521463905e-02
1.079491977521463905e-02
1.079491977521463905e-02
1.079491977521463905e-02
1.079491977521463905e-02
1.079491977521463905e-02
1.079491977521463905e-02
1.079491977521463905e-02
1.079491977521463905e-02
1.079491977521463905e-02
1.507453098394023923e-02
1.507453098394023923e-02
1.507453098394023923e-02
1.507453098394023923e-02
1.507453098394023923e-02
1.507453098394023923e-02
1.507453098394023923e-02
1.507453098394023923e-02
3.449678342729875589e-03
6.103287785464157032e-03
6.103287785464157032e-03
6.103287785464157032e-03
6.103287785464157032e-03
6.103287785464157032e-03
6.103287785464157032e-03
6.103287785464157032e-03
6.103287785464157032e-03
2.360005120523556502e-03
6.363171323982515226e-03
6.363171323982515226e-03
6.363171323982515226e-03
6.363171323982515226e-03
6.363171323982515226e-03
6.363171323982515226e-03
6.363171323982515226e-03
6.363171323982515226e-03
6.363171323982515226e-03
6.363171323982515226e-03
6.363171323982515226e-03
6.363171323982515226e-03
1.057558384627362534e-02
1.057558384627362534e-02
1.057558384627362534e-02
1.057558384627362534e-02
1.057558384627362534e-02
1.057558384627362534e-02
1.057558384627362534e-02
1.057558384627362534e-02
1.057558384627362534e-02
1.057558384627362534e-02
1.057558384627362534e-02
6.321846085450198889e-03
4.166881105031445230e-03
4.166881105031445230e-03
9.690169223030752066e-03
9.690169223030752066e-03
9.690169223030752066e-03
9.690169223030752066e-03
9.690169223030752066e-03
9.690169223030752066e-03
9.690169223030752066e-03
9.690169223030752066e-03
9.690169223030752066e-03
9.690169223030752066e-03
9.690169223030752066e-03
9.690169223030752066e-03
9.690169223030752066e-03
9.690169223030752066e-03
9.690169223030752066e-03
1.685110448572570488e-02
1.685110448572570488e-02
1.685110448572570488e-02
1.685110448572570488e-02
1.685110448572570488e-02
1.685110448572570488e-02
1.685110448572570488e-02
1.685110448572570488e-02
1.685110448572570488e-02
1.685110448572570488e-02
1.685110448572570488e-02
1.150754915700992476e-02
7.170433600774826083e-03
7.170433600774826083e-03
0.000000000000000000e+00
1.012807284955821426e-03
1.012807284955821426e-03
2.288959072130362232e-02
2.288959072130362232e-02
2.288959072130362232e-02
2.288959072130362232e-02
2.288959072130362232e-02
2.288959072130362232e-02
2.288959072130362232e-02
2.288959072130362232e-02
2.288959072130362232e-02
2.288959072130362232e-02
2.288959072130362232e-02
0.000000000000000000e+00
2.288959072130362232e-02
0.000000000000000000e+00
2.651544355629838548e-02
2.651544355629838548e-02
2.651544355629838548e-02
2.651544355629838548e-02
2.651544355629838548e-02
2.651544355629838548e-02
2.651544355629838548e-02
2.651544355629838548e-02
2.651544355629838548e-02
2.651544355629838548e-02
2.651544355629838548e-02
2.651544355629838548e-02
4.162851065493182456e-02
1.203948668540151881e-02
1.203948668540151881e-02
2.658032186524609750e-02
5.300503127944452414e-02
5.300503127944452414e-02
7.167595625050359040e-04
3.258657296615877913e-02
3.258657296615877913e-02
3.258657296615877913e-02
3.258657296615877913e-02
3.258657296615877913e-02
3.258657296615877913e-02
3.258657296615877913e-02
3.258657296615877913e-02
7.623199384875966808e-03
3.233509202094127927e-02
3.233509202094127927e-02
3.233509202094127927e-02
3.233509202094127927e-02
3.233509202094127927e-02
3.233509202094127927e-02
1.269120771841421476e-02
8.683969540176049440e-03
8.683969540176049440e-03
8.683969540176049440e-03
8.683969540176049440e-03
8.683969540176049440e-03
8.683969540176049440e-03
1.063765608653707839e-02
1.063765608653707839e-02
1.063765608653707839e-02
1.063765608653707839e-02
1.063765608653707839e-02
1.063765608653707839e-02
1.063765608653707839e-02
1.063765608653707839e-02
1.063765608653707839e-02
1.063765608653707839e-02
1.063765608653707839e-02
1.063765608653707839e-02
1.063765608653707839e-02
1.608687550724137438e-02
1.608687550724137438e-02
1.118843549009639841e-03
1.586370107545910513e-02
1.586370107545910513e-02
1.586370107545910513e-02
1.586370107545910513e-02
1.586370107545910513e-02
1.586370107545910513e-02
1.586370107545910513e-02
1.586370107545910513e-02
1.586370107545910513e-02
1.586370107545910513e-02
7.906944823283348564e-03
7.906944823283348564e-03
7.906944823283348564e-03
7.906944823283348564e-03
5.893698103688835462e-03
9.562107627809651733e-03
9.562107627809651733e-03
9.562107627809651733e-03
9.562107627809651733e-03
9.562107627809651733e-03
9.562107627809651733e-03
9.562107627809651733e-03
9.562107627809651733e-03
9.562107627809651733e-03
9.562107627809651733e-03
1.378827810869585717e-02
2.658032186524609750e-02
2.658032186524609750e-02
2.658032186524609750e-02
3.126395985428316593e-02
2.323434377513710486e-02
2.323434377513710486e-02
2.323434377513710486e-02
2.323434377513710486e-02
2.323434377513710486e-02
2.323434377513710486e-02
6.321846085450198889e-03
4.325511273473581220e-02
4.325511273473581220e-02
4.325511273473581220e-02
4.325511273473581220e-02
4.162851065493182456e-02
1.897753675968172002e-02
1.897753675968172002e-02
5.762006038325392194e-04
7.098446030808302533e-03
7.098446030808302533e-03
1.269120771841421476e-02
1.269120771841421476e-02
1.269120771841421476e-02
1.269120771841421476e-02
1.269120771841421476e-02
1.269120771841421476e-02
2.146468084310150515e-02
2.146468084310150515e-02
2.146468084310150515e-02
2.146468084310150515e-02
2.146468084310150515e-02
2.146468084310150515e-02
2.146468084310150515e-02
2.146468084310150515e-02
2.146468084310150515e-02
0.000000000000000000e+00
2.146468084310150515e-02
1.378827810869585717e-02
1.378827810869585717e-02
1.378827810869585717e-02
1.378827810869585717e-02
1.302673570562965823e-02
3.147375127609410884e-03
3.147375127609410884e-03
0.000000000000000000e+00
0.000000000000000000e+00
0.000000000000000000e+00
1.882578097415028157e-02
1.160077993238070072e-02
1.160077993238070072e-02
4.162851065493182456e-02
4.162851065493182456e-02
4.162851065493182456e-02
4.162851065493182456e-02
4.162851065493182456e-02
4.162851065493182456e-02
4.162851065493182456e-02
4.162851065493182456e-02
4.162851065493182456e-02
1.152828691915099013e-02
1.275360939256999296e-02
1.275360939256999296e-02
0.000000000000000000e+00
0.000000000000000000e+00
0.000000000000000000e+00
2.449580007954241592e-02
2.449580007954241592e-02
2.449580007954241592e-02
2.449580007954241592e-02
2.449580007954241592e-02
2.449580007954241592e-02
2.449580007954241592e-02
2.449580007954241592e-02
2.449580007954241592e-02
2.449580007954241592e-02
2.449580007954241592e-02
2.449580007954241592e-02
2.449580007954241592e-02
2.449580007954241592e-02
2.449580007954241592e-02
2.449580007954241592e-02
2.449580007954241592e-02
2.449580007954241592e-02
2.449580007954241592e-02
2.449580007954241592e-02
2.449580007954241592e-02
2.449580007954241592e-02
2.449580007954241592e-02
1.882578097415028157e-02
2.191276961473877585e-02
2.191276961473877585e-02
2.191276961473877585e-02
2.191276961473877585e-02
2.191276961473877585e-02
2.191276961473877585e-02
2.191276961473877585e-02
2.191276961473877585e-02
2.977545514869138054e-03
1.997258201081748927e-03
1.997258201081748927e-03
1.997258201081748927e-03
1.997258201081748927e-03
1.997258201081748927e-03
1.997258201081748927e-03
1.152828691915099013e-02
1.152828691915099013e-02
1.152828691915099013e-02
1.152828691915099013e-02
1.152828691915099013e-02
1.152828691915099013e-02
1.152828691915099013e-02
1.152828691915099013e-02
1.152828691915099013e-02
1.152828691915099013e-02
1.302673570562965823e-02
1.943686942121758063e-02
1.943686942121758063e-02
1.943686942121758063e-02
1.943686942121758063e-02
1.943686942121758063e-02
1.943686942121758063e-02
1.943686942121758063e-02
1.943686942121758063e-02
2.419750602348854848e-03
1.810376245846209708e-02
1.810376245846209708e-02
4.278292028002463575e-03
4.278292028002463575e-03
4.278292028002463575e-03
4.278292028002463575e-03
4.278292028002463575e-03
4.278292028002463575e-03
4.278292028002463575e-03
4.278292028002463575e-03
4.278292028002463575e-03
4.278292028002463575e-03
4.278292028002463575e-03
4.278292028002463575e-03
4.278292028002463575e-03
4.278292028002463575e-03
4.278292028002463575e-03
4.278292028002463575e-03
4.278292028002463575e-03
4.278292028002463575e-03
4.278292028002463575e-03
4.278292028002463575e-03
4.278292028002463575e-03
3.462987698209882281e-02
2.594570676122768399e-02
2.594570676122768399e-02
2.594570676122768399e-02
2.594570676122768399e-02
2.594570676122768399e-02
2.594570676122768399e-02
2.594570676122768399e-02
2.594570676122768399e-02
6.158694973977482147e-03
6.158694973977482147e-03
6.158694973977482147e-03
6.158694973977482147e-03
1.313855959588735092e-02
1.112571415509559444e-02
1.112571415509559444e-02
1.112571415509559444e-02
5.585258192914837813e-03
5.585258192914837813e-03
5.585258192914837813e-03
5.585258192914837813e-03
5.585258192914837813e-03
5.585258192914837813e-03
5.585258192914837813e-03
5.585258192914837813e-03
5.585258192914837813e-03
5.585258192914837813e-03
5.585258192914837813e-03
5.585258192914837813e-03
5.585258192914837813e-03
4.737891811755187005e-02
1.496053953059107294e-02
1.496053953059107294e-02
1.496053953059107294e-02
1.496053953059107294e-02
3.462987698209882281e-02
9.356259154343428419e-02
9.356259154343428419e-02
9.356259154343428419e-02
9.356259154343428419e-02
2.932594791262513670e-02
2.668438927718281943e-03
2.668438927718281943e-03
2.668438927718281943e-03
2.668438927718281943e-03
2.668438927718281943e-03
2.668438927718281943e-03
0.000000000000000000e+00
0.000000000000000000e+00
0.000000000000000000e+00
1.840045079042768733e-02
3.400785024632792686e-03
3.400785024632792686e-03
1.499337236172746182e-02
1.507703753620077795e-02
1.507703753620077795e-02
1.507703753620077795e-02
1.507703753620077795e-02
0.000000000000000000e+00
0.000000000000000000e+00
0.000000000000000000e+00
0.000000000000000000e+00
0.000000000000000000e+00
0.000000000000000000e+00
0.000000000000000000e+00
0.000000000000000000e+00
0.000000000000000000e+00
0.000000000000000000e+00
2.275805679704597309e-02
2.275805679704597309e-02
2.275805679704597309e-02
2.275805679704597309e-02
2.275805679704597309e-02
2.275805679704597309e-02
2.275805679704597309e-02
2.275805679704597309e-02
2.275805679704597309e-02
2.275805679704597309e-02
2.275805679704597309e-02
2.275805679704597309e-02
2.275805679704597309e-02
2.275805679704597309e-02
2.275805679704597309e-02
2.597761987654912362e-03
1.560359496556911960e-02
1.560359496556911960e-02
4.510241097300313868e-04
4.510241097300313868e-04
4.510241097300313868e-04
4.510241097300313868e-04
4.510241097300313868e-04
4.510241097300313868e-04
4.510241097300313868e-04
4.510241097300313868e-04
4.510241097300313868e-04
4.510241097300313868e-04
4.510241097300313868e-04
4.510241097300313868e-04
4.510241097300313868e-04
4.510241097300313868e-04
4.510241097300313868e-04
1.400881549111531420e-02
1.840045079042768733e-02
1.400881549111531420e-02
1.236867901800600168e-02
1.400881549111531420e-02
0.000000000000000000e+00
2.554100510923198401e-03
2.554100510923198401e-03
2.479364262658459179e-03
1.778122574785501175e-02
1.778122574785501175e-02
2.124094726010229781e-04
5.068437746282292850e-02
5.068437746282292850e-02
4.747228653225026192e-03
4.824384772732238577e-03
4.824384772732238577e-03
4.824384772732238577e-03
4.824384772732238577e-03
4.824384772732238577e-03
4.824384772732238577e-03
4.824384772732238577e-03
4.824384772732238577e-03
4.824384772732238577e-03
4.824384772732238577e-03
4.824384772732238577e-03
4.824384772732238577e-03
4.824384772732238577e-03
4.824384772732238577e-03
1.319394223067059564e-02
9.106970777885537924e-03
9.106970777885537924e-03
9.713644073859170960e-03
3.160059374786289982e-02
3.160059374786289982e-02
3.160059374786289982e-02
3.160059374786289982e-02
3.160059374786289982e-02
3.160059374786289982e-02
3.160059374786289982e-02
3.160059374786289982e-02
3.160059374786289982e-02
3.160059374786289982e-02
2.597761987654912362e-03
2.597761987654912362e-03
2.597761987654912362e-03
2.597761987654912362e-03
2.597761987654912362e-03
2.597761987654912362e-03
2.597761987654912362e-03
2.597761987654912362e-03
2.597761987654912362e-03
2.597761987654912362e-03
2.597761987654912362e-03
2.597761987654912362e-03
2.597761987654912362e-03
2.597761987654912362e-03
2.597761987654912362e-03
2.597761987654912362e-03
2.597761987654912362e-03
2.597761987654912362e-03
2.597761987654912362e-03
2.597761987654912362e-03
2.597761987654912362e-03
2.597761987654912362e-03
2.597761987654912362e-03
2.597761987654912362e-03
2.597761987654912362e-03
2.597761987654912362e-03
2.597761987654912362e-03
2.597761987654912362e-03
1.494404640258026849e-02
1.494404640258026849e-02
1.494404640258026849e-02
1.494404640258026849e-02
1.494404640258026849e-02
1.494404640258026849e-02
1.494404640258026849e-02
1.494404640258026849e-02
1.494404640258026849e-02
1.494404640258026849e-02
1.494404640258026849e-02
1.494404640258026849e-02
1.494404640258026849e-02
1.494404640258026849e-02
1.494404640258026849e-02
0.000000000000000000e+00
1.630041406895061870e-02
1.630041406895061870e-02
1.630041406895061870e-02
1.630041406895061870e-02
1.630041406895061870e-02
1.630041406895061870e-02
0.000000000000000000e+00
0.000000000000000000e+00
0.000000000000000000e+00
0.000000000000000000e+00
0.000000000000000000e+00
2.479364262658459179e-03
2.479364262658459179e-03
2.479364262658459179e-03
2.479364262658459179e-03
2.479364262658459179e-03
2.479364262658459179e-03
2.479364262658459179e-03
2.479364262658459179e-03
2.124094726010229781e-04
2.124094726010229781e-04
2.124094726010229781e-04
2.124094726010229781e-04
2.124094726010229781e-04
2.124094726010229781e-04
2.124094726010229781e-04
2.124094726010229781e-04
2.124094726010229781e-04
2.124094726010229781e-04
0.000000000000000000e+00
3.917165285066223461e-03
3.917165285066223461e-03
3.917165285066223461e-03
3.917165285066223461e-03
2.744534762569562567e-02
1.352572188484860334e-02
1.352572188484860334e-02
1.352572188484860334e-02
1.352572188484860334e-02
1.352572188484860334e-02
1.352572188484860334e-02
3.803339780592055602e-02
0.000000000000000000e+00
0.000000000000000000e+00
2.623540253501736169e-02
4.854535978587245365e-02
4.854535978587245365e-02
5.036261107646446654e-03
5.490901097118570419e-03
5.490901097118570419e-03
5.490901097118570419e-03
5.490901097118570419e-03
5.490901097118570419e-03
5.490901097118570419e-03
5.490901097118570419e-03
5.490901097118570419e-03
5.490901097118570419e-03
5.490901097118570419e-03
0.000000000000000000e+00
2.304266392010730590e-04
2.304266392010730590e-04
1.470915331068997287e-02
9.267095955777498312e-03
9.267095955777498312e-03
0.000000000000000000e+00
0.000000000000000000e+00
6.601122365074462914e-03
0.000000000000000000e+00
0.000000000000000000e+00
0.000000000000000000e+00
0.000000000000000000e+00
0.000000000000000000e+00
5.991660513089061037e-03
5.991660513089061037e-03
5.991660513089061037e-03
5.991660513089061037e-03
5.991660513089061037e-03
5.991660513089061037e-03
5.991660513089061037e-03
5.991660513089061037e-03
5.991660513089061037e-03
5.991660513089061037e-03
5.991660513089061037e-03
5.991660513089061037e-03
5.991660513089061037e-03
5.991660513089061037e-03
5.991660513089061037e-03
5.991660513089061037e-03
5.991660513089061037e-03
5.991660513089061037e-03
5.991660513089061037e-03
5.991660513089061037e-03
5.991660513089061037e-03
5.991660513089061037e-03
5.991660513089061037e-03
3.803339780592055602e-02
3.803339780592055602e-02
3.803339780592055602e-02
3.803339780592055602e-02
3.803339780592055602e-02
3.803339780592055602e-02
3.803339780592055602e-02
3.803339780592055602e-02
2.623540253501736169e-02
2.623540253501736169e-02
2.623540253501736169e-02
2.623540253501736169e-02
2.623540253501736169e-02
2.623540253501736169e-02
2.623540253501736169e-02
2.623540253501736169e-02
2.623540253501736169e-02
2.623540253501736169e-02
2.623540253501736169e-02
2.623540253501736169e-02
1.319394223067059564e-02
9.321718726920192113e-05
9.321718726920192113e-05
9.321718726920192113e-05
9.321718726920192113e-05
9.321718726920192113e-05
9.321718726920192113e-05
9.321718726920192113e-05
9.321718726920192113e-05
9.321718726920192113e-05
9.321718726920192113e-05
9.321718726920192113e-05
9.321718726920192113e-05
9.321718726920192113e-05
9.321718726920192113e-05
9.321718726920192113e-05
9.321718726920192113e-05
0.000000000000000000e+00
0.000000000000000000e+00
0.000000000000000000e+00
2.114869507470109114e-02
1.766739478243686476e-02
1.766739478243686476e-02
1.766739478243686476e-02
1.766739478243686476e-02
1.766739478243686476e-02
1.766739478243686476e-02
1.766739478243686476e-02
1.766739478243686476e-02
1.766739478243686476e-02
1.766739478243686476e-02
1.766739478243686476e-02
1.766739478243686476e-02
1.766739478243686476e-02
1.766739478243686476e-02
1.766739478243686476e-02
1.766739478243686476e-02
4.001846599900222429e-02
1.720040622824434108e-03
1.720040622824434108e-03
1.720040622824434108e-03
1.720040622824434108e-03
1.720040622824434108e-03
1.720040622824434108e-03
1.720040622824434108e-03
1.720040622824434108e-03
1.720040622824434108e-03
1.720040622824434108e-03
1.720040622824434108e-03
1.720040622824434108e-03
1.720040622824434108e-03
1.720040622824434108e-03
1.720040622824434108e-03
1.720040622824434108e-03
1.720040622824434108e-03
1.720040622824434108e-03
1.720040622824434108e-03
1.720040622824434108e-03
1.720040622824434108e-03
1.720040622824434108e-03
1.720040622824434108e-03
1.720040622824434108e-03
1.470915331068997287e-02
1.470915331068997287e-02
1.470915331068997287e-02
1.470915331068997287e-02
1.470915331068997287e-02
1.470915331068997287e-02
1.470915331068997287e-02
1.470915331068997287e-02
6.601122365074462914e-03
2.013535420104398815e-02
2.013535420104398815e-02
2.013535420104398815e-02
2.013535420104398815e-02
2.013535420104398815e-02
2.013535420104398815e-02
2.013535420104398815e-02
2.013535420104398815e-02
2.013535420104398815e-02
2.013535420104398815e-02
2.013535420104398815e-02
2.572335699207596235e-02
0.000000000000000000e+00
0.000000000000000000e+00
2.598982580753218113e-02
1.832950594619770293e-02
1.832950594619770293e-02
1.832950594619770293e-02
1.832950594619770293e-02
1.832950594619770293e-02
1.832950594619770293e-02
1.832950594619770293e-02
1.832950594619770293e-02
1.832950594619770293e-02
1.832950594619770293e-02
1.832950594619770293e-02
1.832950594619770293e-02
1.155107288059534221e-02
1.155107288059534221e-02
1.155107288059534221e-02
1.155107288059534221e-02
1.155107288059534221e-02
1.155107288059534221e-02
1.155107288059534221e-02
1.155107288059534221e-02
1.155107288059534221e-02
1.155107288059534221e-02
1.155107288059534221e-02
4.062162101808880141e-03
1.165826404036463503e-02
1.165826404036463503e-02
1.165826404036463503e-02
1.165826404036463503e-02
1.165826404036463503e-02
1.165826404036463503e-02
1.165826404036463503e-02
1.165826404036463503e-02
8.785194602399702679e-03
2.138026580781021702e-02
2.138026580781021702e-02
2.138026580781021702e-02
2.138026580781021702e-02
2.572335699207596235e-02
2.572335699207596235e-02
2.572335699207596235e-02
2.572335699207596235e-02
2.572335699207596235e-02
2.572335699207596235e-02
2.572335699207596235e-02
2.572335699207596235e-02
2.572335699207596235e-02
2.572335699207596235e-02
2.572335699207596235e-02
2.572335699207596235e-02
2.572335699207596235e-02
2.572335699207596235e-02
2.572335699207596235e-02
2.572335699207596235e-02
2.572335699207596235e-02
2.572335699207596235e-02
0.000000000000000000e+00
2.419750602348854848e-03
2.419750602348854848e-03
2.419750602348854848e-03
2.419750602348854848e-03
2.419750602348854848e-03
1.547871283336637802e-02
2.932594791262513670e-02
1.073613530613800639e-02
2.151017780186279330e-02
2.151017780186279330e-02
2.151017780186279330e-02
2.151017780186279330e-02
2.151017780186279330e-02
2.151017780186279330e-02
2.151017780186279330e-02
2.151017780186279330e-02
2.151017780186279330e-02
2.151017780186279330e-02
2.151017780186279330e-02
2.151017780186279330e-02
2.151017780186279330e-02
2.151017780186279330e-02
2.151017780186279330e-02
2.151017780186279330e-02
2.151017780186279330e-02
2.151017780186279330e-02
2.151017780186279330e-02
2.151017780186279330e-02
2.151017780186279330e-02
2.151017780186279330e-02
2.151017780186279330e-02
2.151017780186279330e-02
4.064820024072605259e-02
8.008299942182313044e-03
8.008299942182313044e-03
8.008299942182313044e-03
8.008299942182313044e-03
8.008299942182313044e-03
8.008299942182313044e-03
0.000000000000000000e+00
0.000000000000000000e+00
0.000000000000000000e+00
0.000000000000000000e+00
0.000000000000000000e+00
0.000000000000000000e+00
0.000000000000000000e+00
0.000000000000000000e+00
0.000000000000000000e+00
0.000000000000000000e+00
0.000000000000000000e+00
6.477010150245663192e-03
6.477010150245663192e-03
6.477010150245663192e-03
6.477010150245663192e-03
6.477010150245663192e-03
6.477010150245663192e-03
6.477010150245663192e-03
6.477010150245663192e-03
6.477010150245663192e-03
6.477010150245663192e-03
6.477010150245663192e-03
7.275651146603648659e-03
1.753273350334460081e-03
7.275651146603648659e-03
7.275651146603648659e-03
7.275651146603648659e-03
7.275651146603648659e-03
7.275651146603648659e-03
7.275651146603648659e-03
7.275651146603648659e-03
1.753273350334460081e-03
1.315088166790460457e-02
1.315088166790460457e-02
1.315088166790460457e-02
1.315088166790460457e-02
1.315088166790460457e-02
1.315088166790460457e-02
1.315088166790460457e-02
1.315088166790460457e-02
1.315088166790460457e-02
1.315088166790460457e-02
1.315088166790460457e-02
0.000000000000000000e+00
0.000000000000000000e+00
0.000000000000000000e+00
0.000000000000000000e+00
0.000000000000000000e+00
0.000000000000000000e+00
0.000000000000000000e+00
3.462987698209882281e-02
2.586359048416733697e-02
0.000000000000000000e+00
0.000000000000000000e+00
2.837417007816967970e-02
8.767442579145311859e-03
8.767442579145311859e-03
8.767442579145311859e-03
8.767442579145311859e-03
8.767442579145311859e-03
8.767442579145311859e-03
8.767442579145311859e-03
8.767442579145311859e-03
3.205062525541799850e-02
9.784424319122445382e-03
9.784424319122445382e-03
9.784424319122445382e-03
9.784424319122445382e-03
9.784424319122445382e-03
9.784424319122445382e-03
9.784424319122445382e-03
9.784424319122445382e-03
2.837417007816967970e-02
2.837417007816967970e-02
2.837417007816967970e-02
2.837417007816967970e-02
2.837417007816967970e-02
2.837417007816967970e-02
2.837417007816967970e-02
2.837417007816967970e-02
3.775225567128837056e-03
3.775225567128837056e-03
3.775225567128837056e-03
3.775225567128837056e-03
3.775225567128837056e-03
3.775225567128837056e-03
3.775225567128837056e-03
3.775225567128837056e-03
3.775225567128837056e-03
3.775225567128837056e-03
3.775225567128837056e-03
3.775225567128837056e-03
3.775225567128837056e-03
2.731230672914772631e-02
1.069251671432622751e-02
1.069251671432622751e-02
1.069251671432622751e-02
1.069251671432622751e-02
1.069251671432622751e-02
1.069251671432622751e-02
0.000000000000000000e+00
1.760929643986272608e-02
1.760929643986272608e-02
1.760929643986272608e-02
1.760929643986272608e-02
3.094822100319815847e-02
1.250004558437163918e-02
1.250004558437163918e-02
1.250004558437163918e-02
1.250004558437163918e-02
1.250004558437163918e-02
1.250004558437163918e-02
1.250004558437163918e-02
1.250004558437163918e-02
1.250004558437163918e-02
1.250004558437163918e-02
1.250004558437163918e-02
1.250004558437163918e-02
1.250004558437163918e-02
1.250004558437163918e-02
1.250004558437163918e-02
1.250004558437163918e-02
1.250004558437163918e-02
1.250004558437163918e-02
1.259875560614345802e-02
4.380972083976875922e-04
4.380972083976875922e-04
4.380972083976875922e-04
4.380972083976875922e-04
4.380972083976875922e-04
4.380972083976875922e-04
4.380972083976875922e-04
4.380972083976875922e-04
1.532457317747280487e-02
1.532457317747280487e-02
1.532457317747280487e-02
1.532457317747280487e-02
1.532457317747280487e-02
0.000000000000000000e+00
1.532457317747280487e-02
1.532457317747280487e-02
1.532457317747280487e-02
1.532457317747280487e-02
1.532457317747280487e-02
1.180826588368387962e-02
1.180826588368387962e-02
1.180826588368387962e-02
1.180826588368387962e-02
1.180826588368387962e-02
1.180826588368387962e-02
1.180826588368387962e-02
1.180826588368387962e-02
1.180826588368387962e-02
1.180826588368387962e-02
1.180826588368387962e-02
5.964827050500932232e-03
5.964827050500932232e-03
5.964827050500932232e-03
5.964827050500932232e-03
5.964827050500932232e-03
5.964827050500932232e-03
5.964827050500932232e-03
5.964827050500932232e-03
5.964827050500932232e-03
5.964827050500932232e-03
5.964827050500932232e-03
2.764575089129309507e-02
2.765611486653153997e-02
2.765611486653153997e-02
2.765611486653153997e-02
2.765611486653153997e-02
2.765611486653153997e-02
2.765611486653153997e-02
2.765611486653153997e-02
2.765611486653153997e-02
2.765611486653153997e-02
2.765611486653153997e-02
2.765611486653153997e-02
2.765611486653153997e-02
2.765611486653153997e-02
2.765611486653153997e-02
2.765611486653153997e-02
2.765611486653153997e-02
1.769936822907355184e-02
3.567572873244321662e-03
3.567572873244321662e-03
3.567572873244321662e-03
3.567572873244321662e-03
3.567572873244321662e-03
3.567572873244321662e-03
3.567572873244321662e-03
3.567572873244321662e-03
1.622173686008473309e-02
0.000000000000000000e+00
0.000000000000000000e+00
1.781925723266501033e-02
6.041989092935042688e-03
6.041989092935042688e-03
6.041989092935042688e-03
6.041989092935042688e-03
6.041989092935042688e-03
6.041989092935042688e-03
6.041989092935042688e-03
6.041989092935042688e-03
6.041989092935042688e-03
6.041989092935042688e-03
6.041989092935042688e-03
6.041989092935042688e-03
7.788662169135274378e-03
1.447573491737180230e-02
1.447573491737180230e-02
3.895013634767691829e-02
1.307419831790046852e-02
1.307419831790046852e-02
1.307419831790046852e-02
1.307419831790046852e-02
1.307419831790046852e-02
1.307419831790046852e-02
1.307419831790046852e-02
1.307419831790046852e-02
1.033432966875639201e-02
1.616092213158000848e-02
1.616092213158000848e-02
1.616092213158000848e-02
1.616092213158000848e-02
1.616092213158000848e-02
1.616092213158000848e-02
1.616092213158000848e-02
1.616092213158000848e-02
1.550939727997368081e-02
2.190284975281783526e-03
2.190284975281783526e-03
2.190284975281783526e-03
2.190284975281783526e-03
2.177234998859584394e-02
0.000000000000000000e+00
0.000000000000000000e+00
4.215764421416993957e-04
0.000000000000000000e+00
0.000000000000000000e+00
0.000000000000000000e+00
0.000000000000000000e+00
4.064820024072605259e-02
4.064820024072605259e-02
4.064820024072605259e-02
4.064820024072605259e-02
4.064820024072605259e-02
4.064820024072605259e-02
1.622173686008473309e-02
1.622173686008473309e-02
1.622173686008473309e-02
1.622173686008473309e-02
1.622173686008473309e-02
1.622173686008473309e-02
1.622173686008473309e-02
1.622173686008473309e-02
1.839108916815397968e-02
1.664188750726821459e-02
1.664188750726821459e-02
0.000000000000000000e+00
0.000000000000000000e+00
1.550939727997368081e-02
1.550939727997368081e-02
1.550939727997368081e-02
1.550939727997368081e-02
1.550939727997368081e-02
1.550939727997368081e-02
1.550939727997368081e-02
1.550939727997368081e-02
1.550939727997368081e-02
1.550939727997368081e-02
1.550939727997368081e-02
1.550939727997368081e-02
1.550939727997368081e-02
1.550939727997368081e-02
1.550939727997368081e-02
1.550939727997368081e-02
1.550939727997368081e-02
1.550939727997368081e-02
2.177234998859584394e-02
2.177234998859584394e-02
2.177234998859584394e-02
2.177234998859584394e-02
2.177234998859584394e-02
2.177234998859584394e-02
2.177234998859584394e-02
2.177234998859584394e-02
5.438988787481405674e-04
5.438988787481405674e-04
5.438988787481405674e-04
5.438988787481405674e-04
5.438988787481405674e-04
5.438988787481405674e-04
5.438988787481405674e-04
5.438988787481405674e-04
5.438988787481405674e-04
5.438988787481405674e-04
5.438988787481405674e-04
5.438988787481405674e-04
5.438988787481405674e-04
1.830970473578319088e-02
1.749478800064694674e-03
1.749478800064694674e-03
0.000000000000000000e+00
0.000000000000000000e+00
0.000000000000000000e+00
0.000000000000000000e+00
0.000000000000000000e+00
0.000000000000000000e+00
0.000000000000000000e+00
0.000000000000000000e+00
0.000000000000000000e+00
0.000000000000000000e+00
5.111006403457235038e-03
2.967268079320888844e-04
5.111006403457235038e-03
5.111006403457235038e-03
5.111006403457235038e-03
5.111006403457235038e-03
5.111006403457235038e-03
5.111006403457235038e-03
5.111006403457235038e-03
2.967268079320888844e-04
2.967268079320888844e-04
2.967268079320888844e-04
4.730466840026792061e-03
6.950685313907022621e-03
6.950685313907022621e-03
6.950685313907022621e-03
6.950685313907022621e-03
6.950685313907022621e-03
6.950685313907022621e-03
6.950685313907022621e-03
6.950685313907022621e-03
6.950685313907022621e-03
6.950685313907022621e-03
0.000000000000000000e+00
0.000000000000000000e+00
0.000000000000000000e+00
0.000000000000000000e+00
0.000000000000000000e+00
0.000000000000000000e+00
0.000000000000000000e+00
0.000000000000000000e+00
0.000000000000000000e+00
0.000000000000000000e+00
0.000000000000000000e+00
1.726463440080187872e-02
1.726463440080187872e-02
1.726463440080187872e-02
1.726463440080187872e-02
1.270954716933937224e-02
9.498639044502519418e-03
9.498639044502519418e-03
0.000000000000000000e+00
0.000000000000000000e+00
0.000000000000000000e+00
0.000000000000000000e+00
0.000000000000000000e+00
0.000000000000000000e+00
0.000000000000000000e+00
0.000000000000000000e+00
0.000000000000000000e+00
0.000000000000000000e+00
0.000000000000000000e+00
4.283955183144443069e-02
2.318608630679154514e-02
2.318608630679154514e-02
2.318608630679154514e-02
2.318608630679154514e-02
2.318608630679154514e-02
2.318608630679154514e-02
5.357577109855921754e-02
5.357577109855921754e-02
5.357577109855921754e-02
5.357577109855921754e-02
0.000000000000000000e+00
3.704417804936031150e-02
3.704417804936031150e-02
3.704417804936031150e-02
3.704417804936031150e-02
3.704417804936031150e-02
3.704417804936031150e-02
3.704417804936031150e-02
3.704417804936031150e-02
2.502411303292653363e-02
4.116246816162921762e-02
4.116246816162921762e-02
4.116246816162921762e-02
4.116246816162921762e-02
4.116246816162921762e-02
4.116246816162921762e-02
4.116246816162921762e-02
4.116246816162921762e-02
4.807104673170546627e-03
4.807104673170546627e-03
4.807104673170546627e-03
4.807104673170546627e-03
4.807104673170546627e-03
4.807104673170546627e-03
4.807104673170546627e-03
4.807104673170546627e-03
4.807104673170546627e-03
4.807104673170546627e-03
4.807104673170546627e-03
1.270954716933937224e-02
1.270954716933937224e-02
1.270954716933937224e-02
1.270954716933937224e-02
1.270954716933937224e-02
1.270954716933937224e-02
1.270954716933937224e-02
1.270954716933937224e-02
1.270954716933937224e-02
1.270954716933937224e-02
1.270954716933937224e-02
1.270954716933937224e-02
3.032609416753245541e-03
0.000000000000000000e+00
0.000000000000000000e+00
4.283955183144443069e-02
4.283955183144443069e-02
4.283955183144443069e-02
4.283955183144443069e-02
4.283955183144443069e-02
4.283955183144443069e-02
0.000000000000000000e+00
0.000000000000000000e+00
0.000000000000000000e+00
3.449678342729875589e-03
1.115025627380567159e-02
1.115025627380567159e-02
3.032609416753245541e-03
3.032609416753245541e-03
3.032609416753245541e-03
3.032609416753245541e-03
3.032609416753245541e-03
3.032609416753245541e-03
3.032609416753245541e-03
3.032609416753245541e-03
3.032609416753245541e-03
3.032609416753245541e-03
3.032609416753245541e-03
3.032609416753245541e-03
1.954618328049469080e-03
1.223200268409625931e-02
1.223200268409625931e-02
1.223200268409625931e-02
1.223200268409625931e-02
1.223200268409625931e-02
1.223200268409625931e-02
1.223200268409625931e-02
1.223200268409625931e-02
1.729414601755950923e-02
3.029464271855547911e-02
1.729414601755950923e-02
1.729414601755950923e-02
1.729414601755950923e-02
1.729414601755950923e-02
1.729414601755950923e-02
1.729414601755950923e-02
1.729414601755950923e-02
1.729414601755950923e-02
1.729414601755950923e-02
1.729414601755950923e-02
1.729414601755950923e-02
1.729414601755950923e-02
1.729414601755950923e-02
3.029464271855547911e-02
4.771399384023566198e-02
4.771399384023566198e-02
4.771399384023566198e-02
4.771399384023566198e-02
4.771399384023566198e-02
4.771399384023566198e-02
4.771399384023566198e-02
4.771399384023566198e-02
4.771399384023566198e-02
4.771399384023566198e-02
4.771399384023566198e-02
3.587419110447075815e-02
1.676419009190095039e-02
1.676419009190095039e-02
0.000000000000000000e+00
0.000000000000000000e+00
0.000000000000000000e+00
0.000000000000000000e+00
0.000000000000000000e+00
0.000000000000000000e+00
0.000000000000000000e+00
0.000000000000000000e+00
0.000000000000000000e+00
0.000000000000000000e+00
0.000000000000000000e+00
4.027114802699604396e-02
4.027114802699604396e-02
4.027114802699604396e-02
4.027114802699604396e-02
4.027114802699604396e-02
4.027114802699604396e-02
4.027114802699604396e-02
4.027114802699604396e-02
4.027114802699604396e-02
4.027114802699604396e-02
4.027114802699604396e-02
4.027114802699604396e-02
4.027114802699604396e-02
4.027114802699604396e-02
4.027114802699604396e-02
5.630206406773445235e-03
2.482908851094152089e-02
2.482908851094152089e-02
8.781779141438959477e-03
8.781779141438959477e-03
8.781779141438959477e-03
8.781779141438959477e-03
8.781779141438959477e-03
8.781779141438959477e-03
8.781779141438959477e-03
8.781779141438959477e-03
8.781779141438959477e-03
8.781779141438959477e-03
8.781779141438959477e-03
8.781779141438959477e-03
8.781779141438959477e-03
8.781779141438959477e-03
8.781779141438959477e-03
8.781779141438959477e-03
8.781779141438959477e-03
8.781779141438959477e-03
8.781779141438959477e-03
8.781779141438959477e-03
8.781779141438959477e-03
8.781779141438959477e-03
8.781779141438959477e-03
5.630206406773445235e-03
5.630206406773445235e-03
5.630206406773445235e-03
5.630206406773445235e-03
5.630206406773445235e-03
5.630206406773445235e-03
5.630206406773445235e-03
5.630206406773445235e-03
5.630206406773445235e-03
5.630206406773445235e-03
5.630206406773445235e-03
5.630206406773445235e-03
5.630206406773445235e-03
5.630206406773445235e-03
1.556434801781923956e-02
1.556434801781923956e-02
1.556434801781923956e-02
1.556434801781923956e-02
1.556434801781923956e-02
1.556434801781923956e-02
1.556434801781923956e-02
1.556434801781923956e-02
1.556434801781923956e-02
1.556434801781923956e-02
1.556434801781923956e-02
2.588817860443754643e-02
2.588817860443754643e-02
2.588817860443754643e-02
2.588817860443754643e-02
2.588817860443754643e-02
2.588817860443754643e-02
2.588817860443754643e-02
2.588817860443754643e-02
2.588817860443754643e-02
2.588817860443754643e-02
2.588817860443754643e-02
2.588817860443754643e-02
2.588817860443754643e-02
2.588817860443754643e-02
2.588817860443754643e-02
2.588817860443754643e-02
2.588817860443754643e-02
2.588817860443754643e-02
2.588817860443754643e-02
2.588817860443754643e-02
2.588817860443754643e-02
2.588817860443754643e-02
2.588817860443754643e-02
2.588817860443754643e-02
2.588817860443754643e-02
2.588817860443754643e-02
2.588817860443754643e-02
2.588817860443754643e-02
2.588817860443754643e-02
2.588817860443754643e-02
2.588817860443754643e-02
2.588817860443754643e-02
2.588817860443754643e-02
2.183141891842160440e-02
1.336761624799688401e-02
1.336761624799688401e-02
1.061749232518375717e-03
4.137465184951642436e-03
4.137465184951642436e-03
4.137465184951642436e-03
4.137465184951642436e-03
1.998884929965752399e-02
2.976331857075714682e-03
2.976331857075714682e-03
2.976331857075714682e-03
2.976331857075714682e-03
2.976331857075714682e-03
2.976331857075714682e-03
2.183141891842160440e-02
2.183141891842160440e-02
1.780518066671528052e-02
2.183141891842160440e-02
0.000000000000000000e+00
0.000000000000000000e+00
0.000000000000000000e+00
0.000000000000000000e+00
1.780518066671528052e-02
1.780518066671528052e-02
1.780518066671528052e-02
1.806183511731766084e-02
1.806183511731766084e-02
1.806183511731766084e-02
1.806183511731766084e-02
1.806183511731766084e-02
1.806183511731766084e-02
1.806183511731766084e-02
1.806183511731766084e-02
1.806183511731766084e-02
1.806183511731766084e-02
1.806183511731766084e-02
7.954427142429270009e-04
7.954427142429270009e-04
7.954427142429270009e-04
7.954427142429270009e-04
7.954427142429270009e-04
7.954427142429270009e-04
7.954427142429270009e-04
7.954427142429270009e-04
7.954427142429270009e-04
7.954427142429270009e-04
7.954427142429270009e-04
2.381947429643534175e-02
0.000000000000000000e+00
0.000000000000000000e+00
0.000000000000000000e+00
0.000000000000000000e+00
0.000000000000000000e+00
0.000000000000000000e+00
0.000000000000000000e+00
1.507392530573972537e-02
1.777299512420301569e-02
2.174639360832201357e-02
2.174639360832201357e-02
2.174639360832201357e-02
2.174639360832201357e-02
2.174639360832201357e-02
2.174639360832201357e-02
2.174639360832201357e-02
2.174639360832201357e-02
2.174639360832201357e-02
1.507392530573972537e-02
2.174639360832201357e-02
1.777299512420301569e-02
1.668501732027731499e-02
2.051147431784080058e-02
2.051147431784080058e-02
5.419146172313351641e-03
5.419146172313351641e-03
5.419146172313351641e-03
5.419146172313351641e-03
2.428205563981258169e-02
8.939500665608933819e-03
8.939500665608933819e-03
8.508095690469968117e-04
2.981884299801784363e-02
2.981884299801784363e-02
2.981884299801784363e-02
2.981884299801784363e-02
2.981884299801784363e-02
2.981884299801784363e-02
2.981884299801784363e-02
2.981884299801784363e-02
2.981884299801784363e-02
2.981884299801784363e-02
2.981884299801784363e-02
2.981884299801784363e-02
2.981884299801784363e-02
2.981884299801784363e-02
1.668501732027731499e-02
1.668501732027731499e-02
1.668501732027731499e-02
1.668501732027731499e-02
1.668501732027731499e-02
1.668501732027731499e-02
1.668501732027731499e-02
1.668501732027731499e-02
1.209167732325745238e-02
1.209167732325745238e-02
1.209167732325745238e-02
1.209167732325745238e-02
1.209167732325745238e-02
1.209167732325745238e-02
1.209167732325745238e-02
1.209167732325745238e-02
1.209167732325745238e-02
1.209167732325745238e-02
1.209167732325745238e-02
1.209167732325745238e-02
1.209167732325745238e-02
1.209167732325745238e-02
1.209167732325745238e-02
1.209167732325745238e-02
1.209167732325745238e-02
1.209167732325745238e-02
1.209167732325745238e-02
3.649377757050330500e-03
3.649377757050330500e-03
3.649377757050330500e-03
3.649377757050330500e-03
3.649377757050330500e-03
3.649377757050330500e-03
3.649377757050330500e-03
3.649377757050330500e-03
3.649377757050330500e-03
3.649377757050330500e-03
3.649377757050330500e-03
3.649377757050330500e-03
3.649377757050330500e-03
1.317834583667330806e-02
0.000000000000000000e+00
0.000000000000000000e+00
0.000000000000000000e+00
0.000000000000000000e+00
0.000000000000000000e+00
0.000000000000000000e+00
0.000000000000000000e+00
0.000000000000000000e+00
1.112897813894339269e-02
3.541063562720637124e-03
3.541063562720637124e-03
3.541063562720637124e-03
3.541063562720637124e-03
8.508095690469968117e-04
8.508095690469968117e-04
8.508095690469968117e-04
8.508095690469968117e-04
2.093305847587538862e-02
1.233982774724457117e-02
1.233982774724457117e-02
1.233982774724457117e-02
1.233982774724457117e-02
1.233982774724457117e-02
1.233982774724457117e-02
1.233982774724457117e-02
1.233982774724457117e-02
1.233982774724457117e-02
1.233982774724457117e-02
1.233982774724457117e-02
1.233982774724457117e-02
1.233982774724457117e-02
1.233982774724457117e-02
1.101752497165522926e-02
1.101752497165522926e-02
1.101752497165522926e-02
1.101752497165522926e-02
1.101752497165522926e-02
1.101752497165522926e-02
1.101752497165522926e-02
1.101752497165522926e-02
1.101752497165522926e-02
1.101752497165522926e-02
1.101752497165522926e-02
1.101752497165522926e-02
1.101752497165522926e-02
2.972454050505654263e-04
1.843943439272591536e-02
1.843943439272591536e-02
1.843943439272591536e-02
1.843943439272591536e-02
2.876527647682108196e-02
2.876527647682108196e-02
2.876527647682108196e-02
2.876527647682108196e-02
2.876527647682108196e-02
2.876527647682108196e-02
2.876527647682108196e-02
2.876527647682108196e-02
2.876527647682108196e-02
2.876527647682108196e-02
2.876527647682108196e-02
2.876527647682108196e-02
2.876527647682108196e-02
2.748390248234187233e-02
2.295533258399081941e-02
2.295533258399081941e-02
2.295533258399081941e-02
2.295533258399081941e-02
2.428205563981258169e-02
2.428205563981258169e-02
2.428205563981258169e-02
2.428205563981258169e-02
2.428205563981258169e-02
3.032937550593149678e-02
2.263338225791168556e-02
2.297738078521124189e-02
2.297738078521124189e-02
2.297738078521124189e-02
2.297738078521124189e-02
2.297738078521124189e-02
2.297738078521124189e-02
1.561627518532317759e-02
5.910146023883056793e-03
5.910146023883056793e-03
2.402466554199522361e-02
2.771450514686469094e-02
2.771450514686469094e-02
2.771450514686469094e-02
2.771450514686469094e-02
8.899688875759493786e-03
8.899688875759493786e-03
8.899688875759493786e-03
8.899688875759493786e-03
8.899688875759493786e-03
8.899688875759493786e-03
8.899688875759493786e-03
8.899688875759493786e-03
8.899688875759493786e-03
8.899688875759493786e-03
8.899688875759493786e-03
8.899688875759493786e-03
8.899688875759493786e-03
8.899688875759493786e-03
8.899688875759493786e-03
8.899688875759493786e-03
8.899688875759493786e-03
8.899688875759493786e-03
8.899688875759493786e-03
8.899688875759493786e-03
8.899688875759493786e-03
8.899688875759493786e-03
8.899688875759493786e-03
8.899688875759493786e-03
8.899688875759493786e-03
8.899688875759493786e-03
8.899688875759493786e-03
8.899688875759493786e-03
8.899688875759493786e-03
8.899688875759493786e-03
8.899688875759493786e-03
8.899688875759493786e-03
8.899688875759493786e-03
0.000000000000000000e+00
0.000000000000000000e+00
0.000000000000000000e+00
0.000000000000000000e+00
0.000000000000000000e+00
0.000000000000000000e+00
0.000000000000000000e+00
0.000000000000000000e+00
3.895013634767691829e-02
2.731230672914772631e-02
2.731230672914772631e-02
2.731230672914772631e-02
2.087491631480305893e-02
2.263338225791168556e-02
2.263338225791168556e-02
2.263338225791168556e-02
2.621795481633281116e-03
2.157219101180562343e-02
2.157219101180562343e-02
2.157219101180562343e-02
2.157219101180562343e-02
3.588047049578386993e-02
0.000000000000000000e+00
0.000000000000000000e+00
6.958119158964088009e-03
4.714705030552118759e-02
4.714705030552118759e-02
4.714705030552118759e-02
4.714705030552118759e-02
4.714705030552118759e-02
4.714705030552118759e-02
4.714705030552118759e-02
4.714705030552118759e-02
4.714705030552118759e-02
4.714705030552118759e-02
4.714705030552118759e-02
4.714705030552118759e-02
4.714705030552118759e-02
4.714705030552118759e-02
4.714705030552118759e-02
4.714705030552118759e-02
2.719609172281247430e-03
2.719609172281247430e-03
2.719609172281247430e-03
2.719609172281247430e-03
2.719609172281247430e-03
2.719609172281247430e-03
2.719609172281247430e-03
2.719609172281247430e-03
2.719609172281247430e-03
2.719609172281247430e-03
2.719609172281247430e-03
2.719609172281247430e-03
2.719609172281247430e-03
5.893698103688835462e-03
5.893698103688835462e-03
5.893698103688835462e-03
5.893698103688835462e-03
5.893698103688835462e-03
5.893698103688835462e-03
2.748390248234187233e-02
1.140147244033322751e-02
1.140147244033322751e-02
1.140147244033322751e-02
4.380047015811765893e-02
3.421291714901638498e-02
3.421291714901638498e-02
9.206586426385485189e-03
1.825443926754925783e-02
1.825443926754925783e-02
1.825443926754925783e-02
1.825443926754925783e-02
1.825443926754925783e-02
1.825443926754925783e-02
1.825443926754925783e-02
1.825443926754925783e-02
7.682084885249533014e-03
2.554645058534427832e-02
2.554645058534427832e-02
2.554645058534427832e-02
2.554645058534427832e-02
2.554645058534427832e-02
2.554645058534427832e-02
2.554645058534427832e-02
2.554645058534427832e-02
5.246531444200266958e-02
3.081307826400123823e-02
3.081307826400123823e-02
3.081307826400123823e-02
3.081307826400123823e-02
3.081307826400123823e-02
3.081307826400123823e-02
3.081307826400123823e-02
3.081307826400123823e-02
3.081307826400123823e-02
3.081307826400123823e-02
2.279996786796135901e-03
2.279996786796135901e-03
2.279996786796135901e-03
2.279996786796135901e-03
2.279996786796135901e-03
2.279996786796135901e-03
2.279996786796135901e-03
2.279996786796135901e-03
2.279996786796135901e-03
2.279996786796135901e-03
2.279996786796135901e-03
8.285193231572981001e-03
8.285193231572981001e-03
3.895013634767691829e-02
3.895013634767691829e-02
3.895013634767691829e-02
2.087491631480305893e-02
2.087491631480305893e-02
2.087491631480305893e-02
2.087491631480305893e-02
2.621795481633281116e-03
2.621795481633281116e-03
2.621795481633281116e-03
2.621795481633281116e-03
2.621795481633281116e-03
2.621795481633281116e-03
2.621795481633281116e-03
2.621795481633281116e-03
1.561627518532317759e-02
5.321245517793690358e-03
5.321245517793690358e-03
5.321245517793690358e-03
5.321245517793690358e-03
5.321245517793690358e-03
5.321245517793690358e-03
5.321245517793690358e-03
5.321245517793690358e-03
1.434111746488006892e-02
7.788662169135274378e-03
7.788662169135274378e-03
7.788662169135274378e-03
5.401928531941875382e-03
6.267555170435598101e-03
6.267555170435598101e-03
8.611513805961408616e-04
8.611513805961408616e-04
8.611513805961408616e-04
8.611513805961408616e-04
8.611513805961408616e-04
8.611513805961408616e-04
8.611513805961408616e-04
8.611513805961408616e-04
8.611513805961408616e-04
8.611513805961408616e-04
8.611513805961408616e-04
8.611513805961408616e-04
8.611513805961408616e-04
8.611513805961408616e-04
8.611513805961408616e-04
0.000000000000000000e+00
3.055737017043572059e-03
3.055737017043572059e-03
3.055737017043572059e-03
3.055737017043572059e-03
3.055737017043572059e-03
3.055737017043572059e-03
3.055737017043572059e-03
3.055737017043572059e-03
3.055737017043572059e-03
3.055737017043572059e-03
1.931897615089086390e-02
1.931897615089086390e-02
1.931897615089086390e-02
1.931897615089086390e-02
1.931897615089086390e-02
1.931897615089086390e-02
1.931897615089086390e-02
1.931897615089086390e-02
1.931897615089086390e-02
1.931897615089086390e-02
1.931897615089086390e-02
0.000000000000000000e+00
0.000000000000000000e+00
0.000000000000000000e+00
0.000000000000000000e+00
0.000000000000000000e+00
0.000000000000000000e+00
0.000000000000000000e+00
0.000000000000000000e+00
0.000000000000000000e+00
0.000000000000000000e+00
0.000000000000000000e+00
0.000000000000000000e+00
0.000000000000000000e+00
0.000000000000000000e+00
0.000000000000000000e+00
0.000000000000000000e+00
0.000000000000000000e+00
0.000000000000000000e+00
0.000000000000000000e+00
0.000000000000000000e+00
0.000000000000000000e+00
4.616182080283658118e-03
1.259042236406443700e-02
1.259042236406443700e-02
9.206586426385485189e-03
9.206586426385485189e-03
3.812910922281456672e-02
5.346067318229487386e-03
5.346067318229487386e-03
5.346067318229487386e-03
5.346067318229487386e-03
1.561627518532317759e-02
1.561627518532317759e-02
1.561627518532317759e-02
1.561627518532317759e-02
1.561627518532317759e-02
1.447610955179922353e-03
1.447610955179922353e-03
1.447610955179922353e-03
1.447610955179922353e-03
1.447610955179922353e-03
1.447610955179922353e-03
1.447610955179922353e-03
1.447610955179922353e-03
1.447610955179922353e-03
1.447610955179922353e-03
1.447610955179922353e-03
1.447610955179922353e-03
1.447610955179922353e-03
1.447610955179922353e-03
1.447610955179922353e-03
1.447610955179922353e-03
1.447610955179922353e-03
1.447610955179922353e-03
1.447610955179922353e-03
1.447610955179922353e-03
1.447610955179922353e-03
1.447610955179922353e-03
1.447610955179922353e-03
1.447610955179922353e-03
1.447610955179922353e-03
1.447610955179922353e-03
1.447610955179922353e-03
1.447610955179922353e-03
1.447610955179922353e-03
1.447610955179922353e-03
1.447610955179922353e-03
1.447610955179922353e-03
1.447610955179922353e-03
1.447610955179922353e-03
1.447610955179922353e-03
1.447610955179922353e-03
1.447610955179922353e-03
1.447610955179922353e-03
1.447610955179922353e-03
1.447610955179922353e-03
1.447610955179922353e-03
1.447610955179922353e-03
1.447610955179922353e-03
1.022055085710398166e-02
1.118724033027095749e-02
1.118724033027095749e-02
1.118724033027095749e-02
1.118724033027095749e-02
1.118724033027095749e-02
1.118724033027095749e-02
1.118724033027095749e-02
1.118724033027095749e-02
1.118724033027095749e-02
1.118724033027095749e-02
6.423645657409700858e-03
0.000000000000000000e+00
0.000000000000000000e+00
2.660990037728329372e-02
4.616182080283658118e-03
4.616182080283658118e-03
4.616182080283658118e-03
1.880000727159097385e-01
1.880000727159097385e-01
1.880000727159097385e-01
1.880000727159097385e-01
1.880000727159097385e-01
1.880000727159097385e-01
1.880000727159097385e-01
1.880000727159097385e-01
1.880000727159097385e-01
1.880000727159097385e-01
1.880000727159097385e-01
1.880000727159097385e-01
1.880000727159097385e-01
1.880000727159097385e-01
1.880000727159097385e-01
1.880000727159097385e-01
1.880000727159097385e-01
3.490651774197826157e-02
3.490651774197826157e-02
3.490651774197826157e-02
3.490651774197826157e-02
3.490651774197826157e-02
3.490651774197826157e-02
3.490651774197826157e-02
3.490651774197826157e-02
3.490651774197826157e-02
3.490651774197826157e-02
3.490651774197826157e-02
2.398438079743410358e-03
2.398438079743410358e-03
2.398438079743410358e-03
2.398438079743410358e-03
2.398438079743410358e-03
2.398438079743410358e-03
2.398438079743410358e-03
2.398438079743410358e-03
2.398438079743410358e-03
2.398438079743410358e-03
2.398438079743410358e-03
2.398438079743410358e-03
2.398438079743410358e-03
2.398438079743410358e-03
2.398438079743410358e-03
2.398438079743410358e-03
2.398438079743410358e-03
2.398438079743410358e-03
2.398438079743410358e-03
3.587660389984050763e-02
1.111924959350231445e-02
1.111924959350231445e-02
6.423645657409700858e-03
6.423645657409700858e-03
6.423645657409700858e-03
6.423645657409700858e-03
6.423645657409700858e-03
6.423645657409700858e-03
6.423645657409700858e-03
6.423645657409700858e-03
9.467815249710537923e-03
9.467815249710537923e-03
9.467815249710537923e-03
9.467815249710537923e-03
9.467815249710537923e-03
9.467815249710537923e-03
9.467815249710537923e-03
9.467815249710537923e-03
9.467815249710537923e-03
9.467815249710537923e-03
9.467815249710537923e-03
7.433279307208124492e-03
7.433279307208124492e-03
7.433279307208124492e-03
7.433279307208124492e-03
7.433279307208124492e-03
7.433279307208124492e-03
7.433279307208124492e-03
7.433279307208124492e-03
7.433279307208124492e-03
7.433279307208124492e-03
7.433279307208124492e-03
7.433279307208124492e-03
7.433279307208124492e-03
7.433279307208124492e-03
7.433279307208124492e-03
7.433279307208124492e-03
7.433279307208124492e-03
7.433279307208124492e-03
7.433279307208124492e-03
7.433279307208124492e-03
7.433279307208124492e-03
7.433279307208124492e-03
7.433279307208124492e-03
9.909127425135505138e-03
8.232164806020890804e-03
8.232164806020890804e-03
8.232164806020890804e-03
8.232164806020890804e-03
0.000000000000000000e+00
4.708237027116854434e-03
4.708237027116854434e-03
4.708237027116854434e-03
4.708237027116854434e-03
4.708237027116854434e-03
4.708237027116854434e-03
1.553654275598421140e-02
1.553654275598421140e-02
1.553654275598421140e-02
1.553654275598421140e-02
1.553654275598421140e-02
1.553654275598421140e-02
1.553654275598421140e-02
1.553654275598421140e-02
1.553654275598421140e-02
1.553654275598421140e-02
1.553654275598421140e-02
1.553654275598421140e-02
1.553654275598421140e-02
4.747228653225026192e-03
4.747228653225026192e-03
4.747228653225026192e-03
4.747228653225026192e-03
4.747228653225026192e-03
4.747228653225026192e-03
1.632813069562387073e-02
2.459021270978190010e-02
2.459021270978190010e-02
2.459021270978190010e-02
2.459021270978190010e-02
1.051836793841753534e-02
1.340995718573640728e-02
1.340995718573640728e-02
1.340995718573640728e-02
1.340995718573640728e-02
1.340995718573640728e-02
1.340995718573640728e-02
3.587660389984050763e-02
1.900953793042872014e-02
1.900953793042872014e-02
1.900953793042872014e-02
1.900953793042872014e-02
1.900953793042872014e-02
1.900953793042872014e-02
1.900953793042872014e-02
1.900953793042872014e-02
1.900953793042872014e-02
1.900953793042872014e-02
1.900953793042872014e-02
1.900953793042872014e-02
1.900953793042872014e-02
1.900953793042872014e-02
1.900953793042872014e-02
1.900953793042872014e-02
1.900953793042872014e-02
1.900953793042872014e-02
1.900953793042872014e-02
1.900953793042872014e-02
1.900953793042872014e-02
1.900953793042872014e-02
1.900953793042872014e-02
1.900953793042872014e-02
1.900953793042872014e-02
1.900953793042872014e-02
1.900953793042872014e-02
1.900953793042872014e-02
1.885701355824889042e-02
1.342883560835005964e-02
1.342883560835005964e-02
5.489402138241614333e-03
2.754454957494672455e-03
2.754454957494672455e-03
2.754454957494672455e-03
2.754454957494672455e-03
2.754454957494672455e-03
2.754454957494672455e-03
4.748777849696973752e-02
2.690110685621008996e-02
2.690110685621008996e-02
2.690110685621008996e-02
2.690110685621008996e-02
2.690110685621008996e-02
2.690110685621008996e-02
5.762006038325392194e-04
5.762006038325392194e-04
5.762006038325392194e-04
5.762006038325392194e-04
5.762006038325392194e-04
5.762006038325392194e-04
5.762006038325392194e-04
5.762006038325392194e-04
5.762006038325392194e-04
5.762006038325392194e-04
5.762006038325392194e-04
5.762006038325392194e-04
1.914647500043877015e-02
3.467377584513296057e-03
3.467377584513296057e-03
0.000000000000000000e+00
3.467377584513296057e-03
3.467377584513296057e-03
3.467377584513296057e-03
3.467377584513296057e-03
3.467377584513296057e-03
3.467377584513296057e-03
3.467377584513296057e-03
3.467377584513296057e-03
3.467377584513296057e-03
3.467377584513296057e-03
3.467377584513296057e-03
3.467377584513296057e-03
3.467377584513296057e-03
3.467377584513296057e-03
3.467377584513296057e-03
3.467377584513296057e-03
3.467377584513296057e-03
1.791141337084962634e-02
1.791141337084962634e-02
1.791141337084962634e-02
1.791141337084962634e-02
1.791141337084962634e-02
1.791141337084962634e-02
1.791141337084962634e-02
1.791141337084962634e-02
1.791141337084962634e-02
1.791141337084962634e-02
1.791141337084962634e-02
1.791141337084962634e-02
1.791141337084962634e-02
1.791141337084962634e-02
1.791141337084962634e-02
1.791141337084962634e-02
1.791141337084962634e-02
4.792713201162156255e-04
4.792713201162156255e-04
4.792713201162156255e-04
4.792713201162156255e-04
4.792713201162156255e-04
4.792713201162156255e-04
4.792713201162156255e-04
4.792713201162156255e-04
4.792713201162156255e-04
4.792713201162156255e-04
4.792713201162156255e-04
4.792713201162156255e-04
4.792713201162156255e-04
4.792713201162156255e-04
4.792713201162156255e-04
9.019023351449936138e-03
9.019023351449936138e-03
9.019023351449936138e-03
9.019023351449936138e-03
9.019023351449936138e-03
9.019023351449936138e-03
9.019023351449936138e-03
9.019023351449936138e-03
9.019023351449936138e-03
9.019023351449936138e-03
9.019023351449936138e-03
9.019023351449936138e-03
9.019023351449936138e-03
9.019023351449936138e-03
9.019023351449936138e-03
9.019023351449936138e-03
9.019023351449936138e-03
9.019023351449936138e-03
9.019023351449936138e-03
9.019023351449936138e-03
9.019023351449936138e-03
9.019023351449936138e-03
9.019023351449936138e-03
5.489402138241614333e-03
1.693049985887220069e-02
1.693049985887220069e-02
4.036462705564509805e-03
4.036462705564509805e-03
4.036462705564509805e-03
4.036462705564509805e-03
4.036462705564509805e-03
4.036462705564509805e-03
4.036462705564509805e-03
4.036462705564509805e-03
4.036462705564509805e-03
4.036462705564509805e-03
4.036462705564509805e-03
4.036462705564509805e-03
4.036462705564509805e-03
4.036462705564509805e-03
4.036462705564509805e-03
4.036462705564509805e-03
4.036462705564509805e-03
4.036462705564509805e-03
4.036462705564509805e-03
4.036462705564509805e-03
4.036462705564509805e-03
4.036462705564509805e-03
4.036462705564509805e-03
1.112897813894339269e-02
1.202550866772466101e-02
1.202550866772466101e-02
1.202550866772466101e-02
1.202550866772466101e-02
2.619156448099838747e-02
1.603988910546927035e-02
1.603988910546927035e-02
4.274240598523215695e-03
4.274240598523215695e-03
4.274240598523215695e-03
4.274240598523215695e-03
4.274240598523215695e-03
4.274240598523215695e-03
4.274240598523215695e-03
4.274240598523215695e-03
4.274240598523215695e-03
4.274240598523215695e-03
4.274240598523215695e-03
4.274240598523215695e-03
4.274240598523215695e-03
4.274240598523215695e-03
4.274240598523215695e-03
4.274240598523215695e-03
4.274240598523215695e-03
4.274240598523215695e-03
4.274240598523215695e-03
4.274240598523215695e-03
4.274240598523215695e-03
0.000000000000000000e+00
0.000000000000000000e+00
0.000000000000000000e+00
0.000000000000000000e+00
0.000000000000000000e+00
0.000000000000000000e+00
0.000000000000000000e+00
0.000000000000000000e+00
0.000000000000000000e+00
0.000000000000000000e+00
0.000000000000000000e+00
0.000000000000000000e+00
0.000000000000000000e+00
0.000000000000000000e+00
0.000000000000000000e+00
0.000000000000000000e+00
0.000000000000000000e+00
0.000000000000000000e+00
0.000000000000000000e+00
2.793573317267090614e-02
2.752574857300266620e-03
2.752574857300266620e-03
2.752574857300266620e-03
2.752574857300266620e-03
2.752574857300266620e-03
2.752574857300266620e-03
2.752574857300266620e-03
2.752574857300266620e-03
2.752574857300266620e-03
2.752574857300266620e-03
2.752574857300266620e-03
2.752574857300266620e-03
7.167595625050359040e-04
7.167595625050359040e-04
0.000000000000000000e+00
0.000000000000000000e+00
0.000000000000000000e+00
0.000000000000000000e+00
0.000000000000000000e+00
0.000000000000000000e+00
0.000000000000000000e+00
0.000000000000000000e+00
0.000000000000000000e+00
0.000000000000000000e+00
0.000000000000000000e+00
0.000000000000000000e+00
0.000000000000000000e+00
0.000000000000000000e+00
0.000000000000000000e+00
0.000000000000000000e+00
0.000000000000000000e+00
0.000000000000000000e+00
0.000000000000000000e+00
0.000000000000000000e+00
0.000000000000000000e+00
0.000000000000000000e+00
0.000000000000000000e+00
0.000000000000000000e+00
0.000000000000000000e+00
0.000000000000000000e+00
0.000000000000000000e+00
0.000000000000000000e+00
0.000000000000000000e+00
0.000000000000000000e+00
0.000000000000000000e+00
2.682537027820872371e-03
1.990576379782889576e-03
1.990576379782889576e-03
1.357714169878497003e-02
1.357714169878497003e-02
1.357714169878497003e-02
1.357714169878497003e-02
1.357714169878497003e-02
1.357714169878497003e-02
1.357714169878497003e-02
1.357714169878497003e-02
1.357714169878497003e-02
1.357714169878497003e-02
1.357714169878497003e-02
2.773492359343444902e-02
0.000000000000000000e+00
0.000000000000000000e+00
0.000000000000000000e+00
0.000000000000000000e+00
0.000000000000000000e+00
0.000000000000000000e+00
0.000000000000000000e+00
0.000000000000000000e+00
0.000000000000000000e+00
0.000000000000000000e+00
0.000000000000000000e+00
0.000000000000000000e+00
9.234104357198680280e-03
2.105908102362443954e-02
2.105908102362443954e-02
2.105908102362443954e-02
2.105908102362443954e-02
2.105908102362443954e-02
2.105908102362443954e-02
2.105908102362443954e-02
2.105908102362443954e-02
7.682084885249533014e-03
7.682084885249533014e-03
2.093305847587538862e-02
2.093305847587538862e-02
1.576538585015728119e-02
1.576538585015728119e-02
1.576538585015728119e-02
3.431605979743818850e-04
1.576538585015728119e-02
2.773492359343444902e-02
2.773492359343444902e-02
2.773492359343444902e-02
2.773492359343444902e-02
2.773492359343444902e-02
2.773492359343444902e-02
1.882578097415028157e-02
1.866864440571679509e-02
3.138348933539530233e-02
3.138348933539530233e-02
3.138348933539530233e-02
3.138348933539530233e-02
3.138348933539530233e-02
3.138348933539530233e-02
3.138348933539530233e-02
3.138348933539530233e-02
3.138348933539530233e-02
3.138348933539530233e-02
3.138348933539530233e-02
3.138348933539530233e-02
3.138348933539530233e-02
3.138348933539530233e-02
3.138348933539530233e-02
3.138348933539530233e-02
3.138348933539530233e-02
3.138348933539530233e-02
3.138348933539530233e-02
3.138348933539530233e-02
3.138348933539530233e-02
3.138348933539530233e-02
3.138348933539530233e-02
3.138348933539530233e-02
5.969316184077287819e-03
4.916443087167594699e-03
4.916443087167594699e-03
4.916443087167594699e-03
4.916443087167594699e-03
4.916443087167594699e-03
4.916443087167594699e-03
4.916443087167594699e-03
4.916443087167594699e-03
4.916443087167594699e-03
4.916443087167594699e-03
4.916443087167594699e-03
4.916443087167594699e-03
4.057865852179141399e-03
4.057865852179141399e-03
4.057865852179141399e-03
4.057865852179141399e-03
4.057865852179141399e-03
4.057865852179141399e-03
4.057865852179141399e-03
4.057865852179141399e-03
4.057865852179141399e-03
4.057865852179141399e-03
4.057865852179141399e-03
4.057865852179141399e-03
4.057865852179141399e-03
1.897394122090120816e-02
3.360203107983191634e-02
3.360203107983191634e-02
7.719468814692175863e-03
1.840707714675582016e-02
1.840707714675582016e-02
1.840707714675582016e-02
1.840707714675582016e-02
1.840707714675582016e-02
1.840707714675582016e-02
1.840707714675582016e-02
1.840707714675582016e-02
1.840707714675582016e-02
1.840707714675582016e-02
9.366593058314009318e-03
9.366593058314009318e-03
9.366593058314009318e-03
9.366593058314009318e-03
9.366593058314009318e-03
9.366593058314009318e-03
9.366593058314009318e-03
9.366593058314009318e-03
9.366593058314009318e-03
9.366593058314009318e-03
9.366593058314009318e-03
9.366593058314009318e-03
9.366593058314009318e-03
9.366593058314009318e-03
9.366593058314009318e-03
9.366593058314009318e-03
9.366593058314009318e-03
9.366593058314009318e-03
9.366593058314009318e-03
9.366593058314009318e-03
9.366593058314009318e-03
9.366593058314009318e-03
9.366593058314009318e-03
9.366593058314009318e-03
9.366593058314009318e-03
4.347744931710482378e-04
4.347744931710482378e-04
4.347744931710482378e-04
4.347744931710482378e-04
4.347744931710482378e-04
4.347744931710482378e-04
4.347744931710482378e-04
4.347744931710482378e-04
4.347744931710482378e-04
4.347744931710482378e-04
4.347744931710482378e-04
2.076375771723660071e-02
9.780597458340308664e-03
9.780597458340308664e-03
9.780597458340308664e-03
9.780597458340308664e-03
9.780597458340308664e-03
9.780597458340308664e-03
9.780597458340308664e-03
9.780597458340308664e-03
9.780597458340308664e-03
9.780597458340308664e-03
9.780597458340308664e-03
9.780597458340308664e-03
9.780597458340308664e-03
9.780597458340308664e-03
9.780597458340308664e-03
9.780597458340308664e-03
9.780597458340308664e-03
9.780597458340308664e-03
9.780597458340308664e-03
9.780597458340308664e-03
9.780597458340308664e-03
9.780597458340308664e-03
2.532620230467649489e-02
2.347469843698140463e-03
2.347469843698140463e-03
2.347469843698140463e-03
2.347469843698140463e-03
2.347469843698140463e-03
2.347469843698140463e-03
3.737295109682003263e-02
0.000000000000000000e+00
0.000000000000000000e+00
0.000000000000000000e+00
0.000000000000000000e+00
1.897394122090120816e-02
9.211578144647613112e-03
9.211578144647613112e-03
9.211578144647613112e-03
9.211578144647613112e-03
9.211578144647613112e-03
9.211578144647613112e-03
0.000000000000000000e+00
0.000000000000000000e+00
0.000000000000000000e+00
0.000000000000000000e+00
0.000000000000000000e+00
0.000000000000000000e+00
0.000000000000000000e+00
0.000000000000000000e+00
0.000000000000000000e+00
3.546864361144932282e-02
0.000000000000000000e+00
0.000000000000000000e+00
0.000000000000000000e+00
0.000000000000000000e+00
6.463096444296725918e-03
2.000007953966620108e-02
2.000007953966620108e-02
2.000007953966620108e-02
2.000007953966620108e-02
2.183551566480934972e-02
2.183551566480934972e-02
2.183551566480934972e-02
2.183551566480934972e-02
2.183551566480934972e-02
2.183551566480934972e-02
2.183551566480934972e-02
2.183551566480934972e-02
2.183551566480934972e-02
2.183551566480934972e-02
2.183551566480934972e-02
2.183551566480934972e-02
2.183551566480934972e-02
2.183551566480934972e-02
2.183551566480934972e-02
2.183551566480934972e-02
2.183551566480934972e-02
2.183551566480934972e-02
2.183551566480934972e-02
2.183551566480934972e-02
2.183551566480934972e-02
2.183551566480934972e-02
2.183551566480934972e-02
2.183551566480934972e-02
2.183551566480934972e-02
2.183551566480934972e-02
2.183551566480934972e-02
1.962291636225784938e-02
1.962291636225784938e-02
1.962291636225784938e-02
1.962291636225784938e-02
1.962291636225784938e-02
1.962291636225784938e-02
1.962291636225784938e-02
1.962291636225784938e-02
1.962291636225784938e-02
1.962291636225784938e-02
1.962291636225784938e-02
1.962291636225784938e-02
1.962291636225784938e-02
1.962291636225784938e-02
1.962291636225784938e-02
1.686811741866530226e-02
1.278697003805536782e-02
1.278697003805536782e-02
1.278697003805536782e-02
1.278697003805536782e-02
1.278697003805536782e-02
1.278697003805536782e-02
0.000000000000000000e+00
0.000000000000000000e+00
0.000000000000000000e+00
0.000000000000000000e+00
0.000000000000000000e+00
0.000000000000000000e+00
0.000000000000000000e+00
0.000000000000000000e+00
0.000000000000000000e+00
0.000000000000000000e+00
0.000000000000000000e+00
0.000000000000000000e+00
0.000000000000000000e+00
9.721663253124184986e-03
9.721663253124184986e-03
9.721663253124184986e-03
9.721663253124184986e-03
9.721663253124184986e-03
9.721663253124184986e-03
9.721663253124184986e-03
9.721663253124184986e-03
9.721663253124184986e-03
9.721663253124184986e-03
9.721663253124184986e-03
0.000000000000000000e+00
2.486186850104427862e-03
2.486186850104427862e-03
2.486186850104427862e-03
2.486186850104427862e-03
2.486186850104427862e-03
2.486186850104427862e-03
2.486186850104427862e-03
2.486186850104427862e-03
2.486186850104427862e-03
2.486186850104427862e-03
1.889636961396843826e-02
2.439137696344378589e-02
2.439137696344378589e-02
2.439137696344378589e-02
2.439137696344378589e-02
2.439137696344378589e-02
2.439137696344378589e-02
2.439137696344378589e-02
2.439137696344378589e-02
2.439137696344378589e-02
2.439137696344378589e-02
2.439137696344378589e-02
2.439137696344378589e-02
2.439137696344378589e-02
2.439137696344378589e-02
0.000000000000000000e+00
0.000000000000000000e+00
0.000000000000000000e+00
0.000000000000000000e+00
0.000000000000000000e+00
4.158615599219130099e-03
4.158615599219130099e-03
4.158615599219130099e-03
4.158615599219130099e-03
4.158615599219130099e-03
4.158615599219130099e-03
4.158615599219130099e-03
4.158615599219130099e-03
4.158615599219130099e-03
4.158615599219130099e-03
4.158615599219130099e-03
2.850432538641513303e-02
2.850432538641513303e-02
2.850432538641513303e-02
2.850432538641513303e-02
0.000000000000000000e+00
1.881522693694119563e-03
1.881522693694119563e-03
1.881522693694119563e-03
1.881522693694119563e-03
1.881522693694119563e-03
1.881522693694119563e-03
1.881522693694119563e-03
1.881522693694119563e-03
1.881522693694119563e-03
1.881522693694119563e-03
1.881522693694119563e-03
1.881522693694119563e-03
1.881522693694119563e-03
1.881522693694119563e-03
1.881522693694119563e-03
1.881522693694119563e-03
1.881522693694119563e-03
1.881522693694119563e-03
1.881522693694119563e-03
1.881522693694119563e-03
1.881522693694119563e-03
1.881522693694119563e-03
1.881522693694119563e-03
1.881522693694119563e-03
1.881522693694119563e-03
1.881522693694119563e-03
1.881522693694119563e-03
1.881522693694119563e-03
1.881522693694119563e-03
1.881522693694119563e-03
7.917610871830895944e-03
3.614777958022487303e-03
3.614777958022487303e-03
2.121768162607251540e-02
2.121768162607251540e-02
2.121768162607251540e-02
2.121768162607251540e-02
2.121768162607251540e-02
2.121768162607251540e-02
2.121768162607251540e-02
2.121768162607251540e-02
2.121768162607251540e-02
2.121768162607251540e-02
2.121768162607251540e-02
2.756292304902376381e-03
1.553253070800751472e-02
1.553253070800751472e-02
1.553253070800751472e-02
1.553253070800751472e-02
1.553253070800751472e-02
1.553253070800751472e-02
2.227521193789614579e-02
9.568748580324292277e-03
9.568748580324292277e-03
9.568748580324292277e-03
9.568748580324292277e-03
9.568748580324292277e-03
9.568748580324292277e-03
9.568748580324292277e-03
9.568748580324292277e-03
9.568748580324292277e-03
9.568748580324292277e-03
9.568748580324292277e-03
9.568748580324292277e-03
9.568748580324292277e-03
9.568748580324292277e-03
6.254275995389043871e-03
4.629006756295896315e-03
4.629006756295896315e-03
4.629006756295896315e-03
4.629006756295896315e-03
1.234183713096168207e-02
4.629006756295896315e-03
0.000000000000000000e+00
0.000000000000000000e+00
0.000000000000000000e+00
7.520847598363769593e-02
0.000000000000000000e+00
0.000000000000000000e+00
5.798369797025209119e-03
5.798369797025209119e-03
5.810258872990109458e-03
2.282910637637364584e-02
2.282910637637364584e-02
2.282910637637364584e-02
2.282910637637364584e-02
2.282910637637364584e-02
2.282910637637364584e-02
7.758516990196200232e-03
7.758516990196200232e-03
7.758516990196200232e-03
7.758516990196200232e-03
7.758516990196200232e-03
7.758516990196200232e-03
7.758516990196200232e-03
7.758516990196200232e-03
7.758516990196200232e-03
7.758516990196200232e-03
7.758516990196200232e-03
7.758516990196200232e-03
7.758516990196200232e-03
7.758516990196200232e-03
7.758516990196200232e-03
7.758516990196200232e-03
7.758516990196200232e-03
7.758516990196200232e-03
7.758516990196200232e-03
7.758516990196200232e-03
7.758516990196200232e-03
7.758516990196200232e-03
7.758516990196200232e-03
6.254275995389043871e-03
6.254275995389043871e-03
6.254275995389043871e-03
6.254275995389043871e-03
6.254275995389043871e-03
6.254275995389043871e-03
6.254275995389043871e-03
6.254275995389043871e-03
6.254275995389043871e-03
6.254275995389043871e-03
6.254275995389043871e-03
6.254275995389043871e-03
6.254275995389043871e-03
6.254275995389043871e-03
0.000000000000000000e+00
5.825397523563213137e-02
0.000000000000000000e+00
5.825397523563213137e-02
5.825397523563213137e-02
5.825397523563213137e-02
1.334454806780751689e-03
0.000000000000000000e+00
0.000000000000000000e+00
0.000000000000000000e+00
0.000000000000000000e+00
0.000000000000000000e+00
0.000000000000000000e+00
0.000000000000000000e+00
0.000000000000000000e+00
0.000000000000000000e+00
0.000000000000000000e+00
1.334454806780751689e-03
1.334454806780751689e-03
1.334454806780751689e-03
1.334454806780751689e-03
1.334454806780751689e-03
1.334454806780751689e-03
1.334454806780751689e-03
1.334454806780751689e-03
1.334454806780751689e-03
1.334454806780751689e-03
1.334454806780751689e-03
1.334454806780751689e-03
1.334454806780751689e-03
1.334454806780751689e-03
3.385917217737615531e-02
4.257405947907329236e-02
4.351258298760601537e-03
1.061749232518375717e-03
2.360005120523556502e-03
2.360005120523556502e-03
1.218004903639457147e-02
2.112541248904743763e-02
2.112541248904743763e-02
2.112541248904743763e-02
2.112541248904743763e-02
2.112541248904743763e-02
2.112541248904743763e-02
2.112541248904743763e-02
2.112541248904743763e-02
1.843272911577988841e-03
1.426079687195132631e-03
1.426079687195132631e-03
1.426079687195132631e-03
1.426079687195132631e-03
1.426079687195132631e-03
1.426079687195132631e-03
4.124269855567724158e-02
3.744879586540713484e-02
3.744879586540713484e-02
3.744879586540713484e-02
3.744879586540713484e-02
2.454455745354348906e-02
2.454455745354348906e-02
2.454455745354348906e-02
2.454455745354348906e-02
2.454455745354348906e-02
2.454455745354348906e-02
2.454455745354348906e-02
2.454455745354348906e-02
2.454455745354348906e-02
2.454455745354348906e-02
2.454455745354348906e-02
2.454455745354348906e-02
2.454455745354348906e-02
2.454455745354348906e-02
2.454455745354348906e-02
2.454455745354348906e-02
2.454455745354348906e-02
2.454455745354348906e-02
2.454455745354348906e-02
5.670426134602133371e-03
1.738805670453289843e-03
1.738805670453289843e-03
1.738805670453289843e-03
1.738805670453289843e-03
2.969305648995392791e-03
1.852885408204893794e-02
1.852885408204893794e-02
1.852885408204893794e-02
1.852885408204893794e-02
1.852885408204893794e-02
1.852885408204893794e-02
1.852885408204893794e-02
1.852885408204893794e-02
1.852885408204893794e-02
1.852885408204893794e-02
2.294472024856471573e-03
2.737572422247182974e-02
2.737572422247182974e-02
4.597554405905908935e-03
4.597554405905908935e-03
4.597554405905908935e-03
4.597554405905908935e-03
4.597554405905908935e-03
4.597554405905908935e-03
4.597554405905908935e-03
4.597554405905908935e-03
4.597554405905908935e-03
4.597554405905908935e-03
4.597554405905908935e-03
4.597554405905908935e-03
4.597554405905908935e-03
4.597554405905908935e-03
4.597554405905908935e-03
4.597554405905908935e-03
4.597554405905908935e-03
4.597554405905908935e-03
4.597554405905908935e-03
4.597554405905908935e-03
4.597554405905908935e-03
4.597554405905908935e-03
4.597554405905908935e-03
4.597554405905908935e-03
4.597554405905908935e-03
5.208552431966419205e-02
2.645850302934860121e-02
2.645850302934860121e-02
2.645850302934860121e-02
2.645850302934860121e-02
2.645850302934860121e-02
2.645850302934860121e-02
1.620265318097857590e-03
1.088155075569708675e-02
1.088155075569708675e-02
1.088155075569708675e-02
1.088155075569708675e-02
1.843272911577988841e-03
1.843272911577988841e-03
1.843272911577988841e-03
1.843272911577988841e-03
1.479198139353149130e-02
1.479198139353149130e-02
1.479198139353149130e-02
1.479198139353149130e-02
1.479198139353149130e-02
1.479198139353149130e-02
1.479198139353149130e-02
1.479198139353149130e-02
1.479198139353149130e-02
1.479198139353149130e-02
1.479198139353149130e-02
1.479198139353149130e-02
1.479198139353149130e-02
1.479198139353149130e-02
1.479198139353149130e-02
1.479198139353149130e-02
1.479198139353149130e-02
1.479198139353149130e-02
1.479198139353149130e-02
5.830263025622352789e-03
1.243426329012314174e-02
1.243426329012314174e-02
1.243426329012314174e-02
1.243426329012314174e-02
1.243426329012314174e-02
1.243426329012314174e-02
1.243426329012314174e-02
1.243426329012314174e-02
1.243426329012314174e-02
1.243426329012314174e-02
1.243426329012314174e-02
1.243426329012314174e-02
0.000000000000000000e+00
0.000000000000000000e+00
3.030475090796585363e-02
3.216785384759451860e-02
3.216785384759451860e-02
2.311839662804188872e-02
7.520847598363769593e-02
2.311839662804188872e-02
2.311839662804188872e-02
2.311839662804188872e-02
2.311839662804188872e-02
2.311839662804188872e-02
7.520847598363769593e-02
7.520847598363769593e-02
7.520847598363769593e-02
7.520847598363769593e-02
7.520847598363769593e-02
7.520847598363769593e-02
7.520847598363769593e-02
7.520847598363769593e-02
5.670426134602133371e-03
5.670426134602133371e-03
5.670426134602133371e-03
5.670426134602133371e-03
5.670426134602133371e-03
5.670426134602133371e-03
5.670426134602133371e-03
5.670426134602133371e-03
0.000000000000000000e+00
0.000000000000000000e+00
0.000000000000000000e+00
0.000000000000000000e+00
0.000000000000000000e+00
0.000000000000000000e+00
0.000000000000000000e+00
1.193709744519064544e-02
2.139892041196407232e-02
2.139892041196407232e-02
2.474068605894015963e-02
3.253915708321549610e-02
3.253915708321549610e-02
3.253915708321549610e-02
3.253915708321549610e-02
1.424223383401728577e-02
5.241609083269254711e-03
5.241609083269254711e-03
5.241609083269254711e-03
5.241609083269254711e-03
5.241609083269254711e-03
5.241609083269254711e-03
5.241609083269254711e-03
5.241609083269254711e-03
7.922268934670143037e-03
7.922268934670143037e-03
7.922268934670143037e-03
7.922268934670143037e-03
7.922268934670143037e-03
7.922268934670143037e-03
7.922268934670143037e-03
7.922268934670143037e-03
7.922268934670143037e-03
7.922268934670143037e-03
7.922268934670143037e-03
2.408151668561464565e-02
2.852850497047239656e-02
2.852850497047239656e-02
2.852850497047239656e-02
2.852850497047239656e-02
2.852850497047239656e-02
2.852850497047239656e-02
2.852850497047239656e-02
2.852850497047239656e-02
4.324893641338757935e-03
1.076942325909143253e-02
1.076942325909143253e-02
1.076942325909143253e-02
1.076942325909143253e-02
1.076942325909143253e-02
1.076942325909143253e-02
1.076942325909143253e-02
1.076942325909143253e-02
1.408291500704520046e-03
9.489992087294202294e-03
9.489992087294202294e-03
9.489992087294202294e-03
9.489992087294202294e-03
9.489992087294202294e-03
9.489992087294202294e-03
9.489992087294202294e-03
9.489992087294202294e-03
1.989494713452883562e-02
6.677974832914110445e-04
6.677974832914110445e-04
6.677974832914110445e-04
6.677974832914110445e-04
6.677974832914110445e-04
6.677974832914110445e-04
6.677974832914110445e-04
6.677974832914110445e-04
1.636193326350101479e-02
1.636193326350101479e-02
1.636193326350101479e-02
1.636193326350101479e-02
1.636193326350101479e-02
1.636193326350101479e-02
1.636193326350101479e-02
1.636193326350101479e-02
1.636193326350101479e-02
1.636193326350101479e-02
1.636193326350101479e-02
1.252968575641176009e-02
5.855781368307999557e-04
5.855781368307999557e-04
5.855781368307999557e-04
5.855781368307999557e-04
0.000000000000000000e+00
7.390129414268024020e-03
7.390129414268024020e-03
7.390129414268024020e-03
7.390129414268024020e-03
7.390129414268024020e-03
7.390129414268024020e-03
7.390129414268024020e-03
7.390129414268024020e-03
7.390129414268024020e-03
7.390129414268024020e-03
1.662347905692466987e-02
1.193709744519064544e-02
1.193709744519064544e-02
1.193709744519064544e-02
1.193709744519064544e-02
1.193709744519064544e-02
4.369288834038338509e-05
1.306342267602053197e-03
1.306342267602053197e-03
1.306342267602053197e-03
1.306342267602053197e-03
3.544986663580715347e-02
4.120944250677389259e-02
4.120944250677389259e-02
4.120944250677389259e-02
4.120944250677389259e-02
4.120944250677389259e-02
4.120944250677389259e-02
4.120944250677389259e-02
4.120944250677389259e-02
1.408291500704520046e-03
1.408291500704520046e-03
1.408291500704520046e-03
1.408291500704520046e-03
1.408291500704520046e-03
1.408291500704520046e-03
1.408291500704520046e-03
1.408291500704520046e-03
5.321452584122516802e-03
5.321452584122516802e-03
5.321452584122516802e-03
5.321452584122516802e-03
5.321452584122516802e-03
5.321452584122516802e-03
5.321452584122516802e-03
5.321452584122516802e-03
5.321452584122516802e-03
5.321452584122516802e-03
5.321452584122516802e-03
5.321452584122516802e-03
5.321452584122516802e-03
5.321452584122516802e-03
5.321452584122516802e-03
5.321452584122516802e-03
5.321452584122516802e-03
5.321452584122516802e-03
5.321452584122516802e-03
1.142886890584738843e-03
1.142886890584738843e-03
1.142886890584738843e-03
1.142886890584738843e-03
1.142886890584738843e-03
1.142886890584738843e-03
1.142886890584738843e-03
1.142886890584738843e-03
1.142886890584738843e-03
1.142886890584738843e-03
1.142886890584738843e-03
1.142886890584738843e-03
1.142886890584738843e-03
1.585098655713670229e-02
1.585098655713670229e-02
2.842802982363234338e-03
2.842802982363234338e-03
2.842802982363234338e-03
2.842802982363234338e-03
2.842802982363234338e-03
2.842802982363234338e-03
2.842802982363234338e-03
2.842802982363234338e-03
2.842802982363234338e-03
2.842802982363234338e-03
2.842802982363234338e-03
2.842802982363234338e-03
2.842802982363234338e-03
2.842802982363234338e-03
2.842802982363234338e-03
2.842802982363234338e-03
2.842802982363234338e-03
5.401928531941875382e-03
5.401928531941875382e-03
5.401928531941875382e-03
1.640735526642688000e-04
5.401928531941875382e-03
5.401928531941875382e-03
4.369288834038338509e-05
4.369288834038338509e-05
4.369288834038338509e-05
4.369288834038338509e-05
4.369288834038338509e-05
4.369288834038338509e-05
0.000000000000000000e+00
6.389128510576191564e-03
6.389128510576191564e-03
6.389128510576191564e-03
6.389128510576191564e-03
2.837921810974673026e-03
2.837921810974673026e-03
2.837921810974673026e-03
2.837921810974673026e-03
2.837921810974673026e-03
2.837921810974673026e-03
2.837921810974673026e-03
2.837921810974673026e-03
2.837921810974673026e-03
2.837921810974673026e-03
2.837921810974673026e-03
2.837921810974673026e-03
2.837921810974673026e-03
2.837921810974673026e-03
2.837921810974673026e-03
1.252968575641176009e-02
8.139679533266414024e-03
8.139679533266414024e-03
8.139679533266414024e-03
8.139679533266414024e-03
5.185788534069184913e-03
6.673324755261389463e-03
6.673324755261389463e-03
6.673324755261389463e-03
6.673324755261389463e-03
6.673324755261389463e-03
6.673324755261389463e-03
6.673324755261389463e-03
6.673324755261389463e-03
2.756292304902376381e-03
2.756292304902376381e-03
2.756292304902376381e-03
2.756292304902376381e-03
2.756292304902376381e-03
2.756292304902376381e-03
1.640735526642688000e-04
8.575079708388815697e-03
1.321955591793914225e-02
1.321955591793914225e-02
1.321955591793914225e-02
1.321955591793914225e-02
1.321955591793914225e-02
1.321955591793914225e-02
1.317834583667330806e-02
1.317834583667330806e-02
0.000000000000000000e+00
0.000000000000000000e+00
0.000000000000000000e+00
3.010389386033762368e-02
9.432959639874233249e-02
9.432959639874233249e-02
9.432959639874233249e-02
9.432959639874233249e-02
9.432959639874233249e-02
9.432959639874233249e-02
2.983655229699765793e-02
5.944752217846720893e-03
6.849303030848730850e-03
6.849303030848730850e-03
6.849303030848730850e-03
5.944752217846720893e-03
2.660990037728329372e-02
1.885701355824889042e-02
2.418536071281940023e-02
2.418536071281940023e-02
2.418536071281940023e-02
2.418536071281940023e-02
2.418536071281940023e-02
2.418536071281940023e-02
2.418536071281940023e-02
2.418536071281940023e-02
2.418536071281940023e-02
2.418536071281940023e-02
2.418536071281940023e-02
2.418536071281940023e-02
2.418536071281940023e-02
8.136714991297783845e-04
8.136714991297783845e-04
8.136714991297783845e-04
8.136714991297783845e-04
8.136714991297783845e-04
2.183340624344398857e-03
8.136714991297783845e-04
5.189465559733590083e-03
5.189465559733590083e-03
5.189465559733590083e-03
5.189465559733590083e-03
5.189465559733590083e-03
5.189465559733590083e-03
5.189465559733590083e-03
5.189465559733590083e-03
5.189465559733590083e-03
5.189465559733590083e-03
5.189465559733590083e-03
5.189465559733590083e-03
5.189465559733590083e-03
8.175975990104750180e-03
8.175975990104750180e-03
8.175975990104750180e-03
8.175975990104750180e-03
8.175975990104750180e-03
8.175975990104750180e-03
8.175975990104750180e-03
8.175975990104750180e-03
8.175975990104750180e-03
8.175975990104750180e-03
8.175975990104750180e-03
3.474586263836078846e-03
3.476377579966245714e-03
3.476377579966245714e-03
0.000000000000000000e+00
0.000000000000000000e+00
0.000000000000000000e+00
0.000000000000000000e+00
0.000000000000000000e+00
0.000000000000000000e+00
0.000000000000000000e+00
2.535723341180514193e-02
2.535723341180514193e-02
2.535723341180514193e-02
2.535723341180514193e-02
2.535723341180514193e-02
2.535723341180514193e-02
2.535723341180514193e-02
2.535723341180514193e-02
2.535723341180514193e-02
2.535723341180514193e-02
2.535723341180514193e-02
2.983655229699765793e-02
2.311877681008474641e-02
2.311877681008474641e-02
2.351321372320237541e-03
0.000000000000000000e+00
0.000000000000000000e+00
0.000000000000000000e+00
0.000000000000000000e+00
1.989494713452883562e-02
1.989494713452883562e-02
1.989494713452883562e-02
1.989494713452883562e-02
0.000000000000000000e+00
2.351321372320237541e-03
0.000000000000000000e+00
0.000000000000000000e+00
0.000000000000000000e+00
0.000000000000000000e+00
0.000000000000000000e+00
0.000000000000000000e+00
6.945545380114431268e-03
6.945545380114431268e-03
0.000000000000000000e+00
0.000000000000000000e+00
0.000000000000000000e+00
0.000000000000000000e+00
1.787054114702168670e-02
8.045247698320688590e-02
8.045247698320688590e-02
8.045247698320688590e-02
8.045247698320688590e-02
8.045247698320688590e-02
8.045247698320688590e-02
8.045247698320688590e-02
8.045247698320688590e-02
8.045247698320688590e-02
8.045247698320688590e-02
2.744534762569562567e-02
2.744534762569562567e-02
2.744534762569562567e-02
2.744534762569562567e-02
1.033432966875639201e-02
1.033432966875639201e-02
1.033432966875639201e-02
1.033432966875639201e-02
1.388152744680971537e-02
1.388152744680971537e-02
1.388152744680971537e-02
1.388152744680971537e-02
1.388152744680971537e-02
1.388152744680971537e-02
1.388152744680971537e-02
1.388152744680971537e-02
1.388152744680971537e-02
1.388152744680971537e-02
1.388152744680971537e-02
1.388152744680971537e-02
1.388152744680971537e-02
1.388152744680971537e-02
1.388152744680971537e-02
1.388152744680971537e-02
1.388152744680971537e-02
1.388152744680971537e-02
1.388152744680971537e-02
1.388152744680971537e-02
1.388152744680971537e-02
1.388152744680971537e-02
1.388152744680971537e-02
1.854603848135510935e-02
1.854603848135510935e-02
1.854603848135510935e-02
1.854603848135510935e-02
1.854603848135510935e-02
1.854603848135510935e-02
1.854603848135510935e-02
1.854603848135510935e-02
1.854603848135510935e-02
1.854603848135510935e-02
1.854603848135510935e-02
2.183340624344398857e-03
2.183340624344398857e-03
2.183340624344398857e-03
2.183340624344398857e-03
2.183340624344398857e-03
1.148282704282774930e-02
2.265978818953683083e-02
2.265978818953683083e-02
2.265978818953683083e-02
2.265978818953683083e-02
1.787054114702168670e-02
1.787054114702168670e-02
5.830263025622352789e-03
5.830263025622352789e-03
5.830263025622352789e-03
5.830263025622352789e-03
5.830263025622352789e-03
5.830263025622352789e-03
5.830263025622352789e-03
5.830263025622352789e-03
5.830263025622352789e-03
5.830263025622352789e-03
2.849641489964547733e-02
3.866895119922998669e-02
3.866895119922998669e-02
3.866895119922998669e-02
3.866895119922998669e-02
8.001697405875449892e-03
8.001697405875449892e-03
8.001697405875449892e-03
8.001697405875449892e-03
8.001697405875449892e-03
8.001697405875449892e-03
8.001697405875449892e-03
8.001697405875449892e-03
8.001697405875449892e-03
8.001697405875449892e-03
8.001697405875449892e-03
1.172893624510368792e-02
1.148282704282774930e-02
1.148282704282774930e-02
1.148282704282774930e-02
0.000000000000000000e+00
0.000000000000000000e+00
0.000000000000000000e+00
1.950768409623250543e-02
6.058237192582732918e-03
6.058237192582732918e-03
2.849641489964547733e-02
2.849641489964547733e-02
2.849641489964547733e-02
2.849641489964547733e-02
2.849641489964547733e-02
2.849641489964547733e-02
2.849641489964547733e-02
2.849641489964547733e-02
2.849641489964547733e-02
2.849641489964547733e-02
2.849641489964547733e-02
2.849641489964547733e-02
2.849641489964547733e-02
2.849641489964547733e-02
2.849641489964547733e-02
2.849641489964547733e-02
2.849641489964547733e-02
2.849641489964547733e-02
2.849641489964547733e-02
2.849641489964547733e-02
2.849641489964547733e-02
2.849641489964547733e-02
2.849641489964547733e-02
2.849641489964547733e-02
2.849641489964547733e-02
2.849641489964547733e-02
2.849641489964547733e-02
2.849641489964547733e-02
2.849641489964547733e-02
2.849641489964547733e-02
2.849641489964547733e-02
2.849641489964547733e-02
2.849641489964547733e-02
2.849641489964547733e-02
2.849641489964547733e-02
2.849641489964547733e-02
2.849641489964547733e-02
2.849641489964547733e-02
2.849641489964547733e-02
2.849641489964547733e-02
2.849641489964547733e-02
2.849641489964547733e-02
2.849641489964547733e-02
2.849641489964547733e-02
0.000000000000000000e+00
5.014045801209494543e-03
5.014045801209494543e-03
5.014045801209494543e-03
5.014045801209494543e-03
5.014045801209494543e-03
5.014045801209494543e-03
5.014045801209494543e-03
5.014045801209494543e-03
5.014045801209494543e-03
5.014045801209494543e-03
1.382556477214095560e-02
3.157225519363562080e-04
3.157225519363562080e-04
1.172893624510368792e-02
1.172893624510368792e-02
0.000000000000000000e+00
0.000000000000000000e+00
0.000000000000000000e+00
0.000000000000000000e+00
0.000000000000000000e+00
0.000000000000000000e+00
0.000000000000000000e+00
0.000000000000000000e+00
0.000000000000000000e+00
0.000000000000000000e+00
0.000000000000000000e+00
3.040354375967145931e-02
3.952749752458659810e-02
3.952749752458659810e-02
3.952749752458659810e-02
3.952749752458659810e-02
3.952749752458659810e-02
3.952749752458659810e-02
1.234183713096168207e-02
2.387732039082560501e-02
2.048922447483772502e-02
2.387732039082560501e-02
2.048922447483772502e-02
2.048922447483772502e-02
2.048922447483772502e-02
2.048922447483772502e-02
2.048922447483772502e-02
2.048922447483772502e-02
2.048922447483772502e-02
0.000000000000000000e+00
0.000000000000000000e+00
0.000000000000000000e+00
0.000000000000000000e+00
0.000000000000000000e+00
0.000000000000000000e+00
0.000000000000000000e+00
0.000000000000000000e+00
2.737824583358377476e-03
3.165930920059337184e-02
3.165930920059337184e-02
3.165930920059337184e-02
3.165930920059337184e-02
3.165930920059337184e-02
3.165930920059337184e-02
3.165930920059337184e-02
3.165930920059337184e-02
6.719839977605530923e-02
6.719839977605530923e-02
6.719839977605530923e-02
6.719839977605530923e-02
6.719839977605530923e-02
6.719839977605530923e-02
6.719839977605530923e-02
6.719839977605530923e-02
6.719839977605530923e-02
6.719839977605530923e-02
6.719839977605530923e-02
1.769936822907355184e-02
1.699196789811775396e-02
1.699196789811775396e-02
1.950768409623250543e-02
3.644840547981213763e-02
3.644840547981213763e-02
3.644840547981213763e-02
3.644840547981213763e-02
3.644840547981213763e-02
3.644840547981213763e-02
3.644840547981213763e-02
3.644840547981213763e-02
3.644840547981213763e-02
3.644840547981213763e-02
3.796171288094046109e-04
1.382556477214095560e-02
1.382556477214095560e-02
1.382556477214095560e-02
1.382556477214095560e-02
1.382556477214095560e-02
1.728266422989487711e-02
1.171784855467643618e-02
1.171784855467643618e-02
1.171784855467643618e-02
1.171784855467643618e-02
1.171784855467643618e-02
1.171784855467643618e-02
1.171784855467643618e-02
1.171784855467643618e-02
1.171784855467643618e-02
1.171784855467643618e-02
1.171784855467643618e-02
1.171784855467643618e-02
1.171784855467643618e-02
1.171784855467643618e-02
1.499337236172746182e-02
1.891358369534867565e-02
1.891358369534867565e-02
1.891358369534867565e-02
1.891358369534867565e-02
2.214094650309733799e-03
1.434173955274806352e-02
1.434173955274806352e-02
1.434173955274806352e-02
1.434173955274806352e-02
1.434173955274806352e-02
1.434173955274806352e-02
1.434173955274806352e-02
1.434173955274806352e-02
1.434173955274806352e-02
1.434173955274806352e-02
1.434173955274806352e-02
1.434173955274806352e-02
1.189810528968295554e-02
2.833676468392963988e-03
2.833676468392963988e-03
2.833676468392963988e-03
2.833676468392963988e-03
2.833676468392963988e-03
2.833676468392963988e-03
2.833676468392963988e-03
2.833676468392963988e-03
0.000000000000000000e+00
0.000000000000000000e+00
0.000000000000000000e+00
0.000000000000000000e+00
0.000000000000000000e+00
0.000000000000000000e+00
0.000000000000000000e+00
0.000000000000000000e+00
0.000000000000000000e+00
6.772799694142130414e-03
6.606791698055946259e-03
1.565154514069212570e-04
1.565154514069212570e-04
1.565154514069212570e-04
1.565154514069212570e-04
5.114105116891263896e-03
1.805020587141545688e-02
1.805020587141545688e-02
1.805020587141545688e-02
1.805020587141545688e-02
1.805020587141545688e-02
1.805020587141545688e-02
1.805020587141545688e-02
1.805020587141545688e-02
1.805020587141545688e-02
1.805020587141545688e-02
1.831910656536458668e-02
2.101686306392275619e-02
2.101686306392275619e-02
2.017407944544842568e-02
1.458615420237202804e-03
1.458615420237202804e-03
1.458615420237202804e-03
1.458615420237202804e-03
1.458615420237202804e-03
1.458615420237202804e-03
1.458615420237202804e-03
1.458615420237202804e-03
0.000000000000000000e+00
0.000000000000000000e+00
2.087421697726602257e-02
2.087421697726602257e-02
2.087421697726602257e-02
2.087421697726602257e-02
2.087421697726602257e-02
2.087421697726602257e-02
2.087421697726602257e-02
2.087421697726602257e-02
2.087421697726602257e-02
2.087421697726602257e-02
2.087421697726602257e-02
6.606791698055946259e-03
6.606791698055946259e-03
6.606791698055946259e-03
6.606791698055946259e-03
6.606791698055946259e-03
6.606791698055946259e-03
5.114105116891263896e-03
5.114105116891263896e-03
5.114105116891263896e-03
5.114105116891263896e-03
5.114105116891263896e-03
5.114105116891263896e-03
1.831910656536458668e-02
1.831910656536458668e-02
1.831910656536458668e-02
1.831910656536458668e-02
1.831910656536458668e-02
1.831910656536458668e-02
1.831910656536458668e-02
1.831910656536458668e-02
1.831910656536458668e-02
1.831910656536458668e-02
1.831910656536458668e-02
1.831910656536458668e-02
4.092892773568204169e-03
5.814175232170092598e-03
5.814175232170092598e-03
5.814175232170092598e-03
5.814175232170092598e-03
5.814175232170092598e-03
5.814175232170092598e-03
2.368401235732448679e-02
3.820496378615650945e-02
3.820496378615650945e-02
3.820496378615650945e-02
3.820496378615650945e-02
1.829036299157559865e-03
1.594128095603125975e-02
1.594128095603125975e-02
1.594128095603125975e-02
1.594128095603125975e-02
1.594128095603125975e-02
1.594128095603125975e-02
9.645401905073392596e-03
9.645401905073392596e-03
9.645401905073392596e-03
9.645401905073392596e-03
9.645401905073392596e-03
9.645401905073392596e-03
9.645401905073392596e-03
9.645401905073392596e-03
9.645401905073392596e-03
9.645401905073392596e-03
9.645401905073392596e-03
0.000000000000000000e+00
0.000000000000000000e+00
0.000000000000000000e+00
0.000000000000000000e+00
0.000000000000000000e+00
0.000000000000000000e+00
0.000000000000000000e+00
0.000000000000000000e+00
0.000000000000000000e+00
4.092892773568204169e-03
4.092892773568204169e-03
4.092892773568204169e-03
4.092892773568204169e-03
4.092892773568204169e-03
4.092892773568204169e-03
4.092892773568204169e-03
4.092892773568204169e-03
4.092892773568204169e-03
4.092892773568204169e-03
4.092892773568204169e-03
4.092892773568204169e-03
4.092892773568204169e-03
4.092892773568204169e-03
4.092892773568204169e-03
4.092892773568204169e-03
4.092892773568204169e-03
4.092892773568204169e-03
4.092892773568204169e-03
4.092892773568204169e-03
4.092892773568204169e-03
4.092892773568204169e-03
4.092892773568204169e-03
4.092892773568204169e-03
4.092892773568204169e-03
4.092892773568204169e-03
4.092892773568204169e-03
4.092892773568204169e-03
4.092892773568204169e-03
4.092892773568204169e-03
4.092892773568204169e-03
4.092892773568204169e-03
1.698411422262605802e-02
1.698411422262605802e-02
1.698411422262605802e-02
1.698411422262605802e-02
1.698411422262605802e-02
1.698411422262605802e-02
1.698411422262605802e-02
1.698411422262605802e-02
1.698411422262605802e-02
1.698411422262605802e-02
1.698411422262605802e-02
1.512068603029326740e-02
1.512068603029326740e-02
1.512068603029326740e-02
1.512068603029326740e-02
1.512068603029326740e-02
1.512068603029326740e-02
1.512068603029326740e-02
1.512068603029326740e-02
1.512068603029326740e-02
1.512068603029326740e-02
1.512068603029326740e-02
1.118843549009639841e-03
1.118843549009639841e-03
2.111373276372014406e-03
8.530086323307812038e-04
8.530086323307812038e-04
8.530086323307812038e-04
8.530086323307812038e-04
8.530086323307812038e-04
8.530086323307812038e-04
8.530086323307812038e-04
8.530086323307812038e-04
8.530086323307812038e-04
8.530086323307812038e-04
8.530086323307812038e-04
8.530086323307812038e-04
8.530086323307812038e-04
8.530086323307812038e-04
9.283431952423737074e-03
6.449669408519160228e-03
6.449669408519160228e-03
1.392214479452386772e-02
1.392214479452386772e-02
1.392214479452386772e-02
1.392214479452386772e-02
1.392214479452386772e-02
1.392214479452386772e-02
1.392214479452386772e-02
1.392214479452386772e-02
1.392214479452386772e-02
1.392214479452386772e-02
1.392214479452386772e-02
1.392214479452386772e-02
1.392214479452386772e-02
1.082596117850034845e-02
1.346830823932211076e-02
1.346830823932211076e-02
1.346830823932211076e-02
1.346830823932211076e-02
4.135554053334949270e-02
4.135554053334949270e-02
4.135554053334949270e-02
4.135554053334949270e-02
4.135554053334949270e-02
4.135554053334949270e-02
4.135554053334949270e-02
4.135554053334949270e-02
4.135554053334949270e-02
4.135554053334949270e-02
4.135554053334949270e-02
4.135554053334949270e-02
4.135554053334949270e-02
4.135554053334949270e-02
4.135554053334949270e-02
4.135554053334949270e-02
4.135554053334949270e-02
4.135554053334949270e-02
4.135554053334949270e-02
4.135554053334949270e-02
4.135554053334949270e-02
4.135554053334949270e-02
4.135554053334949270e-02
4.135554053334949270e-02
4.135554053334949270e-02
5.546524291149208634e-03
5.546524291149208634e-03
5.546524291149208634e-03
5.546524291149208634e-03
5.546524291149208634e-03
5.299467153458799033e-03
5.546524291149208634e-03
5.546524291149208634e-03
5.546524291149208634e-03
2.901895281501491730e-02
5.546524291149208634e-03
1.633439758750153750e-02
1.633439758750153750e-02
1.633439758750153750e-02
1.633439758750153750e-02
1.633439758750153750e-02
1.633439758750153750e-02
1.633439758750153750e-02
1.633439758750153750e-02
1.633439758750153750e-02
1.633439758750153750e-02
1.633439758750153750e-02
1.903191248244005818e-02
1.903191248244005818e-02
1.903191248244005818e-02
1.903191248244005818e-02
1.903191248244005818e-02
1.903191248244005818e-02
1.903191248244005818e-02
1.903191248244005818e-02
1.903191248244005818e-02
1.903191248244005818e-02
1.903191248244005818e-02
1.903191248244005818e-02
1.903191248244005818e-02
1.903191248244005818e-02
1.903191248244005818e-02
1.903191248244005818e-02
1.903191248244005818e-02
3.546864361144932282e-02
3.546864361144932282e-02
3.546864361144932282e-02
3.546864361144932282e-02
3.546864361144932282e-02
3.546864361144932282e-02
3.546864361144932282e-02
3.546864361144932282e-02
2.294472024856471573e-03
2.294472024856471573e-03
2.294472024856471573e-03
2.294472024856471573e-03
2.294472024856471573e-03
2.294472024856471573e-03
2.294472024856471573e-03
2.294472024856471573e-03
2.935766715228304777e-02
2.935766715228304777e-02
2.935766715228304777e-02
2.935766715228304777e-02
2.935766715228304777e-02
2.935766715228304777e-02
2.935766715228304777e-02
2.935766715228304777e-02
2.935766715228304777e-02
2.935766715228304777e-02
2.935766715228304777e-02
9.920057418600631075e-03
1.350090617679527462e-02
1.350090617679527462e-02
5.375818121604285758e-03
5.375818121604285758e-03
5.375818121604285758e-03
5.375818121604285758e-03
5.375818121604285758e-03
5.375818121604285758e-03
5.375818121604285758e-03
5.375818121604285758e-03
5.375818121604285758e-03
5.375818121604285758e-03
5.375818121604285758e-03
5.375818121604285758e-03
5.375818121604285758e-03
0.000000000000000000e+00
0.000000000000000000e+00
0.000000000000000000e+00
0.000000000000000000e+00
0.000000000000000000e+00
0.000000000000000000e+00
0.000000000000000000e+00
0.000000000000000000e+00
0.000000000000000000e+00
0.000000000000000000e+00
0.000000000000000000e+00
0.000000000000000000e+00
0.000000000000000000e+00
0.000000000000000000e+00
0.000000000000000000e+00
0.000000000000000000e+00
0.000000000000000000e+00
0.000000000000000000e+00
0.000000000000000000e+00
0.000000000000000000e+00
0.000000000000000000e+00
9.962944484720882409e-04
5.442448525541967487e-03
5.442448525541967487e-03
5.442448525541967487e-03
5.442448525541967487e-03
5.442448525541967487e-03
5.442448525541967487e-03
5.442448525541967487e-03
5.442448525541967487e-03
5.299467153458799033e-03
5.299467153458799033e-03
5.299467153458799033e-03
1.214651259401835527e-02
1.214651259401835527e-02
1.214651259401835527e-02
1.214651259401835527e-02
1.214651259401835527e-02
1.214651259401835527e-02
1.214651259401835527e-02
1.214651259401835527e-02
1.214651259401835527e-02
1.214651259401835527e-02
1.214651259401835527e-02
2.033154098031700503e-03
1.049189362206882567e-02
1.049189362206882567e-02
4.134571156207403862e-03
1.010088027923628125e-02
1.010088027923628125e-02
1.010088027923628125e-02
1.010088027923628125e-02
1.010088027923628125e-02
1.010088027923628125e-02
1.010088027923628125e-02
1.010088027923628125e-02
5.805611758626026166e-03
5.805611758626026166e-03
5.805611758626026166e-03
5.805611758626026166e-03
5.805611758626026166e-03
5.805611758626026166e-03
5.805611758626026166e-03
8.922537518976314530e-03
5.805611758626026166e-03
5.805611758626026166e-03
5.805611758626026166e-03
3.333073748673649750e-03
3.333073748673649750e-03
3.333073748673649750e-03
3.333073748673649750e-03
3.333073748673649750e-03
3.333073748673649750e-03
3.333073748673649750e-03
3.333073748673649750e-03
3.333073748673649750e-03
3.333073748673649750e-03
3.333073748673649750e-03
3.333073748673649750e-03
3.333073748673649750e-03
3.333073748673649750e-03
3.333073748673649750e-03
9.814509530532767798e-03
9.814509530532767798e-03
9.814509530532767798e-03
9.814509530532767798e-03
9.814509530532767798e-03
9.814509530532767798e-03
9.814509530532767798e-03
9.814509530532767798e-03
9.814509530532767798e-03
9.814509530532767798e-03
9.814509530532767798e-03
1.189124150615958504e-02
1.189124150615958504e-02
1.189124150615958504e-02
1.189124150615958504e-02
1.189124150615958504e-02
1.189124150615958504e-02
1.189124150615958504e-02
1.189124150615958504e-02
1.189124150615958504e-02
1.189124150615958504e-02
1.189124150615958504e-02
1.189124150615958504e-02
1.189124150615958504e-02
1.189124150615958504e-02
1.189124150615958504e-02
4.351258298760601537e-03
4.351258298760601537e-03
4.351258298760601537e-03
4.351258298760601537e-03
2.579047130924629408e-02
0.000000000000000000e+00
0.000000000000000000e+00
2.901895281501491730e-02
0.000000000000000000e+00
4.354262986920003770e-02
4.354262986920003770e-02
0.000000000000000000e+00
2.404566641155550522e-02
2.404566641155550522e-02
2.404566641155550522e-02
2.404566641155550522e-02
2.404566641155550522e-02
2.404566641155550522e-02
2.404566641155550522e-02
2.404566641155550522e-02
0.000000000000000000e+00
0.000000000000000000e+00
0.000000000000000000e+00
2.579047130924629408e-02
2.579047130924629408e-02
2.579047130924629408e-02
2.579047130924629408e-02
2.579047130924629408e-02
2.579047130924629408e-02
2.579047130924629408e-02
2.579047130924629408e-02
2.579047130924629408e-02
2.579047130924629408e-02
2.086494447419729673e-03
7.847091911148096344e-02
7.847091911148096344e-02
7.847091911148096344e-02
7.847091911148096344e-02
7.847091911148096344e-02
7.847091911148096344e-02
2.037218625167216621e-02
3.014109377541028187e-02
3.014109377541028187e-02
3.014109377541028187e-02
3.014109377541028187e-02
3.449518856203436651e-02
0.000000000000000000e+00
0.000000000000000000e+00
6.063320259240433455e-03
2.995247484531065370e-03
2.995247484531065370e-03
9.234104357198680280e-03
9.234104357198680280e-03
3.695347777859319359e-03
9.639906798060234386e-03
9.639906798060234386e-03
9.639906798060234386e-03
9.639906798060234386e-03
9.639906798060234386e-03
9.639906798060234386e-03
0.000000000000000000e+00
0.000000000000000000e+00
0.000000000000000000e+00
0.000000000000000000e+00
0.000000000000000000e+00
0.000000000000000000e+00
0.000000000000000000e+00
0.000000000000000000e+00
0.000000000000000000e+00
0.000000000000000000e+00
0.000000000000000000e+00
0.000000000000000000e+00
0.000000000000000000e+00
0.000000000000000000e+00
0.000000000000000000e+00
0.000000000000000000e+00
6.004023378068668211e-03
6.004023378068668211e-03
6.004023378068668211e-03
6.004023378068668211e-03
6.004023378068668211e-03
6.004023378068668211e-03
6.004023378068668211e-03
6.004023378068668211e-03
6.004023378068668211e-03
6.004023378068668211e-03
6.004023378068668211e-03
6.004023378068668211e-03
6.004023378068668211e-03
6.004023378068668211e-03
6.004023378068668211e-03
6.004023378068668211e-03
6.004023378068668211e-03
1.254636460982925562e-02
6.480393745463469690e-01
6.480393745463469690e-01
6.480393745463469690e-01
6.480393745463469690e-01
6.480393745463469690e-01
6.480393745463469690e-01
6.480393745463469690e-01
6.480393745463469690e-01
6.480393745463469690e-01
0.000000000000000000e+00
0.000000000000000000e+00
0.000000000000000000e+00
0.000000000000000000e+00
0.000000000000000000e+00
0.000000000000000000e+00
0.000000000000000000e+00
0.000000000000000000e+00
0.000000000000000000e+00
0.000000000000000000e+00
2.086494447419729673e-03
2.086494447419729673e-03
2.086494447419729673e-03
2.086494447419729673e-03
2.086494447419729673e-03
2.086494447419729673e-03
4.215764421416993957e-04
4.215764421416993957e-04
4.215764421416993957e-04
4.215764421416993957e-04
4.215764421416993957e-04
4.215764421416993957e-04
2.037218625167216621e-02
2.037218625167216621e-02
2.037218625167216621e-02
2.037218625167216621e-02
2.037218625167216621e-02
2.037218625167216621e-02
2.037218625167216621e-02
2.037218625167216621e-02
7.050030805741540861e-03
1.435917920022123685e-03
1.435917920022123685e-03
0.000000000000000000e+00
3.449518856203436651e-02
3.449518856203436651e-02
3.449518856203436651e-02
3.449518856203436651e-02
3.449518856203436651e-02
1.118629756510680813e-02
1.498997297051153123e-02
1.498997297051153123e-02
1.498997297051153123e-02
1.498997297051153123e-02
1.498997297051153123e-02
1.498997297051153123e-02
1.498997297051153123e-02
1.498997297051153123e-02
3.143576181630695909e-02
3.412158210081782383e-02
3.412158210081782383e-02
3.412158210081782383e-02
3.412158210081782383e-02
3.412158210081782383e-02
3.412158210081782383e-02
3.412158210081782383e-02
3.412158210081782383e-02
3.412158210081782383e-02
3.412158210081782383e-02
0.000000000000000000e+00
3.036258693736092022e-03
3.036258693736092022e-03
7.050030805741540861e-03
7.050030805741540861e-03
7.050030805741540861e-03
7.050030805741540861e-03
7.050030805741540861e-03
7.050030805741540861e-03
7.050030805741540861e-03
7.050030805741540861e-03
0.000000000000000000e+00
0.000000000000000000e+00
9.679577518486585236e-03
4.373642441726139675e-03
4.373642441726139675e-03
4.373642441726139675e-03
4.373642441726139675e-03
1.245179953943484699e-02
1.061609006065947734e-02
1.061609006065947734e-02
1.061609006065947734e-02
1.061609006065947734e-02
4.636582690569009818e-02
4.636582690569009818e-02
5.026095394048909343e-02
5.026095394048909343e-02
5.026095394048909343e-02
5.026095394048909343e-02
5.026095394048909343e-02
5.026095394048909343e-02
5.026095394048909343e-02
5.026095394048909343e-02
5.026095394048909343e-02
5.026095394048909343e-02
5.026095394048909343e-02
6.202714169987975749e-03
6.202714169987975749e-03
6.202714169987975749e-03
6.202714169987975749e-03
6.202714169987975749e-03
6.202714169987975749e-03
6.202714169987975749e-03
6.202714169987975749e-03
6.202714169987975749e-03
6.202714169987975749e-03
6.202714169987975749e-03
6.202714169987975749e-03
6.202714169987975749e-03
0.000000000000000000e+00
6.511373266710951055e-03
6.511373266710951055e-03
0.000000000000000000e+00
0.000000000000000000e+00
0.000000000000000000e+00
0.000000000000000000e+00
0.000000000000000000e+00
5.192743380230797033e-03
1.015096888421015628e-02
1.015096888421015628e-02
1.015096888421015628e-02
1.015096888421015628e-02
1.580758581573752167e-02
3.831330399897469284e-03
3.831330399897469284e-03
3.831330399897469284e-03
3.831330399897469284e-03
3.831330399897469284e-03
3.831330399897469284e-03
3.831330399897469284e-03
3.831330399897469284e-03
3.831330399897469284e-03
3.831330399897469284e-03
3.831330399897469284e-03
3.831330399897469284e-03
3.831330399897469284e-03
3.831330399897469284e-03
7.159529790421270516e-03
1.861044041701843954e-02
1.861044041701843954e-02
4.478442377807931307e-02
4.124269855567724158e-02
3.948449372169548360e-02
2.286497565534282780e-02
2.286497565534282780e-02
2.286497565534282780e-02
2.286497565534282780e-02
2.286497565534282780e-02
2.286497565534282780e-02
2.286497565534282780e-02
2.286497565534282780e-02
7.578611514347194031e-03
7.578611514347194031e-03
7.578611514347194031e-03
7.578611514347194031e-03
7.578611514347194031e-03
7.578611514347194031e-03
7.578611514347194031e-03
7.578611514347194031e-03
7.578611514347194031e-03
7.578611514347194031e-03
7.578611514347194031e-03
7.578611514347194031e-03
7.578611514347194031e-03
0.000000000000000000e+00
0.000000000000000000e+00
0.000000000000000000e+00
0.000000000000000000e+00
0.000000000000000000e+00
0.000000000000000000e+00
8.359741849209591930e-03
7.751888829332898544e-03
7.751888829332898544e-03
7.751888829332898544e-03
7.751888829332898544e-03
7.751888829332898544e-03
7.751888829332898544e-03
7.751888829332898544e-03
7.751888829332898544e-03
7.159529790421270516e-03
7.159529790421270516e-03
7.159529790421270516e-03
7.159529790421270516e-03
7.159529790421270516e-03
7.159529790421270516e-03
7.159529790421270516e-03
7.159529790421270516e-03
7.159529790421270516e-03
7.159529790421270516e-03
0.000000000000000000e+00
0.000000000000000000e+00
0.000000000000000000e+00
0.000000000000000000e+00
5.125302183830818953e-02
5.125302183830818953e-02
5.125302183830818953e-02
5.125302183830818953e-02
5.125302183830818953e-02
5.125302183830818953e-02
5.125302183830818953e-02
5.125302183830818953e-02
5.125302183830818953e-02
5.125302183830818953e-02
5.125302183830818953e-02
5.125302183830818953e-02
5.125302183830818953e-02
5.125302183830818953e-02
5.125302183830818953e-02
5.125302183830818953e-02
5.125302183830818953e-02
5.125302183830818953e-02
5.125302183830818953e-02
5.125302183830818953e-02
5.125302183830818953e-02
5.125302183830818953e-02
5.125302183830818953e-02
5.125302183830818953e-02
5.125302183830818953e-02
5.125302183830818953e-02
5.125302183830818953e-02
5.125302183830818953e-02
5.125302183830818953e-02
5.125302183830818953e-02
5.125302183830818953e-02
4.001846599900222429e-02
4.001846599900222429e-02
4.001846599900222429e-02
4.001846599900222429e-02
4.001846599900222429e-02
4.001846599900222429e-02
0.000000000000000000e+00
2.364244743320361233e-02
2.364244743320361233e-02
2.364244743320361233e-02
2.364244743320361233e-02
2.364244743320361233e-02
2.364244743320361233e-02
6.050865301191321773e-03
3.766027261029311147e-04
3.766027261029311147e-04
3.766027261029311147e-04
3.766027261029311147e-04
3.766027261029311147e-04
3.766027261029311147e-04
1.536609462915717109e-02
4.162392504098329053e-03
4.162392504098329053e-03
4.162392504098329053e-03
4.162392504098329053e-03
1.526530064761285124e-02
1.526530064761285124e-02
1.526530064761285124e-02
1.526530064761285124e-02
1.526530064761285124e-02
1.526530064761285124e-02
1.526530064761285124e-02
1.526530064761285124e-02
1.526530064761285124e-02
1.526530064761285124e-02
1.526530064761285124e-02
1.526530064761285124e-02
1.526530064761285124e-02
1.526530064761285124e-02
1.526530064761285124e-02
1.526530064761285124e-02
1.526530064761285124e-02
9.443181152449821314e-02
8.785449501640469477e-03
8.785449501640469477e-03
0.000000000000000000e+00
3.040354375967145931e-02
3.040354375967145931e-02
3.040354375967145931e-02
1.536609462915717109e-02
1.013661207864677456e-02
1.013661207864677456e-02
1.013661207864677456e-02
1.013661207864677456e-02
1.013661207864677456e-02
1.013661207864677456e-02
1.013661207864677456e-02
1.013661207864677456e-02
1.889636961396843826e-02
1.889636961396843826e-02
1.434111746488006892e-02
1.434111746488006892e-02
1.434111746488006892e-02
1.434111746488006892e-02
9.589751193065706308e-03
1.007550499280131240e-02
9.589751193065706308e-03
9.589751193065706308e-03
9.589751193065706308e-03
9.589751193065706308e-03
9.589751193065706308e-03
9.589751193065706308e-03
9.589751193065706308e-03
9.589751193065706308e-03
9.589751193065706308e-03
1.007550499280131240e-02
2.753602302866250268e-02
1.004240202736722716e-02
1.004240202736722716e-02
1.949782446132183183e-02
9.990072456339971901e-04
9.990072456339971901e-04
9.990072456339971901e-04
9.990072456339971901e-04
9.990072456339971901e-04
9.990072456339971901e-04
9.990072456339971901e-04
9.990072456339971901e-04
3.901891538674047855e-03
2.669394836147353893e-03
2.669394836147353893e-03
2.669394836147353893e-03
2.669394836147353893e-03
2.679632522893523466e-02
0.000000000000000000e+00
0.000000000000000000e+00
2.763991645203414324e-02
2.793573317267090614e-02
3.029994343528528977e-02
1.885321468415499663e-02
1.885321468415499663e-02
1.885321468415499663e-02
1.885321468415499663e-02
2.480408635342656182e-02
0.000000000000000000e+00
0.000000000000000000e+00
0.000000000000000000e+00
0.000000000000000000e+00
0.000000000000000000e+00
0.000000000000000000e+00
0.000000000000000000e+00
0.000000000000000000e+00
6.892138575435586244e-03
4.795615410783263775e-03
4.795615410783263775e-03
4.795615410783263775e-03
4.795615410783263775e-03
4.795615410783263775e-03
4.795615410783263775e-03
4.795615410783263775e-03
4.795615410783263775e-03
1.949782446132183183e-02
1.949782446132183183e-02
1.094783980458738024e-02
1.094783980458738024e-02
1.094783980458738024e-02
1.094783980458738024e-02
1.094783980458738024e-02
1.094783980458738024e-02
1.094783980458738024e-02
1.094783980458738024e-02
1.094783980458738024e-02
1.094783980458738024e-02
1.094783980458738024e-02
1.094783980458738024e-02
1.094783980458738024e-02
9.673171318414686484e-03
9.673171318414686484e-03
9.673171318414686484e-03
9.673171318414686484e-03
9.673171318414686484e-03
9.673171318414686484e-03
9.673171318414686484e-03
9.673171318414686484e-03
9.673171318414686484e-03
9.673171318414686484e-03
9.673171318414686484e-03
9.673171318414686484e-03
9.673171318414686484e-03
7.009828089613303823e-03
5.455520464175390993e-02
5.455520464175390993e-02
5.455520464175390993e-02
5.455520464175390993e-02
5.455520464175390993e-02
5.455520464175390993e-02
5.455520464175390993e-02
5.455520464175390993e-02
5.455520464175390993e-02
5.455520464175390993e-02
5.455520464175390993e-02
5.455520464175390993e-02
5.455520464175390993e-02
5.455520464175390993e-02
9.443181152449821314e-02
9.443181152449821314e-02
9.443181152449821314e-02
9.443181152449821314e-02
9.443181152449821314e-02
9.443181152449821314e-02
9.443181152449821314e-02
9.443181152449821314e-02
1.391939333703831952e-02
6.018054558167053487e-03
6.018054558167053487e-03
6.018054558167053487e-03
6.018054558167053487e-03
6.018054558167053487e-03
6.018054558167053487e-03
6.018054558167053487e-03
6.018054558167053487e-03
6.018054558167053487e-03
6.018054558167053487e-03
6.018054558167053487e-03
6.018054558167053487e-03
6.018054558167053487e-03
6.018054558167053487e-03
0.000000000000000000e+00
3.707050631388454642e-02
3.707050631388454642e-02
3.707050631388454642e-02
3.707050631388454642e-02
3.707050631388454642e-02
3.707050631388454642e-02
3.707050631388454642e-02
3.707050631388454642e-02
3.707050631388454642e-02
3.707050631388454642e-02
3.707050631388454642e-02
3.707050631388454642e-02
2.679632522893523466e-02
2.679632522893523466e-02
2.679632522893523466e-02
2.679632522893523466e-02
2.679632522893523466e-02
2.679632522893523466e-02
2.679632522893523466e-02
2.679632522893523466e-02
2.679632522893523466e-02
2.679632522893523466e-02
2.679632522893523466e-02
2.679632522893523466e-02
2.679632522893523466e-02
2.679632522893523466e-02
2.679632522893523466e-02
2.679632522893523466e-02
2.679632522893523466e-02
2.679632522893523466e-02
2.679632522893523466e-02
2.679632522893523466e-02
2.097775631149586401e-02
1.022606322177704342e-02
1.022606322177704342e-02
1.022606322177704342e-02
1.022606322177704342e-02
1.022606322177704342e-02
1.022606322177704342e-02
3.029994343528528977e-02
3.029994343528528977e-02
3.569816102606091640e-02
3.029994343528528977e-02
1.457542723602588824e-02
7.762492576599288457e-03
7.762492576599288457e-03
7.181059509579592985e-03
7.762492576599288457e-03
7.762492576599288457e-03
7.762492576599288457e-03
6.331869202818732681e-03
7.181059509579592985e-03
7.181059509579592985e-03
2.829446093485096098e-02
9.225859590442943552e-04
9.225859590442943552e-04
9.225859590442943552e-04
9.225859590442943552e-04
9.225859590442943552e-04
9.225859590442943552e-04
9.225859590442943552e-04
9.225859590442943552e-04
9.225859590442943552e-04
9.225859590442943552e-04
0.000000000000000000e+00
0.000000000000000000e+00
0.000000000000000000e+00
0.000000000000000000e+00
0.000000000000000000e+00
0.000000000000000000e+00
0.000000000000000000e+00
0.000000000000000000e+00
0.000000000000000000e+00
0.000000000000000000e+00
0.000000000000000000e+00
0.000000000000000000e+00
0.000000000000000000e+00
2.099248940808676536e-02
2.099248940808676536e-02
2.099248940808676536e-02
2.099248940808676536e-02
2.099248940808676536e-02
2.099248940808676536e-02
2.099248940808676536e-02
2.099248940808676536e-02
2.099248940808676536e-02
2.099248940808676536e-02
2.099248940808676536e-02
2.099248940808676536e-02
2.099248940808676536e-02
2.099248940808676536e-02
2.099248940808676536e-02
2.099248940808676536e-02
2.099248940808676536e-02
2.099248940808676536e-02
2.099248940808676536e-02
2.099248940808676536e-02
2.099248940808676536e-02
2.099248940808676536e-02
2.099248940808676536e-02
2.099248940808676536e-02
2.099248940808676536e-02
2.055854522344170276e-03
2.247186199262202200e-02
2.247186199262202200e-02
3.569816102606091640e-02
9.679577518486585236e-03
1.085403376845019141e-02
1.085403376845019141e-02
1.085403376845019141e-02
1.298978216809650033e-02
1.089721764327106560e-02
1.089721764327106560e-02
1.089721764327106560e-02
1.089721764327106560e-02
1.433932449202127146e-02
0.000000000000000000e+00
0.000000000000000000e+00
0.000000000000000000e+00
2.546230897892017703e-02
2.546230897892017703e-02
2.546230897892017703e-02
2.546230897892017703e-02
2.546230897892017703e-02
2.546230897892017703e-02
4.883368954850256932e-03
1.878953694016339410e-02
1.878953694016339410e-02
1.878953694016339410e-02
1.878953694016339410e-02
2.959931520769835608e-02
2.337024115187899629e-03
2.337024115187899629e-03
1.461431053884216548e-03
1.461431053884216548e-03
1.461431053884216548e-03
1.461431053884216548e-03
1.461431053884216548e-03
1.461431053884216548e-03
1.461431053884216548e-03
1.461431053884216548e-03
1.461431053884216548e-03
1.461431053884216548e-03
1.461431053884216548e-03
1.461431053884216548e-03
1.461431053884216548e-03
9.257558558675714130e-03
2.873822671346677304e-03
2.873822671346677304e-03
2.873822671346677304e-03
2.873822671346677304e-03
2.873822671346677304e-03
2.873822671346677304e-03
2.873822671346677304e-03
2.873822671346677304e-03
1.770338157539897567e-02
6.753203879477267212e-03
6.753203879477267212e-03
6.753203879477267212e-03
6.753203879477267212e-03
6.753203879477267212e-03
6.753203879477267212e-03
6.753203879477267212e-03
6.753203879477267212e-03
6.753203879477267212e-03
6.753203879477267212e-03
6.753203879477267212e-03
6.753203879477267212e-03
2.055854522344170276e-03
2.055854522344170276e-03
2.055854522344170276e-03
2.055854522344170276e-03
2.055854522344170276e-03
2.055854522344170276e-03
2.055854522344170276e-03
2.055854522344170276e-03
2.055854522344170276e-03
2.055854522344170276e-03
2.055854522344170276e-03
2.055854522344170276e-03
2.055854522344170276e-03
2.055854522344170276e-03
1.470433178738495168e-02
2.234002444126452491e-02
2.234002444126452491e-02
2.234002444126452491e-02
2.234002444126452491e-02
2.234002444126452491e-02
2.234002444126452491e-02
2.234002444126452491e-02
2.234002444126452491e-02
5.899354615647310791e-03
5.899354615647310791e-03
5.899354615647310791e-03
5.899354615647310791e-03
5.899354615647310791e-03
5.899354615647310791e-03
5.899354615647310791e-03
5.899354615647310791e-03
5.899354615647310791e-03
5.899354615647310791e-03
5.899354615647310791e-03
1.433932449202127146e-02
1.433932449202127146e-02
0.000000000000000000e+00
1.433932449202127146e-02
0.000000000000000000e+00
0.000000000000000000e+00
0.000000000000000000e+00
1.436308596966673519e-02
1.252340800815694190e-02
1.252340800815694190e-02
1.252340800815694190e-02
1.252340800815694190e-02
1.252340800815694190e-02
1.252340800815694190e-02
1.252340800815694190e-02
1.252340800815694190e-02
2.283915350641393255e-02
0.000000000000000000e+00
0.000000000000000000e+00
0.000000000000000000e+00
2.091567030138822419e-02
4.041653071603912989e-03
4.041653071603912989e-03
4.041653071603912989e-03
4.041653071603912989e-03
4.041653071603912989e-03
4.041653071603912989e-03
7.917438400955185670e-04
7.917438400955185670e-04
7.917438400955185670e-04
7.917438400955185670e-04
7.917438400955185670e-04
7.917438400955185670e-04
7.917438400955185670e-04
7.917438400955185670e-04
7.917438400955185670e-04
7.917438400955185670e-04
7.917438400955185670e-04
7.917438400955185670e-04
7.917438400955185670e-04
7.917438400955185670e-04
7.917438400955185670e-04
6.331869202818732681e-03
2.674222759093367128e-03
2.674222759093367128e-03
7.411948888100533019e-03
9.852489823230782540e-02
9.852489823230782540e-02
9.852489823230782540e-02
9.852489823230782540e-02
9.852489823230782540e-02
9.852489823230782540e-02
3.460428553188114875e-03
1.793357260889945695e-02
1.793357260889945695e-02
1.793357260889945695e-02
1.793357260889945695e-02
1.793357260889945695e-02
1.793357260889945695e-02
2.077225561149874215e-04
2.959931520769835608e-02
2.959931520769835608e-02
2.959931520769835608e-02
2.959931520769835608e-02
2.959931520769835608e-02
2.959931520769835608e-02
2.959931520769835608e-02
2.077225561149874215e-04
1.898087605832868285e-02
1.898087605832868285e-02
1.898087605832868285e-02
1.898087605832868285e-02
1.898087605832868285e-02
1.898087605832868285e-02
1.898087605832868285e-02
1.898087605832868285e-02
1.898087605832868285e-02
1.898087605832868285e-02
1.898087605832868285e-02
0.000000000000000000e+00
0.000000000000000000e+00
1.047002991172850221e-02
1.047002991172850221e-02
1.047002991172850221e-02
1.047002991172850221e-02
1.047002991172850221e-02
1.047002991172850221e-02
1.047002991172850221e-02
1.047002991172850221e-02
1.047002991172850221e-02
1.047002991172850221e-02
1.047002991172850221e-02
1.047002991172850221e-02
1.047002991172850221e-02
1.047002991172850221e-02
1.047002991172850221e-02
0.000000000000000000e+00
9.883064267531594532e-03
9.883064267531594532e-03
9.883064267531594532e-03
9.883064267531594532e-03
9.883064267531594532e-03
9.883064267531594532e-03
9.883064267531594532e-03
9.883064267531594532e-03
9.883064267531594532e-03
9.883064267531594532e-03
9.883064267531594532e-03
9.883064267531594532e-03
9.883064267531594532e-03
9.883064267531594532e-03
9.883064267531594532e-03
9.883064267531594532e-03
9.883064267531594532e-03
9.883064267531594532e-03
9.883064267531594532e-03
9.883064267531594532e-03
9.883064267531594532e-03
9.883064267531594532e-03
1.560122825434030920e-02
1.708914971381956605e-03
1.708914971381956605e-03
1.086086612811362241e-02
2.065572243718594679e-03
2.065572243718594679e-03
2.065572243718594679e-03
2.065572243718594679e-03
7.868804108121451105e-03
3.889367160196629310e-03
3.889367160196629310e-03
4.210217811874497791e-03
2.524405070044113270e-02
2.524405070044113270e-02
2.524405070044113270e-02
2.524405070044113270e-02
2.524405070044113270e-02
2.524405070044113270e-02
2.524405070044113270e-02
2.524405070044113270e-02
2.524405070044113270e-02
2.524405070044113270e-02
2.524405070044113270e-02
2.524405070044113270e-02
1.039213566472846004e-02
1.121889902146755782e-02
1.121889902146755782e-02
5.678392458883951832e-02
2.029112692045493757e-02
2.029112692045493757e-02
2.029112692045493757e-02
2.029112692045493757e-02
2.029112692045493757e-02
2.029112692045493757e-02
2.196224614817273227e-02
1.726012069852419367e-02
1.726012069852419367e-02
7.868804108121451105e-03
2.234323315235509002e-03
2.234323315235509002e-03
2.234323315235509002e-03
2.234323315235509002e-03
1.517912172292940716e-03
1.269611806457546579e-02
1.269611806457546579e-02
1.269611806457546579e-02
1.269611806457546579e-02
1.269611806457546579e-02
1.269611806457546579e-02
1.269611806457546579e-02
1.269611806457546579e-02
1.269611806457546579e-02
1.269611806457546579e-02
1.175668017990117060e-02
7.814588369577171463e-05
7.814588369577171463e-05
7.814588369577171463e-05
7.814588369577171463e-05
7.814588369577171463e-05
7.814588369577171463e-05
7.814588369577171463e-05
7.814588369577171463e-05
7.814588369577171463e-05
7.814588369577171463e-05
7.814588369577171463e-05
7.814588369577171463e-05
7.814588369577171463e-05
7.814588369577171463e-05
7.814588369577171463e-05
7.814588369577171463e-05
7.814588369577171463e-05
7.814588369577171463e-05
7.814588369577171463e-05
7.814588369577171463e-05
7.814588369577171463e-05
7.814588369577171463e-05
1.090020737546472905e-02
5.242456985205944976e-03
5.242456985205944976e-03
3.077904460923952881e-02
3.077904460923952881e-02
3.077904460923952881e-02
3.077904460923952881e-02
3.077904460923952881e-02
3.077904460923952881e-02
3.077904460923952881e-02
3.077904460923952881e-02
3.077904460923952881e-02
3.077904460923952881e-02
3.077904460923952881e-02
3.077904460923952881e-02
3.077904460923952881e-02
4.601368471145658029e-02
4.737891811755187005e-02
4.737891811755187005e-02
4.737891811755187005e-02
4.737891811755187005e-02
4.737891811755187005e-02
4.737891811755187005e-02
4.737891811755187005e-02
4.737891811755187005e-02
4.737891811755187005e-02
4.737891811755187005e-02
4.737891811755187005e-02
4.737891811755187005e-02
4.737891811755187005e-02
2.306563335595411893e-02
9.584688452505636322e-03
9.584688452505636322e-03
9.584688452505636322e-03
9.584688452505636322e-03
9.584688452505636322e-03
9.584688452505636322e-03
9.584688452505636322e-03
9.584688452505636322e-03
9.584688452505636322e-03
9.584688452505636322e-03
9.584688452505636322e-03
9.584688452505636322e-03
9.584688452505636322e-03
9.584688452505636322e-03
9.584688452505636322e-03
9.584688452505636322e-03
6.187822332623440016e-03
1.535573339109216982e-03
1.535573339109216982e-03
1.535573339109216982e-03
1.535573339109216982e-03
0.000000000000000000e+00
0.000000000000000000e+00
0.000000000000000000e+00
5.678392458883951832e-02
5.678392458883951832e-02
5.678392458883951832e-02
5.678392458883951832e-02
5.678392458883951832e-02
5.678392458883951832e-02
1.531555863437255704e-03
2.313547235995627727e-02
2.313547235995627727e-02
2.313547235995627727e-02
2.313547235995627727e-02
3.286219811786271483e-02
3.771979145221792881e-03
3.771979145221792881e-03
3.771979145221792881e-03
3.771979145221792881e-03
3.771979145221792881e-03
3.771979145221792881e-03
3.771979145221792881e-03
3.771979145221792881e-03
0.000000000000000000e+00
0.000000000000000000e+00
0.000000000000000000e+00
0.000000000000000000e+00
0.000000000000000000e+00
0.000000000000000000e+00
0.000000000000000000e+00
2.970795678366825419e-03
0.000000000000000000e+00
0.000000000000000000e+00
1.052912166017639511e-02
1.326775190822101179e-02
1.326775190822101179e-02
0.000000000000000000e+00
9.613902633105654181e-04
9.613902633105654181e-04
9.613902633105654181e-04
9.613902633105654181e-04
9.613902633105654181e-04
9.613902633105654181e-04
2.320022591905837855e-03
1.674780998240091344e-03
1.674780998240091344e-03
1.674780998240091344e-03
1.674780998240091344e-03
1.674780998240091344e-03
1.674780998240091344e-03
1.674780998240091344e-03
1.674780998240091344e-03
5.325296059981958832e-03
5.325296059981958832e-03
5.325296059981958832e-03
5.325296059981958832e-03
5.325296059981958832e-03
5.325296059981958832e-03
5.325296059981958832e-03
5.325296059981958832e-03
5.325296059981958832e-03
5.325296059981958832e-03
5.325296059981958832e-03
1.058844555222729529e-02
1.844334320238295128e-04
1.844334320238295128e-04
8.245596660316677423e-04
0.000000000000000000e+00
8.245596660316677423e-04
8.245596660316677423e-04
8.245596660316677423e-04
8.245596660316677423e-04
8.245596660316677423e-04
0.000000000000000000e+00
0.000000000000000000e+00
0.000000000000000000e+00
0.000000000000000000e+00
0.000000000000000000e+00
0.000000000000000000e+00
0.000000000000000000e+00
0.000000000000000000e+00
0.000000000000000000e+00
0.000000000000000000e+00
0.000000000000000000e+00
0.000000000000000000e+00
0.000000000000000000e+00
0.000000000000000000e+00
1.528192709020557375e-03
1.528192709020557375e-03
1.528192709020557375e-03
1.528192709020557375e-03
1.528192709020557375e-03
1.528192709020557375e-03
1.528192709020557375e-03
1.528192709020557375e-03
1.528192709020557375e-03
1.528192709020557375e-03
1.528192709020557375e-03
1.528192709020557375e-03
1.528192709020557375e-03
1.528192709020557375e-03
1.528192709020557375e-03
4.649106970028381303e-02
2.576653515591069768e-02
2.576653515591069768e-02
2.576653515591069768e-02
2.576653515591069768e-02
2.576653515591069768e-02
2.576653515591069768e-02
2.576653515591069768e-02
2.576653515591069768e-02
2.576653515591069768e-02
2.576653515591069768e-02
2.576653515591069768e-02
2.576653515591069768e-02
2.576653515591069768e-02
2.576653515591069768e-02
2.576653515591069768e-02
2.576653515591069768e-02
2.576653515591069768e-02
2.576653515591069768e-02
2.576653515591069768e-02
2.576653515591069768e-02
4.883368954850256932e-03
4.883368954850256932e-03
4.883368954850256932e-03
4.883368954850256932e-03
4.883368954850256932e-03
4.883368954850256932e-03
1.575800427567789277e-02
2.083333884698707235e-03
2.083333884698707235e-03
3.922741617836308231e-02
1.518332207829212882e-03
1.518332207829212882e-03
1.518332207829212882e-03
1.518332207829212882e-03
1.518332207829212882e-03
1.518332207829212882e-03
1.518332207829212882e-03
1.518332207829212882e-03
6.063320259240433455e-03
8.739903995385952737e-03
8.739903995385952737e-03
8.739903995385952737e-03
8.739903995385952737e-03
8.739903995385952737e-03
8.739903995385952737e-03
8.739903995385952737e-03
8.739903995385952737e-03
8.739903995385952737e-03
8.739903995385952737e-03
1.964571171306239705e-02
1.155281061926206540e-02
1.155281061926206540e-02
1.155281061926206540e-02
1.155281061926206540e-02
1.155281061926206540e-02
1.155281061926206540e-02
1.155281061926206540e-02
1.155281061926206540e-02
9.909127425135505138e-03
5.290392208380582419e-03
5.290392208380582419e-03
0.000000000000000000e+00
0.000000000000000000e+00
0.000000000000000000e+00
0.000000000000000000e+00
0.000000000000000000e+00
0.000000000000000000e+00
0.000000000000000000e+00
0.000000000000000000e+00
0.000000000000000000e+00
0.000000000000000000e+00
0.000000000000000000e+00
0.000000000000000000e+00
9.279584359228107773e-03
1.152461733515010127e-02
1.152461733515010127e-02
1.152461733515010127e-02
1.152461733515010127e-02
1.152461733515010127e-02
1.152461733515010127e-02
8.575079708388815697e-03
3.230226833899828981e-02
3.230226833899828981e-02
3.230226833899828981e-02
3.230226833899828981e-02
3.230226833899828981e-02
3.230226833899828981e-02
3.230226833899828981e-02
3.230226833899828981e-02
3.230226833899828981e-02
3.230226833899828981e-02
3.230226833899828981e-02
3.230226833899828981e-02
3.230226833899828981e-02
3.230226833899828981e-02
0.000000000000000000e+00
0.000000000000000000e+00
0.000000000000000000e+00
1.579566556965372390e-02
1.380460639387470941e-02
1.380460639387470941e-02
1.380460639387470941e-02
1.380460639387470941e-02
1.380460639387470941e-02
1.380460639387470941e-02
1.380460639387470941e-02
1.380460639387470941e-02
1.380460639387470941e-02
1.380460639387470941e-02
1.380460639387470941e-02
1.380460639387470941e-02
1.380460639387470941e-02
1.380460639387470941e-02
1.201735499802597876e-02
1.201735499802597876e-02
1.201735499802597876e-02
1.201735499802597876e-02
1.201735499802597876e-02
1.201735499802597876e-02
1.201735499802597876e-02
1.201735499802597876e-02
1.201735499802597876e-02
1.201735499802597876e-02
1.201735499802597876e-02
1.173417917083162572e-02
1.173417917083162572e-02
1.173417917083162572e-02
1.173417917083162572e-02
1.173417917083162572e-02
1.173417917083162572e-02
1.173417917083162572e-02
1.173417917083162572e-02
1.173417917083162572e-02
1.173417917083162572e-02
1.173417917083162572e-02
1.173417917083162572e-02
1.173417917083162572e-02
1.173417917083162572e-02
1.173417917083162572e-02
1.173417917083162572e-02
1.173417917083162572e-02
1.173417917083162572e-02
1.173417917083162572e-02
7.166072593970552324e-03
5.034025788472036057e-03
5.034025788472036057e-03
5.034025788472036057e-03
5.034025788472036057e-03
5.034025788472036057e-03
5.034025788472036057e-03
5.056213178230193998e-03
2.479748948077329859e-02
2.479748948077329859e-02
2.479748948077329859e-02
2.479748948077329859e-02
2.479748948077329859e-02
2.479748948077329859e-02
1.929406881611148844e-02
1.929406881611148844e-02
1.929406881611148844e-02
1.929406881611148844e-02
1.929406881611148844e-02
1.929406881611148844e-02
1.929406881611148844e-02
1.929406881611148844e-02
1.929406881611148844e-02
1.929406881611148844e-02
1.929406881611148844e-02
1.929406881611148844e-02
1.929406881611148844e-02
0.000000000000000000e+00
0.000000000000000000e+00
0.000000000000000000e+00
0.000000000000000000e+00
0.000000000000000000e+00
0.000000000000000000e+00
0.000000000000000000e+00
0.000000000000000000e+00
0.000000000000000000e+00
0.000000000000000000e+00
0.000000000000000000e+00
0.000000000000000000e+00
8.781270239424482718e-03
6.927978656488466454e-03
6.927978656488466454e-03
6.927978656488466454e-03
6.927978656488466454e-03
0.000000000000000000e+00
0.000000000000000000e+00
0.000000000000000000e+00
0.000000000000000000e+00
1.234364348167962637e-02
2.619156448099838747e-02
2.619156448099838747e-02
2.619156448099838747e-02
2.502411303292653363e-02
2.502411303292653363e-02
5.569591996494709270e-03
5.569591996494709270e-03
5.569591996494709270e-03
5.569591996494709270e-03
5.569591996494709270e-03
5.569591996494709270e-03
5.569591996494709270e-03
5.569591996494709270e-03
5.569591996494709270e-03
5.569591996494709270e-03
5.569591996494709270e-03
5.569591996494709270e-03
5.569591996494709270e-03
1.011750063163756840e-03
1.543884433682318064e-03
1.543884433682318064e-03
2.030754147129597981e-02
2.030754147129597981e-02
2.030754147129597981e-02
2.030754147129597981e-02
2.030754147129597981e-02
2.030754147129597981e-02
2.030754147129597981e-02
2.030754147129597981e-02
2.030754147129597981e-02
2.030754147129597981e-02
2.030754147129597981e-02
2.030754147129597981e-02
2.030754147129597981e-02
2.030754147129597981e-02
2.030754147129597981e-02
2.030754147129597981e-02
2.030754147129597981e-02
2.030754147129597981e-02
2.030754147129597981e-02
2.599819171299975334e-02
6.205257617024040849e-03
6.205257617024040849e-03
6.205257617024040849e-03
6.205257617024040849e-03
5.679568675243732573e-02
5.398202861065646424e-02
5.398202861065646424e-02
5.398202861065646424e-02
5.398202861065646424e-02
5.398202861065646424e-02
5.398202861065646424e-02
8.322852375257858148e-03
1.772882289184318436e-02
1.772882289184318436e-02
1.772882289184318436e-02
1.772882289184318436e-02
1.772882289184318436e-02
1.772882289184318436e-02
1.772882289184318436e-02
1.772882289184318436e-02
2.819388431673008205e-02
1.051885262537045028e-02
1.051885262537045028e-02
1.051885262537045028e-02
1.051885262537045028e-02
1.051885262537045028e-02
1.051885262537045028e-02
5.960979480104060604e-03
1.883371486048993418e-02
1.883371486048993418e-02
1.883371486048993418e-02
1.883371486048993418e-02
1.883371486048993418e-02
1.883371486048993418e-02
1.883371486048993418e-02
1.883371486048993418e-02
1.883371486048993418e-02
1.883371486048993418e-02
1.883371486048993418e-02
1.883371486048993418e-02
1.883371486048993418e-02
1.883371486048993418e-02
1.883371486048993418e-02
1.883371486048993418e-02
3.218066112563412740e-02
0.000000000000000000e+00
0.000000000000000000e+00
0.000000000000000000e+00
0.000000000000000000e+00
0.000000000000000000e+00
0.000000000000000000e+00
0.000000000000000000e+00
0.000000000000000000e+00
0.000000000000000000e+00
0.000000000000000000e+00
1.561624400214439365e-02
4.281750076161877118e-03
4.281750076161877118e-03
4.281750076161877118e-03
4.281750076161877118e-03
3.069051997546430599e-03
1.724635013745575221e-02
1.724635013745575221e-02
1.724635013745575221e-02
1.724635013745575221e-02
1.724635013745575221e-02
1.724635013745575221e-02
1.724635013745575221e-02
1.724635013745575221e-02
0.000000000000000000e+00
0.000000000000000000e+00
2.802931946857045026e-02
2.802931946857045026e-02
2.802931946857045026e-02
2.802931946857045026e-02
2.802931946857045026e-02
2.802931946857045026e-02
2.802931946857045026e-02
2.802931946857045026e-02
2.802931946857045026e-02
2.802931946857045026e-02
2.802931946857045026e-02
2.802931946857045026e-02
2.802931946857045026e-02
2.802931946857045026e-02
2.802931946857045026e-02
2.802931946857045026e-02
2.802931946857045026e-02
6.610537849062058822e-04
2.110384675534463655e-02
2.110384675534463655e-02
2.558358564591969864e-02
2.110384675534463655e-02
4.158701075151652327e-02
0.000000000000000000e+00
3.211951683141006653e-02
3.211951683141006653e-02
3.211951683141006653e-02
3.211951683141006653e-02
3.211951683141006653e-02
3.211951683141006653e-02
1.705195743786261722e-02
1.011750063163756840e-03
0.000000000000000000e+00
3.821959825581323911e-02
3.821959825581323911e-02
5.825321000989192727e-03
4.815855672426577923e-03
4.815855672426577923e-03
4.815855672426577923e-03
4.815855672426577923e-03
4.815855672426577923e-03
4.815855672426577923e-03
4.815855672426577923e-03
4.815855672426577923e-03
4.815855672426577923e-03
4.815855672426577923e-03
3.094822100319815847e-02
3.094822100319815847e-02
5.545006389952135406e-02
4.404228916620191864e-02
4.404228916620191864e-02
4.404228916620191864e-02
4.404228916620191864e-02
4.404228916620191864e-02
4.404228916620191864e-02
4.404228916620191864e-02
4.404228916620191864e-02
1.294349384753187490e-02
0.000000000000000000e+00
0.000000000000000000e+00
9.020040118850160618e-04
2.458331148653519413e-02
2.458331148653519413e-02
2.458331148653519413e-02
2.458331148653519413e-02
2.458331148653519413e-02
2.458331148653519413e-02
1.183499430438474977e-02
1.183499430438474977e-02
1.183499430438474977e-02
1.183499430438474977e-02
8.561165883279418798e-02
2.823573236135977493e-02
2.823573236135977493e-02
2.823573236135977493e-02
2.823573236135977493e-02
2.823573236135977493e-02
2.823573236135977493e-02
2.823573236135977493e-02
2.823573236135977493e-02
1.679103735949893927e-02
3.771413307941695625e-04
3.771413307941695625e-04
2.666175734922599308e-02
2.666175734922599308e-02
2.666175734922599308e-02
2.666175734922599308e-02
2.666175734922599308e-02
2.666175734922599308e-02
2.666175734922599308e-02
2.666175734922599308e-02
2.666175734922599308e-02
2.666175734922599308e-02
2.666175734922599308e-02
2.666175734922599308e-02
2.666175734922599308e-02
2.666175734922599308e-02
2.666175734922599308e-02
2.666175734922599308e-02
2.666175734922599308e-02
2.666175734922599308e-02
2.666175734922599308e-02
2.666175734922599308e-02
2.666175734922599308e-02
1.504085407804656854e-03
1.234364348167962637e-02
1.234364348167962637e-02
1.234364348167962637e-02
2.737242326275372839e-02
1.526478965411882244e-02
1.526478965411882244e-02
1.526478965411882244e-02
1.526478965411882244e-02
1.526478965411882244e-02
1.526478965411882244e-02
0.000000000000000000e+00
4.854422302516669951e-02
4.854422302516669951e-02
4.854422302516669951e-02
4.854422302516669951e-02
4.854422302516669951e-02
4.854422302516669951e-02
4.854422302516669951e-02
4.854422302516669951e-02
4.854422302516669951e-02
4.854422302516669951e-02
1.059449374263191253e-02
1.770338157539897567e-02
1.770338157539897567e-02
1.770338157539897567e-02
2.633290199755234859e-04
1.001186704249641853e-02
1.001186704249641853e-02
1.001186704249641853e-02
1.001186704249641853e-02
1.001186704249641853e-02
1.001186704249641853e-02
1.001186704249641853e-02
1.001186704249641853e-02
1.001186704249641853e-02
1.001186704249641853e-02
2.577295699192688402e-02
2.577295699192688402e-02
2.577295699192688402e-02
2.577295699192688402e-02
1.780909724968246857e-02
1.153740672233750375e-01
1.153740672233750375e-01
2.569185745429410084e-02
1.153740672233750375e-01
1.153740672233750375e-01
1.153740672233750375e-01
1.153740672233750375e-01
1.153740672233750375e-01
0.000000000000000000e+00
0.000000000000000000e+00
0.000000000000000000e+00
0.000000000000000000e+00
0.000000000000000000e+00
0.000000000000000000e+00
0.000000000000000000e+00
9.709960846816271737e-03
1.913128386442706011e-02
1.913128386442706011e-02
1.913128386442706011e-02
1.913128386442706011e-02
1.913128386442706011e-02
1.913128386442706011e-02
1.913128386442706011e-02
1.913128386442706011e-02
2.633290199755234859e-04
2.633290199755234859e-04
2.633290199755234859e-04
2.633290199755234859e-04
2.633290199755234859e-04
2.633290199755234859e-04
4.238092953147895299e-04
1.837659580666987577e-02
1.837659580666987577e-02
1.837659580666987577e-02
1.837659580666987577e-02
1.837659580666987577e-02
1.837659580666987577e-02
0.000000000000000000e+00
7.448961826032423489e-03
7.448961826032423489e-03
7.448961826032423489e-03
7.448961826032423489e-03
7.448961826032423489e-03
7.448961826032423489e-03
7.448961826032423489e-03
7.448961826032423489e-03
8.640385529186856220e-03
8.795860077810298966e-03
8.795860077810298966e-03
6.955922053562129358e-03
3.106663400598036907e-03
3.106663400598036907e-03
3.106663400598036907e-03
3.106663400598036907e-03
3.106663400598036907e-03
3.106663400598036907e-03
3.106663400598036907e-03
3.106663400598036907e-03
0.000000000000000000e+00
0.000000000000000000e+00
7.837681770101910181e-03
2.138386802955564298e-02
2.138386802955564298e-02
2.138386802955564298e-02
2.138386802955564298e-02
2.138386802955564298e-02
2.138386802955564298e-02
2.138386802955564298e-02
2.138386802955564298e-02
2.308772139702383510e-03
2.308772139702383510e-03
2.308772139702383510e-03
2.308772139702383510e-03
2.308772139702383510e-03
2.308772139702383510e-03
2.308772139702383510e-03
2.308772139702383510e-03
2.308772139702383510e-03
2.308772139702383510e-03
2.308772139702383510e-03
2.308772139702383510e-03
2.308772139702383510e-03
2.308772139702383510e-03
2.308772139702383510e-03
2.308772139702383510e-03
2.308772139702383510e-03
2.308772139702383510e-03
2.308772139702383510e-03
1.588532444191918108e-02
6.965264842701292952e-03
6.965264842701292952e-03
6.965264842701292952e-03
6.965264842701292952e-03
0.000000000000000000e+00
0.000000000000000000e+00
0.000000000000000000e+00
0.000000000000000000e+00
0.000000000000000000e+00
0.000000000000000000e+00
0.000000000000000000e+00
0.000000000000000000e+00
0.000000000000000000e+00
0.000000000000000000e+00
0.000000000000000000e+00
7.507507975973242396e-03
1.531176643930306190e-02
1.531176643930306190e-02
1.531176643930306190e-02
1.531176643930306190e-02
1.531176643930306190e-02
1.531176643930306190e-02
1.531176643930306190e-02
1.531176643930306190e-02
1.531176643930306190e-02
1.531176643930306190e-02
1.504085407804656854e-03
1.504085407804656854e-03
1.608233198579509752e-03
3.900274019190548905e-03
3.900274019190548905e-03
3.900274019190548905e-03
3.900274019190548905e-03
3.900274019190548905e-03
3.900274019190548905e-03
3.900274019190548905e-03
3.900274019190548905e-03
3.900274019190548905e-03
3.900274019190548905e-03
2.133554033074334250e-02
2.268208664215180803e-02
2.268208664215180803e-02
1.892415361028443321e-02
1.892415361028443321e-02
1.892415361028443321e-02
1.892415361028443321e-02
1.892415361028443321e-02
1.892415361028443321e-02
1.892415361028443321e-02
1.892415361028443321e-02
1.892415361028443321e-02
1.892415361028443321e-02
1.892415361028443321e-02
1.892415361028443321e-02
1.892415361028443321e-02
1.892415361028443321e-02
1.892415361028443321e-02
1.892415361028443321e-02
1.892415361028443321e-02
1.892415361028443321e-02
1.892415361028443321e-02
1.892415361028443321e-02
1.892415361028443321e-02
1.552642242547526592e-02
1.577346478048554518e-02
1.577346478048554518e-02
1.577346478048554518e-02
1.577346478048554518e-02
0.000000000000000000e+00
0.000000000000000000e+00
0.000000000000000000e+00
0.000000000000000000e+00
0.000000000000000000e+00
0.000000000000000000e+00
0.000000000000000000e+00
0.000000000000000000e+00
0.000000000000000000e+00
0.000000000000000000e+00
0.000000000000000000e+00
0.000000000000000000e+00
0.000000000000000000e+00
0.000000000000000000e+00
0.000000000000000000e+00
0.000000000000000000e+00
0.000000000000000000e+00
0.000000000000000000e+00
0.000000000000000000e+00
4.829927747761888351e-02
0.000000000000000000e+00
0.000000000000000000e+00
0.000000000000000000e+00
0.000000000000000000e+00
2.630138258245210987e-03
4.556108947097267485e-03
4.556108947097267485e-03
4.556108947097267485e-03
4.556108947097267485e-03
4.556108947097267485e-03
4.556108947097267485e-03
4.556108947097267485e-03
4.556108947097267485e-03
0.000000000000000000e+00
0.000000000000000000e+00
7.868804108121451105e-03
7.868804108121451105e-03
7.868804108121451105e-03
0.000000000000000000e+00
0.000000000000000000e+00
0.000000000000000000e+00
1.646308614942921730e-02
1.058844555222729529e-02
1.058844555222729529e-02
1.058844555222729529e-02
1.058844555222729529e-02
1.058844555222729529e-02
1.058844555222729529e-02
1.058844555222729529e-02
1.058844555222729529e-02
1.058844555222729529e-02
3.030475090796585363e-02
0.000000000000000000e+00
0.000000000000000000e+00
0.000000000000000000e+00
0.000000000000000000e+00
4.389082195316253501e-03
4.389082195316253501e-03
4.389082195316253501e-03
4.389082195316253501e-03
4.389082195316253501e-03
4.389082195316253501e-03
7.155312584078104068e-03
2.046438914323540914e-02
2.046438914323540914e-02
2.046438914323540914e-02
2.046438914323540914e-02
2.046438914323540914e-02
2.046438914323540914e-02
2.046438914323540914e-02
2.046438914323540914e-02
2.046438914323540914e-02
2.046438914323540914e-02
2.046438914323540914e-02
2.046438914323540914e-02
2.046438914323540914e-02
2.046438914323540914e-02
2.046438914323540914e-02
2.046438914323540914e-02
2.046438914323540914e-02
2.046438914323540914e-02
2.046438914323540914e-02
2.046438914323540914e-02
0.000000000000000000e+00
0.000000000000000000e+00
0.000000000000000000e+00
0.000000000000000000e+00
0.000000000000000000e+00
2.404924496045974733e-02
8.593389170489611900e-03
8.593389170489611900e-03
8.593389170489611900e-03
8.593389170489611900e-03
8.593389170489611900e-03
8.593389170489611900e-03
8.593389170489611900e-03
8.593389170489611900e-03
8.593389170489611900e-03
8.593389170489611900e-03
7.507507975973242396e-03
7.507507975973242396e-03
6.891720184491716659e-03
1.447646432509655176e-03
1.447646432509655176e-03
1.447646432509655176e-03
1.447646432509655176e-03
1.447646432509655176e-03
1.447646432509655176e-03
1.447646432509655176e-03
1.447646432509655176e-03
1.447646432509655176e-03
1.447646432509655176e-03
1.447646432509655176e-03
1.447646432509655176e-03
1.447646432509655176e-03
1.447646432509655176e-03
1.447646432509655176e-03
1.447646432509655176e-03
1.447646432509655176e-03
1.447646432509655176e-03
1.447646432509655176e-03
1.447646432509655176e-03
2.466885918157823640e-02
1.826674470540980491e-02
1.826674470540980491e-02
1.101924234370336292e-02
1.257847240243881084e-03
1.257847240243881084e-03
1.800361061196931178e-02
1.257847240243881084e-03
1.257847240243881084e-03
1.257847240243881084e-03
1.257847240243881084e-03
1.257847240243881084e-03
3.475431832375602131e-02
0.000000000000000000e+00
0.000000000000000000e+00
0.000000000000000000e+00
0.000000000000000000e+00
3.117962381884637965e-02
1.096029462149099472e-02
1.096029462149099472e-02
1.096029462149099472e-02
1.096029462149099472e-02
1.096029462149099472e-02
1.096029462149099472e-02
1.096029462149099472e-02
1.096029462149099472e-02
1.379342213910187895e-02
1.379342213910187895e-02
1.379342213910187895e-02
1.379342213910187895e-02
1.379342213910187895e-02
1.379342213910187895e-02
1.379342213910187895e-02
1.379342213910187895e-02
1.379342213910187895e-02
1.379342213910187895e-02
1.379342213910187895e-02
9.868193814556520255e-03
2.368114224402389709e-02
2.368114224402389709e-02
2.368114224402389709e-02
2.368114224402389709e-02
5.485438955334223654e-03
1.197004516212345389e-02
1.197004516212345389e-02
1.197004516212345389e-02
1.197004516212345389e-02
1.197004516212345389e-02
1.197004516212345389e-02
1.197004516212345389e-02
1.197004516212345389e-02
2.576297822247070740e-02
1.187866926501610120e-03
1.187866926501610120e-03
1.187866926501610120e-03
1.187866926501610120e-03
1.187866926501610120e-03
1.187866926501610120e-03
1.187866926501610120e-03
1.187866926501610120e-03
1.187866926501610120e-03
1.187866926501610120e-03
1.187866926501610120e-03
1.187866926501610120e-03
1.187866926501610120e-03
1.187866926501610120e-03
1.187866926501610120e-03
1.187866926501610120e-03
1.187866926501610120e-03
1.187866926501610120e-03
1.187866926501610120e-03
1.187866926501610120e-03
9.670044143373950768e-03
3.431605979743818850e-04
3.431605979743818850e-04
3.431605979743818850e-04
3.431605979743818850e-04
1.221761261055026027e-01
7.614426438158754251e-02
1.221761261055026027e-01
7.614426438158754251e-02
7.614426438158754251e-02
7.614426438158754251e-02
7.614426438158754251e-02
7.614426438158754251e-02
7.614426438158754251e-02
7.614426438158754251e-02
3.030475090796585363e-02
6.331869202818732681e-03
7.970935282691450283e-03
1.482238324642795070e-02
1.482238324642795070e-02
1.482238324642795070e-02
1.482238324642795070e-02
1.482238324642795070e-02
1.482238324642795070e-02
1.482238324642795070e-02
1.482238324642795070e-02
1.634435721873285854e-02
1.022055085710398166e-02
1.022055085710398166e-02
1.022055085710398166e-02
1.424788228886091600e-02
3.280495240040080807e-02
3.280495240040080807e-02
3.280495240040080807e-02
3.280495240040080807e-02
3.280495240040080807e-02
3.280495240040080807e-02
3.280495240040080807e-02
3.280495240040080807e-02
4.748777849696973752e-02
4.748777849696973752e-02
4.748777849696973752e-02
4.748777849696973752e-02
2.802719395485201576e-02
1.351119855902565593e-02
1.351119855902565593e-02
0.000000000000000000e+00
3.262895039967442928e-02
3.262895039967442928e-02
3.262895039967442928e-02
3.262895039967442928e-02
3.262895039967442928e-02
3.262895039967442928e-02
3.262895039967442928e-02
3.262895039967442928e-02
3.262895039967442928e-02
3.262895039967442928e-02
3.262895039967442928e-02
3.262895039967442928e-02
3.262895039967442928e-02
3.262895039967442928e-02
1.170403761712685009e-02
2.283915350641393255e-02
5.779298514539978060e-02
2.091567030138822419e-02
0.000000000000000000e+00
0.000000000000000000e+00
0.000000000000000000e+00
0.000000000000000000e+00
0.000000000000000000e+00
0.000000000000000000e+00
0.000000000000000000e+00
4.289331195782438572e-02
2.109622057676888846e-02
2.109622057676888846e-02
2.109622057676888846e-02
2.109622057676888846e-02
2.109622057676888846e-02
2.109622057676888846e-02
2.109622057676888846e-02
2.109622057676888846e-02
1.552642242547526592e-02
2.461008186765565459e-02
2.461008186765565459e-02
2.461008186765565459e-02
2.461008186765565459e-02
2.461008186765565459e-02
2.461008186765565459e-02
0.000000000000000000e+00
0.000000000000000000e+00
0.000000000000000000e+00
0.000000000000000000e+00
0.000000000000000000e+00
0.000000000000000000e+00
0.000000000000000000e+00
1.005244074825471269e-02
3.861897734142662880e-03
3.861897734142662880e-03
1.366078882464535731e-02
0.000000000000000000e+00
0.000000000000000000e+00
8.575079708388815697e-03
8.575079708388815697e-03
8.575079708388815697e-03
2.099762055850874429e-02
2.919315125845898390e-02
2.919315125845898390e-02
2.919315125845898390e-02
2.919315125845898390e-02
2.919315125845898390e-02
2.919315125845898390e-02
2.562990479155759921e-02
3.118393814504399897e-02
3.118393814504399897e-02
3.118393814504399897e-02
3.118393814504399897e-02
3.118393814504399897e-02
3.118393814504399897e-02
3.118393814504399897e-02
3.118393814504399897e-02
0.000000000000000000e+00
1.825625601150956609e-02
1.825625601150956609e-02
1.825625601150956609e-02
1.825625601150956609e-02
1.825625601150956609e-02
1.825625601150956609e-02
1.825625601150956609e-02
1.825625601150956609e-02
1.825625601150956609e-02
1.825625601150956609e-02
1.145263771948491771e-02
3.901891538674047855e-03
3.901891538674047855e-03
3.901891538674047855e-03
1.275123516048775642e-02
2.446105654602805622e-03
2.446105654602805622e-03
2.446105654602805622e-03
2.446105654602805622e-03
2.446105654602805622e-03
2.446105654602805622e-03
7.527032788412028712e-03
2.446105654602805622e-03
2.446105654602805622e-03
2.446105654602805622e-03
5.743457566816564594e-03
5.743457566816564594e-03
5.743457566816564594e-03
5.743457566816564594e-03
5.743457566816564594e-03
5.743457566816564594e-03
5.743457566816564594e-03
5.743457566816564594e-03
5.743457566816564594e-03
5.743457566816564594e-03
5.743457566816564594e-03
5.743457566816564594e-03
5.743457566816564594e-03
5.743457566816564594e-03
5.743457566816564594e-03
5.743457566816564594e-03
5.743457566816564594e-03
5.743457566816564594e-03
5.743457566816564594e-03
5.743457566816564594e-03
5.743457566816564594e-03
5.743457566816564594e-03
5.743457566816564594e-03
5.743457566816564594e-03
5.743457566816564594e-03
5.743457566816564594e-03
5.743457566816564594e-03
5.743457566816564594e-03
5.743457566816564594e-03
3.644094911552923921e-02
0.000000000000000000e+00
0.000000000000000000e+00
0.000000000000000000e+00
1.206941017358028126e-02
1.206941017358028126e-02
1.206941017358028126e-02
1.206941017358028126e-02
1.206941017358028126e-02
3.644094911552923921e-02
1.206941017358028126e-02
1.206941017358028126e-02
1.206941017358028126e-02
1.206941017358028126e-02
1.206941017358028126e-02
1.206941017358028126e-02
1.206941017358028126e-02
1.206941017358028126e-02
1.206941017358028126e-02
1.206941017358028126e-02
1.206941017358028126e-02
1.206941017358028126e-02
1.206941017358028126e-02
1.206941017358028126e-02
1.206941017358028126e-02
1.206941017358028126e-02
1.206941017358028126e-02
1.206941017358028126e-02
1.206941017358028126e-02
3.486166365535901812e-02
2.864377203131393546e-02
2.864377203131393546e-02
2.864377203131393546e-02
2.864377203131393546e-02
2.864377203131393546e-02
2.864377203131393546e-02
2.864377203131393546e-02
2.864377203131393546e-02
2.864377203131393546e-02
2.864377203131393546e-02
2.864377203131393546e-02
2.864377203131393546e-02
2.864377203131393546e-02
2.864377203131393546e-02
1.930363521191661574e-02
1.930363521191661574e-02
1.930363521191661574e-02
1.930363521191661574e-02
1.930363521191661574e-02
1.930363521191661574e-02
1.930363521191661574e-02
1.930363521191661574e-02
1.930363521191661574e-02
1.930363521191661574e-02
1.930363521191661574e-02
1.930363521191661574e-02
1.930363521191661574e-02
1.930363521191661574e-02
1.930363521191661574e-02
1.930363521191661574e-02
1.930363521191661574e-02
1.930363521191661574e-02
1.930363521191661574e-02
1.930363521191661574e-02
1.930363521191661574e-02
1.930363521191661574e-02
1.930363521191661574e-02
0.000000000000000000e+00
0.000000000000000000e+00
0.000000000000000000e+00
0.000000000000000000e+00
0.000000000000000000e+00
0.000000000000000000e+00
0.000000000000000000e+00
0.000000000000000000e+00
0.000000000000000000e+00
2.369160811225458265e-03
3.143376665997111761e-04
3.143376665997111761e-04
3.143376665997111761e-04
3.143376665997111761e-04
3.143376665997111761e-04
3.143376665997111761e-04
3.143376665997111761e-04
3.143376665997111761e-04
3.143376665997111761e-04
3.143376665997111761e-04
3.143376665997111761e-04
3.143376665997111761e-04
4.116600179475918275e-02
2.853589578221919082e-02
2.853589578221919082e-02
2.853589578221919082e-02
2.853589578221919082e-02
3.977382462247989678e-03
1.704786859452948194e-02
1.704786859452948194e-02
1.341767111565313718e-02
1.237334978332709640e-02
1.237334978332709640e-02
1.237334978332709640e-02
1.237334978332709640e-02
1.237334978332709640e-02
1.237334978332709640e-02
1.237334978332709640e-02
1.237334978332709640e-02
1.237334978332709640e-02
1.237334978332709640e-02
2.432295250104332673e-02
2.432295250104332673e-02
2.432295250104332673e-02
2.432295250104332673e-02
2.432295250104332673e-02
2.432295250104332673e-02
2.432295250104332673e-02
2.432295250104332673e-02
2.432295250104332673e-02
2.432295250104332673e-02
2.432295250104332673e-02
2.432295250104332673e-02
2.432295250104332673e-02
2.432295250104332673e-02
2.432295250104332673e-02
3.190084492183052709e-03
3.190084492183052709e-03
3.190084492183052709e-03
3.190084492183052709e-03
3.190084492183052709e-03
3.190084492183052709e-03
3.190084492183052709e-03
3.190084492183052709e-03
3.190084492183052709e-03
3.190084492183052709e-03
3.190084492183052709e-03
1.424223383401728577e-02
1.424223383401728577e-02
1.375758970672581218e-02
4.238092953147895299e-04
4.238092953147895299e-04
4.238092953147895299e-04
4.238092953147895299e-04
4.238092953147895299e-04
4.238092953147895299e-04
4.238092953147895299e-04
4.238092953147895299e-04
4.238092953147895299e-04
4.238092953147895299e-04
4.238092953147895299e-04
4.238092953147895299e-04
4.238092953147895299e-04
4.238092953147895299e-04
4.238092953147895299e-04
2.623771905374489011e-02
1.814151020509879777e-04
1.814151020509879777e-04
1.814151020509879777e-04
1.814151020509879777e-04
1.814151020509879777e-04
1.814151020509879777e-04
1.814151020509879777e-04
1.814151020509879777e-04
1.814151020509879777e-04
1.814151020509879777e-04
9.828457445216856603e-02
2.278628475548439766e-02
2.278628475548439766e-02
2.278628475548439766e-02
2.278628475548439766e-02
2.278628475548439766e-02
2.278628475548439766e-02
9.794040623542247734e-03
2.368401235732448679e-02
9.682884933657879417e-03
3.369779706183338849e-04
3.369779706183338849e-04
1.400383386370543035e-03
6.287082898658606644e-02
6.287082898658606644e-02
6.287082898658606644e-02
6.287082898658606644e-02
6.287082898658606644e-02
6.287082898658606644e-02
6.287082898658606644e-02
6.287082898658606644e-02
6.287082898658606644e-02
6.287082898658606644e-02
6.287082898658606644e-02
6.287082898658606644e-02
6.287082898658606644e-02
6.287082898658606644e-02
6.287082898658606644e-02
6.287082898658606644e-02
5.284365263405862295e-03
5.284365263405862295e-03
5.284365263405862295e-03
5.284365263405862295e-03
5.284365263405862295e-03
5.284365263405862295e-03
5.284365263405862295e-03
5.284365263405862295e-03
5.284365263405862295e-03
5.284365263405862295e-03
5.284365263405862295e-03
0.000000000000000000e+00
1.158950027029704427e-02
1.158950027029704427e-02
0.000000000000000000e+00
3.990159569163930636e-02
5.616732512892042353e-03
5.616732512892042353e-03
5.616732512892042353e-03
5.616732512892042353e-03
0.000000000000000000e+00
0.000000000000000000e+00
0.000000000000000000e+00
0.000000000000000000e+00
0.000000000000000000e+00
0.000000000000000000e+00
0.000000000000000000e+00
0.000000000000000000e+00
0.000000000000000000e+00
0.000000000000000000e+00
0.000000000000000000e+00
0.000000000000000000e+00
0.000000000000000000e+00
0.000000000000000000e+00
0.000000000000000000e+00
1.074338631948317316e-02
3.076770154921223965e-02
3.076770154921223965e-02
3.076770154921223965e-02
3.076770154921223965e-02
3.076770154921223965e-02
3.076770154921223965e-02
0.000000000000000000e+00
0.000000000000000000e+00
0.000000000000000000e+00
0.000000000000000000e+00
0.000000000000000000e+00
0.000000000000000000e+00
0.000000000000000000e+00
0.000000000000000000e+00
1.271362156442485888e-02
1.271362156442485888e-02
1.271362156442485888e-02
1.271362156442485888e-02
0.000000000000000000e+00
0.000000000000000000e+00
0.000000000000000000e+00
0.000000000000000000e+00
0.000000000000000000e+00
1.230968373397797744e-02
1.531555863437255704e-03
1.531555863437255704e-03
1.531555863437255704e-03
0.000000000000000000e+00
1.149866390849018163e-02
1.149866390849018163e-02
1.149866390849018163e-02
1.149866390849018163e-02
1.149866390849018163e-02
1.149866390849018163e-02
1.149866390849018163e-02
1.149866390849018163e-02
1.149866390849018163e-02
1.149866390849018163e-02
9.284230112915271838e-03
2.196224614817273227e-02
2.196224614817273227e-02
2.196224614817273227e-02
2.196224614817273227e-02
2.196224614817273227e-02
2.196224614817273227e-02
2.196224614817273227e-02
2.196224614817273227e-02
2.196224614817273227e-02
1.780909724968246857e-02
1.780909724968246857e-02
2.193076460543739829e-03
1.316266914754360418e-02
2.193076460543739829e-03
2.193076460543739829e-03
2.193076460543739829e-03
2.193076460543739829e-03
2.193076460543739829e-03
1.316266914754360418e-02
1.316266914754360418e-02
1.316266914754360418e-02
1.316266914754360418e-02
1.316266914754360418e-02
0.000000000000000000e+00
9.578601620416671986e-03
9.578601620416671986e-03
9.578601620416671986e-03
9.578601620416671986e-03
9.578601620416671986e-03
9.578601620416671986e-03
1.245037974078295161e-02
2.782535330212856234e-03
2.782535330212856234e-03
2.782535330212856234e-03
2.782535330212856234e-03
2.782535330212856234e-03
2.782535330212856234e-03
2.782535330212856234e-03
2.782535330212856234e-03
2.782535330212856234e-03
2.782535330212856234e-03
2.782535330212856234e-03
2.782535330212856234e-03
2.782535330212856234e-03
2.782535330212856234e-03
2.782535330212856234e-03
2.782535330212856234e-03
2.782535330212856234e-03
2.782535330212856234e-03
2.782535330212856234e-03
2.782535330212856234e-03
1.047639412337457616e-02
1.047639412337457616e-02
1.047639412337457616e-02
1.047639412337457616e-02
1.047639412337457616e-02
1.047639412337457616e-02
1.047639412337457616e-02
1.047639412337457616e-02
1.047639412337457616e-02
1.047639412337457616e-02
1.047639412337457616e-02
1.047639412337457616e-02
1.047639412337457616e-02
1.047639412337457616e-02
1.047639412337457616e-02
5.422626260891743807e-03
1.821499870056901560e-02
1.821499870056901560e-02
1.821499870056901560e-02
1.821499870056901560e-02
1.821499870056901560e-02
1.821499870056901560e-02
1.400383386370543035e-03
1.400383386370543035e-03
1.400383386370543035e-03
1.400383386370543035e-03
1.400383386370543035e-03
1.400383386370543035e-03
2.829446093485096098e-02
2.829446093485096098e-02
7.527032788412028712e-03
2.881227584940009717e-02
2.198277668665232776e-02
2.198277668665232776e-02
9.329464076977206713e-03
9.329464076977206713e-03
9.329464076977206713e-03
9.329464076977206713e-03
9.329464076977206713e-03
9.329464076977206713e-03
9.329464076977206713e-03
9.329464076977206713e-03
8.899071368717627328e-03
0.000000000000000000e+00
0.000000000000000000e+00
0.000000000000000000e+00
0.000000000000000000e+00
0.000000000000000000e+00
0.000000000000000000e+00
0.000000000000000000e+00
1.040246365377582062e-02
9.405599878538601841e-03
9.405599878538601841e-03
3.812174878490979385e-03
3.812174878490979385e-03
3.812174878490979385e-03
3.812174878490979385e-03
3.812174878490979385e-03
3.812174878490979385e-03
3.812174878490979385e-03
3.812174878490979385e-03
3.812174878490979385e-03
3.812174878490979385e-03
3.812174878490979385e-03
3.812174878490979385e-03
3.812174878490979385e-03
2.924094292528062449e-03
2.924094292528062449e-03
2.924094292528062449e-03
2.924094292528062449e-03
2.924094292528062449e-03
2.924094292528062449e-03
2.924094292528062449e-03
2.924094292528062449e-03
2.924094292528062449e-03
2.924094292528062449e-03
2.924094292528062449e-03
2.924094292528062449e-03
2.924094292528062449e-03
2.924094292528062449e-03
2.924094292528062449e-03
2.924094292528062449e-03
2.924094292528062449e-03
2.924094292528062449e-03
2.924094292528062449e-03
3.730733632337771954e-03
7.116040244643653985e-03
7.116040244643653985e-03
7.116040244643653985e-03
7.116040244643653985e-03
2.898247213213483390e-03
7.917610871830895944e-03
7.917610871830895944e-03
7.917610871830895944e-03
0.000000000000000000e+00
0.000000000000000000e+00
0.000000000000000000e+00
0.000000000000000000e+00
1.089989203171800800e-02
8.876568403459302037e-03
8.876568403459302037e-03
0.000000000000000000e+00
2.223872585309251068e-02
2.223872585309251068e-02
2.223872585309251068e-02
2.223872585309251068e-02
2.223872585309251068e-02
2.223872585309251068e-02
2.223872585309251068e-02
2.223872585309251068e-02
2.223872585309251068e-02
2.223872585309251068e-02
9.284230112915271838e-03
9.284230112915271838e-03
9.284230112915271838e-03
9.284230112915271838e-03
9.284230112915271838e-03
9.284230112915271838e-03
9.284230112915271838e-03
9.284230112915271838e-03
9.284230112915271838e-03
9.284230112915271838e-03
9.284230112915271838e-03
9.284230112915271838e-03
1.079945918330176349e-03
3.764055120424453053e-03
3.764055120424453053e-03
3.764055120424453053e-03
3.764055120424453053e-03
3.764055120424453053e-03
3.764055120424453053e-03
3.764055120424453053e-03
3.764055120424453053e-03
3.764055120424453053e-03
3.764055120424453053e-03
1.040246365377582062e-02
1.040246365377582062e-02
1.040246365377582062e-02
1.040246365377582062e-02
1.040246365377582062e-02
1.040246365377582062e-02
1.040246365377582062e-02
1.040246365377582062e-02
2.901424788515669746e-04
2.015344407654230327e-02
2.015344407654230327e-02
2.015344407654230327e-02
2.015344407654230327e-02
2.015344407654230327e-02
2.015344407654230327e-02
2.015344407654230327e-02
2.015344407654230327e-02
2.015344407654230327e-02
2.015344407654230327e-02
2.015344407654230327e-02
2.015344407654230327e-02
2.015344407654230327e-02
2.015344407654230327e-02
2.015344407654230327e-02
2.015344407654230327e-02
0.000000000000000000e+00
0.000000000000000000e+00
0.000000000000000000e+00
2.090935354947815600e-02
5.892533643433166268e-03
5.892533643433166268e-03
3.832858107126535518e-02
3.832858107126535518e-02
3.832858107126535518e-02
3.832858107126535518e-02
3.832858107126535518e-02
3.832858107126535518e-02
3.832858107126535518e-02
3.832858107126535518e-02
3.832858107126535518e-02
3.832858107126535518e-02
3.832858107126535518e-02
3.832858107126535518e-02
3.832858107126535518e-02
3.832858107126535518e-02
3.832858107126535518e-02
3.832858107126535518e-02
3.832858107126535518e-02
3.832858107126535518e-02
3.832858107126535518e-02
3.832858107126535518e-02
3.832858107126535518e-02
3.832858107126535518e-02
3.832858107126535518e-02
3.832858107126535518e-02
3.832858107126535518e-02
3.832858107126535518e-02
3.832858107126535518e-02
3.832858107126535518e-02
3.832858107126535518e-02
5.631217095805299451e-03
8.775700190370308920e-03
8.775700190370308920e-03
8.775700190370308920e-03
8.775700190370308920e-03
8.775700190370308920e-03
8.775700190370308920e-03
2.201770122596124687e-03
9.279584359228107773e-03
9.279584359228107773e-03
9.279584359228107773e-03
4.772150265107775319e-03
5.293162506770883631e-03
5.293162506770883631e-03
5.293162506770883631e-03
5.293162506770883631e-03
1.579566556965372390e-02
1.579566556965372390e-02
9.682884933657879417e-03
9.682884933657879417e-03
9.682884933657879417e-03
9.682884933657879417e-03
9.682884933657879417e-03
9.682884933657879417e-03
9.682884933657879417e-03
9.682884933657879417e-03
9.682884933657879417e-03
9.682884933657879417e-03
9.682884933657879417e-03
9.682884933657879417e-03
9.682884933657879417e-03
9.682884933657879417e-03
2.881227584940009717e-02
7.023250205583869699e-02
7.023250205583869699e-02
3.730752527421244856e-04
4.381737547965523782e-02
4.381737547965523782e-02
1.548285971487350400e-02
1.526983715535737939e-02
1.526983715535737939e-02
1.526983715535737939e-02
1.526983715535737939e-02
1.526983715535737939e-02
1.526983715535737939e-02
1.526983715535737939e-02
1.526983715535737939e-02
1.079945918330176349e-03
1.079945918330176349e-03
1.079945918330176349e-03
1.079945918330176349e-03
1.079945918330176349e-03
1.079945918330176349e-03
0.000000000000000000e+00
0.000000000000000000e+00
0.000000000000000000e+00
0.000000000000000000e+00
0.000000000000000000e+00
2.528221525935949593e-02
2.528221525935949593e-02
2.528221525935949593e-02
2.528221525935949593e-02
2.528221525935949593e-02
2.528221525935949593e-02
2.528221525935949593e-02
2.528221525935949593e-02
2.528221525935949593e-02
2.528221525935949593e-02
2.528221525935949593e-02
6.463096444296725918e-03
7.138896685153323443e-03
7.138896685153323443e-03
7.138896685153323443e-03
7.138896685153323443e-03
7.138896685153323443e-03
7.138896685153323443e-03
7.138896685153323443e-03
7.138896685153323443e-03
7.138896685153323443e-03
7.138896685153323443e-03
5.056213178230193998e-03
0.000000000000000000e+00
0.000000000000000000e+00
0.000000000000000000e+00
0.000000000000000000e+00
7.030669761034741110e-03
7.030669761034741110e-03
7.030669761034741110e-03
7.030669761034741110e-03
7.030669761034741110e-03
7.030669761034741110e-03
7.030669761034741110e-03
7.030669761034741110e-03
7.030669761034741110e-03
7.030669761034741110e-03
7.030669761034741110e-03
7.030669761034741110e-03
7.030669761034741110e-03
6.038881207182359226e-03
7.770639089477760246e-04
7.770639089477760246e-04
2.901424788515669746e-04
2.901424788515669746e-04
1.326642342026453005e-03
7.975852458876392034e-03
7.975852458876392034e-03
1.296284272221162256e-02
6.891720184491716659e-03
6.891720184491716659e-03
6.891720184491716659e-03
2.480296991735922094e-02
3.930037951373082684e-03
3.930037951373082684e-03
3.930037951373082684e-03
3.930037951373082684e-03
3.930037951373082684e-03
3.930037951373082684e-03
3.930037951373082684e-03
3.930037951373082684e-03
3.930037951373082684e-03
3.930037951373082684e-03
1.457046184166352126e-03
5.114967392075183729e-03
5.114967392075183729e-03
5.114967392075183729e-03
5.114967392075183729e-03
1.118629756510680813e-02
1.118629756510680813e-02
1.118629756510680813e-02
1.118629756510680813e-02
1.118629756510680813e-02
1.118629756510680813e-02
0.000000000000000000e+00
0.000000000000000000e+00
0.000000000000000000e+00
0.000000000000000000e+00
2.773865124094724004e-03
2.773865124094724004e-03
2.133554033074334250e-02
2.133554033074334250e-02
2.242151962645920135e-02
2.133554033074334250e-02
2.133554033074334250e-02
2.133554033074334250e-02
9.794040623542247734e-03
9.794040623542247734e-03
9.794040623542247734e-03
9.794040623542247734e-03
9.794040623542247734e-03
9.794040623542247734e-03
8.135245334434253878e-03
8.602628292459144760e-03
8.602628292459144760e-03
8.602628292459144760e-03
8.602628292459144760e-03
2.262329194213708039e-02
6.920763892786517546e-02
6.920763892786517546e-02
6.920763892786517546e-02
6.920763892786517546e-02
6.920763892786517546e-02
6.920763892786517546e-02
1.619328720840809699e-02
0.000000000000000000e+00
0.000000000000000000e+00
0.000000000000000000e+00
0.000000000000000000e+00
0.000000000000000000e+00
0.000000000000000000e+00
2.043795668460462317e-02
2.073851631521766298e-02
2.073851631521766298e-02
1.323627313653499490e-02
1.323627313653499490e-02
1.323627313653499490e-02
1.323627313653499490e-02
1.323627313653499490e-02
1.323627313653499490e-02
1.323627313653499490e-02
1.323627313653499490e-02
1.323627313653499490e-02
1.323627313653499490e-02
1.323627313653499490e-02
1.323627313653499490e-02
1.323627313653499490e-02
1.323627313653499490e-02
1.323627313653499490e-02
3.427865082200245734e-03
8.142684736456106895e-03
8.142684736456106895e-03
8.142684736456106895e-03
8.142684736456106895e-03
8.142684736456106895e-03
8.142684736456106895e-03
8.142684736456106895e-03
8.142684736456106895e-03
8.142684736456106895e-03
8.142684736456106895e-03
8.142684736456106895e-03
8.142684736456106895e-03
8.142684736456106895e-03
8.142684736456106895e-03
1.475004088000634803e-02
3.218066112563412740e-02
6.283052564679699175e-04
1.564360387061515187e-02
1.564360387061515187e-02
1.564360387061515187e-02
1.564360387061515187e-02
1.564360387061515187e-02
1.564360387061515187e-02
1.564360387061515187e-02
1.564360387061515187e-02
2.017877277045132881e-02
2.644253146088557972e-03
2.644253146088557972e-03
2.644253146088557972e-03
2.644253146088557972e-03
2.644253146088557972e-03
2.644253146088557972e-03
2.644253146088557972e-03
2.644253146088557972e-03
2.644253146088557972e-03
2.644253146088557972e-03
2.644253146088557972e-03
2.644253146088557972e-03
2.644253146088557972e-03
2.644253146088557972e-03
2.598982580753218113e-02
2.598982580753218113e-02
1.584309741662710130e-02
1.932981094221614127e-02
1.932981094221614127e-02
1.932981094221614127e-02
1.932981094221614127e-02
1.932981094221614127e-02
1.932981094221614127e-02
1.932981094221614127e-02
1.932981094221614127e-02
1.932981094221614127e-02
1.932981094221614127e-02
1.932981094221614127e-02
1.932981094221614127e-02
1.932981094221614127e-02
1.932981094221614127e-02
1.932981094221614127e-02
1.932981094221614127e-02
1.932981094221614127e-02
1.932981094221614127e-02
1.272076004633879674e-02
1.230383904874601461e-02
1.230383904874601461e-02
1.230383904874601461e-02
1.230383904874601461e-02
1.230383904874601461e-02
1.230383904874601461e-02
1.230383904874601461e-02
1.230383904874601461e-02
4.146744503161593938e-03
2.625046899100372082e-03
4.146744503161593938e-03
4.146744503161593938e-03
4.146744503161593938e-03
4.146744503161593938e-03
4.146744503161593938e-03
4.146744503161593938e-03
4.146744503161593938e-03
4.146744503161593938e-03
4.146744503161593938e-03
4.146744503161593938e-03
4.146744503161593938e-03
4.146744503161593938e-03
4.146744503161593938e-03
2.625046899100372082e-03
1.218772894835877876e-02
5.163750426915069205e-03
5.163750426915069205e-03
4.242480448613247107e-02
2.262329194213708039e-02
2.262329194213708039e-02
2.262329194213708039e-02
2.160122672392253418e-02
9.702235625084935228e-03
9.702235625084935228e-03
9.702235625084935228e-03
9.702235625084935228e-03
9.702235625084935228e-03
9.702235625084935228e-03
9.702235625084935228e-03
9.702235625084935228e-03
0.000000000000000000e+00
0.000000000000000000e+00
0.000000000000000000e+00
0.000000000000000000e+00
0.000000000000000000e+00
0.000000000000000000e+00
0.000000000000000000e+00
0.000000000000000000e+00
4.401816555441989513e-03
4.401816555441989513e-03
4.401816555441989513e-03
4.401816555441989513e-03
4.401816555441989513e-03
4.401816555441989513e-03
4.401816555441989513e-03
4.401816555441989513e-03
4.401816555441989513e-03
4.401816555441989513e-03
4.401816555441989513e-03
4.401816555441989513e-03
4.401816555441989513e-03
4.401816555441989513e-03
4.401816555441989513e-03
4.401816555441989513e-03
4.401816555441989513e-03
4.401816555441989513e-03
5.624812331965863693e-02
5.624812331965863693e-02
5.624812331965863693e-02
5.624812331965863693e-02
5.624812331965863693e-02
5.624812331965863693e-02
5.624812331965863693e-02
5.624812331965863693e-02
5.624812331965863693e-02
5.624812331965863693e-02
5.624812331965863693e-02
5.624812331965863693e-02
5.624812331965863693e-02
0.000000000000000000e+00
1.646308614942921730e-02
1.646308614942921730e-02
3.885781510401054798e-03
3.688312775410532238e-03
3.688312775410532238e-03
3.688312775410532238e-03
3.688312775410532238e-03
3.688312775410532238e-03
3.688312775410532238e-03
3.688312775410532238e-03
3.688312775410532238e-03
3.688312775410532238e-03
3.688312775410532238e-03
3.688312775410532238e-03
3.688312775410532238e-03
3.688312775410532238e-03
3.688312775410532238e-03
3.688312775410532238e-03
3.688312775410532238e-03
1.041029005098691174e-02
1.041029005098691174e-02
1.041029005098691174e-02
1.886893118564708302e-02
1.041029005098691174e-02
1.041029005098691174e-02
1.041029005098691174e-02
6.674726023187053589e-03
6.674726023187053589e-03
6.674726023187053589e-03
6.674726023187053589e-03
6.674726023187053589e-03
2.185965398062088283e-03
6.674726023187053589e-03
2.191458472946681245e-03
2.962789556136906713e-02
2.962789556136906713e-02
2.962789556136906713e-02
2.962789556136906713e-02
2.962789556136906713e-02
2.962789556136906713e-02
1.245179953943484699e-02
1.245179953943484699e-02
1.245179953943484699e-02
1.245179953943484699e-02
1.245179953943484699e-02
1.245179953943484699e-02
8.417354540588546739e-04
0.000000000000000000e+00
0.000000000000000000e+00
1.807481554779514013e-02
1.807481554779514013e-02
1.807481554779514013e-02
1.807481554779514013e-02
1.807481554779514013e-02
1.807481554779514013e-02
1.807481554779514013e-02
1.807481554779514013e-02
1.807481554779514013e-02
1.807481554779514013e-02
1.807481554779514013e-02
1.807481554779514013e-02
1.807481554779514013e-02
1.807481554779514013e-02
1.807481554779514013e-02
1.807481554779514013e-02
1.807481554779514013e-02
9.495234469499460109e-03
2.611650016739341246e-02
2.611650016739341246e-02
1.409606860713920502e-02
3.126395985428316593e-02
0.000000000000000000e+00
0.000000000000000000e+00
0.000000000000000000e+00
0.000000000000000000e+00
0.000000000000000000e+00
2.977294622949805750e-02
3.235508460494813249e-02
3.235508460494813249e-02
4.765967971785988778e-03
7.719468814692175863e-03
1.548285971487350400e-02
1.548285971487350400e-02
1.548285971487350400e-02
1.548285971487350400e-02
8.650843669876078293e-03
1.034295985423665590e-02
1.034295985423665590e-02
1.647491158511716833e-02
5.206219703165799670e-03
5.206219703165799670e-03
5.206219703165799670e-03
5.206219703165799670e-03
5.206219703165799670e-03
5.206219703165799670e-03
2.188722562755823081e-02
2.668995426674165145e-02
2.668995426674165145e-02
2.668995426674165145e-02
2.668995426674165145e-02
2.668995426674165145e-02
2.668995426674165145e-02
1.255905280855316129e-02
3.151807751418540630e-03
3.151807751418540630e-03
9.495234469499460109e-03
2.172611651014656406e-02
2.172611651014656406e-02
2.172611651014656406e-02
2.172611651014656406e-02
2.172611651014656406e-02
2.172611651014656406e-02
2.172611651014656406e-02
2.172611651014656406e-02
2.172611651014656406e-02
2.172611651014656406e-02
2.172611651014656406e-02
2.172611651014656406e-02
2.172611651014656406e-02
2.172611651014656406e-02
2.474068605894015963e-02
2.474068605894015963e-02
2.474068605894015963e-02
2.474068605894015963e-02
2.474068605894015963e-02
2.474068605894015963e-02
2.474068605894015963e-02
2.474068605894015963e-02
2.474068605894015963e-02
2.474068605894015963e-02
2.474068605894015963e-02
2.474068605894015963e-02
2.474068605894015963e-02
2.474068605894015963e-02
6.038881207182359226e-03
6.038881207182359226e-03
6.038881207182359226e-03
6.038881207182359226e-03
6.038881207182359226e-03
6.038881207182359226e-03
6.038881207182359226e-03
6.038881207182359226e-03
0.000000000000000000e+00
4.874011991892667102e-03
4.874011991892667102e-03
4.874011991892667102e-03
4.874011991892667102e-03
4.874011991892667102e-03
4.874011991892667102e-03
4.874011991892667102e-03
4.874011991892667102e-03
2.846365426340494165e-02
0.000000000000000000e+00
0.000000000000000000e+00
5.192743380230797033e-03
1.544996145409412852e-02
1.544996145409412852e-02
2.977294622949805750e-02
2.977294622949805750e-02
2.977294622949805750e-02
2.977294622949805750e-02
2.977294622949805750e-02
2.977294622949805750e-02
2.977294622949805750e-02
2.977294622949805750e-02
2.977294622949805750e-02
2.977294622949805750e-02
2.977294622949805750e-02
2.977294622949805750e-02
2.977294622949805750e-02
2.977294622949805750e-02
2.977294622949805750e-02
2.977294622949805750e-02
2.977294622949805750e-02
2.977294622949805750e-02
4.022943897961413218e-02
1.613538847805565113e-02
1.613538847805565113e-02
1.613538847805565113e-02
1.613538847805565113e-02
1.613538847805565113e-02
1.613538847805565113e-02
1.613538847805565113e-02
1.613538847805565113e-02
1.811682618719723248e-03
2.800717492335324035e-02
2.800717492335324035e-02
2.800717492335324035e-02
2.800717492335324035e-02
2.800717492335324035e-02
2.800717492335324035e-02
2.800717492335324035e-02
2.800717492335324035e-02
3.099785999488265890e-03
3.099785999488265890e-03
3.099785999488265890e-03
3.099785999488265890e-03
3.099785999488265890e-03
3.099785999488265890e-03
3.099785999488265890e-03
3.099785999488265890e-03
3.099785999488265890e-03
3.099785999488265890e-03
3.099785999488265890e-03
3.099785999488265890e-03
3.099785999488265890e-03
4.549739177301738956e-03
4.549739177301738956e-03
4.549739177301738956e-03
4.549739177301738956e-03
4.549739177301738956e-03
4.549739177301738956e-03
4.549739177301738956e-03
4.549739177301738956e-03
4.549739177301738956e-03
4.549739177301738956e-03
4.549739177301738956e-03
1.189605526473641421e-02
6.379472822092588195e-03
6.379472822092588195e-03
6.379472822092588195e-03
6.379472822092588195e-03
6.379472822092588195e-03
6.379472822092588195e-03
6.379472822092588195e-03
6.379472822092588195e-03
0.000000000000000000e+00
0.000000000000000000e+00
0.000000000000000000e+00
0.000000000000000000e+00
0.000000000000000000e+00
0.000000000000000000e+00
1.551923431346880974e-02
1.686811741866530226e-02
3.172710320122421046e-02
1.544096103155257350e-03
1.544096103155257350e-03
1.544096103155257350e-03
1.544096103155257350e-03
1.544096103155257350e-03
1.544096103155257350e-03
1.544096103155257350e-03
1.544096103155257350e-03
5.387565341695879466e-03
1.847542183196788923e-02
1.847542183196788923e-02
1.045238091380361160e-03
0.000000000000000000e+00
0.000000000000000000e+00
0.000000000000000000e+00
0.000000000000000000e+00
0.000000000000000000e+00
0.000000000000000000e+00
0.000000000000000000e+00
2.242151962645920135e-02
0.000000000000000000e+00
1.738205625541527216e-02
1.738205625541527216e-02
1.738205625541527216e-02
1.738205625541527216e-02
1.738205625541527216e-02
1.738205625541527216e-02
1.738205625541527216e-02
1.738205625541527216e-02
3.529736573868672012e-02
1.076851866083998466e-02
1.076851866083998466e-02
1.076851866083998466e-02
1.076851866083998466e-02
1.076851866083998466e-02
1.076851866083998466e-02
1.076851866083998466e-02
1.076851866083998466e-02
1.076851866083998466e-02
1.076851866083998466e-02
1.076851866083998466e-02
1.076851866083998466e-02
0.000000000000000000e+00
0.000000000000000000e+00
0.000000000000000000e+00
0.000000000000000000e+00
0.000000000000000000e+00
0.000000000000000000e+00
1.811682618719723248e-03
1.811682618719723248e-03
1.811682618719723248e-03
1.811682618719723248e-03
1.811682618719723248e-03
2.320022591905837855e-03
2.320022591905837855e-03
0.000000000000000000e+00
6.596292832414792605e-03
6.596292832414792605e-03
6.596292832414792605e-03
6.596292832414792605e-03
6.596292832414792605e-03
6.596292832414792605e-03
6.596292832414792605e-03
6.596292832414792605e-03
6.596292832414792605e-03
6.596292832414792605e-03
6.596292832414792605e-03
6.596292832414792605e-03
6.596292832414792605e-03
6.596292832414792605e-03
6.596292832414792605e-03
6.596292832414792605e-03
9.971912608218147164e-03
1.739633574360923904e-02
1.739633574360923904e-02
1.739633574360923904e-02
1.739633574360923904e-02
1.739633574360923904e-02
1.739633574360923904e-02
1.739633574360923904e-02
1.739633574360923904e-02
1.739633574360923904e-02
1.739633574360923904e-02
1.739633574360923904e-02
1.739633574360923904e-02
1.739633574360923904e-02
1.739633574360923904e-02
1.739633574360923904e-02
1.739633574360923904e-02
1.739633574360923904e-02
1.739633574360923904e-02
0.000000000000000000e+00
0.000000000000000000e+00
0.000000000000000000e+00
0.000000000000000000e+00
3.328071712440053287e-02
6.555930734271551291e-03
6.555930734271551291e-03
6.555930734271551291e-03
6.555930734271551291e-03
6.555930734271551291e-03
6.555930734271551291e-03
9.020040118850160618e-04
3.655765013679093678e-02
3.655765013679093678e-02
3.655765013679093678e-02
3.655765013679093678e-02
1.634435721873285854e-02
1.634435721873285854e-02
3.892845609557878377e-04
3.892845609557878377e-04
3.892845609557878377e-04
3.892845609557878377e-04
3.892845609557878377e-04
3.892845609557878377e-04
3.892845609557878377e-04
3.892845609557878377e-04
3.892845609557878377e-04
3.892845609557878377e-04
3.892845609557878377e-04
1.855154537039491137e-03
8.387643079989319170e-03
8.387643079989319170e-03
8.356141337932882288e-03
3.257530675150393292e-03
3.257530675150393292e-03
0.000000000000000000e+00
1.300457370388435722e-02
1.300457370388435722e-02
1.300457370388435722e-02
1.300457370388435722e-02
1.300457370388435722e-02
1.300457370388435722e-02
1.300457370388435722e-02
1.300457370388435722e-02
0.000000000000000000e+00
0.000000000000000000e+00
1.144491584179078980e-02
2.306563335595411893e-02
2.306563335595411893e-02
2.306563335595411893e-02
1.085416943944156505e-02
3.737295109682003263e-02
0.000000000000000000e+00
0.000000000000000000e+00
0.000000000000000000e+00
0.000000000000000000e+00
0.000000000000000000e+00
0.000000000000000000e+00
0.000000000000000000e+00
1.804665577358126327e-02
2.832269253028794204e-03
2.832269253028794204e-03
2.832269253028794204e-03
2.832269253028794204e-03
2.832269253028794204e-03
2.832269253028794204e-03
2.832269253028794204e-03
2.832269253028794204e-03
1.855154537039491137e-03
1.855154537039491137e-03
1.855154537039491137e-03
1.855154537039491137e-03
1.855154537039491137e-03
1.855154537039491137e-03
1.855154537039491137e-03
1.855154537039491137e-03
1.855154537039491137e-03
1.855154537039491137e-03
1.855154537039491137e-03
1.855154537039491137e-03
1.855154537039491137e-03
1.855154537039491137e-03
1.855154537039491137e-03
1.855154537039491137e-03
1.855154537039491137e-03
1.855154537039491137e-03
2.587751012077322069e-02
1.318540914219051147e-02
1.318540914219051147e-02
2.260668664397816677e-02
3.730752527421244856e-04
3.730752527421244856e-04
3.730752527421244856e-04
3.730752527421244856e-04
3.730752527421244856e-04
3.730752527421244856e-04
3.730752527421244856e-04
2.214094650309733799e-03
2.214094650309733799e-03
2.214094650309733799e-03
2.214094650309733799e-03
2.214094650309733799e-03
2.214094650309733799e-03
2.214094650309733799e-03
2.214094650309733799e-03
2.214094650309733799e-03
2.214094650309733799e-03
2.214094650309733799e-03
2.214094650309733799e-03
2.214094650309733799e-03
2.214094650309733799e-03
2.837416910903991021e-02
2.837416910903991021e-02
2.837416910903991021e-02
2.837416910903991021e-02
2.837416910903991021e-02
2.837416910903991021e-02
9.026704126281200752e-03
8.905970219612910355e-03
8.905970219612910355e-03
1.375758970672581218e-02
1.375758970672581218e-02
1.375758970672581218e-02
1.375758970672581218e-02
1.375758970672581218e-02
1.375758970672581218e-02
1.375758970672581218e-02
1.375758970672581218e-02
1.375758970672581218e-02
1.375758970672581218e-02
1.175790558452562097e-03
1.054045985614837644e-02
1.054045985614837644e-02
1.054045985614837644e-02
1.054045985614837644e-02
1.054045985614837644e-02
1.054045985614837644e-02
1.054045985614837644e-02
1.054045985614837644e-02
1.054045985614837644e-02
1.054045985614837644e-02
1.513955824887773961e-03
1.513955824887773961e-03
1.513955824887773961e-03
1.513955824887773961e-03
1.513955824887773961e-03
1.513955824887773961e-03
1.513955824887773961e-03
1.513955824887773961e-03
1.513955824887773961e-03
1.578900967680074985e-01
1.513955824887773961e-03
0.000000000000000000e+00
0.000000000000000000e+00
4.970782937401768166e-03
2.963854876281516674e-03
2.963854876281516674e-03
7.050691130760191293e-03
7.050691130760191293e-03
7.050691130760191293e-03
7.050691130760191293e-03
7.050691130760191293e-03
7.050691130760191293e-03
7.050691130760191293e-03
7.050691130760191293e-03
7.050691130760191293e-03
7.050691130760191293e-03
7.050691130760191293e-03
7.050691130760191293e-03
7.050691130760191293e-03
8.683233189485259351e-03
4.772150265107775319e-03
4.772150265107775319e-03
4.772150265107775319e-03
4.772150265107775319e-03
4.772150265107775319e-03
4.772150265107775319e-03
4.772150265107775319e-03
4.772150265107775319e-03
4.772150265107775319e-03
4.772150265107775319e-03
4.772150265107775319e-03
4.772150265107775319e-03
4.772150265107775319e-03
4.772150265107775319e-03
4.772150265107775319e-03
9.828457445216856603e-02
9.828457445216856603e-02
9.828457445216856603e-02
9.828457445216856603e-02
9.828457445216856603e-02
9.828457445216856603e-02
7.970935282691450283e-03
1.469550528448766323e-03
1.469550528448766323e-03
1.322338122422676496e-02
8.640385529186856220e-03
8.640385529186856220e-03
8.640385529186856220e-03
8.640385529186856220e-03
8.640385529186856220e-03
8.640385529186856220e-03
8.640385529186856220e-03
1.334583363370806137e-02
8.551134393802148391e-04
8.551134393802148391e-04
8.551134393802148391e-04
8.551134393802148391e-04
8.551134393802148391e-04
8.551134393802148391e-04
8.551134393802148391e-04
8.551134393802148391e-04
2.188722562755823081e-02
2.188722562755823081e-02
2.188722562755823081e-02
2.188722562755823081e-02
2.188722562755823081e-02
2.188722562755823081e-02
2.188722562755823081e-02
2.188722562755823081e-02
5.708667499678139311e-04
0.000000000000000000e+00
0.000000000000000000e+00
0.000000000000000000e+00
0.000000000000000000e+00
0.000000000000000000e+00
0.000000000000000000e+00
0.000000000000000000e+00
0.000000000000000000e+00
0.000000000000000000e+00
0.000000000000000000e+00
0.000000000000000000e+00
0.000000000000000000e+00
0.000000000000000000e+00
0.000000000000000000e+00
0.000000000000000000e+00
0.000000000000000000e+00
0.000000000000000000e+00
0.000000000000000000e+00
0.000000000000000000e+00
0.000000000000000000e+00
0.000000000000000000e+00
1.252968575641176009e-02
1.914231656850663710e-02
1.776438078930994528e-03
1.776438078930994528e-03
1.776438078930994528e-03
1.776438078930994528e-03
1.835808084532591922e-02
0.000000000000000000e+00
0.000000000000000000e+00
0.000000000000000000e+00
0.000000000000000000e+00
0.000000000000000000e+00
0.000000000000000000e+00
0.000000000000000000e+00
0.000000000000000000e+00
6.154987813090428972e-03
1.534176614819384582e-02
1.534176614819384582e-02
1.534176614819384582e-02
1.534176614819384582e-02
1.534176614819384582e-02
1.534176614819384582e-02
1.534176614819384582e-02
1.534176614819384582e-02
1.534176614819384582e-02
1.534176614819384582e-02
0.000000000000000000e+00
0.000000000000000000e+00
0.000000000000000000e+00
0.000000000000000000e+00
0.000000000000000000e+00
0.000000000000000000e+00
0.000000000000000000e+00
0.000000000000000000e+00
0.000000000000000000e+00
0.000000000000000000e+00
0.000000000000000000e+00
1.074338631948317316e-02
1.074338631948317316e-02
1.074338631948317316e-02
1.074338631948317316e-02
3.020024850293492793e-03
3.020024850293492793e-03
3.020024850293492793e-03
3.020024850293492793e-03
3.020024850293492793e-03
3.020024850293492793e-03
3.020024850293492793e-03
3.020024850293492793e-03
3.020024850293492793e-03
3.020024850293492793e-03
3.020024850293492793e-03
3.020024850293492793e-03
3.020024850293492793e-03
1.903878389055195172e-02
9.868193814556520255e-03
9.868193814556520255e-03
9.868193814556520255e-03
5.482735389619022848e-02
3.409234729488018478e-02
3.409234729488018478e-02
3.409234729488018478e-02
3.409234729488018478e-02
3.409234729488018478e-02
3.409234729488018478e-02
3.409234729488018478e-02
3.409234729488018478e-02
3.409234729488018478e-02
3.409234729488018478e-02
0.000000000000000000e+00
1.165430592720717584e-02
1.165430592720717584e-02
1.165430592720717584e-02
1.165430592720717584e-02
1.165430592720717584e-02
1.165430592720717584e-02
1.165430592720717584e-02
1.165430592720717584e-02
4.324893641338757935e-03
7.567499800357695150e-03
7.567499800357695150e-03
1.656786832132018869e-02
1.656786832132018869e-02
1.656786832132018869e-02
1.656786832132018869e-02
1.656786832132018869e-02
1.656786832132018869e-02
1.656786832132018869e-02
1.656786832132018869e-02
1.656786832132018869e-02
1.656786832132018869e-02
1.656786832132018869e-02
1.656786832132018869e-02
1.656786832132018869e-02
1.656786832132018869e-02
1.656786832132018869e-02
1.656786832132018869e-02
1.656786832132018869e-02
5.826477707801357153e-02
6.170340228396378746e-02
1.101117943569122209e-02
1.206668364403648379e-02
1.206668364403648379e-02
1.206668364403648379e-02
1.206668364403648379e-02
1.206668364403648379e-02
1.206668364403648379e-02
1.206668364403648379e-02
1.206668364403648379e-02
1.206668364403648379e-02
1.206668364403648379e-02
0.000000000000000000e+00
1.032911236372644273e-02
1.032911236372644273e-02
1.032911236372644273e-02
1.032911236372644273e-02
1.032911236372644273e-02
1.032911236372644273e-02
1.032911236372644273e-02
1.032911236372644273e-02
1.032911236372644273e-02
1.032911236372644273e-02
1.032911236372644273e-02
1.032911236372644273e-02
1.032911236372644273e-02
1.032911236372644273e-02
1.032911236372644273e-02
1.032911236372644273e-02
1.032911236372644273e-02
1.032911236372644273e-02
1.032911236372644273e-02
1.032911236372644273e-02
4.706042681105703646e-03
0.000000000000000000e+00
0.000000000000000000e+00
0.000000000000000000e+00
0.000000000000000000e+00
0.000000000000000000e+00
0.000000000000000000e+00
9.119349768883193777e-03
1.773705692328482811e-02
1.773705692328482811e-02
1.090020737546472905e-02
1.773705692328482811e-02
9.581602372583382377e-03
9.026704126281200752e-03
9.026704126281200752e-03
9.026704126281200752e-03
0.000000000000000000e+00
0.000000000000000000e+00
0.000000000000000000e+00
0.000000000000000000e+00
0.000000000000000000e+00
0.000000000000000000e+00
0.000000000000000000e+00
3.695347777859319359e-03
3.695347777859319359e-03
3.695347777859319359e-03
3.695347777859319359e-03
3.695347777859319359e-03
3.695347777859319359e-03
0.000000000000000000e+00
0.000000000000000000e+00
0.000000000000000000e+00
1.809531513223331094e-03
1.648936974233599848e-02
1.648936974233599848e-02
5.826477707801357153e-02
5.826477707801357153e-02
7.242683098972059474e-02
5.826477707801357153e-02
5.826477707801357153e-02
5.826477707801357153e-02
5.826477707801357153e-02
5.826477707801357153e-02
5.826477707801357153e-02
5.826477707801357153e-02
1.959184407962480737e-03
2.708959479785451319e-02
2.708959479785451319e-02
7.318323902108051296e-03
7.180785900062624551e-03
7.180785900062624551e-03
1.101117943569122209e-02
1.101117943569122209e-02
2.699255796985115113e-02
9.301396121802649967e-04
9.301396121802649967e-04
9.301396121802649967e-04
9.301396121802649967e-04
9.301396121802649967e-04
9.301396121802649967e-04
2.322060880219435977e-02
3.588047049578386993e-02
6.562442330082884565e-03
6.562442330082884565e-03
6.562442330082884565e-03
6.562442330082884565e-03
6.562442330082884565e-03
6.562442330082884565e-03
6.562442330082884565e-03
6.562442330082884565e-03
6.562442330082884565e-03
6.562442330082884565e-03
6.562442330082884565e-03
5.560539800167588198e-03
5.560539800167588198e-03
5.560539800167588198e-03
5.560539800167588198e-03
5.560539800167588198e-03
5.560539800167588198e-03
5.560539800167588198e-03
5.560539800167588198e-03
5.560539800167588198e-03
5.560539800167588198e-03
5.560539800167588198e-03
5.560539800167588198e-03
5.560539800167588198e-03
5.560539800167588198e-03
5.560539800167588198e-03
5.560539800167588198e-03
5.560539800167588198e-03
5.560539800167588198e-03
5.560539800167588198e-03
5.560539800167588198e-03
5.560539800167588198e-03
5.560539800167588198e-03
5.560539800167588198e-03
5.560539800167588198e-03
5.560539800167588198e-03
2.091652263079638377e-02
4.638862053867382623e-02
4.638862053867382623e-02
4.638862053867382623e-02
4.638862053867382623e-02
4.638862053867382623e-02
4.638862053867382623e-02
4.638862053867382623e-02
4.638862053867382623e-02
0.000000000000000000e+00
0.000000000000000000e+00
0.000000000000000000e+00
2.764575089129309507e-02
2.764575089129309507e-02
2.764575089129309507e-02
2.764575089129309507e-02
0.000000000000000000e+00
0.000000000000000000e+00
0.000000000000000000e+00
0.000000000000000000e+00
0.000000000000000000e+00
0.000000000000000000e+00
1.881228646611732237e-03
4.897728333207995721e-02
4.897728333207995721e-02
4.897728333207995721e-02
4.897728333207995721e-02
4.897728333207995721e-02
4.897728333207995721e-02
4.897728333207995721e-02
4.897728333207995721e-02
0.000000000000000000e+00
0.000000000000000000e+00
0.000000000000000000e+00
1.877179436450856012e-02
2.270769632122849116e-02
2.270769632122849116e-02
3.533764131173394198e-03
1.694637088701396802e-02
1.694637088701396802e-02
1.694637088701396802e-02
1.694637088701396802e-02
1.694637088701396802e-02
1.694637088701396802e-02
1.694637088701396802e-02
1.694637088701396802e-02
1.694637088701396802e-02
1.694637088701396802e-02
1.620497817560465417e-02
1.620497817560465417e-02
1.620497817560465417e-02
1.620497817560465417e-02
1.620497817560465417e-02
1.620497817560465417e-02
1.620497817560465417e-02
1.620497817560465417e-02
1.620497817560465417e-02
1.620497817560465417e-02
1.620497817560465417e-02
1.620497817560465417e-02
1.620497817560465417e-02
1.620497817560465417e-02
1.620497817560465417e-02
0.000000000000000000e+00
4.503742353077742899e-02
4.503742353077742899e-02
3.208956191503330169e-02
3.208956191503330169e-02
3.208956191503330169e-02
3.208956191503330169e-02
3.208956191503330169e-02
3.208956191503330169e-02
3.208956191503330169e-02
3.208956191503330169e-02
3.208956191503330169e-02
3.208956191503330169e-02
3.208956191503330169e-02
2.400951530099940459e-02
8.996402294905463462e-03
8.996402294905463462e-03
8.996402294905463462e-03
8.996402294905463462e-03
8.996402294905463462e-03
8.996402294905463462e-03
8.996402294905463462e-03
8.996402294905463462e-03
8.996402294905463462e-03
8.996402294905463462e-03
8.996402294905463462e-03
8.996402294905463462e-03
1.538513173443913258e-02
1.157089145924550949e-02
1.157089145924550949e-02
1.157089145924550949e-02
1.157089145924550949e-02
1.157089145924550949e-02
1.157089145924550949e-02
1.157089145924550949e-02
1.157089145924550949e-02
1.157089145924550949e-02
1.157089145924550949e-02
9.283431952423737074e-03
9.283431952423737074e-03
9.283431952423737074e-03
6.967451405209373590e-04
1.491896237050634177e-02
1.491896237050634177e-02
1.491896237050634177e-02
1.491896237050634177e-02
1.491896237050634177e-02
1.491896237050634177e-02
1.491896237050634177e-02
1.491896237050634177e-02
1.177965834376152113e-02
1.506856804222016927e-02
1.506856804222016927e-02
1.877179436450856012e-02
1.877179436450856012e-02
1.877179436450856012e-02
1.877179436450856012e-02
1.877179436450856012e-02
1.877179436450856012e-02
1.877179436450856012e-02
1.877179436450856012e-02
1.877179436450856012e-02
1.877179436450856012e-02
1.464752147075237300e-02
2.756842101891010532e-02
2.756842101891010532e-02
2.756842101891010532e-02
2.756842101891010532e-02
2.756842101891010532e-02
2.756842101891010532e-02
2.756842101891010532e-02
2.756842101891010532e-02
2.756842101891010532e-02
2.756842101891010532e-02
2.756842101891010532e-02
2.756842101891010532e-02
2.756842101891010532e-02
2.756842101891010532e-02
2.831635216627416407e-02
0.000000000000000000e+00
0.000000000000000000e+00
1.491492196235856896e-02
1.491492196235856896e-02
1.491492196235856896e-02
1.491492196235856896e-02
1.491492196235856896e-02
1.491492196235856896e-02
1.491492196235856896e-02
1.491492196235856896e-02
1.549925784156030995e-02
7.942669225188870447e-03
7.942669225188870447e-03
7.942669225188870447e-03
7.942669225188870447e-03
7.942669225188870447e-03
7.942669225188870447e-03
7.942669225188870447e-03
7.942669225188870447e-03
2.042216720597408303e-02
2.015242637096422568e-02
2.015242637096422568e-02
2.015242637096422568e-02
2.015242637096422568e-02
2.015242637096422568e-02
2.015242637096422568e-02
2.015242637096422568e-02
2.015242637096422568e-02
2.558358564591969864e-02
0.000000000000000000e+00
0.000000000000000000e+00
0.000000000000000000e+00
0.000000000000000000e+00
0.000000000000000000e+00
0.000000000000000000e+00
0.000000000000000000e+00
0.000000000000000000e+00
0.000000000000000000e+00
5.869038165755014781e-03
2.116088093021230385e-03
2.116088093021230385e-03
2.116088093021230385e-03
2.116088093021230385e-03
2.116088093021230385e-03
2.116088093021230385e-03
2.116088093021230385e-03
2.116088093021230385e-03
1.286918408911857893e-03
8.389111893007812973e-03
8.389111893007812973e-03
8.389111893007812973e-03
8.389111893007812973e-03
8.389111893007812973e-03
8.389111893007812973e-03
8.389111893007812973e-03
8.389111893007812973e-03
8.389111893007812973e-03
8.389111893007812973e-03
2.381947429643534175e-02
2.381947429643534175e-02
1.826346504217706695e-02
4.528876294661081381e-03
4.528876294661081381e-03
4.528876294661081381e-03
4.528876294661081381e-03
4.528876294661081381e-03
4.528876294661081381e-03
6.063320259240433455e-03
0.000000000000000000e+00
0.000000000000000000e+00
0.000000000000000000e+00
0.000000000000000000e+00
0.000000000000000000e+00
0.000000000000000000e+00
0.000000000000000000e+00
0.000000000000000000e+00
1.218004903639457147e-02
5.387565341695879466e-03
5.387565341695879466e-03
5.387565341695879466e-03
7.166072593970552324e-03
7.166072593970552324e-03
7.166072593970552324e-03
7.166072593970552324e-03
7.166072593970552324e-03
7.166072593970552324e-03
7.166072593970552324e-03
7.166072593970552324e-03
8.898783887621858346e-03
0.000000000000000000e+00
0.000000000000000000e+00
0.000000000000000000e+00
0.000000000000000000e+00
0.000000000000000000e+00
0.000000000000000000e+00
0.000000000000000000e+00
0.000000000000000000e+00
0.000000000000000000e+00
0.000000000000000000e+00
0.000000000000000000e+00
0.000000000000000000e+00
0.000000000000000000e+00
0.000000000000000000e+00
0.000000000000000000e+00
0.000000000000000000e+00
0.000000000000000000e+00
0.000000000000000000e+00
0.000000000000000000e+00
0.000000000000000000e+00
0.000000000000000000e+00
0.000000000000000000e+00
5.612116372388591644e-03
5.612116372388591644e-03
5.612116372388591644e-03
5.612116372388591644e-03
5.612116372388591644e-03
5.612116372388591644e-03
5.612116372388591644e-03
5.612116372388591644e-03
5.612116372388591644e-03
5.612116372388591644e-03
5.612116372388591644e-03
5.612116372388591644e-03
5.612116372388591644e-03
0.000000000000000000e+00
5.336562613686402466e-03
5.336562613686402466e-03
5.489402138241614333e-03
9.038454801840347178e-03
5.616577567345050481e-03
5.616577567345050481e-03
5.616577567345050481e-03
5.616577567345050481e-03
1.254636460982925562e-02
1.254636460982925562e-02
1.254636460982925562e-02
1.254636460982925562e-02
1.254636460982925562e-02
1.254636460982925562e-02
1.052912166017639511e-02
1.052912166017639511e-02
1.052912166017639511e-02
1.052912166017639511e-02
1.052912166017639511e-02
1.052912166017639511e-02
1.052912166017639511e-02
1.052912166017639511e-02
1.052912166017639511e-02
1.052912166017639511e-02
1.052912166017639511e-02
1.052912166017639511e-02
0.000000000000000000e+00
0.000000000000000000e+00
0.000000000000000000e+00
2.042216720597408303e-02
2.042216720597408303e-02
5.679568675243732573e-02
5.679568675243732573e-02
5.679568675243732573e-02
5.679568675243732573e-02
5.679568675243732573e-02
5.679568675243732573e-02
1.177965834376152113e-02
5.953413562149351655e-03
5.953413562149351655e-03
5.953413562149351655e-03
5.953413562149351655e-03
5.953413562149351655e-03
5.953413562149351655e-03
5.953413562149351655e-03
5.953413562149351655e-03
5.953413562149351655e-03
5.953413562149351655e-03
5.953413562149351655e-03
5.953413562149351655e-03
5.953413562149351655e-03
5.953413562149351655e-03
9.679577518486585236e-03
7.132508568422492312e-03
0.000000000000000000e+00
0.000000000000000000e+00
0.000000000000000000e+00
0.000000000000000000e+00
0.000000000000000000e+00
0.000000000000000000e+00
0.000000000000000000e+00
0.000000000000000000e+00
0.000000000000000000e+00
2.558358564591969864e-02
2.558358564591969864e-02
2.558358564591969864e-02
2.558358564591969864e-02
2.558358564591969864e-02
2.558358564591969864e-02
6.255494129107592137e-03
1.366078882464535731e-02
1.366078882464535731e-02
1.366078882464535731e-02
1.366078882464535731e-02
1.366078882464535731e-02
1.366078882464535731e-02
1.366078882464535731e-02
1.551990504273632020e-02
1.790452565491316983e-02
1.790452565491316983e-02
1.790452565491316983e-02
1.790452565491316983e-02
1.790452565491316983e-02
1.790452565491316983e-02
1.790452565491316983e-02
1.790452565491316983e-02
1.790452565491316983e-02
1.790452565491316983e-02
1.790452565491316983e-02
1.790452565491316983e-02
1.790452565491316983e-02
1.790452565491316983e-02
1.790452565491316983e-02
1.790452565491316983e-02
1.790452565491316983e-02
1.790452565491316983e-02
1.637996119656715682e-02
2.881227584940009717e-02
2.881227584940009717e-02
2.881227584940009717e-02
2.881227584940009717e-02
2.881227584940009717e-02
8.949580548243976641e-03
8.455165505488582145e-03
8.455165505488582145e-03
8.455165505488582145e-03
8.455165505488582145e-03
8.455165505488582145e-03
8.455165505488582145e-03
1.302673570562965823e-02
8.665446463288054013e-03
1.908425936438126053e-02
1.908425936438126053e-02
1.908425936438126053e-02
1.908425936438126053e-02
0.000000000000000000e+00
0.000000000000000000e+00
0.000000000000000000e+00
0.000000000000000000e+00
0.000000000000000000e+00
3.671284035326351225e-02
3.671284035326351225e-02
3.671284035326351225e-02
3.671284035326351225e-02
3.860465868374300842e-03
3.715026368116056805e-04
1.294349384753187490e-02
1.294349384753187490e-02
1.294349384753187490e-02
1.294349384753187490e-02
1.294349384753187490e-02
1.294349384753187490e-02
1.294349384753187490e-02
1.294349384753187490e-02
1.620265318097857590e-03
1.620265318097857590e-03
1.620265318097857590e-03
1.620265318097857590e-03
1.620265318097857590e-03
1.620265318097857590e-03
0.000000000000000000e+00
0.000000000000000000e+00
0.000000000000000000e+00
0.000000000000000000e+00
0.000000000000000000e+00
0.000000000000000000e+00
0.000000000000000000e+00
5.350574307394602262e-03
5.350574307394602262e-03
5.350574307394602262e-03
5.350574307394602262e-03
5.350574307394602262e-03
5.350574307394602262e-03
5.350574307394602262e-03
5.350574307394602262e-03
5.350574307394602262e-03
5.350574307394602262e-03
5.350574307394602262e-03
5.350574307394602262e-03
5.350574307394602262e-03
5.350574307394602262e-03
5.350574307394602262e-03
8.650843669876078293e-03
8.650843669876078293e-03
8.650843669876078293e-03
8.650843669876078293e-03
8.650843669876078293e-03
8.650843669876078293e-03
8.650843669876078293e-03
8.650843669876078293e-03
8.650843669876078293e-03
8.650843669876078293e-03
8.665446463288054013e-03
8.665446463288054013e-03
8.665446463288054013e-03
8.665446463288054013e-03
8.665446463288054013e-03
8.665446463288054013e-03
8.665446463288054013e-03
8.665446463288054013e-03
8.665446463288054013e-03
8.665446463288054013e-03
8.665446463288054013e-03
8.665446463288054013e-03
8.665446463288054013e-03
8.665446463288054013e-03
8.665446463288054013e-03
8.665446463288054013e-03
4.689863788052619359e-02
2.879067062253704706e-02
2.879067062253704706e-02
6.843313964043044352e-03
0.000000000000000000e+00
0.000000000000000000e+00
0.000000000000000000e+00
2.090935354947815600e-02
1.391939333703831952e-02
1.391939333703831952e-02
1.391939333703831952e-02
1.391939333703831952e-02
1.391939333703831952e-02
0.000000000000000000e+00
0.000000000000000000e+00
0.000000000000000000e+00
0.000000000000000000e+00
0.000000000000000000e+00
0.000000000000000000e+00
0.000000000000000000e+00
0.000000000000000000e+00
0.000000000000000000e+00
3.449678342729875589e-03
0.000000000000000000e+00
0.000000000000000000e+00
0.000000000000000000e+00
6.463096444296725918e-03
8.354805238531685593e-03
2.441752523083553714e-02
2.441752523083553714e-02
2.441752523083553714e-02
2.441752523083553714e-02
2.441752523083553714e-02
2.441752523083553714e-02
9.038454801840347178e-03
4.282757819227378526e-03
4.282757819227378526e-03
4.282757819227378526e-03
4.282757819227378526e-03
1.260249735342055914e-02
1.082596117850034845e-02
1.082596117850034845e-02
1.082596117850034845e-02
4.442440847621949990e-02
4.442440847621949990e-02
4.442440847621949990e-02
4.442440847621949990e-02
4.442440847621949990e-02
4.021602829791394440e-02
4.442440847621949990e-02
4.442440847621949990e-02
4.442440847621949990e-02
0.000000000000000000e+00
2.181744939947468168e-02
2.181744939947468168e-02
2.181744939947468168e-02
2.181744939947468168e-02
2.181744939947468168e-02
2.181744939947468168e-02
1.416909309198170069e-02
3.664028082769325411e-03
3.664028082769325411e-03
3.664028082769325411e-03
3.664028082769325411e-03
3.664028082769325411e-03
3.664028082769325411e-03
1.075323170536293671e-02
6.686440402559894365e-03
6.686440402559894365e-03
2.090935354947815600e-02
2.664287753370749457e-03
8.306297824794545842e-03
8.306297824794545842e-03
8.306297824794545842e-03
8.306297824794545842e-03
8.306297824794545842e-03
8.306297824794545842e-03
8.306297824794545842e-03
8.306297824794545842e-03
8.306297824794545842e-03
8.306297824794545842e-03
8.306297824794545842e-03
8.306297824794545842e-03
6.103875885671446871e-02
7.796667908172091876e-02
7.796667908172091876e-02
0.000000000000000000e+00
8.216500334090045404e-03
8.216500334090045404e-03
8.216500334090045404e-03
2.682537027820872371e-03
2.682537027820872371e-03
2.682537027820872371e-03
2.682537027820872371e-03
2.682537027820872371e-03
2.682537027820872371e-03
2.682537027820872371e-03
2.682537027820872371e-03
2.431929317023324988e-02
0.000000000000000000e+00
0.000000000000000000e+00
0.000000000000000000e+00
0.000000000000000000e+00
2.160122672392253418e-02
2.160122672392253418e-02
0.000000000000000000e+00
6.784643540607699752e-05
7.730506635778831327e-03
7.730506635778831327e-03
7.730506635778831327e-03
7.730506635778831327e-03
7.730506635778831327e-03
7.730506635778831327e-03
2.634153653765375705e-02
1.965297690523732863e-02
1.965297690523732863e-02
1.965297690523732863e-02
1.965297690523732863e-02
5.208552431966419205e-02
5.208552431966419205e-02
5.208552431966419205e-02
5.208552431966419205e-02
1.829036299157559865e-03
1.829036299157559865e-03
1.829036299157559865e-03
1.829036299157559865e-03
1.829036299157559865e-03
1.829036299157559865e-03
0.000000000000000000e+00
0.000000000000000000e+00
0.000000000000000000e+00
0.000000000000000000e+00
0.000000000000000000e+00
0.000000000000000000e+00
0.000000000000000000e+00
0.000000000000000000e+00
0.000000000000000000e+00
0.000000000000000000e+00
0.000000000000000000e+00
0.000000000000000000e+00
5.840508667120755670e-02
2.299032020123870784e-02
2.299032020123870784e-02
2.299032020123870784e-02
2.299032020123870784e-02
2.299032020123870784e-02
2.299032020123870784e-02
2.299032020123870784e-02
2.299032020123870784e-02
1.282758169059870952e-02
1.734963798900458071e-02
1.734963798900458071e-02
1.734963798900458071e-02
1.734963798900458071e-02
0.000000000000000000e+00
4.495969675235549773e-02
4.495969675235549773e-02
4.495969675235549773e-02
4.495969675235549773e-02
4.495969675235549773e-02
4.495969675235549773e-02
4.495969675235549773e-02
4.495969675235549773e-02
4.495969675235549773e-02
4.495969675235549773e-02
0.000000000000000000e+00
0.000000000000000000e+00
0.000000000000000000e+00
0.000000000000000000e+00
0.000000000000000000e+00
0.000000000000000000e+00
0.000000000000000000e+00
0.000000000000000000e+00
0.000000000000000000e+00
0.000000000000000000e+00
0.000000000000000000e+00
0.000000000000000000e+00
0.000000000000000000e+00
3.847095933737656667e-03
3.847095933737656667e-03
3.847095933737656667e-03
3.847095933737656667e-03
3.847095933737656667e-03
3.847095933737656667e-03
3.847095933737656667e-03
3.847095933737656667e-03
3.847095933737656667e-03
3.847095933737656667e-03
3.847095933737656667e-03
3.847095933737656667e-03
3.847095933737656667e-03
3.847095933737656667e-03
3.847095933737656667e-03
1.520985784878447350e-02
1.520985784878447350e-02
1.520985784878447350e-02
1.520985784878447350e-02
1.520985784878447350e-02
1.520985784878447350e-02
1.520985784878447350e-02
1.520985784878447350e-02
1.520985784878447350e-02
1.520985784878447350e-02
1.520985784878447350e-02
1.520985784878447350e-02
1.520985784878447350e-02
0.000000000000000000e+00
0.000000000000000000e+00
0.000000000000000000e+00
1.161771771635202247e-02
1.610709184179583836e-02
1.610709184179583836e-02
1.610709184179583836e-02
1.610709184179583836e-02
5.485438955334223654e-03
5.485438955334223654e-03
5.485438955334223654e-03
5.485438955334223654e-03
2.623771905374489011e-02
1.285860630935540573e-02
1.285860630935540573e-02
1.285860630935540573e-02
1.285860630935540573e-02
1.285860630935540573e-02
1.285860630935540573e-02
1.285860630935540573e-02
1.285860630935540573e-02
4.238224131436977432e-02
4.473807723804813785e-02
4.473807723804813785e-02
4.473807723804813785e-02
4.473807723804813785e-02
5.035505625057446616e-02
4.601368471145658029e-02
2.068797218531651452e-02
1.499937402192067122e-02
2.091736803065695829e-02
2.091736803065695829e-02
2.091736803065695829e-02
2.091736803065695829e-02
2.091736803065695829e-02
1.499937402192067122e-02
1.499937402192067122e-02
1.499937402192067122e-02
2.033154098031700503e-03
2.532620230467649489e-02
2.532620230467649489e-02
2.532620230467649489e-02
7.722085577925228133e-05
3.474586263836078846e-03
3.474586263836078846e-03
3.474586263836078846e-03
4.453754064983622002e-02
4.453754064983622002e-02
4.453754064983622002e-02
4.453754064983622002e-02
4.453754064983622002e-02
4.453754064983622002e-02
4.453754064983622002e-02
4.453754064983622002e-02
4.453754064983622002e-02
4.453754064983622002e-02
4.453754064983622002e-02
4.453754064983622002e-02
4.453754064983622002e-02
4.134571156207403862e-03
4.134571156207403862e-03
4.134571156207403862e-03
4.134571156207403862e-03
1.753062439652909241e-02
9.644179292224096603e-03
9.644179292224096603e-03
9.644179292224096603e-03
9.644179292224096603e-03
3.155971914892393218e-03
3.420765414521459782e-03
3.420765414521459782e-03
3.420765414521459782e-03
3.420765414521459782e-03
3.420765414521459782e-03
3.420765414521459782e-03
3.420765414521459782e-03
3.420765414521459782e-03
4.535694619367698632e-02
0.000000000000000000e+00
0.000000000000000000e+00
0.000000000000000000e+00
0.000000000000000000e+00
0.000000000000000000e+00
0.000000000000000000e+00
0.000000000000000000e+00
0.000000000000000000e+00
2.033183540540065351e-02
1.679103735949893927e-02
1.826346504217706695e-02
1.826346504217706695e-02
1.826346504217706695e-02
1.826346504217706695e-02
0.000000000000000000e+00
6.575165259686161466e-03
4.033401378592921943e-02
5.665626370893443731e-02
6.575165259686161466e-03
6.575165259686161466e-03
6.575165259686161466e-03
6.575165259686161466e-03
6.575165259686161466e-03
6.575165259686161466e-03
6.575165259686161466e-03
6.575165259686161466e-03
6.575165259686161466e-03
8.613631616347922418e-03
2.322060880219435977e-02
2.322060880219435977e-02
2.322060880219435977e-02
2.541933621293853210e-02
3.477591398627841862e-02
3.477591398627841862e-02
3.477591398627841862e-02
3.477591398627841862e-02
1.341767111565313718e-02
1.341767111565313718e-02
0.000000000000000000e+00
2.576297822247070740e-02
2.576297822247070740e-02
2.576297822247070740e-02
2.576297822247070740e-02
2.576297822247070740e-02
0.000000000000000000e+00
0.000000000000000000e+00
0.000000000000000000e+00
0.000000000000000000e+00
2.699255796985115113e-02
5.482735389619022848e-02
2.033154098031700503e-03
2.033154098031700503e-03
2.033154098031700503e-03
3.363952842341182831e-02
1.660460615807719115e-02
1.660460615807719115e-02
1.347232367024139496e-02
1.347232367024139496e-02
1.347232367024139496e-02
1.347232367024139496e-02
1.347232367024139496e-02
1.347232367024139496e-02
1.347232367024139496e-02
1.458421688211172275e-02
1.347232367024139496e-02
1.347232367024139496e-02
1.347232367024139496e-02
1.517912172292940716e-03
1.517912172292940716e-03
1.517912172292940716e-03
1.517912172292940716e-03
1.517912172292940716e-03
1.517912172292940716e-03
1.192681970510348251e-02
9.015897055539144611e-03
1.665243722508416568e-02
1.665243722508416568e-02
1.665243722508416568e-02
1.665243722508416568e-02
0.000000000000000000e+00
1.518170933249667238e-02
1.518170933249667238e-02
1.518170933249667238e-02
1.518170933249667238e-02
1.518170933249667238e-02
1.518170933249667238e-02
1.518170933249667238e-02
1.518170933249667238e-02
1.903878389055195172e-02
0.000000000000000000e+00
0.000000000000000000e+00
1.757458457406992081e-02
3.111611929858636161e-02
3.111611929858636161e-02
3.111611929858636161e-02
3.111611929858636161e-02
4.765967971785988778e-03
4.765967971785988778e-03
4.765967971785988778e-03
4.765967971785988778e-03
2.340472937971220350e-03
1.203693721796510185e-03
1.203693721796510185e-03
1.203693721796510185e-03
1.203693721796510185e-03
1.203693721796510185e-03
1.203693721796510185e-03
8.281314572447984537e-03
8.281314572447984537e-03
8.281314572447984537e-03
8.281314572447984537e-03
8.281314572447984537e-03
8.281314572447984537e-03
8.281314572447984537e-03
8.281314572447984537e-03
8.281314572447984537e-03
8.281314572447984537e-03
8.281314572447984537e-03
2.466885918157823640e-02
1.584309741662710130e-02
1.584309741662710130e-02
1.584309741662710130e-02
1.584309741662710130e-02
1.584309741662710130e-02
1.584309741662710130e-02
1.584309741662710130e-02
2.695826529498943080e-03
1.618906923650162422e-02
1.618906923650162422e-02
1.618906923650162422e-02
1.618906923650162422e-02
1.618906923650162422e-02
1.618906923650162422e-02
1.618906923650162422e-02
1.618906923650162422e-02
1.618906923650162422e-02
1.618906923650162422e-02
0.000000000000000000e+00
7.265799382173604264e-03
7.265799382173604264e-03
7.265799382173604264e-03
7.265799382173604264e-03
7.265799382173604264e-03
7.265799382173604264e-03
1.275123516048775642e-02
1.275123516048775642e-02
1.275123516048775642e-02
1.275123516048775642e-02
6.255494129107592137e-03
6.255494129107592137e-03
6.255494129107592137e-03
6.255494129107592137e-03
6.255494129107592137e-03
6.255494129107592137e-03
7.749442736220855596e-03
7.749442736220855596e-03
7.749442736220855596e-03
7.749442736220855596e-03
7.749442736220855596e-03
7.749442736220855596e-03
7.749442736220855596e-03
7.749442736220855596e-03
7.749442736220855596e-03
7.749442736220855596e-03
7.749442736220855596e-03
1.609609875897619058e-02
1.194931223045301097e-02
1.194931223045301097e-02
1.194931223045301097e-02
1.194931223045301097e-02
1.194931223045301097e-02
1.194931223045301097e-02
1.194931223045301097e-02
1.194931223045301097e-02
2.017407944544842568e-02
2.017407944544842568e-02
0.000000000000000000e+00
0.000000000000000000e+00
0.000000000000000000e+00
0.000000000000000000e+00
1.835808084532591922e-02
1.835808084532591922e-02
1.835808084532591922e-02
1.835808084532591922e-02
1.835808084532591922e-02
1.835808084532591922e-02
1.835808084532591922e-02
1.835808084532591922e-02
1.835808084532591922e-02
1.835808084532591922e-02
7.948982979136050286e-03
0.000000000000000000e+00
0.000000000000000000e+00
0.000000000000000000e+00
0.000000000000000000e+00
0.000000000000000000e+00
0.000000000000000000e+00
0.000000000000000000e+00
0.000000000000000000e+00
1.320885217276091157e-03
0.000000000000000000e+00
0.000000000000000000e+00
0.000000000000000000e+00
0.000000000000000000e+00
0.000000000000000000e+00
0.000000000000000000e+00
0.000000000000000000e+00
0.000000000000000000e+00
0.000000000000000000e+00
1.320885217276091157e-03
1.320885217276091157e-03
1.358128203448702616e-02
1.358128203448702616e-02
1.358128203448702616e-02
1.358128203448702616e-02
1.358128203448702616e-02
1.358128203448702616e-02
1.358128203448702616e-02
1.358128203448702616e-02
1.358128203448702616e-02
1.358128203448702616e-02
1.358128203448702616e-02
1.358128203448702616e-02
1.358128203448702616e-02
8.629976326562784766e-03
8.354678451220214769e-03
8.354678451220214769e-03
8.354678451220214769e-03
8.354678451220214769e-03
8.354678451220214769e-03
8.354678451220214769e-03
8.354678451220214769e-03
8.354678451220214769e-03
8.354678451220214769e-03
8.354678451220214769e-03
8.354678451220214769e-03
8.354678451220214769e-03
8.354678451220214769e-03
8.354678451220214769e-03
8.354678451220214769e-03
8.354678451220214769e-03
5.866447098943642670e-03
8.648983952339346984e-03
8.648983952339346984e-03
3.486912821669536661e-03
2.541933621293853210e-02
2.541933621293853210e-02
2.541933621293853210e-02
2.541933621293853210e-02
2.541933621293853210e-02
2.541933621293853210e-02
2.541933621293853210e-02
3.751106566306396887e-03
2.484129202369055392e-02
2.484129202369055392e-02
2.097775631149586401e-02
2.705850563910860984e-02
2.705850563910860984e-02
4.020641854230461686e-03
1.327120880853731484e-02
1.327120880853731484e-02
1.327120880853731484e-02
1.327120880853731484e-02
1.327120880853731484e-02
1.327120880853731484e-02
1.327120880853731484e-02
1.327120880853731484e-02
1.327120880853731484e-02
1.327120880853731484e-02
0.000000000000000000e+00
8.949580548243976641e-03
3.608268274959301747e-02
3.328208861057720125e-02
3.328208861057720125e-02
3.328208861057720125e-02
3.328208861057720125e-02
1.374643728799720271e-02
3.818424395619580969e-02
3.818424395619580969e-02
1.100067676221260123e-02
2.480408635342656182e-02
1.392896152722789167e-02
1.401359156884094889e-02
1.401359156884094889e-02
1.401359156884094889e-02
1.401359156884094889e-02
3.772422811654350602e-03
1.588532444191918108e-02
1.588532444191918108e-02
1.588532444191918108e-02
1.111027371814685138e-02
1.111027371814685138e-02
1.318066182708113251e-02
1.322338122422676496e-02
1.322338122422676496e-02
1.322338122422676496e-02
3.143576181630695909e-02
3.143576181630695909e-02
3.143576181630695909e-02
3.143576181630695909e-02
3.143576181630695909e-02
3.143576181630695909e-02
3.143576181630695909e-02
3.143576181630695909e-02
3.143576181630695909e-02
3.143576181630695909e-02
0.000000000000000000e+00
0.000000000000000000e+00
0.000000000000000000e+00
1.318066182708113251e-02
1.318066182708113251e-02
7.623199384875966808e-03
7.623199384875966808e-03
7.623199384875966808e-03
7.623199384875966808e-03
7.623199384875966808e-03
7.623199384875966808e-03
7.623199384875966808e-03
7.623199384875966808e-03
7.623199384875966808e-03
7.623199384875966808e-03
4.897411672390784149e-02
3.922741617836308231e-02
3.922741617836308231e-02
3.922741617836308231e-02
3.922741617836308231e-02
3.922741617836308231e-02
2.865041027131765700e-02
4.059879830057933590e-03
4.059879830057933590e-03
4.059879830057933590e-03
4.059879830057933590e-03
4.059879830057933590e-03
4.059879830057933590e-03
4.059879830057933590e-03
4.059879830057933590e-03
4.059879830057933590e-03
4.059879830057933590e-03
4.059879830057933590e-03
4.059879830057933590e-03
4.059879830057933590e-03
4.059879830057933590e-03
4.059879830057933590e-03
4.059879830057933590e-03
4.059879830057933590e-03
4.059879830057933590e-03
4.059879830057933590e-03
4.059879830057933590e-03
4.059879830057933590e-03
4.059879830057933590e-03
2.068797218531651452e-02
1.530014568688830602e-02
1.530014568688830602e-02
2.124301245123899964e-02
1.705195743786261722e-02
1.705195743786261722e-02
1.705195743786261722e-02
0.000000000000000000e+00
8.777876687740101191e-04
8.777876687740101191e-04
8.777876687740101191e-04
8.777876687740101191e-04
8.777876687740101191e-04
8.777876687740101191e-04
8.777876687740101191e-04
8.777876687740101191e-04
8.777876687740101191e-04
8.777876687740101191e-04
1.430131285528876521e-02
6.304151846130180703e-03
6.304151846130180703e-03
6.304151846130180703e-03
6.304151846130180703e-03
6.304151846130180703e-03
6.304151846130180703e-03
6.304151846130180703e-03
6.304151846130180703e-03
6.304151846130180703e-03
6.304151846130180703e-03
0.000000000000000000e+00
1.183015128532326037e-02
1.183015128532326037e-02
1.183015128532326037e-02
1.183015128532326037e-02
1.183015128532326037e-02
1.183015128532326037e-02
1.183015128532326037e-02
1.183015128532326037e-02
1.183015128532326037e-02
1.183015128532326037e-02
1.183015128532326037e-02
1.183015128532326037e-02
2.048597099394874888e-02
2.644108750477165010e-02
2.644108750477165010e-02
0.000000000000000000e+00
0.000000000000000000e+00
0.000000000000000000e+00
1.594379602088475539e-02
6.650578786598946440e-03
6.650578786598946440e-03
6.650578786598946440e-03
6.650578786598946440e-03
6.650578786598946440e-03
6.650578786598946440e-03
6.650578786598946440e-03
6.650578786598946440e-03
6.650578786598946440e-03
6.650578786598946440e-03
9.015897055539144611e-03
3.430733306359724961e-03
3.430733306359724961e-03
3.430733306359724961e-03
3.430733306359724961e-03
3.430733306359724961e-03
3.430733306359724961e-03
3.430733306359724961e-03
3.430733306359724961e-03
3.694162553344010336e-02
0.000000000000000000e+00
0.000000000000000000e+00
0.000000000000000000e+00
0.000000000000000000e+00
2.735651204551140317e-02
4.680097161014513257e-02
4.680097161014513257e-02
4.680097161014513257e-02
4.680097161014513257e-02
4.680097161014513257e-02
4.680097161014513257e-02
9.344065233899522666e-05
1.059449374263191253e-02
4.022178683172400113e-03
4.362192795552648043e-03
4.362192795552648043e-03
4.362192795552648043e-03
4.362192795552648043e-03
4.362192795552648043e-03
4.362192795552648043e-03
4.362192795552648043e-03
4.362192795552648043e-03
4.362192795552648043e-03
4.362192795552648043e-03
4.362192795552648043e-03
4.362192795552648043e-03
4.362192795552648043e-03
4.362192795552648043e-03
1.357134991047975227e-02
2.173378475632700441e-03
2.173378475632700441e-03
8.835039043315727134e-03
8.631707412590517922e-03
8.631707412590517922e-03
0.000000000000000000e+00
8.629976326562784766e-03
8.629976326562784766e-03
8.629976326562784766e-03
2.097775631149586401e-02
4.836913613002855050e-03
2.111373276372014406e-03
6.204689911368708143e-03
1.039273647191298749e-02
1.039273647191298749e-02
1.039273647191298749e-02
1.039273647191298749e-02
1.039273647191298749e-02
1.039273647191298749e-02
1.538513173443913258e-02
1.538513173443913258e-02
1.193341381526715275e-02
2.400951530099940459e-02
4.200140170795289146e-02
3.464630898349871369e-02
3.464630898349871369e-02
3.464630898349871369e-02
3.464630898349871369e-02
3.464630898349871369e-02
3.464630898349871369e-02
3.464630898349871369e-02
3.464630898349871369e-02
1.552642242547526592e-02
0.000000000000000000e+00
5.087316226516301609e-02
5.087316226516301609e-02
5.087316226516301609e-02
5.087316226516301609e-02
5.087316226516301609e-02
5.087316226516301609e-02
5.087316226516301609e-02
5.087316226516301609e-02
2.279769393029332930e-02
2.279769393029332930e-02
2.279769393029332930e-02
2.279769393029332930e-02
2.279769393029332930e-02
2.279769393029332930e-02
2.279769393029332930e-02
2.279769393029332930e-02
2.279769393029332930e-02
2.279769393029332930e-02
2.279769393029332930e-02
2.279769393029332930e-02
2.279769393029332930e-02
2.279769393029332930e-02
2.279769393029332930e-02
2.279769393029332930e-02
2.279769393029332930e-02
5.352786453173448422e-02
5.882095573585413573e-02
5.882095573585413573e-02
5.882095573585413573e-02
5.882095573585413573e-02
5.882095573585413573e-02
5.882095573585413573e-02
2.357980063877833724e-02
5.913092168119526981e-03
5.913092168119526981e-03
5.913092168119526981e-03
5.913092168119526981e-03
5.913092168119526981e-03
5.913092168119526981e-03
5.913092168119526981e-03
5.913092168119526981e-03
5.913092168119526981e-03
5.913092168119526981e-03
5.913092168119526981e-03
5.913092168119526981e-03
5.708667499678139311e-04
5.708667499678139311e-04
5.708667499678139311e-04
5.708667499678139311e-04
5.708667499678139311e-04
5.708667499678139311e-04
5.708667499678139311e-04
5.708667499678139311e-04
5.708667499678139311e-04
5.708667499678139311e-04
0.000000000000000000e+00
0.000000000000000000e+00
0.000000000000000000e+00
0.000000000000000000e+00
0.000000000000000000e+00
6.154987813090428972e-03
6.154987813090428972e-03
3.166184545129791840e-03
1.839108916815397968e-02
1.282758169059870952e-02
1.282758169059870952e-02
1.282758169059870952e-02
1.282758169059870952e-02
1.282758169059870952e-02
1.282758169059870952e-02
1.282758169059870952e-02
1.282758169059870952e-02
1.282758169059870952e-02
1.282758169059870952e-02
1.599645265081754350e-02
1.599645265081754350e-02
1.599645265081754350e-02
1.599645265081754350e-02
1.599645265081754350e-02
1.599645265081754350e-02
1.599645265081754350e-02
1.599645265081754350e-02
1.599645265081754350e-02
1.599645265081754350e-02
1.599645265081754350e-02
2.623771905374489011e-02
1.039213566472846004e-02
1.039213566472846004e-02
1.039213566472846004e-02
1.039213566472846004e-02
1.039213566472846004e-02
1.039213566472846004e-02
1.039213566472846004e-02
1.039213566472846004e-02
1.039213566472846004e-02
1.039213566472846004e-02
1.039213566472846004e-02
1.039213566472846004e-02
1.039213566472846004e-02
1.039213566472846004e-02
1.442121800582678098e-04
1.853129919174398635e-02
3.618648914047170335e-03
1.853129919174398635e-02
1.853129919174398635e-02
1.853129919174398635e-02
1.853129919174398635e-02
1.853129919174398635e-02
1.853129919174398635e-02
1.853129919174398635e-02
1.853129919174398635e-02
1.853129919174398635e-02
1.853129919174398635e-02
1.853129919174398635e-02
1.853129919174398635e-02
1.853129919174398635e-02
2.947748710125681904e-02
7.528432768932306549e-03
7.528432768932306549e-03
7.528432768932306549e-03
7.528432768932306549e-03
7.528432768932306549e-03
7.528432768932306549e-03
7.528432768932306549e-03
7.528432768932306549e-03
8.487129575462026496e-03
2.076239512174360771e-03
2.076239512174360771e-03
2.076239512174360771e-03
2.076239512174360771e-03
2.076239512174360771e-03
2.076239512174360771e-03
2.076239512174360771e-03
2.076239512174360771e-03
2.076239512174360771e-03
2.076239512174360771e-03
2.076239512174360771e-03
2.076239512174360771e-03
2.076239512174360771e-03
2.076239512174360771e-03
4.424272140425581680e-03
3.788526459891810791e-03
3.788526459891810791e-03
3.788526459891810791e-03
3.788526459891810791e-03
3.788526459891810791e-03
3.788526459891810791e-03
3.788526459891810791e-03
3.788526459891810791e-03
3.788526459891810791e-03
3.788526459891810791e-03
3.788526459891810791e-03
3.788526459891810791e-03
3.788526459891810791e-03
3.788526459891810791e-03
3.788526459891810791e-03
3.788526459891810791e-03
3.788526459891810791e-03
3.788526459891810791e-03
6.784643540607699752e-05
6.784643540607699752e-05
6.784643540607699752e-05
6.784643540607699752e-05
6.367719217060696657e-02
8.226339319175260401e-02
8.226339319175260401e-02
8.226339319175260401e-02
8.226339319175260401e-02
8.226339319175260401e-02
8.226339319175260401e-02
1.101924234370336292e-02
9.447778205765769433e-03
9.447778205765769433e-03
1.260249735342055914e-02
1.260249735342055914e-02
1.260249735342055914e-02
1.260249735342055914e-02
1.442121800582678098e-04
1.442121800582678098e-04
2.630138258245210987e-03
1.377995638908877281e-02
1.377995638908877281e-02
6.492147628682651272e-03
6.692109488890562487e-03
6.692109488890562487e-03
6.692109488890562487e-03
6.692109488890562487e-03
6.692109488890562487e-03
6.692109488890562487e-03
6.692109488890562487e-03
6.692109488890562487e-03
7.724375806061393318e-03
1.549680325080423152e-02
1.549680325080423152e-02
7.242683098972059474e-02
0.000000000000000000e+00
2.665778062024395240e-02
2.665778062024395240e-02
2.665778062024395240e-02
2.665778062024395240e-02
2.665778062024395240e-02
2.665778062024395240e-02
2.665778062024395240e-02
2.665778062024395240e-02
2.665778062024395240e-02
2.665778062024395240e-02
5.685936773375210168e-02
4.649106970028381303e-02
4.649106970028381303e-02
4.649106970028381303e-02
1.881228646611732237e-03
1.881228646611732237e-03
1.967563536697594651e-02
4.078583740889128034e-02
4.078583740889128034e-02
4.078583740889128034e-02
4.078583740889128034e-02
4.078583740889128034e-02
4.078583740889128034e-02
4.078583740889128034e-02
4.078583740889128034e-02
4.078583740889128034e-02
4.078583740889128034e-02
4.078583740889128034e-02
4.078583740889128034e-02
4.078583740889128034e-02
4.078583740889128034e-02
2.351202932720627276e-02
2.059803728239954085e-02
2.059803728239954085e-02
3.587419110447075815e-02
3.544986663580715347e-02
3.544986663580715347e-02
3.544986663580715347e-02
3.544986663580715347e-02
3.544986663580715347e-02
0.000000000000000000e+00
0.000000000000000000e+00
0.000000000000000000e+00
0.000000000000000000e+00
5.847771806115713115e-03
5.591703125581185159e-03
5.591703125581185159e-03
5.591703125581185159e-03
5.591703125581185159e-03
5.685936773375210168e-02
5.685936773375210168e-02
5.685936773375210168e-02
5.685936773375210168e-02
5.685936773375210168e-02
5.685936773375210168e-02
5.685936773375210168e-02
5.685936773375210168e-02
5.685936773375210168e-02
5.685936773375210168e-02
3.486912821669536661e-03
3.486912821669536661e-03
2.193562596869114839e-02
1.325884746891290919e-02
1.325884746891290919e-02
1.457046184166352126e-03
2.315724863812015314e-03
2.315724863812015314e-03
2.315724863812015314e-03
2.315724863812015314e-03
2.315724863812015314e-03
2.315724863812015314e-03
2.315724863812015314e-03
2.315724863812015314e-03
2.315724863812015314e-03
2.315724863812015314e-03
1.170403761712685009e-02
1.170403761712685009e-02
1.170403761712685009e-02
1.170403761712685009e-02
1.647491158511716833e-02
1.647491158511716833e-02
1.647491158511716833e-02
1.647491158511716833e-02
0.000000000000000000e+00
6.510540207055201534e-02
6.510540207055201534e-02
6.510540207055201534e-02
6.510540207055201534e-02
6.510540207055201534e-02
6.510540207055201534e-02
1.175790558452562097e-03
2.737824583358377476e-03
2.737824583358377476e-03
2.737824583358377476e-03
2.737824583358377476e-03
2.737824583358377476e-03
2.737824583358377476e-03
2.737824583358377476e-03
2.737824583358377476e-03
2.737824583358377476e-03
2.737824583358377476e-03
2.737824583358377476e-03
1.677878483134124382e-02
0.000000000000000000e+00
0.000000000000000000e+00
0.000000000000000000e+00
4.695156867158472441e-03
1.632813069562387073e-02
1.632813069562387073e-02
1.632813069562387073e-02
1.272013284783453900e-02
1.175668017990117060e-02
1.175668017990117060e-02
1.175668017990117060e-02
1.175668017990117060e-02
1.175668017990117060e-02
1.175668017990117060e-02
1.175668017990117060e-02
1.175668017990117060e-02
1.175668017990117060e-02
0.000000000000000000e+00
0.000000000000000000e+00
0.000000000000000000e+00
0.000000000000000000e+00
4.476346675420152937e-03
0.000000000000000000e+00
0.000000000000000000e+00
0.000000000000000000e+00
2.937178228588904413e-02
3.340821120617279427e-02
3.340821120617279427e-02
3.340821120617279427e-02
3.340821120617279427e-02
3.340821120617279427e-02
3.340821120617279427e-02
0.000000000000000000e+00
0.000000000000000000e+00
0.000000000000000000e+00
0.000000000000000000e+00
3.587660389984050763e-02
1.359690300614302232e-02
1.359690300614302232e-02
1.359690300614302232e-02
1.359690300614302232e-02
1.359690300614302232e-02
1.359690300614302232e-02
1.359690300614302232e-02
1.359690300614302232e-02
1.359690300614302232e-02
1.359690300614302232e-02
1.359690300614302232e-02
1.359690300614302232e-02
1.359690300614302232e-02
1.359690300614302232e-02
1.359690300614302232e-02
1.359690300614302232e-02
1.359690300614302232e-02
1.359690300614302232e-02
1.359690300614302232e-02
1.359690300614302232e-02
1.359690300614302232e-02
1.359690300614302232e-02
1.359690300614302232e-02
3.971777350507937204e-02
4.116600179475918275e-02
4.116600179475918275e-02
4.116600179475918275e-02
1.384746984281612532e-02
2.651831289762307878e-02
2.651831289762307878e-02
2.651831289762307878e-02
2.651831289762307878e-02
0.000000000000000000e+00
1.974136246828896851e-02
1.974136246828896851e-02
1.974136246828896851e-02
1.974136246828896851e-02
0.000000000000000000e+00
3.390306517793139490e-02
3.390306517793139490e-02
3.390306517793139490e-02
3.390306517793139490e-02
3.390306517793139490e-02
3.390306517793139490e-02
3.390306517793139490e-02
3.390306517793139490e-02
2.357980063877833724e-02
2.357980063877833724e-02
2.357980063877833724e-02
2.357980063877833724e-02
2.357980063877833724e-02
2.357980063877833724e-02
2.357980063877833724e-02
2.357980063877833724e-02
2.093834177768149826e-02
1.976315473258912978e-02
1.976315473258912978e-02
1.976315473258912978e-02
1.976315473258912978e-02
1.976315473258912978e-02
1.976315473258912978e-02
1.976315473258912978e-02
1.976315473258912978e-02
5.035505625057446616e-02
5.035505625057446616e-02
2.569185745429410084e-02
0.000000000000000000e+00
0.000000000000000000e+00
0.000000000000000000e+00
1.357134991047975227e-02
2.346795926557623639e-03
2.346795926557623639e-03
2.346795926557623639e-03
2.346795926557623639e-03
2.346795926557623639e-03
2.346795926557623639e-03
7.724375806061393318e-03
1.810095194273721175e-02
1.810095194273721175e-02
1.810095194273721175e-02
1.810095194273721175e-02
1.810095194273721175e-02
1.810095194273721175e-02
1.810095194273721175e-02
1.810095194273721175e-02
1.810095194273721175e-02
1.810095194273721175e-02
1.457189931094203051e-03
2.231820095097605816e-02
2.231820095097605816e-02
2.231820095097605816e-02
2.231820095097605816e-02
1.955659016178247500e-02
2.435827082078284231e-02
2.435827082078284231e-02
2.435827082078284231e-02
2.435827082078284231e-02
2.435827082078284231e-02
2.435827082078284231e-02
0.000000000000000000e+00
1.059411514879033019e-02
1.059411514879033019e-02
1.059411514879033019e-02
1.059411514879033019e-02
1.059411514879033019e-02
1.059411514879033019e-02
1.059411514879033019e-02
1.059411514879033019e-02
1.059411514879033019e-02
1.059411514879033019e-02
1.059411514879033019e-02
1.059411514879033019e-02
1.059411514879033019e-02
1.059411514879033019e-02
1.059411514879033019e-02
1.059411514879033019e-02
1.059411514879033019e-02
1.059411514879033019e-02
8.922537518976314530e-03
3.948449372169548360e-02
2.753602302866250268e-02
2.630138258245210987e-03
2.630138258245210987e-03
2.630138258245210987e-03
0.000000000000000000e+00
2.371799791943544899e-02
2.371799791943544899e-02
2.371799791943544899e-02
2.371799791943544899e-02
2.371799791943544899e-02
2.371799791943544899e-02
2.371799791943544899e-02
2.371799791943544899e-02
4.476346675420152937e-03
4.476346675420152937e-03
4.476346675420152937e-03
4.476346675420152937e-03
4.020487015606885248e-03
4.020487015606885248e-03
4.020487015606885248e-03
4.020487015606885248e-03
4.020487015606885248e-03
4.020487015606885248e-03
4.020487015606885248e-03
4.020487015606885248e-03
4.020487015606885248e-03
4.020487015606885248e-03
4.020487015606885248e-03
4.020487015606885248e-03
4.020487015606885248e-03
1.384824227800477260e-03
1.384824227800477260e-03
1.384824227800477260e-03
1.384824227800477260e-03
1.384824227800477260e-03
1.384824227800477260e-03
1.384824227800477260e-03
1.384824227800477260e-03
1.384824227800477260e-03
1.384824227800477260e-03
1.384824227800477260e-03
1.384824227800477260e-03
1.384824227800477260e-03
3.690590829967221355e-03
3.690590829967221355e-03
3.690590829967221355e-03
3.690590829967221355e-03
3.690590829967221355e-03
3.690590829967221355e-03
3.690590829967221355e-03
3.690590829967221355e-03
3.690590829967221355e-03
3.690590829967221355e-03
3.690590829967221355e-03
3.690590829967221355e-03
3.690590829967221355e-03
3.690590829967221355e-03
3.690590829967221355e-03
3.690590829967221355e-03
3.690590829967221355e-03
1.259875560614345802e-02
1.080906028823039843e-02
1.080906028823039843e-02
1.080906028823039843e-02
1.080906028823039843e-02
1.112897813894339269e-02
1.112897813894339269e-02
1.112897813894339269e-02
8.613631616347922418e-03
8.613631616347922418e-03
8.613631616347922418e-03
8.613631616347922418e-03
1.384746984281612532e-02
1.384746984281612532e-02
1.384746984281612532e-02
1.384746984281612532e-02
1.384746984281612532e-02
2.048597099394874888e-02
2.048597099394874888e-02
2.048597099394874888e-02
2.048597099394874888e-02
2.048597099394874888e-02
2.048597099394874888e-02
2.048597099394874888e-02
2.048597099394874888e-02
2.048597099394874888e-02
2.048597099394874888e-02
1.479401565276893676e-02
4.173842918420954395e-03
4.173842918420954395e-03
4.173842918420954395e-03
4.173842918420954395e-03
4.173842918420954395e-03
4.173842918420954395e-03
4.173842918420954395e-03
4.173842918420954395e-03
1.392896152722789167e-02
1.392896152722789167e-02
1.392896152722789167e-02
1.392896152722789167e-02
1.392896152722789167e-02
1.392896152722789167e-02
0.000000000000000000e+00
0.000000000000000000e+00
2.940792660879970252e-02
2.940792660879970252e-02
2.940792660879970252e-02
2.940792660879970252e-02
2.940792660879970252e-02
2.940792660879970252e-02
2.940792660879970252e-02
2.940792660879970252e-02
2.940792660879970252e-02
2.940792660879970252e-02
2.940792660879970252e-02
2.940792660879970252e-02
2.940792660879970252e-02
2.513543870527778709e-02
2.227521193789614579e-02
2.227521193789614579e-02
2.227521193789614579e-02
0.000000000000000000e+00
3.158423420835355933e-02
3.158423420835355933e-02
3.158423420835355933e-02
3.158423420835355933e-02
3.158423420835355933e-02
3.158423420835355933e-02
3.158423420835355933e-02
3.158423420835355933e-02
1.150754915700992476e-02
3.172710320122421046e-02
6.271988313549652083e-02
3.516795491425699083e-02
3.516795491425699083e-02
3.516795491425699083e-02
3.516795491425699083e-02
3.516795491425699083e-02
3.516795491425699083e-02
3.516795491425699083e-02
3.516795491425699083e-02
3.516795491425699083e-02
3.516795491425699083e-02
3.516795491425699083e-02
3.516795491425699083e-02
3.516795491425699083e-02
3.516795491425699083e-02
0.000000000000000000e+00
0.000000000000000000e+00
0.000000000000000000e+00
0.000000000000000000e+00
0.000000000000000000e+00
1.662347905692466987e-02
9.367504057240601603e-03
9.367504057240601603e-03
0.000000000000000000e+00
0.000000000000000000e+00
3.475431832375602131e-02
3.475431832375602131e-02
3.475431832375602131e-02
3.475431832375602131e-02
3.475431832375602131e-02
3.475431832375602131e-02
3.475431832375602131e-02
0.000000000000000000e+00
0.000000000000000000e+00
0.000000000000000000e+00
0.000000000000000000e+00
1.186892180686620769e-03
0.000000000000000000e+00
0.000000000000000000e+00
3.245020365740243495e-02
3.245020365740243495e-02
1.101924234370336292e-02
1.363666808064989628e-03
6.980648033397651719e-03
6.980648033397651719e-03
5.869038165755014781e-03
5.869038165755014781e-03
3.155971914892393218e-03
3.155971914892393218e-03
3.155971914892393218e-03
3.155971914892393218e-03
3.155971914892393218e-03
3.155971914892393218e-03
3.155971914892393218e-03
3.155971914892393218e-03
0.000000000000000000e+00
1.097876770576860020e-02
1.097876770576860020e-02
1.097876770576860020e-02
1.097876770576860020e-02
1.097876770576860020e-02
1.097876770576860020e-02
1.097876770576860020e-02
1.097876770576860020e-02
1.097876770576860020e-02
1.097876770576860020e-02
1.097876770576860020e-02
1.097876770576860020e-02
1.097876770576860020e-02
1.097876770576860020e-02
1.097876770576860020e-02
3.185428188949176315e-02
3.185428188949176315e-02
3.185428188949176315e-02
3.185428188949176315e-02
3.185428188949176315e-02
3.185428188949176315e-02
3.185428188949176315e-02
3.185428188949176315e-02
3.185428188949176315e-02
3.185428188949176315e-02
3.185428188949176315e-02
4.646475710936686862e-03
6.537160091489056975e-03
6.537160091489056975e-03
4.238224131436977432e-02
4.478442377807931307e-02
2.660990037728329372e-02
2.660990037728329372e-02
2.660990037728329372e-02
1.363666808064989628e-03
6.608463556791457742e-03
6.608463556791457742e-03
6.608463556791457742e-03
6.608463556791457742e-03
6.608463556791457742e-03
6.608463556791457742e-03
6.608463556791457742e-03
6.608463556791457742e-03
6.608463556791457742e-03
6.608463556791457742e-03
6.608463556791457742e-03
6.608463556791457742e-03
6.608463556791457742e-03
6.608463556791457742e-03
6.608463556791457742e-03
6.608463556791457742e-03
5.422626260891743807e-03
2.276971039392999135e-02
2.276971039392999135e-02
0.000000000000000000e+00
3.694162553344010336e-02
3.694162553344010336e-02
3.694162553344010336e-02
1.914231656850663710e-02
3.085952834060904856e-02
3.085952834060904856e-02
3.085952834060904856e-02
3.085952834060904856e-02
2.408151668561464565e-02
2.408151668561464565e-02
0.000000000000000000e+00
0.000000000000000000e+00
0.000000000000000000e+00
0.000000000000000000e+00
0.000000000000000000e+00
4.242480448613247107e-02
7.722085577925228133e-05
7.722085577925228133e-05
7.722085577925228133e-05
7.722085577925228133e-05
7.722085577925228133e-05
1.575800427567789277e-02
1.575800427567789277e-02
1.575800427567789277e-02
1.575800427567789277e-02
1.575800427567789277e-02
1.575800427567789277e-02
1.575800427567789277e-02
1.575800427567789277e-02
1.575800427567789277e-02
1.575800427567789277e-02
0.000000000000000000e+00
0.000000000000000000e+00
0.000000000000000000e+00
0.000000000000000000e+00
4.158701075151652327e-02
4.158701075151652327e-02
4.158701075151652327e-02
4.158701075151652327e-02
1.082734712134740714e-02
1.480697521367243218e-02
1.480697521367243218e-02
7.481797556790402079e-03
1.480697521367243218e-02
1.204478404813686884e-02
1.051836793841753534e-02
1.051836793841753534e-02
1.051836793841753534e-02
4.022178683172400113e-03
4.022178683172400113e-03
4.022178683172400113e-03
4.022178683172400113e-03
4.022178683172400113e-03
4.022178683172400113e-03
4.022178683172400113e-03
4.022178683172400113e-03
4.022178683172400113e-03
4.022178683172400113e-03
3.117962381884637965e-02
1.473548702411324983e-02
1.473548702411324983e-02
1.473548702411324983e-02
1.473548702411324983e-02
1.473548702411324983e-02
1.473548702411324983e-02
0.000000000000000000e+00
0.000000000000000000e+00
0.000000000000000000e+00
3.683727086597905070e-02
1.998884929965752399e-02
1.998884929965752399e-02
1.998884929965752399e-02
6.271988313549652083e-02
6.271988313549652083e-02
6.271988313549652083e-02
6.271988313549652083e-02
1.475004088000634803e-02
1.475004088000634803e-02
0.000000000000000000e+00
0.000000000000000000e+00
0.000000000000000000e+00
0.000000000000000000e+00
0.000000000000000000e+00
7.132508568422492312e-03
7.132508568422492312e-03
7.132508568422492312e-03
7.132508568422492312e-03
7.132508568422492312e-03
7.132508568422492312e-03
2.185965398062088283e-03
0.000000000000000000e+00
0.000000000000000000e+00
2.668035396351161812e-02
2.157276262406833053e-02
2.157276262406833053e-02
4.324893641338757935e-03
2.175096154342329516e-02
6.588980993647725330e-05
6.588980993647725330e-05
6.588980993647725330e-05
6.588980993647725330e-05
6.588980993647725330e-05
6.588980993647725330e-05
6.588980993647725330e-05
6.588980993647725330e-05
6.588980993647725330e-05
6.588980993647725330e-05
0.000000000000000000e+00
0.000000000000000000e+00
1.145263771948491771e-02
1.145263771948491771e-02
0.000000000000000000e+00
0.000000000000000000e+00
0.000000000000000000e+00
0.000000000000000000e+00
0.000000000000000000e+00
0.000000000000000000e+00
2.076189632563535392e-03
2.076189632563535392e-03
2.076189632563535392e-03
2.076189632563535392e-03
2.076189632563535392e-03
2.076189632563535392e-03
2.076189632563535392e-03
2.076189632563535392e-03
0.000000000000000000e+00
0.000000000000000000e+00
0.000000000000000000e+00
1.213809470359663266e-02
2.634153653765375705e-02
2.634153653765375705e-02
2.634153653765375705e-02
9.626614621122757745e-03
6.177351805703056769e-04
6.177351805703056769e-04
6.177351805703056769e-04
6.177351805703056769e-04
6.177351805703056769e-04
6.177351805703056769e-04
0.000000000000000000e+00
0.000000000000000000e+00
2.188414491011995977e-02
1.830970473578319088e-02
1.830970473578319088e-02
1.830970473578319088e-02
1.830970473578319088e-02
1.830970473578319088e-02
1.807994680902907589e-02
1.914906716801968375e-02
1.914906716801968375e-02
3.796171288094046109e-04
3.796171288094046109e-04
3.796171288094046109e-04
3.796171288094046109e-04
0.000000000000000000e+00
0.000000000000000000e+00
0.000000000000000000e+00
0.000000000000000000e+00
0.000000000000000000e+00
0.000000000000000000e+00
0.000000000000000000e+00
0.000000000000000000e+00
0.000000000000000000e+00
0.000000000000000000e+00
0.000000000000000000e+00
0.000000000000000000e+00
0.000000000000000000e+00
1.430131285528876521e-02
2.411400285593369441e-02
2.411400285593369441e-02
2.513543870527778709e-02
2.513543870527778709e-02
5.771009174150585133e-03
7.155312584078104068e-03
1.100067676221260123e-02
1.100067676221260123e-02
1.100067676221260123e-02
1.100067676221260123e-02
1.100067676221260123e-02
1.100067676221260123e-02
7.129727946568588381e-02
7.739919414378584883e-02
7.739919414378584883e-02
7.739919414378584883e-02
7.739919414378584883e-02
7.739919414378584883e-02
7.739919414378584883e-02
7.739919414378584883e-02
7.739919414378584883e-02
7.739919414378584883e-02
7.739919414378584883e-02
7.739919414378584883e-02
7.739919414378584883e-02
5.257973082202066321e-03
3.069051997546430599e-03
1.289097729432406303e-02
7.837681770101910181e-03
0.000000000000000000e+00
0.000000000000000000e+00
0.000000000000000000e+00
0.000000000000000000e+00
0.000000000000000000e+00
0.000000000000000000e+00
0.000000000000000000e+00
0.000000000000000000e+00
0.000000000000000000e+00
0.000000000000000000e+00
0.000000000000000000e+00
0.000000000000000000e+00
0.000000000000000000e+00
0.000000000000000000e+00
4.200140170795289146e-02
4.200140170795289146e-02
1.096471782654720624e-02
1.210759391534680859e-02
1.210759391534680859e-02
1.210759391534680859e-02
1.210759391534680859e-02
1.210759391534680859e-02
1.210759391534680859e-02
8.683233189485259351e-03
8.683233189485259351e-03
8.683233189485259351e-03
8.683233189485259351e-03
8.683233189485259351e-03
8.683233189485259351e-03
8.683233189485259351e-03
8.683233189485259351e-03
8.683233189485259351e-03
8.683233189485259351e-03
8.683233189485259351e-03
8.683233189485259351e-03
8.683233189485259351e-03
8.683233189485259351e-03
8.683233189485259351e-03
8.683233189485259351e-03
8.683233189485259351e-03
8.683233189485259351e-03
0.000000000000000000e+00
0.000000000000000000e+00
0.000000000000000000e+00
0.000000000000000000e+00
2.521538049840804652e-02
8.478920077047805452e-04
8.478920077047805452e-04
7.495205918074694836e-03
8.478920077047805452e-04
1.462521748154092457e-02
2.694348623393943293e-02
2.694348623393943293e-02
2.694348623393943293e-02
2.694348623393943293e-02
2.694348623393943293e-02
2.694348623393943293e-02
2.694348623393943293e-02
2.694348623393943293e-02
2.668035396351161812e-02
3.133124999517479525e-02
3.133124999517479525e-02
3.133124999517479525e-02
3.133124999517479525e-02
0.000000000000000000e+00
0.000000000000000000e+00
2.385446969602198972e-02
1.299946311873487539e-02
1.299946311873487539e-02
1.203546423960048448e-02
1.374643728799720271e-02
1.374643728799720271e-02
2.771690164787393718e-02
0.000000000000000000e+00
1.095358564406558738e-02
1.095358564406558738e-02
1.095358564406558738e-02
1.095358564406558738e-02
1.095358564406558738e-02
1.095358564406558738e-02
1.095358564406558738e-02
1.095358564406558738e-02
1.058862826298234520e-02
2.587751012077322069e-02
2.587751012077322069e-02
2.587751012077322069e-02
9.709960846816271737e-03
9.709960846816271737e-03
9.709960846816271737e-03
9.709960846816271737e-03
9.709960846816271737e-03
9.709960846816271737e-03
9.709960846816271737e-03
9.709960846816271737e-03
1.177965834376152113e-02
5.960979480104060604e-03
5.960979480104060604e-03
5.960979480104060604e-03
5.960979480104060604e-03
5.960979480104060604e-03
5.960979480104060604e-03
8.561165883279418798e-02
4.268594171434436646e-02
4.268594171434436646e-02
1.582582531841163903e-02
3.010389386033762368e-02
3.010389386033762368e-02
3.010389386033762368e-02
0.000000000000000000e+00
0.000000000000000000e+00
0.000000000000000000e+00
0.000000000000000000e+00
1.037562851625612424e-02
6.374566318187709080e-02
6.374566318187709080e-02
2.326496541064884682e-02
2.326496541064884682e-02
2.326496541064884682e-02
2.326496541064884682e-02
2.326496541064884682e-02
2.326496541064884682e-02
2.326496541064884682e-02
2.326496541064884682e-02
2.326496541064884682e-02
2.326496541064884682e-02
2.326496541064884682e-02
0.000000000000000000e+00
0.000000000000000000e+00
6.314893616958863580e-03
8.977430675352086539e-04
8.977430675352086539e-04
8.977430675352086539e-04
8.977430675352086539e-04
2.735651204551140317e-02
2.735651204551140317e-02
2.735651204551140317e-02
2.735651204551140317e-02
4.829927747761888351e-02
0.000000000000000000e+00
0.000000000000000000e+00
4.238224131436977432e-02
6.204689911368708143e-03
6.204689911368708143e-03
6.204689911368708143e-03
6.204689911368708143e-03
6.204689911368708143e-03
6.204689911368708143e-03
6.204689911368708143e-03
6.204689911368708143e-03
6.204689911368708143e-03
6.204689911368708143e-03
6.204689911368708143e-03
6.204689911368708143e-03
6.204689911368708143e-03
6.204689911368708143e-03
3.081462101700856160e-02
1.101456886543168354e-02
1.101456886543168354e-02
1.101456886543168354e-02
1.101456886543168354e-02
1.096471782654720624e-02
1.096471782654720624e-02
1.096471782654720624e-02
1.096471782654720624e-02
1.886893118564708302e-02
1.286444713352795539e-02
1.286444713352795539e-02
1.045238091380361160e-03
1.045238091380361160e-03
1.045238091380361160e-03
1.045238091380361160e-03
2.763991645203414324e-02
0.000000000000000000e+00
0.000000000000000000e+00
0.000000000000000000e+00
0.000000000000000000e+00
6.871830911451305701e-03
6.871830911451305701e-03
6.871830911451305701e-03
6.871830911451305701e-03
6.871830911451305701e-03
6.871830911451305701e-03
6.871830911451305701e-03
6.871830911451305701e-03
6.871830911451305701e-03
6.871830911451305701e-03
2.972454050505654263e-04
1.947857605931794731e-02
1.947857605931794731e-02
1.947857605931794731e-02
1.947857605931794731e-02
1.886893118564708302e-02
1.886893118564708302e-02
1.886893118564708302e-02
0.000000000000000000e+00
1.276014076191352674e-02
7.845000400133288893e-03
7.845000400133288893e-03
7.845000400133288893e-03
7.845000400133288893e-03
7.845000400133288893e-03
7.845000400133288893e-03
1.662839616636162254e-02
1.276014076191352674e-02
1.662839616636162254e-02
1.662839616636162254e-02
1.662839616636162254e-02
1.662839616636162254e-02
1.662839616636162254e-02
1.662839616636162254e-02
1.662839616636162254e-02
1.276014076191352674e-02
1.276014076191352674e-02
1.276014076191352674e-02
1.276014076191352674e-02
1.276014076191352674e-02
1.276014076191352674e-02
1.276014076191352674e-02
1.276014076191352674e-02
1.276014076191352674e-02
1.276014076191352674e-02
1.276014076191352674e-02
1.276014076191352674e-02
3.230616464067446320e-02
7.611759679481438189e-03
4.236611691543992753e-02
7.611759679481438189e-03
1.800361061196931178e-02
1.474916428186945003e-02
1.474916428186945003e-02
1.474916428186945003e-02
1.474916428186945003e-02
1.474916428186945003e-02
1.474916428186945003e-02
1.474916428186945003e-02
1.474916428186945003e-02
1.474916428186945003e-02
1.474916428186945003e-02
1.474916428186945003e-02
2.099762055850874429e-02
0.000000000000000000e+00
0.000000000000000000e+00
0.000000000000000000e+00
2.865041027131765700e-02
1.424041511602227271e-02
1.424041511602227271e-02
8.135245334434253878e-03
8.135245334434253878e-03
8.135245334434253878e-03
8.135245334434253878e-03
8.135245334434253878e-03
8.135245334434253878e-03
0.000000000000000000e+00
2.969597589926608900e-03
2.969597589926608900e-03
2.969597589926608900e-03
2.969597589926608900e-03
2.301569106322463865e-02
0.000000000000000000e+00
0.000000000000000000e+00
0.000000000000000000e+00
0.000000000000000000e+00
0.000000000000000000e+00
0.000000000000000000e+00
0.000000000000000000e+00
0.000000000000000000e+00
0.000000000000000000e+00
0.000000000000000000e+00
1.472921938799431375e-02
9.257558558675714130e-03
1.255905280855316129e-02
1.255905280855316129e-02
9.920057418600631075e-03
1.255905280855316129e-02
0.000000000000000000e+00
0.000000000000000000e+00
0.000000000000000000e+00
0.000000000000000000e+00
0.000000000000000000e+00
2.480296991735922094e-02
2.480296991735922094e-02
2.306260592819779978e-02
1.808767303063912868e-02
2.570644130156621993e-02
1.808767303063912868e-02
1.808767303063912868e-02
1.808767303063912868e-02
1.808767303063912868e-02
1.808767303063912868e-02
1.161771771635202247e-02
1.161771771635202247e-02
1.161771771635202247e-02
1.161771771635202247e-02
1.161771771635202247e-02
1.161771771635202247e-02
5.192743380230797033e-03
5.192743380230797033e-03
5.192743380230797033e-03
5.840508667120755670e-02
5.840508667120755670e-02
2.687149376819394919e-02
2.787758846057283163e-02
2.787758846057283163e-02
4.740269177349598086e-04
4.740269177349598086e-04
4.740269177349598086e-04
4.740269177349598086e-04
4.740269177349598086e-04
4.740269177349598086e-04
4.740269177349598086e-04
4.740269177349598086e-04
4.740269177349598086e-04
4.740269177349598086e-04
4.740269177349598086e-04
4.740269177349598086e-04
4.740269177349598086e-04
0.000000000000000000e+00
3.218669083374757489e-02
0.000000000000000000e+00
0.000000000000000000e+00
0.000000000000000000e+00
3.218669083374757489e-02
9.495234469499460109e-03
2.175096154342329516e-02
2.175096154342329516e-02
2.175096154342329516e-02
2.175096154342329516e-02
2.890475950820782340e-03
1.807994680902907589e-02
0.000000000000000000e+00
0.000000000000000000e+00
9.015897055539144611e-03
7.724375806061393318e-03
7.724375806061393318e-03
7.724375806061393318e-03
7.724375806061393318e-03
7.724375806061393318e-03
7.724375806061393318e-03
7.724375806061393318e-03
7.724375806061393318e-03
7.724375806061393318e-03
7.724375806061393318e-03
7.724375806061393318e-03
0.000000000000000000e+00
2.093834177768149826e-02
2.093834177768149826e-02
0.000000000000000000e+00
0.000000000000000000e+00
3.768642669315250965e-02
3.768642669315250965e-02
3.768642669315250965e-02
3.768642669315250965e-02
3.768642669315250965e-02
3.768642669315250965e-02
3.768642669315250965e-02
3.768642669315250965e-02
3.768642669315250965e-02
3.768642669315250965e-02
3.768642669315250965e-02
3.768642669315250965e-02
3.768642669315250965e-02
3.768642669315250965e-02
3.768642669315250965e-02
3.768642669315250965e-02
3.768642669315250965e-02
3.768642669315250965e-02
3.768642669315250965e-02
3.768642669315250965e-02
3.768642669315250965e-02
0.000000000000000000e+00
0.000000000000000000e+00
0.000000000000000000e+00
0.000000000000000000e+00
0.000000000000000000e+00
0.000000000000000000e+00
0.000000000000000000e+00
2.040124910434980982e-02
2.040124910434980982e-02
2.040124910434980982e-02
2.040124910434980982e-02
2.040124910434980982e-02
2.040124910434980982e-02
2.040124910434980982e-02
2.040124910434980982e-02
2.040124910434980982e-02
2.040124910434980982e-02
2.040124910434980982e-02
2.040124910434980982e-02
2.040124910434980982e-02
0.000000000000000000e+00
3.959053541332685847e-03
3.959053541332685847e-03
3.959053541332685847e-03
3.959053541332685847e-03
3.959053541332685847e-03
3.959053541332685847e-03
5.032173590539823667e-03
3.608268274959301747e-02
3.608268274959301747e-02
3.608268274959301747e-02
3.608268274959301747e-02
3.608268274959301747e-02
0.000000000000000000e+00
0.000000000000000000e+00
0.000000000000000000e+00
0.000000000000000000e+00
7.677531049725183415e-04
1.213809470359663266e-02
1.213809470359663266e-02
1.213809470359663266e-02
1.363666808064989628e-03
3.166184545129791840e-03
4.568698047616355680e-03
4.568698047616355680e-03
0.000000000000000000e+00
0.000000000000000000e+00
0.000000000000000000e+00
0.000000000000000000e+00
0.000000000000000000e+00
0.000000000000000000e+00
0.000000000000000000e+00
0.000000000000000000e+00
0.000000000000000000e+00
0.000000000000000000e+00
0.000000000000000000e+00
0.000000000000000000e+00
1.954618328049469080e-03
1.954618328049469080e-03
0.000000000000000000e+00
0.000000000000000000e+00
0.000000000000000000e+00
0.000000000000000000e+00
0.000000000000000000e+00
0.000000000000000000e+00
5.969316184077287819e-03
5.919753663885502816e-03
5.919753663885502816e-03
1.896802485148254072e-02
2.068125482626399086e-02
2.068125482626399086e-02
6.314893616958863580e-03
1.085416943944156505e-02
1.085416943944156505e-02
1.085416943944156505e-02
1.891188318988647199e-02
1.794875067672679556e-03
1.794875067672679556e-03
1.794875067672679556e-03
1.794875067672679556e-03
1.794875067672679556e-03
1.794875067672679556e-03
1.794875067672679556e-03
1.794875067672679556e-03
2.099762055850874429e-02
2.099762055850874429e-02
2.099762055850874429e-02
2.099762055850874429e-02
2.099762055850874429e-02
2.099762055850874429e-02
2.099762055850874429e-02
2.099762055850874429e-02
2.099762055850874429e-02
0.000000000000000000e+00
0.000000000000000000e+00
0.000000000000000000e+00
0.000000000000000000e+00
0.000000000000000000e+00
0.000000000000000000e+00
0.000000000000000000e+00
0.000000000000000000e+00
0.000000000000000000e+00
0.000000000000000000e+00
0.000000000000000000e+00
0.000000000000000000e+00
0.000000000000000000e+00
0.000000000000000000e+00
0.000000000000000000e+00
1.458421688211172275e-02
4.285985619491723513e-03
2.586359048416733697e-02
2.586359048416733697e-02
2.586359048416733697e-02
2.586359048416733697e-02
2.586359048416733697e-02
0.000000000000000000e+00
0.000000000000000000e+00
0.000000000000000000e+00
0.000000000000000000e+00
0.000000000000000000e+00
2.863116016902627139e-02
6.586061910178258108e-03
6.586061910178258108e-03
6.586061910178258108e-03
6.586061910178258108e-03
6.586061910178258108e-03
6.586061910178258108e-03
9.971912608218147164e-03
3.603029367517861237e-02
3.603029367517861237e-02
3.603029367517861237e-02
3.603029367517861237e-02
3.603029367517861237e-02
3.603029367517861237e-02
3.603029367517861237e-02
3.603029367517861237e-02
3.603029367517861237e-02
3.603029367517861237e-02
1.193341381526715275e-02
2.505049952280506264e-03
2.505049952280506264e-03
3.081462101700856160e-02
1.014473846859953801e-02
1.014473846859953801e-02
1.014473846859953801e-02
1.014473846859953801e-02
1.014473846859953801e-02
1.014473846859953801e-02
2.369160811225458265e-03
2.369160811225458265e-03
7.677531049725183415e-04
7.677531049725183415e-04
1.594379602088475539e-02
1.594379602088475539e-02
1.594379602088475539e-02
1.594379602088475539e-02
1.594379602088475539e-02
1.594379602088475539e-02
1.594379602088475539e-02
1.594379602088475539e-02
4.829927747761888351e-02
4.829927747761888351e-02
4.829927747761888351e-02
4.280378828044083261e-02
1.753062439652909241e-02
1.753062439652909241e-02
1.753062439652909241e-02
1.753062439652909241e-02
1.753062439652909241e-02
1.753062439652909241e-02
1.753062439652909241e-02
2.695826529498943080e-03
2.035458849385160529e-02
2.035458849385160529e-02
0.000000000000000000e+00
0.000000000000000000e+00
0.000000000000000000e+00
0.000000000000000000e+00
0.000000000000000000e+00
0.000000000000000000e+00
2.607735201996525757e-03
4.125123732949398728e-03
4.125123732949398728e-03
4.125123732949398728e-03
4.125123732949398728e-03
4.125123732949398728e-03
4.125123732949398728e-03
4.125123732949398728e-03
4.125123732949398728e-03
1.959184407962480737e-03
1.959184407962480737e-03
1.959184407962480737e-03
1.959184407962480737e-03
6.687889659361731694e-03
1.959184407962480737e-03
1.959184407962480737e-03
1.959184407962480737e-03
1.959184407962480737e-03
1.959184407962480737e-03
1.959184407962480737e-03
1.959184407962480737e-03
1.959184407962480737e-03
1.959184407962480737e-03
0.000000000000000000e+00
0.000000000000000000e+00
0.000000000000000000e+00
0.000000000000000000e+00
0.000000000000000000e+00
1.063499942418440550e-02
1.063499942418440550e-02
3.328071712440053287e-02
1.967195014496008615e-02
1.967195014496008615e-02
2.687149376819394919e-02
5.904553532565672077e-06
5.904553532565672077e-06
5.904553532565672077e-06
5.904553532565672077e-06
5.904553532565672077e-06
5.904553532565672077e-06
1.140817656125912329e-02
4.473874033099899637e-03
4.473874033099899637e-03
4.473874033099899637e-03
4.473874033099899637e-03
4.473874033099899637e-03
4.473874033099899637e-03
4.473874033099899637e-03
4.473874033099899637e-03
4.473874033099899637e-03
4.473874033099899637e-03
4.473874033099899637e-03
4.473874033099899637e-03
4.473874033099899637e-03
4.473874033099899637e-03
4.473874033099899637e-03
4.473874033099899637e-03
1.058862826298234520e-02
1.058862826298234520e-02
1.058862826298234520e-02
1.058862826298234520e-02
1.058862826298234520e-02
1.058862826298234520e-02
0.000000000000000000e+00
3.716378885095828442e-03
3.716378885095828442e-03
3.716378885095828442e-03
3.716378885095828442e-03
3.716378885095828442e-03
3.716378885095828442e-03
6.006816356485829983e-02
7.129727946568588381e-02
7.129727946568588381e-02
7.129727946568588381e-02
0.000000000000000000e+00
3.606374485681657950e-03
3.606374485681657950e-03
3.606374485681657950e-03
3.606374485681657950e-03
3.606374485681657950e-03
3.606374485681657950e-03
2.668035396351161812e-02
2.668035396351161812e-02
2.668035396351161812e-02
7.964541442285900941e-03
1.089989203171800800e-02
1.207214624139914738e-03
1.089989203171800800e-02
1.089989203171800800e-02
1.089989203171800800e-02
1.089989203171800800e-02
1.089989203171800800e-02
0.000000000000000000e+00
0.000000000000000000e+00
0.000000000000000000e+00
0.000000000000000000e+00
0.000000000000000000e+00
0.000000000000000000e+00
8.222645356181045376e-03
9.344065233899522666e-05
9.344065233899522666e-05
9.344065233899522666e-05
9.344065233899522666e-05
9.344065233899522666e-05
9.344065233899522666e-05
9.344065233899522666e-05
9.344065233899522666e-05
9.344065233899522666e-05
1.033524645560804020e-02
1.245037974078295161e-02
1.245037974078295161e-02
1.245037974078295161e-02
1.245037974078295161e-02
1.245037974078295161e-02
0.000000000000000000e+00
0.000000000000000000e+00
3.971777350507937204e-02
3.971777350507937204e-02
5.545006389952135406e-02
5.545006389952135406e-02
5.545006389952135406e-02
5.545006389952135406e-02
3.860465868374300842e-03
3.860465868374300842e-03
1.580758581573752167e-02
1.580758581573752167e-02
4.021602829791394440e-02
0.000000000000000000e+00
8.335453002910718154e-03
8.335453002910718154e-03
8.335453002910718154e-03
8.335453002910718154e-03
0.000000000000000000e+00
1.144547498391601525e-02
1.144547498391601525e-02
1.144547498391601525e-02
1.144547498391601525e-02
1.144547498391601525e-02
1.144547498391601525e-02
1.144547498391601525e-02
1.144547498391601525e-02
0.000000000000000000e+00
0.000000000000000000e+00
0.000000000000000000e+00
1.696553553929679506e-02
9.564433161295699676e-03
9.564433161295699676e-03
9.564433161295699676e-03
9.564433161295699676e-03
9.564433161295699676e-03
9.564433161295699676e-03
9.564433161295699676e-03
9.564433161295699676e-03
9.564433161295699676e-03
9.564433161295699676e-03
5.246531444200266958e-02
5.246531444200266958e-02
0.000000000000000000e+00
2.201770122596124687e-03
2.201770122596124687e-03
2.201770122596124687e-03
2.201770122596124687e-03
2.201770122596124687e-03
2.201770122596124687e-03
2.201770122596124687e-03
2.201770122596124687e-03
2.201770122596124687e-03
2.201770122596124687e-03
2.201770122596124687e-03
2.201770122596124687e-03
5.631217095805299451e-03
5.631217095805299451e-03
5.631217095805299451e-03
5.631217095805299451e-03
9.038454801840347178e-03
0.000000000000000000e+00
0.000000000000000000e+00
1.551923431346880974e-02
1.551923431346880974e-02
4.940956013372505701e-02
6.103875885671446871e-02
6.103875885671446871e-02
6.103875885671446871e-02
0.000000000000000000e+00
0.000000000000000000e+00
0.000000000000000000e+00
0.000000000000000000e+00
0.000000000000000000e+00
0.000000000000000000e+00
0.000000000000000000e+00
0.000000000000000000e+00
0.000000000000000000e+00
0.000000000000000000e+00
0.000000000000000000e+00
0.000000000000000000e+00
5.032173590539823667e-03
5.032173590539823667e-03
1.757458457406992081e-02
1.757458457406992081e-02
1.757458457406992081e-02
1.757458457406992081e-02
1.757458457406992081e-02
1.757458457406992081e-02
1.757458457406992081e-02
1.757458457406992081e-02
1.435424342474679246e-02
3.772422811654350602e-03
4.062162101808880141e-03
4.062162101808880141e-03
4.535694619367698632e-02
4.535694619367698632e-02
2.084982469449134235e-02
1.435424342474679246e-02
1.561624400214439365e-02
1.561624400214439365e-02
1.561624400214439365e-02
1.561624400214439365e-02
1.561624400214439365e-02
1.561624400214439365e-02
1.561624400214439365e-02
1.561624400214439365e-02
3.780750339373580276e-03
3.780750339373580276e-03
3.780750339373580276e-03
3.780750339373580276e-03
3.780750339373580276e-03
3.780750339373580276e-03
3.780750339373580276e-03
3.780750339373580276e-03
3.780750339373580276e-03
3.780750339373580276e-03
3.780750339373580276e-03
2.385446969602198972e-02
1.809531513223331094e-03
5.118644882429862139e-03
8.781270239424482718e-03
8.781270239424482718e-03
8.781270239424482718e-03
8.035554750120117370e-03
1.557323642132830109e-02
1.557323642132830109e-02
1.557323642132830109e-02
1.557323642132830109e-02
1.557323642132830109e-02
1.557323642132830109e-02
1.557323642132830109e-02
1.557323642132830109e-02
1.557323642132830109e-02
1.557323642132830109e-02
0.000000000000000000e+00
1.770773797363412241e-02
1.770773797363412241e-02
1.770773797363412241e-02
1.770773797363412241e-02
4.820474525451571429e-02
3.990159569163930636e-02
3.990159569163930636e-02
3.990159569163930636e-02
0.000000000000000000e+00
0.000000000000000000e+00
9.581602372583382377e-03
9.581602372583382377e-03
9.581602372583382377e-03
9.581602372583382377e-03
2.084982469449134235e-02
2.084982469449134235e-02
3.529736573868672012e-02
3.529736573868672012e-02
2.763991645203414324e-02
2.763991645203414324e-02
2.763991645203414324e-02
2.763991645203414324e-02
2.763991645203414324e-02
2.763991645203414324e-02
2.763991645203414324e-02
2.763991645203414324e-02
2.763991645203414324e-02
2.763991645203414324e-02
2.763991645203414324e-02
8.517273149309848024e-03
2.851653525939477560e-02
2.851653525939477560e-02
2.851653525939477560e-02
2.851653525939477560e-02
5.185788534069184913e-03
5.185788534069184913e-03
5.185788534069184913e-03
5.185788534069184913e-03
2.225116969267442249e-02
1.053901443895839153e-02
1.053901443895839153e-02
1.053901443895839153e-02
1.053901443895839153e-02
1.053901443895839153e-02
1.053901443895839153e-02
1.053901443895839153e-02
1.053901443895839153e-02
3.833296877792427559e-02
3.833296877792427559e-02
3.833296877792427559e-02
3.833296877792427559e-02
3.833296877792427559e-02
3.833296877792427559e-02
3.833296877792427559e-02
3.833296877792427559e-02
3.833296877792427559e-02
3.833296877792427559e-02
3.833296877792427559e-02
8.322852375257858148e-03
8.322852375257858148e-03
2.865041027131765700e-02
2.258343498359407370e-02
2.846365426340494165e-02
2.846365426340494165e-02
2.846365426340494165e-02
2.846365426340494165e-02
2.846365426340494165e-02
1.409606860713920502e-02
1.409606860713920502e-02
2.258343498359407370e-02
2.258343498359407370e-02
4.242480448613247107e-02
4.242480448613247107e-02
4.242480448613247107e-02
0.000000000000000000e+00
0.000000000000000000e+00
0.000000000000000000e+00
2.218607937968161952e-03
0.000000000000000000e+00
0.000000000000000000e+00
0.000000000000000000e+00
2.252210485488094840e-02
2.252210485488094840e-02
2.252210485488094840e-02
2.252210485488094840e-02
2.252210485488094840e-02
2.252210485488094840e-02
2.252210485488094840e-02
2.252210485488094840e-02
2.252210485488094840e-02
2.252210485488094840e-02
2.252210485488094840e-02
0.000000000000000000e+00
0.000000000000000000e+00
2.728899789382511088e-03
1.218772894835877876e-02
1.218772894835877876e-02
1.218772894835877876e-02
1.218772894835877876e-02
1.218772894835877876e-02
3.050286547989251775e-03
7.867139249598722323e-03
7.867139249598722323e-03
7.867139249598722323e-03
7.867139249598722323e-03
7.867139249598722323e-03
7.867139249598722323e-03
8.785194602399702679e-03
1.691427903159145249e-02
1.691427903159145249e-02
5.118644882429862139e-03
2.306290481780795716e-03
2.306290481780795716e-03
7.869654194712357581e-03
5.747472575642113916e-05
5.747472575642113916e-05
5.747472575642113916e-05
5.747472575642113916e-05
4.022943897961413218e-02
4.022943897961413218e-02
4.022943897961413218e-02
4.022943897961413218e-02
2.068797218531651452e-02
6.283052564679699175e-04
6.283052564679699175e-04
6.283052564679699175e-04
6.283052564679699175e-04
1.411159859201287572e-02
1.442180389582326840e-03
1.442180389582326840e-03
1.442180389582326840e-03
1.442180389582326840e-03
1.442180389582326840e-03
1.442180389582326840e-03
1.407186598070194264e-02
2.819388431673008205e-02
2.819388431673008205e-02
2.819388431673008205e-02
8.561165883279418798e-02
8.561165883279418798e-02
8.561165883279418798e-02
8.517273149309848024e-03
8.517273149309848024e-03
8.517273149309848024e-03
8.517273149309848024e-03
8.517273149309848024e-03
8.517273149309848024e-03
2.091652263079638377e-02
2.091652263079638377e-02
0.000000000000000000e+00
0.000000000000000000e+00
0.000000000000000000e+00
8.870853215524634322e-03
1.005284585886341217e-02
1.005284585886341217e-02
1.005284585886341217e-02
1.005284585886341217e-02
1.005284585886341217e-02
1.005284585886341217e-02
1.005284585886341217e-02
1.005284585886341217e-02
1.005284585886341217e-02
1.005284585886341217e-02
1.005284585886341217e-02
1.005284585886341217e-02
0.000000000000000000e+00
0.000000000000000000e+00
3.587419110447075815e-02
6.843313964043044352e-03
6.843313964043044352e-03
6.843313964043044352e-03
6.843313964043044352e-03
6.843313964043044352e-03
6.843313964043044352e-03
7.948982979136050286e-03
7.948982979136050286e-03
7.948982979136050286e-03
7.948982979136050286e-03
7.948982979136050286e-03
7.948982979136050286e-03
7.948982979136050286e-03
7.948982979136050286e-03
4.200073814418620564e-03
1.005244074825471269e-02
3.885781510401054798e-03
3.885781510401054798e-03
2.737242326275372839e-02
2.737242326275372839e-02
2.737242326275372839e-02
2.737242326275372839e-02
0.000000000000000000e+00
0.000000000000000000e+00
0.000000000000000000e+00
1.313855959588735092e-02
1.313855959588735092e-02
5.628209882239089412e-03
5.628209882239089412e-03
5.628209882239089412e-03
5.628209882239089412e-03
5.628209882239089412e-03
5.628209882239089412e-03
5.628209882239089412e-03
5.628209882239089412e-03
5.628209882239089412e-03
5.628209882239089412e-03
5.628209882239089412e-03
5.628209882239089412e-03
5.628209882239089412e-03
3.166184545129791840e-03
3.166184545129791840e-03
3.166184545129791840e-03
8.487129575462026496e-03
5.107928225262637180e-04
5.107928225262637180e-04
3.316395347022973311e-02
2.091785881023226247e-03
9.569906631365109051e-03
2.091785881023226247e-03
3.228981189285483333e-02
2.091785881023226247e-03
2.340472937971220350e-03
2.340472937971220350e-03
2.340472937971220350e-03
2.340472937971220350e-03
2.340472937971220350e-03
2.340472937971220350e-03
4.405784579911591753e-02
3.428657860951882935e-02
3.428657860951882935e-02
8.835039043315727134e-03
4.970782937401768166e-03
4.970782937401768166e-03
4.970782937401768166e-03
1.913450062188005313e-02
2.171020445636675025e-02
2.171020445636675025e-02
4.200073814418620564e-03
4.200073814418620564e-03
4.200073814418620564e-03
4.200073814418620564e-03
4.200073814418620564e-03
4.200073814418620564e-03
0.000000000000000000e+00
0.000000000000000000e+00
2.599819171299975334e-02
0.000000000000000000e+00
1.781925723266501033e-02
1.781925723266501033e-02
1.781925723266501033e-02
1.781925723266501033e-02
1.781925723266501033e-02
1.781925723266501033e-02
1.619328720840809699e-02
1.619328720840809699e-02
1.619328720840809699e-02
1.619328720840809699e-02
6.541102697256046331e-03
8.898783887621858346e-03
8.898783887621858346e-03
8.898783887621858346e-03
1.416583885787985921e-02
2.043795668460462317e-02
0.000000000000000000e+00
2.599819171299975334e-02
2.404924496045974733e-02
2.404924496045974733e-02
3.224067711339530934e-02
1.141029525834415595e-02
1.141029525834415595e-02
4.173530609676187088e-03
4.173530609676187088e-03
4.173530609676187088e-03
4.173530609676187088e-03
3.486166365535901812e-02
3.486166365535901812e-02
1.912232716672688376e-02
1.344430825892912844e-02
1.344430825892912844e-02
1.344430825892912844e-02
1.344430825892912844e-02
1.344430825892912844e-02
1.344430825892912844e-02
1.344430825892912844e-02
1.344430825892912844e-02
1.344430825892912844e-02
1.344430825892912844e-02
3.464446353664155792e-02
1.614638061189801327e-02
1.614638061189801327e-02
1.614638061189801327e-02
1.614638061189801327e-02
1.614638061189801327e-02
1.614638061189801327e-02
0.000000000000000000e+00
0.000000000000000000e+00
0.000000000000000000e+00
9.713644073859170960e-03
7.961307081145492168e-03
7.961307081145492168e-03
0.000000000000000000e+00
0.000000000000000000e+00
1.411159859201287572e-02
1.411159859201287572e-02
1.411159859201287572e-02
1.411159859201287572e-02
3.385917217737615531e-02
3.385917217737615531e-02
3.385917217737615531e-02
3.385917217737615531e-02
1.144491584179078980e-02
1.144491584179078980e-02
1.357134991047975227e-02
1.357134991047975227e-02
1.357134991047975227e-02
3.119465071522338137e-02
0.000000000000000000e+00
0.000000000000000000e+00
0.000000000000000000e+00
0.000000000000000000e+00
4.646475710936686862e-03
4.646475710936686862e-03
4.646475710936686862e-03
4.646475710936686862e-03
4.646475710936686862e-03
4.646475710936686862e-03
4.646475710936686862e-03
4.646475710936686862e-03
2.695826529498943080e-03
4.380047015811765893e-02
3.812910922281456672e-02
6.892138575435586244e-03
6.892138575435586244e-03
0.000000000000000000e+00
0.000000000000000000e+00
0.000000000000000000e+00
1.950768409623250543e-02
1.950768409623250543e-02
1.950768409623250543e-02
1.396532379249870899e-02
1.457189931094203051e-03
1.457189931094203051e-03
1.457189931094203051e-03
1.457189931094203051e-03
1.457189931094203051e-03
1.236867901800600168e-02
1.299192626499980074e-02
1.299192626499980074e-02
1.299192626499980074e-02
1.299192626499980074e-02
1.896802485148254072e-02
3.028245881040721177e-02
0.000000000000000000e+00
3.028245881040721177e-02
3.028245881040721177e-02
3.028245881040721177e-02
3.028245881040721177e-02
3.028245881040721177e-02
3.028245881040721177e-02
3.028245881040721177e-02
3.028245881040721177e-02
0.000000000000000000e+00
0.000000000000000000e+00
0.000000000000000000e+00
0.000000000000000000e+00
0.000000000000000000e+00
0.000000000000000000e+00
0.000000000000000000e+00
0.000000000000000000e+00
1.896802485148254072e-02
5.118644882429862139e-03
0.000000000000000000e+00
0.000000000000000000e+00
0.000000000000000000e+00
1.696553553929679506e-02
1.696553553929679506e-02
1.696553553929679506e-02
1.696553553929679506e-02
3.683727086597905070e-02
3.683727086597905070e-02
0.000000000000000000e+00
0.000000000000000000e+00
0.000000000000000000e+00
0.000000000000000000e+00
1.180732119374570087e-02
2.059491195303516167e-02
2.059491195303516167e-02
2.059491195303516167e-02
2.059491195303516167e-02
0.000000000000000000e+00
1.347624519022740108e-02
1.347624519022740108e-02
7.744409727386483352e-03
7.744409727386483352e-03
7.744409727386483352e-03
7.744409727386483352e-03
5.810258872990109458e-03
5.810258872990109458e-03
5.810258872990109458e-03
5.810258872990109458e-03
5.810258872990109458e-03
5.810258872990109458e-03
5.810258872990109458e-03
5.810258872990109458e-03
5.056213178230193998e-03
5.056213178230193998e-03
5.056213178230193998e-03
5.056213178230193998e-03
5.056213178230193998e-03
1.230968373397797744e-02
1.230968373397797744e-02
1.578900967680074985e-01
1.578900967680074985e-01
1.578900967680074985e-01
1.578900967680074985e-01
6.367719217060696657e-02
6.006816356485829983e-02
6.006816356485829983e-02
6.006816356485829983e-02
2.068548641395203183e-02
2.068548641395203183e-02
3.793232674773909519e-02
0.000000000000000000e+00
9.020040118850160618e-04
0.000000000000000000e+00
0.000000000000000000e+00
8.222645356181045376e-03
8.222645356181045376e-03
1.536609462915717109e-02
1.536609462915717109e-02
1.536609462915717109e-02
1.416909309198170069e-02
1.416909309198170069e-02
1.416909309198170069e-02
1.416909309198170069e-02
2.084241574515489914e-02
2.696039949851728942e-02
2.696039949851728942e-02
2.033183540540065351e-02
1.147186086114445301e-02
1.147186086114445301e-02
1.147186086114445301e-02
1.147186086114445301e-02
5.563370453946517996e-02
5.563370453946517996e-02
6.817639584096434058e-02
6.817639584096434058e-02
6.817639584096434058e-02
6.817639584096434058e-02
7.534944608982623894e-03
2.200344786144052545e-03
2.200344786144052545e-03
0.000000000000000000e+00
0.000000000000000000e+00
0.000000000000000000e+00
1.180732119374570087e-02
1.180732119374570087e-02
1.180732119374570087e-02
1.180732119374570087e-02
1.180732119374570087e-02
1.180732119374570087e-02
2.114869507470109114e-02
2.114869507470109114e-02
7.009828089613303823e-03
7.009828089613303823e-03
6.367719217060696657e-02
6.367719217060696657e-02
6.367719217060696657e-02
6.367719217060696657e-02
6.367719217060696657e-02
6.367719217060696657e-02
6.367719217060696657e-02
6.367719217060696657e-02
6.367719217060696657e-02
6.367719217060696657e-02
6.367719217060696657e-02
2.728899789382511088e-03
2.728899789382511088e-03
1.272076004633879674e-02
1.272076004633879674e-02
4.020641854230461686e-03
4.020641854230461686e-03
5.066376141390525889e-02
0.000000000000000000e+00
8.596615733025784328e-03
8.596615733025784328e-03
8.596615733025784328e-03
8.596615733025784328e-03
8.596615733025784328e-03
8.596615733025784328e-03
8.596615733025784328e-03
8.596615733025784328e-03
8.596615733025784328e-03
8.596615733025784328e-03
8.596615733025784328e-03
2.771690164787393718e-02
3.531289627569608736e-02
3.531289627569608736e-02
0.000000000000000000e+00
2.191458472946681245e-03
2.191458472946681245e-03
2.191458472946681245e-03
2.191458472946681245e-03
2.191458472946681245e-03
2.191458472946681245e-03
1.218004903639457147e-02
0.000000000000000000e+00
0.000000000000000000e+00
0.000000000000000000e+00
0.000000000000000000e+00
0.000000000000000000e+00
0.000000000000000000e+00
0.000000000000000000e+00
0.000000000000000000e+00
0.000000000000000000e+00
2.385446969602198972e-02
2.385446969602198972e-02
2.385446969602198972e-02
6.955922053562129358e-03
6.955922053562129358e-03
1.286918408911857893e-03
1.286918408911857893e-03
1.286918408911857893e-03
1.286918408911857893e-03
1.033524645560804020e-02
1.033524645560804020e-02
1.150754915700992476e-02
4.011504560757574861e-03
0.000000000000000000e+00
0.000000000000000000e+00
0.000000000000000000e+00
4.417636659254073339e-02
4.417636659254073339e-02
4.417636659254073339e-02
4.417636659254073339e-02
4.417636659254073339e-02
4.417636659254073339e-02
4.417636659254073339e-02
4.417636659254073339e-02
4.417636659254073339e-02
4.417636659254073339e-02
4.417636659254073339e-02
4.417636659254073339e-02
4.417636659254073339e-02
6.925225694869009902e-04
8.535540563904186681e-03
8.535540563904186681e-03
8.535540563904186681e-03
8.535540563904186681e-03
8.535540563904186681e-03
8.535540563904186681e-03
8.535540563904186681e-03
8.535540563904186681e-03
1.914231656850663710e-02
8.487129575462026496e-03
0.000000000000000000e+00
0.000000000000000000e+00
0.000000000000000000e+00
0.000000000000000000e+00
0.000000000000000000e+00
0.000000000000000000e+00
1.140817656125912329e-02
1.140817656125912329e-02
1.140817656125912329e-02
1.140817656125912329e-02
3.117962381884637965e-02
1.914647500043877015e-02
1.914647500043877015e-02
1.326642342026453005e-03
1.326642342026453005e-03
1.326642342026453005e-03
1.326642342026453005e-03
1.326642342026453005e-03
1.326642342026453005e-03
1.326642342026453005e-03
1.326642342026453005e-03
1.326642342026453005e-03
1.326642342026453005e-03
8.835039043315727134e-03
0.000000000000000000e+00
3.036437791479089203e-03
1.009850316840902630e-02
1.009850316840902630e-02
1.009850316840902630e-02
1.009850316840902630e-02
1.009850316840902630e-02
1.009850316840902630e-02
1.009850316840902630e-02
1.009850316840902630e-02
3.230616464067446320e-02
3.224067711339530934e-02
0.000000000000000000e+00
8.277957010536683355e-03
8.277957010536683355e-03
5.216666750607445134e-03
2.354369712026515085e-02
2.354369712026515085e-02
2.358168396041528461e-03
2.358168396041528461e-03
2.358168396041528461e-03
2.358168396041528461e-03
2.358168396041528461e-03
2.358168396041528461e-03
2.358168396041528461e-03
2.358168396041528461e-03
2.358168396041528461e-03
2.358168396041528461e-03
2.358168396041528461e-03
2.358168396041528461e-03
2.358168396041528461e-03
2.358168396041528461e-03
2.358168396041528461e-03
2.358168396041528461e-03
2.358168396041528461e-03
3.349268530006828653e-03
7.869654194712357581e-03
7.869654194712357581e-03
7.869654194712357581e-03
7.869654194712357581e-03
7.869654194712357581e-03
2.983655229699765793e-02
8.417354540588546739e-04
9.761868521373937013e-03
9.761868521373937013e-03
2.970795678366825419e-03
2.970795678366825419e-03
2.970795678366825419e-03
5.257973082202066321e-03
5.257973082202066321e-03
2.425296110645016809e-02
5.216666750607445134e-03
5.216666750607445134e-03
5.216666750607445134e-03
5.216666750607445134e-03
5.216666750607445134e-03
5.216666750607445134e-03
5.216666750607445134e-03
0.000000000000000000e+00
0.000000000000000000e+00
0.000000000000000000e+00
0.000000000000000000e+00
5.066376141390525889e-02
5.066376141390525889e-02
5.066376141390525889e-02
5.066376141390525889e-02
0.000000000000000000e+00
0.000000000000000000e+00
0.000000000000000000e+00
0.000000000000000000e+00
0.000000000000000000e+00
0.000000000000000000e+00
6.187822332623440016e-03
6.187822332623440016e-03
6.187822332623440016e-03
6.187822332623440016e-03
6.187822332623440016e-03
6.187822332623440016e-03
6.187822332623440016e-03
6.187822332623440016e-03
6.187822332623440016e-03
6.187822332623440016e-03
6.187822332623440016e-03
6.187822332623440016e-03
6.187822332623440016e-03
6.187822332623440016e-03
6.187822332623440016e-03
6.187822332623440016e-03
6.187822332623440016e-03
6.187822332623440016e-03
9.119349768883193777e-03
9.119349768883193777e-03
0.000000000000000000e+00
0.000000000000000000e+00
0.000000000000000000e+00
0.000000000000000000e+00
1.807579308467504708e-03
3.349268530006828653e-03
2.720278855111555477e-04
2.720278855111555477e-04
2.720278855111555477e-04
2.720278855111555477e-04
2.720278855111555477e-04
2.720278855111555477e-04
2.720278855111555477e-04
2.720278855111555477e-04
2.720278855111555477e-04
2.720278855111555477e-04
2.720278855111555477e-04
2.720278855111555477e-04
2.720278855111555477e-04
2.813490230857133845e-02
4.695466719388578791e-03
4.695466719388578791e-03
4.695466719388578791e-03
4.695466719388578791e-03
4.695466719388578791e-03
4.695466719388578791e-03
8.417354540588546739e-04
8.417354540588546739e-04
8.417354540588546739e-04
8.417354540588546739e-04
8.417354540588546739e-04
7.406624842449170644e-04
2.542507879239457123e-03
2.542507879239457123e-03
1.955659016178247500e-02
1.955659016178247500e-02
1.955659016178247500e-02
1.955659016178247500e-02
2.076375771723660071e-02
2.076375771723660071e-02
1.744356338375089742e-03
2.087282962791379634e-02
2.087282962791379634e-02
2.087282962791379634e-02
2.087282962791379634e-02
2.087282962791379634e-02
2.087282962791379634e-02
1.807579308467504708e-03
1.807579308467504708e-03
5.779298514539978060e-02
5.779298514539978060e-02
2.971792372931322465e-02
2.947748710125681904e-02
6.925225694869009902e-04
6.925225694869009902e-04
1.609609875897619058e-02
1.609609875897619058e-02
1.838414697767128472e-02
1.669245808843490553e-02
1.669245808843490553e-02
1.296284272221162256e-02
1.716132148099578508e-02
1.716132148099578508e-02
0.000000000000000000e+00
2.657797291003967041e-02
2.657797291003967041e-02
1.912232716672688376e-02
1.912232716672688376e-02
1.912232716672688376e-02
1.912232716672688376e-02
1.912232716672688376e-02
1.912232716672688376e-02
1.204478404813686884e-02
1.204478404813686884e-02
3.684884371427254220e-03
1.081581209838092944e-02
1.081581209838092944e-02
2.971792372931322465e-02
2.971792372931322465e-02
2.971792372931322465e-02
2.971792372931322465e-02
6.852954849772119501e-03
0.000000000000000000e+00
0.000000000000000000e+00
0.000000000000000000e+00
0.000000000000000000e+00
0.000000000000000000e+00
0.000000000000000000e+00
1.903878389055195172e-02
2.228366357159636268e-02
7.406624842449170644e-04
7.406624842449170644e-04
7.406624842449170644e-04
7.406624842449170644e-04
7.406624842449170644e-04
7.406624842449170644e-04
7.406624842449170644e-04
7.406624842449170644e-04
7.406624842449170644e-04
7.406624842449170644e-04
7.406624842449170644e-04
7.406624842449170644e-04
7.406624842449170644e-04
0.000000000000000000e+00
0.000000000000000000e+00
0.000000000000000000e+00
0.000000000000000000e+00
0.000000000000000000e+00
0.000000000000000000e+00
0.000000000000000000e+00
4.011504560757574861e-03
4.011504560757574861e-03
4.011504560757574861e-03
4.011504560757574861e-03
4.011504560757574861e-03
4.011504560757574861e-03
4.011504560757574861e-03
4.011504560757574861e-03
6.050865301191321773e-03
1.736366167834689500e-02
1.736366167834689500e-02
1.736366167834689500e-02
1.736366167834689500e-02
2.218607937968161952e-03
1.103070126577336725e-02
1.103070126577336725e-02
1.037562851625612424e-02
1.037562851625612424e-02
1.037562851625612424e-02
1.037562851625612424e-02
1.037562851625612424e-02
1.037562851625612424e-02
1.037562851625612424e-02
1.037562851625612424e-02
1.838414697767128472e-02
1.838414697767128472e-02
1.838414697767128472e-02
1.838414697767128472e-02
1.838414697767128472e-02
1.838414697767128472e-02
1.838414697767128472e-02
1.838414697767128472e-02
8.050291640548304720e-03
1.086086612811362241e-02
1.086086612811362241e-02
1.086086612811362241e-02
6.050865301191321773e-03
3.412231528716784274e-03
2.999972218884606676e-03
2.999972218884606676e-03
5.688363980987477982e-03
9.830572582521799122e-03
9.830572582521799122e-03
9.830572582521799122e-03
9.830572582521799122e-03
8.035554750120117370e-03
8.035554750120117370e-03
2.607735201996525757e-03
2.607735201996525757e-03
1.895698379952788157e-02
0.000000000000000000e+00
0.000000000000000000e+00
0.000000000000000000e+00
0.000000000000000000e+00
0.000000000000000000e+00
0.000000000000000000e+00
1.259875560614345802e-02
1.259875560614345802e-02
1.259875560614345802e-02
2.890475950820782340e-03
2.890475950820782340e-03
2.890475950820782340e-03
2.890475950820782340e-03
2.890475950820782340e-03
2.890475950820782340e-03
1.699092916319118809e-02
1.964571171306239705e-02
0.000000000000000000e+00
3.766951485876528227e-02
1.551990504273632020e-02
1.551990504273632020e-02
1.551990504273632020e-02
1.144378767462469332e-02
2.228366357159636268e-02
4.201181404147362464e-02
3.412231528716784274e-03
3.793232674773909519e-02
4.335613049997581042e-02
4.335613049997581042e-02
4.335613049997581042e-02
4.335613049997581042e-02
4.335613049997581042e-02
4.335613049997581042e-02
4.335613049997581042e-02
4.335613049997581042e-02
9.626614621122757745e-03
0.000000000000000000e+00
0.000000000000000000e+00
0.000000000000000000e+00
0.000000000000000000e+00
0.000000000000000000e+00
1.430348296283706112e-02
7.318323902108051296e-03
3.766951485876528227e-02
3.766951485876528227e-02
0.000000000000000000e+00
0.000000000000000000e+00
0.000000000000000000e+00
1.699092916319118809e-02
1.699092916319118809e-02
1.699092916319118809e-02
1.699092916319118809e-02
6.687889659361731694e-03
3.050286547989251775e-03
3.050286547989251775e-03
3.050286547989251775e-03
3.050286547989251775e-03
2.650365536446690207e-02
1.144378767462469332e-02
4.405784579911591753e-02
4.201181404147362464e-02
1.407186598070194264e-02
1.407186598070194264e-02
0.000000000000000000e+00
0.000000000000000000e+00
0.000000000000000000e+00
2.813490230857133845e-02
2.813490230857133845e-02
2.813490230857133845e-02
2.813490230857133845e-02
1.430348296283706112e-02
1.560122825434030920e-02
1.560122825434030920e-02
1.560122825434030920e-02
0.000000000000000000e+00
0.000000000000000000e+00
0.000000000000000000e+00
3.977382462247989678e-03
8.108921003144239914e-03
8.108921003144239914e-03
8.108921003144239914e-03
8.108921003144239914e-03
2.650365536446690207e-02
2.650365536446690207e-02
4.405784579911591753e-02
0.000000000000000000e+00
0.000000000000000000e+00
0.000000000000000000e+00
0.000000000000000000e+00
0.000000000000000000e+00
0.000000000000000000e+00
0.000000000000000000e+00
1.455465123647671152e-02
1.455465123647671152e-02
1.455465123647671152e-02
1.455465123647671152e-02
1.455465123647671152e-02
0.000000000000000000e+00
0.000000000000000000e+00
0.000000000000000000e+00
0.000000000000000000e+00
0.000000000000000000e+00
0.000000000000000000e+00
0.000000000000000000e+00
0.000000000000000000e+00
0.000000000000000000e+00
0.000000000000000000e+00
0.000000000000000000e+00
0.000000000000000000e+00
0.000000000000000000e+00
3.977382462247989678e-03
3.977382462247989678e-03
3.977382462247989678e-03
2.863116016902627139e-02
2.863116016902627139e-02
2.863116016902627139e-02
2.863116016902627139e-02
0.000000000000000000e+00
1.608233198579509752e-03
1.608233198579509752e-03
1.608233198579509752e-03
1.608233198579509752e-03
1.226341921023450972e-02
2.301569106322463865e-02
2.301569106322463865e-02
2.301569106322463865e-02
2.301569106322463865e-02
2.301569106322463865e-02
7.495205918074694836e-03
7.495205918074694836e-03
7.495205918074694836e-03
8.359741849209591930e-03
8.359741849209591930e-03
0.000000000000000000e+00
0.000000000000000000e+00
0.000000000000000000e+00
2.521538049840804652e-02
2.521538049840804652e-02
1.623098653080555509e-02
2.306260592819779978e-02
1.623098653080555509e-02
6.314893616958863580e-03
9.962944484720882409e-04
9.962944484720882409e-04
0.000000000000000000e+00
0.000000000000000000e+00
1.677878483134124382e-02
1.677878483134124382e-02
1.677878483134124382e-02
1.677878483134124382e-02
1.677878483134124382e-02
4.940956013372505701e-02
4.940956013372505701e-02
4.940956013372505701e-02
4.940956013372505701e-02
8.663373955480070318e-03
1.186892180686620769e-03
1.186892180686620769e-03
1.186892180686620769e-03
1.189605526473641421e-02
1.189605526473641421e-02
0.000000000000000000e+00
4.820474525451571429e-02
4.820474525451571429e-02
9.870800381774751456e-03
9.870800381774751456e-03
9.870800381774751456e-03
9.870800381774751456e-03
9.870800381774751456e-03
9.870800381774751456e-03
9.870800381774751456e-03
9.870800381774751456e-03
9.870800381774751456e-03
9.870800381774751456e-03
9.870800381774751456e-03
9.870800381774751456e-03
9.870800381774751456e-03
9.870800381774751456e-03
9.870800381774751456e-03
5.422626260891743807e-03
0.000000000000000000e+00
0.000000000000000000e+00
0.000000000000000000e+00
0.000000000000000000e+00
0.000000000000000000e+00
0.000000000000000000e+00
0.000000000000000000e+00
3.555658838228348967e-02
6.000026306082766742e-02
6.000026306082766742e-02
0.000000000000000000e+00
0.000000000000000000e+00
3.555658838228348967e-02
0.000000000000000000e+00
0.000000000000000000e+00
0.000000000000000000e+00
0.000000000000000000e+00
0.000000000000000000e+00
2.084241574515489914e-02
1.676555145409925132e-02
1.676555145409925132e-02
1.676555145409925132e-02
1.676555145409925132e-02
2.354604866511250671e-02
1.676555145409925132e-02
1.676555145409925132e-02
1.676555145409925132e-02
1.226341921023450972e-02
1.855596726657930684e-02
1.855596726657930684e-02
1.855596726657930684e-02
1.855596726657930684e-02
2.802719395485201576e-02
1.416583885787985921e-02
2.343118301844403228e-02
2.990961561237884606e-02
2.990961561237884606e-02
0.000000000000000000e+00
2.188414491011995977e-02
2.188414491011995977e-02
2.188414491011995977e-02
2.354604866511250671e-02
7.592387137010297993e-03
2.343118301844403228e-02
1.108565504459884526e-02
4.735143657898494181e-03
4.735143657898494181e-03
4.735143657898494181e-03
4.735143657898494181e-03
4.735143657898494181e-03
4.735143657898494181e-03
3.917173852571662930e-03
3.363952842341182831e-02
3.363952842341182831e-02
3.363952842341182831e-02
3.363952842341182831e-02
3.363952842341182831e-02
7.592387137010297993e-03
7.592387137010297993e-03
7.592387137010297993e-03
7.592387137010297993e-03
7.592387137010297993e-03
7.592387137010297993e-03
7.592387137010297993e-03
7.592387137010297993e-03
5.688363980987477982e-03
3.684884371427254220e-03
0.000000000000000000e+00
0.000000000000000000e+00
2.225116969267442249e-02
2.225116969267442249e-02
2.225116969267442249e-02
2.225116969267442249e-02
0.000000000000000000e+00
0.000000000000000000e+00
0.000000000000000000e+00
0.000000000000000000e+00
0.000000000000000000e+00
0.000000000000000000e+00
0.000000000000000000e+00
0.000000000000000000e+00
0.000000000000000000e+00
0.000000000000000000e+00
0.000000000000000000e+00
1.744356338375089742e-03
1.744356338375089742e-03
1.744356338375089742e-03
1.744356338375089742e-03
6.958119158964088009e-03
6.958119158964088009e-03
1.457046184166352126e-03
1.457046184166352126e-03
1.457046184166352126e-03
5.866447098943642670e-03
5.866447098943642670e-03
5.866447098943642670e-03
5.866447098943642670e-03
5.866447098943642670e-03
5.866447098943642670e-03
5.866447098943642670e-03
5.866447098943642670e-03
5.866447098943642670e-03
5.866447098943642670e-03
2.748390248234187233e-02
2.748390248234187233e-02
2.748390248234187233e-02
2.687149376819394919e-02
5.688363980987477982e-03
5.688363980987477982e-03
5.688363980987477982e-03
7.534944608982623894e-03
7.534944608982623894e-03
7.534944608982623894e-03
7.534944608982623894e-03
7.534944608982623894e-03
7.534944608982623894e-03
7.534944608982623894e-03
7.534944608982623894e-03
3.730733632337771954e-03
3.730733632337771954e-03
3.730733632337771954e-03
3.730733632337771954e-03
3.730733632337771954e-03
3.730733632337771954e-03
8.354805238531685593e-03
8.354805238531685593e-03
8.354805238531685593e-03
8.354805238531685593e-03
8.354805238531685593e-03
8.354805238531685593e-03
6.852954849772119501e-03
6.852954849772119501e-03
6.852954849772119501e-03
6.852954849772119501e-03
6.852954849772119501e-03
6.852954849772119501e-03
6.852954849772119501e-03
6.852954849772119501e-03
6.852954849772119501e-03
6.852954849772119501e-03
6.852954849772119501e-03
6.852954849772119501e-03
4.836913613002855050e-03
4.836913613002855050e-03
9.909127425135505138e-03
9.909127425135505138e-03
9.909127425135505138e-03
4.603363058979334510e-02
4.689863788052619359e-02
4.695156867158472441e-03
4.695156867158472441e-03
1.866864440571679509e-02
1.272013284783453900e-02
3.205062525541799850e-02
3.205062525541799850e-02
0.000000000000000000e+00
0.000000000000000000e+00
0.000000000000000000e+00
0.000000000000000000e+00
0.000000000000000000e+00
3.286219811786271483e-02
3.286219811786271483e-02
1.472921938799431375e-02
1.472921938799431375e-02
1.866864440571679509e-02
1.967563536697594651e-02
1.967563536697594651e-02
1.967563536697594651e-02
1.967563536697594651e-02
1.108565504459884526e-02
5.091951007371283214e-03
5.091951007371283214e-03
4.424272140425581680e-03
4.424272140425581680e-03
3.328071712440053287e-02
0.000000000000000000e+00
0.000000000000000000e+00
0.000000000000000000e+00
0.000000000000000000e+00
0.000000000000000000e+00
0.000000000000000000e+00
0.000000000000000000e+00
0.000000000000000000e+00
0.000000000000000000e+00
9.713644073859170960e-03
1.108565504459884526e-02
1.073613530613800639e-02
1.073613530613800639e-02
1.073613530613800639e-02
1.073613530613800639e-02
2.562990479155759921e-02
2.562990479155759921e-02
0.000000000000000000e+00
0.000000000000000000e+00
0.000000000000000000e+00
0.000000000000000000e+00
9.670044143373950768e-03
9.670044143373950768e-03
0.000000000000000000e+00
1.891188318988647199e-02
1.891188318988647199e-02
6.321846085450198889e-03
6.321846085450198889e-03
6.321846085450198889e-03
0.000000000000000000e+00
0.000000000000000000e+00
0.000000000000000000e+00
0.000000000000000000e+00
0.000000000000000000e+00
0.000000000000000000e+00
0.000000000000000000e+00
0.000000000000000000e+00
0.000000000000000000e+00
0.000000000000000000e+00
0.000000000000000000e+00
0.000000000000000000e+00
0.000000000000000000e+00
0.000000000000000000e+00
0.000000000000000000e+00
0.000000000000000000e+00
0.000000000000000000e+00
0.000000000000000000e+00
0.000000000000000000e+00
2.501673214846604834e-02
2.664287753370749457e-03
2.664287753370749457e-03
2.664287753370749457e-03
3.460428553188114875e-03
3.460428553188114875e-03
3.460428553188114875e-03
3.460428553188114875e-03
2.351202932720627276e-02
2.351202932720627276e-02
2.351202932720627276e-02
2.972454050505654263e-04
2.972454050505654263e-04
2.972454050505654263e-04
0.000000000000000000e+00
0.000000000000000000e+00
4.210217811874497791e-03
4.210217811874497791e-03
0.000000000000000000e+00
0.000000000000000000e+00
1.396532379249870899e-02
1.396532379249870899e-02
1.913450062188005313e-02
1.298978216809650033e-02
6.716713329012037603e-02
6.716713329012037603e-02
0.000000000000000000e+00
0.000000000000000000e+00
1.897394122090120816e-02
2.260668664397816677e-02
2.131039934875289098e-03
2.131039934875289098e-03
2.131039934875289098e-03
2.131039934875289098e-03
2.977545514869138054e-03
2.977545514869138054e-03
2.977545514869138054e-03
2.977545514869138054e-03
4.211035074875838131e-05
1.919724778548464561e-04
3.228981189285483333e-02
3.228981189285483333e-02
3.228981189285483333e-02
3.917173852571662930e-03
3.917173852571662930e-03
0.000000000000000000e+00
0.000000000000000000e+00
0.000000000000000000e+00
0.000000000000000000e+00
0.000000000000000000e+00
0.000000000000000000e+00
2.771690164787393718e-02
2.771690164787393718e-02
2.771690164787393718e-02
3.032937550593149678e-02
3.316395347022973311e-02
3.316395347022973311e-02
1.913450062188005313e-02
5.825321000989192727e-03
5.825321000989192727e-03
0.000000000000000000e+00
0.000000000000000000e+00
0.000000000000000000e+00
0.000000000000000000e+00
9.971912608218147164e-03
9.971912608218147164e-03
9.971912608218147164e-03
9.971912608218147164e-03
9.971912608218147164e-03
9.971912608218147164e-03
9.971912608218147164e-03
1.203546423960048448e-02
1.203546423960048448e-02
2.831635216627416407e-02
2.831635216627416407e-02
2.831635216627416407e-02
0.000000000000000000e+00
0.000000000000000000e+00
0.000000000000000000e+00
0.000000000000000000e+00
0.000000000000000000e+00
0.000000000000000000e+00
2.292302194429687509e-02
2.272042764540675025e-02
2.272042764540675025e-02
2.272042764540675025e-02
2.272042764540675025e-02
2.272042764540675025e-02
2.272042764540675025e-02
2.272042764540675025e-02
2.272042764540675025e-02
2.272042764540675025e-02
2.272042764540675025e-02
2.272042764540675025e-02
2.272042764540675025e-02
2.272042764540675025e-02
2.272042764540675025e-02
0.000000000000000000e+00
0.000000000000000000e+00
0.000000000000000000e+00
0.000000000000000000e+00
0.000000000000000000e+00
0.000000000000000000e+00
0.000000000000000000e+00
0.000000000000000000e+00
0.000000000000000000e+00
2.937178228588904413e-02
2.937178228588904413e-02
2.937178228588904413e-02
2.937178228588904413e-02
8.050291640548304720e-03
8.050291640548304720e-03
8.050291640548304720e-03
8.050291640548304720e-03
3.427865082200245734e-03
1.690492404319550261e-04
1.690492404319550261e-04
0.000000000000000000e+00
0.000000000000000000e+00
0.000000000000000000e+00
0.000000000000000000e+00
0.000000000000000000e+00
0.000000000000000000e+00
3.427865082200245734e-03
2.431929317023324988e-02
0.000000000000000000e+00
0.000000000000000000e+00
0.000000000000000000e+00
8.663373955480070318e-03
8.663373955480070318e-03
8.663373955480070318e-03
8.663373955480070318e-03
0.000000000000000000e+00
0.000000000000000000e+00
0.000000000000000000e+00
0.000000000000000000e+00
0.000000000000000000e+00
0.000000000000000000e+00
0.000000000000000000e+00
0.000000000000000000e+00
0.000000000000000000e+00
0.000000000000000000e+00
5.771009174150585133e-03
5.771009174150585133e-03
1.226341921023450972e-02
1.226341921023450972e-02
1.226341921023450972e-02
8.119875813026661976e-03
3.751106566306396887e-03
3.751106566306396887e-03
3.751106566306396887e-03
3.751106566306396887e-03
3.751106566306396887e-03
3.751106566306396887e-03
3.751106566306396887e-03
0.000000000000000000e+00
1.470433178738495168e-02
1.470433178738495168e-02
7.970935282691450283e-03
1.769936822907355184e-02
4.706042681105703646e-03
4.706042681105703646e-03
4.706042681105703646e-03
4.706042681105703646e-03
4.706042681105703646e-03
4.706042681105703646e-03
2.466885918157823640e-02
2.466885918157823640e-02
2.466885918157823640e-02
2.466885918157823640e-02
2.466885918157823640e-02
2.466885918157823640e-02
2.466885918157823640e-02
2.466885918157823640e-02
2.466885918157823640e-02
2.466885918157823640e-02
2.466885918157823640e-02
2.084241574515489914e-02
2.193562596869114839e-02
3.832957128047748737e-03
3.832957128047748737e-03
3.832957128047748737e-03
3.832957128047748737e-03
3.832957128047748737e-03
3.832957128047748737e-03
3.832957128047748737e-03
3.832957128047748737e-03
3.832957128047748737e-03
3.832957128047748737e-03
2.017877277045132881e-02
2.017877277045132881e-02
2.017877277045132881e-02
2.017877277045132881e-02
2.017877277045132881e-02
2.017877277045132881e-02
2.017877277045132881e-02
2.017877277045132881e-02
6.369887115871769936e-04
6.369887115871769936e-04
6.369887115871769936e-04
6.369887115871769936e-04
7.279017608723277986e-03
7.279017608723277986e-03
3.230616464067446320e-02
3.230616464067446320e-02
3.230616464067446320e-02
0.000000000000000000e+00
0.000000000000000000e+00
0.000000000000000000e+00
0.000000000000000000e+00
0.000000000000000000e+00
0.000000000000000000e+00
1.430131285528876521e-02
1.430131285528876521e-02
1.430131285528876521e-02
4.280378828044083261e-02
4.280378828044083261e-02
2.425296110645016809e-02
2.425296110645016809e-02
1.728266422989487711e-02
1.728266422989487711e-02
8.870853215524634322e-03
8.870853215524634322e-03
1.464752147075237300e-02
1.464752147075237300e-02
2.124301245123899964e-02
2.124301245123899964e-02
1.804665577358126327e-02
1.804665577358126327e-02
1.549925784156030995e-02
1.549925784156030995e-02
1.549925784156030995e-02
1.549925784156030995e-02
7.481797556790402079e-03
3.081462101700856160e-02
3.081462101700856160e-02
3.081462101700856160e-02
2.033183540540065351e-02
2.969305648995392791e-03
2.969305648995392791e-03
0.000000000000000000e+00
2.477151826617909544e-02
2.477151826617909544e-02
4.289331195782438572e-02
4.289331195782438572e-02
0.000000000000000000e+00
0.000000000000000000e+00
0.000000000000000000e+00
0.000000000000000000e+00
1.457542723602588824e-02
1.457542723602588824e-02
2.218607937968161952e-03
8.356141337932882288e-03
1.082734712134740714e-02
1.082734712134740714e-02
1.082734712134740714e-02
0.000000000000000000e+00
0.000000000000000000e+00
8.119875813026661976e-03
8.119875813026661976e-03
8.356141337932882288e-03
4.897411672390784149e-02
4.897411672390784149e-02
4.897411672390784149e-02
4.897411672390784149e-02
2.699255796985115113e-02
0.000000000000000000e+00
0.000000000000000000e+00
1.430348296283706112e-02
1.430348296283706112e-02
1.430348296283706112e-02
1.319394223067059564e-02
1.424788228886091600e-02
1.424788228886091600e-02
1.662644086941200347e-02
2.898247213213483390e-03
2.292302194429687509e-02
2.292302194429687509e-02
6.967451405209373590e-04
6.967451405209373590e-04
2.501673214846604834e-02
2.501673214846604834e-02
3.464446353664155792e-02
3.464446353664155792e-02
3.464446353664155792e-02
3.464446353664155792e-02
3.464446353664155792e-02
3.464446353664155792e-02
0.000000000000000000e+00
1.662644086941200347e-02
1.662644086941200347e-02
0.000000000000000000e+00
1.582582531841163903e-02
1.175790558452562097e-03
0.000000000000000000e+00
1.296284272221162256e-02
1.296284272221162256e-02
1.296284272221162256e-02
0.000000000000000000e+00
0.000000000000000000e+00
0.000000000000000000e+00
0.000000000000000000e+00
0.000000000000000000e+00
0.000000000000000000e+00
4.097107877537759478e-03
4.097107877537759478e-03
4.097107877537759478e-03
4.097107877537759478e-03
4.761069657204045243e-03
4.211035074875838131e-05
1.072387581054817969e-02
1.072387581054817969e-02
1.072387581054817969e-02
1.072387581054817969e-02
1.072387581054817969e-02
1.072387581054817969e-02
1.072387581054817969e-02
1.072387581054817969e-02
1.072387581054817969e-02
1.072387581054817969e-02
1.072387581054817969e-02
1.072387581054817969e-02
1.072387581054817969e-02
1.072387581054817969e-02
1.072387581054817969e-02
0.000000000000000000e+00
0.000000000000000000e+00
0.000000000000000000e+00
8.785194602399702679e-03
8.785194602399702679e-03
8.785194602399702679e-03
8.785194602399702679e-03
8.785194602399702679e-03
8.785194602399702679e-03
8.785194602399702679e-03
8.785194602399702679e-03
8.785194602399702679e-03
4.761069657204045243e-03
4.761069657204045243e-03
0.000000000000000000e+00
0.000000000000000000e+00
0.000000000000000000e+00
0.000000000000000000e+00
2.402466554199522361e-02
2.402466554199522361e-02
2.402466554199522361e-02
2.402466554199522361e-02
2.402466554199522361e-02
2.402466554199522361e-02
5.665626370893443731e-02
5.665626370893443731e-02
0.000000000000000000e+00
0.000000000000000000e+00
1.479401565276893676e-02
1.479401565276893676e-02
0.000000000000000000e+00
0.000000000000000000e+00
1.462521748154092457e-02
1.462521748154092457e-02
4.603363058979334510e-02
3.985764617505622304e-02
3.985764617505622304e-02
3.985764617505622304e-02
3.985764617505622304e-02
0.000000000000000000e+00
0.000000000000000000e+00
0.000000000000000000e+00
0.000000000000000000e+00
3.036437791479089203e-03
3.036437791479089203e-03
6.541102697256046331e-03
5.847771806115713115e-03
1.167482074916049821e-02
9.033406980345909387e-03
9.033406980345909387e-03
2.070725863820066168e-02
3.119465071522338137e-02
5.036261107646446654e-03
5.036261107646446654e-03
6.541102697256046331e-03
0.000000000000000000e+00
1.167482074916049821e-02
2.070725863820066168e-02
2.070725863820066168e-02
2.070725863820066168e-02
2.070725863820066168e-02
5.352786453173448422e-02
6.024227677872556752e-02
6.024227677872556752e-02
7.964541442285900941e-03
7.964541442285900941e-03
3.533764131173394198e-03
3.533764131173394198e-03
0.000000000000000000e+00
0.000000000000000000e+00
0.000000000000000000e+00
0.000000000000000000e+00
0.000000000000000000e+00
0.000000000000000000e+00
0.000000000000000000e+00
0.000000000000000000e+00
0.000000000000000000e+00
0.000000000000000000e+00
1.684408693755898084e-03
1.636905682821473973e-02
1.636905682821473973e-02
2.802719395485201576e-02
2.802719395485201576e-02
2.802719395485201576e-02
2.802719395485201576e-02
2.802719395485201576e-02
2.802719395485201576e-02
2.802719395485201576e-02
3.948449372169548360e-02
1.289097729432406303e-02
1.289097729432406303e-02
1.193341381526715275e-02
2.193562596869114839e-02
4.603363058979334510e-02
1.684408693755898084e-03
1.684408693755898084e-03
1.684408693755898084e-03
1.684408693755898084e-03
1.684408693755898084e-03
1.684408693755898084e-03
1.684408693755898084e-03
1.684408693755898084e-03
1.684408693755898084e-03
1.684408693755898084e-03
5.352786453173448422e-02
4.730466840026792061e-03
4.730466840026792061e-03
4.285985619491723513e-03
4.285985619491723513e-03
1.662347905692466987e-02
1.189810528968295554e-02
1.189810528968295554e-02
0.000000000000000000e+00
0.000000000000000000e+00
0.000000000000000000e+00
0.000000000000000000e+00
6.492147628682651272e-03
6.492147628682651272e-03
0.000000000000000000e+00
0.000000000000000000e+00
1.334583363370806137e-02
1.334583363370806137e-02
1.334583363370806137e-02
1.334583363370806137e-02
1.334583363370806137e-02
1.334583363370806137e-02
5.969316184077287819e-03
0.000000000000000000e+00
0.000000000000000000e+00
6.610537849062058822e-04
6.610537849062058822e-04
6.610537849062058822e-04
6.610537849062058822e-04
4.380047015811765893e-02
6.194565560278820701e-03
6.194565560278820701e-03
6.194565560278820701e-03
6.194565560278820701e-03
6.194565560278820701e-03
6.194565560278820701e-03
6.194565560278820701e-03
6.194565560278820701e-03
6.194565560278820701e-03
6.194565560278820701e-03
6.194565560278820701e-03
1.499337236172746182e-02
3.202415780656563821e-03
3.202415780656563821e-03
3.202415780656563821e-03
3.202415780656563821e-03
3.202415780656563821e-03
3.202415780656563821e-03
3.202415780656563821e-03
3.202415780656563821e-03
3.202415780656563821e-03
3.202415780656563821e-03
3.202415780656563821e-03
1.436308596966673519e-02
9.626614621122757745e-03
3.793232674773909519e-02
1.547871283336637802e-02
1.547871283336637802e-02
0.000000000000000000e+00
0.000000000000000000e+00
0.000000000000000000e+00
0.000000000000000000e+00
0.000000000000000000e+00
0.000000000000000000e+00
0.000000000000000000e+00
0.000000000000000000e+00
0.000000000000000000e+00
0.000000000000000000e+00
7.411948888100533019e-03
7.411948888100533019e-03
7.411948888100533019e-03
7.411948888100533019e-03
2.260668664397816677e-02
8.899071368717627328e-03
8.899071368717627328e-03
