3.376008911129622231e-02
0.000000000000000000e+00
0.000000000000000000e+00
6.219451401075681146e-02
1.065293106385611366e-01
1.065293106385611366e-01
1.065293106385611366e-01
1.065293106385611366e-01
1.925681733412689528e-02
1.591469574820173318e-03
1.591469574820173318e-03
1.591469574820173318e-03
1.591469574820173318e-03
1.591469574820173318e-03
1.591469574820173318e-03
1.591469574820173318e-03
1.591469574820173318e-03
4.799161174547619813e-02
2.088041455480714459e-02
2.088041455480714459e-02
2.088041455480714459e-02
2.088041455480714459e-02
2.088041455480714459e-02
2.088041455480714459e-02
7.846700203950958408e-03
2.016875164341142695e-02
2.016875164341142695e-02
2.016875164341142695e-02
2.016875164341142695e-02
0.000000000000000000e+00
0.000000000000000000e+00
0.000000000000000000e+00
1.328992086042847694e-02
1.073886732966572964e-02
1.073886732966572964e-02
1.073886732966572964e-02
1.073886732966572964e-02
1.073886732966572964e-02
1.073886732966572964e-02
1.466483907027040477e-02
1.466483907027040477e-02
1.466483907027040477e-02
1.466483907027040477e-02
1.466483907027040477e-02
1.466483907027040477e-02
1.466483907027040477e-02
1.466483907027040477e-02
1.466483907027040477e-02
1.466483907027040477e-02
1.466483907027040477e-02
1.034754951945142864e-03
1.034754951945142864e-03
1.034754951945142864e-03
1.034754951945142864e-03
1.034754951945142864e-03
1.034754951945142864e-03
1.034754951945142864e-03
1.034754951945142864e-03
1.034754951945142864e-03
1.034754951945142864e-03
1.034754951945142864e-03
1.034754951945142864e-03
1.034754951945142864e-03
3.376008911129622231e-02
3.376008911129622231e-02
0.000000000000000000e+00
3.376008911129622231e-02
3.376008911129622231e-02
3.376008911129622231e-02
3.376008911129622231e-02
3.376008911129622231e-02
6.219451401075681146e-02
6.219451401075681146e-02
6.219451401075681146e-02
6.219451401075681146e-02
6.219451401075681146e-02
6.219451401075681146e-02
2.432132161298214065e-02
2.432132161298214065e-02
2.432132161298214065e-02
2.432132161298214065e-02
2.432132161298214065e-02
5.629979762311503218e-03
2.432132161298214065e-02
4.799161174547619813e-02
4.799161174547619813e-02
4.799161174547619813e-02
4.799161174547619813e-02
4.799161174547619813e-02
4.799161174547619813e-02
4.799161174547619813e-02
4.799161174547619813e-02
4.799161174547619813e-02
4.799161174547619813e-02
7.846700203950958408e-03
7.846700203950958408e-03
7.846700203950958408e-03
7.846700203950958408e-03
7.846700203950958408e-03
7.846700203950958408e-03
0.000000000000000000e+00
0.000000000000000000e+00
0.000000000000000000e+00
0.000000000000000000e+00
0.000000000000000000e+00
0.000000000000000000e+00
0.000000000000000000e+00
0.000000000000000000e+00
0.000000000000000000e+00
0.000000000000000000e+00
0.000000000000000000e+00
0.000000000000000000e+00
1.328992086042847694e-02
1.328992086042847694e-02
1.328992086042847694e-02
1.328992086042847694e-02
1.257181524093309993e-02
6.772042339142442247e-03
6.772042339142442247e-03
2.941625862639137695e-02
3.035051579640633476e-02
3.035051579640633476e-02
1.360897239130770542e-01
1.360897239130770542e-01
1.360897239130770542e-01
1.360897239130770542e-01
1.360897239130770542e-01
1.360897239130770542e-01
1.360897239130770542e-01
1.360897239130770542e-01
1.360897239130770542e-01
1.360897239130770542e-01
1.360897239130770542e-01
0.000000000000000000e+00
1.102241166945318838e-02
1.102241166945318838e-02
1.102241166945318838e-02
1.102241166945318838e-02
1.102241166945318838e-02
1.102241166945318838e-02
1.102241166945318838e-02
1.102241166945318838e-02
1.102241166945318838e-02
1.102241166945318838e-02
1.102241166945318838e-02
1.102241166945318838e-02
1.102241166945318838e-02
1.102241166945318838e-02
1.102241166945318838e-02
5.629979762311503218e-03
5.629979762311503218e-03
5.629979762311503218e-03
5.629979762311503218e-03
5.629979762311503218e-03
5.629979762311503218e-03
5.629979762311503218e-03
2.179699229483133757e-02
2.179699229483133757e-02
2.179699229483133757e-02
2.179699229483133757e-02
2.179699229483133757e-02
2.179699229483133757e-02
2.179699229483133757e-02
2.179699229483133757e-02
2.179699229483133757e-02
2.179699229483133757e-02
2.179699229483133757e-02
7.647866766657428206e-03
2.566206311425741834e-02
2.566206311425741834e-02
3.669600619627978451e-04
1.249690134473075906e-02
1.249690134473075906e-02
1.249690134473075906e-02
1.249690134473075906e-02
0.000000000000000000e+00
0.000000000000000000e+00
0.000000000000000000e+00
0.000000000000000000e+00
0.000000000000000000e+00
0.000000000000000000e+00
0.000000000000000000e+00
0.000000000000000000e+00
2.106239003682890826e-02
3.268960142447156075e-02
3.268960142447156075e-02
3.268960142447156075e-02
3.268960142447156075e-02
3.268960142447156075e-02
3.268960142447156075e-02
3.268960142447156075e-02
3.268960142447156075e-02
3.268960142447156075e-02
3.268960142447156075e-02
1.514214273638640404e-02
1.257181524093309993e-02
1.257181524093309993e-02
1.257181524093309993e-02
1.257181524093309993e-02
1.257181524093309993e-02
1.514214273638640404e-02
2.941625862639137695e-02
3.593373142441873801e-03
3.593373142441873801e-03
3.593373142441873801e-03
3.593373142441873801e-03
3.593373142441873801e-03
3.593373142441873801e-03
3.000645727180515157e-03
1.050521323883143315e-02
1.050521323883143315e-02
1.050521323883143315e-02
1.050521323883143315e-02
1.050521323883143315e-02
1.050521323883143315e-02
1.050521323883143315e-02
1.050521323883143315e-02
1.050521323883143315e-02
1.050521323883143315e-02
1.050521323883143315e-02
1.050521323883143315e-02
5.971442696288084898e-03
5.971442696288084898e-03
5.971442696288084898e-03
5.971442696288084898e-03
5.971442696288084898e-03
5.971442696288084898e-03
5.971442696288084898e-03
5.971442696288084898e-03
5.971442696288084898e-03
5.971442696288084898e-03
5.971442696288084898e-03
5.971442696288084898e-03
5.971442696288084898e-03
5.971442696288084898e-03
5.971442696288084898e-03
7.647866766657428206e-03
7.647866766657428206e-03
7.647866766657428206e-03
7.647866766657428206e-03
7.647866766657428206e-03
7.647866766657428206e-03
7.647866766657428206e-03
7.647866766657428206e-03
7.647866766657428206e-03
7.647866766657428206e-03
7.647866766657428206e-03
7.647866766657428206e-03
0.000000000000000000e+00
0.000000000000000000e+00
0.000000000000000000e+00
0.000000000000000000e+00
0.000000000000000000e+00
0.000000000000000000e+00
0.000000000000000000e+00
0.000000000000000000e+00
3.649836536783399900e-03
8.606389444794280280e-03
3.649836536783399900e-03
3.649836536783399900e-03
3.649836536783399900e-03
3.649836536783399900e-03
3.649836536783399900e-03
3.649836536783399900e-03
3.649836536783399900e-03
3.649836536783399900e-03
3.649836536783399900e-03
3.649836536783399900e-03
3.649836536783399900e-03
3.649836536783399900e-03
3.649836536783399900e-03
8.606389444794280280e-03
1.117628817311898254e-01
8.329952541136262378e-03
8.329952541136262378e-03
8.329952541136262378e-03
8.329952541136262378e-03
0.000000000000000000e+00
1.755006106417972625e-02
1.755006106417972625e-02
1.994355344348180611e-02
2.453553840137197295e-02
2.453553840137197295e-02
2.453553840137197295e-02
2.453553840137197295e-02
2.453553840137197295e-02
2.453553840137197295e-02
1.247290595537235182e-02
6.751228937033967523e-03
6.751228937033967523e-03
6.751228937033967523e-03
6.751228937033967523e-03
6.751228937033967523e-03
6.751228937033967523e-03
6.751228937033967523e-03
6.751228937033967523e-03
2.926570733879697156e-02
2.926570733879697156e-02
2.926570733879697156e-02
2.926570733879697156e-02
2.926570733879697156e-02
2.926570733879697156e-02
2.926570733879697156e-02
2.926570733879697156e-02
2.926570733879697156e-02
2.926570733879697156e-02
2.926570733879697156e-02
2.926570733879697156e-02
2.926570733879697156e-02
1.334781729252021779e-02
1.334781729252021779e-02
1.334781729252021779e-02
1.334781729252021779e-02
1.334781729252021779e-02
1.334781729252021779e-02
1.334781729252021779e-02
1.334781729252021779e-02
1.334781729252021779e-02
1.334781729252021779e-02
1.334781729252021779e-02
1.334781729252021779e-02
1.334781729252021779e-02
9.328647004964699119e-02
3.928096230870128935e-02
3.928096230870128935e-02
3.928096230870128935e-02
3.928096230870128935e-02
0.000000000000000000e+00
0.000000000000000000e+00
0.000000000000000000e+00
5.969786549850016055e-02
5.225867781859429989e-02
5.225867781859429989e-02
5.225867781859429989e-02
5.225867781859429989e-02
4.052258556171519852e-03
4.052258556171519852e-03
4.052258556171519852e-03
4.052258556171519852e-03
4.052258556171519852e-03
4.052258556171519852e-03
4.052258556171519852e-03
4.052258556171519852e-03
4.052258556171519852e-03
4.052258556171519852e-03
4.052258556171519852e-03
4.052258556171519852e-03
4.052258556171519852e-03
4.052258556171519852e-03
4.052258556171519852e-03
4.052258556171519852e-03
4.052258556171519852e-03
4.052258556171519852e-03
4.052258556171519852e-03
2.323239364674581711e-02
2.323239364674581711e-02
2.323239364674581711e-02
2.323239364674581711e-02
2.323239364674581711e-02
2.323239364674581711e-02
2.323239364674581711e-02
2.323239364674581711e-02
2.323239364674581711e-02
2.323239364674581711e-02
2.323239364674581711e-02
2.323239364674581711e-02
2.323239364674581711e-02
2.323239364674581711e-02
2.323239364674581711e-02
0.000000000000000000e+00
2.185611852539653260e-02
2.185611852539653260e-02
2.185611852539653260e-02
2.185611852539653260e-02
2.185611852539653260e-02
2.185611852539653260e-02
4.711260838351508107e-03
1.481984370744995243e-03
1.481984370744995243e-03
0.000000000000000000e+00
1.129424450259499182e-02
1.129424450259499182e-02
1.129424450259499182e-02
1.129424450259499182e-02
1.129424450259499182e-02
1.129424450259499182e-02
1.129424450259499182e-02
1.129424450259499182e-02
1.129424450259499182e-02
1.129424450259499182e-02
1.129424450259499182e-02
1.129424450259499182e-02
1.129424450259499182e-02
1.129424450259499182e-02
6.314577554301419038e-02
3.729057104376393844e-02
3.729057104376393844e-02
2.909264895027611000e-02
3.729057104376393844e-02
1.094940766855071954e-02
2.130014496434669974e-02
2.130014496434669974e-02
2.130014496434669974e-02
2.130014496434669974e-02
2.130014496434669974e-02
2.130014496434669974e-02
2.130014496434669974e-02
2.130014496434669974e-02
1.548442602217888322e-03
0.000000000000000000e+00
0.000000000000000000e+00
0.000000000000000000e+00
0.000000000000000000e+00
0.000000000000000000e+00
0.000000000000000000e+00
0.000000000000000000e+00
0.000000000000000000e+00
0.000000000000000000e+00
0.000000000000000000e+00
9.328647004964699119e-02
3.445705280720329916e-02
3.445705280720329916e-02
4.711260838351508107e-03
4.711260838351508107e-03
4.711260838351508107e-03
4.711260838351508107e-03
4.711260838351508107e-03
4.711260838351508107e-03
4.711260838351508107e-03
4.711260838351508107e-03
5.344768064019084913e-03
2.402600655802629090e-02
2.402600655802629090e-02
2.402600655802629090e-02
2.402600655802629090e-02
2.402600655802629090e-02
2.402600655802629090e-02
2.402600655802629090e-02
2.402600655802629090e-02
2.402600655802629090e-02
2.402600655802629090e-02
2.402600655802629090e-02
2.402600655802629090e-02
5.026761173467004032e-03
5.026761173467004032e-03
5.026761173467004032e-03
5.026761173467004032e-03
5.026761173467004032e-03
5.026761173467004032e-03
5.026761173467004032e-03
5.026761173467004032e-03
5.026761173467004032e-03
5.026761173467004032e-03
5.026761173467004032e-03
5.026761173467004032e-03
5.026761173467004032e-03
5.026761173467004032e-03
5.026761173467004032e-03
1.248547747570404737e-02
9.180611060622250255e-03
9.180611060622250255e-03
1.885094617523438987e-02
1.455529446314141918e-02
1.455529446314141918e-02
1.455529446314141918e-02
1.455529446314141918e-02
1.455529446314141918e-02
1.455529446314141918e-02
1.455529446314141918e-02
1.455529446314141918e-02
1.455529446314141918e-02
1.455529446314141918e-02
2.856570366054784690e-02
2.856570366054784690e-02
2.856570366054784690e-02
2.856570366054784690e-02
2.856570366054784690e-02
2.856570366054784690e-02
2.856570366054784690e-02
2.856570366054784690e-02
2.856570366054784690e-02
2.856570366054784690e-02
2.856570366054784690e-02
9.927962336092433643e-03
3.105947597867146377e-03
3.105947597867146377e-03
1.548442602217888322e-03
1.548442602217888322e-03
1.548442602217888322e-03
1.548442602217888322e-03
1.548442602217888322e-03
1.548442602217888322e-03
7.143533143540377155e-03
1.039062135013403771e-03
1.039062135013403771e-03
1.039062135013403771e-03
1.039062135013403771e-03
1.039062135013403771e-03
1.039062135013403771e-03
1.039062135013403771e-03
1.039062135013403771e-03
1.039062135013403771e-03
1.039062135013403771e-03
1.039062135013403771e-03
1.039062135013403771e-03
3.273427410279754375e-03
3.273427410279754375e-03
3.273427410279754375e-03
3.273427410279754375e-03
3.273427410279754375e-03
3.273427410279754375e-03
3.273427410279754375e-03
3.273427410279754375e-03
3.273427410279754375e-03
3.273427410279754375e-03
3.273427410279754375e-03
8.869329890500872709e-04
9.972979446623052649e-03
9.972979446623052649e-03
3.905138105541731876e-03
2.645537175993823136e-03
2.645537175993823136e-03
2.273298483708279319e-02
2.273298483708279319e-02
2.273298483708279319e-02
2.273298483708279319e-02
2.273298483708279319e-02
2.273298483708279319e-02
2.273298483708279319e-02
2.273298483708279319e-02
2.273298483708279319e-02
2.273298483708279319e-02
2.273298483708279319e-02
2.273298483708279319e-02
2.273298483708279319e-02
2.839917333729869223e-02
9.650263207364466814e-03
9.650263207364466814e-03
9.650263207364466814e-03
9.650263207364466814e-03
9.650263207364466814e-03
9.650263207364466814e-03
9.650263207364466814e-03
9.650263207364466814e-03
9.650263207364466814e-03
9.650263207364466814e-03
9.650263207364466814e-03
9.650263207364466814e-03
9.650263207364466814e-03
9.650263207364466814e-03
2.083558533076338218e-02
2.083558533076338218e-02
2.083558533076338218e-02
4.409241765072248465e-02
2.083558533076338218e-02
2.083558533076338218e-02
2.083558533076338218e-02
2.083558533076338218e-02
2.083558533076338218e-02
4.409241765072248465e-02
2.083558533076338218e-02
2.083558533076338218e-02
2.083558533076338218e-02
2.083558533076338218e-02
2.083558533076338218e-02
4.409241765072248465e-02
4.409241765072248465e-02
4.409241765072248465e-02
4.409241765072248465e-02
4.409241765072248465e-02
1.394890388953965528e-04
1.377341724564559548e-02
1.377341724564559548e-02
1.377341724564559548e-02
1.377341724564559548e-02
1.377341724564559548e-02
1.377341724564559548e-02
0.000000000000000000e+00
0.000000000000000000e+00
0.000000000000000000e+00
0.000000000000000000e+00
0.000000000000000000e+00
8.869329890500872709e-04
8.869329890500872709e-04
8.869329890500872709e-04
8.869329890500872709e-04
8.869329890500872709e-04
8.869329890500872709e-04
8.869329890500872709e-04
8.869329890500872709e-04
8.869329890500872709e-04
8.869329890500872709e-04
3.905138105541731876e-03
3.905138105541731876e-03
3.905138105541731876e-03
3.905138105541731876e-03
3.905138105541731876e-03
3.905138105541731876e-03
3.905138105541731876e-03
3.905138105541731876e-03
3.617124779633459908e-02
3.617124779633459908e-02
3.617124779633459908e-02
3.617124779633459908e-02
3.617124779633459908e-02
3.617124779633459908e-02
3.617124779633459908e-02
3.617124779633459908e-02
3.617124779633459908e-02
3.617124779633459908e-02
3.617124779633459908e-02
0.000000000000000000e+00
0.000000000000000000e+00
0.000000000000000000e+00
1.394890388953965528e-04
1.394890388953965528e-04
1.394890388953965528e-04
1.394890388953965528e-04
1.394890388953965528e-04
1.394890388953965528e-04
1.394890388953965528e-04
1.394890388953965528e-04
1.394890388953965528e-04
1.394890388953965528e-04
1.394890388953965528e-04
1.394890388953965528e-04
2.388506762859938723e-03
2.388506762859938723e-03
2.388506762859938723e-03
2.388506762859938723e-03
2.388506762859938723e-03
2.388506762859938723e-03
2.388506762859938723e-03
2.388506762859938723e-03
2.388506762859938723e-03
2.388506762859938723e-03
2.388506762859938723e-03
2.388506762859938723e-03
2.388506762859938723e-03
1.342808854324240714e-02
8.847320675959304687e-03
8.847320675959304687e-03
8.847320675959304687e-03
8.847320675959304687e-03
8.847320675959304687e-03
8.847320675959304687e-03
8.847320675959304687e-03
8.847320675959304687e-03
2.135641741198321397e-02
2.135641741198321397e-02
2.135641741198321397e-02
2.135641741198321397e-02
2.135641741198321397e-02
2.135641741198321397e-02
2.135641741198321397e-02
2.135641741198321397e-02
2.135641741198321397e-02
2.135641741198321397e-02
2.135641741198321397e-02
4.336826486396438106e-03
4.336826486396438106e-03
4.336826486396438106e-03
4.336826486396438106e-03
4.336826486396438106e-03
4.336826486396438106e-03
4.336826486396438106e-03
4.336826486396438106e-03
4.336826486396438106e-03
4.336826486396438106e-03
4.336826486396438106e-03
2.548367112772057918e-03
3.674534475878889206e-02
3.674534475878889206e-02
3.674534475878889206e-02
3.674534475878889206e-02
1.515464804713834678e-02
9.682855145205886138e-03
9.682855145205886138e-03
2.171476348832267634e-03
9.682855145205886138e-03
9.682855145205886138e-03
9.682855145205886138e-03
3.446462128620651766e-02
5.508306041636623109e-03
5.508306041636623109e-03
1.117221520859792852e-03
2.949087037818000703e-02
2.949087037818000703e-02
2.949087037818000703e-02
2.949087037818000703e-02
3.806632866415025126e-03
3.806632866415025126e-03
3.806632866415025126e-03
3.806632866415025126e-03
3.806632866415025126e-03
3.806632866415025126e-03
3.806632866415025126e-03
3.806632866415025126e-03
3.806632866415025126e-03
3.806632866415025126e-03
3.806632866415025126e-03
3.806632866415025126e-03
3.806632866415025126e-03
3.806632866415025126e-03
3.806632866415025126e-03
3.806632866415025126e-03
3.806632866415025126e-03
2.312749234116502975e-02
1.105386561531260161e-03
1.105386561531260161e-03
1.105386561531260161e-03
1.105386561531260161e-03
1.105386561531260161e-03
1.105386561531260161e-03
1.105386561531260161e-03
1.105386561531260161e-03
1.105386561531260161e-03
1.105386561531260161e-03
3.822914943296648604e-02
5.093411667307976010e-02
5.093411667307976010e-02
5.093411667307976010e-02
5.093411667307976010e-02
3.769719464832987227e-02
5.093411667307976010e-02
3.079005813192409527e-02
3.079005813192409527e-02
3.079005813192409527e-02
3.079005813192409527e-02
3.079005813192409527e-02
3.079005813192409527e-02
3.079005813192409527e-02
3.079005813192409527e-02
3.079005813192409527e-02
3.079005813192409527e-02
3.079005813192409527e-02
0.000000000000000000e+00
1.986956180157670865e-02
1.986956180157670865e-02
1.986956180157670865e-02
1.986956180157670865e-02
1.986956180157670865e-02
1.986956180157670865e-02
1.986956180157670865e-02
1.986956180157670865e-02
2.548367112772057918e-03
2.548367112772057918e-03
2.548367112772057918e-03
2.548367112772057918e-03
2.548367112772057918e-03
2.548367112772057918e-03
2.548367112772057918e-03
2.548367112772057918e-03
2.548367112772057918e-03
2.548367112772057918e-03
2.548367112772057918e-03
2.548367112772057918e-03
1.043203473980004216e-02
1.043203473980004216e-02
1.043203473980004216e-02
1.043203473980004216e-02
1.043203473980004216e-02
1.043203473980004216e-02
1.043203473980004216e-02
1.043203473980004216e-02
1.043203473980004216e-02
1.043203473980004216e-02
1.043203473980004216e-02
1.043203473980004216e-02
1.043203473980004216e-02
1.515464804713834678e-02
1.515464804713834678e-02
1.383207416415283518e-02
1.383207416415283518e-02
1.383207416415283518e-02
1.383207416415283518e-02
1.383207416415283518e-02
1.383207416415283518e-02
1.383207416415283518e-02
1.383207416415283518e-02
1.383207416415283518e-02
1.383207416415283518e-02
1.383207416415283518e-02
1.383207416415283518e-02
1.383207416415283518e-02
1.383207416415283518e-02
1.383207416415283518e-02
1.117221520859792852e-03
1.117221520859792852e-03
1.117221520859792852e-03
1.117221520859792852e-03
1.117221520859792852e-03
1.117221520859792852e-03
1.117221520859792852e-03
1.117221520859792852e-03
1.117221520859792852e-03
1.117221520859792852e-03
1.117221520859792852e-03
1.117221520859792852e-03
1.117221520859792852e-03
1.117221520859792852e-03
1.117221520859792852e-03
1.117221520859792852e-03
1.117221520859792852e-03
1.117221520859792852e-03
1.117221520859792852e-03
1.117221520859792852e-03
1.117221520859792852e-03
1.117221520859792852e-03
1.117221520859792852e-03
1.117221520859792852e-03
8.025460164942716705e-04
8.025460164942716705e-04
8.025460164942716705e-04
8.025460164942716705e-04
8.025460164942716705e-04
8.025460164942716705e-04
8.025460164942716705e-04
8.025460164942716705e-04
8.025460164942716705e-04
8.025460164942716705e-04
8.025460164942716705e-04
8.025460164942716705e-04
8.025460164942716705e-04
8.025460164942716705e-04
8.025460164942716705e-04
8.025460164942716705e-04
8.025460164942716705e-04
1.048065336599475067e-01
3.747040622189849648e-03
3.747040622189849648e-03
3.747040622189849648e-03
3.747040622189849648e-03
2.261427679130109669e-02
2.261427679130109669e-02
2.261427679130109669e-02
2.261427679130109669e-02
2.261427679130109669e-02
2.261427679130109669e-02
2.261427679130109669e-02
2.261427679130109669e-02
2.261427679130109669e-02
2.261427679130109669e-02
2.261427679130109669e-02
2.261427679130109669e-02
2.261427679130109669e-02
6.576247148723025557e-03
6.576247148723025557e-03
6.576247148723025557e-03
6.576247148723025557e-03
6.576247148723025557e-03
6.576247148723025557e-03
6.576247148723025557e-03
6.576247148723025557e-03
6.576247148723025557e-03
6.576247148723025557e-03
6.576247148723025557e-03
6.576247148723025557e-03
6.576247148723025557e-03
6.576247148723025557e-03
6.576247148723025557e-03
6.576247148723025557e-03
6.576247148723025557e-03
1.126879556856496059e-02
1.170577806535747292e-02
1.170577806535747292e-02
1.170577806535747292e-02
1.170577806535747292e-02
1.045093536325508894e-02
1.045093536325508894e-02
1.045093536325508894e-02
1.045093536325508894e-02
1.045093536325508894e-02
1.045093536325508894e-02
1.045093536325508894e-02
1.045093536325508894e-02
1.045093536325508894e-02
1.045093536325508894e-02
1.045093536325508894e-02
1.045093536325508894e-02
1.045093536325508894e-02
2.009524958949673867e-02
9.892963235828918303e-03
9.892963235828918303e-03
9.892963235828918303e-03
9.892963235828918303e-03
9.892963235828918303e-03
9.892963235828918303e-03
3.437491996664013283e-02
1.038266063758637447e-02
1.038266063758637447e-02
1.038266063758637447e-02
1.038266063758637447e-02
1.038266063758637447e-02
1.038266063758637447e-02
1.038266063758637447e-02
1.038266063758637447e-02
1.038266063758637447e-02
1.038266063758637447e-02
1.038266063758637447e-02
1.038266063758637447e-02
1.038266063758637447e-02
1.038266063758637447e-02
1.038266063758637447e-02
1.038266063758637447e-02
1.038266063758637447e-02
1.038266063758637447e-02
1.038266063758637447e-02
1.038266063758637447e-02
1.038266063758637447e-02
1.038266063758637447e-02
1.038266063758637447e-02
1.038266063758637447e-02
1.048065336599475067e-01
1.048065336599475067e-01
1.048065336599475067e-01
1.048065336599475067e-01
1.048065336599475067e-01
1.048065336599475067e-01
1.048065336599475067e-01
1.048065336599475067e-01
1.048065336599475067e-01
1.048065336599475067e-01
6.001090568836140240e-03
6.001090568836140240e-03
6.001090568836140240e-03
6.001090568836140240e-03
6.001090568836140240e-03
6.001090568836140240e-03
6.001090568836140240e-03
6.001090568836140240e-03
6.001090568836140240e-03
6.001090568836140240e-03
6.001090568836140240e-03
6.001090568836140240e-03
6.001090568836140240e-03
6.001090568836140240e-03
6.001090568836140240e-03
6.001090568836140240e-03
6.001090568836140240e-03
2.734256793389412341e-03
2.734256793389412341e-03
2.734256793389412341e-03
2.734256793389412341e-03
2.734256793389412341e-03
2.734256793389412341e-03
2.734256793389412341e-03
2.734256793389412341e-03
2.734256793389412341e-03
2.734256793389412341e-03
2.734256793389412341e-03
2.734256793389412341e-03
2.734256793389412341e-03
8.624414021007669948e-03
6.070568559306143211e-03
6.070568559306143211e-03
1.503335590258289209e-02
1.503335590258289209e-02
1.503335590258289209e-02
1.503335590258289209e-02
1.503335590258289209e-02
1.503335590258289209e-02
1.503335590258289209e-02
1.503335590258289209e-02
1.503335590258289209e-02
1.503335590258289209e-02
1.503335590258289209e-02
1.503335590258289209e-02
1.503335590258289209e-02
1.503335590258289209e-02
1.503335590258289209e-02
6.281581702512114944e-03
2.340845482489663926e-02
2.340845482489663926e-02
1.220057781957318080e-02
1.366946163959816343e-02
1.366946163959816343e-02
1.366946163959816343e-02
1.366946163959816343e-02
1.366946163959816343e-02
1.366946163959816343e-02
1.366946163959816343e-02
1.366946163959816343e-02
1.366946163959816343e-02
1.366946163959816343e-02
0.000000000000000000e+00
8.624414021007669948e-03
8.624414021007669948e-03
8.624414021007669948e-03
1.271380476612850134e-02
1.271380476612850134e-02
1.271380476612850134e-02
1.271380476612850134e-02
1.271380476612850134e-02
1.271380476612850134e-02
1.271380476612850134e-02
1.271380476612850134e-02
1.271380476612850134e-02
1.271380476612850134e-02
1.271380476612850134e-02
1.271380476612850134e-02
1.271380476612850134e-02
1.271380476612850134e-02
1.271380476612850134e-02
1.271380476612850134e-02
1.271380476612850134e-02
1.271380476612850134e-02
1.271380476612850134e-02
1.271380476612850134e-02
1.271380476612850134e-02
6.281581702512114944e-03
6.281581702512114944e-03
6.281581702512114944e-03
6.281581702512114944e-03
6.281581702512114944e-03
6.281581702512114944e-03
6.281581702512114944e-03
6.281581702512114944e-03
6.281581702512114944e-03
6.281581702512114944e-03
6.281581702512114944e-03
6.281581702512114944e-03
6.281581702512114944e-03
6.281581702512114944e-03
6.281581702512114944e-03
6.281581702512114944e-03
6.281581702512114944e-03
6.281581702512114944e-03
6.281581702512114944e-03
6.281581702512114944e-03
1.556590737282829290e-02
1.389577732686277274e-02
1.389577732686277274e-02
8.245496940649250928e-03
1.127694240322464798e-02
7.465193333303380731e-03
8.245496940649250928e-03
7.465193333303380731e-03
1.127694240322464798e-02
8.245496940649250928e-03
8.245496940649250928e-03
8.245496940649250928e-03
8.245496940649250928e-03
2.821413117027593565e-02
1.523733574648924310e-02
1.523733574648924310e-02
1.523733574648924310e-02
1.523733574648924310e-02
1.523733574648924310e-02
1.523733574648924310e-02
4.898691635503227455e-03
0.000000000000000000e+00
0.000000000000000000e+00
1.556590737282829290e-02
1.556590737282829290e-02
1.556590737282829290e-02
1.556590737282829290e-02
1.556590737282829290e-02
1.556590737282829290e-02
1.556590737282829290e-02
1.556590737282829290e-02
1.556590737282829290e-02
1.556590737282829290e-02
1.556590737282829290e-02
1.556590737282829290e-02
1.089483481129101435e-02
2.948733217810702023e-02
2.948733217810702023e-02
2.921012918155851262e-02
1.796200183489135918e-02
1.796200183489135918e-02
1.796200183489135918e-02
1.796200183489135918e-02
2.940617477963829857e-02
1.796200183489135918e-02
0.000000000000000000e+00
0.000000000000000000e+00
0.000000000000000000e+00
0.000000000000000000e+00
0.000000000000000000e+00
0.000000000000000000e+00
0.000000000000000000e+00
0.000000000000000000e+00
2.377429714914130326e-02
2.377429714914130326e-02
2.377429714914130326e-02
2.377429714914130326e-02
2.377429714914130326e-02
2.377429714914130326e-02
4.898691635503227455e-03
4.898691635503227455e-03
4.898691635503227455e-03
4.898691635503227455e-03
4.898691635503227455e-03
4.898691635503227455e-03
4.898691635503227455e-03
4.898691635503227455e-03
4.898691635503227455e-03
4.898691635503227455e-03
4.898691635503227455e-03
4.898691635503227455e-03
4.898691635503227455e-03
4.898691635503227455e-03
4.898691635503227455e-03
4.898691635503227455e-03
3.300882005087803911e-02
3.300882005087803911e-02
3.300882005087803911e-02
3.300882005087803911e-02
3.300882005087803911e-02
3.300882005087803911e-02
3.300882005087803911e-02
3.300882005087803911e-02
3.300882005087803911e-02
3.300882005087803911e-02
3.300882005087803911e-02
3.300882005087803911e-02
3.300882005087803911e-02
5.251827287236953551e-03
1.150199432502968695e-02
1.150199432502968695e-02
1.150199432502968695e-02
1.150199432502968695e-02
2.940617477963829857e-02
2.921012918155851262e-02
2.921012918155851262e-02
2.921012918155851262e-02
2.921012918155851262e-02
2.921012918155851262e-02
9.445748359229360139e-03
7.253960969607532554e-03
7.253960969607532554e-03
7.253960969607532554e-03
7.253960969607532554e-03
5.573915233074286033e-03
5.573915233074286033e-03
5.573915233074286033e-03
5.573915233074286033e-03
5.573915233074286033e-03
5.573915233074286033e-03
5.573915233074286033e-03
5.573915233074286033e-03
5.573915233074286033e-03
5.573915233074286033e-03
5.573915233074286033e-03
5.573915233074286033e-03
5.573915233074286033e-03
5.573915233074286033e-03
5.573915233074286033e-03
5.573915233074286033e-03
5.573915233074286033e-03
3.103445898863053595e-02
3.476133052284849367e-02
3.476133052284849367e-02
1.606038557211015780e-02
1.557180527218438373e-02
1.557180527218438373e-02
2.991407486659607758e-03
5.251827287236953551e-03
5.251827287236953551e-03
5.251827287236953551e-03
3.462563712975404509e-03
1.330680943268109512e-02
1.330680943268109512e-02
1.330680943268109512e-02
1.330680943268109512e-02
1.330680943268109512e-02
1.330680943268109512e-02
1.330680943268109512e-02
1.330680943268109512e-02
1.330680943268109512e-02
1.330680943268109512e-02
1.330680943268109512e-02
1.330680943268109512e-02
2.867005340936443214e-02
2.867005340936443214e-02
2.867005340936443214e-02
2.867005340936443214e-02
2.867005340936443214e-02
2.867005340936443214e-02
2.867005340936443214e-02
2.867005340936443214e-02
2.867005340936443214e-02
2.867005340936443214e-02
2.867005340936443214e-02
3.103445898863053595e-02
3.103445898863053595e-02
3.103445898863053595e-02
3.103445898863053595e-02
3.103445898863053595e-02
3.103445898863053595e-02
3.103445898863053595e-02
3.103445898863053595e-02
5.729698421554946415e-03
5.729698421554946415e-03
5.729698421554946415e-03
5.729698421554946415e-03
5.729698421554946415e-03
5.729698421554946415e-03
5.729698421554946415e-03
5.729698421554946415e-03
5.729698421554946415e-03
5.729698421554946415e-03
5.729698421554946415e-03
5.729698421554946415e-03
5.729698421554946415e-03
5.729698421554946415e-03
5.729698421554946415e-03
3.668739417038190294e-03
3.668739417038190294e-03
3.668739417038190294e-03
3.668739417038190294e-03
3.668739417038190294e-03
3.668739417038190294e-03
3.668739417038190294e-03
3.668739417038190294e-03
3.668739417038190294e-03
3.668739417038190294e-03
3.668739417038190294e-03
1.616794522253377220e-02
1.616794522253377220e-02
1.616794522253377220e-02
1.616794522253377220e-02
1.616794522253377220e-02
1.616794522253377220e-02
1.616794522253377220e-02
1.616794522253377220e-02
1.616794522253377220e-02
1.616794522253377220e-02
1.616794522253377220e-02
1.616794522253377220e-02
1.616794522253377220e-02
1.616794522253377220e-02
1.616794522253377220e-02
1.606038557211015780e-02
1.606038557211015780e-02
1.606038557211015780e-02
1.606038557211015780e-02
1.606038557211015780e-02
1.606038557211015780e-02
1.606038557211015780e-02
1.606038557211015780e-02
2.991407486659607758e-03
9.515073949559181912e-03
9.515073949559181912e-03
8.268118813805448025e-03
1.052168574758369501e-01
1.052168574758369501e-01
1.052168574758369501e-01
1.052168574758369501e-01
1.052168574758369501e-01
1.052168574758369501e-01
1.052168574758369501e-01
1.052168574758369501e-01
1.421394424036730858e-02
1.421394424036730858e-02
1.421394424036730858e-02
1.421394424036730858e-02
1.421394424036730858e-02
1.421394424036730858e-02
1.421394424036730858e-02
1.421394424036730858e-02
1.421394424036730858e-02
1.421394424036730858e-02
1.421394424036730858e-02
1.421394424036730858e-02
1.421394424036730858e-02
1.421394424036730858e-02
1.421394424036730858e-02
1.210713154958464183e-02
1.210713154958464183e-02
1.210713154958464183e-02
1.210713154958464183e-02
1.210713154958464183e-02
1.210713154958464183e-02
1.210713154958464183e-02
1.210713154958464183e-02
1.210713154958464183e-02
1.210713154958464183e-02
1.210713154958464183e-02
1.210713154958464183e-02
1.210713154958464183e-02
1.210713154958464183e-02
1.210713154958464183e-02
1.210713154958464183e-02
1.210713154958464183e-02
1.210713154958464183e-02
1.210713154958464183e-02
1.210713154958464183e-02
1.210713154958464183e-02
1.210713154958464183e-02
1.210713154958464183e-02
1.210713154958464183e-02
1.210713154958464183e-02
1.210713154958464183e-02
1.210713154958464183e-02
1.210713154958464183e-02
1.210713154958464183e-02
1.210713154958464183e-02
1.210713154958464183e-02
1.210713154958464183e-02
1.210713154958464183e-02
1.210713154958464183e-02
1.210713154958464183e-02
1.210713154958464183e-02
1.210713154958464183e-02
1.210713154958464183e-02
1.210713154958464183e-02
1.210713154958464183e-02
1.210713154958464183e-02
1.210713154958464183e-02
1.210713154958464183e-02
1.210713154958464183e-02
1.210713154958464183e-02
1.210713154958464183e-02
1.210713154958464183e-02
1.210713154958464183e-02
1.210713154958464183e-02
1.210713154958464183e-02
1.210713154958464183e-02
8.804630820442920988e-03
8.804630820442920988e-03
8.804630820442920988e-03
8.804630820442920988e-03
8.804630820442920988e-03
8.804630820442920988e-03
8.804630820442920988e-03
8.804630820442920988e-03
8.804630820442920988e-03
8.804630820442920988e-03
8.804630820442920988e-03
0.000000000000000000e+00
0.000000000000000000e+00
0.000000000000000000e+00
0.000000000000000000e+00
0.000000000000000000e+00
5.453460881476267230e-03
5.453460881476267230e-03
5.453460881476267230e-03
5.453460881476267230e-03
5.453460881476267230e-03
5.453460881476267230e-03
5.453460881476267230e-03
5.453460881476267230e-03
5.453460881476267230e-03
5.453460881476267230e-03
5.453460881476267230e-03
5.453460881476267230e-03
5.453460881476267230e-03
8.268118813805448025e-03
8.268118813805448025e-03
1.149182398289691313e-02
3.398042492012096766e-02
3.398042492012096766e-02
3.398042492012096766e-02
3.398042492012096766e-02
3.398042492012096766e-02
3.398042492012096766e-02
3.398042492012096766e-02
3.398042492012096766e-02
1.111064963602791979e-02
1.111064963602791979e-02
1.111064963602791979e-02
1.111064963602791979e-02
1.111064963602791979e-02
1.111064963602791979e-02
1.111064963602791979e-02
1.111064963602791979e-02
1.111064963602791979e-02
1.476703639857573566e-02
1.111064963602791979e-02
2.065885403645194643e-02
2.065885403645194643e-02
2.065885403645194643e-02
2.065885403645194643e-02
2.065885403645194643e-02
2.065885403645194643e-02
2.065885403645194643e-02
2.065885403645194643e-02
2.065885403645194643e-02
2.065885403645194643e-02
2.065885403645194643e-02
2.065885403645194643e-02
2.065885403645194643e-02
2.065885403645194643e-02
2.065885403645194643e-02
2.647122751381831337e-03
3.276261831935048992e-03
3.276261831935048992e-03
1.039868030229491522e-02
8.736927160140791487e-03
8.736927160140791487e-03
1.472245815579003789e-02
1.820295385388020354e-02
1.820295385388020354e-02
1.820295385388020354e-02
1.820295385388020354e-02
1.820295385388020354e-02
1.820295385388020354e-02
4.506050461431909682e-02
1.856705202260879040e-02
1.856705202260879040e-02
3.293442490387232281e-03
4.729727693690616752e-04
4.729727693690616752e-04
1.120757447937055290e-03
1.684030088416745702e-02
1.684030088416745702e-02
1.684030088416745702e-02
1.684030088416745702e-02
1.684030088416745702e-02
1.684030088416745702e-02
1.684030088416745702e-02
1.684030088416745702e-02
1.684030088416745702e-02
1.684030088416745702e-02
2.349326020733093559e-02
2.349326020733093559e-02
2.349326020733093559e-02
2.349326020733093559e-02
2.349326020733093559e-02
2.349326020733093559e-02
2.349326020733093559e-02
2.349326020733093559e-02
2.349326020733093559e-02
2.349326020733093559e-02
2.349326020733093559e-02
2.349326020733093559e-02
2.349326020733093559e-02
2.349326020733093559e-02
2.349326020733093559e-02
2.349326020733093559e-02
2.349326020733093559e-02
2.349326020733093559e-02
2.349326020733093559e-02
4.738147751276524343e-03
0.000000000000000000e+00
0.000000000000000000e+00
0.000000000000000000e+00
0.000000000000000000e+00
0.000000000000000000e+00
0.000000000000000000e+00
0.000000000000000000e+00
0.000000000000000000e+00
0.000000000000000000e+00
0.000000000000000000e+00
0.000000000000000000e+00
0.000000000000000000e+00
0.000000000000000000e+00
1.257138640461604069e-02
1.950016054461639267e-02
1.950016054461639267e-02
1.950016054461639267e-02
1.950016054461639267e-02
1.950016054461639267e-02
1.950016054461639267e-02
1.950016054461639267e-02
1.950016054461639267e-02
1.950016054461639267e-02
1.950016054461639267e-02
1.950016054461639267e-02
1.950016054461639267e-02
1.347746583859622989e-02
1.347044518432948847e-03
1.347044518432948847e-03
1.347044518432948847e-03
1.347044518432948847e-03
2.095421137746588964e-03
2.474779791346616575e-02
2.474779791346616575e-02
3.098536647890371212e-02
6.221228598274636951e-04
6.221228598274636951e-04
6.221228598274636951e-04
6.221228598274636951e-04
6.918644792950195792e-03
6.918644792950195792e-03
6.918644792950195792e-03
6.918644792950195792e-03
6.918644792950195792e-03
6.918644792950195792e-03
6.918644792950195792e-03
6.918644792950195792e-03
6.918644792950195792e-03
6.918644792950195792e-03
6.918644792950195792e-03
4.169732707774195801e-03
4.169732707774195801e-03
4.169732707774195801e-03
4.169732707774195801e-03
4.169732707774195801e-03
4.169732707774195801e-03
4.169732707774195801e-03
4.169732707774195801e-03
4.169732707774195801e-03
4.169732707774195801e-03
4.169732707774195801e-03
4.169732707774195801e-03
4.169732707774195801e-03
2.751974996427711262e-02
1.278154625225449460e-02
1.278154625225449460e-02
1.278154625225449460e-02
1.278154625225449460e-02
1.767839148737743865e-02
1.767839148737743865e-02
1.767839148737743865e-02
1.767839148737743865e-02
1.767839148737743865e-02
1.767839148737743865e-02
1.767839148737743865e-02
1.767839148737743865e-02
1.767839148737743865e-02
1.767839148737743865e-02
1.767839148737743865e-02
1.767839148737743865e-02
1.767839148737743865e-02
1.767839148737743865e-02
1.767839148737743865e-02
4.088387862940981443e-03
4.088387862940981443e-03
4.088387862940981443e-03
4.088387862940981443e-03
4.088387862940981443e-03
4.088387862940981443e-03
4.088387862940981443e-03
4.088387862940981443e-03
4.088387862940981443e-03
4.088387862940981443e-03
4.088387862940981443e-03
1.311380242319653937e-03
1.311380242319653937e-03
1.311380242319653937e-03
1.311380242319653937e-03
1.311380242319653937e-03
1.311380242319653937e-03
1.311380242319653937e-03
1.311380242319653937e-03
1.311380242319653937e-03
1.311380242319653937e-03
1.311380242319653937e-03
1.311380242319653937e-03
1.311380242319653937e-03
1.311380242319653937e-03
1.311380242319653937e-03
7.966869961474339068e-03
0.000000000000000000e+00
0.000000000000000000e+00
0.000000000000000000e+00
0.000000000000000000e+00
0.000000000000000000e+00
1.430416353980582499e-02
1.430416353980582499e-02
1.430416353980582499e-02
1.430416353980582499e-02
1.430416353980582499e-02
1.430416353980582499e-02
5.252493394890487416e-02
2.344862827296329694e-02
2.344862827296329694e-02
2.344862827296329694e-02
2.344862827296329694e-02
2.344862827296329694e-02
2.344862827296329694e-02
2.344862827296329694e-02
2.344862827296329694e-02
2.344862827296329694e-02
2.344862827296329694e-02
2.175015372153902074e-02
2.368477502384413764e-04
2.368477502384413764e-04
9.178582916853413737e-03
2.300664061909406602e-02
2.300664061909406602e-02
2.300664061909406602e-02
2.300664061909406602e-02
3.851269078440797827e-02
1.521474975902432566e-02
1.521474975902432566e-02
1.521474975902432566e-02
1.521474975902432566e-02
1.521474975902432566e-02
1.521474975902432566e-02
1.521474975902432566e-02
1.521474975902432566e-02
1.521474975902432566e-02
1.521474975902432566e-02
0.000000000000000000e+00
4.193380312427202189e-02
4.193380312427202189e-02
4.193380312427202189e-02
4.193380312427202189e-02
4.193380312427202189e-02
4.193380312427202189e-02
4.193380312427202189e-02
4.193380312427202189e-02
4.193380312427202189e-02
4.193380312427202189e-02
4.193380312427202189e-02
4.193380312427202189e-02
4.193380312427202189e-02
4.193380312427202189e-02
4.193380312427202189e-02
4.193380312427202189e-02
0.000000000000000000e+00
0.000000000000000000e+00
0.000000000000000000e+00
0.000000000000000000e+00
0.000000000000000000e+00
1.627992159828371764e-04
1.234245725010793202e-02
1.234245725010793202e-02
1.234245725010793202e-02
1.234245725010793202e-02
1.234245725010793202e-02
1.234245725010793202e-02
1.234245725010793202e-02
1.234245725010793202e-02
1.234245725010793202e-02
1.234245725010793202e-02
1.197675799294115745e-02
3.385440838665149999e-04
3.385440838665149999e-04
3.385440838665149999e-04
3.385440838665149999e-04
3.385440838665149999e-04
3.385440838665149999e-04
3.385440838665149999e-04
3.385440838665149999e-04
3.385440838665149999e-04
3.385440838665149999e-04
3.385440838665149999e-04
3.385440838665149999e-04
3.385440838665149999e-04
3.385440838665149999e-04
3.385440838665149999e-04
3.385440838665149999e-04
3.385440838665149999e-04
3.385440838665149999e-04
3.385440838665149999e-04
3.385440838665149999e-04
3.385440838665149999e-04
3.385440838665149999e-04
6.336849415523833524e-03
1.047767977501709753e-02
1.047767977501709753e-02
1.047767977501709753e-02
1.047767977501709753e-02
1.180862959242232751e-02
1.180862959242232751e-02
1.180862959242232751e-02
1.180862959242232751e-02
1.180862959242232751e-02
1.180862959242232751e-02
1.180862959242232751e-02
1.180862959242232751e-02
1.180862959242232751e-02
1.180862959242232751e-02
1.180862959242232751e-02
1.832950386891546782e-02
8.610796062644778676e-03
8.610796062644778676e-03
1.288029280359069377e-02
0.000000000000000000e+00
0.000000000000000000e+00
0.000000000000000000e+00
0.000000000000000000e+00
1.463401213956979155e-02
1.162198235123903904e-02
1.162198235123903904e-02
1.162198235123903904e-02
1.162198235123903904e-02
0.000000000000000000e+00
7.081788281310784881e-03
7.081788281310784881e-03
7.081788281310784881e-03
7.081788281310784881e-03
7.081788281310784881e-03
7.081788281310784881e-03
7.081788281310784881e-03
7.081788281310784881e-03
5.527285898854602565e-03
4.570182916803527950e-03
4.570182916803527950e-03
6.218359462246127352e-03
1.010452239129350574e-02
1.010452239129350574e-02
1.010452239129350574e-02
1.010452239129350574e-02
2.175015372153902074e-02
2.175015372153902074e-02
2.175015372153902074e-02
2.175015372153902074e-02
2.175015372153902074e-02
2.175015372153902074e-02
2.175015372153902074e-02
2.175015372153902074e-02
2.175015372153902074e-02
2.175015372153902074e-02
4.856643018763848012e-03
8.171430017712871460e-03
8.171430017712871460e-03
8.171430017712871460e-03
8.171430017712871460e-03
8.171430017712871460e-03
8.171430017712871460e-03
8.171430017712871460e-03
8.171430017712871460e-03
8.171430017712871460e-03
8.171430017712871460e-03
6.627350917451250122e-03
1.914464230294217473e-02
1.914464230294217473e-02
1.914464230294217473e-02
1.914464230294217473e-02
6.892759986899026081e-03
4.889086423695099964e-02
4.889086423695099964e-02
4.889086423695099964e-02
4.889086423695099964e-02
6.909153706578517393e-03
2.152826325627388987e-02
2.152826325627388987e-02
2.152826325627388987e-02
2.152826325627388987e-02
2.152826325627388987e-02
2.152826325627388987e-02
2.152826325627388987e-02
2.152826325627388987e-02
2.152826325627388987e-02
2.152826325627388987e-02
0.000000000000000000e+00
0.000000000000000000e+00
0.000000000000000000e+00
0.000000000000000000e+00
0.000000000000000000e+00
1.960711108961302185e-02
1.797103111915434454e-02
1.797103111915434454e-02
1.797103111915434454e-02
1.797103111915434454e-02
1.797103111915434454e-02
1.797103111915434454e-02
1.797103111915434454e-02
1.797103111915434454e-02
1.797103111915434454e-02
1.797103111915434454e-02
5.512455769161431901e-03
3.582725440541277215e-03
3.582725440541277215e-03
3.582725440541277215e-03
3.582725440541277215e-03
3.582725440541277215e-03
3.582725440541277215e-03
3.582725440541277215e-03
3.582725440541277215e-03
3.582725440541277215e-03
3.582725440541277215e-03
3.582725440541277215e-03
3.582725440541277215e-03
3.582725440541277215e-03
3.582725440541277215e-03
3.582725440541277215e-03
3.582725440541277215e-03
3.582725440541277215e-03
3.582725440541277215e-03
3.582725440541277215e-03
3.582725440541277215e-03
3.582725440541277215e-03
3.582725440541277215e-03
3.439992729262936894e-02
2.574026165538879571e-02
2.574026165538879571e-02
2.574026165538879571e-02
2.574026165538879571e-02
2.574026165538879571e-02
2.574026165538879571e-02
2.574026165538879571e-02
2.574026165538879571e-02
0.000000000000000000e+00
5.466825596259727166e-03
5.466825596259727166e-03
5.466825596259727166e-03
5.466825596259727166e-03
5.466825596259727166e-03
5.466825596259727166e-03
5.466825596259727166e-03
5.466825596259727166e-03
5.466825596259727166e-03
5.466825596259727166e-03
6.909153706578517393e-03
6.909153706578517393e-03
2.081861300671089543e-03
0.000000000000000000e+00
0.000000000000000000e+00
1.305254189348043804e-02
3.025744951412814767e-03
3.025744951412814767e-03
3.025744951412814767e-03
3.025744951412814767e-03
3.025744951412814767e-03
3.025744951412814767e-03
3.025744951412814767e-03
3.025744951412814767e-03
3.025744951412814767e-03
3.025744951412814767e-03
3.025744951412814767e-03
3.025744951412814767e-03
3.025744951412814767e-03
3.025744951412814767e-03
3.025744951412814767e-03
3.025744951412814767e-03
3.025744951412814767e-03
3.025744951412814767e-03
3.025744951412814767e-03
3.025744951412814767e-03
3.025744951412814767e-03
3.025744951412814767e-03
3.025744951412814767e-03
3.025744951412814767e-03
3.025744951412814767e-03
3.025744951412814767e-03
3.025744951412814767e-03
3.025744951412814767e-03
3.025744951412814767e-03
3.025744951412814767e-03
3.025744951412814767e-03
3.025744951412814767e-03
3.025744951412814767e-03
3.025744951412814767e-03
3.025744951412814767e-03
3.025744951412814767e-03
3.096284581308360534e-04
1.804960544712663068e-02
1.804960544712663068e-02
1.804960544712663068e-02
1.804960544712663068e-02
1.804960544712663068e-02
1.804960544712663068e-02
2.437577838079917070e-02
7.483787076333509383e-03
7.483787076333509383e-03
7.483787076333509383e-03
7.483787076333509383e-03
7.483787076333509383e-03
7.483787076333509383e-03
7.483787076333509383e-03
7.483787076333509383e-03
7.483787076333509383e-03
7.483787076333509383e-03
1.508599345036604200e-02
1.018210926089473285e-02
1.018210926089473285e-02
1.018210926089473285e-02
1.018210926089473285e-02
1.018210926089473285e-02
1.018210926089473285e-02
1.018210926089473285e-02
1.018210926089473285e-02
0.000000000000000000e+00
0.000000000000000000e+00
0.000000000000000000e+00
0.000000000000000000e+00
0.000000000000000000e+00
9.120361897988624872e-03
3.620229656570180671e-02
3.620229656570180671e-02
6.515516178488105214e-03
2.501434189713924380e-02
2.501434189713924380e-02
1.832950386891546782e-02
2.274002243441346216e-02
2.274002243441346216e-02
2.274002243441346216e-02
2.274002243441346216e-02
2.274002243441346216e-02
2.274002243441346216e-02
2.274002243441346216e-02
2.274002243441346216e-02
2.274002243441346216e-02
2.274002243441346216e-02
2.453540390794307913e-02
1.528370017661426390e-02
1.528370017661426390e-02
1.528370017661426390e-02
1.528370017661426390e-02
1.528370017661426390e-02
1.528370017661426390e-02
2.565953052676311907e-02
2.461718991586035743e-02
2.461718991586035743e-02
2.461718991586035743e-02
2.461718991586035743e-02
2.461718991586035743e-02
2.461718991586035743e-02
2.461718991586035743e-02
2.461718991586035743e-02
1.478415824817538513e-02
1.478415824817538513e-02
1.478415824817538513e-02
1.478415824817538513e-02
1.478415824817538513e-02
1.478415824817538513e-02
1.478415824817538513e-02
1.478415824817538513e-02
1.478415824817538513e-02
1.478415824817538513e-02
1.478415824817538513e-02
3.858741307540099457e-03
3.652351286677107262e-02
3.652351286677107262e-02
3.652351286677107262e-02
3.652351286677107262e-02
3.652351286677107262e-02
3.652351286677107262e-02
5.528391654127729100e-03
3.966333453391687747e-03
3.966333453391687747e-03
3.966333453391687747e-03
3.966333453391687747e-03
3.966333453391687747e-03
3.966333453391687747e-03
3.966333453391687747e-03
3.966333453391687747e-03
3.966333453391687747e-03
3.966333453391687747e-03
3.966333453391687747e-03
3.966333453391687747e-03
5.584505272335806274e-04
1.779552861563303123e-03
1.779552861563303123e-03
1.779552861563303123e-03
1.779552861563303123e-03
1.779552861563303123e-03
1.779552861563303123e-03
1.779552861563303123e-03
1.779552861563303123e-03
1.779552861563303123e-03
1.779552861563303123e-03
1.779552861563303123e-03
1.779552861563303123e-03
0.000000000000000000e+00
0.000000000000000000e+00
0.000000000000000000e+00
0.000000000000000000e+00
0.000000000000000000e+00
0.000000000000000000e+00
0.000000000000000000e+00
0.000000000000000000e+00
0.000000000000000000e+00
0.000000000000000000e+00
0.000000000000000000e+00
1.243495899417001484e-02
2.331157327271207464e-03
2.331157327271207464e-03
2.331157327271207464e-03
2.331157327271207464e-03
2.331157327271207464e-03
2.331157327271207464e-03
2.331157327271207464e-03
2.331157327271207464e-03
6.777480876565435478e-03
0.000000000000000000e+00
0.000000000000000000e+00
1.771507799306572956e-02
6.749348018421888647e-03
6.749348018421888647e-03
3.422109181884232937e-02
2.826637808984604205e-02
2.826637808984604205e-02
2.811584679063365913e-02
2.811584679063365913e-02
2.811584679063365913e-02
2.811584679063365913e-02
2.811584679063365913e-02
2.811584679063365913e-02
2.811584679063365913e-02
2.811584679063365913e-02
2.811584679063365913e-02
2.811584679063365913e-02
2.811584679063365913e-02
2.811584679063365913e-02
2.811584679063365913e-02
2.811584679063365913e-02
2.811584679063365913e-02
1.563757774422255831e-02
0.000000000000000000e+00
0.000000000000000000e+00
6.297551865569100960e-03
1.099224816773731496e-02
1.099224816773731496e-02
1.099224816773731496e-02
1.099224816773731496e-02
1.099224816773731496e-02
1.099224816773731496e-02
2.790729749738547413e-02
2.260624311608316547e-02
2.260624311608316547e-02
2.260624311608316547e-02
2.260624311608316547e-02
2.260624311608316547e-02
2.260624311608316547e-02
2.260624311608316547e-02
2.260624311608316547e-02
2.260624311608316547e-02
2.260624311608316547e-02
1.431068062475819580e-02
3.170883264370613630e-02
3.170883264370613630e-02
3.170883264370613630e-02
3.170883264370613630e-02
3.170883264370613630e-02
3.170883264370613630e-02
3.170883264370613630e-02
3.170883264370613630e-02
6.218359462246127352e-03
2.647122751381831337e-03
2.647122751381831337e-03
2.647122751381831337e-03
2.647122751381831337e-03
2.647122751381831337e-03
1.162996696725097229e-02
2.056601410510285055e-02
2.056601410510285055e-02
2.056601410510285055e-02
2.056601410510285055e-02
1.526143280989536617e-02
3.136402965829197809e-02
3.136402965829197809e-02
3.136402965829197809e-02
3.136402965829197809e-02
3.136402965829197809e-02
3.136402965829197809e-02
7.042829791480446737e-03
2.484366715612570942e-03
2.484366715612570942e-03
1.377061579598831166e-02
1.377061579598831166e-02
1.377061579598831166e-02
1.377061579598831166e-02
1.377061579598831166e-02
1.377061579598831166e-02
1.377061579598831166e-02
1.377061579598831166e-02
1.377061579598831166e-02
1.377061579598831166e-02
1.377061579598831166e-02
1.156745139379094026e-02
8.408133966778943286e-03
8.408133966778943286e-03
8.408133966778943286e-03
8.408133966778943286e-03
8.408133966778943286e-03
8.408133966778943286e-03
8.408133966778943286e-03
8.408133966778943286e-03
0.000000000000000000e+00
0.000000000000000000e+00
0.000000000000000000e+00
2.324453968823323932e-02
8.604447753305382793e-03
8.604447753305382793e-03
8.604447753305382793e-03
8.604447753305382793e-03
8.604447753305382793e-03
8.604447753305382793e-03
8.604447753305382793e-03
8.604447753305382793e-03
8.604447753305382793e-03
8.604447753305382793e-03
8.604447753305382793e-03
8.604447753305382793e-03
8.604447753305382793e-03
8.604447753305382793e-03
0.000000000000000000e+00
7.048794891092995986e-03
7.048794891092995986e-03
7.048794891092995986e-03
7.048794891092995986e-03
3.268266695586470941e-03
9.714366933434226067e-03
9.714366933434226067e-03
9.714366933434226067e-03
9.714366933434226067e-03
9.714366933434226067e-03
9.714366933434226067e-03
1.102311712001166101e-02
9.714366933434226067e-03
1.795782875007100087e-03
9.714366933434226067e-03
8.789211475304944607e-03
6.001811453267510456e-03
6.001811453267510456e-03
5.516915050722511621e-02
5.516915050722511621e-02
5.516915050722511621e-02
5.516915050722511621e-02
5.516915050722511621e-02
5.516915050722511621e-02
5.516915050722511621e-02
5.516915050722511621e-02
5.516915050722511621e-02
5.516915050722511621e-02
5.516915050722511621e-02
5.516915050722511621e-02
5.516915050722511621e-02
7.986532048240575776e-03
8.976061512091636913e-03
8.976061512091636913e-03
8.976061512091636913e-03
8.976061512091636913e-03
1.994355344348180611e-02
3.213377567479148295e-02
3.213377567479148295e-02
2.630042573210526757e-03
4.477511728181388442e-03
4.477511728181388442e-03
4.477511728181388442e-03
4.477511728181388442e-03
1.885094617523438987e-02
1.885094617523438987e-02
1.087817500560685040e-02
1.007022489619432450e-02
1.087817500560685040e-02
1.087817500560685040e-02
1.087817500560685040e-02
1.087817500560685040e-02
1.087817500560685040e-02
1.007022489619432450e-02
1.478535369809592069e-02
1.007022489619432450e-02
2.120186950769278010e-03
2.203174913556354628e-02
2.203174913556354628e-02
2.203174913556354628e-02
2.203174913556354628e-02
2.203174913556354628e-02
2.203174913556354628e-02
2.203174913556354628e-02
2.203174913556354628e-02
2.203174913556354628e-02
2.203174913556354628e-02
2.203174913556354628e-02
2.203174913556354628e-02
0.000000000000000000e+00
3.815059535114208138e-03
3.815059535114208138e-03
0.000000000000000000e+00
2.016081458369290910e-02
2.016081458369290910e-02
2.016081458369290910e-02
2.016081458369290910e-02
5.935334379048821420e-03
5.935334379048821420e-03
5.935334379048821420e-03
5.935334379048821420e-03
5.935334379048821420e-03
5.935334379048821420e-03
5.935334379048821420e-03
6.753141562981232644e-03
5.935334379048821420e-03
1.884629680502604779e-02
4.717211510066317108e-03
4.717211510066317108e-03
4.717211510066317108e-03
4.717211510066317108e-03
8.789211475304944607e-03
2.394009752417593923e-02
2.394009752417593923e-02
2.394009752417593923e-02
2.394009752417593923e-02
5.918926498683168246e-03
7.236471883438982955e-03
7.236471883438982955e-03
7.236471883438982955e-03
7.236471883438982955e-03
5.107748036286766623e-03
2.620585980275158197e-02
2.620585980275158197e-02
2.620585980275158197e-02
2.620585980275158197e-02
1.095065258997338434e-03
7.376025769496398488e-03
7.376025769496398488e-03
7.376025769496398488e-03
7.376025769496398488e-03
7.376025769496398488e-03
7.376025769496398488e-03
7.376025769496398488e-03
7.376025769496398488e-03
7.376025769496398488e-03
7.376025769496398488e-03
3.553792942686017416e-04
8.187739674807190463e-03
8.187739674807190463e-03
8.187739674807190463e-03
8.187739674807190463e-03
8.187739674807190463e-03
8.187739674807190463e-03
8.187739674807190463e-03
8.187739674807190463e-03
8.187739674807190463e-03
8.187739674807190463e-03
8.187739674807190463e-03
8.187739674807190463e-03
8.187739674807190463e-03
8.187739674807190463e-03
8.187739674807190463e-03
8.187739674807190463e-03
2.237328473787487254e-02
2.884353651185261186e-02
2.884353651185261186e-02
2.884353651185261186e-02
2.884353651185261186e-02
2.884353651185261186e-02
2.884353651185261186e-02
2.884353651185261186e-02
2.884353651185261186e-02
2.884353651185261186e-02
2.884353651185261186e-02
2.884353651185261186e-02
2.884353651185261186e-02
0.000000000000000000e+00
0.000000000000000000e+00
0.000000000000000000e+00
0.000000000000000000e+00
0.000000000000000000e+00
0.000000000000000000e+00
0.000000000000000000e+00
0.000000000000000000e+00
0.000000000000000000e+00
0.000000000000000000e+00
0.000000000000000000e+00
0.000000000000000000e+00
0.000000000000000000e+00
2.607766253334393644e-02
1.144175136435238681e-02
1.144175136435238681e-02
1.144175136435238681e-02
1.144175136435238681e-02
1.144175136435238681e-02
1.144175136435238681e-02
1.144175136435238681e-02
1.144175136435238681e-02
1.144175136435238681e-02
1.144175136435238681e-02
1.144175136435238681e-02
1.144175136435238681e-02
1.144175136435238681e-02
1.144175136435238681e-02
1.144175136435238681e-02
1.144175136435238681e-02
1.144175136435238681e-02
1.144175136435238681e-02
1.144175136435238681e-02
1.144175136435238681e-02
1.144175136435238681e-02
1.144175136435238681e-02
1.144175136435238681e-02
1.144175136435238681e-02
2.626029437265992028e-02
1.281752143302916300e-02
1.281752143302916300e-02
1.281752143302916300e-02
1.281752143302916300e-02
1.281752143302916300e-02
1.281752143302916300e-02
1.281752143302916300e-02
1.281752143302916300e-02
1.281752143302916300e-02
1.281752143302916300e-02
6.753141562981232644e-03
1.884629680502604779e-02
1.884629680502604779e-02
1.884629680502604779e-02
1.884629680502604779e-02
1.884629680502604779e-02
1.884629680502604779e-02
1.884629680502604779e-02
1.884629680502604779e-02
1.884629680502604779e-02
1.884629680502604779e-02
1.692169937125117402e-02
1.451495305019117124e-02
1.451495305019117124e-02
1.451495305019117124e-02
1.451495305019117124e-02
1.451495305019117124e-02
1.451495305019117124e-02
1.451495305019117124e-02
1.451495305019117124e-02
1.451495305019117124e-02
1.451495305019117124e-02
1.451495305019117124e-02
1.451495305019117124e-02
1.671534257389326733e-02
4.256579456663855086e-03
4.256579456663855086e-03
1.997716303503216037e-02
2.516439163306130253e-02
2.516439163306130253e-02
2.516439163306130253e-02
2.516439163306130253e-02
2.516439163306130253e-02
2.516439163306130253e-02
2.516439163306130253e-02
2.516439163306130253e-02
2.516439163306130253e-02
2.516439163306130253e-02
0.000000000000000000e+00
0.000000000000000000e+00
0.000000000000000000e+00
3.398027525469694138e-02
8.079906855740816296e-04
8.079906855740816296e-04
8.079906855740816296e-04
8.079906855740816296e-04
8.079906855740816296e-04
8.079906855740816296e-04
8.516709227895248591e-03
1.683988189295417340e-02
1.683988189295417340e-02
1.683988189295417340e-02
1.683988189295417340e-02
1.683988189295417340e-02
1.683988189295417340e-02
1.683988189295417340e-02
1.683988189295417340e-02
1.683988189295417340e-02
1.683988189295417340e-02
1.683988189295417340e-02
1.683988189295417340e-02
1.683988189295417340e-02
1.683988189295417340e-02
1.683988189295417340e-02
1.683988189295417340e-02
1.683988189295417340e-02
1.683988189295417340e-02
1.683988189295417340e-02
1.683988189295417340e-02
0.000000000000000000e+00
7.754247772682284177e-03
7.754247772682284177e-03
7.754247772682284177e-03
7.754247772682284177e-03
7.754247772682284177e-03
7.754247772682284177e-03
7.754247772682284177e-03
7.754247772682284177e-03
7.754247772682284177e-03
7.754247772682284177e-03
1.153735739347678917e-02
4.397135820659077952e-03
4.397135820659077952e-03
4.397135820659077952e-03
4.397135820659077952e-03
4.397135820659077952e-03
4.397135820659077952e-03
4.397135820659077952e-03
4.397135820659077952e-03
4.316370394436727133e-03
1.784981239318930929e-04
1.784981239318930929e-04
1.784981239318930929e-04
1.784981239318930929e-04
2.561255931003608363e-02
1.537244390561021135e-02
1.537244390561021135e-02
1.764900592036274321e-02
1.764900592036274321e-02
1.764900592036274321e-02
1.753038635257332667e-02
1.764900592036274321e-02
1.565659649206956484e-03
1.636956484815121557e-02
1.636956484815121557e-02
1.636956484815121557e-02
1.636956484815121557e-02
1.636956484815121557e-02
1.636956484815121557e-02
1.636956484815121557e-02
1.636956484815121557e-02
1.636956484815121557e-02
1.636956484815121557e-02
4.276737088054159523e-03
4.276737088054159523e-03
4.276737088054159523e-03
4.276737088054159523e-03
4.276737088054159523e-03
4.276737088054159523e-03
4.276737088054159523e-03
4.276737088054159523e-03
4.276737088054159523e-03
4.276737088054159523e-03
4.276737088054159523e-03
4.276737088054159523e-03
4.276737088054159523e-03
4.276737088054159523e-03
4.276737088054159523e-03
4.276737088054159523e-03
4.276737088054159523e-03
4.276737088054159523e-03
4.276737088054159523e-03
4.276737088054159523e-03
4.276737088054159523e-03
4.276737088054159523e-03
4.276737088054159523e-03
4.276737088054159523e-03
4.276737088054159523e-03
4.276737088054159523e-03
4.276737088054159523e-03
8.416784016454183573e-03
8.416784016454183573e-03
8.416784016454183573e-03
8.416784016454183573e-03
8.416784016454183573e-03
8.416784016454183573e-03
8.416784016454183573e-03
8.416784016454183573e-03
8.416784016454183573e-03
8.416784016454183573e-03
8.416784016454183573e-03
8.416784016454183573e-03
8.416784016454183573e-03
2.072475170897586372e-02
1.875337364671485554e-02
1.875337364671485554e-02
1.875337364671485554e-02
1.875337364671485554e-02
1.875337364671485554e-02
1.875337364671485554e-02
1.875337364671485554e-02
1.875337364671485554e-02
1.875337364671485554e-02
1.875337364671485554e-02
6.262064594375629789e-02
1.004108210605839926e-03
1.004108210605839926e-03
1.004108210605839926e-03
1.004108210605839926e-03
1.004108210605839926e-03
1.004108210605839926e-03
1.004108210605839926e-03
1.004108210605839926e-03
1.004108210605839926e-03
1.004108210605839926e-03
1.004108210605839926e-03
1.004108210605839926e-03
1.004108210605839926e-03
1.004108210605839926e-03
1.004108210605839926e-03
1.004108210605839926e-03
1.004108210605839926e-03
1.004108210605839926e-03
1.004108210605839926e-03
1.004108210605839926e-03
1.004108210605839926e-03
1.004108210605839926e-03
1.409872814756792797e-02
1.158177416695564156e-02
1.158177416695564156e-02
1.158177416695564156e-02
1.158177416695564156e-02
1.394959323544889621e-02
1.394959323544889621e-02
1.394959323544889621e-02
1.394959323544889621e-02
1.394959323544889621e-02
1.394959323544889621e-02
1.394959323544889621e-02
1.394959323544889621e-02
1.394959323544889621e-02
1.394959323544889621e-02
1.394959323544889621e-02
1.394959323544889621e-02
1.394959323544889621e-02
3.398939857140790329e-03
3.334386003090209893e-03
3.334386003090209893e-03
3.334386003090209893e-03
3.334386003090209893e-03
3.334386003090209893e-03
3.334386003090209893e-03
3.334386003090209893e-03
3.334386003090209893e-03
3.334386003090209893e-03
3.334386003090209893e-03
3.334386003090209893e-03
3.334386003090209893e-03
3.334386003090209893e-03
3.334386003090209893e-03
3.334386003090209893e-03
3.334386003090209893e-03
3.334386003090209893e-03
3.334386003090209893e-03
1.118656551893885834e-03
1.118656551893885834e-03
1.118656551893885834e-03
1.118656551893885834e-03
1.118656551893885834e-03
1.118656551893885834e-03
1.118656551893885834e-03
1.118656551893885834e-03
1.118656551893885834e-03
1.118656551893885834e-03
1.118656551893885834e-03
0.000000000000000000e+00
0.000000000000000000e+00
0.000000000000000000e+00
2.605221654710419485e-02
8.399591325349083093e-02
8.399591325349083093e-02
8.399591325349083093e-02
8.399591325349083093e-02
4.934312597732426649e-03
2.221998945084943666e-02
2.221998945084943666e-02
7.051903121928715379e-03
5.871199015425084509e-03
5.871199015425084509e-03
5.871199015425084509e-03
5.871199015425084509e-03
5.871199015425084509e-03
5.871199015425084509e-03
5.871199015425084509e-03
5.871199015425084509e-03
5.871199015425084509e-03
5.871199015425084509e-03
5.871199015425084509e-03
5.871199015425084509e-03
1.294849550759489707e-03
1.294849550759489707e-03
1.294849550759489707e-03
1.294849550759489707e-03
1.294849550759489707e-03
1.294849550759489707e-03
1.294849550759489707e-03
1.294849550759489707e-03
1.294849550759489707e-03
1.294849550759489707e-03
1.294849550759489707e-03
1.294849550759489707e-03
1.294849550759489707e-03
1.294849550759489707e-03
1.294849550759489707e-03
1.294849550759489707e-03
1.294849550759489707e-03
0.000000000000000000e+00
0.000000000000000000e+00
0.000000000000000000e+00
0.000000000000000000e+00
0.000000000000000000e+00
1.004293224616372923e-02
1.004293224616372923e-02
1.004293224616372923e-02
1.004293224616372923e-02
1.004293224616372923e-02
1.004293224616372923e-02
1.004293224616372923e-02
0.000000000000000000e+00
1.004293224616372923e-02
1.004293224616372923e-02
1.004293224616372923e-02
1.004293224616372923e-02
1.004293224616372923e-02
1.004293224616372923e-02
1.004293224616372923e-02
1.004293224616372923e-02
1.004293224616372923e-02
1.004293224616372923e-02
1.004293224616372923e-02
1.004293224616372923e-02
1.004293224616372923e-02
1.565659649206956484e-03
1.565659649206956484e-03
1.565659649206956484e-03
1.565659649206956484e-03
4.123831903299415846e-03
8.647801892464848650e-03
8.647801892464848650e-03
8.647801892464848650e-03
8.647801892464848650e-03
8.647801892464848650e-03
8.647801892464848650e-03
8.647801892464848650e-03
8.647801892464848650e-03
2.072475170897586372e-02
1.245213132682982662e-03
1.245213132682982662e-03
1.245213132682982662e-03
1.245213132682982662e-03
1.245213132682982662e-03
1.245213132682982662e-03
1.245213132682982662e-03
1.245213132682982662e-03
3.115840910463571825e-02
0.000000000000000000e+00
0.000000000000000000e+00
0.000000000000000000e+00
0.000000000000000000e+00
0.000000000000000000e+00
0.000000000000000000e+00
0.000000000000000000e+00
0.000000000000000000e+00
0.000000000000000000e+00
3.398027525469694138e-02
8.640934040152247267e-03
8.640934040152247267e-03
8.640934040152247267e-03
8.640934040152247267e-03
2.228631045769079513e-02
6.145986322372780364e-03
6.145986322372780364e-03
0.000000000000000000e+00
0.000000000000000000e+00
0.000000000000000000e+00
0.000000000000000000e+00
0.000000000000000000e+00
0.000000000000000000e+00
0.000000000000000000e+00
4.472092612071439099e-03
0.000000000000000000e+00
0.000000000000000000e+00
0.000000000000000000e+00
0.000000000000000000e+00
0.000000000000000000e+00
0.000000000000000000e+00
4.846672559105106616e-03
1.206713219654742715e-02
1.206713219654742715e-02
1.206713219654742715e-02
1.206713219654742715e-02
3.343693132871902729e-03
1.386247153480271027e-02
1.386247153480271027e-02
1.381654228295462958e-02
1.280094709267542638e-02
1.280094709267542638e-02
1.280094709267542638e-02
1.280094709267542638e-02
2.584740297316844623e-03
2.497226832612688477e-02
2.497226832612688477e-02
2.497226832612688477e-02
2.497226832612688477e-02
2.497226832612688477e-02
2.497226832612688477e-02
4.775535034328455032e-03
4.714283277937173812e-03
4.714283277937173812e-03
4.714283277937173812e-03
4.714283277937173812e-03
1.817229043422628060e-02
6.648342370709631188e-03
6.648342370709631188e-03
6.648342370709631188e-03
6.648342370709631188e-03
6.648342370709631188e-03
6.648342370709631188e-03
2.342204913873684213e-04
2.342204913873684213e-04
2.342204913873684213e-04
2.342204913873684213e-04
2.342204913873684213e-04
2.342204913873684213e-04
2.342204913873684213e-04
2.342204913873684213e-04
2.342204913873684213e-04
2.342204913873684213e-04
2.342204913873684213e-04
2.342204913873684213e-04
2.342204913873684213e-04
2.342204913873684213e-04
2.342204913873684213e-04
9.329784665210874919e-03
1.485192677437408015e-02
1.485192677437408015e-02
1.866621110792050179e-03
7.938929466194022573e-04
7.938929466194022573e-04
1.300216251470061139e-02
2.279355848681975313e-02
2.279355848681975313e-02
2.145749361964931906e-02
3.738260072066137540e-03
3.738260072066137540e-03
5.915790933365418572e-03
3.738260072066137540e-03
3.738260072066137540e-03
3.738260072066137540e-03
3.738260072066137540e-03
3.738260072066137540e-03
3.738260072066137540e-03
3.738260072066137540e-03
1.413890307991423449e-02
3.738260072066137540e-03
4.464274841120692908e-03
5.999981539058233532e-03
5.999981539058233532e-03
5.999981539058233532e-03
5.999981539058233532e-03
1.239425597576633981e-01
4.775535034328455032e-03
2.568927825812027110e-02
1.393495729581529542e-02
1.393495729581529542e-02
2.279243504777028750e-02
6.623078455536216512e-03
6.623078455536216512e-03
6.623078455536216512e-03
6.623078455536216512e-03
3.343693132871902729e-03
3.223100803688335510e-03
3.223100803688335510e-03
3.223100803688335510e-03
3.223100803688335510e-03
3.223100803688335510e-03
3.223100803688335510e-03
3.223100803688335510e-03
3.223100803688335510e-03
3.223100803688335510e-03
3.223100803688335510e-03
3.223100803688335510e-03
3.223100803688335510e-03
0.000000000000000000e+00
8.845925439357369205e-03
8.845925439357369205e-03
8.845925439357369205e-03
8.845925439357369205e-03
8.845925439357369205e-03
8.845925439357369205e-03
8.789211475304944607e-03
8.789211475304944607e-03
8.789211475304944607e-03
2.100880243166293807e-03
5.918926498683168246e-03
5.918926498683168246e-03
5.918926498683168246e-03
0.000000000000000000e+00
2.503570072770365182e-02
0.000000000000000000e+00
0.000000000000000000e+00
0.000000000000000000e+00
0.000000000000000000e+00
8.482623247385166071e-03
2.297834607030865492e-02
2.297834607030865492e-02
2.297834607030865492e-02
2.297834607030865492e-02
1.715448374887299648e-02
1.897376910485313803e-02
1.897376910485313803e-02
9.980019334077499735e-03
3.921217490380989024e-05
3.921217490380989024e-05
3.921217490380989024e-05
3.921217490380989024e-05
3.921217490380989024e-05
3.921217490380989024e-05
3.921217490380989024e-05
3.921217490380989024e-05
3.921217490380989024e-05
3.921217490380989024e-05
3.921217490380989024e-05
3.921217490380989024e-05
3.921217490380989024e-05
3.921217490380989024e-05
3.921217490380989024e-05
3.921217490380989024e-05
3.921217490380989024e-05
3.921217490380989024e-05
3.921217490380989024e-05
3.921217490380989024e-05
3.921217490380989024e-05
3.921217490380989024e-05
9.004178290670877827e-03
1.817891017235857831e-02
1.817891017235857831e-02
1.817891017235857831e-02
1.817891017235857831e-02
1.817891017235857831e-02
1.817891017235857831e-02
1.817891017235857831e-02
1.817891017235857831e-02
1.817891017235857831e-02
1.817891017235857831e-02
1.817891017235857831e-02
1.817891017235857831e-02
2.297892094349925172e-03
5.174197989387211219e-03
5.174197989387211219e-03
5.174197989387211219e-03
5.174197989387211219e-03
0.000000000000000000e+00
1.708292866245146591e-02
1.708292866245146591e-02
1.708292866245146591e-02
1.708292866245146591e-02
1.708292866245146591e-02
1.708292866245146591e-02
0.000000000000000000e+00
0.000000000000000000e+00
0.000000000000000000e+00
0.000000000000000000e+00
0.000000000000000000e+00
0.000000000000000000e+00
0.000000000000000000e+00
7.984102490295755250e-03
9.982680244754968749e-03
9.982680244754968749e-03
9.982680244754968749e-03
9.982680244754968749e-03
9.982680244754968749e-03
9.982680244754968749e-03
9.982680244754968749e-03
9.982680244754968749e-03
9.982680244754968749e-03
9.982680244754968749e-03
0.000000000000000000e+00
0.000000000000000000e+00
0.000000000000000000e+00
0.000000000000000000e+00
0.000000000000000000e+00
0.000000000000000000e+00
0.000000000000000000e+00
0.000000000000000000e+00
0.000000000000000000e+00
0.000000000000000000e+00
0.000000000000000000e+00
0.000000000000000000e+00
0.000000000000000000e+00
5.796431347522282979e-03
5.796431347522282979e-03
5.796431347522282979e-03
5.796431347522282979e-03
5.796431347522282979e-03
5.796431347522282979e-03
5.796431347522282979e-03
5.796431347522282979e-03
5.796431347522282979e-03
5.796431347522282979e-03
5.796431347522282979e-03
5.796431347522282979e-03
5.796431347522282979e-03
9.195775184950259751e-03
7.374889798793153074e-03
7.374889798793153074e-03
7.374889798793153074e-03
7.374889798793153074e-03
7.374889798793153074e-03
7.374889798793153074e-03
7.374889798793153074e-03
7.374889798793153074e-03
7.374889798793153074e-03
7.374889798793153074e-03
7.374889798793153074e-03
7.374889798793153074e-03
7.374889798793153074e-03
7.374889798793153074e-03
7.374889798793153074e-03
7.374889798793153074e-03
7.374889798793153074e-03
7.374889798793153074e-03
4.713669676141504956e-03
0.000000000000000000e+00
0.000000000000000000e+00
1.840190878068891783e-02
7.204423921970716516e-03
7.204423921970716516e-03
7.204423921970716516e-03
7.204423921970716516e-03
7.204423921970716516e-03
7.204423921970716516e-03
7.204423921970716516e-03
7.204423921970716516e-03
7.204423921970716516e-03
7.204423921970716516e-03
1.097847833673206742e-03
1.062808571737374093e-02
1.062808571737374093e-02
1.062808571737374093e-02
1.062808571737374093e-02
1.062808571737374093e-02
1.062808571737374093e-02
1.062808571737374093e-02
1.062808571737374093e-02
2.605221654710419485e-02
2.607200734318853436e-02
2.607200734318853436e-02
2.607200734318853436e-02
2.607200734318853436e-02
2.261998916132776025e-02
1.471500218808196626e-02
1.471500218808196626e-02
1.471500218808196626e-02
1.471500218808196626e-02
1.471500218808196626e-02
1.471500218808196626e-02
1.319773274188222080e-02
1.708748656600608817e-02
1.708748656600608817e-02
1.708748656600608817e-02
1.708748656600608817e-02
1.708748656600608817e-02
1.708748656600608817e-02
2.040880106892115423e-02
3.096284581308360534e-04
3.096284581308360534e-04
3.096284581308360534e-04
3.096284581308360534e-04
3.096284581308360534e-04
3.096284581308360534e-04
3.096284581308360534e-04
2.666699710795296732e-02
0.000000000000000000e+00
0.000000000000000000e+00
0.000000000000000000e+00
0.000000000000000000e+00
0.000000000000000000e+00
0.000000000000000000e+00
1.720642242926308588e-02
2.706877309564841103e-03
2.706877309564841103e-03
2.706877309564841103e-03
2.706877309564841103e-03
2.706877309564841103e-03
2.706877309564841103e-03
8.613161963845846272e-03
0.000000000000000000e+00
0.000000000000000000e+00
2.346703599979570870e-02
1.130525718688077863e-03
1.130525718688077863e-03
1.130525718688077863e-03
1.130525718688077863e-03
1.247848369687684818e-02
1.039761246157792918e-02
1.039761246157792918e-02
1.039761246157792918e-02
1.039761246157792918e-02
1.039761246157792918e-02
1.039761246157792918e-02
1.039761246157792918e-02
1.039761246157792918e-02
3.265188487171768669e-03
0.000000000000000000e+00
0.000000000000000000e+00
1.793221738058651746e-02
1.793221738058651746e-02
1.793221738058651746e-02
1.793221738058651746e-02
1.793221738058651746e-02
1.793221738058651746e-02
1.793221738058651746e-02
1.793221738058651746e-02
1.793221738058651746e-02
1.793221738058651746e-02
1.793221738058651746e-02
1.793221738058651746e-02
1.793221738058651746e-02
1.793221738058651746e-02
1.793221738058651746e-02
1.034529161571783908e-02
2.056021738017470638e-02
2.056021738017470638e-02
3.190262374927289868e-03
6.879889812196449995e-03
6.879889812196449995e-03
6.879889812196449995e-03
6.879889812196449995e-03
6.879889812196449995e-03
6.879889812196449995e-03
6.879889812196449995e-03
6.879889812196449995e-03
6.879889812196449995e-03
6.879889812196449995e-03
1.006467357970986009e-03
1.006467357970986009e-03
1.006467357970986009e-03
1.006467357970986009e-03
1.006467357970986009e-03
1.006467357970986009e-03
1.006467357970986009e-03
1.006467357970986009e-03
1.006467357970986009e-03
1.006467357970986009e-03
1.006467357970986009e-03
1.006467357970986009e-03
1.006467357970986009e-03
6.143067644241708911e-04
1.038015903035671879e-02
1.038015903035671879e-02
1.038015903035671879e-02
1.038015903035671879e-02
1.038015903035671879e-02
1.038015903035671879e-02
1.038015903035671879e-02
1.038015903035671879e-02
1.038015903035671879e-02
1.038015903035671879e-02
1.038015903035671879e-02
1.038015903035671879e-02
2.666699710795296732e-02
2.666699710795296732e-02
2.666699710795296732e-02
2.666699710795296732e-02
2.666699710795296732e-02
2.666699710795296732e-02
2.666699710795296732e-02
2.666699710795296732e-02
2.666699710795296732e-02
2.666699710795296732e-02
1.508277876046319570e-02
1.508277876046319570e-02
1.508277876046319570e-02
1.508277876046319570e-02
1.508277876046319570e-02
1.508277876046319570e-02
1.508277876046319570e-02
1.508277876046319570e-02
1.508277876046319570e-02
1.508277876046319570e-02
1.508277876046319570e-02
1.508277876046319570e-02
1.508277876046319570e-02
1.508277876046319570e-02
1.508277876046319570e-02
1.685868691624493659e-03
8.474849966302031024e-03
8.474849966302031024e-03
3.015802485784776013e-02
1.802282480797456204e-02
1.802282480797456204e-02
1.802282480797456204e-02
1.802282480797456204e-02
1.802282480797456204e-02
1.802282480797456204e-02
1.802282480797456204e-02
1.802282480797456204e-02
1.802282480797456204e-02
1.802282480797456204e-02
1.319773274188222080e-02
1.043239081799173656e-02
1.043239081799173656e-02
1.043239081799173656e-02
1.043239081799173656e-02
3.520693675542998363e-02
3.520693675542998363e-02
3.520693675542998363e-02
3.520693675542998363e-02
3.520693675542998363e-02
3.520693675542998363e-02
3.520693675542998363e-02
3.520693675542998363e-02
3.520693675542998363e-02
3.520693675542998363e-02
3.520693675542998363e-02
4.850070622827595650e-03
1.882647806330714144e-02
1.882647806330714144e-02
6.523030799178584395e-03
3.049228299722819141e-02
3.049228299722819141e-02
3.049228299722819141e-02
3.049228299722819141e-02
3.049228299722819141e-02
3.049228299722819141e-02
1.278256265345506341e-02
3.999315443159242450e-02
3.999315443159242450e-02
3.999315443159242450e-02
3.999315443159242450e-02
3.999315443159242450e-02
3.999315443159242450e-02
3.999315443159242450e-02
3.999315443159242450e-02
4.772127442419664411e-03
9.589126406423061771e-03
9.589126406423061771e-03
9.589126406423061771e-03
9.589126406423061771e-03
9.589126406423061771e-03
9.589126406423061771e-03
9.589126406423061771e-03
9.589126406423061771e-03
9.589126406423061771e-03
9.589126406423061771e-03
9.589126406423061771e-03
9.589126406423061771e-03
1.404253148553904866e-02
1.404253148553904866e-02
1.404253148553904866e-02
1.404253148553904866e-02
1.404253148553904866e-02
1.404253148553904866e-02
1.404253148553904866e-02
1.404253148553904866e-02
1.404253148553904866e-02
1.404253148553904866e-02
1.404253148553904866e-02
1.404253148553904866e-02
1.404253148553904866e-02
0.000000000000000000e+00
0.000000000000000000e+00
0.000000000000000000e+00
1.285172963702221763e-03
1.431811977445527143e-02
1.431811977445527143e-02
2.095421137746588964e-03
2.614149856252516724e-01
2.614149856252516724e-01
2.614149856252516724e-01
2.614149856252516724e-01
8.937995500195026685e-03
5.092436995132833440e-03
5.092436995132833440e-03
3.543157337850094592e-03
1.205619303828169226e-03
1.205619303828169226e-03
1.205619303828169226e-03
1.205619303828169226e-03
1.205619303828169226e-03
1.205619303828169226e-03
1.439456489736217794e-02
2.043614865526756363e-02
2.043614865526756363e-02
2.043614865526756363e-02
2.043614865526756363e-02
2.043614865526756363e-02
2.043614865526756363e-02
2.043614865526756363e-02
2.043614865526756363e-02
2.043614865526756363e-02
2.043614865526756363e-02
2.043614865526756363e-02
2.043614865526756363e-02
2.043614865526756363e-02
2.043614865526756363e-02
3.015802485784776013e-02
3.015802485784776013e-02
3.015802485784776013e-02
3.015802485784776013e-02
3.015802485784776013e-02
3.015802485784776013e-02
2.143094111706868483e-03
1.062062394348269436e-03
1.062062394348269436e-03
1.062062394348269436e-03
1.062062394348269436e-03
1.523821167219764280e-02
6.477740775381703349e-03
6.477740775381703349e-03
6.477740775381703349e-03
6.477740775381703349e-03
6.477740775381703349e-03
6.477740775381703349e-03
6.477740775381703349e-03
6.477740775381703349e-03
2.519254726383752044e-03
8.082700362802666336e-03
8.082700362802666336e-03
8.082700362802666336e-03
8.082700362802666336e-03
8.082700362802666336e-03
8.082700362802666336e-03
8.082700362802666336e-03
8.082700362802666336e-03
8.082700362802666336e-03
8.082700362802666336e-03
3.995302542206020588e-03
3.995302542206020588e-03
3.995302542206020588e-03
3.995302542206020588e-03
3.995302542206020588e-03
3.995302542206020588e-03
3.995302542206020588e-03
3.995302542206020588e-03
3.995302542206020588e-03
3.995302542206020588e-03
3.995302542206020588e-03
3.995302542206020588e-03
3.995302542206020588e-03
4.253482921350196060e-03
5.066643478167432747e-03
5.066643478167432747e-03
5.066643478167432747e-03
5.066643478167432747e-03
7.859801996214536238e-04
7.859801996214536238e-04
7.859801996214536238e-04
7.859801996214536238e-04
7.859801996214536238e-04
7.859801996214536238e-04
7.859801996214536238e-04
7.859801996214536238e-04
7.859801996214536238e-04
7.859801996214536238e-04
7.859801996214536238e-04
7.859801996214536238e-04
7.859801996214536238e-04
7.859801996214536238e-04
7.859801996214536238e-04
5.744175323657178985e-03
5.744175323657178985e-03
5.744175323657178985e-03
5.744175323657178985e-03
5.744175323657178985e-03
5.744175323657178985e-03
5.744175323657178985e-03
5.744175323657178985e-03
5.744175323657178985e-03
5.744175323657178985e-03
5.744175323657178985e-03
4.028050265096121130e-02
1.231141387733800108e-02
1.231141387733800108e-02
1.231141387733800108e-02
1.231141387733800108e-02
1.231141387733800108e-02
1.231141387733800108e-02
1.231141387733800108e-02
1.231141387733800108e-02
1.231141387733800108e-02
1.231141387733800108e-02
1.231141387733800108e-02
1.231141387733800108e-02
1.231141387733800108e-02
1.231141387733800108e-02
2.465054324894228391e-02
4.846672559105106616e-03
4.846672559105106616e-03
4.846672559105106616e-03
4.846672559105106616e-03
4.846672559105106616e-03
4.846672559105106616e-03
4.846672559105106616e-03
4.846672559105106616e-03
4.846672559105106616e-03
4.846672559105106616e-03
4.846672559105106616e-03
4.846672559105106616e-03
4.846672559105106616e-03
4.846672559105106616e-03
4.846672559105106616e-03
4.846672559105106616e-03
4.846672559105106616e-03
7.089122370992207225e-03
7.236732203606334110e-03
7.236732203606334110e-03
7.236732203606334110e-03
7.236732203606334110e-03
7.236732203606334110e-03
7.236732203606334110e-03
7.236732203606334110e-03
7.236732203606334110e-03
1.331231820720650549e-02
1.331231820720650549e-02
1.331231820720650549e-02
1.331231820720650549e-02
1.331231820720650549e-02
1.331231820720650549e-02
1.331231820720650549e-02
1.331231820720650549e-02
1.331231820720650549e-02
1.331231820720650549e-02
1.331231820720650549e-02
1.331231820720650549e-02
1.331231820720650549e-02
7.678358226157781449e-03
7.528703537793719584e-03
7.528703537793719584e-03
7.528703537793719584e-03
7.528703537793719584e-03
7.528703537793719584e-03
7.528703537793719584e-03
4.482980774490755507e-03
6.868268843827047589e-03
6.868268843827047589e-03
6.868268843827047589e-03
6.868268843827047589e-03
6.868268843827047589e-03
6.868268843827047589e-03
6.868268843827047589e-03
6.868268843827047589e-03
6.868268843827047589e-03
6.868268843827047589e-03
6.868268843827047589e-03
6.868268843827047589e-03
6.868268843827047589e-03
6.868268843827047589e-03
0.000000000000000000e+00
0.000000000000000000e+00
0.000000000000000000e+00
0.000000000000000000e+00
3.855743430901122201e-04
3.855743430901122201e-04
3.855743430901122201e-04
3.855743430901122201e-04
3.855743430901122201e-04
3.855743430901122201e-04
3.855743430901122201e-04
3.855743430901122201e-04
3.855743430901122201e-04
3.855743430901122201e-04
3.855743430901122201e-04
1.792075932162326239e-03
1.141504660768182140e-03
1.141504660768182140e-03
1.141504660768182140e-03
1.141504660768182140e-03
1.141504660768182140e-03
1.141504660768182140e-03
1.141504660768182140e-03
1.141504660768182140e-03
1.141504660768182140e-03
1.141504660768182140e-03
1.141504660768182140e-03
1.141504660768182140e-03
1.273010473592522084e-02
5.451122488191710233e-03
5.451122488191710233e-03
0.000000000000000000e+00
0.000000000000000000e+00
0.000000000000000000e+00
0.000000000000000000e+00
0.000000000000000000e+00
0.000000000000000000e+00
2.602441584656835921e-02
2.602441584656835921e-02
2.602441584656835921e-02
2.602441584656835921e-02
2.809834685329509057e-02
0.000000000000000000e+00
0.000000000000000000e+00
0.000000000000000000e+00
0.000000000000000000e+00
0.000000000000000000e+00
0.000000000000000000e+00
2.171393192304900497e-03
4.850070622827595650e-03
4.850070622827595650e-03
4.850070622827595650e-03
4.850070622827595650e-03
4.850070622827595650e-03
4.850070622827595650e-03
4.850070622827595650e-03
3.911048766738069280e-04
9.143426974000310598e-03
9.143426974000310598e-03
6.337295976119154857e-03
1.149115454047656554e-01
1.149115454047656554e-01
1.149115454047656554e-01
1.149115454047656554e-01
1.149115454047656554e-01
1.149115454047656554e-01
1.149115454047656554e-01
1.149115454047656554e-01
7.255085417576821738e-03
4.773567551006358857e-03
4.773567551006358857e-03
1.200983635253723494e-02
1.826462404422036709e-03
1.826462404422036709e-03
1.826462404422036709e-03
1.826462404422036709e-03
1.750554026728577336e-02
1.750554026728577336e-02
1.750554026728577336e-02
1.750554026728577336e-02
1.750554026728577336e-02
1.750554026728577336e-02
1.750554026728577336e-02
1.750554026728577336e-02
1.750554026728577336e-02
1.750554026728577336e-02
1.750554026728577336e-02
1.750554026728577336e-02
1.750554026728577336e-02
1.750554026728577336e-02
1.750554026728577336e-02
1.750554026728577336e-02
1.750554026728577336e-02
1.750554026728577336e-02
1.750554026728577336e-02
1.750554026728577336e-02
1.750554026728577336e-02
1.750554026728577336e-02
1.750554026728577336e-02
2.246542710283972594e-02
2.144908747829885401e-02
2.144908747829885401e-02
4.095317751509973403e-03
3.675662201065382339e-03
3.675662201065382339e-03
3.675662201065382339e-03
3.675662201065382339e-03
3.675662201065382339e-03
3.675662201065382339e-03
3.675662201065382339e-03
3.675662201065382339e-03
2.807555215451369365e-02
2.586251348400678274e-02
2.586251348400678274e-02
1.126788290444426200e-03
1.653700735308301015e-02
1.653700735308301015e-02
1.653700735308301015e-02
1.653700735308301015e-02
1.653700735308301015e-02
1.653700735308301015e-02
1.653700735308301015e-02
1.653700735308301015e-02
1.653700735308301015e-02
1.653700735308301015e-02
1.653700735308301015e-02
1.653700735308301015e-02
9.383113470885303189e-03
9.383113470885303189e-03
9.383113470885303189e-03
9.383113470885303189e-03
9.383113470885303189e-03
9.383113470885303189e-03
9.383113470885303189e-03
9.383113470885303189e-03
9.383113470885303189e-03
9.383113470885303189e-03
9.383113470885303189e-03
6.777480876565435478e-03
9.259223171282008127e-03
9.259223171282008127e-03
0.000000000000000000e+00
2.166385494216758068e-03
2.166385494216758068e-03
2.166385494216758068e-03
2.166385494216758068e-03
2.166385494216758068e-03
2.166385494216758068e-03
2.166385494216758068e-03
2.166385494216758068e-03
2.166385494216758068e-03
2.166385494216758068e-03
2.166385494216758068e-03
2.166385494216758068e-03
2.166385494216758068e-03
2.166385494216758068e-03
2.166385494216758068e-03
2.166385494216758068e-03
0.000000000000000000e+00
0.000000000000000000e+00
0.000000000000000000e+00
0.000000000000000000e+00
0.000000000000000000e+00
1.387851928725690812e-02
7.804617308885434396e-03
7.804617308885434396e-03
7.804617308885434396e-03
7.804617308885434396e-03
7.804617308885434396e-03
7.804617308885434396e-03
7.804617308885434396e-03
7.804617308885434396e-03
1.871388856395197337e-02
1.793354120132760118e-02
1.793354120132760118e-02
1.793354120132760118e-02
1.793354120132760118e-02
1.793354120132760118e-02
1.793354120132760118e-02
0.000000000000000000e+00
0.000000000000000000e+00
0.000000000000000000e+00
0.000000000000000000e+00
0.000000000000000000e+00
0.000000000000000000e+00
0.000000000000000000e+00
0.000000000000000000e+00
0.000000000000000000e+00
0.000000000000000000e+00
2.569275086261455215e-03
1.892759437115480031e-02
1.892759437115480031e-02
0.000000000000000000e+00
0.000000000000000000e+00
0.000000000000000000e+00
0.000000000000000000e+00
0.000000000000000000e+00
7.820395858805114647e-03
1.857962332746393094e-02
1.857962332746393094e-02
1.857962332746393094e-02
1.857962332746393094e-02
1.857962332746393094e-02
1.857962332746393094e-02
1.857962332746393094e-02
1.857962332746393094e-02
1.857962332746393094e-02
1.857962332746393094e-02
1.857962332746393094e-02
1.857962332746393094e-02
1.857962332746393094e-02
1.857962332746393094e-02
1.857962332746393094e-02
1.857962332746393094e-02
1.857962332746393094e-02
1.857962332746393094e-02
4.000417058784867114e-02
1.287051228077958943e-02
1.287051228077958943e-02
1.287051228077958943e-02
1.287051228077958943e-02
1.287051228077958943e-02
1.287051228077958943e-02
1.287051228077958943e-02
1.287051228077958943e-02
1.317657891194064061e-02
5.784460991176695139e-04
5.784460991176695139e-04
5.784460991176695139e-04
5.784460991176695139e-04
5.784460991176695139e-04
5.784460991176695139e-04
1.207957667157251794e-02
1.207957667157251794e-02
1.207957667157251794e-02
1.207957667157251794e-02
1.207957667157251794e-02
1.207957667157251794e-02
1.207957667157251794e-02
1.207957667157251794e-02
1.207957667157251794e-02
1.207957667157251794e-02
1.207957667157251794e-02
5.617297669842933987e-03
2.384581163570867815e-02
2.384581163570867815e-02
2.384581163570867815e-02
2.384581163570867815e-02
2.384581163570867815e-02
2.384581163570867815e-02
2.384581163570867815e-02
2.384581163570867815e-02
1.108835696514818333e-03
2.083892444317653799e-03
2.083892444317653799e-03
2.083892444317653799e-03
2.083892444317653799e-03
2.083892444317653799e-03
2.083892444317653799e-03
6.372898476090494389e-04
3.332117863996728047e-02
3.332117863996728047e-02
1.857496508388251782e-02
1.857496508388251782e-02
1.857496508388251782e-02
1.857496508388251782e-02
1.857496508388251782e-02
1.857496508388251782e-02
1.857496508388251782e-02
1.857496508388251782e-02
1.857496508388251782e-02
1.857496508388251782e-02
1.857496508388251782e-02
2.167381275132283791e-02
1.317657891194064061e-02
1.317657891194064061e-02
1.317657891194064061e-02
2.329207204973157176e-03
2.039067223225764225e-02
2.039067223225764225e-02
2.039067223225764225e-02
2.039067223225764225e-02
2.039067223225764225e-02
2.039067223225764225e-02
2.039067223225764225e-02
2.039067223225764225e-02
2.039067223225764225e-02
2.039067223225764225e-02
2.039067223225764225e-02
2.039067223225764225e-02
1.857081055415661999e-02
1.992030587723833332e-02
1.992030587723833332e-02
1.992030587723833332e-02
1.992030587723833332e-02
2.546867961134417421e-02
1.992030587723833332e-02
1.992030587723833332e-02
1.992030587723833332e-02
2.025558562469457341e-02
9.958326345864715323e-03
9.958326345864715323e-03
9.958326345864715323e-03
9.958326345864715323e-03
9.958326345864715323e-03
9.958326345864715323e-03
9.958326345864715323e-03
9.958326345864715323e-03
9.958326345864715323e-03
9.958326345864715323e-03
9.958326345864715323e-03
9.958326345864715323e-03
9.958326345864715323e-03
9.958326345864715323e-03
9.958326345864715323e-03
9.958326345864715323e-03
9.958326345864715323e-03
9.958326345864715323e-03
9.958326345864715323e-03
9.958326345864715323e-03
1.041740261687386371e-02
1.347746583859622989e-02
1.347746583859622989e-02
1.347746583859622989e-02
1.347746583859622989e-02
1.347746583859622989e-02
1.347746583859622989e-02
1.347746583859622989e-02
6.372898476090494389e-04
6.372898476090494389e-04
6.372898476090494389e-04
6.372898476090494389e-04
6.372898476090494389e-04
6.372898476090494389e-04
6.372898476090494389e-04
6.372898476090494389e-04
0.000000000000000000e+00
2.481229033991138797e-02
2.481229033991138797e-02
2.481229033991138797e-02
2.481229033991138797e-02
2.481229033991138797e-02
2.481229033991138797e-02
2.481229033991138797e-02
2.481229033991138797e-02
2.481229033991138797e-02
2.481229033991138797e-02
2.481229033991138797e-02
2.481229033991138797e-02
4.809895171388627044e-03
1.845662810733321099e-02
1.845662810733321099e-02
1.845662810733321099e-02
1.845662810733321099e-02
1.845662810733321099e-02
1.845662810733321099e-02
1.845662810733321099e-02
1.845662810733321099e-02
1.845662810733321099e-02
1.845662810733321099e-02
3.382410088603494090e-03
3.382410088603494090e-03
3.382410088603494090e-03
3.382410088603494090e-03
3.382410088603494090e-03
3.382410088603494090e-03
3.382410088603494090e-03
3.382410088603494090e-03
3.382410088603494090e-03
3.382410088603494090e-03
3.382410088603494090e-03
5.143629716620358797e-03
1.710098884971915020e-02
1.710098884971915020e-02
1.710098884971915020e-02
1.710098884971915020e-02
1.710098884971915020e-02
1.710098884971915020e-02
1.710098884971915020e-02
1.710098884971915020e-02
4.804402540102102950e-03
1.814138128622177007e-02
1.814138128622177007e-02
1.814138128622177007e-02
1.814138128622177007e-02
6.271445828979758594e-03
1.144315746307715542e-02
1.144315746307715542e-02
1.144315746307715542e-02
1.144315746307715542e-02
1.144315746307715542e-02
1.144315746307715542e-02
1.144315746307715542e-02
1.144315746307715542e-02
1.144315746307715542e-02
1.144315746307715542e-02
1.144315746307715542e-02
1.144315746307715542e-02
1.144315746307715542e-02
1.144315746307715542e-02
6.777480876565435478e-03
6.777480876565435478e-03
6.777480876565435478e-03
6.777480876565435478e-03
6.777480876565435478e-03
6.777480876565435478e-03
6.777480876565435478e-03
6.777480876565435478e-03
6.777480876565435478e-03
6.777480876565435478e-03
6.777480876565435478e-03
6.777480876565435478e-03
6.777480876565435478e-03
6.777480876565435478e-03
6.777480876565435478e-03
6.777480876565435478e-03
6.777480876565435478e-03
6.777480876565435478e-03
6.777480876565435478e-03
0.000000000000000000e+00
2.318395614580424577e-02
2.318395614580424577e-02
2.318395614580424577e-02
2.318395614580424577e-02
2.318395614580424577e-02
2.318395614580424577e-02
2.318395614580424577e-02
2.318395614580424577e-02
2.318395614580424577e-02
2.318395614580424577e-02
2.318395614580424577e-02
2.318395614580424577e-02
2.223399986689124017e-02
4.045694142447700190e-03
4.045694142447700190e-03
4.045694142447700190e-03
4.045694142447700190e-03
4.045694142447700190e-03
4.045694142447700190e-03
4.045694142447700190e-03
4.045694142447700190e-03
4.045694142447700190e-03
4.045694142447700190e-03
8.747285290302119626e-03
1.088851320279654415e-02
1.088851320279654415e-02
1.380453104825814063e-02
1.088851320279654415e-02
0.000000000000000000e+00
1.175144096419637046e-02
1.175144096419637046e-02
1.175144096419637046e-02
1.175144096419637046e-02
1.175144096419637046e-02
1.175144096419637046e-02
1.175144096419637046e-02
1.175144096419637046e-02
1.175144096419637046e-02
1.175144096419637046e-02
1.175144096419637046e-02
1.175144096419637046e-02
1.333850017131022955e-02
1.333850017131022955e-02
1.333850017131022955e-02
1.333850017131022955e-02
1.333850017131022955e-02
1.333850017131022955e-02
1.333850017131022955e-02
1.333850017131022955e-02
1.333850017131022955e-02
1.333850017131022955e-02
1.333850017131022955e-02
0.000000000000000000e+00
0.000000000000000000e+00
0.000000000000000000e+00
2.776546180036413430e-02
4.541323655861426688e-03
4.541323655861426688e-03
4.541323655861426688e-03
4.541323655861426688e-03
4.541323655861426688e-03
4.541323655861426688e-03
4.541323655861426688e-03
4.541323655861426688e-03
1.564795171575915052e-03
0.000000000000000000e+00
0.000000000000000000e+00
0.000000000000000000e+00
0.000000000000000000e+00
0.000000000000000000e+00
0.000000000000000000e+00
0.000000000000000000e+00
0.000000000000000000e+00
1.764183623049079760e-02
0.000000000000000000e+00
0.000000000000000000e+00
0.000000000000000000e+00
0.000000000000000000e+00
0.000000000000000000e+00
0.000000000000000000e+00
0.000000000000000000e+00
0.000000000000000000e+00
0.000000000000000000e+00
0.000000000000000000e+00
0.000000000000000000e+00
0.000000000000000000e+00
0.000000000000000000e+00
3.892411393063482505e-03
1.226106490095265483e-02
1.226106490095265483e-02
1.226106490095265483e-02
1.226106490095265483e-02
2.804473695160967020e-02
1.226106490095265483e-02
9.286953718266323723e-03
5.959586376417033184e-03
5.959586376417033184e-03
5.959586376417033184e-03
5.959586376417033184e-03
5.959586376417033184e-03
5.959586376417033184e-03
4.082657377675116134e-02
4.082657377675116134e-02
4.082657377675116134e-02
4.082657377675116134e-02
4.082657377675116134e-02
3.722665413766701459e-02
4.082657377675116134e-02
3.500311421559280413e-03
1.296989834425462361e-02
1.296989834425462361e-02
1.296989834425462361e-02
1.296989834425462361e-02
1.889414581143182559e-02
9.370453607386419748e-03
9.370453607386419748e-03
9.370453607386419748e-03
9.370453607386419748e-03
9.370453607386419748e-03
9.370453607386419748e-03
9.370453607386419748e-03
9.370453607386419748e-03
9.370453607386419748e-03
9.370453607386419748e-03
9.370453607386419748e-03
9.370453607386419748e-03
1.413776810747516960e-02
2.652989309639260974e-03
2.652989309639260974e-03
2.652989309639260974e-03
2.652989309639260974e-03
2.652989309639260974e-03
2.652989309639260974e-03
1.648109626172512832e-02
4.274418504837194498e-04
4.274418504837194498e-04
4.274418504837194498e-04
4.274418504837194498e-04
4.274418504837194498e-04
4.274418504837194498e-04
4.274418504837194498e-04
4.274418504837194498e-04
4.274418504837194498e-04
4.274418504837194498e-04
4.274418504837194498e-04
4.274418504837194498e-04
0.000000000000000000e+00
0.000000000000000000e+00
2.528869349952991494e-02
4.324806543197152672e-03
2.528869349952991494e-02
2.528869349952991494e-02
2.528869349952991494e-02
2.528869349952991494e-02
2.528869349952991494e-02
4.324806543197152672e-03
4.324806543197152672e-03
4.324806543197152672e-03
4.324806543197152672e-03
4.324806543197152672e-03
4.324806543197152672e-03
4.324806543197152672e-03
2.064412279070580291e-03
2.064412279070580291e-03
2.064412279070580291e-03
2.064412279070580291e-03
2.064412279070580291e-03
2.064412279070580291e-03
2.064412279070580291e-03
2.064412279070580291e-03
2.064412279070580291e-03
2.064412279070580291e-03
2.064412279070580291e-03
1.764183623049079760e-02
1.764183623049079760e-02
1.764183623049079760e-02
1.764183623049079760e-02
1.764183623049079760e-02
1.764183623049079760e-02
3.304204301326971183e-02
5.512459436111163610e-03
5.512459436111163610e-03
5.512459436111163610e-03
5.512459436111163610e-03
7.284391705828169652e-03
6.402686260412671559e-04
6.402686260412671559e-04
6.402686260412671559e-04
6.402686260412671559e-04
6.402686260412671559e-04
6.402686260412671559e-04
6.402686260412671559e-04
6.402686260412671559e-04
6.402686260412671559e-04
6.402686260412671559e-04
6.402686260412671559e-04
6.402686260412671559e-04
3.769747273537584886e-03
1.869164809713798683e-02
1.869164809713798683e-02
1.869164809713798683e-02
1.869164809713798683e-02
1.399281635876934490e-03
2.242871023135452769e-03
2.242871023135452769e-03
2.242871023135452769e-03
2.242871023135452769e-03
1.645562709742688602e-03
0.000000000000000000e+00
0.000000000000000000e+00
2.607766253334393644e-02
2.607766253334393644e-02
8.059488656276815946e-03
0.000000000000000000e+00
0.000000000000000000e+00
2.909264895027611000e-02
2.909264895027611000e-02
2.909264895027611000e-02
1.282488295008085873e-02
9.724051587170261246e-03
1.378190902426854395e-02
9.724051587170261246e-03
0.000000000000000000e+00
0.000000000000000000e+00
3.012819716874718182e-02
0.000000000000000000e+00
0.000000000000000000e+00
0.000000000000000000e+00
0.000000000000000000e+00
0.000000000000000000e+00
0.000000000000000000e+00
0.000000000000000000e+00
1.170094844544409575e-02
2.108282250064686184e-02
2.108282250064686184e-02
2.108282250064686184e-02
2.108282250064686184e-02
2.108282250064686184e-02
2.108282250064686184e-02
2.108282250064686184e-02
2.108282250064686184e-02
1.814841624032654047e-02
1.573539577575745058e-02
1.573539577575745058e-02
1.573539577575745058e-02
1.573539577575745058e-02
9.243184441353994793e-03
1.468410950266066037e-02
1.468410950266066037e-02
1.468410950266066037e-02
1.468410950266066037e-02
1.468410950266066037e-02
1.468410950266066037e-02
0.000000000000000000e+00
7.400922458987787981e-04
7.400922458987787981e-04
7.400922458987787981e-04
7.400922458987787981e-04
7.400922458987787981e-04
7.400922458987787981e-04
7.400922458987787981e-04
7.400922458987787981e-04
7.400922458987787981e-04
7.400922458987787981e-04
7.400922458987787981e-04
7.400922458987787981e-04
7.400922458987787981e-04
7.400922458987787981e-04
7.400922458987787981e-04
7.400922458987787981e-04
7.400922458987787981e-04
7.400922458987787981e-04
7.400922458987787981e-04
7.400922458987787981e-04
7.400922458987787981e-04
7.400922458987787981e-04
7.400922458987787981e-04
7.400922458987787981e-04
7.400922458987787981e-04
7.400922458987787981e-04
0.000000000000000000e+00
2.143037027644617218e-02
2.143037027644617218e-02
2.143037027644617218e-02
2.143037027644617218e-02
2.143037027644617218e-02
2.143037027644617218e-02
3.132258340975589087e-03
2.609459048607007912e-03
2.609459048607007912e-03
5.429673129954771388e-02
7.642555890179458453e-03
7.642555890179458453e-03
7.642555890179458453e-03
7.642555890179458453e-03
7.642555890179458453e-03
7.642555890179458453e-03
7.642555890179458453e-03
7.642555890179458453e-03
7.642555890179458453e-03
7.642555890179458453e-03
1.384116579010184322e-03
8.910186236153241554e-03
8.910186236153241554e-03
8.910186236153241554e-03
8.910186236153241554e-03
8.910186236153241554e-03
8.910186236153241554e-03
1.097998423390304096e-02
0.000000000000000000e+00
0.000000000000000000e+00
0.000000000000000000e+00
0.000000000000000000e+00
0.000000000000000000e+00
0.000000000000000000e+00
0.000000000000000000e+00
0.000000000000000000e+00
0.000000000000000000e+00
0.000000000000000000e+00
2.093848251441756542e-02
1.984193473723051132e-02
1.984193473723051132e-02
1.802434021761919677e-02
1.802434021761919677e-02
1.802434021761919677e-02
1.802434021761919677e-02
1.802434021761919677e-02
1.802434021761919677e-02
1.802434021761919677e-02
1.802434021761919677e-02
1.802434021761919677e-02
1.802434021761919677e-02
1.802434021761919677e-02
1.802434021761919677e-02
1.802434021761919677e-02
8.701308333424868924e-03
3.961269378938863696e-03
3.961269378938863696e-03
3.961269378938863696e-03
3.961269378938863696e-03
3.961269378938863696e-03
3.961269378938863696e-03
3.961269378938863696e-03
3.961269378938863696e-03
3.961269378938863696e-03
3.961269378938863696e-03
3.961269378938863696e-03
3.961269378938863696e-03
3.961269378938863696e-03
3.961269378938863696e-03
3.961269378938863696e-03
3.961269378938863696e-03
3.961269378938863696e-03
3.961269378938863696e-03
3.114018717461358027e-02
1.967289416777809330e-02
1.967289416777809330e-02
1.967289416777809330e-02
1.967289416777809330e-02
1.417090752449725981e-02
1.229565810597971036e-02
1.229565810597971036e-02
1.229565810597971036e-02
1.229565810597971036e-02
2.087058124022355896e-03
0.000000000000000000e+00
0.000000000000000000e+00
0.000000000000000000e+00
0.000000000000000000e+00
7.526425683724803986e-03
6.707171497144695689e-03
6.707171497144695689e-03
6.707171497144695689e-03
6.707171497144695689e-03
6.707171497144695689e-03
6.707171497144695689e-03
6.707171497144695689e-03
6.707171497144695689e-03
6.707171497144695689e-03
6.707171497144695689e-03
2.748713030766892357e-03
1.897787825556200916e-02
1.897787825556200916e-02
1.897787825556200916e-02
1.897787825556200916e-02
1.897787825556200916e-02
1.897787825556200916e-02
1.897787825556200916e-02
1.897787825556200916e-02
1.866287302513821439e-02
1.047150645559402973e-02
1.047150645559402973e-02
2.365788508377647537e-02
2.060041819350104039e-02
2.060041819350104039e-02
2.060041819350104039e-02
2.060041819350104039e-02
2.060041819350104039e-02
2.060041819350104039e-02
1.067883311667989880e-02
1.067883311667989880e-02
1.067883311667989880e-02
1.067883311667989880e-02
1.067883311667989880e-02
1.067883311667989880e-02
1.067883311667989880e-02
1.067883311667989880e-02
1.067883311667989880e-02
1.067883311667989880e-02
1.067883311667989880e-02
2.025558562469457341e-02
1.097937664034099106e-02
1.097937664034099106e-02
1.097937664034099106e-02
1.097937664034099106e-02
1.097937664034099106e-02
1.097937664034099106e-02
1.097937664034099106e-02
1.097937664034099106e-02
2.087058124022355896e-03
2.087058124022355896e-03
2.087058124022355896e-03
2.087058124022355896e-03
2.087058124022355896e-03
2.087058124022355896e-03
3.698938714838736347e-02
5.202309661249965821e-03
5.202309661249965821e-03
5.202309661249965821e-03
5.202309661249965821e-03
5.202309661249965821e-03
5.202309661249965821e-03
5.202309661249965821e-03
5.202309661249965821e-03
5.202309661249965821e-03
5.202309661249965821e-03
3.858741307540099457e-03
3.858741307540099457e-03
3.858741307540099457e-03
3.858741307540099457e-03
3.858741307540099457e-03
3.858741307540099457e-03
3.858741307540099457e-03
3.858741307540099457e-03
3.858741307540099457e-03
3.858741307540099457e-03
2.278250157529811831e-02
2.278250157529811831e-02
2.278250157529811831e-02
2.278250157529811831e-02
2.278250157529811831e-02
2.278250157529811831e-02
2.278250157529811831e-02
2.278250157529811831e-02
2.278250157529811831e-02
2.278250157529811831e-02
2.278250157529811831e-02
2.025558562469457341e-02
2.025558562469457341e-02
2.025558562469457341e-02
2.025558562469457341e-02
2.025558562469457341e-02
2.025558562469457341e-02
2.025558562469457341e-02
2.025558562469457341e-02
2.025558562469457341e-02
2.025558562469457341e-02
2.025558562469457341e-02
2.025558562469457341e-02
2.025558562469457341e-02
2.025558562469457341e-02
2.025558562469457341e-02
5.233294669592792117e-03
1.881691196044932984e-02
1.881691196044932984e-02
1.881691196044932984e-02
1.881691196044932984e-02
0.000000000000000000e+00
0.000000000000000000e+00
0.000000000000000000e+00
0.000000000000000000e+00
0.000000000000000000e+00
0.000000000000000000e+00
7.859873591180552288e-03
1.494677560936969428e-03
1.494677560936969428e-03
1.494677560936969428e-03
1.494677560936969428e-03
1.494677560936969428e-03
1.494677560936969428e-03
1.066565032291016263e-02
6.934183746582052270e-03
6.934183746582052270e-03
6.934183746582052270e-03
6.934183746582052270e-03
6.934183746582052270e-03
6.934183746582052270e-03
6.934183746582052270e-03
6.934183746582052270e-03
6.934183746582052270e-03
6.934183746582052270e-03
6.934183746582052270e-03
6.934183746582052270e-03
6.934183746582052270e-03
6.934183746582052270e-03
6.934183746582052270e-03
6.934183746582052270e-03
6.934183746582052270e-03
6.934183746582052270e-03
9.233251828324295213e-05
1.280286874940834464e-03
1.280286874940834464e-03
1.280286874940834464e-03
1.280286874940834464e-03
1.280286874940834464e-03
1.280286874940834464e-03
2.188096726860036534e-02
3.425774307262063369e-03
3.425774307262063369e-03
3.425774307262063369e-03
3.425774307262063369e-03
8.465703500983277202e-03
8.465703500983277202e-03
8.465703500983277202e-03
8.465703500983277202e-03
8.465703500983277202e-03
8.465703500983277202e-03
8.465703500983277202e-03
8.465703500983277202e-03
8.465703500983277202e-03
8.465703500983277202e-03
8.465703500983277202e-03
8.465703500983277202e-03
8.465703500983277202e-03
8.465703500983277202e-03
8.465703500983277202e-03
8.465703500983277202e-03
8.465703500983277202e-03
8.465703500983277202e-03
8.465703500983277202e-03
8.465703500983277202e-03
8.465703500983277202e-03
8.465703500983277202e-03
8.465703500983277202e-03
2.565909794251167511e-02
3.697132408689688971e-03
3.697132408689688971e-03
3.697132408689688971e-03
3.697132408689688971e-03
3.697132408689688971e-03
3.697132408689688971e-03
3.697132408689688971e-03
3.697132408689688971e-03
3.697132408689688971e-03
3.697132408689688971e-03
3.697132408689688971e-03
3.697132408689688971e-03
3.697132408689688971e-03
3.697132408689688971e-03
2.569185573087658797e-03
1.228650526515414482e-02
1.228650526515414482e-02
1.228650526515414482e-02
1.228650526515414482e-02
1.228650526515414482e-02
1.228650526515414482e-02
0.000000000000000000e+00
1.532344035173672505e-03
1.532344035173672505e-03
1.532344035173672505e-03
1.532344035173672505e-03
1.532344035173672505e-03
1.532344035173672505e-03
1.532344035173672505e-03
1.532344035173672505e-03
1.532344035173672505e-03
1.532344035173672505e-03
1.532344035173672505e-03
1.532344035173672505e-03
1.532344035173672505e-03
1.532344035173672505e-03
1.532344035173672505e-03
1.532344035173672505e-03
1.532344035173672505e-03
1.532344035173672505e-03
1.532344035173672505e-03
1.532344035173672505e-03
1.532344035173672505e-03
1.532344035173672505e-03
1.532344035173672505e-03
1.532344035173672505e-03
0.000000000000000000e+00
1.856566921443991713e-02
1.856566921443991713e-02
1.856566921443991713e-02
1.856566921443991713e-02
1.856566921443991713e-02
1.856566921443991713e-02
1.856566921443991713e-02
1.856566921443991713e-02
6.024402896056759056e-03
1.942359421679396968e-03
1.942359421679396968e-03
1.472388335616208908e-03
1.690215278768401538e-02
1.690215278768401538e-02
1.690215278768401538e-02
1.690215278768401538e-02
1.428144362661296247e-02
2.258746294677741254e-02
2.258746294677741254e-02
2.258746294677741254e-02
2.258746294677741254e-02
2.258746294677741254e-02
2.258746294677741254e-02
2.258746294677741254e-02
2.258746294677741254e-02
2.258746294677741254e-02
2.258746294677741254e-02
2.258746294677741254e-02
2.258746294677741254e-02
2.258746294677741254e-02
2.258746294677741254e-02
3.128941331806300158e-02
2.900027665335352597e-02
2.900027665335352597e-02
0.000000000000000000e+00
0.000000000000000000e+00
0.000000000000000000e+00
0.000000000000000000e+00
0.000000000000000000e+00
0.000000000000000000e+00
0.000000000000000000e+00
0.000000000000000000e+00
0.000000000000000000e+00
0.000000000000000000e+00
0.000000000000000000e+00
4.590009162635446706e-03
5.132412417088379718e-03
5.132412417088379718e-03
5.132412417088379718e-03
5.132412417088379718e-03
5.132412417088379718e-03
5.132412417088379718e-03
0.000000000000000000e+00
0.000000000000000000e+00
0.000000000000000000e+00
7.804482010871409414e-02
7.804482010871409414e-02
7.804482010871409414e-02
7.804482010871409414e-02
7.804482010871409414e-02
7.804482010871409414e-02
5.527285898854602565e-03
5.445684161046541669e-03
5.445684161046541669e-03
5.445684161046541669e-03
5.445684161046541669e-03
5.445684161046541669e-03
5.445684161046541669e-03
4.068812396354867106e-02
1.119366608641614823e-02
1.119366608641614823e-02
0.000000000000000000e+00
1.760785234222836393e-02
1.760785234222836393e-02
1.760785234222836393e-02
1.760785234222836393e-02
1.760785234222836393e-02
1.760785234222836393e-02
8.482623247385166071e-03
8.482623247385166071e-03
8.482623247385166071e-03
8.482623247385166071e-03
8.482623247385166071e-03
8.482623247385166071e-03
1.472388335616208908e-03
1.472388335616208908e-03
1.145452865867443298e-02
1.472388335616208908e-03
1.472388335616208908e-03
1.472388335616208908e-03
1.472388335616208908e-03
1.472388335616208908e-03
1.145452865867443298e-02
1.472388335616208908e-03
9.191751919268733792e-03
1.141060358185405632e-02
1.141060358185405632e-02
1.141060358185405632e-02
1.141060358185405632e-02
1.141060358185405632e-02
1.141060358185405632e-02
1.955457725171059341e-02
2.239887383636491799e-02
2.239887383636491799e-02
0.000000000000000000e+00
0.000000000000000000e+00
0.000000000000000000e+00
0.000000000000000000e+00
0.000000000000000000e+00
1.130702913378196957e-02
0.000000000000000000e+00
0.000000000000000000e+00
1.428144362661296247e-02
1.428144362661296247e-02
1.428144362661296247e-02
1.428144362661296247e-02
1.428144362661296247e-02
1.428144362661296247e-02
1.428144362661296247e-02
1.428144362661296247e-02
9.734780443540294939e-03
4.241811982096323382e-03
4.241811982096323382e-03
4.241811982096323382e-03
4.241811982096323382e-03
4.241811982096323382e-03
4.241811982096323382e-03
4.241811982096323382e-03
4.241811982096323382e-03
2.036024549953933949e-03
1.342425632810940973e-04
1.342425632810940973e-04
1.342425632810940973e-04
1.342425632810940973e-04
1.342425632810940973e-04
1.342425632810940973e-04
1.342425632810940973e-04
1.342425632810940973e-04
1.341619980026681307e-02
1.341619980026681307e-02
1.341619980026681307e-02
1.341619980026681307e-02
1.341619980026681307e-02
1.341619980026681307e-02
1.341619980026681307e-02
1.341619980026681307e-02
1.341619980026681307e-02
1.341619980026681307e-02
1.341619980026681307e-02
1.341619980026681307e-02
1.341619980026681307e-02
1.341619980026681307e-02
1.341619980026681307e-02
3.698938714838736347e-02
3.698938714838736347e-02
3.698938714838736347e-02
3.698938714838736347e-02
3.698938714838736347e-02
3.698938714838736347e-02
4.513370223495476521e-03
4.497440069557470362e-04
4.497440069557470362e-04
0.000000000000000000e+00
1.189616365285501090e-02
1.189616365285501090e-02
1.189616365285501090e-02
1.189616365285501090e-02
1.189616365285501090e-02
1.189616365285501090e-02
1.189616365285501090e-02
1.189616365285501090e-02
1.189616365285501090e-02
1.189616365285501090e-02
1.189616365285501090e-02
1.189616365285501090e-02
1.395802649986042920e-02
3.982263304320440150e-03
3.982263304320440150e-03
3.982263304320440150e-03
3.982263304320440150e-03
3.982263304320440150e-03
3.982263304320440150e-03
3.982263304320440150e-03
3.982263304320440150e-03
3.982263304320440150e-03
3.982263304320440150e-03
1.288303907758018077e-02
1.189227151014265842e-02
1.189227151014265842e-02
1.189227151014265842e-02
1.189227151014265842e-02
1.189227151014265842e-02
1.189227151014265842e-02
1.189227151014265842e-02
1.189227151014265842e-02
4.739521821919036315e-03
5.655197899465207872e-03
5.655197899465207872e-03
5.655197899465207872e-03
5.655197899465207872e-03
5.655197899465207872e-03
5.655197899465207872e-03
5.655197899465207872e-03
5.655197899465207872e-03
1.252173056005866439e-02
5.764631071125485805e-03
5.764631071125485805e-03
1.742328476530693657e-02
1.774585858249746323e-02
1.774585858249746323e-02
1.774585858249746323e-02
1.774585858249746323e-02
0.000000000000000000e+00
1.205676983641681792e-02
1.205676983641681792e-02
1.205676983641681792e-02
1.205676983641681792e-02
1.205676983641681792e-02
1.205676983641681792e-02
1.205676983641681792e-02
1.205676983641681792e-02
1.205676983641681792e-02
1.205676983641681792e-02
1.205676983641681792e-02
1.205676983641681792e-02
1.205676983641681792e-02
1.205676983641681792e-02
1.342471407122486880e-02
1.762322531492100872e-02
1.762322531492100872e-02
1.762322531492100872e-02
1.762322531492100872e-02
1.762322531492100872e-02
1.762322531492100872e-02
1.762322531492100872e-02
1.762322531492100872e-02
1.762322531492100872e-02
1.762322531492100872e-02
1.762322531492100872e-02
1.762322531492100872e-02
1.762322531492100872e-02
1.762322531492100872e-02
1.762322531492100872e-02
1.762322531492100872e-02
1.130702913378196957e-02
1.130702913378196957e-02
1.130702913378196957e-02
1.130702913378196957e-02
1.130702913378196957e-02
1.130702913378196957e-02
1.130702913378196957e-02
1.130702913378196957e-02
1.130702913378196957e-02
1.130702913378196957e-02
1.130702913378196957e-02
1.130702913378196957e-02
1.130702913378196957e-02
1.130702913378196957e-02
1.130702913378196957e-02
1.130702913378196957e-02
1.130702913378196957e-02
1.130702913378196957e-02
1.130702913378196957e-02
1.130702913378196957e-02
1.130702913378196957e-02
1.130702913378196957e-02
0.000000000000000000e+00
2.391709912712047543e-03
2.391709912712047543e-03
2.391709912712047543e-03
2.391709912712047543e-03
2.391709912712047543e-03
2.391709912712047543e-03
2.391709912712047543e-03
2.391709912712047543e-03
2.391709912712047543e-03
2.391709912712047543e-03
2.867010860750732887e-02
8.046209774389153843e-03
8.046209774389153843e-03
8.046209774389153843e-03
8.046209774389153843e-03
2.786012341650335317e-02
3.892411393063482505e-03
3.892411393063482505e-03
3.892411393063482505e-03
7.284907889975697493e-03
3.927536339724553745e-03
3.927536339724553745e-03
3.927536339724553745e-03
3.927536339724553745e-03
3.927536339724553745e-03
3.927536339724553745e-03
3.927536339724553745e-03
3.927536339724553745e-03
3.927536339724553745e-03
3.927536339724553745e-03
3.927536339724553745e-03
3.927536339724553745e-03
7.547077155796111381e-03
7.763495943245457033e-03
7.763495943245457033e-03
7.763495943245457033e-03
7.763495943245457033e-03
0.000000000000000000e+00
0.000000000000000000e+00
0.000000000000000000e+00
0.000000000000000000e+00
0.000000000000000000e+00
0.000000000000000000e+00
0.000000000000000000e+00
0.000000000000000000e+00
0.000000000000000000e+00
1.493700788601727732e-02
2.853958040939012352e-03
2.853958040939012352e-03
2.853958040939012352e-03
2.853958040939012352e-03
2.853958040939012352e-03
2.853958040939012352e-03
7.051903121928715379e-03
7.051903121928715379e-03
9.286953718266323723e-03
9.286953718266323723e-03
9.286953718266323723e-03
9.286953718266323723e-03
9.286953718266323723e-03
9.286953718266323723e-03
9.286953718266323723e-03
9.286953718266323723e-03
1.538789492053927593e-03
3.422109181884232937e-02
3.422109181884232937e-02
3.422109181884232937e-02
3.822914943296648604e-02
3.822914943296648604e-02
1.920743444833152361e-02
7.752801099373758708e-04
7.752801099373758708e-04
7.752801099373758708e-04
7.752801099373758708e-04
7.752801099373758708e-04
7.752801099373758708e-04
7.752801099373758708e-04
7.752801099373758708e-04
0.000000000000000000e+00
0.000000000000000000e+00
0.000000000000000000e+00
0.000000000000000000e+00
0.000000000000000000e+00
0.000000000000000000e+00
0.000000000000000000e+00
0.000000000000000000e+00
0.000000000000000000e+00
0.000000000000000000e+00
0.000000000000000000e+00
1.514816597963122803e-04
7.155591156306098481e-03
7.155591156306098481e-03
1.163868764844178637e-02
0.000000000000000000e+00
0.000000000000000000e+00
2.615215983110506792e-02
0.000000000000000000e+00
0.000000000000000000e+00
0.000000000000000000e+00
0.000000000000000000e+00
0.000000000000000000e+00
0.000000000000000000e+00
8.890426761270711284e-03
7.884273091121059285e-03
7.884273091121059285e-03
7.884273091121059285e-03
7.884273091121059285e-03
7.884273091121059285e-03
7.884273091121059285e-03
7.884273091121059285e-03
7.884273091121059285e-03
7.884273091121059285e-03
7.884273091121059285e-03
7.884273091121059285e-03
7.884273091121059285e-03
7.884273091121059285e-03
7.884273091121059285e-03
5.121685478407313197e-02
5.805550502224769184e-03
5.805550502224769184e-03
5.805550502224769184e-03
5.805550502224769184e-03
5.805550502224769184e-03
5.805550502224769184e-03
5.805550502224769184e-03
5.805550502224769184e-03
5.805550502224769184e-03
5.805550502224769184e-03
5.805550502224769184e-03
5.805550502224769184e-03
3.517359125342604115e-02
2.363265570230861905e-03
2.363265570230861905e-03
2.363265570230861905e-03
2.363265570230861905e-03
2.363265570230861905e-03
2.363265570230861905e-03
2.363265570230861905e-03
2.363265570230861905e-03
1.126879556856496059e-02
1.651910374504764797e-03
1.651910374504764797e-03
1.651910374504764797e-03
1.651910374504764797e-03
1.651910374504764797e-03
1.651910374504764797e-03
1.075904593152933464e-02
0.000000000000000000e+00
0.000000000000000000e+00
0.000000000000000000e+00
0.000000000000000000e+00
4.513370223495476521e-03
1.349689004202311339e-02
1.349689004202311339e-02
1.349689004202311339e-02
1.349689004202311339e-02
1.349689004202311339e-02
1.349689004202311339e-02
2.630042573210526757e-03
3.293442490387232281e-03
3.293442490387232281e-03
3.293442490387232281e-03
3.293442490387232281e-03
3.293442490387232281e-03
3.293442490387232281e-03
3.293442490387232281e-03
3.293442490387232281e-03
3.293442490387232281e-03
3.293442490387232281e-03
3.293442490387232281e-03
3.293442490387232281e-03
3.293442490387232281e-03
3.293442490387232281e-03
3.293442490387232281e-03
3.293442490387232281e-03
3.293442490387232281e-03
3.293442490387232281e-03
3.293442490387232281e-03
3.293442490387232281e-03
3.293442490387232281e-03
6.866764675865603094e-03
6.215472492639523457e-03
6.215472492639523457e-03
6.215472492639523457e-03
6.215472492639523457e-03
6.215472492639523457e-03
6.215472492639523457e-03
6.215472492639523457e-03
6.215472492639523457e-03
1.580984481562208374e-02
3.136329727756040353e-01
3.136329727756040353e-01
3.136329727756040353e-01
3.136329727756040353e-01
3.136329727756040353e-01
3.136329727756040353e-01
3.136329727756040353e-01
3.136329727756040353e-01
3.136329727756040353e-01
3.136329727756040353e-01
9.075165021784252842e-03
9.075165021784252842e-03
9.075165021784252842e-03
9.075165021784252842e-03
9.075165021784252842e-03
9.075165021784252842e-03
9.075165021784252842e-03
9.075165021784252842e-03
9.075165021784252842e-03
9.075165021784252842e-03
9.075165021784252842e-03
9.075165021784252842e-03
9.075165021784252842e-03
1.163868764844178637e-02
1.163868764844178637e-02
1.163868764844178637e-02
1.163868764844178637e-02
1.163868764844178637e-02
1.163868764844178637e-02
1.163868764844178637e-02
1.163868764844178637e-02
1.163868764844178637e-02
1.163868764844178637e-02
1.163868764844178637e-02
1.163868764844178637e-02
2.139202236253453723e-02
1.317519410327633832e-02
1.317519410327633832e-02
1.317519410327633832e-02
1.317519410327633832e-02
1.317519410327633832e-02
1.317519410327633832e-02
4.253482921350196060e-03
4.253482921350196060e-03
4.253482921350196060e-03
4.253482921350196060e-03
4.253482921350196060e-03
4.253482921350196060e-03
4.253482921350196060e-03
4.253482921350196060e-03
1.006089077137325332e-03
2.702804840412705370e-02
2.702804840412705370e-02
2.702804840412705370e-02
2.702804840412705370e-02
2.702804840412705370e-02
2.702804840412705370e-02
4.982902506847103341e-03
5.456151661096538853e-03
5.456151661096538853e-03
5.456151661096538853e-03
5.456151661096538853e-03
5.456151661096538853e-03
5.456151661096538853e-03
5.456151661096538853e-03
5.456151661096538853e-03
5.456151661096538853e-03
5.456151661096538853e-03
1.275460347974916205e-02
3.566677744283634158e-03
3.566677744283634158e-03
7.302233587944186380e-03
1.853958573266183477e-02
1.853958573266183477e-02
1.742328476530693657e-02
1.742328476530693657e-02
1.742328476530693657e-02
1.742328476530693657e-02
1.742328476530693657e-02
1.742328476530693657e-02
3.091905222583108889e-02
1.493700788601727732e-02
1.493700788601727732e-02
1.493700788601727732e-02
1.493700788601727732e-02
1.493700788601727732e-02
1.493700788601727732e-02
1.493700788601727732e-02
1.493700788601727732e-02
1.493700788601727732e-02
1.580984481562208374e-02
1.580984481562208374e-02
0.000000000000000000e+00
1.735010141848349063e-02
1.735010141848349063e-02
1.735010141848349063e-02
1.735010141848349063e-02
1.735010141848349063e-02
1.735010141848349063e-02
1.735010141848349063e-02
1.735010141848349063e-02
1.735010141848349063e-02
1.735010141848349063e-02
1.528463524679913969e-02
2.692199905730581141e-02
2.692199905730581141e-02
2.692199905730581141e-02
2.692199905730581141e-02
2.692199905730581141e-02
2.692199905730581141e-02
2.643755270327614038e-01
1.289340531444348528e-02
1.289340531444348528e-02
1.148097887544993756e-02
1.289340531444348528e-02
1.216192055168162194e-02
1.854116402928838656e-02
1.854116402928838656e-02
1.854116402928838656e-02
1.854116402928838656e-02
1.854116402928838656e-02
1.854116402928838656e-02
1.854116402928838656e-02
1.854116402928838656e-02
1.854116402928838656e-02
1.854116402928838656e-02
1.854116402928838656e-02
1.854116402928838656e-02
1.854116402928838656e-02
1.854116402928838656e-02
8.517558444597035996e-03
2.428367884471258759e-02
2.428367884471258759e-02
2.428367884471258759e-02
2.428367884471258759e-02
2.257357516615965485e-03
4.750934175535069179e-03
4.750934175535069179e-03
4.750934175535069179e-03
4.750934175535069179e-03
4.750934175535069179e-03
4.750934175535069179e-03
2.095421137746588964e-03
2.095421137746588964e-03
2.095421137746588964e-03
2.095421137746588964e-03
2.095421137746588964e-03
3.098536647890371212e-02
3.098536647890371212e-02
3.098536647890371212e-02
3.098536647890371212e-02
3.098536647890371212e-02
3.098536647890371212e-02
3.098536647890371212e-02
3.098536647890371212e-02
4.689252596684678059e-02
2.948032703942123425e-02
2.948032703942123425e-02
2.948032703942123425e-02
2.948032703942123425e-02
1.362284255666931267e-02
1.862381538583743334e-03
1.862381538583743334e-03
1.862381538583743334e-03
1.862381538583743334e-03
1.862381538583743334e-03
1.862381538583743334e-03
1.862381538583743334e-03
1.862381538583743334e-03
3.597508639448975670e-02
3.126685892486095152e-03
3.126685892486095152e-03
3.126685892486095152e-03
3.126685892486095152e-03
3.126685892486095152e-03
3.126685892486095152e-03
3.126685892486095152e-03
3.126685892486095152e-03
1.059210601314050301e-02
3.688923546040010285e-03
3.688923546040010285e-03
9.278927128281341460e-03
9.278927128281341460e-03
9.278927128281341460e-03
9.278927128281341460e-03
9.278927128281341460e-03
9.278927128281341460e-03
9.278927128281341460e-03
9.278927128281341460e-03
9.278927128281341460e-03
9.278927128281341460e-03
9.278927128281341460e-03
9.278927128281341460e-03
9.278927128281341460e-03
0.000000000000000000e+00
6.968305905418257021e-03
6.968305905418257021e-03
6.968305905418257021e-03
6.968305905418257021e-03
6.968305905418257021e-03
6.968305905418257021e-03
1.633380502811792104e-02
2.807774835954914353e-02
2.807774835954914353e-02
2.807774835954914353e-02
2.807774835954914353e-02
1.168331571112416097e-02
2.867010860750732887e-02
2.867010860750732887e-02
2.867010860750732887e-02
2.024068066887402262e-02
4.772643440887588615e-03
4.772643440887588615e-03
1.508295327559277740e-02
1.409376064488390007e-02
1.409376064488390007e-02
1.409376064488390007e-02
1.409376064488390007e-02
1.409376064488390007e-02
1.409376064488390007e-02
1.409376064488390007e-02
1.409376064488390007e-02
6.720429935978189037e-03
4.083166852806634391e-03
4.083166852806634391e-03
2.626029437265992028e-02
2.626029437265992028e-02
0.000000000000000000e+00
0.000000000000000000e+00
0.000000000000000000e+00
0.000000000000000000e+00
0.000000000000000000e+00
0.000000000000000000e+00
0.000000000000000000e+00
6.728557121167384747e-03
1.699975231860922226e-02
1.699975231860922226e-02
1.699975231860922226e-02
1.699975231860922226e-02
1.148097887544993756e-02
2.650650736780488931e-02
1.121904099238677996e-02
1.121904099238677996e-02
1.121904099238677996e-02
1.121904099238677996e-02
1.121904099238677996e-02
1.121904099238677996e-02
1.295502308064488961e-02
5.287700110169137047e-03
5.287700110169137047e-03
5.287700110169137047e-03
5.287700110169137047e-03
8.850182116666792387e-03
0.000000000000000000e+00
0.000000000000000000e+00
0.000000000000000000e+00
0.000000000000000000e+00
0.000000000000000000e+00
0.000000000000000000e+00
0.000000000000000000e+00
0.000000000000000000e+00
0.000000000000000000e+00
0.000000000000000000e+00
0.000000000000000000e+00
0.000000000000000000e+00
1.408439527162974776e-02
7.344796878841368393e-03
7.344796878841368393e-03
7.344796878841368393e-03
7.344796878841368393e-03
7.344796878841368393e-03
7.344796878841368393e-03
7.344796878841368393e-03
7.344796878841368393e-03
2.100820652025783830e-03
1.291918856301663447e-03
1.291918856301663447e-03
2.022512393864748029e-02
4.137849135320591232e-02
4.137849135320591232e-02
4.137849135320591232e-02
4.137849135320591232e-02
8.180475098253569763e-03
8.239883044768879505e-03
8.239883044768879505e-03
8.239883044768879505e-03
8.239883044768879505e-03
8.239883044768879505e-03
8.239883044768879505e-03
8.239883044768879505e-03
8.239883044768879505e-03
8.239883044768879505e-03
8.239883044768879505e-03
8.239883044768879505e-03
8.239883044768879505e-03
8.239883044768879505e-03
8.239883044768879505e-03
8.239883044768879505e-03
8.239883044768879505e-03
1.753038635257332667e-02
9.050722121999307118e-03
9.050722121999307118e-03
9.050722121999307118e-03
9.050722121999307118e-03
2.252671817434412024e-04
1.556972008738735126e-02
1.556972008738735126e-02
1.556972008738735126e-02
1.556972008738735126e-02
1.556972008738735126e-02
1.556972008738735126e-02
2.851923486750478423e-02
1.556972008738735126e-02
1.556972008738735126e-02
1.556972008738735126e-02
1.049669796689631056e-02
1.479972290018825506e-02
1.479972290018825506e-02
1.479972290018825506e-02
1.479972290018825506e-02
1.479972290018825506e-02
1.479972290018825506e-02
9.051311590859213371e-03
2.407449960247884987e-03
2.407449960247884987e-03
9.518130386040839566e-03
0.000000000000000000e+00
0.000000000000000000e+00
0.000000000000000000e+00
0.000000000000000000e+00
0.000000000000000000e+00
0.000000000000000000e+00
0.000000000000000000e+00
1.508017119568591524e-02
1.828721332670684707e-01
1.828721332670684707e-01
1.828721332670684707e-01
1.828721332670684707e-01
1.828721332670684707e-01
1.828721332670684707e-01
1.828721332670684707e-01
1.828721332670684707e-01
9.056481246046499053e-03
9.905378626281447982e-03
9.905378626281447982e-03
1.122019641094649384e-02
2.145808365366444481e-02
2.145808365366444481e-02
2.145808365366444481e-02
2.145808365366444481e-02
2.145808365366444481e-02
2.145808365366444481e-02
2.650650736780488931e-02
2.650650736780488931e-02
2.650650736780488931e-02
2.650650736780488931e-02
1.681308010813229586e-02
1.712627029525875047e-02
1.712627029525875047e-02
1.712627029525875047e-02
1.712627029525875047e-02
1.712627029525875047e-02
1.712627029525875047e-02
1.712627029525875047e-02
1.712627029525875047e-02
1.712627029525875047e-02
1.712627029525875047e-02
1.712627029525875047e-02
1.712627029525875047e-02
9.221712480294411846e-03
0.000000000000000000e+00
0.000000000000000000e+00
2.807555215451369365e-02
1.285172963702221763e-03
1.285172963702221763e-03
1.285172963702221763e-03
1.285172963702221763e-03
1.285172963702221763e-03
6.556743818370991276e-04
6.556743818370991276e-04
6.556743818370991276e-04
6.556743818370991276e-04
6.556743818370991276e-04
6.556743818370991276e-04
6.556743818370991276e-04
6.556743818370991276e-04
6.556743818370991276e-04
6.556743818370991276e-04
6.556743818370991276e-04
6.556743818370991276e-04
6.556743818370991276e-04
6.556743818370991276e-04
6.556743818370991276e-04
1.706456058677627979e-02
2.449442414964803777e-02
2.449442414964803777e-02
2.449442414964803777e-02
2.449442414964803777e-02
2.449442414964803777e-02
2.449442414964803777e-02
2.449442414964803777e-02
2.449442414964803777e-02
2.449442414964803777e-02
2.449442414964803777e-02
2.449442414964803777e-02
2.449442414964803777e-02
6.461663750362882375e-03
1.633380502811792104e-02
6.461663750362882375e-03
6.461663750362882375e-03
6.461663750362882375e-03
1.633380502811792104e-02
1.633380502811792104e-02
2.304127550081135414e-02
4.253991076005238237e-02
4.253991076005238237e-02
7.619485914469254287e-03
4.253991076005238237e-02
4.253991076005238237e-02
4.253991076005238237e-02
8.187259213290713766e-03
5.065677414505352985e-03
5.065677414505352985e-03
5.921320607294440312e-03
5.065677414505352985e-03
1.960711108961302185e-02
1.841114104876294053e-02
1.841114104876294053e-02
1.841114104876294053e-02
1.841114104876294053e-02
1.049669796689631056e-02
1.049669796689631056e-02
1.049669796689631056e-02
1.049669796689631056e-02
9.980019334077499735e-03
9.980019334077499735e-03
9.980019334077499735e-03
9.980019334077499735e-03
9.980019334077499735e-03
9.980019334077499735e-03
9.445748359229360139e-03
3.462563712975404509e-03
2.775811783285260514e-02
2.775811783285260514e-02
2.775811783285260514e-02
2.775811783285260514e-02
2.775811783285260514e-02
2.775811783285260514e-02
2.775811783285260514e-02
2.775811783285260514e-02
2.775811783285260514e-02
2.775811783285260514e-02
2.775811783285260514e-02
9.056481246046499053e-03
9.056481246046499053e-03
9.056481246046499053e-03
9.056481246046499053e-03
9.056481246046499053e-03
9.056481246046499053e-03
9.056481246046499053e-03
9.056481246046499053e-03
2.223399986689124017e-02
2.223399986689124017e-02
0.000000000000000000e+00
2.776154031829062424e-02
2.776154031829062424e-02
0.000000000000000000e+00
0.000000000000000000e+00
0.000000000000000000e+00
9.802229404012091554e-04
1.712368796424885292e-02
1.712368796424885292e-02
3.442345023507021717e-03
0.000000000000000000e+00
0.000000000000000000e+00
0.000000000000000000e+00
0.000000000000000000e+00
1.500767706561195389e-02
1.500767706561195389e-02
1.500767706561195389e-02
1.500767706561195389e-02
1.500767706561195389e-02
1.500767706561195389e-02
1.500767706561195389e-02
1.500767706561195389e-02
1.500767706561195389e-02
1.500767706561195389e-02
1.500767706561195389e-02
1.500767706561195389e-02
1.500767706561195389e-02
1.500767706561195389e-02
1.500767706561195389e-02
1.500767706561195389e-02
1.500767706561195389e-02
1.500767706561195389e-02
1.500767706561195389e-02
6.141821087110301697e-02
2.398241204177443270e-02
2.398241204177443270e-02
2.398241204177443270e-02
2.398241204177443270e-02
2.398241204177443270e-02
2.398241204177443270e-02
2.398241204177443270e-02
2.398241204177443270e-02
2.398241204177443270e-02
2.398241204177443270e-02
5.803569971763292840e-02
1.454560141631563649e-02
1.454560141631563649e-02
1.454560141631563649e-02
1.454560141631563649e-02
1.597667824420062914e-03
0.000000000000000000e+00
0.000000000000000000e+00
0.000000000000000000e+00
0.000000000000000000e+00
0.000000000000000000e+00
0.000000000000000000e+00
0.000000000000000000e+00
0.000000000000000000e+00
0.000000000000000000e+00
0.000000000000000000e+00
1.767901392595555218e-02
6.818513353050881937e-03
6.818513353050881937e-03
6.818513353050881937e-03
6.818513353050881937e-03
5.777447459626289944e-03
2.120398843185980139e-02
2.120398843185980139e-02
2.120398843185980139e-02
2.120398843185980139e-02
1.606450860723738702e-02
6.753423430057437296e-03
6.753423430057437296e-03
6.753423430057437296e-03
6.753423430057437296e-03
6.753423430057437296e-03
6.753423430057437296e-03
6.753423430057437296e-03
6.753423430057437296e-03
6.753423430057437296e-03
6.753423430057437296e-03
2.167381275132283791e-02
2.167381275132283791e-02
4.550259144990361632e-02
4.506050461431909682e-02
4.506050461431909682e-02
4.506050461431909682e-02
4.506050461431909682e-02
4.506050461431909682e-02
1.472245815579003789e-02
1.472245815579003789e-02
1.472245815579003789e-02
1.472245815579003789e-02
2.061529730597961088e-02
7.885732277488351205e-03
7.885732277488351205e-03
7.885732277488351205e-03
7.885732277488351205e-03
7.885732277488351205e-03
7.885732277488351205e-03
7.885732277488351205e-03
7.885732277488351205e-03
7.885732277488351205e-03
7.885732277488351205e-03
7.885732277488351205e-03
7.885732277488351205e-03
2.709944747527579488e-03
7.885732277488351205e-03
1.439456489736217794e-02
1.439456489736217794e-02
7.859873591180552288e-03
1.746516119959023007e-03
1.746516119959023007e-03
1.746516119959023007e-03
1.746516119959023007e-03
1.746516119959023007e-03
1.746516119959023007e-03
1.746516119959023007e-03
1.746516119959023007e-03
1.746516119959023007e-03
1.746516119959023007e-03
1.746516119959023007e-03
1.746516119959023007e-03
1.746516119959023007e-03
1.746516119959023007e-03
1.223442053140199638e-02
1.300216251470061139e-02
1.300216251470061139e-02
1.300216251470061139e-02
2.145749361964931906e-02
2.145749361964931906e-02
2.145749361964931906e-02
2.145749361964931906e-02
0.000000000000000000e+00
1.204853171051055091e-02
1.204853171051055091e-02
1.204853171051055091e-02
1.204853171051055091e-02
4.675505201625978005e-03
2.652393049297812645e-03
2.652393049297812645e-03
2.652393049297812645e-03
2.652393049297812645e-03
2.652393049297812645e-03
2.652393049297812645e-03
2.652393049297812645e-03
2.652393049297812645e-03
2.652393049297812645e-03
2.652393049297812645e-03
2.652393049297812645e-03
2.652393049297812645e-03
2.652393049297812645e-03
2.652393049297812645e-03
2.652393049297812645e-03
2.652393049297812645e-03
2.652393049297812645e-03
2.652393049297812645e-03
2.652393049297812645e-03
2.652393049297812645e-03
2.652393049297812645e-03
2.652393049297812645e-03
1.417090752449725981e-02
9.887292856551835318e-03
9.887292856551835318e-03
9.887292856551835318e-03
9.887292856551835318e-03
9.887292856551835318e-03
9.887292856551835318e-03
9.887292856551835318e-03
9.887292856551835318e-03
9.887292856551835318e-03
9.887292856551835318e-03
4.523894881047504229e-02
2.120186950769278010e-03
2.120186950769278010e-03
2.120186950769278010e-03
2.120186950769278010e-03
2.120186950769278010e-03
2.120186950769278010e-03
2.120186950769278010e-03
2.120186950769278010e-03
2.120186950769278010e-03
2.120186950769278010e-03
2.120186950769278010e-03
8.187259213290713766e-03
8.187259213290713766e-03
1.960711108961302185e-02
3.501004010959778059e-03
4.097766425061218770e-02
4.097766425061218770e-02
0.000000000000000000e+00
9.120361897988624872e-03
9.120361897988624872e-03
9.120361897988624872e-03
9.120361897988624872e-03
9.120361897988624872e-03
1.840190878068891783e-02
2.409611540804882084e-03
2.409611540804882084e-03
4.859958555317242003e-03
9.157699804902911730e-03
9.157699804902911730e-03
9.157699804902911730e-03
9.157699804902911730e-03
9.157699804902911730e-03
9.157699804902911730e-03
0.000000000000000000e+00
1.126054079543355700e-02
1.126054079543355700e-02
1.126054079543355700e-02
1.126054079543355700e-02
1.126054079543355700e-02
1.126054079543355700e-02
1.126054079543355700e-02
1.126054079543355700e-02
9.802229404012091554e-04
4.550763386181706609e-03
4.550763386181706609e-03
4.550763386181706609e-03
4.550763386181706609e-03
4.550763386181706609e-03
4.550763386181706609e-03
4.550763386181706609e-03
4.550763386181706609e-03
4.550763386181706609e-03
4.550763386181706609e-03
5.009204620819779005e-03
2.565909794251167511e-02
2.565909794251167511e-02
2.565909794251167511e-02
2.565909794251167511e-02
2.565909794251167511e-02
1.681308010813229586e-02
1.681308010813229586e-02
1.681308010813229586e-02
1.681308010813229586e-02
1.681308010813229586e-02
1.681308010813229586e-02
1.681308010813229586e-02
1.681308010813229586e-02
5.143629716620358797e-03
5.143629716620358797e-03
0.000000000000000000e+00
0.000000000000000000e+00
0.000000000000000000e+00
0.000000000000000000e+00
0.000000000000000000e+00
0.000000000000000000e+00
6.866764675865603094e-03
6.866764675865603094e-03
2.025355038647443442e-02
4.850379893496496557e-03
4.850379893496496557e-03
4.850379893496496557e-03
4.850379893496496557e-03
4.850379893496496557e-03
4.850379893496496557e-03
4.850379893496496557e-03
4.850379893496496557e-03
4.850379893496496557e-03
4.850379893496496557e-03
1.149922656028310071e-02
1.882068033497730827e-03
1.882068033497730827e-03
1.882068033497730827e-03
1.882068033497730827e-03
1.882068033497730827e-03
1.882068033497730827e-03
1.882068033497730827e-03
1.882068033497730827e-03
1.882068033497730827e-03
1.882068033497730827e-03
1.882068033497730827e-03
1.882068033497730827e-03
1.882068033497730827e-03
1.882068033497730827e-03
1.882068033497730827e-03
1.882068033497730827e-03
1.882068033497730827e-03
1.882068033497730827e-03
1.840190878068891783e-02
1.840190878068891783e-02
1.840190878068891783e-02
0.000000000000000000e+00
2.433242402179731749e-03
2.433242402179731749e-03
2.433242402179731749e-03
2.433242402179731749e-03
2.433242402179731749e-03
2.433242402179731749e-03
2.433242402179731749e-03
2.433242402179731749e-03
1.108835696514818333e-03
2.196280118721571797e-04
2.196280118721571797e-04
0.000000000000000000e+00
1.161526187072097795e-02
1.161526187072097795e-02
1.161526187072097795e-02
1.161526187072097795e-02
1.161526187072097795e-02
1.161526187072097795e-02
1.873408379096666186e-03
2.030839480870680889e-04
2.030839480870680889e-04
2.030839480870680889e-04
2.030839480870680889e-04
2.030839480870680889e-04
2.030839480870680889e-04
2.030839480870680889e-04
2.030839480870680889e-04
2.030839480870680889e-04
2.030839480870680889e-04
0.000000000000000000e+00
0.000000000000000000e+00
0.000000000000000000e+00
0.000000000000000000e+00
0.000000000000000000e+00
1.342589973789542514e-02
9.244794326352634125e-04
9.244794326352634125e-04
9.244794326352634125e-04
9.244794326352634125e-04
2.596865107521981533e-02
2.541946368716212733e-03
2.541946368716212733e-03
2.541946368716212733e-03
2.541946368716212733e-03
2.541946368716212733e-03
2.541946368716212733e-03
8.850182116666792387e-03
8.850182116666792387e-03
8.850182116666792387e-03
8.850182116666792387e-03
8.850182116666792387e-03
8.850182116666792387e-03
8.850182116666792387e-03
8.850182116666792387e-03
0.000000000000000000e+00
2.002216526358954751e-02
2.002216526358954751e-02
2.002216526358954751e-02
2.002216526358954751e-02
2.002216526358954751e-02
2.002216526358954751e-02
2.002216526358954751e-02
2.002216526358954751e-02
2.002216526358954751e-02
2.002216526358954751e-02
2.002216526358954751e-02
2.002216526358954751e-02
2.002216526358954751e-02
2.002216526358954751e-02
1.235505663117816150e-02
1.071898533465171811e-02
1.071898533465171811e-02
1.071898533465171811e-02
1.071898533465171811e-02
1.071898533465171811e-02
1.071898533465171811e-02
1.071898533465171811e-02
1.071898533465171811e-02
8.940493829338209963e-03
1.071898533465171811e-02
1.837638698619024555e-02
7.302233587944186380e-03
7.302233587944186380e-03
7.302233587944186380e-03
7.302233587944186380e-03
7.302233587944186380e-03
4.838022988431886669e-03
4.838022988431886669e-03
4.838022988431886669e-03
4.838022988431886669e-03
4.838022988431886669e-03
4.838022988431886669e-03
4.838022988431886669e-03
4.838022988431886669e-03
4.838022988431886669e-03
4.838022988431886669e-03
4.838022988431886669e-03
4.838022988431886669e-03
4.838022988431886669e-03
1.685655645494627680e-02
7.403024069134188194e-03
7.403024069134188194e-03
7.403024069134188194e-03
7.403024069134188194e-03
7.403024069134188194e-03
7.403024069134188194e-03
6.444200217906585759e-03
7.483681613059710476e-03
7.483681613059710476e-03
7.483681613059710476e-03
7.483681613059710476e-03
7.483681613059710476e-03
7.483681613059710476e-03
7.483681613059710476e-03
7.483681613059710476e-03
7.483681613059710476e-03
7.483681613059710476e-03
7.483681613059710476e-03
7.483681613059710476e-03
1.727520817235250056e-02
0.000000000000000000e+00
0.000000000000000000e+00
0.000000000000000000e+00
0.000000000000000000e+00
0.000000000000000000e+00
0.000000000000000000e+00
0.000000000000000000e+00
0.000000000000000000e+00
0.000000000000000000e+00
0.000000000000000000e+00
0.000000000000000000e+00
1.473228126514612192e-02
8.556691178782526927e-03
8.556691178782526927e-03
8.556691178782526927e-03
8.556691178782526927e-03
0.000000000000000000e+00
0.000000000000000000e+00
0.000000000000000000e+00
0.000000000000000000e+00
0.000000000000000000e+00
0.000000000000000000e+00
0.000000000000000000e+00
0.000000000000000000e+00
0.000000000000000000e+00
0.000000000000000000e+00
0.000000000000000000e+00
0.000000000000000000e+00
0.000000000000000000e+00
0.000000000000000000e+00
0.000000000000000000e+00
0.000000000000000000e+00
0.000000000000000000e+00
0.000000000000000000e+00
0.000000000000000000e+00
2.163650375775396859e-02
0.000000000000000000e+00
0.000000000000000000e+00
0.000000000000000000e+00
0.000000000000000000e+00
5.107748036286766623e-03
5.107748036286766623e-03
5.107748036286766623e-03
5.107748036286766623e-03
5.107748036286766623e-03
5.107748036286766623e-03
5.107748036286766623e-03
5.107748036286766623e-03
2.061529730597961088e-02
2.061529730597961088e-02
4.406203624186067445e-03
1.992419961952300253e-04
1.992419961952300253e-04
1.992419961952300253e-04
1.992419961952300253e-04
1.445508641353829629e-02
0.000000000000000000e+00
0.000000000000000000e+00
7.966064073999863659e-03
1.242335377887659846e-02
1.242335377887659846e-02
5.415126422966431291e-02
2.491406351614705583e-02
2.491406351614705583e-02
2.491406351614705583e-02
2.491406351614705583e-02
2.491406351614705583e-02
2.491406351614705583e-02
2.491406351614705583e-02
2.491406351614705583e-02
2.491406351614705583e-02
2.491406351614705583e-02
2.491406351614705583e-02
2.491406351614705583e-02
2.491406351614705583e-02
2.491406351614705583e-02
2.491406351614705583e-02
2.491406351614705583e-02
2.491406351614705583e-02
2.491406351614705583e-02
2.491406351614705583e-02
2.491406351614705583e-02
2.491406351614705583e-02
2.491406351614705583e-02
9.760603785971412594e-03
9.760603785971412594e-03
9.760603785971412594e-03
9.760603785971412594e-03
9.760603785971412594e-03
9.760603785971412594e-03
9.760603785971412594e-03
9.760603785971412594e-03
9.760603785971412594e-03
9.760603785971412594e-03
9.760603785971412594e-03
4.472092612071439099e-03
4.472092612071439099e-03
4.472092612071439099e-03
4.472092612071439099e-03
0.000000000000000000e+00
0.000000000000000000e+00
0.000000000000000000e+00
1.123991756012766505e-02
4.872696187684999458e-02
4.872696187684999458e-02
4.872696187684999458e-02
4.872696187684999458e-02
4.872696187684999458e-02
4.872696187684999458e-02
0.000000000000000000e+00
0.000000000000000000e+00
0.000000000000000000e+00
0.000000000000000000e+00
0.000000000000000000e+00
0.000000000000000000e+00
0.000000000000000000e+00
0.000000000000000000e+00
0.000000000000000000e+00
5.532590602488176093e-04
2.434330971254137707e-02
2.434330971254137707e-02
2.434330971254137707e-02
2.434330971254137707e-02
2.434330971254137707e-02
2.434330971254137707e-02
2.434330971254137707e-02
2.434330971254137707e-02
2.434330971254137707e-02
2.434330971254137707e-02
2.434330971254137707e-02
2.434330971254137707e-02
2.434330971254137707e-02
2.434330971254137707e-02
2.673732554831528656e-03
4.620591315541723240e-03
4.620591315541723240e-03
3.159933472988067735e-03
3.590337287570153756e-03
3.590337287570153756e-03
3.590337287570153756e-03
3.590337287570153756e-03
2.952298822509456799e-02
2.090027723597301726e-02
2.090027723597301726e-02
2.090027723597301726e-02
2.090027723597301726e-02
1.123991756012766505e-02
0.000000000000000000e+00
0.000000000000000000e+00
1.306586005272116803e-02
4.984428088498672749e-03
4.984428088498672749e-03
4.984428088498672749e-03
4.984428088498672749e-03
4.984428088498672749e-03
4.984428088498672749e-03
4.984428088498672749e-03
4.984428088498672749e-03
4.984428088498672749e-03
4.984428088498672749e-03
3.064108635961871555e-03
2.157846723548215162e-02
2.157846723548215162e-02
2.157846723548215162e-02
2.157846723548215162e-02
2.157846723548215162e-02
2.157846723548215162e-02
2.157846723548215162e-02
2.157846723548215162e-02
2.157846723548215162e-02
2.157846723548215162e-02
2.821413117027593565e-02
2.821413117027593565e-02
2.821413117027593565e-02
2.821413117027593565e-02
1.877825437447867146e-02
2.192436466250391111e-02
2.192436466250391111e-02
2.192436466250391111e-02
2.192436466250391111e-02
9.809106928597264782e-03
2.192436466250391111e-02
9.051311590859213371e-03
9.051311590859213371e-03
9.051311590859213371e-03
9.051311590859213371e-03
9.051311590859213371e-03
9.051311590859213371e-03
9.051311590859213371e-03
9.051311590859213371e-03
9.051311590859213371e-03
9.051311590859213371e-03
9.051311590859213371e-03
9.051311590859213371e-03
1.528494223222121549e-02
1.916730897552769083e-02
1.916730897552769083e-02
1.916730897552769083e-02
1.916730897552769083e-02
1.916730897552769083e-02
1.916730897552769083e-02
1.916730897552769083e-02
1.916730897552769083e-02
1.916730897552769083e-02
1.916730897552769083e-02
1.916730897552769083e-02
1.916730897552769083e-02
0.000000000000000000e+00
0.000000000000000000e+00
0.000000000000000000e+00
0.000000000000000000e+00
0.000000000000000000e+00
1.008762363735122083e-02
0.000000000000000000e+00
0.000000000000000000e+00
0.000000000000000000e+00
2.741813173290242461e-03
2.669745057004004399e-02
2.669745057004004399e-02
6.804186009730018268e-03
5.225255731878235797e-03
5.225255731878235797e-03
5.225255731878235797e-03
5.225255731878235797e-03
5.225255731878235797e-03
5.225255731878235797e-03
0.000000000000000000e+00
0.000000000000000000e+00
1.677189910465094053e-02
1.059644901622387204e-02
1.059644901622387204e-02
1.059644901622387204e-02
1.059644901622387204e-02
1.059644901622387204e-02
1.059644901622387204e-02
2.937500272965609671e-02
2.937500272965609671e-02
2.937500272965609671e-02
2.937500272965609671e-02
2.937500272965609671e-02
2.937500272965609671e-02
2.937500272965609671e-02
2.937500272965609671e-02
2.937500272965609671e-02
2.937500272965609671e-02
2.937500272965609671e-02
6.618456400847169685e-03
1.771214633976278541e-02
1.771214633976278541e-02
0.000000000000000000e+00
1.806914709591850299e-02
1.806914709591850299e-02
1.806914709591850299e-02
1.806914709591850299e-02
1.806914709591850299e-02
1.806914709591850299e-02
1.806914709591850299e-02
1.806914709591850299e-02
1.806914709591850299e-02
1.806914709591850299e-02
1.806914709591850299e-02
1.806914709591850299e-02
1.706456058677627979e-02
0.000000000000000000e+00
0.000000000000000000e+00
2.906667339253701018e-03
1.702622927677189396e-02
1.702622927677189396e-02
1.702622927677189396e-02
1.702622927677189396e-02
1.702622927677189396e-02
1.702622927677189396e-02
2.906667339253701018e-03
1.702622927677189396e-02
1.702622927677189396e-02
1.702622927677189396e-02
8.419560749484873013e-03
3.861765534319714852e-03
3.861765534319714852e-03
3.861765534319714852e-03
3.861765534319714852e-03
3.861765534319714852e-03
3.861765534319714852e-03
3.861765534319714852e-03
3.861765534319714852e-03
3.861765534319714852e-03
3.861765534319714852e-03
3.861765534319714852e-03
3.861765534319714852e-03
1.411865549733020211e-02
9.747706496900843034e-04
9.747706496900843034e-04
9.747706496900843034e-04
9.747706496900843034e-04
9.747706496900843034e-04
9.747706496900843034e-04
9.747706496900843034e-04
9.747706496900843034e-04
9.747706496900843034e-04
9.747706496900843034e-04
1.295035567154705601e-02
1.295035567154705601e-02
1.295035567154705601e-02
1.295035567154705601e-02
1.295035567154705601e-02
1.295035567154705601e-02
1.295035567154705601e-02
1.295035567154705601e-02
1.295035567154705601e-02
1.295035567154705601e-02
1.295035567154705601e-02
2.619714808034386694e-02
2.901089488134413565e-04
2.901089488134413565e-04
2.901089488134413565e-04
2.901089488134413565e-04
2.901089488134413565e-04
2.901089488134413565e-04
2.901089488134413565e-04
2.901089488134413565e-04
2.901089488134413565e-04
2.901089488134413565e-04
3.789526329904766011e-02
2.863666969836171222e-02
2.863666969836171222e-02
2.863666969836171222e-02
2.863666969836171222e-02
2.863666969836171222e-02
2.863666969836171222e-02
1.999239694068447037e-02
1.669694481084599974e-02
1.669694481084599974e-02
1.669694481084599974e-02
1.669694481084599974e-02
2.982970068070198502e-02
5.309677012314464178e-03
5.309677012314464178e-03
3.423587900876660234e-03
8.180475098253569763e-03
8.180475098253569763e-03
8.180475098253569763e-03
2.324395348904630468e-02
3.834142137956683682e-02
3.834142137956683682e-02
8.728069593843342314e-03
1.879545104652643800e-03
1.879545104652643800e-03
0.000000000000000000e+00
1.879545104652643800e-03
1.211875219722721199e-02
0.000000000000000000e+00
0.000000000000000000e+00
0.000000000000000000e+00
0.000000000000000000e+00
0.000000000000000000e+00
0.000000000000000000e+00
0.000000000000000000e+00
0.000000000000000000e+00
0.000000000000000000e+00
0.000000000000000000e+00
0.000000000000000000e+00
0.000000000000000000e+00
0.000000000000000000e+00
0.000000000000000000e+00
1.039115775220717658e-02
1.952071384099393972e-02
1.952071384099393972e-02
2.001279443876094813e-02
3.961100934490324917e-03
3.961100934490324917e-03
3.805033306988109178e-03
5.012650936996221503e-03
5.012650936996221503e-03
5.012650936996221503e-03
5.012650936996221503e-03
5.012650936996221503e-03
5.012650936996221503e-03
2.059581288495229354e-02
1.381654228295462958e-02
1.381654228295462958e-02
1.381654228295462958e-02
1.627992159828371764e-04
1.627992159828371764e-04
1.627992159828371764e-04
1.627992159828371764e-04
3.477497234869331155e-02
1.261086267707014173e-02
1.261086267707014173e-02
4.386811983931669656e-02
1.477459804866700609e-02
1.477459804866700609e-02
1.477459804866700609e-02
1.477459804866700609e-02
1.477459804866700609e-02
1.477459804866700609e-02
1.477459804866700609e-02
1.477459804866700609e-02
1.477459804866700609e-02
1.477459804866700609e-02
5.154872876574541352e-02
4.105983896366025704e-02
4.105983896366025704e-02
4.105983896366025704e-02
4.105983896366025704e-02
4.105983896366025704e-02
4.105983896366025704e-02
4.105983896366025704e-02
4.105983896366025704e-02
4.105983896366025704e-02
4.105983896366025704e-02
4.105983896366025704e-02
4.105983896366025704e-02
4.105983896366025704e-02
4.105983896366025704e-02
4.105983896366025704e-02
4.105983896366025704e-02
1.220057781957318080e-02
1.220057781957318080e-02
8.613161963845846272e-03
8.613161963845846272e-03
8.613161963845846272e-03
8.613161963845846272e-03
8.613161963845846272e-03
8.613161963845846272e-03
8.613161963845846272e-03
8.613161963845846272e-03
8.613161963845846272e-03
8.613161963845846272e-03
1.145452865867443298e-02
3.064108635961871555e-03
3.064108635961871555e-03
1.288029280359069377e-02
2.081861300671089543e-03
2.081861300671089543e-03
2.081861300671089543e-03
2.567946838842565058e-03
2.100820652025783830e-03
2.100820652025783830e-03
2.100820652025783830e-03
3.891277868902088405e-02
5.963158577754433358e-03
5.963158577754433358e-03
5.963158577754433358e-03
5.963158577754433358e-03
5.963158577754433358e-03
5.963158577754433358e-03
5.963158577754433358e-03
5.963158577754433358e-03
5.963158577754433358e-03
5.963158577754433358e-03
5.963158577754433358e-03
5.963158577754433358e-03
5.963158577754433358e-03
5.963158577754433358e-03
5.963158577754433358e-03
5.963158577754433358e-03
2.544609400041622504e-02
2.544609400041622504e-02
2.544609400041622504e-02
2.544609400041622504e-02
2.544609400041622504e-02
2.544609400041622504e-02
2.544609400041622504e-02
2.544609400041622504e-02
2.544609400041622504e-02
2.544609400041622504e-02
2.544609400041622504e-02
2.544609400041622504e-02
2.544609400041622504e-02
2.544609400041622504e-02
2.544609400041622504e-02
2.544609400041622504e-02
2.544609400041622504e-02
2.544609400041622504e-02
2.544609400041622504e-02
2.544609400041622504e-02
2.544609400041622504e-02
4.190095248884088269e-02
2.278492265645535100e-02
2.278492265645535100e-02
2.278492265645535100e-02
2.278492265645535100e-02
1.155191250611194327e-02
2.982970068070198502e-02
2.982970068070198502e-02
2.982970068070198502e-02
8.247979609163239934e-04
5.251246689531520635e-03
5.251246689531520635e-03
5.251246689531520635e-03
5.251246689531520635e-03
8.168529307205234019e-04
8.728069593843342314e-03
8.728069593843342314e-03
8.728069593843342314e-03
5.660024863908198929e-03
5.660024863908198929e-03
5.660024863908198929e-03
5.660024863908198929e-03
5.660024863908198929e-03
5.660024863908198929e-03
5.660024863908198929e-03
5.660024863908198929e-03
5.660024863908198929e-03
5.660024863908198929e-03
5.660024863908198929e-03
5.660024863908198929e-03
5.660024863908198929e-03
5.660024863908198929e-03
5.660024863908198929e-03
5.660024863908198929e-03
5.660024863908198929e-03
5.660024863908198929e-03
5.660024863908198929e-03
5.660024863908198929e-03
5.660024863908198929e-03
9.221712480294411846e-03
1.284767948276002540e-02
1.284767948276002540e-02
1.284767948276002540e-02
1.284767948276002540e-02
1.284767948276002540e-02
1.284767948276002540e-02
8.139738623637985423e-05
3.389911966598435633e-03
3.389911966598435633e-03
3.389911966598435633e-03
3.389911966598435633e-03
3.389911966598435633e-03
3.389911966598435633e-03
1.195593497142732886e-02
5.306437594270196206e-03
5.306437594270196206e-03
5.306437594270196206e-03
5.306437594270196206e-03
5.306437594270196206e-03
5.306437594270196206e-03
2.404739872412393550e-03
5.306437594270196206e-03
1.225183269931973476e-02
1.201845950784969676e-02
1.201845950784969676e-02
1.201845950784969676e-02
1.201845950784969676e-02
1.201845950784969676e-02
1.201845950784969676e-02
1.201845950784969676e-02
1.201845950784969676e-02
1.201845950784969676e-02
1.201845950784969676e-02
6.608282823172560543e-03
6.608282823172560543e-03
6.608282823172560543e-03
6.608282823172560543e-03
6.608282823172560543e-03
6.608282823172560543e-03
6.608282823172560543e-03
6.608282823172560543e-03
6.608282823172560543e-03
6.608282823172560543e-03
6.608282823172560543e-03
1.939406673033367001e-02
1.440986130404857575e-02
1.440986130404857575e-02
1.440986130404857575e-02
1.440986130404857575e-02
1.601712228339774099e-02
1.440986130404857575e-02
1.440986130404857575e-02
1.440986130404857575e-02
1.440986130404857575e-02
1.440986130404857575e-02
1.440986130404857575e-02
1.440986130404857575e-02
1.440986130404857575e-02
1.440986130404857575e-02
9.782765767979172133e-03
9.782765767979172133e-03
9.782765767979172133e-03
9.782765767979172133e-03
9.782765767979172133e-03
9.782765767979172133e-03
9.782765767979172133e-03
9.782765767979172133e-03
9.782765767979172133e-03
9.782765767979172133e-03
9.782765767979172133e-03
3.722665413766701459e-02
1.432597279761829538e-02
1.432597279761829538e-02
9.409717308746991249e-03
7.578427309571523357e-04
7.578427309571523357e-04
7.578427309571523357e-04
7.578427309571523357e-04
7.578427309571523357e-04
7.578427309571523357e-04
7.578427309571523357e-04
7.578427309571523357e-04
7.578427309571523357e-04
7.578427309571523357e-04
2.565953052676311907e-02
2.565953052676311907e-02
2.428810830000421687e-03
1.946260803957228485e-03
1.946260803957228485e-03
1.946260803957228485e-03
1.946260803957228485e-03
1.946260803957228485e-03
1.946260803957228485e-03
5.252493394890487416e-02
5.252493394890487416e-02
0.000000000000000000e+00
2.115631454345470730e-02
2.115631454345470730e-02
2.115631454345470730e-02
2.115631454345470730e-02
2.115631454345470730e-02
2.115631454345470730e-02
0.000000000000000000e+00
1.155191250611194327e-02
1.155191250611194327e-02
1.155191250611194327e-02
1.155191250611194327e-02
1.155191250611194327e-02
1.155191250611194327e-02
4.859958555317242003e-03
0.000000000000000000e+00
0.000000000000000000e+00
8.168529307205234019e-04
8.168529307205234019e-04
2.192367603788558834e-03
6.668887568247158825e-04
6.668887568247158825e-04
6.668887568247158825e-04
6.668887568247158825e-04
6.668887568247158825e-04
6.668887568247158825e-04
6.668887568247158825e-04
6.668887568247158825e-04
1.119967176291161715e-02
4.833556090158350541e-03
4.833556090158350541e-03
1.478535369809592069e-02
1.478535369809592069e-02
1.478535369809592069e-02
1.478535369809592069e-02
1.478535369809592069e-02
1.694833068909139262e-02
2.624386804918360863e-02
2.624386804918360863e-02
2.624386804918360863e-02
2.624386804918360863e-02
2.624386804918360863e-02
2.624386804918360863e-02
2.624386804918360863e-02
2.624386804918360863e-02
1.945673898206980515e-02
1.945673898206980515e-02
1.945673898206980515e-02
1.945673898206980515e-02
1.945673898206980515e-02
1.945673898206980515e-02
1.945673898206980515e-02
1.945673898206980515e-02
1.945673898206980515e-02
1.945673898206980515e-02
1.945673898206980515e-02
1.945673898206980515e-02
1.945673898206980515e-02
1.945673898206980515e-02
1.945673898206980515e-02
3.417027735553217725e-03
0.000000000000000000e+00
0.000000000000000000e+00
0.000000000000000000e+00
0.000000000000000000e+00
0.000000000000000000e+00
0.000000000000000000e+00
8.963356078779648184e-04
8.963356078779648184e-04
8.963356078779648184e-04
8.963356078779648184e-04
8.963356078779648184e-04
8.963356078779648184e-04
8.963356078779648184e-04
8.963356078779648184e-04
8.963356078779648184e-04
8.963356078779648184e-04
8.963356078779648184e-04
6.082335655793497109e-03
6.082335655793497109e-03
6.082335655793497109e-03
6.082335655793497109e-03
6.082335655793497109e-03
6.082335655793497109e-03
6.082335655793497109e-03
6.082335655793497109e-03
6.082335655793497109e-03
6.082335655793497109e-03
6.082335655793497109e-03
1.817229043422628060e-02
1.219093486792158579e-02
1.219093486792158579e-02
2.175762845382859037e-02
2.175762845382859037e-02
2.175762845382859037e-02
2.175762845382859037e-02
2.175762845382859037e-02
2.175762845382859037e-02
2.175762845382859037e-02
2.175762845382859037e-02
2.175762845382859037e-02
2.175762845382859037e-02
2.175762845382859037e-02
2.175762845382859037e-02
2.175762845382859037e-02
2.175762845382859037e-02
2.175762845382859037e-02
3.085346096170809085e-02
4.975240595915092490e-02
5.081616353408872910e-02
0.000000000000000000e+00
4.975240595915092490e-02
2.742486602097997384e-02
1.114440815175609702e-03
1.114440815175609702e-03
1.114440815175609702e-03
1.114440815175609702e-03
2.742486602097997384e-02
1.114440815175609702e-03
1.114440815175609702e-03
1.114440815175609702e-03
0.000000000000000000e+00
0.000000000000000000e+00
0.000000000000000000e+00
1.057012302959600691e-02
7.397587841955228366e-04
7.397587841955228366e-04
7.397587841955228366e-04
7.397587841955228366e-04
7.397587841955228366e-04
7.397587841955228366e-04
7.397587841955228366e-04
7.397587841955228366e-04
7.900920030700548519e-03
8.046824586319428069e-03
8.046824586319428069e-03
1.526143280989536617e-02
1.526143280989536617e-02
1.526143280989536617e-02
1.526143280989536617e-02
3.331560951908574437e-03
5.759280099948593107e-03
5.759280099948593107e-03
7.444693740570449206e-03
5.759280099948593107e-03
3.517359125342604115e-02
3.517359125342604115e-02
0.000000000000000000e+00
0.000000000000000000e+00
0.000000000000000000e+00
0.000000000000000000e+00
0.000000000000000000e+00
9.026978119722181559e-03
9.026978119722181559e-03
9.026978119722181559e-03
9.026978119722181559e-03
9.026978119722181559e-03
9.026978119722181559e-03
9.026978119722181559e-03
9.026978119722181559e-03
9.026978119722181559e-03
9.026978119722181559e-03
9.026978119722181559e-03
1.469141284968778285e-02
1.470991878269618976e-02
1.470991878269618976e-02
1.470991878269618976e-02
1.470991878269618976e-02
1.470991878269618976e-02
1.470991878269618976e-02
1.470991878269618976e-02
1.470991878269618976e-02
1.411865549733020211e-02
1.411865549733020211e-02
1.411865549733020211e-02
1.411865549733020211e-02
2.484061998212919176e-02
2.484061998212919176e-02
2.484061998212919176e-02
2.484061998212919176e-02
2.484061998212919176e-02
2.484061998212919176e-02
2.484061998212919176e-02
2.484061998212919176e-02
2.484061998212919176e-02
2.484061998212919176e-02
2.484061998212919176e-02
2.484061998212919176e-02
2.484061998212919176e-02
2.484061998212919176e-02
2.484061998212919176e-02
2.484061998212919176e-02
2.484061998212919176e-02
7.820395858805114647e-03
7.149543336739802232e-03
7.149543336739802232e-03
7.149543336739802232e-03
7.149543336739802232e-03
7.149543336739802232e-03
7.149543336739802232e-03
7.149543336739802232e-03
7.149543336739802232e-03
0.000000000000000000e+00
1.523328300489199850e-02
1.523328300489199850e-02
1.523328300489199850e-02
1.523328300489199850e-02
1.523328300489199850e-02
1.523328300489199850e-02
2.584740297316844623e-03
1.073621709066125383e-02
1.073621709066125383e-02
1.073621709066125383e-02
1.073621709066125383e-02
2.143094111706868483e-03
3.911048766738069280e-04
0.000000000000000000e+00
0.000000000000000000e+00
0.000000000000000000e+00
0.000000000000000000e+00
0.000000000000000000e+00
7.257537993612273725e-04
2.292223852034499729e-03
2.292223852034499729e-03
2.292223852034499729e-03
2.292223852034499729e-03
2.292223852034499729e-03
2.292223852034499729e-03
0.000000000000000000e+00
0.000000000000000000e+00
0.000000000000000000e+00
0.000000000000000000e+00
0.000000000000000000e+00
0.000000000000000000e+00
0.000000000000000000e+00
0.000000000000000000e+00
1.223814103704690646e-02
1.223814103704690646e-02
1.223814103704690646e-02
1.223814103704690646e-02
1.223814103704690646e-02
1.223814103704690646e-02
1.223814103704690646e-02
1.223814103704690646e-02
1.223814103704690646e-02
1.223814103704690646e-02
1.223814103704690646e-02
1.223814103704690646e-02
1.223814103704690646e-02
2.229710801276523283e-02
2.611898275377651582e-02
2.611898275377651582e-02
2.611898275377651582e-02
2.611898275377651582e-02
2.611898275377651582e-02
2.611898275377651582e-02
2.611898275377651582e-02
2.611898275377651582e-02
2.611898275377651582e-02
2.611898275377651582e-02
2.171393192304900497e-03
2.171393192304900497e-03
3.154730697910051312e-02
4.612056974224615358e-02
4.612056974224615358e-02
4.612056974224615358e-02
4.612056974224615358e-02
2.395556756310592700e-02
8.817862599192335601e-03
8.817862599192335601e-03
0.000000000000000000e+00
0.000000000000000000e+00
0.000000000000000000e+00
0.000000000000000000e+00
0.000000000000000000e+00
0.000000000000000000e+00
0.000000000000000000e+00
0.000000000000000000e+00
0.000000000000000000e+00
0.000000000000000000e+00
2.069610720888975190e-03
5.397951295389437527e-03
5.397951295389437527e-03
5.397951295389437527e-03
5.397951295389437527e-03
0.000000000000000000e+00
4.493264606967365543e-03
4.493264606967365543e-03
4.493264606967365543e-03
4.493264606967365543e-03
4.493264606967365543e-03
4.493264606967365543e-03
4.493264606967365543e-03
4.493264606967365543e-03
4.493264606967365543e-03
4.493264606967365543e-03
5.803569971763292840e-02
5.803569971763292840e-02
5.803569971763292840e-02
5.803569971763292840e-02
5.803569971763292840e-02
5.803569971763292840e-02
5.803569971763292840e-02
5.803569971763292840e-02
0.000000000000000000e+00
2.163650375775396859e-02
2.163650375775396859e-02
2.163650375775396859e-02
2.584740297316844623e-03
2.584740297316844623e-03
2.584740297316844623e-03
9.309824295303033292e-03
2.742486602097997384e-02
9.309824295303033292e-03
9.309824295303033292e-03
9.309824295303033292e-03
2.673732554831528656e-03
2.673732554831528656e-03
2.673732554831528656e-03
2.673732554831528656e-03
2.673732554831528656e-03
2.673732554831528656e-03
2.673732554831528656e-03
2.673732554831528656e-03
3.020118425227755546e-02
1.313713824048740693e-04
1.313713824048740693e-04
1.884801321816819905e-02
1.313713824048740693e-04
0.000000000000000000e+00
0.000000000000000000e+00
0.000000000000000000e+00
0.000000000000000000e+00
0.000000000000000000e+00
0.000000000000000000e+00
1.153735739347678917e-02
9.938000248032296743e-03
9.938000248032296743e-03
1.844432865103803497e-03
1.097998423390304096e-02
3.708447477661761405e-03
4.675505201625978005e-03
4.675505201625978005e-03
4.675505201625978005e-03
4.675505201625978005e-03
4.675505201625978005e-03
4.675505201625978005e-03
4.675505201625978005e-03
7.816848952234961827e-06
1.204134083044109890e-02
1.204134083044109890e-02
1.204134083044109890e-02
1.204134083044109890e-02
1.204134083044109890e-02
1.204134083044109890e-02
1.204134083044109890e-02
1.204134083044109890e-02
1.204134083044109890e-02
1.204134083044109890e-02
1.528494223222121549e-02
1.528494223222121549e-02
1.528494223222121549e-02
1.528494223222121549e-02
1.528494223222121549e-02
1.528494223222121549e-02
1.449854482699006360e-02
1.449854482699006360e-02
1.449854482699006360e-02
1.449854482699006360e-02
1.449854482699006360e-02
1.449854482699006360e-02
1.449854482699006360e-02
1.449854482699006360e-02
1.449854482699006360e-02
1.449854482699006360e-02
1.449854482699006360e-02
1.266621531268375019e-02
1.518444627266932363e-02
1.518444627266932363e-02
1.518444627266932363e-02
1.518444627266932363e-02
1.518444627266932363e-02
1.518444627266932363e-02
1.518444627266932363e-02
1.518444627266932363e-02
1.518444627266932363e-02
1.518444627266932363e-02
2.985306168017197448e-03
5.135128406149256503e-02
5.135128406149256503e-02
5.135128406149256503e-02
5.135128406149256503e-02
5.135128406149256503e-02
5.135128406149256503e-02
5.135128406149256503e-02
5.135128406149256503e-02
5.135128406149256503e-02
5.135128406149256503e-02
5.135128406149256503e-02
5.135128406149256503e-02
5.135128406149256503e-02
5.135128406149256503e-02
1.243749617188740116e-02
9.205287473714039714e-03
9.205287473714039714e-03
9.205287473714039714e-03
9.205287473714039714e-03
0.000000000000000000e+00
0.000000000000000000e+00
0.000000000000000000e+00
0.000000000000000000e+00
0.000000000000000000e+00
0.000000000000000000e+00
0.000000000000000000e+00
0.000000000000000000e+00
0.000000000000000000e+00
0.000000000000000000e+00
8.081636304638010462e-04
8.081636304638010462e-04
8.081636304638010462e-04
8.081636304638010462e-04
8.081636304638010462e-04
8.081636304638010462e-04
8.081636304638010462e-04
8.081636304638010462e-04
8.081636304638010462e-04
8.081636304638010462e-04
8.081636304638010462e-04
1.198125029974279714e-02
1.198125029974279714e-02
1.198125029974279714e-02
1.198125029974279714e-02
1.198125029974279714e-02
1.198125029974279714e-02
1.198125029974279714e-02
1.198125029974279714e-02
1.198125029974279714e-02
1.198125029974279714e-02
1.198125029974279714e-02
1.198125029974279714e-02
1.198125029974279714e-02
2.365788508377647537e-02
2.365788508377647537e-02
2.365788508377647537e-02
2.365788508377647537e-02
2.356983452701430851e-02
3.517319773241870794e-03
3.517319773241870794e-03
4.466327361086849627e-03
6.297551865569100960e-03
6.297551865569100960e-03
6.297551865569100960e-03
1.903416211820234752e-03
1.903416211820234752e-03
1.903416211820234752e-03
1.903416211820234752e-03
1.903416211820234752e-03
1.903416211820234752e-03
1.903416211820234752e-03
1.903416211820234752e-03
1.903416211820234752e-03
1.903416211820234752e-03
1.903416211820234752e-03
1.903416211820234752e-03
1.903416211820234752e-03
1.903416211820234752e-03
1.903416211820234752e-03
1.906003750213883284e-03
4.123054788302569183e-03
4.123054788302569183e-03
4.123054788302569183e-03
4.123054788302569183e-03
3.147655889525532730e-03
4.123054788302569183e-03
3.650193412217862202e-03
0.000000000000000000e+00
0.000000000000000000e+00
0.000000000000000000e+00
0.000000000000000000e+00
2.511115287815471071e-03
0.000000000000000000e+00
0.000000000000000000e+00
0.000000000000000000e+00
2.190872880783331644e-03
1.645562709742688602e-03
3.772354870432376248e-03
3.772354870432376248e-03
3.772354870432376248e-03
1.645562709742688602e-03
1.645562709742688602e-03
1.645562709742688602e-03
2.881981942550337298e-03
1.871388856395197337e-02
1.871388856395197337e-02
1.871388856395197337e-02
1.871388856395197337e-02
1.871388856395197337e-02
1.871388856395197337e-02
1.871388856395197337e-02
0.000000000000000000e+00
7.123434057383799638e-03
7.123434057383799638e-03
7.123434057383799638e-03
7.123434057383799638e-03
7.123434057383799638e-03
7.123434057383799638e-03
7.123434057383799638e-03
7.123434057383799638e-03
7.123434057383799638e-03
7.123434057383799638e-03
1.288029280359069377e-02
3.061202922658046860e-02
1.304006373772314924e-02
1.304006373772314924e-02
1.304006373772314924e-02
1.304006373772314924e-02
6.773836545247912885e-03
1.920743444833152361e-02
1.920743444833152361e-02
1.920743444833152361e-02
1.335333778955417492e-03
6.041360991331940627e-02
6.041360991331940627e-02
6.041360991331940627e-02
6.041360991331940627e-02
6.041360991331940627e-02
6.041360991331940627e-02
6.041360991331940627e-02
6.041360991331940627e-02
1.952225644664369120e-03
1.507062224521042021e-02
1.507062224521042021e-02
1.507062224521042021e-02
1.507062224521042021e-02
1.095800583410247442e-02
4.369633826637920812e-03
4.369633826637920812e-03
4.369633826637920812e-03
4.369633826637920812e-03
4.369633826637920812e-03
4.369633826637920812e-03
3.687602830140825072e-02
3.687602830140825072e-02
3.687602830140825072e-02
3.687602830140825072e-02
3.687602830140825072e-02
3.687602830140825072e-02
3.687602830140825072e-02
3.687602830140825072e-02
3.687602830140825072e-02
3.687602830140825072e-02
3.687602830140825072e-02
1.524959084941293619e-02
1.069557447866149001e-02
1.069557447866149001e-02
1.069557447866149001e-02
1.069557447866149001e-02
1.069557447866149001e-02
1.069557447866149001e-02
1.069557447866149001e-02
1.069557447866149001e-02
1.069557447866149001e-02
1.069557447866149001e-02
1.069557447866149001e-02
1.069557447866149001e-02
1.069557447866149001e-02
1.069557447866149001e-02
6.024402896056759056e-03
2.164496267083363800e-03
2.164496267083363800e-03
5.154872876574541352e-02
5.154872876574541352e-02
5.154872876574541352e-02
5.154872876574541352e-02
5.154872876574541352e-02
5.154872876574541352e-02
9.329784665210874919e-03
6.570043326742168281e-03
6.570043326742168281e-03
7.615912505339043903e-03
7.615912505339043903e-03
7.615912505339043903e-03
7.615912505339043903e-03
7.615912505339043903e-03
7.615912505339043903e-03
7.615912505339043903e-03
7.615912505339043903e-03
7.615912505339043903e-03
7.615912505339043903e-03
7.615912505339043903e-03
1.820341549134134318e-02
2.363090641035563589e-03
2.363090641035563589e-03
2.363090641035563589e-03
2.363090641035563589e-03
2.363090641035563589e-03
2.363090641035563589e-03
2.739864907647579159e-02
4.539915817508118762e-03
4.539915817508118762e-03
4.539915817508118762e-03
4.539915817508118762e-03
4.539915817508118762e-03
4.539915817508118762e-03
4.539915817508118762e-03
4.539915817508118762e-03
4.539915817508118762e-03
4.539915817508118762e-03
4.539915817508118762e-03
4.539915817508118762e-03
1.067785804490500000e-02
1.010467496316986777e-03
1.010467496316986777e-03
1.010467496316986777e-03
1.010467496316986777e-03
1.010467496316986777e-03
1.010467496316986777e-03
1.010467496316986777e-03
1.010467496316986777e-03
2.963538391334953094e-03
1.027472770188945584e-03
1.027472770188945584e-03
0.000000000000000000e+00
0.000000000000000000e+00
0.000000000000000000e+00
0.000000000000000000e+00
0.000000000000000000e+00
0.000000000000000000e+00
0.000000000000000000e+00
1.427242319372576743e-02
1.059053954504918064e-02
1.059053954504918064e-02
1.059053954504918064e-02
1.059053954504918064e-02
1.059053954504918064e-02
1.059053954504918064e-02
3.205313524976220914e-03
7.509250130121866490e-04
7.509250130121866490e-04
1.610005997966985555e-02
7.509250130121866490e-04
3.805033306988109178e-03
3.805033306988109178e-03
3.805033306988109178e-03
3.805033306988109178e-03
3.805033306988109178e-03
3.805033306988109178e-03
3.805033306988109178e-03
3.805033306988109178e-03
6.591638364362179675e-03
6.591638364362179675e-03
6.591638364362179675e-03
6.591638364362179675e-03
6.591638364362179675e-03
1.197569300964225134e-02
6.591638364362179675e-03
6.591638364362179675e-03
6.591638364362179675e-03
6.591638364362179675e-03
6.591638364362179675e-03
1.463401213956979155e-02
1.551251365427344306e-02
1.300462151615630786e-02
1.551251365427344306e-02
1.551251365427344306e-02
1.551251365427344306e-02
1.551251365427344306e-02
1.551251365427344306e-02
1.614285560162153146e-02
1.625277700764506117e-02
1.625277700764506117e-02
1.625277700764506117e-02
1.625277700764506117e-02
1.625277700764506117e-02
1.625277700764506117e-02
1.625277700764506117e-02
1.625277700764506117e-02
1.625277700764506117e-02
1.625277700764506117e-02
1.625277700764506117e-02
1.625277700764506117e-02
1.625277700764506117e-02
1.625277700764506117e-02
1.625277700764506117e-02
1.625277700764506117e-02
1.625277700764506117e-02
1.625277700764506117e-02
0.000000000000000000e+00
4.923169063514967400e-03
4.923169063514967400e-03
4.923169063514967400e-03
4.923169063514967400e-03
4.923169063514967400e-03
4.923169063514967400e-03
4.923169063514967400e-03
4.923169063514967400e-03
1.360906050749276144e-03
7.526425683724803986e-03
2.025518880176030781e-02
1.835162853906870811e-02
1.835162853906870811e-02
1.835162853906870811e-02
1.835162853906870811e-02
1.835162853906870811e-02
1.835162853906870811e-02
1.835162853906870811e-02
1.835162853906870811e-02
0.000000000000000000e+00
2.898436427269741877e-02
2.898436427269741877e-02
2.898436427269741877e-02
2.898436427269741877e-02
2.898436427269741877e-02
2.898436427269741877e-02
2.898436427269741877e-02
2.898436427269741877e-02
2.898436427269741877e-02
2.898436427269741877e-02
2.898436427269741877e-02
2.898436427269741877e-02
2.898436427269741877e-02
2.898436427269741877e-02
6.597602826851267296e-04
2.007589796614397959e-02
2.007589796614397959e-02
2.007589796614397959e-02
2.007589796614397959e-02
2.007589796614397959e-02
2.007589796614397959e-02
2.007589796614397959e-02
2.007589796614397959e-02
2.007589796614397959e-02
2.007589796614397959e-02
0.000000000000000000e+00
1.117628817311898254e-01
1.117628817311898254e-01
1.117628817311898254e-01
2.636531610552688212e-02
2.139202236253453723e-02
2.139202236253453723e-02
2.139202236253453723e-02
9.458842760420903620e-03
1.203870310671468699e-02
1.203870310671468699e-02
3.205313524976220914e-03
3.205313524976220914e-03
3.205313524976220914e-03
3.205313524976220914e-03
1.462603013544340989e-02
6.539755161764265572e-03
6.539755161764265572e-03
6.539755161764265572e-03
6.539755161764265572e-03
6.539755161764265572e-03
6.539755161764265572e-03
1.168125962274739168e-03
2.328143997357073197e-03
2.328143997357073197e-03
0.000000000000000000e+00
0.000000000000000000e+00
0.000000000000000000e+00
0.000000000000000000e+00
0.000000000000000000e+00
0.000000000000000000e+00
4.185647574687828380e-03
1.350024520592500547e-02
1.350024520592500547e-02
6.444200217906585759e-03
2.452289394527918526e-02
2.452289394527918526e-02
1.614285560162153146e-02
1.614285560162153146e-02
1.614285560162153146e-02
1.614285560162153146e-02
1.614285560162153146e-02
1.614285560162153146e-02
1.614285560162153146e-02
1.614285560162153146e-02
1.208803763041552647e-02
1.493344596556843776e-02
1.493344596556843776e-02
8.246120217142709208e-03
8.246120217142709208e-03
8.246120217142709208e-03
8.246120217142709208e-03
8.246120217142709208e-03
8.246120217142709208e-03
8.246120217142709208e-03
8.246120217142709208e-03
8.246120217142709208e-03
8.246120217142709208e-03
8.246120217142709208e-03
8.246120217142709208e-03
8.246120217142709208e-03
0.000000000000000000e+00
2.092608288611967279e-02
2.092608288611967279e-02
2.092608288611967279e-02
2.092608288611967279e-02
2.092608288611967279e-02
2.092608288611967279e-02
2.092608288611967279e-02
2.092608288611967279e-02
2.092608288611967279e-02
2.092608288611967279e-02
9.802229404012091554e-04
9.802229404012091554e-04
9.802229404012091554e-04
1.124298851125993086e-02
3.780368610911349165e-04
3.780368610911349165e-04
3.780368610911349165e-04
3.780368610911349165e-04
3.780368610911349165e-04
3.780368610911349165e-04
1.180196652752866886e-02
1.048712599096624475e-02
1.048712599096624475e-02
1.048712599096624475e-02
1.048712599096624475e-02
1.048712599096624475e-02
1.048712599096624475e-02
1.048712599096624475e-02
1.048712599096624475e-02
3.398027525469694138e-02
3.398027525469694138e-02
3.398027525469694138e-02
2.288848380281832337e-02
3.041529052354054879e-02
3.041529052354054879e-02
3.041529052354054879e-02
3.041529052354054879e-02
7.940390537788959494e-03
3.797888954679195204e-03
3.797888954679195204e-03
3.797888954679195204e-03
3.797888954679195204e-03
7.820395858805114647e-03
7.820395858805114647e-03
7.820395858805114647e-03
4.185647574687828380e-03
4.185647574687828380e-03
4.185647574687828380e-03
4.185647574687828380e-03
4.185647574687828380e-03
4.185647574687828380e-03
4.185647574687828380e-03
4.185647574687828380e-03
4.185647574687828380e-03
4.185647574687828380e-03
4.185647574687828380e-03
4.185647574687828380e-03
4.185647574687828380e-03
4.185647574687828380e-03
4.185647574687828380e-03
4.185647574687828380e-03
4.185647574687828380e-03
4.185647574687828380e-03
4.185647574687828380e-03
4.185647574687828380e-03
4.185647574687828380e-03
4.185647574687828380e-03
4.185647574687828380e-03
4.185647574687828380e-03
7.354230572120232928e-03
1.960586303620981494e-03
3.638867965925621228e-02
1.463850950469857033e-02
1.960586303620981494e-03
3.115840910463571825e-02
1.863371913828850562e-02
1.863371913828850562e-02
1.863371913828850562e-02
1.863371913828850562e-02
1.863371913828850562e-02
1.863371913828850562e-02
1.863371913828850562e-02
1.863371913828850562e-02
1.863371913828850562e-02
1.863371913828850562e-02
1.354263881017163558e-02
1.235505663117816150e-02
1.235505663117816150e-02
1.235505663117816150e-02
1.235505663117816150e-02
1.235505663117816150e-02
1.208803763041552647e-02
1.208803763041552647e-02
1.208803763041552647e-02
1.208803763041552647e-02
1.208803763041552647e-02
1.208803763041552647e-02
1.208803763041552647e-02
1.208803763041552647e-02
1.208803763041552647e-02
1.208803763041552647e-02
1.208803763041552647e-02
1.208803763041552647e-02
1.022640458061853212e-02
2.062153780918646317e-02
2.062153780918646317e-02
2.062153780918646317e-02
2.062153780918646317e-02
9.300244673464251209e-04
1.866287302513821439e-02
1.866287302513821439e-02
1.866287302513821439e-02
6.024402896056759056e-03
6.024402896056759056e-03
6.024402896056759056e-03
6.024402896056759056e-03
6.024402896056759056e-03
1.922654148948637915e-03
8.269583403803834609e-03
8.269583403803834609e-03
8.269583403803834609e-03
8.269583403803834609e-03
6.983969525558506898e-03
7.255085417576821738e-03
1.304964115180853347e-02
1.304964115180853347e-02
1.304964115180853347e-02
1.304964115180853347e-02
1.304964115180853347e-02
1.304964115180853347e-02
1.304964115180853347e-02
1.304964115180853347e-02
1.304964115180853347e-02
1.304964115180853347e-02
1.304964115180853347e-02
1.793668879572926644e-02
8.515240542051622646e-03
8.515240542051622646e-03
1.020764370200574582e-02
1.161797928273418639e-03
1.161797928273418639e-03
0.000000000000000000e+00
9.458842760420903620e-03
9.458842760420903620e-03
9.458842760420903620e-03
9.458842760420903620e-03
9.458842760420903620e-03
1.843434484215635341e-02
2.177031056578217910e-02
2.177031056578217910e-02
2.177031056578217910e-02
2.177031056578217910e-02
2.177031056578217910e-02
2.177031056578217910e-02
7.986532048240575776e-03
7.986532048240575776e-03
7.986532048240575776e-03
7.986532048240575776e-03
7.986532048240575776e-03
7.986532048240575776e-03
7.986532048240575776e-03
7.986532048240575776e-03
7.986532048240575776e-03
7.986532048240575776e-03
7.986532048240575776e-03
7.986532048240575776e-03
9.132748917894745883e-03
9.132748917894745883e-03
9.132748917894745883e-03
9.132748917894745883e-03
9.132748917894745883e-03
9.132748917894745883e-03
9.132748917894745883e-03
9.132748917894745883e-03
9.132748917894745883e-03
9.132748917894745883e-03
9.132748917894745883e-03
9.132748917894745883e-03
9.132748917894745883e-03
9.132748917894745883e-03
9.132748917894745883e-03
2.739864907647579159e-02
2.011600135622784030e-02
2.011600135622784030e-02
2.011600135622784030e-02
2.011600135622784030e-02
2.011600135622784030e-02
2.011600135622784030e-02
2.011600135622784030e-02
2.011600135622784030e-02
6.905243132517138033e-03
1.038931563379043603e-03
1.038931563379043603e-03
1.038931563379043603e-03
1.038931563379043603e-03
1.038931563379043603e-03
1.038931563379043603e-03
1.038931563379043603e-03
1.038931563379043603e-03
1.038931563379043603e-03
1.038931563379043603e-03
0.000000000000000000e+00
0.000000000000000000e+00
2.655341059227200808e-04
1.567735971710213297e-02
1.567735971710213297e-02
2.069610720888975190e-03
2.069610720888975190e-03
2.069610720888975190e-03
2.069610720888975190e-03
2.069610720888975190e-03
2.069610720888975190e-03
2.069610720888975190e-03
2.069610720888975190e-03
2.069610720888975190e-03
2.069610720888975190e-03
0.000000000000000000e+00
4.938587775124289115e-04
0.000000000000000000e+00
4.938587775124289115e-04
4.938587775124289115e-04
4.938587775124289115e-04
4.938587775124289115e-04
4.938587775124289115e-04
4.938587775124289115e-04
4.938587775124289115e-04
1.132564681843478520e-02
1.132564681843478520e-02
1.132564681843478520e-02
1.132564681843478520e-02
1.132564681843478520e-02
1.132564681843478520e-02
1.132564681843478520e-02
1.132564681843478520e-02
1.132564681843478520e-02
1.132564681843478520e-02
1.132564681843478520e-02
1.132564681843478520e-02
1.132564681843478520e-02
0.000000000000000000e+00
0.000000000000000000e+00
0.000000000000000000e+00
0.000000000000000000e+00
0.000000000000000000e+00
0.000000000000000000e+00
0.000000000000000000e+00
0.000000000000000000e+00
0.000000000000000000e+00
0.000000000000000000e+00
1.062464778326452017e-02
1.062464778326452017e-02
1.062464778326452017e-02
1.062464778326452017e-02
1.062464778326452017e-02
1.062464778326452017e-02
1.062464778326452017e-02
1.062464778326452017e-02
4.770101994771060346e-03
2.453937620202360781e-02
2.453937620202360781e-02
2.453937620202360781e-02
2.453937620202360781e-02
6.348730213659802869e-03
6.348730213659802869e-03
6.348730213659802869e-03
6.348730213659802869e-03
6.348730213659802869e-03
6.348730213659802869e-03
6.348730213659802869e-03
6.348730213659802869e-03
6.348730213659802869e-03
6.348730213659802869e-03
6.348730213659802869e-03
6.348730213659802869e-03
6.348730213659802869e-03
2.217427057498632184e-02
1.150066466606991175e-02
1.150066466606991175e-02
1.150066466606991175e-02
1.150066466606991175e-02
1.150066466606991175e-02
1.150066466606991175e-02
1.150066466606991175e-02
1.150066466606991175e-02
1.150066466606991175e-02
1.150066466606991175e-02
9.354592312279115876e-03
4.945576085966194024e-02
4.945576085966194024e-02
7.940390537788959494e-03
7.940390537788959494e-03
7.940390537788959494e-03
7.940390537788959494e-03
7.940390537788959494e-03
7.940390537788959494e-03
7.940390537788959494e-03
7.940390537788959494e-03
7.940390537788959494e-03
7.940390537788959494e-03
6.739358875135014783e-03
6.739358875135014783e-03
6.739358875135014783e-03
6.739358875135014783e-03
6.739358875135014783e-03
6.739358875135014783e-03
6.739358875135014783e-03
6.739358875135014783e-03
6.739358875135014783e-03
6.739358875135014783e-03
6.739358875135014783e-03
6.739358875135014783e-03
6.739358875135014783e-03
2.222242242384230362e-02
2.544647126421960281e-02
2.544647126421960281e-02
0.000000000000000000e+00
9.518130386040839566e-03
9.518130386040839566e-03
9.518130386040839566e-03
9.518130386040839566e-03
9.518130386040839566e-03
9.518130386040839566e-03
9.518130386040839566e-03
9.518130386040839566e-03
9.518130386040839566e-03
9.518130386040839566e-03
9.518130386040839566e-03
0.000000000000000000e+00
2.022512393864748029e-02
2.022512393864748029e-02
2.022512393864748029e-02
1.476311374606797087e-02
1.303264058477771395e-02
9.259019653226311861e-03
1.303264058477771395e-02
1.303264058477771395e-02
1.303264058477771395e-02
3.431286816857658743e-03
1.089558106105407466e-02
1.089558106105407466e-02
1.089558106105407466e-02
1.089558106105407466e-02
7.108432818347574199e-03
5.198676599055667216e-03
5.198676599055667216e-03
5.198676599055667216e-03
5.198676599055667216e-03
5.198676599055667216e-03
5.198676599055667216e-03
5.198676599055667216e-03
5.198676599055667216e-03
0.000000000000000000e+00
8.495210082670599100e-03
8.495210082670599100e-03
8.495210082670599100e-03
8.495210082670599100e-03
1.715448374887299648e-02
1.715448374887299648e-02
1.715448374887299648e-02
1.715448374887299648e-02
1.715448374887299648e-02
1.715448374887299648e-02
1.715448374887299648e-02
1.715448374887299648e-02
1.677189910465094053e-02
1.416150355840515088e-02
1.416150355840515088e-02
1.416150355840515088e-02
1.416150355840515088e-02
1.416150355840515088e-02
1.416150355840515088e-02
4.770101994771060346e-03
3.519785609248563159e-03
3.519785609248563159e-03
3.519785609248563159e-03
3.519785609248563159e-03
3.519785609248563159e-03
3.519785609248563159e-03
3.268266695586470941e-03
3.268266695586470941e-03
3.268266695586470941e-03
3.268266695586470941e-03
0.000000000000000000e+00
0.000000000000000000e+00
0.000000000000000000e+00
0.000000000000000000e+00
0.000000000000000000e+00
0.000000000000000000e+00
0.000000000000000000e+00
0.000000000000000000e+00
0.000000000000000000e+00
0.000000000000000000e+00
0.000000000000000000e+00
0.000000000000000000e+00
5.030966116276899130e-02
4.636879401125904715e-02
4.636879401125904715e-02
4.636879401125904715e-02
4.636879401125904715e-02
2.162812769224061252e-02
9.797505942938978390e-03
9.797505942938978390e-03
9.797505942938978390e-03
9.797505942938978390e-03
9.797505942938978390e-03
9.797505942938978390e-03
9.797505942938978390e-03
9.797505942938978390e-03
9.797505942938978390e-03
9.797505942938978390e-03
1.363373125471485474e-02
2.494932655926527729e-02
2.494932655926527729e-02
9.465713212462836118e-03
1.284586303771512823e-03
1.284586303771512823e-03
1.284586303771512823e-03
1.284586303771512823e-03
1.284586303771512823e-03
1.284586303771512823e-03
1.284586303771512823e-03
1.284586303771512823e-03
1.284586303771512823e-03
1.284586303771512823e-03
1.284586303771512823e-03
1.284586303771512823e-03
0.000000000000000000e+00
1.771507799306572956e-02
1.771507799306572956e-02
1.771507799306572956e-02
1.771507799306572956e-02
1.771507799306572956e-02
1.771507799306572956e-02
1.771507799306572956e-02
1.771507799306572956e-02
1.771507799306572956e-02
1.771507799306572956e-02
1.771507799306572956e-02
3.550232268619981464e-04
9.544573079085174813e-03
9.544573079085174813e-03
9.544573079085174813e-03
9.544573079085174813e-03
9.544573079085174813e-03
9.544573079085174813e-03
9.544573079085174813e-03
9.544573079085174813e-03
6.603511377179321906e-03
6.603511377179321906e-03
6.603511377179321906e-03
6.603511377179321906e-03
6.603511377179321906e-03
6.603511377179321906e-03
6.603511377179321906e-03
6.603511377179321906e-03
6.603511377179321906e-03
6.603511377179321906e-03
6.603511377179321906e-03
6.603511377179321906e-03
6.603511377179321906e-03
6.603511377179321906e-03
6.603511377179321906e-03
3.475046316546304831e-02
3.331560951908574437e-03
3.331560951908574437e-03
3.331560951908574437e-03
3.331560951908574437e-03
3.331560951908574437e-03
7.221607075819968038e-03
4.741445797559595832e-02
4.741445797559595832e-02
4.741445797559595832e-02
4.741445797559595832e-02
1.791928635611385670e-02
1.866621110792050179e-03
5.002892512387592527e-03
1.791928635611385670e-02
1.791928635611385670e-02
1.791928635611385670e-02
0.000000000000000000e+00
0.000000000000000000e+00
0.000000000000000000e+00
0.000000000000000000e+00
0.000000000000000000e+00
0.000000000000000000e+00
0.000000000000000000e+00
0.000000000000000000e+00
0.000000000000000000e+00
0.000000000000000000e+00
0.000000000000000000e+00
2.356736867702481641e-02
1.786845822531724082e-02
1.786845822531724082e-02
1.786845822531724082e-02
1.786845822531724082e-02
1.786845822531724082e-02
1.786845822531724082e-02
1.786845822531724082e-02
1.786845822531724082e-02
2.058558180054406370e-02
0.000000000000000000e+00
0.000000000000000000e+00
0.000000000000000000e+00
0.000000000000000000e+00
0.000000000000000000e+00
0.000000000000000000e+00
0.000000000000000000e+00
0.000000000000000000e+00
4.804402540102102950e-03
6.791713531611445406e-03
6.791713531611445406e-03
6.791713531611445406e-03
6.791713531611445406e-03
6.791713531611445406e-03
6.791713531611445406e-03
6.791713531611445406e-03
6.791713531611445406e-03
6.791713531611445406e-03
6.791713531611445406e-03
6.791713531611445406e-03
6.791713531611445406e-03
6.791713531611445406e-03
6.791713531611445406e-03
6.791713531611445406e-03
6.791713531611445406e-03
0.000000000000000000e+00
3.670257122996963689e-02
3.670257122996963689e-02
2.009524958949673867e-02
1.089483481129101435e-02
2.245723034586539005e-02
4.588705630914933359e-03
4.588705630914933359e-03
4.588705630914933359e-03
4.588705630914933359e-03
4.588705630914933359e-03
4.588705630914933359e-03
4.588705630914933359e-03
4.588705630914933359e-03
4.588705630914933359e-03
4.588705630914933359e-03
4.588705630914933359e-03
4.588705630914933359e-03
4.588705630914933359e-03
4.588705630914933359e-03
4.588705630914933359e-03
4.588705630914933359e-03
1.008762363735122083e-02
7.832563714302106031e-03
1.572674402045977013e-02
1.572674402045977013e-02
1.572674402045977013e-02
1.572674402045977013e-02
9.393076643456862648e-03
1.216192055168162194e-02
1.216192055168162194e-02
1.216192055168162194e-02
2.709944747527579488e-03
3.828613684813735908e-03
8.638881490870659388e-03
8.638881490870659388e-03
8.638881490870659388e-03
8.638881490870659388e-03
8.638881490870659388e-03
8.638881490870659388e-03
8.638881490870659388e-03
8.638881490870659388e-03
3.650193412217862202e-03
3.650193412217862202e-03
3.650193412217862202e-03
3.650193412217862202e-03
3.650193412217862202e-03
3.650193412217862202e-03
3.650193412217862202e-03
3.650193412217862202e-03
1.567067421842501798e-03
5.912710522405364251e-04
5.912710522405364251e-04
5.912710522405364251e-04
5.912710522405364251e-04
5.912710522405364251e-04
5.912710522405364251e-04
5.912710522405364251e-04
5.912710522405364251e-04
5.912710522405364251e-04
5.912710522405364251e-04
5.912710522405364251e-04
5.912710522405364251e-04
0.000000000000000000e+00
7.372829389720527565e-03
7.372829389720527565e-03
7.372829389720527565e-03
7.372829389720527565e-03
7.372829389720527565e-03
7.372829389720527565e-03
0.000000000000000000e+00
8.184115422743956647e-03
8.184115422743956647e-03
8.184115422743956647e-03
8.184115422743956647e-03
8.184115422743956647e-03
8.184115422743956647e-03
8.184115422743956647e-03
8.184115422743956647e-03
8.184115422743956647e-03
8.184115422743956647e-03
8.184115422743956647e-03
8.184115422743956647e-03
8.184115422743956647e-03
8.184115422743956647e-03
2.698148352616330792e-02
3.606839683671308290e-04
3.606839683671308290e-04
3.606839683671308290e-04
3.606839683671308290e-04
3.606839683671308290e-04
3.606839683671308290e-04
3.606839683671308290e-04
3.606839683671308290e-04
3.606839683671308290e-04
3.606839683671308290e-04
3.606839683671308290e-04
3.606839683671308290e-04
1.795782875007100087e-03
3.158601589844439814e-03
1.126106345742338734e-02
1.126106345742338734e-02
0.000000000000000000e+00
0.000000000000000000e+00
0.000000000000000000e+00
0.000000000000000000e+00
1.559458730569114864e-03
2.228631045769079513e-02
2.079529705141957771e-02
5.559918232324334748e-03
5.559918232324334748e-03
5.559918232324334748e-03
5.559918232324334748e-03
0.000000000000000000e+00
0.000000000000000000e+00
0.000000000000000000e+00
2.643755270327614038e-01
2.643755270327614038e-01
2.643755270327614038e-01
2.643755270327614038e-01
4.689252596684678059e-02
1.044889642748265382e-04
1.044889642748265382e-04
1.044889642748265382e-04
1.044889642748265382e-04
0.000000000000000000e+00
0.000000000000000000e+00
0.000000000000000000e+00
0.000000000000000000e+00
0.000000000000000000e+00
0.000000000000000000e+00
9.809106928597264782e-03
1.572455776165185889e-03
1.572455776165185889e-03
1.572455776165185889e-03
1.572455776165185889e-03
0.000000000000000000e+00
0.000000000000000000e+00
8.139738623637985423e-05
8.139738623637985423e-05
8.139738623637985423e-05
8.139738623637985423e-05
6.523030799178584395e-03
6.523030799178584395e-03
6.523030799178584395e-03
6.523030799178584395e-03
6.597602826851267296e-04
6.597602826851267296e-04
7.225027484963432445e-03
4.464274841120692908e-03
4.464274841120692908e-03
4.464274841120692908e-03
0.000000000000000000e+00
0.000000000000000000e+00
3.284096095117712555e-03
3.284096095117712555e-03
3.284096095117712555e-03
3.284096095117712555e-03
3.284096095117712555e-03
3.284096095117712555e-03
3.284096095117712555e-03
3.284096095117712555e-03
3.284096095117712555e-03
3.284096095117712555e-03
3.284096095117712555e-03
6.514949818482171709e-04
1.314044954773106212e-02
1.314044954773106212e-02
1.314044954773106212e-02
1.314044954773106212e-02
4.035886889746720559e-03
1.563757774422255831e-02
1.563757774422255831e-02
1.563757774422255831e-02
1.563757774422255831e-02
1.563757774422255831e-02
1.563757774422255831e-02
1.563757774422255831e-02
6.695368837111849609e-03
8.546354253741889409e-03
8.546354253741889409e-03
8.546354253741889409e-03
8.546354253741889409e-03
8.546354253741889409e-03
8.546354253741889409e-03
8.546354253741889409e-03
8.546354253741889409e-03
8.546354253741889409e-03
8.546354253741889409e-03
8.546354253741889409e-03
8.546354253741889409e-03
1.943139513263662452e-02
3.423587900876660234e-03
3.423587900876660234e-03
3.423587900876660234e-03
3.423587900876660234e-03
3.423587900876660234e-03
3.446462128620651766e-02
3.446462128620651766e-02
3.446462128620651766e-02
3.446462128620651766e-02
3.446462128620651766e-02
3.446462128620651766e-02
3.446462128620651766e-02
3.446462128620651766e-02
2.816709255508561931e-03
0.000000000000000000e+00
0.000000000000000000e+00
5.433391717470031392e-03
3.660568354181829159e-02
3.660568354181829159e-02
8.023967683949490481e-04
6.209292993482048301e-03
6.209292993482048301e-03
6.209292993482048301e-03
6.209292993482048301e-03
6.209292993482048301e-03
6.209292993482048301e-03
6.209292993482048301e-03
6.209292993482048301e-03
6.209292993482048301e-03
6.209292993482048301e-03
6.209292993482048301e-03
6.209292993482048301e-03
0.000000000000000000e+00
8.127785978195753783e-03
8.127785978195753783e-03
8.127785978195753783e-03
8.127785978195753783e-03
2.659070056827177869e-02
1.871303303807986262e-02
1.871303303807986262e-02
1.871303303807986262e-02
1.871303303807986262e-02
1.871303303807986262e-02
1.871303303807986262e-02
1.681491776901023957e-02
1.356844419779162057e-02
1.356844419779162057e-02
1.356844419779162057e-02
1.356844419779162057e-02
1.356844419779162057e-02
1.356844419779162057e-02
1.356844419779162057e-02
1.356844419779162057e-02
1.248547747570404737e-02
1.248547747570404737e-02
1.248547747570404737e-02
1.248547747570404737e-02
1.248547747570404737e-02
1.248547747570404737e-02
1.248547747570404737e-02
1.248547747570404737e-02
1.248547747570404737e-02
1.248547747570404737e-02
1.248547747570404737e-02
1.248547747570404737e-02
1.248547747570404737e-02
1.248547747570404737e-02
1.248547747570404737e-02
1.248547747570404737e-02
5.128654441178603050e-03
2.734488437828680191e-03
2.734488437828680191e-03
2.734488437828680191e-03
2.734488437828680191e-03
2.734488437828680191e-03
2.734488437828680191e-03
2.734488437828680191e-03
2.734488437828680191e-03
2.734488437828680191e-03
2.734488437828680191e-03
5.227537029184784563e-04
5.227537029184784563e-04
5.227537029184784563e-04
5.227537029184784563e-04
5.227537029184784563e-04
5.227537029184784563e-04
5.227537029184784563e-04
5.227537029184784563e-04
5.227537029184784563e-04
5.227537029184784563e-04
5.227537029184784563e-04
5.227537029184784563e-04
5.227537029184784563e-04
8.032731582748853932e-03
5.128654441178603050e-03
3.733530406454940546e-03
1.009765596333035698e-02
1.009765596333035698e-02
1.009765596333035698e-02
1.009765596333035698e-02
1.009765596333035698e-02
1.009765596333035698e-02
1.009765596333035698e-02
1.009765596333035698e-02
1.009765596333035698e-02
1.009765596333035698e-02
1.009765596333035698e-02
1.009765596333035698e-02
1.009765596333035698e-02
1.009765596333035698e-02
3.943755004086955777e-03
2.241118463348332895e-02
2.241118463348332895e-02
2.241118463348332895e-02
2.241118463348332895e-02
3.691625319562671925e-02
3.408824027029614193e-03
3.408824027029614193e-03
3.408824027029614193e-03
3.408824027029614193e-03
3.408824027029614193e-03
3.408824027029614193e-03
3.408824027029614193e-03
3.408824027029614193e-03
6.949726845496316877e-04
4.068812396354867106e-02
9.330619885940064431e-03
1.076293483833601003e-02
1.076293483833601003e-02
1.076293483833601003e-02
1.076293483833601003e-02
1.076293483833601003e-02
1.076293483833601003e-02
1.076293483833601003e-02
1.076293483833601003e-02
1.076293483833601003e-02
1.076293483833601003e-02
2.855912937121396836e-02
6.067007495579971287e-03
6.067007495579971287e-03
6.067007495579971287e-03
6.067007495579971287e-03
6.067007495579971287e-03
6.067007495579971287e-03
6.067007495579971287e-03
6.067007495579971287e-03
6.067007495579971287e-03
6.067007495579971287e-03
9.465713212462836118e-03
9.465713212462836118e-03
9.465713212462836118e-03
9.465713212462836118e-03
2.079529705141957771e-02
2.079529705141957771e-02
2.079529705141957771e-02
2.079529705141957771e-02
2.079529705141957771e-02
2.079529705141957771e-02
1.850924606778017734e-02
9.004178290670877827e-03
9.004178290670877827e-03
9.004178290670877827e-03
1.564795171575915052e-03
1.564795171575915052e-03
1.564795171575915052e-03
1.564795171575915052e-03
1.564795171575915052e-03
1.564795171575915052e-03
2.567946838842565058e-03
2.567946838842565058e-03
2.567946838842565058e-03
2.567946838842565058e-03
3.769719464832987227e-02
5.121685478407313197e-02
5.121685478407313197e-02
0.000000000000000000e+00
0.000000000000000000e+00
0.000000000000000000e+00
0.000000000000000000e+00
0.000000000000000000e+00
2.212712786904588724e-02
0.000000000000000000e+00
0.000000000000000000e+00
1.782883858890565304e-02
2.741813173290242461e-03
2.741813173290242461e-03
2.741813173290242461e-03
2.741813173290242461e-03
2.741813173290242461e-03
2.741813173290242461e-03
2.741813173290242461e-03
2.741813173290242461e-03
2.741813173290242461e-03
1.782883858890565304e-02
6.810328071359354231e-03
6.810328071359354231e-03
6.810328071359354231e-03
6.810328071359354231e-03
6.810328071359354231e-03
6.810328071359354231e-03
6.810328071359354231e-03
6.810328071359354231e-03
6.810328071359354231e-03
6.810328071359354231e-03
6.810328071359354231e-03
0.000000000000000000e+00
1.232932006917881497e-02
7.016343173743846105e-03
7.016343173743846105e-03
7.016343173743846105e-03
7.016343173743846105e-03
7.016343173743846105e-03
7.016343173743846105e-03
1.970949016103768978e-02
1.246867768000821820e-03
1.246867768000821820e-03
1.246867768000821820e-03
1.246867768000821820e-03
1.246867768000821820e-03
1.246867768000821820e-03
1.246867768000821820e-03
1.246867768000821820e-03
0.000000000000000000e+00
4.928239618232251040e-03
4.928239618232251040e-03
4.928239618232251040e-03
4.928239618232251040e-03
4.928239618232251040e-03
4.928239618232251040e-03
4.928239618232251040e-03
4.928239618232251040e-03
8.984340210611300916e-04
5.818376245483766231e-03
5.818376245483766231e-03
5.818376245483766231e-03
5.818376245483766231e-03
5.818376245483766231e-03
5.818376245483766231e-03
5.818376245483766231e-03
5.818376245483766231e-03
1.994355344348180611e-02
2.630042573210526757e-03
3.733530406454940546e-03
3.733530406454940546e-03
3.733530406454940546e-03
3.733530406454940546e-03
0.000000000000000000e+00
2.229710801276523283e-02
2.229710801276523283e-02
2.229710801276523283e-02
2.229710801276523283e-02
2.229710801276523283e-02
2.229710801276523283e-02
2.229710801276523283e-02
4.991209148757896549e-03
1.111463376141840799e-02
1.111463376141840799e-02
1.111463376141840799e-02
1.111463376141840799e-02
1.111463376141840799e-02
1.111463376141840799e-02
1.111463376141840799e-02
1.111463376141840799e-02
1.111463376141840799e-02
1.111463376141840799e-02
1.111463376141840799e-02
1.111463376141840799e-02
6.319829656105764235e-04
6.319829656105764235e-04
6.319829656105764235e-04
6.319829656105764235e-04
6.319829656105764235e-04
6.319829656105764235e-04
6.319829656105764235e-04
6.319829656105764235e-04
6.319829656105764235e-04
6.319829656105764235e-04
6.319829656105764235e-04
6.319829656105764235e-04
6.319829656105764235e-04
2.423307704832866095e-03
2.423307704832866095e-03
2.423307704832866095e-03
2.423307704832866095e-03
2.423307704832866095e-03
2.423307704832866095e-03
2.423307704832866095e-03
2.423307704832866095e-03
2.423307704832866095e-03
2.423307704832866095e-03
2.423307704832866095e-03
4.307077819920737682e-02
4.307077819920737682e-02
4.307077819920737682e-02
4.307077819920737682e-02
4.307077819920737682e-02
4.307077819920737682e-02
4.307077819920737682e-02
4.307077819920737682e-02
4.307077819920737682e-02
4.307077819920737682e-02
4.307077819920737682e-02
4.307077819920737682e-02
4.307077819920737682e-02
4.602628371988495143e-02
0.000000000000000000e+00
0.000000000000000000e+00
0.000000000000000000e+00
4.493240420106610865e-03
1.012840951963302726e-02
1.012840951963302726e-02
2.188096726860036534e-02
7.284907889975697493e-03
9.610966797285748139e-03
0.000000000000000000e+00
0.000000000000000000e+00
0.000000000000000000e+00
0.000000000000000000e+00
1.384809009589081825e-02
1.289563920861720552e-02
1.289563920861720552e-02
1.289563920861720552e-02
1.289563920861720552e-02
1.289563920861720552e-02
1.289563920861720552e-02
1.289563920861720552e-02
1.289563920861720552e-02
4.064308955546782308e-03
6.109254813578353285e-04
6.109254813578353285e-04
6.109254813578353285e-04
6.109254813578353285e-04
1.562627862883703752e-03
1.684954567866064901e-01
1.684954567866064901e-01
1.684954567866064901e-01
1.684954567866064901e-01
1.684954567866064901e-01
1.684954567866064901e-01
1.684954567866064901e-01
1.684954567866064901e-01
0.000000000000000000e+00
0.000000000000000000e+00
0.000000000000000000e+00
0.000000000000000000e+00
0.000000000000000000e+00
0.000000000000000000e+00
0.000000000000000000e+00
0.000000000000000000e+00
0.000000000000000000e+00
5.127194892637739398e-04
5.127194892637739398e-04
5.127194892637739398e-04
5.127194892637739398e-04
5.127194892637739398e-04
5.127194892637739398e-04
5.127194892637739398e-04
5.127194892637739398e-04
5.127194892637739398e-04
5.127194892637739398e-04
5.127194892637739398e-04
1.134112018417363608e-02
9.842024837536727036e-03
9.842024837536727036e-03
9.842024837536727036e-03
9.842024837536727036e-03
9.330619885940064431e-03
9.330619885940064431e-03
1.686555751280824616e-03
1.686555751280824616e-03
1.686555751280824616e-03
1.686555751280824616e-03
1.686555751280824616e-03
1.686555751280824616e-03
1.686555751280824616e-03
1.686555751280824616e-03
1.686555751280824616e-03
1.686555751280824616e-03
1.686555751280824616e-03
1.686555751280824616e-03
1.686555751280824616e-03
1.301530482783457433e-04
1.435891611002773453e-02
1.435891611002773453e-02
0.000000000000000000e+00
0.000000000000000000e+00
0.000000000000000000e+00
3.192959062530982117e-03
1.527346398987608489e-02
1.527346398987608489e-02
1.325850366530897245e-02
7.161230447918711869e-03
6.675106433636322258e-03
6.675106433636322258e-03
6.675106433636322258e-03
7.161230447918711869e-03
7.161230447918711869e-03
3.366655492301267108e-03
6.820733611072585592e-03
6.820733611072585592e-03
6.820733611072585592e-03
6.820733611072585592e-03
6.820733611072585592e-03
6.820733611072585592e-03
3.486980953676563355e-02
2.596865107521981533e-02
0.000000000000000000e+00
0.000000000000000000e+00
0.000000000000000000e+00
1.516540236806649712e-02
5.818835777833599246e-03
5.818835777833599246e-03
5.818835777833599246e-03
5.818835777833599246e-03
5.818835777833599246e-03
5.818835777833599246e-03
5.818835777833599246e-03
5.818835777833599246e-03
5.818835777833599246e-03
5.818835777833599246e-03
4.313446805338946172e-02
1.906827859913107909e-02
1.906827859913107909e-02
1.906827859913107909e-02
1.906827859913107909e-02
7.025525145613146019e-03
6.813478339108718952e-03
6.813478339108718952e-03
9.267348945987715150e-03
4.593428135410223927e-03
4.593428135410223927e-03
4.593428135410223927e-03
4.593428135410223927e-03
4.593428135410223927e-03
4.593428135410223927e-03
4.593428135410223927e-03
4.593428135410223927e-03
6.181445765718680124e-03
6.181445765718680124e-03
6.181445765718680124e-03
6.181445765718680124e-03
6.181445765718680124e-03
6.181445765718680124e-03
6.181445765718680124e-03
6.181445765718680124e-03
6.181445765718680124e-03
6.181445765718680124e-03
6.181445765718680124e-03
6.181445765718680124e-03
6.181445765718680124e-03
1.634756303640079456e-02
1.395802649986042920e-02
1.395802649986042920e-02
1.395802649986042920e-02
3.780076155211183151e-03
3.780076155211183151e-03
3.780076155211183151e-03
3.780076155211183151e-03
3.780076155211183151e-03
3.780076155211183151e-03
3.780076155211183151e-03
3.780076155211183151e-03
3.780076155211183151e-03
3.780076155211183151e-03
3.780076155211183151e-03
3.780076155211183151e-03
3.780076155211183151e-03
7.753550241306301008e-03
2.936056260007267275e-03
2.936056260007267275e-03
2.936056260007267275e-03
2.936056260007267275e-03
1.532745318092859090e-04
4.064308955546782308e-03
4.064308955546782308e-03
4.064308955546782308e-03
1.258993040217130412e-02
1.258993040217130412e-02
1.258993040217130412e-02
1.258993040217130412e-02
1.258993040217130412e-02
1.258993040217130412e-02
1.258993040217130412e-02
1.258993040217130412e-02
1.258993040217130412e-02
1.258993040217130412e-02
1.258993040217130412e-02
0.000000000000000000e+00
3.987310087313713537e-04
3.987310087313713537e-04
3.987310087313713537e-04
3.987310087313713537e-04
3.987310087313713537e-04
3.987310087313713537e-04
3.987310087313713537e-04
3.987310087313713537e-04
3.987310087313713537e-04
3.987310087313713537e-04
3.987310087313713537e-04
3.987310087313713537e-04
3.987310087313713537e-04
3.987310087313713537e-04
0.000000000000000000e+00
4.171577500904257579e-02
4.171577500904257579e-02
4.171577500904257579e-02
4.171577500904257579e-02
4.171577500904257579e-02
4.171577500904257579e-02
4.171577500904257579e-02
4.171577500904257579e-02
8.984340210611300916e-04
2.364170470369136943e-04
2.364170470369136943e-04
1.050864694417706809e-02
1.707552486749511905e-02
1.707552486749511905e-02
1.707552486749511905e-02
1.707552486749511905e-02
1.707552486749511905e-02
1.707552486749511905e-02
1.707552486749511905e-02
1.707552486749511905e-02
1.707552486749511905e-02
1.707552486749511905e-02
1.707552486749511905e-02
1.707552486749511905e-02
1.707552486749511905e-02
1.707552486749511905e-02
1.707552486749511905e-02
1.707552486749511905e-02
3.114018717461358027e-02
3.157499269717897045e-02
3.157499269717897045e-02
4.890603241061898185e-03
0.000000000000000000e+00
0.000000000000000000e+00
0.000000000000000000e+00
0.000000000000000000e+00
0.000000000000000000e+00
0.000000000000000000e+00
1.399281635876934490e-03
5.087083023432186803e-03
5.087083023432186803e-03
3.016739788297021288e-02
2.222242242384230362e-02
2.222242242384230362e-02
2.222242242384230362e-02
3.264885289503494104e-02
1.443660159813898048e-03
1.443660159813898048e-03
1.443660159813898048e-03
1.443660159813898048e-03
1.443660159813898048e-03
1.443660159813898048e-03
1.443660159813898048e-03
1.443660159813898048e-03
1.443660159813898048e-03
1.443660159813898048e-03
1.443660159813898048e-03
1.443660159813898048e-03
1.443660159813898048e-03
1.443660159813898048e-03
1.443660159813898048e-03
1.443660159813898048e-03
2.681905127908304834e-02
2.681905127908304834e-02
2.681905127908304834e-02
2.681905127908304834e-02
2.681905127908304834e-02
2.681905127908304834e-02
2.681905127908304834e-02
2.681905127908304834e-02
2.681905127908304834e-02
2.681905127908304834e-02
2.681905127908304834e-02
4.513370223495476521e-03
4.513370223495476521e-03
4.513370223495476521e-03
4.513370223495476521e-03
4.513370223495476521e-03
2.104752752881796155e-02
2.799340705353148273e-03
2.799340705353148273e-03
2.799340705353148273e-03
2.799340705353148273e-03
2.799340705353148273e-03
2.799340705353148273e-03
2.799340705353148273e-03
2.799340705353148273e-03
0.000000000000000000e+00
0.000000000000000000e+00
0.000000000000000000e+00
0.000000000000000000e+00
0.000000000000000000e+00
0.000000000000000000e+00
0.000000000000000000e+00
0.000000000000000000e+00
0.000000000000000000e+00
0.000000000000000000e+00
0.000000000000000000e+00
3.449168811872343945e-03
1.708295312225847906e-02
1.708295312225847906e-02
1.708295312225847906e-02
1.708295312225847906e-02
1.708295312225847906e-02
1.708295312225847906e-02
9.156181612689356930e-03
9.156181612689356930e-03
9.156181612689356930e-03
9.156181612689356930e-03
9.156181612689356930e-03
9.156181612689356930e-03
9.156181612689356930e-03
9.156181612689356930e-03
9.156181612689356930e-03
9.156181612689356930e-03
9.156181612689356930e-03
1.215487159019345079e-02
1.215487159019345079e-02
1.215487159019345079e-02
1.215487159019345079e-02
1.215487159019345079e-02
1.215487159019345079e-02
1.215487159019345079e-02
1.215487159019345079e-02
1.215487159019345079e-02
1.215487159019345079e-02
1.215487159019345079e-02
1.215487159019345079e-02
1.215487159019345079e-02
1.215487159019345079e-02
1.215487159019345079e-02
2.000533646585741631e-03
1.475299294084782969e-02
1.475299294084782969e-02
1.679561745839090389e-02
1.273010473592522084e-02
1.273010473592522084e-02
1.273010473592522084e-02
0.000000000000000000e+00
0.000000000000000000e+00
0.000000000000000000e+00
5.339429652173083470e-04
5.339429652173083470e-04
5.339429652173083470e-04
5.339429652173083470e-04
5.339429652173083470e-04
5.339429652173083470e-04
5.339429652173083470e-04
5.339429652173083470e-04
5.339429652173083470e-04
5.339429652173083470e-04
5.339429652173083470e-04
3.553792942686017416e-04
3.553792942686017416e-04
3.553792942686017416e-04
3.553792942686017416e-04
3.553792942686017416e-04
3.553792942686017416e-04
0.000000000000000000e+00
0.000000000000000000e+00
0.000000000000000000e+00
0.000000000000000000e+00
1.316381526958077496e-02
2.274620550817708919e-03
2.274620550817708919e-03
2.274620550817708919e-03
2.274620550817708919e-03
2.274620550817708919e-03
2.274620550817708919e-03
4.154566377661654715e-03
6.336849415523833524e-03
6.336849415523833524e-03
6.336849415523833524e-03
6.336849415523833524e-03
6.336849415523833524e-03
0.000000000000000000e+00
0.000000000000000000e+00
0.000000000000000000e+00
0.000000000000000000e+00
0.000000000000000000e+00
0.000000000000000000e+00
0.000000000000000000e+00
6.924065197123192850e-03
6.924065197123192850e-03
6.924065197123192850e-03
6.924065197123192850e-03
6.924065197123192850e-03
6.924065197123192850e-03
6.924065197123192850e-03
6.924065197123192850e-03
6.924065197123192850e-03
6.924065197123192850e-03
6.924065197123192850e-03
5.708315204436051685e-03
5.708315204436051685e-03
5.708315204436051685e-03
5.708315204436051685e-03
5.708315204436051685e-03
5.708315204436051685e-03
5.708315204436051685e-03
5.708315204436051685e-03
5.708315204436051685e-03
5.708315204436051685e-03
5.708315204436051685e-03
2.655341059227200808e-04
2.655341059227200808e-04
2.655341059227200808e-04
2.655341059227200808e-04
2.655341059227200808e-04
2.655341059227200808e-04
2.655341059227200808e-04
2.655341059227200808e-04
1.180196652752866886e-02
7.953488040355349148e-03
7.953488040355349148e-03
7.953488040355349148e-03
7.953488040355349148e-03
7.953488040355349148e-03
7.953488040355349148e-03
7.953488040355349148e-03
7.953488040355349148e-03
1.399281635876934490e-03
1.399281635876934490e-03
1.399281635876934490e-03
1.399281635876934490e-03
1.399281635876934490e-03
1.399281635876934490e-03
1.399281635876934490e-03
1.399281635876934490e-03
1.399281635876934490e-03
1.399281635876934490e-03
1.399281635876934490e-03
1.464097068381934631e-02
1.412612378070005753e-02
1.412612378070005753e-02
6.905243132517138033e-03
6.905243132517138033e-03
1.693172622400158922e-02
4.711691939700409122e-03
4.711691939700409122e-03
4.711691939700409122e-03
4.711691939700409122e-03
0.000000000000000000e+00
0.000000000000000000e+00
0.000000000000000000e+00
0.000000000000000000e+00
0.000000000000000000e+00
0.000000000000000000e+00
0.000000000000000000e+00
0.000000000000000000e+00
0.000000000000000000e+00
6.027859526322985190e-03
4.095317751509973403e-03
4.095317751509973403e-03
4.095317751509973403e-03
2.566766212767392433e-02
2.464327084358583150e-02
2.464327084358583150e-02
2.464327084358583150e-02
2.464327084358583150e-02
2.464327084358583150e-02
2.464327084358583150e-02
2.464327084358583150e-02
2.464327084358583150e-02
9.426628916511367931e-03
4.599573206305220680e-02
4.599573206305220680e-02
2.772271856751528860e-02
4.261785396592020214e-03
4.261785396592020214e-03
4.261785396592020214e-03
4.261785396592020214e-03
4.261785396592020214e-03
4.261785396592020214e-03
4.261785396592020214e-03
4.261785396592020214e-03
2.511115287815471071e-03
2.511115287815471071e-03
2.511115287815471071e-03
2.511115287815471071e-03
2.511115287815471071e-03
2.511115287815471071e-03
4.356895786434659967e-03
4.356895786434659967e-03
4.356895786434659967e-03
4.356895786434659967e-03
4.356895786434659967e-03
4.356895786434659967e-03
4.356895786434659967e-03
4.356895786434659967e-03
4.356895786434659967e-03
4.356895786434659967e-03
4.356895786434659967e-03
1.076291190324080681e-02
2.734186327429945912e-02
2.734186327429945912e-02
2.734186327429945912e-02
2.734186327429945912e-02
2.734186327429945912e-02
2.734186327429945912e-02
2.734186327429945912e-02
2.734186327429945912e-02
2.734186327429945912e-02
2.734186327429945912e-02
2.734186327429945912e-02
2.734186327429945912e-02
1.046138905895759724e-03
2.313826432489527601e-02
2.313826432489527601e-02
2.313826432489527601e-02
2.313826432489527601e-02
2.313826432489527601e-02
2.313826432489527601e-02
2.313826432489527601e-02
2.313826432489527601e-02
3.817945517793360378e-03
2.453540390794307913e-02
1.149182398289691313e-02
1.149182398289691313e-02
1.149182398289691313e-02
1.149182398289691313e-02
0.000000000000000000e+00
0.000000000000000000e+00
2.495075753333936275e-03
3.920161734175886883e-03
3.920161734175886883e-03
3.920161734175886883e-03
3.920161734175886883e-03
3.920161734175886883e-03
3.920161734175886883e-03
3.920161734175886883e-03
3.920161734175886883e-03
0.000000000000000000e+00
2.569275086261455215e-03
1.332392116831176282e-02
1.977704549477717066e-03
1.977704549477717066e-03
1.456690428972869968e-02
1.305254189348043804e-02
1.305254189348043804e-02
1.305254189348043804e-02
2.215196938582431746e-02
4.227083909563018188e-02
4.227083909563018188e-02
4.227083909563018188e-02
4.227083909563018188e-02
2.503570072770365182e-02
3.265188487171768669e-03
3.265188487171768669e-03
3.265188487171768669e-03
3.265188487171768669e-03
3.265188487171768669e-03
2.162567389306479029e-02
1.508295327559277740e-02
1.508295327559277740e-02
1.508295327559277740e-02
1.508295327559277740e-02
1.508295327559277740e-02
1.508295327559277740e-02
1.508295327559277740e-02
1.508017119568591524e-02
1.508017119568591524e-02
8.013037782467724926e-03
5.406353143106861457e-03
5.406353143106861457e-03
5.406353143106861457e-03
5.406353143106861457e-03
5.406353143106861457e-03
5.406353143106861457e-03
2.777069265000400595e-03
5.313148359991831660e-02
5.313148359991831660e-02
1.046004313242301052e-02
1.046004313242301052e-02
1.046004313242301052e-02
8.678098916107577360e-03
1.046004313242301052e-02
1.046004313242301052e-02
1.046004313242301052e-02
1.046004313242301052e-02
1.046004313242301052e-02
1.046004313242301052e-02
1.046004313242301052e-02
1.756806324464430663e-02
1.756806324464430663e-02
1.756806324464430663e-02
1.756806324464430663e-02
1.756806324464430663e-02
1.756806324464430663e-02
1.756806324464430663e-02
1.756806324464430663e-02
1.756806324464430663e-02
1.756806324464430663e-02
1.756806324464430663e-02
1.756806324464430663e-02
1.756806324464430663e-02
1.756806324464430663e-02
1.756806324464430663e-02
1.435852245250175165e-02
2.855449105345746891e-02
2.855449105345746891e-02
2.855449105345746891e-02
2.855449105345746891e-02
2.855449105345746891e-02
2.855449105345746891e-02
1.574392401821088968e-03
1.574392401821088968e-03
1.574392401821088968e-03
1.574392401821088968e-03
1.574392401821088968e-03
1.574392401821088968e-03
1.574392401821088968e-03
1.574392401821088968e-03
1.574392401821088968e-03
1.574392401821088968e-03
1.574392401821088968e-03
1.574392401821088968e-03
1.574392401821088968e-03
1.431068062475819580e-02
1.431068062475819580e-02
1.880337339247857174e-03
1.873408379096666186e-03
1.873408379096666186e-03
1.873408379096666186e-03
0.000000000000000000e+00
0.000000000000000000e+00
0.000000000000000000e+00
8.247979609163239934e-04
3.118722382717058553e-02
3.118722382717058553e-02
3.118722382717058553e-02
3.118722382717058553e-02
3.118722382717058553e-02
3.118722382717058553e-02
7.832563714302106031e-03
7.832563714302106031e-03
7.832563714302106031e-03
7.832563714302106031e-03
7.832563714302106031e-03
7.832563714302106031e-03
1.266594371902841562e-02
6.337295976119154857e-03
2.546867961134417421e-02
2.546867961134417421e-02
2.546867961134417421e-02
2.546867961134417421e-02
2.546867961134417421e-02
2.546867961134417421e-02
2.546867961134417421e-02
2.546867961134417421e-02
2.546867961134417421e-02
2.546867961134417421e-02
2.546867961134417421e-02
2.546867961134417421e-02
1.609111839149315881e-02
3.396216271565148485e-03
3.396216271565148485e-03
3.396216271565148485e-03
3.396216271565148485e-03
3.396216271565148485e-03
3.396216271565148485e-03
3.396216271565148485e-03
3.396216271565148485e-03
2.786012341650335317e-02
2.786012341650335317e-02
2.786012341650335317e-02
2.786012341650335317e-02
0.000000000000000000e+00
0.000000000000000000e+00
0.000000000000000000e+00
2.040880106892115423e-02
2.040880106892115423e-02
2.040880106892115423e-02
2.040880106892115423e-02
2.040880106892115423e-02
2.040880106892115423e-02
2.040880106892115423e-02
2.040880106892115423e-02
2.040880106892115423e-02
2.040880106892115423e-02
2.040880106892115423e-02
2.040880106892115423e-02
2.040880106892115423e-02
2.040880106892115423e-02
1.687736370129512900e-02
2.040880106892115423e-02
3.303136867995167848e-03
7.501006726827591335e-03
7.501006726827591335e-03
0.000000000000000000e+00
0.000000000000000000e+00
0.000000000000000000e+00
0.000000000000000000e+00
0.000000000000000000e+00
0.000000000000000000e+00
0.000000000000000000e+00
8.032731582748853932e-03
8.032731582748853932e-03
8.032731582748853932e-03
8.032731582748853932e-03
8.032731582748853932e-03
8.032731582748853932e-03
1.843434484215635341e-02
1.493706592166447154e-02
1.493706592166447154e-02
2.735502566907063726e-03
1.342589973789542514e-02
1.342589973789542514e-02
1.342589973789542514e-02
1.129195327903930249e-02
1.129195327903930249e-02
1.129195327903930249e-02
1.129195327903930249e-02
1.129195327903930249e-02
1.129195327903930249e-02
1.129195327903930249e-02
1.129195327903930249e-02
1.129195327903930249e-02
1.129195327903930249e-02
1.129195327903930249e-02
1.129195327903930249e-02
1.129195327903930249e-02
1.363373125471485474e-02
3.266856149318795449e-03
3.266856149318795449e-03
3.266856149318795449e-03
3.266856149318795449e-03
3.266856149318795449e-03
3.266856149318795449e-03
1.168125962274739168e-03
1.168125962274739168e-03
1.168125962274739168e-03
1.168125962274739168e-03
1.168125962274739168e-03
1.168125962274739168e-03
1.168125962274739168e-03
1.168125962274739168e-03
1.168125962274739168e-03
1.168125962274739168e-03
3.619162834567792031e-02
7.221607075819968038e-03
7.221607075819968038e-03
7.221607075819968038e-03
7.221607075819968038e-03
7.221607075819968038e-03
7.221607075819968038e-03
7.221607075819968038e-03
7.221607075819968038e-03
7.221607075819968038e-03
7.221607075819968038e-03
7.221607075819968038e-03
3.943755004086955777e-03
3.943755004086955777e-03
3.943755004086955777e-03
3.943755004086955777e-03
3.943755004086955777e-03
3.943755004086955777e-03
0.000000000000000000e+00
0.000000000000000000e+00
0.000000000000000000e+00
0.000000000000000000e+00
1.999239694068447037e-02
1.999239694068447037e-02
1.999239694068447037e-02
1.999239694068447037e-02
1.999239694068447037e-02
1.999239694068447037e-02
1.786378401295347570e-02
2.810791221923452168e-02
2.810791221923452168e-02
3.439992729262936894e-02
3.439992729262936894e-02
3.439992729262936894e-02
3.439992729262936894e-02
9.875856852281863704e-03
1.472672927213554417e-02
1.472672927213554417e-02
1.472672927213554417e-02
1.472672927213554417e-02
1.472672927213554417e-02
1.472672927213554417e-02
1.472672927213554417e-02
1.472672927213554417e-02
0.000000000000000000e+00
0.000000000000000000e+00
0.000000000000000000e+00
0.000000000000000000e+00
0.000000000000000000e+00
0.000000000000000000e+00
0.000000000000000000e+00
0.000000000000000000e+00
0.000000000000000000e+00
0.000000000000000000e+00
3.691625319562671925e-02
3.691625319562671925e-02
3.685016743202226136e-02
1.113705416180998074e-02
1.113705416180998074e-02
1.113705416180998074e-02
1.113705416180998074e-02
1.113705416180998074e-02
1.113705416180998074e-02
1.113705416180998074e-02
1.113705416180998074e-02
7.252220501673986672e-05
8.935095902971076920e-03
8.935095902971076920e-03
4.367023102292108203e-03
0.000000000000000000e+00
4.367023102292108203e-03
4.367023102292108203e-03
4.367023102292108203e-03
4.367023102292108203e-03
4.367023102292108203e-03
4.367023102292108203e-03
4.367023102292108203e-03
0.000000000000000000e+00
6.437506134863031290e-03
6.437506134863031290e-03
6.437506134863031290e-03
6.437506134863031290e-03
6.437506134863031290e-03
6.437506134863031290e-03
6.437506134863031290e-03
6.437506134863031290e-03
6.437506134863031290e-03
6.437506134863031290e-03
6.437506134863031290e-03
7.889967943959946134e-03
7.889967943959946134e-03
7.889967943959946134e-03
7.889967943959946134e-03
7.889967943959946134e-03
7.889967943959946134e-03
7.889967943959946134e-03
7.889967943959946134e-03
7.889967943959946134e-03
7.889967943959946134e-03
7.889967943959946134e-03
7.889967943959946134e-03
7.889967943959946134e-03
7.889967943959946134e-03
7.889967943959946134e-03
0.000000000000000000e+00
2.760693035604212114e-02
2.760693035604212114e-02
2.760693035604212114e-02
2.760693035604212114e-02
2.760693035604212114e-02
2.760693035604212114e-02
2.760693035604212114e-02
2.760693035604212114e-02
2.760693035604212114e-02
2.760693035604212114e-02
0.000000000000000000e+00
0.000000000000000000e+00
6.966627506880586525e-03
3.725643029625604324e-03
3.725643029625604324e-03
3.725643029625604324e-03
3.725643029625604324e-03
3.725643029625604324e-03
3.725643029625604324e-03
1.143270791063003781e-03
9.792926200874437284e-03
9.792926200874437284e-03
9.792926200874437284e-03
9.792926200874437284e-03
9.792926200874437284e-03
9.792926200874437284e-03
9.792926200874437284e-03
9.792926200874437284e-03
9.792926200874437284e-03
9.792926200874437284e-03
9.792926200874437284e-03
9.792926200874437284e-03
0.000000000000000000e+00
0.000000000000000000e+00
0.000000000000000000e+00
0.000000000000000000e+00
0.000000000000000000e+00
1.018742886267577120e-02
1.516157168358958814e-02
1.516157168358958814e-02
1.516157168358958814e-02
1.516157168358958814e-02
1.516157168358958814e-02
1.516157168358958814e-02
8.287452923581819370e-03
5.667396448425324543e-03
5.667396448425324543e-03
5.777447459626289944e-03
5.777447459626289944e-03
5.777447459626289944e-03
5.777447459626289944e-03
5.777447459626289944e-03
5.777447459626289944e-03
5.777447459626289944e-03
5.777447459626289944e-03
0.000000000000000000e+00
0.000000000000000000e+00
9.875856852281863704e-03
1.608167190408691868e-02
1.608167190408691868e-02
1.608167190408691868e-02
1.608167190408691868e-02
5.765780539339842399e-04
9.818691597927153153e-03
5.765780539339842399e-04
5.765780539339842399e-04
5.765780539339842399e-04
6.461393895798193607e-03
9.818691597927153153e-03
9.603279953186945328e-03
1.199734963550098781e-02
1.199734963550098781e-02
1.199734963550098781e-02
1.199734963550098781e-02
1.199734963550098781e-02
1.199734963550098781e-02
1.883552367216558953e-03
1.257138640461604069e-02
6.461393895798193607e-03
6.461393895798193607e-03
6.461393895798193607e-03
6.461393895798193607e-03
6.461393895798193607e-03
6.461393895798193607e-03
0.000000000000000000e+00
1.370985247129728746e-02
1.370985247129728746e-02
5.558499859638960441e-03
5.731694499758883433e-03
5.731694499758883433e-03
5.731694499758883433e-03
5.731694499758883433e-03
5.731694499758883433e-03
5.731694499758883433e-03
5.731694499758883433e-03
5.731694499758883433e-03
8.036454661203874805e-03
1.609303114498758513e-02
1.609303114498758513e-02
1.609303114498758513e-02
1.609303114498758513e-02
1.609303114498758513e-02
1.609303114498758513e-02
3.501004010959778059e-03
3.501004010959778059e-03
3.501004010959778059e-03
3.501004010959778059e-03
3.501004010959778059e-03
3.501004010959778059e-03
3.501004010959778059e-03
3.501004010959778059e-03
2.410941931693228943e-02
1.081698464191093757e-02
1.081698464191093757e-02
1.006089077137325332e-03
4.467142349155611876e-03
4.467142349155611876e-03
1.548255355978129730e-02
1.170094844544409575e-02
1.170094844544409575e-02
1.170094844544409575e-02
1.170094844544409575e-02
1.170094844544409575e-02
0.000000000000000000e+00
3.438035903564549967e-02
3.438035903564549967e-02
4.053838193807524429e-03
4.053838193807524429e-03
4.053838193807524429e-03
4.053838193807524429e-03
4.053838193807524429e-03
4.053838193807524429e-03
4.053838193807524429e-03
4.053838193807524429e-03
4.053838193807524429e-03
4.053838193807524429e-03
4.053838193807524429e-03
4.053838193807524429e-03
4.053838193807524429e-03
4.053838193807524429e-03
4.053838193807524429e-03
4.053838193807524429e-03
4.053838193807524429e-03
6.781128476051005716e-02
1.569293815594524980e-02
1.569293815594524980e-02
1.569293815594524980e-02
1.569293815594524980e-02
1.569293815594524980e-02
1.569293815594524980e-02
1.569293815594524980e-02
1.569293815594524980e-02
1.108835696514818333e-03
3.669600619627978451e-04
3.669600619627978451e-04
3.669600619627978451e-04
3.669600619627978451e-04
3.669600619627978451e-04
3.669600619627978451e-04
1.295502308064488961e-02
1.295502308064488961e-02
1.295502308064488961e-02
1.295502308064488961e-02
1.295502308064488961e-02
1.295502308064488961e-02
0.000000000000000000e+00
0.000000000000000000e+00
0.000000000000000000e+00
0.000000000000000000e+00
0.000000000000000000e+00
3.475046316546304831e-02
1.639662141014193789e-02
1.639662141014193789e-02
1.639662141014193789e-02
1.639662141014193789e-02
2.358856280911188208e-02
1.394665446222628780e-02
1.394665446222628780e-02
1.394665446222628780e-02
1.394665446222628780e-02
0.000000000000000000e+00
0.000000000000000000e+00
0.000000000000000000e+00
0.000000000000000000e+00
3.274974418218621480e-02
3.274974418218621480e-02
3.274974418218621480e-02
3.274974418218621480e-02
5.678220032482379949e-05
1.060042530682569041e-03
1.060042530682569041e-03
1.060042530682569041e-03
1.060042530682569041e-03
2.494512142076931935e-02
1.767881933681554607e-02
1.767881933681554607e-02
1.767881933681554607e-02
1.767881933681554607e-02
1.943139513263662452e-02
1.943139513263662452e-02
9.550384837284445205e-03
0.000000000000000000e+00
0.000000000000000000e+00
0.000000000000000000e+00
0.000000000000000000e+00
0.000000000000000000e+00
0.000000000000000000e+00
1.230706232571892808e-02
7.847731125130862420e-03
7.847731125130862420e-03
7.847731125130862420e-03
7.847731125130862420e-03
7.847731125130862420e-03
7.847731125130862420e-03
0.000000000000000000e+00
2.324395348904630468e-02
2.324395348904630468e-02
2.324395348904630468e-02
2.324395348904630468e-02
2.324395348904630468e-02
2.324395348904630468e-02
2.324395348904630468e-02
2.324395348904630468e-02
2.324395348904630468e-02
1.685655645494627680e-02
1.685655645494627680e-02
1.685655645494627680e-02
1.685655645494627680e-02
1.685655645494627680e-02
1.685655645494627680e-02
1.168331571112416097e-02
1.168331571112416097e-02
1.168331571112416097e-02
1.168331571112416097e-02
2.560510573252209373e-03
7.451035810481880343e-03
2.560510573252209373e-03
2.560510573252209373e-03
2.560510573252209373e-03
2.560510573252209373e-03
2.560510573252209373e-03
7.451035810481880343e-03
7.451035810481880343e-03
7.451035810481880343e-03
0.000000000000000000e+00
0.000000000000000000e+00
0.000000000000000000e+00
0.000000000000000000e+00
0.000000000000000000e+00
0.000000000000000000e+00
0.000000000000000000e+00
2.905826496236073309e-02
8.955771127377786661e-03
8.955771127377786661e-03
8.955771127377786661e-03
8.955771127377786661e-03
8.955771127377786661e-03
8.955771127377786661e-03
0.000000000000000000e+00
3.249007502234928929e-03
1.027555162241038794e-02
1.027555162241038794e-02
1.027555162241038794e-02
1.027555162241038794e-02
1.027555162241038794e-02
1.027555162241038794e-02
4.890603241061898185e-03
4.890603241061898185e-03
4.890603241061898185e-03
4.890603241061898185e-03
4.890603241061898185e-03
4.890603241061898185e-03
7.619485914469254287e-03
7.619485914469254287e-03
7.619485914469254287e-03
2.727851729566291294e-02
2.727851729566291294e-02
2.727851729566291294e-02
2.727851729566291294e-02
2.727851729566291294e-02
2.727851729566291294e-02
2.727851729566291294e-02
2.727851729566291294e-02
2.727851729566291294e-02
2.727851729566291294e-02
2.727851729566291294e-02
2.727851729566291294e-02
2.727851729566291294e-02
2.781064260267117512e-03
3.149240799793528479e-03
3.149240799793528479e-03
3.149240799793528479e-03
3.149240799793528479e-03
3.149240799793528479e-03
3.149240799793528479e-03
3.149240799793528479e-03
3.149240799793528479e-03
1.074129042710047881e-02
4.562841761907751072e-03
4.562841761907751072e-03
4.562841761907751072e-03
4.562841761907751072e-03
4.562841761907751072e-03
4.562841761907751072e-03
4.562841761907751072e-03
4.562841761907751072e-03
4.562841761907751072e-03
4.562841761907751072e-03
9.267348945987715150e-03
9.267348945987715150e-03
9.267348945987715150e-03
9.267348945987715150e-03
7.753550241306301008e-03
7.753550241306301008e-03
7.753550241306301008e-03
7.753550241306301008e-03
7.753550241306301008e-03
7.753550241306301008e-03
7.753550241306301008e-03
7.753550241306301008e-03
7.753550241306301008e-03
7.753550241306301008e-03
7.753550241306301008e-03
7.753550241306301008e-03
2.345521767935477772e-02
2.936225659592994752e-02
2.936225659592994752e-02
2.936225659592994752e-02
2.936225659592994752e-02
2.936225659592994752e-02
2.936225659592994752e-02
2.936225659592994752e-02
2.936225659592994752e-02
1.101286155372512010e-02
2.071832609408151126e-03
2.071832609408151126e-03
2.071832609408151126e-03
2.071832609408151126e-03
2.071832609408151126e-03
2.071832609408151126e-03
2.071832609408151126e-03
2.071832609408151126e-03
2.071832609408151126e-03
2.071832609408151126e-03
6.069411894610125813e-03
1.276807886001840239e-02
1.276807886001840239e-02
2.905826496236073309e-02
1.410755220442313357e-02
1.410755220442313357e-02
1.462603013544340989e-02
1.462603013544340989e-02
8.287452923581819370e-03
1.462603013544340989e-02
1.810891930466528021e-02
2.858635734595741176e-02
2.858635734595741176e-02
7.966064073999863659e-03
7.966064073999863659e-03
7.966064073999863659e-03
7.966064073999863659e-03
7.966064073999863659e-03
7.966064073999863659e-03
7.966064073999863659e-03
7.966064073999863659e-03
2.569185573087658797e-03
4.856792328300749834e-03
4.856792328300749834e-03
4.856792328300749834e-03
4.856792328300749834e-03
2.009524958949673867e-02
2.384240400310640683e-03
3.973867898346058851e-03
3.973867898346058851e-03
3.973867898346058851e-03
3.973867898346058851e-03
3.973867898346058851e-03
3.973867898346058851e-03
1.400275010298715483e-02
1.901227712424101088e-02
1.901227712424101088e-02
1.901227712424101088e-02
1.901227712424101088e-02
1.901227712424101088e-02
1.901227712424101088e-02
1.901227712424101088e-02
1.901227712424101088e-02
1.901227712424101088e-02
1.901227712424101088e-02
1.901227712424101088e-02
1.901227712424101088e-02
1.901227712424101088e-02
1.901227712424101088e-02
1.080935027433808059e-02
1.456839419397027227e-02
1.456839419397027227e-02
1.456839419397027227e-02
1.456839419397027227e-02
1.456839419397027227e-02
1.456839419397027227e-02
1.456839419397027227e-02
1.456839419397027227e-02
1.449500116885198836e-02
2.324453968823323932e-02
2.324453968823323932e-02
2.324453968823323932e-02
1.101286155372512010e-02
3.685016743202226136e-02
3.685016743202226136e-02
3.685016743202226136e-02
4.602628371988495143e-02
4.602628371988495143e-02
9.438283702293183029e-04
0.000000000000000000e+00
0.000000000000000000e+00
2.057511643875692495e-03
6.069411894610125813e-03
0.000000000000000000e+00
0.000000000000000000e+00
0.000000000000000000e+00
1.182128711024889420e-04
7.731574898800827773e-03
7.731574898800827773e-03
4.488038315190030075e-03
3.249007502234928929e-03
3.249007502234928929e-03
3.249007502234928929e-03
1.981075819862942664e-02
9.426628916511367931e-03
9.426628916511367931e-03
9.426628916511367931e-03
9.426628916511367931e-03
9.426628916511367931e-03
9.426628916511367931e-03
9.426628916511367931e-03
9.426628916511367931e-03
9.426628916511367931e-03
9.426628916511367931e-03
9.426628916511367931e-03
9.426628916511367931e-03
9.426628916511367931e-03
8.287452923581819370e-03
4.202219382709383375e-03
1.920467738386729892e-02
1.920467738386729892e-02
6.486574724938997012e-03
6.486574724938997012e-03
6.486574724938997012e-03
6.486574724938997012e-03
6.486574724938997012e-03
6.486574724938997012e-03
6.486574724938997012e-03
6.486574724938997012e-03
6.486574724938997012e-03
6.486574724938997012e-03
6.486574724938997012e-03
5.133747008849942617e-03
3.973381867094075148e-03
3.973381867094075148e-03
2.358856280911188208e-02
3.610816286065238103e-03
3.610816286065238103e-03
3.610816286065238103e-03
3.610816286065238103e-03
3.610816286065238103e-03
3.610816286065238103e-03
4.590009162635446706e-03
7.257537993612273725e-04
7.257537993612273725e-04
7.257537993612273725e-04
1.317935381149522821e-02
1.292191943525132329e-02
1.292191943525132329e-02
1.292191943525132329e-02
1.292191943525132329e-02
1.292191943525132329e-02
1.292191943525132329e-02
1.292191943525132329e-02
1.292191943525132329e-02
2.596067394094036043e-02
8.268652921538669626e-03
8.268652921538669626e-03
8.268652921538669626e-03
8.268652921538669626e-03
8.268652921538669626e-03
8.268652921538669626e-03
8.268652921538669626e-03
8.268652921538669626e-03
2.732662310303770464e-02
4.086526237283083507e-02
4.086526237283083507e-02
4.086526237283083507e-02
4.086526237283083507e-02
4.086526237283083507e-02
4.086526237283083507e-02
4.086526237283083507e-02
4.086526237283083507e-02
4.086526237283083507e-02
4.086526237283083507e-02
1.148042100142598540e-02
1.284288493333078348e-03
1.284288493333078348e-03
1.284288493333078348e-03
1.284288493333078348e-03
1.284288493333078348e-03
1.284288493333078348e-03
1.284288493333078348e-03
1.284288493333078348e-03
3.114018717461358027e-02
3.114018717461358027e-02
3.114018717461358027e-02
3.114018717461358027e-02
3.114018717461358027e-02
1.262881846144505750e-02
1.262881846144505750e-02
1.262881846144505750e-02
1.262881846144505750e-02
1.262881846144505750e-02
1.262881846144505750e-02
1.262881846144505750e-02
1.262881846144505750e-02
1.262881846144505750e-02
1.262881846144505750e-02
1.262881846144505750e-02
1.262881846144505750e-02
1.262881846144505750e-02
1.262881846144505750e-02
1.262881846144505750e-02
0.000000000000000000e+00
1.205568211327637859e-03
1.205568211327637859e-03
1.205568211327637859e-03
1.205568211327637859e-03
1.205568211327637859e-03
1.205568211327637859e-03
1.020764370200574582e-02
1.020764370200574582e-02
1.020764370200574582e-02
1.020764370200574582e-02
1.020764370200574582e-02
1.020764370200574582e-02
1.020764370200574582e-02
1.020764370200574582e-02
1.020764370200574582e-02
1.020764370200574582e-02
1.020764370200574582e-02
1.020764370200574582e-02
4.154566377661654715e-03
4.154566377661654715e-03
4.154566377661654715e-03
4.154566377661654715e-03
4.154566377661654715e-03
4.154566377661654715e-03
4.154566377661654715e-03
4.154566377661654715e-03
4.154566377661654715e-03
4.154566377661654715e-03
4.154566377661654715e-03
4.154566377661654715e-03
9.726243768816195470e-03
1.814841624032654047e-02
1.814841624032654047e-02
1.814841624032654047e-02
1.814841624032654047e-02
1.814841624032654047e-02
2.618651999230862601e-03
3.887099382125281267e-03
3.887099382125281267e-03
3.887099382125281267e-03
3.887099382125281267e-03
3.887099382125281267e-03
3.887099382125281267e-03
6.423295796488404617e-03
0.000000000000000000e+00
0.000000000000000000e+00
0.000000000000000000e+00
0.000000000000000000e+00
0.000000000000000000e+00
0.000000000000000000e+00
1.877825437447867146e-02
1.877825437447867146e-02
2.901537595045772591e-02
9.393076643456862648e-03
9.393076643456862648e-03
9.393076643456862648e-03
1.939406673033367001e-02
1.821990092088954238e-02
1.821990092088954238e-02
1.821990092088954238e-02
1.821990092088954238e-02
1.821990092088954238e-02
1.821990092088954238e-02
1.821990092088954238e-02
1.821990092088954238e-02
0.000000000000000000e+00
0.000000000000000000e+00
2.134002484204879438e-02
1.645453400005379360e-02
1.645453400005379360e-02
1.645453400005379360e-02
1.645453400005379360e-02
1.645453400005379360e-02
1.645453400005379360e-02
1.645453400005379360e-02
1.645453400005379360e-02
1.102311712001166101e-02
0.000000000000000000e+00
0.000000000000000000e+00
0.000000000000000000e+00
0.000000000000000000e+00
0.000000000000000000e+00
0.000000000000000000e+00
5.921320607294440312e-03
7.045129623991592573e-03
7.045129623991592573e-03
2.789697764377548420e-02
2.769459402137909587e-02
2.769459402137909587e-02
1.134112018417363608e-02
1.595093275453476553e-02
1.595093275453476553e-02
0.000000000000000000e+00
0.000000000000000000e+00
0.000000000000000000e+00
0.000000000000000000e+00
0.000000000000000000e+00
0.000000000000000000e+00
0.000000000000000000e+00
4.775413024099763731e-02
4.775413024099763731e-02
4.775413024099763731e-02
4.775413024099763731e-02
4.775413024099763731e-02
4.775413024099763731e-02
4.775413024099763731e-02
4.775413024099763731e-02
4.775413024099763731e-02
4.775413024099763731e-02
4.775413024099763731e-02
9.438283702293183029e-04
0.000000000000000000e+00
0.000000000000000000e+00
0.000000000000000000e+00
0.000000000000000000e+00
1.197675799294115745e-02
1.197675799294115745e-02
1.197675799294115745e-02
1.197675799294115745e-02
1.819600138107024812e-02
1.819600138107024812e-02
1.819600138107024812e-02
1.819600138107024812e-02
1.819600138107024812e-02
1.819600138107024812e-02
1.819600138107024812e-02
1.819600138107024812e-02
1.819600138107024812e-02
1.819600138107024812e-02
1.819600138107024812e-02
1.819600138107024812e-02
1.819600138107024812e-02
2.816709255508561931e-03
1.952901507779892729e-02
1.952901507779892729e-02
1.952901507779892729e-02
1.952901507779892729e-02
1.952901507779892729e-02
1.952901507779892729e-02
4.995472802381395634e-03
4.995472802381395634e-03
4.995472802381395634e-03
4.995472802381395634e-03
4.995472802381395634e-03
4.995472802381395634e-03
4.995472802381395634e-03
4.995472802381395634e-03
4.995472802381395634e-03
4.995472802381395634e-03
4.995472802381395634e-03
4.995472802381395634e-03
4.995472802381395634e-03
1.890071996419735246e-03
1.890071996419735246e-03
1.890071996419735246e-03
1.890071996419735246e-03
1.890071996419735246e-03
1.890071996419735246e-03
1.890071996419735246e-03
1.890071996419735246e-03
1.890071996419735246e-03
1.890071996419735246e-03
1.890071996419735246e-03
1.890071996419735246e-03
1.890071996419735246e-03
1.809152454381705508e-02
4.570513667681999972e-03
4.570513667681999972e-03
4.570513667681999972e-03
4.570513667681999972e-03
4.570513667681999972e-03
4.570513667681999972e-03
4.570513667681999972e-03
4.570513667681999972e-03
4.570513667681999972e-03
4.570513667681999972e-03
0.000000000000000000e+00
1.462445573493716816e-02
1.462445573493716816e-02
1.462445573493716816e-02
1.462445573493716816e-02
2.231930871866369751e-02
2.231930871866369751e-02
2.231930871866369751e-02
2.231930871866369751e-02
2.231930871866369751e-02
2.231930871866369751e-02
2.231930871866369751e-02
2.231930871866369751e-02
2.231930871866369751e-02
2.231930871866369751e-02
2.231930871866369751e-02
5.130384078783491002e-03
0.000000000000000000e+00
0.000000000000000000e+00
0.000000000000000000e+00
1.151183846359177905e-03
0.000000000000000000e+00
0.000000000000000000e+00
1.252173056005866439e-02
0.000000000000000000e+00
7.370829704893220582e-04
4.222422372316503997e-03
4.222422372316503997e-03
4.222422372316503997e-03
4.222422372316503997e-03
1.736122804621705387e-02
2.141109861278478466e-02
2.141109861278478466e-02
2.141109861278478466e-02
2.141109861278478466e-02
1.597667824420062914e-03
0.000000000000000000e+00
2.428810830000421687e-03
8.600221946301246255e-04
8.600221946301246255e-04
8.600221946301246255e-04
8.600221946301246255e-04
4.019590819154874326e-04
3.381710226568271967e-03
3.381710226568271967e-03
3.381710226568271967e-03
3.381710226568271967e-03
3.381710226568271967e-03
3.381710226568271967e-03
1.529999207976147184e-02
6.728557121167384747e-03
1.561937534249710014e-03
3.366655492301267108e-03
3.366655492301267108e-03
3.366655492301267108e-03
6.983969525558506898e-03
6.983969525558506898e-03
6.983969525558506898e-03
6.983969525558506898e-03
6.983969525558506898e-03
6.983969525558506898e-03
1.812064850717893735e-02
6.646315325591410465e-03
6.646315325591410465e-03
6.646315325591410465e-03
6.646315325591410465e-03
6.646315325591410465e-03
6.646315325591410465e-03
6.646315325591410465e-03
6.646315325591410465e-03
6.646315325591410465e-03
6.646315325591410465e-03
6.646315325591410465e-03
6.646315325591410465e-03
2.220036270888087887e-03
6.914909236352239329e-03
6.914909236352239329e-03
5.528391654127729100e-03
5.528391654127729100e-03
5.528391654127729100e-03
5.528391654127729100e-03
1.371505701774034663e-02
2.483689940172954802e-02
2.483689940172954802e-02
2.483689940172954802e-02
2.483689940172954802e-02
2.483689940172954802e-02
2.483689940172954802e-02
0.000000000000000000e+00
0.000000000000000000e+00
0.000000000000000000e+00
0.000000000000000000e+00
0.000000000000000000e+00
1.647169889730564288e-02
1.539848773233896961e-02
1.539848773233896961e-02
3.437491996664013283e-02
3.437491996664013283e-02
3.200080822771107867e-03
1.885012076388535227e-02
1.885012076388535227e-02
1.885012076388535227e-02
1.885012076388535227e-02
1.885012076388535227e-02
1.885012076388535227e-02
1.885012076388535227e-02
1.885012076388535227e-02
3.723986615585746316e-03
1.456690428972869968e-02
1.456690428972869968e-02
1.456690428972869968e-02
1.456690428972869968e-02
1.456690428972869968e-02
1.456690428972869968e-02
1.456690428972869968e-02
1.456690428972869968e-02
1.456690428972869968e-02
1.456690428972869968e-02
1.456690428972869968e-02
1.456690428972869968e-02
1.456690428972869968e-02
1.456690428972869968e-02
1.456690428972869968e-02
1.456690428972869968e-02
1.456690428972869968e-02
1.456690428972869968e-02
1.456690428972869968e-02
1.456690428972869968e-02
1.456690428972869968e-02
2.711894293750937053e-03
2.028929765529950691e-02
2.028929765529950691e-02
2.028929765529950691e-02
2.028929765529950691e-02
2.028929765529950691e-02
2.028929765529950691e-02
2.028929765529950691e-02
2.028929765529950691e-02
2.618651999230862601e-03
2.618651999230862601e-03
2.618651999230862601e-03
2.618651999230862601e-03
0.000000000000000000e+00
0.000000000000000000e+00
0.000000000000000000e+00
6.618456400847169685e-03
2.342465540768522494e-02
2.342465540768522494e-02
2.342465540768522494e-02
2.342465540768522494e-02
9.386470715679991889e-03
0.000000000000000000e+00
1.006288247555776200e-01
1.006288247555776200e-01
1.006288247555776200e-01
1.006288247555776200e-01
1.006288247555776200e-01
6.423295796488404617e-03
1.006288247555776200e-01
1.006288247555776200e-01
0.000000000000000000e+00
2.607847901010782940e-02
2.607847901010782940e-02
4.804402540102102950e-03
9.354592312279115876e-03
9.354592312279115876e-03
9.354592312279115876e-03
2.789697764377548420e-02
9.354592312279115876e-03
9.354592312279115876e-03
9.354592312279115876e-03
9.354592312279115876e-03
0.000000000000000000e+00
1.524959084941293619e-02
1.524959084941293619e-02
1.524959084941293619e-02
1.524959084941293619e-02
1.524959084941293619e-02
1.524959084941293619e-02
1.524959084941293619e-02
1.524959084941293619e-02
1.524959084941293619e-02
4.488038315190030075e-03
3.704049363914050427e-03
3.704049363914050427e-03
0.000000000000000000e+00
0.000000000000000000e+00
0.000000000000000000e+00
4.983352711831939667e-03
5.617297669842933987e-03
1.832950386891546782e-02
2.072367349775527424e-03
1.767614436150878598e-02
1.767614436150878598e-02
1.767614436150878598e-02
1.767614436150878598e-02
1.767614436150878598e-02
1.767614436150878598e-02
1.767614436150878598e-02
1.767614436150878598e-02
1.050864694417706809e-02
1.050864694417706809e-02
1.050864694417706809e-02
1.050864694417706809e-02
1.066371981406247366e-01
1.875609843661004859e-04
1.875609843661004859e-04
1.875609843661004859e-04
1.875609843661004859e-04
9.179005643624683561e-03
9.179005643624683561e-03
9.179005643624683561e-03
9.179005643624683561e-03
9.179005643624683561e-03
9.179005643624683561e-03
9.179005643624683561e-03
9.179005643624683561e-03
9.179005643624683561e-03
9.179005643624683561e-03
9.179005643624683561e-03
1.790977390988704107e-02
1.790977390988704107e-02
1.790977390988704107e-02
1.790977390988704107e-02
1.790977390988704107e-02
1.790977390988704107e-02
1.790977390988704107e-02
1.790977390988704107e-02
1.790977390988704107e-02
1.790977390988704107e-02
1.790977390988704107e-02
4.670606764840060099e-03
1.172574061264796894e-02
1.172574061264796894e-02
2.400094216054004300e-03
1.192711689396256172e-02
1.192711689396256172e-02
1.192711689396256172e-02
1.192711689396256172e-02
1.192711689396256172e-02
1.192711689396256172e-02
2.082484304129845771e-03
1.316381526958077496e-02
1.316381526958077496e-02
1.316381526958077496e-02
1.316381526958077496e-02
1.316381526958077496e-02
1.076291190324080681e-02
1.076291190324080681e-02
7.204664032834426357e-02
8.937995500195026685e-03
0.000000000000000000e+00
4.028050265096121130e-02
4.028050265096121130e-02
0.000000000000000000e+00
7.798938965570799148e-04
7.798938965570799148e-04
7.798938965570799148e-04
7.798938965570799148e-04
7.798938965570799148e-04
7.798938965570799148e-04
7.798938965570799148e-04
7.798938965570799148e-04
7.798938965570799148e-04
7.798938965570799148e-04
7.798938965570799148e-04
7.798938965570799148e-04
7.798938965570799148e-04
7.798938965570799148e-04
7.798938965570799148e-04
7.798938965570799148e-04
7.798938965570799148e-04
7.798938965570799148e-04
2.985643084132109763e-03
0.000000000000000000e+00
0.000000000000000000e+00
0.000000000000000000e+00
0.000000000000000000e+00
0.000000000000000000e+00
0.000000000000000000e+00
0.000000000000000000e+00
0.000000000000000000e+00
3.741454949463051544e-02
1.686086438196225321e-02
1.686086438196225321e-02
1.686086438196225321e-02
1.686086438196225321e-02
1.686086438196225321e-02
1.686086438196225321e-02
1.686086438196225321e-02
1.686086438196225321e-02
1.524095479547053972e-04
1.282488295008085873e-02
1.282488295008085873e-02
1.282488295008085873e-02
1.282488295008085873e-02
1.282488295008085873e-02
1.151183846359177905e-03
1.151183846359177905e-03
1.160696260014273474e-03
1.160696260014273474e-03
1.160696260014273474e-03
1.160696260014273474e-03
1.160696260014273474e-03
1.160696260014273474e-03
1.160696260014273474e-03
1.160696260014273474e-03
1.160696260014273474e-03
1.160696260014273474e-03
1.160696260014273474e-03
1.160696260014273474e-03
1.160696260014273474e-03
1.160696260014273474e-03
1.160696260014273474e-03
1.160696260014273474e-03
1.160696260014273474e-03
1.160696260014273474e-03
1.160696260014273474e-03
1.006089077137325332e-03
1.006089077137325332e-03
1.006089077137325332e-03
2.385354479941255088e-02
2.509587029286309418e-02
2.509587029286309418e-02
9.550384837284445205e-03
9.550384837284445205e-03
9.550384837284445205e-03
9.550384837284445205e-03
3.896738610849423846e-03
7.168584882559891902e-03
7.168584882559891902e-03
7.168584882559891902e-03
7.168584882559891902e-03
7.168584882559891902e-03
7.168584882559891902e-03
7.168584882559891902e-03
7.168584882559891902e-03
9.221712480294411846e-03
0.000000000000000000e+00
3.132113801637421546e-03
3.132113801637421546e-03
3.132113801637421546e-03
3.132113801637421546e-03
3.132113801637421546e-03
3.132113801637421546e-03
1.529999207976147184e-02
1.529999207976147184e-02
1.529999207976147184e-02
1.529999207976147184e-02
2.777069265000400595e-03
3.154730697910051312e-02
3.154730697910051312e-02
3.154730697910051312e-02
1.075904593152933464e-02
1.075904593152933464e-02
1.075904593152933464e-02
1.075904593152933464e-02
1.075904593152933464e-02
1.075904593152933464e-02
1.075904593152933464e-02
1.075904593152933464e-02
2.462201761290931309e-02
8.864975500748713960e-03
8.864975500748713960e-03
8.864975500748713960e-03
8.864975500748713960e-03
8.864975500748713960e-03
8.864975500748713960e-03
8.864975500748713960e-03
8.864975500748713960e-03
8.864975500748713960e-03
8.864975500748713960e-03
8.864975500748713960e-03
8.864975500748713960e-03
0.000000000000000000e+00
2.952298822509456799e-02
2.952298822509456799e-02
2.952298822509456799e-02
0.000000000000000000e+00
0.000000000000000000e+00
0.000000000000000000e+00
0.000000000000000000e+00
0.000000000000000000e+00
0.000000000000000000e+00
0.000000000000000000e+00
0.000000000000000000e+00
0.000000000000000000e+00
0.000000000000000000e+00
0.000000000000000000e+00
0.000000000000000000e+00
0.000000000000000000e+00
1.832912739102462302e-02
3.431286816857658743e-03
3.431286816857658743e-03
3.431286816857658743e-03
4.493240420106610865e-03
3.454990318599848731e-02
3.454990318599848731e-02
7.376131724099774245e-03
7.475066889400821916e-03
7.475066889400821916e-03
2.297892094349925172e-03
1.013571976191033827e-02
1.013571976191033827e-02
1.211972156565925725e-02
1.106283840020901021e-02
1.106283840020901021e-02
0.000000000000000000e+00
1.157524025680502743e-02
0.000000000000000000e+00
0.000000000000000000e+00
1.482444684007201349e-02
2.036024549953933949e-03
2.036024549953933949e-03
2.036024549953933949e-03
2.036024549953933949e-03
2.036024549953933949e-03
2.036024549953933949e-03
2.036024549953933949e-03
2.036024549953933949e-03
2.036024549953933949e-03
2.036024549953933949e-03
2.036024549953933949e-03
3.343693132871902729e-03
2.547351814774800362e-03
1.827051163911344893e-03
1.827051163911344893e-03
2.288848380281832337e-02
1.406875788155930763e-02
1.406875788155930763e-02
1.406875788155930763e-02
1.406875788155930763e-02
4.523894881047504229e-02
4.523894881047504229e-02
4.523894881047504229e-02
4.523894881047504229e-02
7.966869961474339068e-03
7.966869961474339068e-03
7.966869961474339068e-03
7.966869961474339068e-03
7.966869961474339068e-03
7.966869961474339068e-03
7.779967589042691839e-03
1.606841496954856258e-02
1.606841496954856258e-02
6.618456400847169685e-03
6.618456400847169685e-03
6.618456400847169685e-03
2.242739167313037227e-02
1.606450860723738702e-02
1.606450860723738702e-02
1.606450860723738702e-02
1.606450860723738702e-02
1.606450860723738702e-02
1.606450860723738702e-02
1.606450860723738702e-02
1.606450860723738702e-02
1.606450860723738702e-02
1.606450860723738702e-02
1.606450860723738702e-02
1.606450860723738702e-02
1.606450860723738702e-02
8.392223159361352977e-03
1.516540236806649712e-02
1.086152687844228054e-02
0.000000000000000000e+00
0.000000000000000000e+00
0.000000000000000000e+00
0.000000000000000000e+00
9.603279953186945328e-03
1.116889680838408644e-02
1.116889680838408644e-02
1.380453104825814063e-02
3.969419055113638378e-02
1.162996696725097229e-02
1.162996696725097229e-02
1.162996696725097229e-02
7.252220501673986672e-05
7.252220501673986672e-05
7.252220501673986672e-05
7.252220501673986672e-05
7.252220501673986672e-05
7.252220501673986672e-05
7.252220501673986672e-05
7.252220501673986672e-05
2.358856280911188208e-02
1.793668879572926644e-02
1.793668879572926644e-02
1.793668879572926644e-02
1.793668879572926644e-02
1.793668879572926644e-02
1.793668879572926644e-02
1.793668879572926644e-02
1.793668879572926644e-02
1.793668879572926644e-02
1.793668879572926644e-02
1.793668879572926644e-02
1.793668879572926644e-02
1.793668879572926644e-02
1.793668879572926644e-02
1.793668879572926644e-02
1.793668879572926644e-02
1.793668879572926644e-02
1.793668879572926644e-02
1.793668879572926644e-02
1.793668879572926644e-02
1.476311374606797087e-02
1.476311374606797087e-02
1.476311374606797087e-02
1.476311374606797087e-02
5.066242655691785904e-03
2.347118644914763033e-02
2.347118644914763033e-02
2.347118644914763033e-02
2.347118644914763033e-02
2.347118644914763033e-02
2.347118644914763033e-02
2.347118644914763033e-02
2.347118644914763033e-02
0.000000000000000000e+00
0.000000000000000000e+00
0.000000000000000000e+00
0.000000000000000000e+00
0.000000000000000000e+00
1.508599345036604200e-02
1.508599345036604200e-02
0.000000000000000000e+00
0.000000000000000000e+00
3.297585528280881292e-03
4.743705764910473473e-03
4.743705764910473473e-03
4.106317630437221478e-03
7.779967589042691839e-03
6.637504513174805401e-03
4.153670179925040944e-03
4.153670179925040944e-03
4.153670179925040944e-03
4.153670179925040944e-03
2.143094111706868483e-03
9.438283702293183029e-04
9.438283702293183029e-04
9.438283702293183029e-04
2.354719875506901955e-02
1.228744779680553817e-02
1.228744779680553817e-02
1.228744779680553817e-02
1.228744779680553817e-02
1.228744779680553817e-02
1.228744779680553817e-02
7.204664032834426357e-02
7.204664032834426357e-02
7.204664032834426357e-02
7.204664032834426357e-02
7.204664032834426357e-02
7.204664032834426357e-02
7.204664032834426357e-02
7.204664032834426357e-02
7.204664032834426357e-02
7.204664032834426357e-02
7.204664032834426357e-02
7.204664032834426357e-02
4.770101994771060346e-03
4.770101994771060346e-03
4.770101994771060346e-03
2.816709255508561931e-03
3.814128063337194827e-03
3.814128063337194827e-03
3.814128063337194827e-03
3.814128063337194827e-03
3.814128063337194827e-03
3.814128063337194827e-03
3.814128063337194827e-03
3.814128063337194827e-03
3.814128063337194827e-03
3.814128063337194827e-03
3.814128063337194827e-03
2.162567389306479029e-02
4.193141543317901315e-02
4.193141543317901315e-02
9.328647004964699119e-02
9.328647004964699119e-02
9.328647004964699119e-02
3.723986615585746316e-03
3.723986615585746316e-03
3.723986615585746316e-03
3.723986615585746316e-03
3.723986615585746316e-03
3.723986615585746316e-03
3.723986615585746316e-03
3.723986615585746316e-03
4.106317630437221478e-03
4.106317630437221478e-03
4.106317630437221478e-03
4.106317630437221478e-03
4.106317630437221478e-03
4.106317630437221478e-03
1.753038635257332667e-02
2.354977791784368737e-02
2.354977791784368737e-02
0.000000000000000000e+00
0.000000000000000000e+00
0.000000000000000000e+00
8.648720175862800166e-04
0.000000000000000000e+00
0.000000000000000000e+00
0.000000000000000000e+00
1.200983635253723494e-02
1.244280020619721074e-02
1.244280020619721074e-02
1.244280020619721074e-02
1.244280020619721074e-02
1.244280020619721074e-02
1.244280020619721074e-02
4.466327361086849627e-03
4.466327361086849627e-03
1.403647871495194988e-02
2.004262212904318885e-02
2.004262212904318885e-02
2.004262212904318885e-02
2.004262212904318885e-02
2.004262212904318885e-02
2.004262212904318885e-02
2.004262212904318885e-02
2.004262212904318885e-02
2.004262212904318885e-02
2.004262212904318885e-02
1.885071651591215328e-02
4.613919865231635650e-03
4.613919865231635650e-03
2.732662310303770464e-02
2.732662310303770464e-02
2.732662310303770464e-02
2.732662310303770464e-02
4.024139376892547047e-03
2.634062125179012850e-02
2.634062125179012850e-02
2.634062125179012850e-02
2.634062125179012850e-02
2.634062125179012850e-02
2.634062125179012850e-02
2.634062125179012850e-02
2.634062125179012850e-02
2.634062125179012850e-02
2.634062125179012850e-02
1.101286155372512010e-02
1.101286155372512010e-02
1.101286155372512010e-02
1.136450130188829642e-02
1.425060905825631906e-02
1.425060905825631906e-02
1.425060905825631906e-02
1.425060905825631906e-02
4.739521821919036315e-03
4.739521821919036315e-03
6.627350917451250122e-03
3.727174624690742042e-03
3.727174624690742042e-03
3.619162834567792031e-02
3.616216241106523510e-02
3.616216241106523510e-02
1.093477801306537087e-02
3.159933472988067735e-03
0.000000000000000000e+00
0.000000000000000000e+00
3.745982875756466435e-02
1.828787904392135955e-02
1.828787904392135955e-02
1.828787904392135955e-02
1.828787904392135955e-02
1.828787904392135955e-02
1.828787904392135955e-02
1.828787904392135955e-02
1.828787904392135955e-02
1.828787904392135955e-02
1.828787904392135955e-02
3.543157337850094592e-03
3.543157337850094592e-03
3.543157337850094592e-03
3.543157337850094592e-03
5.745393559631700037e-03
1.411605811441447042e-03
1.411605811441447042e-03
1.411605811441447042e-03
1.411605811441447042e-03
1.411605811441447042e-03
1.411605811441447042e-03
3.890603217121162138e-02
2.568927825812027110e-02
7.859873591180552288e-03
0.000000000000000000e+00
0.000000000000000000e+00
0.000000000000000000e+00
0.000000000000000000e+00
0.000000000000000000e+00
0.000000000000000000e+00
0.000000000000000000e+00
0.000000000000000000e+00
2.518465568914291224e-03
1.514816597963122803e-04
1.514816597963122803e-04
1.514816597963122803e-04
1.514816597963122803e-04
1.514816597963122803e-04
3.351187748617738809e-03
3.351187748617738809e-03
3.351187748617738809e-03
3.351187748617738809e-03
3.351187748617738809e-03
3.351187748617738809e-03
3.351187748617738809e-03
3.351187748617738809e-03
3.351187748617738809e-03
3.351187748617738809e-03
3.351187748617738809e-03
3.158601589844439814e-03
3.158601589844439814e-03
3.158601589844439814e-03
3.158601589844439814e-03
3.158601589844439814e-03
3.158601589844439814e-03
3.158601589844439814e-03
3.158601589844439814e-03
3.158601589844439814e-03
3.158601589844439814e-03
3.158601589844439814e-03
3.158601589844439814e-03
7.113469413941504206e-03
1.639262104817871754e-02
1.639262104817871754e-02
1.639262104817871754e-02
1.639262104817871754e-02
1.639262104817871754e-02
1.639262104817871754e-02
0.000000000000000000e+00
1.409872814756792797e-02
1.884801321816819905e-02
1.884801321816819905e-02
1.884801321816819905e-02
1.884801321816819905e-02
1.884801321816819905e-02
1.076613772184477173e-02
1.211972156565925725e-02
1.211972156565925725e-02
1.211972156565925725e-02
2.412655445710292293e-02
0.000000000000000000e+00
0.000000000000000000e+00
1.464097068381934631e-02
1.464097068381934631e-02
1.464097068381934631e-02
1.464097068381934631e-02
1.464097068381934631e-02
1.464097068381934631e-02
1.464097068381934631e-02
1.464097068381934631e-02
1.384809009589081825e-02
1.384809009589081825e-02
1.384809009589081825e-02
1.384809009589081825e-02
1.988049174672164299e-02
2.624314977173856228e-02
2.624314977173856228e-02
0.000000000000000000e+00
1.951708100193009013e-02
1.951708100193009013e-02
1.349327774579333998e-02
1.296062783255404194e-02
2.763832577026582513e-02
2.763832577026582513e-02
2.763832577026582513e-02
1.296062783255404194e-02
2.601156401997286455e-02
9.209609750556237715e-04
9.209609750556237715e-04
9.209609750556237715e-04
9.209609750556237715e-04
9.209609750556237715e-04
9.209609750556237715e-04
9.209609750556237715e-04
9.209609750556237715e-04
9.209609750556237715e-04
9.209609750556237715e-04
9.209609750556237715e-04
9.209609750556237715e-04
9.209609750556237715e-04
9.209609750556237715e-04
9.209609750556237715e-04
9.209609750556237715e-04
9.209609750556237715e-04
9.209609750556237715e-04
9.209609750556237715e-04
9.209609750556237715e-04
9.209609750556237715e-04
9.209609750556237715e-04
9.209609750556237715e-04
9.209609750556237715e-04
9.209609750556237715e-04
9.209609750556237715e-04
9.209609750556237715e-04
9.209609750556237715e-04
9.209609750556237715e-04
9.209609750556237715e-04
9.209609750556237715e-04
9.209609750556237715e-04
9.209609750556237715e-04
9.209609750556237715e-04
9.209609750556237715e-04
9.209609750556237715e-04
0.000000000000000000e+00
1.077976196629958257e-02
1.077976196629958257e-02
2.698148352616330792e-02
2.698148352616330792e-02
1.991425994717267722e-02
3.893586827532323144e-03
3.893586827532323144e-03
7.678358226157781449e-03
4.705947893413527441e-03
4.705947893413527441e-03
1.679561745839090389e-02
1.679561745839090389e-02
1.679561745839090389e-02
1.679561745839090389e-02
1.679561745839090389e-02
1.679561745839090389e-02
1.718081096043470868e-02
5.954712769550480657e-03
5.954712769550480657e-03
5.954712769550480657e-03
5.954712769550480657e-03
5.954712769550480657e-03
5.954712769550480657e-03
2.569185573087658797e-03
2.569185573087658797e-03
2.569185573087658797e-03
5.415126422966431291e-02
5.415126422966431291e-02
9.699556887032610361e-03
1.626618331991366850e-02
1.626618331991366850e-02
8.624211365428095452e-03
8.624211365428095452e-03
8.624211365428095452e-03
8.624211365428095452e-03
8.624211365428095452e-03
8.624211365428095452e-03
8.624211365428095452e-03
8.624211365428095452e-03
8.624211365428095452e-03
8.624211365428095452e-03
8.624211365428095452e-03
8.624211365428095452e-03
8.624211365428095452e-03
8.624211365428095452e-03
8.624211365428095452e-03
8.624211365428095452e-03
8.624211365428095452e-03
1.943881380164383735e-02
2.649914738911185019e-03
2.649914738911185019e-03
0.000000000000000000e+00
0.000000000000000000e+00
1.680497768969441141e-02
4.806579712709438401e-03
4.806579712709438401e-03
4.806579712709438401e-03
4.806579712709438401e-03
4.806579712709438401e-03
4.806579712709438401e-03
9.658369042825128842e-03
2.400230234122724751e-02
2.400230234122724751e-02
2.400230234122724751e-02
2.400230234122724751e-02
3.379876452519041310e-03
6.853232073735277333e-03
6.853232073735277333e-03
6.853232073735277333e-03
6.853232073735277333e-03
6.853232073735277333e-03
6.853232073735277333e-03
6.853232073735277333e-03
6.853232073735277333e-03
0.000000000000000000e+00
0.000000000000000000e+00
1.039115775220717658e-02
0.000000000000000000e+00
0.000000000000000000e+00
0.000000000000000000e+00
0.000000000000000000e+00
0.000000000000000000e+00
0.000000000000000000e+00
0.000000000000000000e+00
0.000000000000000000e+00
1.400275010298715483e-02
1.400275010298715483e-02
8.247979609163239934e-04
8.247979609163239934e-04
8.247979609163239934e-04
0.000000000000000000e+00
6.724150086047262984e-03
6.724150086047262984e-03
6.724150086047262984e-03
6.724150086047262984e-03
0.000000000000000000e+00
1.441813090859137871e-02
1.441813090859137871e-02
1.441813090859137871e-02
1.441813090859137871e-02
1.441813090859137871e-02
1.441813090859137871e-02
1.441813090859137871e-02
1.441813090859137871e-02
1.441813090859137871e-02
1.441813090859137871e-02
1.441813090859137871e-02
1.441813090859137871e-02
1.441813090859137871e-02
1.441813090859137871e-02
1.441813090859137871e-02
1.441813090859137871e-02
1.325850366530897245e-02
1.325850366530897245e-02
1.325850366530897245e-02
1.325850366530897245e-02
1.325850366530897245e-02
1.325850366530897245e-02
1.473228126514612192e-02
5.433391717470031392e-03
5.433391717470031392e-03
5.433391717470031392e-03
5.046709893904506757e-03
7.671173608826109200e-03
7.671173608826109200e-03
7.671173608826109200e-03
7.671173608826109200e-03
7.671173608826109200e-03
7.671173608826109200e-03
7.671173608826109200e-03
7.671173608826109200e-03
3.233392966861336516e-03
0.000000000000000000e+00
3.233392966861336516e-03
3.233392966861336516e-03
3.233392966861336516e-03
3.233392966861336516e-03
3.233392966861336516e-03
3.233392966861336516e-03
3.233392966861336516e-03
0.000000000000000000e+00
0.000000000000000000e+00
0.000000000000000000e+00
7.376131724099774245e-03
3.944628546836353479e-03
3.944628546836353479e-03
3.944628546836353479e-03
3.944628546836353479e-03
3.944628546836353479e-03
3.944628546836353479e-03
7.900920030700548519e-03
7.900920030700548519e-03
7.900920030700548519e-03
7.900920030700548519e-03
7.900920030700548519e-03
7.900920030700548519e-03
7.900920030700548519e-03
7.900920030700548519e-03
1.464723059783469734e-02
1.698682417421530991e-02
1.698682417421530991e-02
4.527784433805808091e-03
1.435795829421986775e-02
1.435795829421986775e-02
1.697646787228858020e-02
0.000000000000000000e+00
0.000000000000000000e+00
0.000000000000000000e+00
0.000000000000000000e+00
0.000000000000000000e+00
0.000000000000000000e+00
0.000000000000000000e+00
0.000000000000000000e+00
3.152757638174290711e-03
2.359669741865035725e-02
2.359669741865035725e-02
1.220586634630012671e-02
1.524095479547053972e-04
1.157524025680502743e-02
1.157524025680502743e-02
1.157524025680502743e-02
1.157524025680502743e-02
1.157524025680502743e-02
1.157524025680502743e-02
1.157524025680502743e-02
1.157524025680502743e-02
1.495441901678495715e-02
3.132258340975589087e-03
3.132258340975589087e-03
3.132258340975589087e-03
3.132258340975589087e-03
3.132258340975589087e-03
6.120975855739316067e-03
2.127621928220458924e-01
2.127621928220458924e-01
2.127621928220458924e-01
2.127621928220458924e-01
1.889414581143182559e-02
1.889414581143182559e-02
1.889414581143182559e-02
1.889414581143182559e-02
8.346865488883480760e-03
3.417027735553217725e-03
7.736174646449615368e-03
3.693538222097140274e-03
3.693538222097140274e-03
3.693538222097140274e-03
3.693538222097140274e-03
3.693538222097140274e-03
3.693538222097140274e-03
5.916389140433034322e-03
7.597093979650900407e-03
7.597093979650900407e-03
4.386811983931669656e-02
3.632976817989111429e-02
3.632976817989111429e-02
3.632976817989111429e-02
3.632976817989111429e-02
3.632976817989111429e-02
3.632976817989111429e-02
3.632976817989111429e-02
3.632976817989111429e-02
3.528864925206221664e-02
1.958218947054603601e-02
1.958218947054603601e-02
1.958218947054603601e-02
1.958218947054603601e-02
1.958218947054603601e-02
1.958218947054603601e-02
7.042829791480446737e-03
1.684447391703617486e-02
1.684447391703617486e-02
1.684447391703617486e-02
1.684447391703617486e-02
7.108432818347574199e-03
5.130384078783491002e-03
5.741356718973640583e-03
1.850924606778017734e-02
1.850924606778017734e-02
1.850924606778017734e-02
0.000000000000000000e+00
2.930940031861457851e-02
2.930940031861457851e-02
2.930940031861457851e-02
2.930940031861457851e-02
2.930940031861457851e-02
2.930940031861457851e-02
4.991209148757896549e-03
2.026123217438041343e-02
2.026123217438041343e-02
5.512455769161431901e-03
5.512455769161431901e-03
5.512455769161431901e-03
5.512455769161431901e-03
5.512455769161431901e-03
5.512455769161431901e-03
5.512455769161431901e-03
5.512455769161431901e-03
1.013181510239681560e-02
1.977380352692899995e-02
1.977380352692899995e-02
1.387851928725690812e-02
1.387851928725690812e-02
1.966132515786714607e-01
9.243933081887745467e-04
9.243933081887745467e-04
9.243933081887745467e-04
9.243933081887745467e-04
9.243933081887745467e-04
9.243933081887745467e-04
9.243933081887745467e-04
9.243933081887745467e-04
9.243933081887745467e-04
9.243933081887745467e-04
0.000000000000000000e+00
0.000000000000000000e+00
1.863221373038937171e-03
6.827701976597295996e-02
6.827701976597295996e-02
6.827701976597295996e-02
6.827701976597295996e-02
6.827701976597295996e-02
6.827701976597295996e-02
6.827701976597295996e-02
6.827701976597295996e-02
6.827701976597295996e-02
6.827701976597295996e-02
1.880337339247857174e-03
1.880337339247857174e-03
1.880337339247857174e-03
1.880337339247857174e-03
1.880337339247857174e-03
1.880337339247857174e-03
2.906667339253701018e-03
2.252671817434412024e-04
1.148042100142598540e-02
0.000000000000000000e+00
0.000000000000000000e+00
0.000000000000000000e+00
0.000000000000000000e+00
1.247916146873329774e-02
1.408439527162974776e-02
1.408439527162974776e-02
1.408439527162974776e-02
8.946607382705664552e-03
6.600108565120080435e-03
6.600108565120080435e-03
6.600108565120080435e-03
6.600108565120080435e-03
6.600108565120080435e-03
6.600108565120080435e-03
6.600108565120080435e-03
6.600108565120080435e-03
6.600108565120080435e-03
6.600108565120080435e-03
0.000000000000000000e+00
0.000000000000000000e+00
0.000000000000000000e+00
0.000000000000000000e+00
0.000000000000000000e+00
0.000000000000000000e+00
0.000000000000000000e+00
4.859958555317242003e-03
1.608304969876839068e-03
2.960494472821851783e-02
2.960494472821851783e-02
0.000000000000000000e+00
0.000000000000000000e+00
0.000000000000000000e+00
0.000000000000000000e+00
0.000000000000000000e+00
4.596452495651797386e-03
1.230706232571892808e-02
1.230706232571892808e-02
1.230706232571892808e-02
1.230706232571892808e-02
1.230706232571892808e-02
1.094940766855071954e-02
1.094940766855071954e-02
1.148042100142598540e-02
1.148042100142598540e-02
1.148042100142598540e-02
1.148042100142598540e-02
1.148042100142598540e-02
4.019590819154874326e-04
4.019590819154874326e-04
2.336811492493098222e-03
4.019590819154874326e-04
4.592576689137092827e-01
0.000000000000000000e+00
0.000000000000000000e+00
0.000000000000000000e+00
0.000000000000000000e+00
2.312749234116502975e-02
2.312749234116502975e-02
7.019871920851912528e-03
7.019871920851912528e-03
7.019871920851912528e-03
7.019871920851912528e-03
7.019871920851912528e-03
7.019871920851912528e-03
7.019871920851912528e-03
7.019871920851912528e-03
7.019871920851912528e-03
7.019871920851912528e-03
7.019871920851912528e-03
7.019871920851912528e-03
7.019871920851912528e-03
5.427188833984903163e-03
5.219624733214406689e-03
5.219624733214406689e-03
1.445508641353829629e-02
1.663352691903738703e-02
1.663352691903738703e-02
2.777069265000400595e-03
2.777069265000400595e-03
2.777069265000400595e-03
1.651706121072258476e-02
2.345521767935477772e-02
2.345521767935477772e-02
2.345521767935477772e-02
2.345521767935477772e-02
2.345521767935477772e-02
3.379876452519041310e-03
0.000000000000000000e+00
0.000000000000000000e+00
0.000000000000000000e+00
0.000000000000000000e+00
0.000000000000000000e+00
0.000000000000000000e+00
8.113838896529229280e-03
1.922654148948637915e-03
1.922654148948637915e-03
1.922654148948637915e-03
4.292167641588615079e-02
1.651706121072258476e-02
1.651706121072258476e-02
1.651706121072258476e-02
1.247290595537235182e-02
1.247290595537235182e-02
0.000000000000000000e+00
5.755575883996809534e-03
5.755575883996809534e-03
5.755575883996809534e-03
5.755575883996809534e-03
5.755575883996809534e-03
5.755575883996809534e-03
2.246542710283972594e-02
1.767901392595555218e-02
1.134112018417363608e-02
1.134112018417363608e-02
1.134112018417363608e-02
4.596452495651797386e-03
4.596452495651797386e-03
1.967586644297691922e-02
0.000000000000000000e+00
0.000000000000000000e+00
0.000000000000000000e+00
0.000000000000000000e+00
0.000000000000000000e+00
0.000000000000000000e+00
2.025355038647443442e-02
2.025355038647443442e-02
2.025355038647443442e-02
2.025355038647443442e-02
4.000417058784867114e-02
4.000417058784867114e-02
4.000417058784867114e-02
4.000417058784867114e-02
0.000000000000000000e+00
0.000000000000000000e+00
0.000000000000000000e+00
0.000000000000000000e+00
0.000000000000000000e+00
0.000000000000000000e+00
0.000000000000000000e+00
0.000000000000000000e+00
6.781128476051005716e-02
6.781128476051005716e-02
1.959744582865815057e-02
2.417840894352260225e-02
2.417840894352260225e-02
2.417840894352260225e-02
2.417840894352260225e-02
2.417840894352260225e-02
2.417840894352260225e-02
2.417840894352260225e-02
2.417840894352260225e-02
2.217427057498632184e-02
2.217427057498632184e-02
1.275460347974916205e-02
1.275460347974916205e-02
1.275460347974916205e-02
1.275460347974916205e-02
1.275460347974916205e-02
1.275460347974916205e-02
1.275460347974916205e-02
1.275460347974916205e-02
1.163324176362267974e-02
7.736174646449615368e-03
7.736174646449615368e-03
7.736174646449615368e-03
0.000000000000000000e+00
0.000000000000000000e+00
0.000000000000000000e+00
0.000000000000000000e+00
0.000000000000000000e+00
4.123831903299415846e-03
4.123831903299415846e-03
4.123831903299415846e-03
4.123831903299415846e-03
4.922859914579051296e-03
6.804186009730018268e-03
2.091102694523751943e-02
2.390333368833213665e-02
2.390333368833213665e-02
2.390333368833213665e-02
2.390333368833213665e-02
4.488038315190030075e-03
1.692169937125117402e-02
5.216324630908460505e-03
5.216324630908460505e-03
1.671534257389326733e-02
3.890603217121162138e-02
1.305004192089346572e-02
0.000000000000000000e+00
0.000000000000000000e+00
0.000000000000000000e+00
0.000000000000000000e+00
0.000000000000000000e+00
0.000000000000000000e+00
8.573786116737674989e-03
2.412655445710292293e-02
2.412655445710292293e-02
2.412655445710292293e-02
2.881981942550337298e-03
2.881981942550337298e-03
4.738147751276524343e-03
4.738147751276524343e-03
4.738147751276524343e-03
4.738147751276524343e-03
4.738147751276524343e-03
4.738147751276524343e-03
4.738147751276524343e-03
4.738147751276524343e-03
0.000000000000000000e+00
0.000000000000000000e+00
0.000000000000000000e+00
0.000000000000000000e+00
0.000000000000000000e+00
0.000000000000000000e+00
0.000000000000000000e+00
0.000000000000000000e+00
1.614063496475786827e-02
1.614063496475786827e-02
2.257357516615965485e-03
2.257357516615965485e-03
2.257357516615965485e-03
2.257357516615965485e-03
1.188023615271971076e-02
1.301530482783457433e-04
1.301530482783457433e-04
1.301530482783457433e-04
1.301530482783457433e-04
1.301530482783457433e-04
0.000000000000000000e+00
2.872355570438231767e-02
2.872355570438231767e-02
2.872355570438231767e-02
2.872355570438231767e-02
2.872355570438231767e-02
2.872355570438231767e-02
2.872355570438231767e-02
2.872355570438231767e-02
2.872355570438231767e-02
2.872355570438231767e-02
2.872355570438231767e-02
2.872355570438231767e-02
2.963538391334953094e-03
2.963538391334953094e-03
2.963538391334953094e-03
2.963538391334953094e-03
2.963538391334953094e-03
2.963538391334953094e-03
2.963538391334953094e-03
2.963538391334953094e-03
0.000000000000000000e+00
3.806591825743323339e-03
3.806591825743323339e-03
3.806591825743323339e-03
3.806591825743323339e-03
3.806591825743323339e-03
3.806591825743323339e-03
2.659070056827177869e-02
2.088747705498190596e-02
2.088747705498190596e-02
1.463850950469857033e-02
1.463850950469857033e-02
3.708447477661761405e-03
3.708447477661761405e-03
6.249823863279482458e-03
3.708447477661761405e-03
3.708447477661761405e-03
3.708447477661761405e-03
4.934312597732426649e-03
4.934312597732426649e-03
4.934312597732426649e-03
4.934312597732426649e-03
4.934312597732426649e-03
4.934312597732426649e-03
4.934312597732426649e-03
4.934312597732426649e-03
4.934312597732426649e-03
4.934312597732426649e-03
4.934312597732426649e-03
4.934312597732426649e-03
4.934312597732426649e-03
4.934312597732426649e-03
2.465054324894228391e-02
2.465054324894228391e-02
2.465054324894228391e-02
2.465054324894228391e-02
2.346836190192308491e-02
2.261998916132776025e-02
2.261998916132776025e-02
2.261998916132776025e-02
2.261998916132776025e-02
2.261998916132776025e-02
6.515516178488105214e-03
6.515516178488105214e-03
6.515516178488105214e-03
6.515516178488105214e-03
6.515516178488105214e-03
6.515516178488105214e-03
6.515516178488105214e-03
6.515516178488105214e-03
6.515516178488105214e-03
6.515516178488105214e-03
0.000000000000000000e+00
0.000000000000000000e+00
0.000000000000000000e+00
2.273526166421217451e-02
2.565800392909266259e-02
2.565800392909266259e-02
2.385354479941255088e-02
6.540911904190511474e-03
6.540911904190511474e-03
6.540911904190511474e-03
6.540911904190511474e-03
6.540911904190511474e-03
6.540911904190511474e-03
1.305004192089346572e-02
0.000000000000000000e+00
1.469141284968778285e-02
1.469141284968778285e-02
2.194513144517315148e-02
0.000000000000000000e+00
0.000000000000000000e+00
0.000000000000000000e+00
0.000000000000000000e+00
0.000000000000000000e+00
0.000000000000000000e+00
2.346703599979570870e-02
1.885071651591215328e-02
1.885071651591215328e-02
1.885071651591215328e-02
0.000000000000000000e+00
0.000000000000000000e+00
0.000000000000000000e+00
0.000000000000000000e+00
0.000000000000000000e+00
0.000000000000000000e+00
0.000000000000000000e+00
0.000000000000000000e+00
0.000000000000000000e+00
0.000000000000000000e+00
0.000000000000000000e+00
0.000000000000000000e+00
0.000000000000000000e+00
2.717037069221595307e-03
2.717037069221595307e-03
2.717037069221595307e-03
2.717037069221595307e-03
2.717037069221595307e-03
2.717037069221595307e-03
2.717037069221595307e-03
2.717037069221595307e-03
2.717037069221595307e-03
2.717037069221595307e-03
2.717037069221595307e-03
2.717037069221595307e-03
2.717037069221595307e-03
2.717037069221595307e-03
2.717037069221595307e-03
2.188096726860036534e-02
2.188096726860036534e-02
2.188096726860036534e-02
7.370829704893220582e-04
6.064073833031746567e-03
6.064073833031746567e-03
4.590009162635446706e-03
4.545525868071798384e-03
0.000000000000000000e+00
0.000000000000000000e+00
1.975524470145475272e-03
1.095065258997338434e-03
1.095065258997338434e-03
1.095065258997338434e-03
1.172344700377708077e-02
7.353659597341963457e-03
7.353659597341963457e-03
7.353659597341963457e-03
7.353659597341963457e-03
7.353659597341963457e-03
7.353659597341963457e-03
7.353659597341963457e-03
7.353659597341963457e-03
7.353659597341963457e-03
7.353659597341963457e-03
7.353659597341963457e-03
7.353659597341963457e-03
7.353659597341963457e-03
7.353659597341963457e-03
8.392223159361352977e-03
8.392223159361352977e-03
2.770972495628948318e-02
0.000000000000000000e+00
0.000000000000000000e+00
0.000000000000000000e+00
0.000000000000000000e+00
0.000000000000000000e+00
0.000000000000000000e+00
2.357567544295169782e-03
2.357567544295169782e-03
2.357567544295169782e-03
2.357567544295169782e-03
2.357567544295169782e-03
2.357567544295169782e-03
2.357567544295169782e-03
2.357567544295169782e-03
2.357567544295169782e-03
2.357567544295169782e-03
2.357567544295169782e-03
2.560085762250611727e-03
1.685860228078127354e-02
1.685860228078127354e-02
4.527784433805808091e-03
1.013181510239681560e-02
5.484176987334456058e-04
3.870953720608627784e-03
4.202219382709383375e-03
4.202219382709383375e-03
3.870953720608627784e-03
1.278256265345506341e-02
1.278256265345506341e-02
2.294914605565969226e-03
3.192959062530982117e-03
5.348359961972411029e-03
1.066371981406247366e-01
1.066371981406247366e-01
1.066371981406247366e-01
1.066371981406247366e-01
1.066371981406247366e-01
1.066371981406247366e-01
1.066371981406247366e-01
1.066371981406247366e-01
1.066371981406247366e-01
3.442345023507021717e-03
3.442345023507021717e-03
3.442345023507021717e-03
3.442345023507021717e-03
3.442345023507021717e-03
3.442345023507021717e-03
3.442345023507021717e-03
3.442345023507021717e-03
1.126788290444426200e-03
2.337343678740782735e-03
2.337343678740782735e-03
2.337343678740782735e-03
2.337343678740782735e-03
2.739864907647579159e-02
1.335092899771615424e-02
1.693172622400158922e-02
1.693172622400158922e-02
1.693172622400158922e-02
1.693172622400158922e-02
1.693172622400158922e-02
1.693172622400158922e-02
1.693172622400158922e-02
1.693172622400158922e-02
1.693172622400158922e-02
1.277486106076891441e-02
3.226656405218674209e-03
3.226656405218674209e-03
3.226656405218674209e-03
3.226656405218674209e-03
3.226656405218674209e-03
3.226656405218674209e-03
3.226656405218674209e-03
3.226656405218674209e-03
1.349327774579333998e-02
1.349327774579333998e-02
1.349327774579333998e-02
1.349327774579333998e-02
1.247848369687684818e-02
1.247848369687684818e-02
1.628635181567589241e-02
1.172190080098545022e-02
1.172190080098545022e-02
1.172190080098545022e-02
1.172190080098545022e-02
1.172190080098545022e-02
1.172190080098545022e-02
6.444200217906585759e-03
3.969419055113638378e-02
3.969419055113638378e-02
3.969419055113638378e-02
3.969419055113638378e-02
2.809834685329509057e-02
0.000000000000000000e+00
0.000000000000000000e+00
1.538789492053927593e-03
1.538789492053927593e-03
1.538789492053927593e-03
1.538789492053927593e-03
1.538789492053927593e-03
1.538789492053927593e-03
1.538789492053927593e-03
1.538789492053927593e-03
2.738961258605739947e-03
0.000000000000000000e+00
0.000000000000000000e+00
0.000000000000000000e+00
1.883552367216558953e-03
6.592730310181684796e-03
6.592730310181684796e-03
6.592730310181684796e-03
6.592730310181684796e-03
6.592730310181684796e-03
6.592730310181684796e-03
1.572172111447620382e-03
0.000000000000000000e+00
0.000000000000000000e+00
0.000000000000000000e+00
0.000000000000000000e+00
0.000000000000000000e+00
0.000000000000000000e+00
0.000000000000000000e+00
0.000000000000000000e+00
0.000000000000000000e+00
0.000000000000000000e+00
0.000000000000000000e+00
0.000000000000000000e+00
0.000000000000000000e+00
0.000000000000000000e+00
0.000000000000000000e+00
0.000000000000000000e+00
0.000000000000000000e+00
0.000000000000000000e+00
0.000000000000000000e+00
0.000000000000000000e+00
0.000000000000000000e+00
2.711894293750937053e-03
2.711894293750937053e-03
2.711894293750937053e-03
2.711894293750937053e-03
3.085346096170809085e-02
3.085346096170809085e-02
3.085346096170809085e-02
3.085346096170809085e-02
0.000000000000000000e+00
0.000000000000000000e+00
0.000000000000000000e+00
0.000000000000000000e+00
1.955457725171059341e-02
1.776466241375330643e-02
1.776466241375330643e-02
1.776466241375330643e-02
1.776466241375330643e-02
1.776466241375330643e-02
1.776466241375330643e-02
1.776466241375330643e-02
1.776466241375330643e-02
1.776466241375330643e-02
1.776466241375330643e-02
3.619162834567792031e-02
3.619162834567792031e-02
3.619162834567792031e-02
8.516709227895248591e-03
8.516709227895248591e-03
9.603696335774864618e-04
2.494512142076931935e-02
1.306586005272116803e-02
1.306586005272116803e-02
1.306586005272116803e-02
1.306586005272116803e-02
1.306586005272116803e-02
1.306586005272116803e-02
0.000000000000000000e+00
0.000000000000000000e+00
7.130616285281855642e-03
0.000000000000000000e+00
0.000000000000000000e+00
0.000000000000000000e+00
0.000000000000000000e+00
0.000000000000000000e+00
0.000000000000000000e+00
0.000000000000000000e+00
0.000000000000000000e+00
0.000000000000000000e+00
0.000000000000000000e+00
8.346865488883480760e-03
8.346865488883480760e-03
8.346865488883480760e-03
8.346865488883480760e-03
8.346865488883480760e-03
8.346865488883480760e-03
7.113469413941504206e-03
7.113469413941504206e-03
7.113469413941504206e-03
7.113469413941504206e-03
7.113469413941504206e-03
7.113469413941504206e-03
7.113469413941504206e-03
7.113469413941504206e-03
7.113469413941504206e-03
7.113469413941504206e-03
1.410390147852543007e-03
1.410390147852543007e-03
1.410390147852543007e-03
1.410390147852543007e-03
1.410390147852543007e-03
1.410390147852543007e-03
1.410390147852543007e-03
1.410390147852543007e-03
1.410390147852543007e-03
1.410390147852543007e-03
1.410390147852543007e-03
1.410390147852543007e-03
1.410390147852543007e-03
1.410390147852543007e-03
1.410390147852543007e-03
1.006675130794940781e-02
1.435852245250175165e-02
8.517558444597035996e-03
1.040272361349284551e-03
1.040272361349284551e-03
9.912531407087537758e-03
5.971763985269956491e-03
5.971763985269956491e-03
5.971763985269956491e-03
5.971763985269956491e-03
5.971763985269956491e-03
5.971763985269956491e-03
5.971763985269956491e-03
5.971763985269956491e-03
5.971763985269956491e-03
5.971763985269956491e-03
5.194722695980887213e-03
3.607356921925264793e-03
3.607356921925264793e-03
3.607356921925264793e-03
3.607356921925264793e-03
3.607356921925264793e-03
3.607356921925264793e-03
3.607356921925264793e-03
3.607356921925264793e-03
9.603696335774864618e-04
9.603696335774864618e-04
9.603696335774864618e-04
9.603696335774864618e-04
6.120975855739316067e-03
6.120975855739316067e-03
6.120975855739316067e-03
6.120975855739316067e-03
6.120975855739316067e-03
6.120975855739316067e-03
2.601156401997286455e-02
2.601156401997286455e-02
2.601156401997286455e-02
2.601156401997286455e-02
0.000000000000000000e+00
5.059965644151764516e-03
4.316370394436727133e-03
4.316370394436727133e-03
4.316370394436727133e-03
4.316370394436727133e-03
4.316370394436727133e-03
2.892621801465378173e-02
3.304204301326971183e-02
3.304204301326971183e-02
3.304204301326971183e-02
1.473228126514612192e-02
0.000000000000000000e+00
0.000000000000000000e+00
0.000000000000000000e+00
0.000000000000000000e+00
0.000000000000000000e+00
0.000000000000000000e+00
0.000000000000000000e+00
0.000000000000000000e+00
1.119967176291161715e-02
6.949726845496316877e-04
6.949726845496316877e-04
6.949726845496316877e-04
6.949726845496316877e-04
6.949726845496316877e-04
3.093400383263373438e-02
8.021105886279588509e-03
8.021105886279588509e-03
8.021105886279588509e-03
8.021105886279588509e-03
8.021105886279588509e-03
8.021105886279588509e-03
8.021105886279588509e-03
8.021105886279588509e-03
8.021105886279588509e-03
8.021105886279588509e-03
8.021105886279588509e-03
8.021105886279588509e-03
1.119967176291161715e-02
6.627350917451250122e-03
6.627350917451250122e-03
6.627350917451250122e-03
6.627350917451250122e-03
6.627350917451250122e-03
6.627350917451250122e-03
6.627350917451250122e-03
7.284391705828169652e-03
7.284391705828169652e-03
7.284391705828169652e-03
7.284391705828169652e-03
7.752058347412650770e-03
3.769747273537584886e-03
0.000000000000000000e+00
0.000000000000000000e+00
3.817945517793360378e-03
1.257085600115807021e-02
1.257085600115807021e-02
1.257085600115807021e-02
1.257085600115807021e-02
1.639669609529725847e-02
9.366749302860456067e-03
9.366749302860456067e-03
9.366749302860456067e-03
9.366749302860456067e-03
9.366749302860456067e-03
9.366749302860456067e-03
9.366749302860456067e-03
9.366749302860456067e-03
9.366749302860456067e-03
9.366749302860456067e-03
2.294914605565969226e-03
2.294914605565969226e-03
2.294914605565969226e-03
2.294914605565969226e-03
2.294914605565969226e-03
2.294914605565969226e-03
5.348359961972411029e-03
5.348359961972411029e-03
0.000000000000000000e+00
1.342808854324240714e-02
1.342808854324240714e-02
2.790729749738547413e-02
2.790729749738547413e-02
2.790729749738547413e-02
2.790729749738547413e-02
2.082484304129845771e-03
2.082484304129845771e-03
1.266594371902841562e-02
1.266594371902841562e-02
1.692169937125117402e-02
1.671534257389326733e-02
9.875856852281863704e-03
9.875856852281863704e-03
9.875856852281863704e-03
6.631995372059724080e-03
0.000000000000000000e+00
0.000000000000000000e+00
0.000000000000000000e+00
9.726243768816195470e-03
9.726243768816195470e-03
3.597508639448975670e-02
3.938730422560565714e-02
3.938730422560565714e-02
2.839917333729869223e-02
2.839917333729869223e-02
8.940493829338209963e-03
2.172970296681958624e-02
7.800163652077518432e-03
7.800163652077518432e-03
7.800163652077518432e-03
7.800163652077518432e-03
7.800163652077518432e-03
7.800163652077518432e-03
7.800163652077518432e-03
7.800163652077518432e-03
7.800163652077518432e-03
7.800163652077518432e-03
7.800163652077518432e-03
7.800163652077518432e-03
7.800163652077518432e-03
7.800163652077518432e-03
7.800163652077518432e-03
7.800163652077518432e-03
7.800163652077518432e-03
7.800163652077518432e-03
7.800163652077518432e-03
7.800163652077518432e-03
2.855912937121396836e-02
2.855912937121396836e-02
1.610005997966985555e-02
1.610005997966985555e-02
1.610005997966985555e-02
1.610005997966985555e-02
2.859577862115945772e-03
1.470102627227782253e-02
1.470102627227782253e-02
2.091102694523751943e-02
2.198062333297115534e-02
2.198062333297115534e-02
2.198062333297115534e-02
2.198062333297115534e-02
1.126788290444426200e-03
1.305004192089346572e-02
2.807555215451369365e-02
2.807555215451369365e-02
2.807555215451369365e-02
2.807555215451369365e-02
2.807555215451369365e-02
1.482604169677436551e-02
0.000000000000000000e+00
0.000000000000000000e+00
1.648109626172512832e-02
1.648109626172512832e-02
2.329207204973157176e-03
2.329207204973157176e-03
2.329207204973157176e-03
2.329207204973157176e-03
2.329207204973157176e-03
2.329207204973157176e-03
2.329207204973157176e-03
2.329207204973157176e-03
0.000000000000000000e+00
0.000000000000000000e+00
1.200975511256408262e-03
8.747285290302119626e-03
4.922859914579051296e-03
4.922859914579051296e-03
4.922859914579051296e-03
4.922859914579051296e-03
4.162988207911574520e-03
1.458891059575000019e-03
1.458891059575000019e-03
0.000000000000000000e+00
4.493240420106610865e-03
4.493240420106610865e-03
4.493240420106610865e-03
4.493240420106610865e-03
4.493240420106610865e-03
4.493240420106610865e-03
4.493240420106610865e-03
3.196064800364158132e-02
2.410941931693228943e-02
2.905826496236073309e-02
1.988060712905482304e-03
3.147523731378017858e-02
3.147523731378017858e-02
3.147523731378017858e-02
3.147523731378017858e-02
3.147523731378017858e-02
3.147523731378017858e-02
3.147523731378017858e-02
3.147523731378017858e-02
0.000000000000000000e+00
0.000000000000000000e+00
0.000000000000000000e+00
0.000000000000000000e+00
9.243184441353994793e-03
0.000000000000000000e+00
0.000000000000000000e+00
2.237328473787487254e-02
2.237328473787487254e-02
1.952225644664369120e-03
1.952225644664369120e-03
1.952225644664369120e-03
1.952225644664369120e-03
1.952225644664369120e-03
1.952225644664369120e-03
1.952225644664369120e-03
1.952225644664369120e-03
2.304127550081135414e-02
2.304127550081135414e-02
2.304127550081135414e-02
2.304127550081135414e-02
2.356736867702481641e-02
2.356736867702481641e-02
2.356736867702481641e-02
2.356736867702481641e-02
2.058558180054406370e-02
2.058558180054406370e-02
2.058558180054406370e-02
2.058558180054406370e-02
2.058558180054406370e-02
2.058558180054406370e-02
2.058558180054406370e-02
2.058558180054406370e-02
1.270569519132063244e-02
4.313446805338946172e-02
8.964133418377226090e-03
8.964133418377226090e-03
8.964133418377226090e-03
0.000000000000000000e+00
8.964133418377226090e-03
8.964133418377226090e-03
8.964133418377226090e-03
8.964133418377226090e-03
8.964133418377226090e-03
3.528864925206221664e-02
3.397189835671177854e-02
3.397189835671177854e-02
7.444693740570449206e-03
7.444693740570449206e-03
7.444693740570449206e-03
2.847706859831670989e-02
3.280612152298145040e-02
3.280612152298145040e-02
3.280612152298145040e-02
3.280612152298145040e-02
3.280612152298145040e-02
3.280612152298145040e-02
3.280612152298145040e-02
3.280612152298145040e-02
3.486980953676563355e-02
1.734039449162604399e-02
1.734039449162604399e-02
2.437577838079917070e-02
2.437577838079917070e-02
1.988060712905482304e-03
1.988060712905482304e-03
9.658369042825128842e-03
6.720429935978189037e-03
6.720429935978189037e-03
6.720429935978189037e-03
2.941625862639137695e-02
0.000000000000000000e+00
0.000000000000000000e+00
0.000000000000000000e+00
0.000000000000000000e+00
3.528864925206221664e-02
7.370829704893220582e-04
7.370829704893220582e-04
7.370829704893220582e-04
1.778416174697259114e-02
6.109681097826382898e-03
6.109681097826382898e-03
6.109681097826382898e-03
6.109681097826382898e-03
2.615215983110506792e-02
2.200153770837585867e-03
2.200153770837585867e-03
2.200153770837585867e-03
2.200153770837585867e-03
2.200153770837585867e-03
2.200153770837585867e-03
2.200153770837585867e-03
2.200153770837585867e-03
2.804473695160967020e-02
0.000000000000000000e+00
4.295755447891187739e-03
1.464723059783469734e-02
1.464723059783469734e-02
4.295755447891187739e-03
0.000000000000000000e+00
0.000000000000000000e+00
2.001279443876094813e-02
2.001279443876094813e-02
2.001279443876094813e-02
2.001279443876094813e-02
2.001279443876094813e-02
2.001279443876094813e-02
2.001279443876094813e-02
2.001279443876094813e-02
0.000000000000000000e+00
0.000000000000000000e+00
7.376131724099774245e-03
9.569495879569364302e-03
4.406203624186067445e-03
4.406203624186067445e-03
4.406203624186067445e-03
1.657706974495402018e-03
2.713824525329759825e-03
2.713824525329759825e-03
0.000000000000000000e+00
0.000000000000000000e+00
5.906211379468101659e-03
0.000000000000000000e+00
0.000000000000000000e+00
1.281425668693996281e-02
4.162988207911574520e-03
4.162988207911574520e-03
4.162988207911574520e-03
4.162988207911574520e-03
4.162988207911574520e-03
0.000000000000000000e+00
7.089122370992207225e-03
7.089122370992207225e-03
7.089122370992207225e-03
7.089122370992207225e-03
6.892759986899026081e-03
0.000000000000000000e+00
0.000000000000000000e+00
7.108432818347574199e-03
3.486980953676563355e-02
9.243184441353994793e-03
0.000000000000000000e+00
2.859577862115945772e-03
1.270569519132063244e-02
1.270569519132063244e-02
1.270569519132063244e-02
1.270569519132063244e-02
1.270569519132063244e-02
1.270569519132063244e-02
2.595624750098950335e-03
9.178582916853413737e-03
5.429673129954771388e-02
5.429673129954771388e-02
5.429673129954771388e-02
5.429673129954771388e-02
4.670606764840060099e-03
4.670606764840060099e-03
4.670606764840060099e-03
4.670606764840060099e-03
4.670606764840060099e-03
4.670606764840060099e-03
4.670606764840060099e-03
4.670606764840060099e-03
4.670606764840060099e-03
4.670606764840060099e-03
3.016739788297021288e-02
0.000000000000000000e+00
0.000000000000000000e+00
2.738961258605739947e-03
2.738961258605739947e-03
2.738961258605739947e-03
2.738961258605739947e-03
1.634756303640079456e-02
1.634756303640079456e-02
1.153735739347678917e-02
0.000000000000000000e+00
0.000000000000000000e+00
9.836610701880655130e-03
1.457481869243830094e-02
1.457481869243830094e-02
1.457481869243830094e-02
1.457481869243830094e-02
1.457481869243830094e-02
1.457481869243830094e-02
6.893975804725056659e-03
1.384116579010184322e-03
1.384116579010184322e-03
1.384116579010184322e-03
1.232932006917881497e-02
1.232932006917881497e-02
1.232932006917881497e-02
1.232932006917881497e-02
5.233294669592792117e-03
2.141182675167327062e-02
2.141182675167327062e-02
3.960829967101655615e-03
1.371451580418837218e-02
1.371451580418837218e-02
1.371451580418837218e-02
1.371451580418837218e-02
1.371451580418837218e-02
1.371451580418837218e-02
1.371451580418837218e-02
1.371451580418837218e-02
1.243638539367228520e-02
1.657706974495402018e-03
1.340184039653903982e-03
2.595624750098950335e-03
8.678098916107577360e-03
2.384240400310640683e-03
4.108471962678098520e-03
4.108471962678098520e-03
4.108471962678098520e-03
4.108471962678098520e-03
4.108471962678098520e-03
4.108471962678098520e-03
4.108471962678098520e-03
4.108471962678098520e-03
5.741356718973640583e-03
5.741356718973640583e-03
1.449500116885198836e-02
1.449500116885198836e-02
4.772127442419664411e-03
4.772127442419664411e-03
6.637504513174805401e-03
3.297585528280881292e-03
3.297585528280881292e-03
3.297585528280881292e-03
3.297585528280881292e-03
3.297585528280881292e-03
3.297585528280881292e-03
3.297585528280881292e-03
2.462201761290931309e-02
2.462201761290931309e-02
0.000000000000000000e+00
0.000000000000000000e+00
0.000000000000000000e+00
0.000000000000000000e+00
5.233294669592792117e-03
5.233294669592792117e-03
5.233294669592792117e-03
1.324525842142317347e-02
1.243638539367228520e-02
2.116154686697366977e-02
5.487989584402652547e-03
5.487989584402652547e-03
5.487989584402652547e-03
5.487989584402652547e-03
1.562627862883703752e-03
4.200985640134864002e-02
4.200985640134864002e-02
4.200985640134864002e-02
4.200985640134864002e-02
0.000000000000000000e+00
0.000000000000000000e+00
0.000000000000000000e+00
0.000000000000000000e+00
1.778416174697259114e-02
1.778416174697259114e-02
1.778416174697259114e-02
1.778416174697259114e-02
1.778416174697259114e-02
1.778416174697259114e-02
1.778416174697259114e-02
1.778416174697259114e-02
1.778416174697259114e-02
0.000000000000000000e+00
0.000000000000000000e+00
9.329784665210874919e-03
9.329784665210874919e-03
9.329784665210874919e-03
9.329784665210874919e-03
9.329784665210874919e-03
2.288848380281832337e-02
0.000000000000000000e+00
0.000000000000000000e+00
0.000000000000000000e+00
0.000000000000000000e+00
3.500311421559280413e-03
3.500311421559280413e-03
3.500311421559280413e-03
3.500311421559280413e-03
3.500311421559280413e-03
1.324525842142317347e-02
1.324525842142317347e-02
1.324525842142317347e-02
1.324525842142317347e-02
2.346836190192308491e-02
2.346836190192308491e-02
0.000000000000000000e+00
0.000000000000000000e+00
3.129741520819353043e-03
1.561937534249710014e-03
3.129741520819353043e-03
1.340184039653903982e-03
1.340184039653903982e-03
0.000000000000000000e+00
6.249823863279482458e-03
1.511297560379912600e-02
1.243749617188740116e-02
2.795898622605689707e-02
2.985306168017197448e-03
2.985306168017197448e-03
2.985306168017197448e-03
2.389198945293455334e-02
1.076613772184477173e-02
0.000000000000000000e+00
0.000000000000000000e+00
0.000000000000000000e+00
0.000000000000000000e+00
0.000000000000000000e+00
1.217114271378673396e-01
2.851794935092615696e-02
1.761360124073867509e-02
1.761360124073867509e-02
1.761360124073867509e-02
2.851794935092615696e-02
2.770972495628948318e-02
2.770972495628948318e-02
2.770972495628948318e-02
2.770972495628948318e-02
0.000000000000000000e+00
0.000000000000000000e+00
3.475046316546304831e-02
0.000000000000000000e+00
7.042829791480446737e-03
7.042829791480446737e-03
7.042829791480446737e-03
0.000000000000000000e+00
2.389198945293455334e-02
2.389198945293455334e-02
2.389198945293455334e-02
0.000000000000000000e+00
0.000000000000000000e+00
0.000000000000000000e+00
0.000000000000000000e+00
0.000000000000000000e+00
0.000000000000000000e+00
1.122019641094649384e-02
2.560085762250611727e-03
2.560085762250611727e-03
2.560085762250611727e-03
1.991425994717267722e-02
2.899086464076533823e-02
2.899086464076533823e-02
2.899086464076533823e-02
2.899086464076533823e-02
2.899086464076533823e-02
2.899086464076533823e-02
1.720642242926308588e-02
8.141958850812001935e-03
8.141958850812001935e-03
6.695368837111849609e-03
6.695368837111849609e-03
1.571258563002538716e-02
7.568635519552907413e-03
7.568635519552907413e-03
7.568635519552907413e-03
7.568635519552907413e-03
3.349054058810588957e-02
4.451350058389090536e-02
4.451350058389090536e-02
4.451350058389090536e-02
4.451350058389090536e-02
4.451350058389090536e-02
4.451350058389090536e-02
4.451350058389090536e-02
4.451350058389090536e-02
4.451350058389090536e-02
4.451350058389090536e-02
3.896738610849423846e-03
3.896738610849423846e-03
1.223442053140199638e-02
1.223442053140199638e-02
1.223442053140199638e-02
1.223442053140199638e-02
0.000000000000000000e+00
7.911173519506951857e-03
7.911173519506951857e-03
7.911173519506951857e-03
7.911173519506951857e-03
7.911173519506951857e-03
7.911173519506951857e-03
7.911173519506951857e-03
7.911173519506951857e-03
7.911173519506951857e-03
7.911173519506951857e-03
0.000000000000000000e+00
3.147655889525532730e-03
3.147655889525532730e-03
3.147655889525532730e-03
2.245723034586539005e-02
2.245723034586539005e-02
2.245723034586539005e-02
2.245723034586539005e-02
2.245723034586539005e-02
2.245723034586539005e-02
1.413776810747516960e-02
0.000000000000000000e+00
0.000000000000000000e+00
7.225027484963432445e-03
7.225027484963432445e-03
7.225027484963432445e-03
7.225027484963432445e-03
7.225027484963432445e-03
7.225027484963432445e-03
7.225027484963432445e-03
7.225027484963432445e-03
1.172344700377708077e-02
1.172344700377708077e-02
1.172344700377708077e-02
1.172344700377708077e-02
1.720642242926308588e-02
0.000000000000000000e+00
0.000000000000000000e+00
0.000000000000000000e+00
0.000000000000000000e+00
0.000000000000000000e+00
6.892759986899026081e-03
6.892759986899026081e-03
6.892759986899026081e-03
1.644237735229284528e-02
4.219713216776907667e-04
4.219713216776907667e-04
4.219713216776907667e-04
4.219713216776907667e-04
4.219713216776907667e-04
4.219713216776907667e-04
1.122019641094649384e-02
1.122019641094649384e-02
1.122019641094649384e-02
1.404642746583787370e-02
1.503259216585188171e-02
1.503259216585188171e-02
0.000000000000000000e+00
5.427188833984903163e-03
5.427188833984903163e-03
5.427188833984903163e-03
5.427188833984903163e-03
5.427188833984903163e-03
5.427188833984903163e-03
5.427188833984903163e-03
9.610966797285748139e-03
0.000000000000000000e+00
1.259896001806698994e-02
1.988049174672164299e-02
1.988049174672164299e-02
9.445748359229360139e-03
0.000000000000000000e+00
1.081590401973631099e-02
1.081590401973631099e-02
4.001182786411175592e-03
1.685868691624493659e-03
1.685868691624493659e-03
1.685868691624493659e-03
1.685868691624493659e-03
1.685868691624493659e-03
1.685868691624493659e-03
1.685868691624493659e-03
0.000000000000000000e+00
0.000000000000000000e+00
0.000000000000000000e+00
0.000000000000000000e+00
3.878927484314124291e-02
3.878927484314124291e-02
3.878927484314124291e-02
3.878927484314124291e-02
3.878927484314124291e-02
3.878927484314124291e-02
3.878927484314124291e-02
3.878927484314124291e-02
3.878927484314124291e-02
3.878927484314124291e-02
3.878927484314124291e-02
3.878927484314124291e-02
3.878927484314124291e-02
1.523821167219764280e-02
1.523821167219764280e-02
4.550259144990361632e-02
4.550259144990361632e-02
8.795427255417813395e-03
1.343478162613725296e-02
1.343478162613725296e-02
1.343478162613725296e-02
1.343478162613725296e-02
1.343478162613725296e-02
1.343478162613725296e-02
1.343478162613725296e-02
1.343478162613725296e-02
1.343478162613725296e-02
1.343478162613725296e-02
1.018742886267577120e-02
1.018742886267577120e-02
1.018742886267577120e-02
1.018742886267577120e-02
1.018742886267577120e-02
1.018742886267577120e-02
1.018742886267577120e-02
1.018742886267577120e-02
1.018742886267577120e-02
1.018742886267577120e-02
7.684961090276717227e-03
1.018742886267577120e-02
0.000000000000000000e+00
1.528463524679913969e-02
1.528463524679913969e-02
1.528463524679913969e-02
1.528463524679913969e-02
1.159928682739554823e-02
1.159928682739554823e-02
1.159928682739554823e-02
1.159928682739554823e-02
1.159928682739554823e-02
1.159928682739554823e-02
1.159928682739554823e-02
1.159928682739554823e-02
1.159928682739554823e-02
1.159928682739554823e-02
1.159928682739554823e-02
2.057511643875692495e-03
6.048804716220324874e-03
6.048804716220324874e-03
6.048804716220324874e-03
6.048804716220324874e-03
1.188023615271971076e-02
1.188023615271971076e-02
2.072367349775527424e-03
2.072367349775527424e-03
1.773936323064408387e-03
3.477497234869331155e-02
3.477497234869331155e-02
3.477497234869331155e-02
3.477497234869331155e-02
3.477497234869331155e-02
3.550232268619981464e-04
3.550232268619981464e-04
3.550232268619981464e-04
3.550232268619981464e-04
3.550232268619981464e-04
3.550232268619981464e-04
3.016739788297021288e-02
0.000000000000000000e+00
0.000000000000000000e+00
7.354230572120232928e-03
7.354230572120232928e-03
7.354230572120232928e-03
7.354230572120232928e-03
0.000000000000000000e+00
0.000000000000000000e+00
0.000000000000000000e+00
3.828613684813735908e-03
3.828613684813735908e-03
3.828613684813735908e-03
3.828613684813735908e-03
2.532314736382263246e-02
7.752058347412650770e-03
7.752058347412650770e-03
7.752058347412650770e-03
7.752058347412650770e-03
7.752058347412650770e-03
7.752058347412650770e-03
7.752058347412650770e-03
7.752058347412650770e-03
7.752058347412650770e-03
1.066565032291016263e-02
1.066565032291016263e-02
4.024139376892547047e-03
4.024139376892547047e-03
3.741454949463051544e-02
3.741454949463051544e-02
0.000000000000000000e+00
0.000000000000000000e+00
0.000000000000000000e+00
0.000000000000000000e+00
0.000000000000000000e+00
0.000000000000000000e+00
0.000000000000000000e+00
0.000000000000000000e+00
0.000000000000000000e+00
1.067785804490500000e-02
1.067785804490500000e-02
2.659070056827177869e-02
1.132367357927269343e-02
1.132367357927269343e-02
1.132367357927269343e-02
1.132367357927269343e-02
1.132367357927269343e-02
1.132367357927269343e-02
1.132367357927269343e-02
2.954725619054480480e-03
1.132367357927269343e-02
1.132367357927269343e-02
1.132367357927269343e-02
2.527487779370372195e-02
4.697083950181013198e-03
4.697083950181013198e-03
4.697083950181013198e-03
4.697083950181013198e-03
4.697083950181013198e-03
4.697083950181013198e-03
4.697083950181013198e-03
4.697083950181013198e-03
4.697083950181013198e-03
4.697083950181013198e-03
4.592576689137092827e-01
4.592576689137092827e-01
4.592576689137092827e-01
4.592576689137092827e-01
4.592576689137092827e-01
4.592576689137092827e-01
9.638458031684206395e-03
1.810891930466528021e-02
1.810891930466528021e-02
1.810891930466528021e-02
1.810891930466528021e-02
1.810891930466528021e-02
1.041740261687386371e-02
9.968396274551715591e-03
9.968396274551715591e-03
3.061202922658046860e-02
2.356983452701430851e-02
2.356983452701430851e-02
2.356983452701430851e-02
6.027859526322985190e-03
6.027859526322985190e-03
0.000000000000000000e+00
0.000000000000000000e+00
0.000000000000000000e+00
0.000000000000000000e+00
1.628635181567589241e-02
1.884037034066742347e-02
1.884037034066742347e-02
1.567067421842501798e-03
1.567067421842501798e-03
1.335092899771615424e-02
1.335092899771615424e-02
0.000000000000000000e+00
0.000000000000000000e+00
0.000000000000000000e+00
0.000000000000000000e+00
0.000000000000000000e+00
0.000000000000000000e+00
0.000000000000000000e+00
6.262064594375629789e-02
6.262064594375629789e-02
1.955457725171059341e-02
1.955457725171059341e-02
1.955457725171059341e-02
1.955457725171059341e-02
1.955457725171059341e-02
0.000000000000000000e+00
0.000000000000000000e+00
0.000000000000000000e+00
0.000000000000000000e+00
0.000000000000000000e+00
0.000000000000000000e+00
0.000000000000000000e+00
0.000000000000000000e+00
0.000000000000000000e+00
0.000000000000000000e+00
0.000000000000000000e+00
0.000000000000000000e+00
0.000000000000000000e+00
0.000000000000000000e+00
0.000000000000000000e+00
8.517558444597035996e-03
8.517558444597035996e-03
8.517558444597035996e-03
1.706456058677627979e-02
1.706456058677627979e-02
1.706456058677627979e-02
1.706456058677627979e-02
1.706456058677627979e-02
3.817945517793360378e-03
1.236252466886242352e-02
2.939666234492288241e-02
2.939666234492288241e-02
2.939666234492288241e-02
2.939666234492288241e-02
2.939666234492288241e-02
2.939666234492288241e-02
9.610966797285748139e-03
9.610966797285748139e-03
9.610966797285748139e-03
2.297892094349925172e-03
2.297892094349925172e-03
2.297892094349925172e-03
0.000000000000000000e+00
2.385354479941255088e-02
2.385354479941255088e-02
2.385354479941255088e-02
2.142995782867120752e-02
5.333352821722697236e-03
5.333352821722697236e-03
1.220586634630012671e-02
1.220586634630012671e-02
1.143270791063003781e-03
2.220036270888087887e-03
0.000000000000000000e+00
1.383579846414821624e-02
0.000000000000000000e+00
0.000000000000000000e+00
0.000000000000000000e+00
0.000000000000000000e+00
0.000000000000000000e+00
0.000000000000000000e+00
2.991407486659607758e-03
1.149922656028310071e-02
1.149922656028310071e-02
1.149922656028310071e-02
1.149922656028310071e-02
1.149922656028310071e-02
1.149922656028310071e-02
1.463401213956979155e-02
6.966627506880586525e-03
6.966627506880586525e-03
6.966627506880586525e-03
6.966627506880586525e-03
3.129284313531378783e-03
6.335339564337258943e-03
6.335339564337258943e-03
6.335339564337258943e-03
6.335339564337258943e-03
1.360906050749276144e-03
1.360906050749276144e-03
1.360906050749276144e-03
1.360906050749276144e-03
1.360906050749276144e-03
1.360906050749276144e-03
1.360906050749276144e-03
1.360906050749276144e-03
1.360906050749276144e-03
1.360906050749276144e-03
1.360906050749276144e-03
1.360906050749276144e-03
1.360906050749276144e-03
1.360906050749276144e-03
1.532745318092859090e-04
1.532745318092859090e-04
9.474546975328444450e-04
8.294905502109938683e-03
8.294905502109938683e-03
8.294905502109938683e-03
8.294905502109938683e-03
8.294905502109938683e-03
8.294905502109938683e-03
8.294905502109938683e-03
8.294905502109938683e-03
6.218359462246127352e-03
1.511809052150698413e-02
2.000533646585741631e-03
2.000533646585741631e-03
2.000533646585741631e-03
1.180196652752866886e-02
2.748713030766892357e-03
2.748713030766892357e-03
2.748713030766892357e-03
2.748713030766892357e-03
9.300244673464251209e-04
2.527044006901361592e-02
2.527044006901361592e-02
3.182345789156308669e-02
1.195567647293774467e-02
1.195567647293774467e-02
1.195567647293774467e-02
1.195567647293774467e-02
1.195567647293774467e-02
1.195567647293774467e-02
1.195567647293774467e-02
1.195567647293774467e-02
1.195567647293774467e-02
1.195567647293774467e-02
1.609111839149315881e-02
1.609111839149315881e-02
9.603279953186945328e-03
0.000000000000000000e+00
0.000000000000000000e+00
0.000000000000000000e+00
0.000000000000000000e+00
0.000000000000000000e+00
0.000000000000000000e+00
0.000000000000000000e+00
0.000000000000000000e+00
0.000000000000000000e+00
0.000000000000000000e+00
0.000000000000000000e+00
0.000000000000000000e+00
1.456126149178922809e-02
1.872982620961087877e-02
1.872982620961087877e-02
1.872982620961087877e-02
1.872982620961087877e-02
8.013037782467724926e-03
8.013037782467724926e-03
8.013037782467724926e-03
8.013037782467724926e-03
8.113838896529229280e-03
8.113838896529229280e-03
1.156745139379094026e-02
1.156745139379094026e-02
1.438072741810675478e-03
1.100563271827080004e-02
1.100563271827080004e-02
1.100563271827080004e-02
1.100563271827080004e-02
1.100563271827080004e-02
1.100563271827080004e-02
1.281425668693996281e-02
1.281425668693996281e-02
1.281425668693996281e-02
1.281425668693996281e-02
0.000000000000000000e+00
5.527285898854602565e-03
3.200080822771107867e-03
8.139615639142418896e-03
8.139615639142418896e-03
8.139615639142418896e-03
8.139615639142418896e-03
0.000000000000000000e+00
0.000000000000000000e+00
3.545712226898651426e-02
2.086179894549933245e-02
2.086179894549933245e-02
2.086179894549933245e-02
2.086179894549933245e-02
2.086179894549933245e-02
2.086179894549933245e-02
1.120757447937055290e-03
1.120757447937055290e-03
1.120757447937055290e-03
1.120757447937055290e-03
1.120757447937055290e-03
1.120757447937055290e-03
2.134002484204879438e-02
2.134002484204879438e-02
0.000000000000000000e+00
0.000000000000000000e+00
0.000000000000000000e+00
0.000000000000000000e+00
0.000000000000000000e+00
0.000000000000000000e+00
0.000000000000000000e+00
0.000000000000000000e+00
4.292167641588615079e-02
4.292167641588615079e-02
3.851269078440797827e-02
1.072986463819533380e-02
1.072986463819533380e-02
3.065650667018963646e-02
3.065650667018963646e-02
3.065650667018963646e-02
3.065650667018963646e-02
3.065650667018963646e-02
3.065650667018963646e-02
3.065650667018963646e-02
3.065650667018963646e-02
3.065650667018963646e-02
3.065650667018963646e-02
3.065650667018963646e-02
3.065650667018963646e-02
3.065650667018963646e-02
1.086152687844228054e-02
1.039868030229491522e-02
2.776546180036413430e-02
2.776546180036413430e-02
3.303136867995167848e-03
4.352057045880214879e-03
4.352057045880214879e-03
4.352057045880214879e-03
4.352057045880214879e-03
4.352057045880214879e-03
4.352057045880214879e-03
4.352057045880214879e-03
4.352057045880214879e-03
4.352057045880214879e-03
4.352057045880214879e-03
4.352057045880214879e-03
4.352057045880214879e-03
5.745393559631700037e-03
5.745393559631700037e-03
5.745393559631700037e-03
5.745393559631700037e-03
5.745393559631700037e-03
5.745393559631700037e-03
7.547077155796111381e-03
7.025525145613146019e-03
0.000000000000000000e+00
1.268048584691010283e-02
1.268048584691010283e-02
1.268048584691010283e-02
1.268048584691010283e-02
1.268048584691010283e-02
1.268048584691010283e-02
1.268048584691010283e-02
1.268048584691010283e-02
8.701308333424868924e-03
8.701308333424868924e-03
8.701308333424868924e-03
8.701308333424868924e-03
3.398939857140790329e-03
3.398939857140790329e-03
0.000000000000000000e+00
0.000000000000000000e+00
1.097847833673206742e-03
1.097847833673206742e-03
1.097847833673206742e-03
1.097847833673206742e-03
6.631995372059724080e-03
1.018779412912332837e-02
1.018779412912332837e-02
1.650630092254018466e-02
0.000000000000000000e+00
0.000000000000000000e+00
1.086152687844228054e-02
1.086152687844228054e-02
1.086152687844228054e-02
2.886948408306390379e-02
1.495441901678495715e-02
1.495441901678495715e-02
1.495441901678495715e-02
1.818853519181229048e-02
2.279243504777028750e-02
7.547077155796111381e-03
0.000000000000000000e+00
4.363070426166584803e-03
4.363070426166584803e-03
4.363070426166584803e-03
4.363070426166584803e-03
4.363070426166584803e-03
4.363070426166584803e-03
4.363070426166584803e-03
4.363070426166584803e-03
4.363070426166584803e-03
4.363070426166584803e-03
4.363070426166584803e-03
4.363070426166584803e-03
2.093848251441756542e-02
2.093848251441756542e-02
2.093848251441756542e-02
2.093848251441756542e-02
2.093848251441756542e-02
2.093848251441756542e-02
2.093848251441756542e-02
2.093848251441756542e-02
6.631995372059724080e-03
1.043921130150448837e-02
1.043921130150448837e-02
1.043921130150448837e-02
1.043921130150448837e-02
1.043921130150448837e-02
1.043921130150448837e-02
1.043921130150448837e-02
1.043921130150448837e-02
1.043921130150448837e-02
1.043921130150448837e-02
1.043921130150448837e-02
1.043921130150448837e-02
1.043921130150448837e-02
1.043921130150448837e-02
1.043921130150448837e-02
1.043921130150448837e-02
1.043921130150448837e-02
2.172970296681958624e-02
2.172970296681958624e-02
1.818853519181229048e-02
1.818853519181229048e-02
1.818853519181229048e-02
1.818853519181229048e-02
3.091999204504215434e-03
1.673816442279276936e-02
1.673816442279276936e-02
1.673816442279276936e-02
1.673816442279276936e-02
1.673816442279276936e-02
1.673816442279276936e-02
1.716332813991135881e-02
2.142995782867120752e-02
2.142995782867120752e-02
2.142995782867120752e-02
4.203592811264617903e-03
9.699556887032610361e-03
9.699556887032610361e-03
9.699556887032610361e-03
9.699556887032610361e-03
9.699556887032610361e-03
9.699556887032610361e-03
9.699556887032610361e-03
4.545525868071798384e-03
4.847583586015875162e-02
4.847583586015875162e-02
4.847583586015875162e-02
4.847583586015875162e-02
0.000000000000000000e+00
0.000000000000000000e+00
0.000000000000000000e+00
0.000000000000000000e+00
0.000000000000000000e+00
1.093477801306537087e-02
1.093477801306537087e-02
1.093477801306537087e-02
1.093477801306537087e-02
1.122173262611800802e-02
2.543937259102529644e-02
2.543937259102529644e-02
2.543937259102529644e-02
2.543937259102529644e-02
2.543937259102529644e-02
2.543937259102529644e-02
2.543937259102529644e-02
2.543937259102529644e-02
0.000000000000000000e+00
0.000000000000000000e+00
0.000000000000000000e+00
0.000000000000000000e+00
0.000000000000000000e+00
0.000000000000000000e+00
0.000000000000000000e+00
0.000000000000000000e+00
0.000000000000000000e+00
1.626015184541282008e-02
5.354248877510054891e-03
5.354248877510054891e-03
5.354248877510054891e-03
5.354248877510054891e-03
5.354248877510054891e-03
5.354248877510054891e-03
5.354248877510054891e-03
5.354248877510054891e-03
5.354248877510054891e-03
5.354248877510054891e-03
5.354248877510054891e-03
5.354248877510054891e-03
5.354248877510054891e-03
5.354248877510054891e-03
5.354248877510054891e-03
5.354248877510054891e-03
5.046709893904506757e-03
5.046709893904506757e-03
5.010160555664834939e-03
5.010160555664834939e-03
5.010160555664834939e-03
5.010160555664834939e-03
5.010160555664834939e-03
5.010160555664834939e-03
5.010160555664834939e-03
5.010160555664834939e-03
5.010160555664834939e-03
5.010160555664834939e-03
5.010160555664834939e-03
5.010160555664834939e-03
5.010160555664834939e-03
5.010160555664834939e-03
5.010160555664834939e-03
6.641262764024116099e-04
3.960829967101655615e-03
3.960829967101655615e-03
3.960829967101655615e-03
1.217114271378673396e-01
1.217114271378673396e-01
1.217114271378673396e-01
1.217114271378673396e-01
1.697646787228858020e-02
1.697646787228858020e-02
1.697646787228858020e-02
1.697646787228858020e-02
3.535908791992422532e-03
3.535908791992422532e-03
3.535908791992422532e-03
3.535908791992422532e-03
3.535908791992422532e-03
1.289297523322610085e-02
3.535908791992422532e-03
0.000000000000000000e+00
6.641262764024116099e-04
2.116154686697366977e-02
2.279531874217701967e-02
2.279531874217701967e-02
2.411198739331146812e-02
1.163324176362267974e-02
1.482604169677436551e-02
1.482604169677436551e-02
1.482604169677436551e-02
1.482604169677436551e-02
1.482604169677436551e-02
1.482604169677436551e-02
1.482604169677436551e-02
1.482604169677436551e-02
0.000000000000000000e+00
1.997716303503216037e-02
1.997716303503216037e-02
0.000000000000000000e+00
0.000000000000000000e+00
2.411198739331146812e-02
2.411198739331146812e-02
1.438072741810675478e-03
7.712398891672115134e-03
7.712398891672115134e-03
1.022640458061853212e-02
1.022640458061853212e-02
1.022640458061853212e-02
1.022640458061853212e-02
1.022640458061853212e-02
1.022640458061853212e-02
1.022640458061853212e-02
1.022640458061853212e-02
0.000000000000000000e+00
0.000000000000000000e+00
0.000000000000000000e+00
0.000000000000000000e+00
1.868473519219868975e-03
4.288283298599596268e-04
4.288283298599596268e-04
1.420313460085924698e-02
0.000000000000000000e+00
2.164872405190875967e-02
0.000000000000000000e+00
0.000000000000000000e+00
0.000000000000000000e+00
0.000000000000000000e+00
0.000000000000000000e+00
0.000000000000000000e+00
0.000000000000000000e+00
1.088469774164160840e-03
1.650630092254018466e-02
1.022997148125657021e-02
1.225183269931973476e-02
1.225183269931973476e-02
1.225183269931973476e-02
9.233251828324295213e-05
9.233251828324295213e-05
9.233251828324295213e-05
9.233251828324295213e-05
9.233251828324295213e-05
9.233251828324295213e-05
0.000000000000000000e+00
0.000000000000000000e+00
0.000000000000000000e+00
2.518465568914291224e-03
2.518465568914291224e-03
0.000000000000000000e+00
2.547351814774800362e-03
2.547351814774800362e-03
2.547351814774800362e-03
2.547351814774800362e-03
2.547351814774800362e-03
2.547351814774800362e-03
2.547351814774800362e-03
2.547351814774800362e-03
2.547351814774800362e-03
2.547351814774800362e-03
2.547351814774800362e-03
2.547351814774800362e-03
2.547351814774800362e-03
2.547351814774800362e-03
2.547351814774800362e-03
2.547351814774800362e-03
0.000000000000000000e+00
6.396601413200999481e-03
6.396601413200999481e-03
6.396601413200999481e-03
6.396601413200999481e-03
6.396601413200999481e-03
6.396601413200999481e-03
6.396601413200999481e-03
6.396601413200999481e-03
6.396601413200999481e-03
6.396601413200999481e-03
6.396601413200999481e-03
6.396601413200999481e-03
6.396601413200999481e-03
6.396601413200999481e-03
1.101467062971951509e-02
2.735502566907063726e-03
2.735502566907063726e-03
2.735502566907063726e-03
2.735502566907063726e-03
2.735502566907063726e-03
2.735502566907063726e-03
2.735502566907063726e-03
2.735502566907063726e-03
2.735502566907063726e-03
0.000000000000000000e+00
0.000000000000000000e+00
0.000000000000000000e+00
0.000000000000000000e+00
0.000000000000000000e+00
1.333873883112497542e-02
1.656745121949021113e-02
1.656745121949021113e-02
1.656745121949021113e-02
1.656745121949021113e-02
1.656745121949021113e-02
1.656745121949021113e-02
1.656745121949021113e-02
1.656745121949021113e-02
1.943881380164383735e-02
1.647449530675152221e-02
1.647449530675152221e-02
1.647449530675152221e-02
1.647449530675152221e-02
1.647449530675152221e-02
1.647449530675152221e-02
1.647449530675152221e-02
1.647449530675152221e-02
0.000000000000000000e+00
0.000000000000000000e+00
2.838868376900604076e-02
6.682175448599499828e-03
6.682175448599499828e-03
6.682175448599499828e-03
6.682175448599499828e-03
6.682175448599499828e-03
6.682175448599499828e-03
6.697306417141603296e-02
6.697306417141603296e-02
6.697306417141603296e-02
6.697306417141603296e-02
6.697306417141603296e-02
6.697306417141603296e-02
6.697306417141603296e-02
6.697306417141603296e-02
6.697306417141603296e-02
6.697306417141603296e-02
6.697306417141603296e-02
6.697306417141603296e-02
6.697306417141603296e-02
2.106239003682890826e-02
2.106239003682890826e-02
2.106239003682890826e-02
2.106239003682890826e-02
1.511809052150698413e-02
1.511809052150698413e-02
1.511809052150698413e-02
1.511809052150698413e-02
1.511809052150698413e-02
1.511809052150698413e-02
0.000000000000000000e+00
0.000000000000000000e+00
0.000000000000000000e+00
0.000000000000000000e+00
0.000000000000000000e+00
0.000000000000000000e+00
0.000000000000000000e+00
0.000000000000000000e+00
2.091102694523751943e-02
2.091102694523751943e-02
2.091102694523751943e-02
2.091102694523751943e-02
2.091102694523751943e-02
2.091102694523751943e-02
2.091102694523751943e-02
2.809834685329509057e-02
6.950597095245081118e-03
1.771791207476423533e-02
1.771791207476423533e-02
1.771791207476423533e-02
1.771791207476423533e-02
1.771791207476423533e-02
1.771791207476423533e-02
2.838868376900604076e-02
2.838868376900604076e-02
2.838868376900604076e-02
2.838868376900604076e-02
2.566766212767392433e-02
2.566766212767392433e-02
2.566766212767392433e-02
2.566766212767392433e-02
1.041740261687386371e-02
2.636531610552688212e-02
2.636531610552688212e-02
0.000000000000000000e+00
0.000000000000000000e+00
0.000000000000000000e+00
0.000000000000000000e+00
0.000000000000000000e+00
0.000000000000000000e+00
0.000000000000000000e+00
0.000000000000000000e+00
2.116154686697366977e-02
2.116154686697366977e-02
2.116154686697366977e-02
2.116154686697366977e-02
2.116154686697366977e-02
1.865335385131923485e-02
3.955388085218211613e-02
3.955388085218211613e-02
3.955388085218211613e-02
3.955388085218211613e-02
3.955388085218211613e-02
3.955388085218211613e-02
3.955388085218211613e-02
3.955388085218211613e-02
1.239425597576633981e-01
1.239425597576633981e-01
1.239425597576633981e-01
1.239425597576633981e-01
1.239425597576633981e-01
1.239425597576633981e-01
1.239425597576633981e-01
1.239425597576633981e-01
1.239425597576633981e-01
1.239425597576633981e-01
1.239425597576633981e-01
1.239425597576633981e-01
1.239425597576633981e-01
1.239425597576633981e-01
1.239425597576633981e-01
1.239425597576633981e-01
1.239425597576633981e-01
1.239425597576633981e-01
4.479389828896953099e-03
0.000000000000000000e+00
0.000000000000000000e+00
8.648720175862800166e-04
8.648720175862800166e-04
8.648720175862800166e-04
8.648720175862800166e-04
0.000000000000000000e+00
0.000000000000000000e+00
2.546895554532109876e-02
0.000000000000000000e+00
0.000000000000000000e+00
3.962733986091442409e-03
2.273526166421217451e-02
1.437446791068685073e-02
3.139017135275012221e-02
3.139017135275012221e-02
3.128941331806300158e-02
3.139017135275012221e-02
0.000000000000000000e+00
0.000000000000000000e+00
0.000000000000000000e+00
0.000000000000000000e+00
2.596067394094036043e-02
2.596067394094036043e-02
2.596067394094036043e-02
2.596067394094036043e-02
5.009204620819779005e-03
5.009204620819779005e-03
1.437446791068685073e-02
1.437446791068685073e-02
6.585390956294427320e-03
6.585390956294427320e-03
6.585390956294427320e-03
6.585390956294427320e-03
6.585390956294427320e-03
6.585390956294427320e-03
6.585390956294427320e-03
6.585390956294427320e-03
6.585390956294427320e-03
6.585390956294427320e-03
6.585390956294427320e-03
6.585390956294427320e-03
6.585390956294427320e-03
6.585390956294427320e-03
6.585390956294427320e-03
3.257038838777790574e-03
3.665119016070284962e-03
3.665119016070284962e-03
0.000000000000000000e+00
0.000000000000000000e+00
0.000000000000000000e+00
0.000000000000000000e+00
0.000000000000000000e+00
0.000000000000000000e+00
0.000000000000000000e+00
0.000000000000000000e+00
0.000000000000000000e+00
1.485992875336146317e-02
2.519254726383752044e-03
1.599073431019231231e-02
2.678370964328787018e-02
2.678370964328787018e-02
2.678370964328787018e-02
2.678370964328787018e-02
2.678370964328787018e-02
2.678370964328787018e-02
9.927962336092433643e-03
1.037139497555009462e-02
1.037139497555009462e-02
1.679701232371782690e-02
1.037139497555009462e-02
1.037139497555009462e-02
1.037139497555009462e-02
1.037139497555009462e-02
1.037139497555009462e-02
1.959744582865815057e-02
3.257038838777790574e-03
1.404642746583787370e-02
8.703125927166946441e-03
8.703125927166946441e-03
1.485992875336146317e-02
1.485992875336146317e-02
1.981075819862942664e-02
1.981075819862942664e-02
1.865335385131923485e-02
1.865335385131923485e-02
1.568907942893270346e-02
1.182128711024889420e-04
1.182128711024889420e-04
1.182128711024889420e-04
1.182128711024889420e-04
1.182128711024889420e-04
1.959744582865815057e-02
1.959744582865815057e-02
1.959744582865815057e-02
1.959744582865815057e-02
1.959744582865815057e-02
2.212712786904588724e-02
2.212712786904588724e-02
2.212712786904588724e-02
2.212712786904588724e-02
2.212712786904588724e-02
2.212712786904588724e-02
2.212712786904588724e-02
2.212712786904588724e-02
5.030966116276899130e-02
4.617696750433018110e-02
4.617696750433018110e-02
4.617696750433018110e-02
4.617696750433018110e-02
5.002892512387592527e-03
5.002892512387592527e-03
5.002892512387592527e-03
5.002892512387592527e-03
5.002892512387592527e-03
5.002892512387592527e-03
1.101467062971951509e-02
1.101467062971951509e-02
1.317935381149522821e-02
1.317935381149522821e-02
1.404642746583787370e-02
1.404642746583787370e-02
1.404642746583787370e-02
1.404642746583787370e-02
1.404642746583787370e-02
3.000645727180515157e-03
3.000645727180515157e-03
2.285530098699104905e-03
1.838855457020198772e-02
1.838855457020198772e-02
1.838855457020198772e-02
1.838855457020198772e-02
0.000000000000000000e+00
0.000000000000000000e+00
0.000000000000000000e+00
0.000000000000000000e+00
0.000000000000000000e+00
0.000000000000000000e+00
0.000000000000000000e+00
1.277486106076891441e-02
6.680531217517980376e-04
6.680531217517980376e-04
6.807609099104535398e-03
2.504587779004669237e-02
2.504587779004669237e-02
2.504587779004669237e-02
2.504587779004669237e-02
2.504587779004669237e-02
2.504587779004669237e-02
1.277486106076891441e-02
1.628635181567589241e-02
1.040420377918891727e-02
1.199378644621767499e-02
1.199378644621767499e-02
5.231249801380163933e-03
6.131114684627307979e-03
6.131114684627307979e-03
6.131114684627307979e-03
6.131114684627307979e-03
6.131114684627307979e-03
6.131114684627307979e-03
6.131114684627307979e-03
6.131114684627307979e-03
3.289299735890051368e-02
3.376677332592381564e-02
3.376677332592381564e-02
3.376677332592381564e-02
3.376677332592381564e-02
2.170031692838174722e-02
2.170031692838174722e-02
2.170031692838174722e-02
2.170031692838174722e-02
2.170031692838174722e-02
2.170031692838174722e-02
2.170031692838174722e-02
2.170031692838174722e-02
2.170031692838174722e-02
2.170031692838174722e-02
2.170031692838174722e-02
6.271445828979758594e-03
6.271445828979758594e-03
1.858471311011447059e-03
5.675314497118100036e-03
5.675314497118100036e-03
6.807609099104535398e-03
6.807609099104535398e-03
6.807609099104535398e-03
6.807609099104535398e-03
6.357502218168454124e-04
6.357502218168454124e-04
6.357502218168454124e-04
6.357502218168454124e-04
6.357502218168454124e-04
6.357502218168454124e-04
6.357502218168454124e-04
6.357502218168454124e-04
6.357502218168454124e-04
6.357502218168454124e-04
6.357502218168454124e-04
6.357502218168454124e-04
6.357502218168454124e-04
6.423295796488404617e-03
1.871132730014370832e-02
6.423295796488404617e-03
6.423295796488404617e-03
4.983352711831939667e-03
4.983352711831939667e-03
1.429828905689809609e-02
1.040420377918891727e-02
1.608304969876839068e-03
1.608304969876839068e-03
1.608304969876839068e-03
1.608304969876839068e-03
1.608304969876839068e-03
1.608304969876839068e-03
1.608304969876839068e-03
1.608304969876839068e-03
2.024068066887402262e-02
2.024068066887402262e-02
2.024068066887402262e-02
2.024068066887402262e-02
2.024068066887402262e-02
2.024068066887402262e-02
2.024068066887402262e-02
2.024068066887402262e-02
2.024068066887402262e-02
2.024068066887402262e-02
2.024068066887402262e-02
2.024068066887402262e-02
1.792075932162326239e-03
1.858471311011447059e-03
4.545525868071798384e-03
4.545525868071798384e-03
4.545525868071798384e-03
6.730294979202910109e-03
3.289299735890051368e-02
3.289299735890051368e-02
3.289299735890051368e-02
4.289234568164965872e-03
3.449168811872343945e-03
1.792075932162326239e-03
1.792075932162326239e-03
1.792075932162326239e-03
1.792075932162326239e-03
1.792075932162326239e-03
2.251565411325646363e-03
2.532314736382263246e-02
1.059210601314050301e-02
1.059210601314050301e-02
1.059210601314050301e-02
1.059210601314050301e-02
1.059210601314050301e-02
1.059210601314050301e-02
1.059210601314050301e-02
1.059210601314050301e-02
1.059210601314050301e-02
1.059210601314050301e-02
1.059210601314050301e-02
1.059210601314050301e-02
1.417090752449725981e-02
1.417090752449725981e-02
1.417090752449725981e-02
1.417090752449725981e-02
1.417090752449725981e-02
1.417090752449725981e-02
1.417090752449725981e-02
1.843434484215635341e-02
4.035886889746720559e-03
4.035886889746720559e-03
1.476703639857573566e-02
1.186622733811118664e-02
3.196064800364158132e-02
3.196064800364158132e-02
3.196064800364158132e-02
2.251565411325646363e-03
2.251565411325646363e-03
2.251565411325646363e-03
2.251565411325646363e-03
5.231249801380163933e-03
5.231249801380163933e-03
5.231249801380163933e-03
5.231249801380163933e-03
5.231249801380163933e-03
5.231249801380163933e-03
5.231249801380163933e-03
5.231249801380163933e-03
4.821741126193995405e-03
0.000000000000000000e+00
0.000000000000000000e+00
9.596387838214604990e-03
1.429828905689809609e-02
1.429828905689809609e-02
1.429828905689809609e-02
1.429828905689809609e-02
1.429828905689809609e-02
6.637504513174805401e-03
1.383579846414821624e-02
1.383579846414821624e-02
1.383579846414821624e-02
1.383579846414821624e-02
1.122173262611800802e-02
1.122173262611800802e-02
1.122173262611800802e-02
1.122173262611800802e-02
1.122173262611800802e-02
1.122173262611800802e-02
1.186622733811118664e-02
1.186622733811118664e-02
9.596387838214604990e-03
9.596387838214604990e-03
9.596387838214604990e-03
9.596387838214604990e-03
9.596387838214604990e-03
9.596387838214604990e-03
1.626015184541282008e-02
1.626015184541282008e-02
1.626015184541282008e-02
1.626015184541282008e-02
1.626015184541282008e-02
1.626015184541282008e-02
4.684814045084411717e-03
4.684814045084411717e-03
4.684814045084411717e-03
4.684814045084411717e-03
4.684814045084411717e-03
4.684814045084411717e-03
4.684814045084411717e-03
4.684814045084411717e-03
4.684814045084411717e-03
4.684814045084411717e-03
4.684814045084411717e-03
4.684814045084411717e-03
4.684814045084411717e-03
4.684814045084411717e-03
4.684814045084411717e-03
1.136450130188829642e-02
1.991418016086452664e-02
1.991418016086452664e-02
1.991418016086452664e-02
1.991418016086452664e-02
1.991418016086452664e-02
1.991418016086452664e-02
1.991418016086452664e-02
1.991418016086452664e-02
1.991418016086452664e-02
1.991418016086452664e-02
2.190872880783331644e-03
2.190872880783331644e-03
1.562627862883703752e-03
3.962733986091442409e-03
7.140988191668656664e-03
7.140988191668656664e-03
0.000000000000000000e+00
0.000000000000000000e+00
9.409717308746991249e-03
0.000000000000000000e+00
9.409717308746991249e-03
9.409717308746991249e-03
9.409717308746991249e-03
9.409717308746991249e-03
0.000000000000000000e+00
4.386811983931669656e-02
1.586787648484909094e-02
2.751974996427711262e-02
1.974227567962857227e-02
1.572172111447620382e-03
1.572172111447620382e-03
1.572172111447620382e-03
1.572172111447620382e-03
1.572172111447620382e-03
1.572172111447620382e-03
1.572172111447620382e-03
1.985761507995791389e-02
2.598151528815143343e-02
2.598151528815143343e-02
8.589166324765156249e-03
8.589166324765156249e-03
0.000000000000000000e+00
0.000000000000000000e+00
0.000000000000000000e+00
0.000000000000000000e+00
0.000000000000000000e+00
0.000000000000000000e+00
1.195593497142732886e-02
1.195593497142732886e-02
2.336811492493098222e-03
2.527487779370372195e-02
2.527487779370372195e-02
0.000000000000000000e+00
0.000000000000000000e+00
0.000000000000000000e+00
0.000000000000000000e+00
3.891277868902088405e-02
3.891277868902088405e-02
3.891277868902088405e-02
3.891277868902088405e-02
3.891277868902088405e-02
3.891277868902088405e-02
0.000000000000000000e+00
0.000000000000000000e+00
4.713669676141504956e-03
5.906211379468101659e-03
5.906211379468101659e-03
5.906211379468101659e-03
0.000000000000000000e+00
0.000000000000000000e+00
0.000000000000000000e+00
0.000000000000000000e+00
0.000000000000000000e+00
0.000000000000000000e+00
0.000000000000000000e+00
0.000000000000000000e+00
0.000000000000000000e+00
0.000000000000000000e+00
0.000000000000000000e+00
0.000000000000000000e+00
0.000000000000000000e+00
0.000000000000000000e+00
0.000000000000000000e+00
0.000000000000000000e+00
2.059581288495229354e-02
2.059581288495229354e-02
2.561255931003608363e-02
1.586787648484909094e-02
3.349054058810588957e-02
3.349054058810588957e-02
3.349054058810588957e-02
3.349054058810588957e-02
3.349054058810588957e-02
3.349054058810588957e-02
3.349054058810588957e-02
3.349054058810588957e-02
3.349054058810588957e-02
3.349054058810588957e-02
1.456126149178922809e-02
1.456126149178922809e-02
1.456126149178922809e-02
1.456126149178922809e-02
1.456126149178922809e-02
1.456126149178922809e-02
1.716332813991135881e-02
1.716332813991135881e-02
1.716332813991135881e-02
1.716332813991135881e-02
2.104752752881796155e-02
2.104752752881796155e-02
4.001182786411175592e-03
4.001182786411175592e-03
4.001182786411175592e-03
4.001182786411175592e-03
4.001182786411175592e-03
4.001182786411175592e-03
1.333873883112497542e-02
1.333873883112497542e-02
1.333873883112497542e-02
1.333873883112497542e-02
0.000000000000000000e+00
4.694174054165574372e-02
4.694174054165574372e-02
4.289234568164965872e-03
4.289234568164965872e-03
1.124298851125993086e-02
1.124298851125993086e-02
1.124298851125993086e-02
1.124298851125993086e-02
0.000000000000000000e+00
0.000000000000000000e+00
0.000000000000000000e+00
0.000000000000000000e+00
3.597930024450882343e-03
1.650415386781931481e-03
1.650415386781931481e-03
1.650415386781931481e-03
1.650415386781931481e-03
1.650415386781931481e-03
1.650415386781931481e-03
1.650415386781931481e-03
1.650415386781931481e-03
1.650415386781931481e-03
1.650415386781931481e-03
0.000000000000000000e+00
0.000000000000000000e+00
1.871132730014370832e-02
2.162812769224061252e-02
2.162812769224061252e-02
3.638374987749327938e-02
3.074576617138739462e-02
3.758775831999916495e-02
3.074576617138739462e-02
3.074576617138739462e-02
3.074576617138739462e-02
3.074576617138739462e-02
3.074576617138739462e-02
3.074576617138739462e-02
3.074576617138739462e-02
3.074576617138739462e-02
3.074576617138739462e-02
3.074576617138739462e-02
3.074576617138739462e-02
3.074576617138739462e-02
3.074576617138739462e-02
3.074576617138739462e-02
3.074576617138739462e-02
3.638374987749327938e-02
3.638374987749327938e-02
7.143533143540377155e-03
7.143533143540377155e-03
8.036454661203874805e-03
8.036454661203874805e-03
8.036454661203874805e-03
8.036454661203874805e-03
8.036454661203874805e-03
8.036454661203874805e-03
8.036454661203874805e-03
8.036454661203874805e-03
3.789526329904766011e-02
3.789526329904766011e-02
3.789526329904766011e-02
3.789526329904766011e-02
3.093400383263373438e-02
3.093400383263373438e-02
1.332392116831176282e-02
1.332392116831176282e-02
1.332392116831176282e-02
1.332392116831176282e-02
1.332392116831176282e-02
1.332392116831176282e-02
1.332392116831176282e-02
1.332392116831176282e-02
6.556092112177866298e-03
1.472446144989441805e-02
1.472446144989441805e-02
9.638458031684206395e-03
9.638458031684206395e-03
1.812064850717893735e-02
1.812064850717893735e-02
1.478391347890728067e-03
1.478391347890728067e-03
1.478391347890728067e-03
1.478391347890728067e-03
1.478391347890728067e-03
1.478391347890728067e-03
1.478391347890728067e-03
1.478391347890728067e-03
1.478391347890728067e-03
1.478391347890728067e-03
1.478391347890728067e-03
0.000000000000000000e+00
0.000000000000000000e+00
0.000000000000000000e+00
0.000000000000000000e+00
0.000000000000000000e+00
0.000000000000000000e+00
0.000000000000000000e+00
0.000000000000000000e+00
0.000000000000000000e+00
0.000000000000000000e+00
0.000000000000000000e+00
0.000000000000000000e+00
0.000000000000000000e+00
0.000000000000000000e+00
0.000000000000000000e+00
0.000000000000000000e+00
0.000000000000000000e+00
0.000000000000000000e+00
0.000000000000000000e+00
0.000000000000000000e+00
2.561255931003608363e-02
2.561255931003608363e-02
2.561255931003608363e-02
8.610527507866198513e-03
8.610527507866198513e-03
8.610527507866198513e-03
8.610527507866198513e-03
8.610527507866198513e-03
8.610527507866198513e-03
8.610527507866198513e-03
8.610527507866198513e-03
8.610527507866198513e-03
8.610527507866198513e-03
8.610527507866198513e-03
1.445508641353829629e-02
1.445508641353829629e-02
1.445508641353829629e-02
1.445508641353829629e-02
1.445508641353829629e-02
0.000000000000000000e+00
0.000000000000000000e+00
0.000000000000000000e+00
2.238360018028895219e-03
1.911162356791233381e-03
2.238360018028895219e-03
1.911162356791233381e-03
1.911162356791233381e-03
1.911162356791233381e-03
1.911162356791233381e-03
1.911162356791233381e-03
1.911162356791233381e-03
1.911162356791233381e-03
9.195775184950259751e-03
9.195775184950259751e-03
4.856643018763848012e-03
4.856643018763848012e-03
6.730294979202910109e-03
6.384917259889423720e-03
6.384917259889423720e-03
2.615215983110506792e-02
2.615215983110506792e-02
2.615215983110506792e-02
2.615215983110506792e-02
2.615215983110506792e-02
9.836610701880655130e-03
9.836610701880655130e-03
9.836610701880655130e-03
9.836610701880655130e-03
9.836610701880655130e-03
9.836610701880655130e-03
3.115840910463571825e-02
1.487311470369518003e-02
2.492653040458519837e-03
2.492653040458519837e-03
7.678358226157781449e-03
7.678358226157781449e-03
7.678358226157781449e-03
5.566969024618081616e-03
2.763741088967632854e-03
2.763741088967632854e-03
1.863221373038937171e-03
1.863221373038937171e-03
0.000000000000000000e+00
2.207053111490460146e-03
6.448004435910215104e-02
6.448004435910215104e-02
6.448004435910215104e-02
6.448004435910215104e-02
6.448004435910215104e-02
6.448004435910215104e-02
6.448004435910215104e-02
6.448004435910215104e-02
6.448004435910215104e-02
6.448004435910215104e-02
2.546895554532109876e-02
2.546895554532109876e-02
2.546895554532109876e-02
2.546895554532109876e-02
2.546895554532109876e-02
2.546895554532109876e-02
2.546895554532109876e-02
2.546895554532109876e-02
2.546895554532109876e-02
2.546895554532109876e-02
3.091999204504215434e-03
3.091999204504215434e-03
3.091999204504215434e-03
3.091999204504215434e-03
3.091999204504215434e-03
3.091999204504215434e-03
3.091999204504215434e-03
3.091999204504215434e-03
3.091999204504215434e-03
3.091999204504215434e-03
9.191751919268733792e-03
9.417557255897712754e-03
9.417557255897712754e-03
9.417557255897712754e-03
9.417557255897712754e-03
9.417557255897712754e-03
9.417557255897712754e-03
8.795427255417813395e-03
8.795427255417813395e-03
0.000000000000000000e+00
0.000000000000000000e+00
0.000000000000000000e+00
2.194513144517315148e-02
2.194513144517315148e-02
2.194513144517315148e-02
2.194513144517315148e-02
2.310834953892622334e-02
1.718081096043470868e-02
4.482980774490755507e-03
2.506725797391183477e-03
2.506725797391183477e-03
4.190095248884088269e-02
4.190095248884088269e-02
4.190095248884088269e-02
4.190095248884088269e-02
4.190095248884088269e-02
4.190095248884088269e-02
4.203592811264617903e-03
4.203592811264617903e-03
4.203592811264617903e-03
4.203592811264617903e-03
4.203592811264617903e-03
4.203592811264617903e-03
8.059488656276815946e-03
8.059488656276815946e-03
8.059488656276815946e-03
8.059488656276815946e-03
8.059488656276815946e-03
8.059488656276815946e-03
8.059488656276815946e-03
8.059488656276815946e-03
0.000000000000000000e+00
0.000000000000000000e+00
0.000000000000000000e+00
0.000000000000000000e+00
0.000000000000000000e+00
0.000000000000000000e+00
2.620689295445887204e-02
2.768669016192525697e-03
2.768669016192525697e-03
2.768669016192525697e-03
2.620689295445887204e-02
2.620689295445887204e-02
4.809895171388627044e-03
4.809895171388627044e-03
4.809895171388627044e-03
4.809895171388627044e-03
1.820341549134134318e-02
1.820341549134134318e-02
1.820341549134134318e-02
1.820341549134134318e-02
1.820341549134134318e-02
1.820341549134134318e-02
6.514949818482171709e-04
6.514949818482171709e-04
6.514949818482171709e-04
6.514949818482171709e-04
6.514949818482171709e-04
6.514949818482171709e-04
6.514949818482171709e-04
6.514949818482171709e-04
1.620551731201028481e-02
1.620551731201028481e-02
1.620551731201028481e-02
1.620551731201028481e-02
1.620551731201028481e-02
1.620551731201028481e-02
1.620551731201028481e-02
1.620551731201028481e-02
1.620551731201028481e-02
1.620551731201028481e-02
1.620551731201028481e-02
0.000000000000000000e+00
0.000000000000000000e+00
0.000000000000000000e+00
0.000000000000000000e+00
0.000000000000000000e+00
0.000000000000000000e+00
0.000000000000000000e+00
0.000000000000000000e+00
0.000000000000000000e+00
0.000000000000000000e+00
0.000000000000000000e+00
1.837638698619024555e-02
1.837638698619024555e-02
2.412305866884581484e-03
2.412305866884581484e-03
2.412305866884581484e-03
2.412305866884581484e-03
2.412305866884581484e-03
2.412305866884581484e-03
2.412305866884581484e-03
2.412305866884581484e-03
2.412305866884581484e-03
2.412305866884581484e-03
2.412305866884581484e-03
1.136450130188829642e-02
1.136450130188829642e-02
1.136450130188829642e-02
2.310834953892622334e-02
2.310834953892622334e-02
0.000000000000000000e+00
0.000000000000000000e+00
7.928639142020580538e-03
7.928639142020580538e-03
7.928639142020580538e-03
7.928639142020580538e-03
7.928639142020580538e-03
7.928639142020580538e-03
7.928639142020580538e-03
7.928639142020580538e-03
7.928639142020580538e-03
7.928639142020580538e-03
7.928639142020580538e-03
7.928639142020580538e-03
7.928639142020580538e-03
1.354263881017163558e-02
1.354263881017163558e-02
1.034529161571783908e-02
2.215196938582431746e-02
0.000000000000000000e+00
0.000000000000000000e+00
3.200080822771107867e-03
3.200080822771107867e-03
3.200080822771107867e-03
2.384240400310640683e-03
0.000000000000000000e+00
0.000000000000000000e+00
0.000000000000000000e+00
3.597930024450882343e-03
3.597930024450882343e-03
3.597930024450882343e-03
3.597930024450882343e-03
3.597930024450882343e-03
3.597930024450882343e-03
0.000000000000000000e+00
0.000000000000000000e+00
0.000000000000000000e+00
0.000000000000000000e+00
0.000000000000000000e+00
6.730294979202910109e-03
1.371505701774034663e-02
1.371505701774034663e-02
1.371505701774034663e-02
1.371505701774034663e-02
2.901537595045772591e-02
2.901537595045772591e-02
7.816848952234961827e-06
7.816848952234961827e-06
7.816848952234961827e-06
7.816848952234961827e-06
0.000000000000000000e+00
0.000000000000000000e+00
1.548255355978129730e-02
3.385084356534609484e-02
3.385084356534609484e-02
1.021114647124502471e-02
0.000000000000000000e+00
0.000000000000000000e+00
0.000000000000000000e+00
0.000000000000000000e+00
0.000000000000000000e+00
0.000000000000000000e+00
2.985643084132109763e-03
2.985643084132109763e-03
2.985643084132109763e-03
2.985643084132109763e-03
1.068616104243929124e-02
1.057012302959600691e-02
0.000000000000000000e+00
0.000000000000000000e+00
0.000000000000000000e+00
0.000000000000000000e+00
0.000000000000000000e+00
0.000000000000000000e+00
0.000000000000000000e+00
0.000000000000000000e+00
0.000000000000000000e+00
1.080935027433808059e-02
1.080935027433808059e-02
1.080935027433808059e-02
1.080935027433808059e-02
1.080935027433808059e-02
1.080935027433808059e-02
1.080935027433808059e-02
1.080935027433808059e-02
1.080935027433808059e-02
1.080935027433808059e-02
2.954725619054480480e-03
6.773836545247912885e-03
6.773836545247912885e-03
1.906003750213883284e-03
1.906003750213883284e-03
1.906003750213883284e-03
1.906003750213883284e-03
1.906003750213883284e-03
1.906003750213883284e-03
1.736122804621705387e-02
1.736122804621705387e-02
1.736122804621705387e-02
1.736122804621705387e-02
1.736122804621705387e-02
1.736122804621705387e-02
1.736122804621705387e-02
1.736122804621705387e-02
1.211875219722721199e-02
1.211875219722721199e-02
1.319773274188222080e-02
1.319773274188222080e-02
1.319773274188222080e-02
4.982902506847103341e-03
4.982902506847103341e-03
4.982902506847103341e-03
4.982902506847103341e-03
1.247916146873329774e-02
2.162108741632486758e-02
2.162108741632486758e-02
2.162108741632486758e-02
2.162108741632486758e-02
2.171476348832267634e-03
2.246542710283972594e-02
9.474546975328444450e-04
9.474546975328444450e-04
7.684961090276717227e-03
1.200983635253723494e-02
1.200983635253723494e-02
1.200983635253723494e-02
2.146538612257367293e-02
0.000000000000000000e+00
2.146538612257367293e-02
1.247916146873329774e-02
2.619714808034386694e-02
2.619714808034386694e-02
3.182345789156308669e-02
3.182345789156308669e-02
3.581647992205155145e-02
1.681491776901023957e-02
1.123991756012766505e-02
1.289297523322610085e-02
1.289297523322610085e-02
1.289297523322610085e-02
4.855344230526042852e-03
8.890426761270711284e-03
2.503570072770365182e-02
3.091905222583108889e-02
3.091905222583108889e-02
3.091905222583108889e-02
3.091905222583108889e-02
2.072475170897586372e-02
2.072475170897586372e-02
2.072475170897586372e-02
7.130616285281855642e-03
7.130616285281855642e-03
7.130616285281855642e-03
7.130616285281855642e-03
7.130616285281855642e-03
7.130616285281855642e-03
7.130616285281855642e-03
7.130616285281855642e-03
1.857081055415661999e-02
1.857081055415661999e-02
5.584505272335806274e-04
5.584505272335806274e-04
1.679701232371782690e-02
3.316907570079845541e-04
3.264885289503494104e-02
1.844432865103803497e-03
1.844432865103803497e-03
1.559458730569114864e-03
1.559458730569114864e-03
1.559458730569114864e-03
1.559458730569114864e-03
1.559458730569114864e-03
1.559458730569114864e-03
2.285530098699104905e-03
1.599073431019231231e-02
1.599073431019231231e-02
1.599073431019231231e-02
2.242739167313037227e-02
2.242739167313037227e-02
3.732427224178183622e-02
3.316907570079845541e-04
0.000000000000000000e+00
0.000000000000000000e+00
0.000000000000000000e+00
0.000000000000000000e+00
0.000000000000000000e+00
0.000000000000000000e+00
4.991209148757896549e-03
3.386249758710911401e-03
3.600639613512060262e-03
3.600639613512060262e-03
3.600639613512060262e-03
3.600639613512060262e-03
3.600639613512060262e-03
3.600639613512060262e-03
3.600639613512060262e-03
3.600639613512060262e-03
3.600639613512060262e-03
3.600639613512060262e-03
3.732427224178183622e-02
3.732427224178183622e-02
0.000000000000000000e+00
0.000000000000000000e+00
0.000000000000000000e+00
0.000000000000000000e+00
1.601712228339774099e-02
1.601712228339774099e-02
1.601712228339774099e-02
1.288303907758018077e-02
1.288303907758018077e-02
1.288303907758018077e-02
1.288303907758018077e-02
1.288303907758018077e-02
1.288303907758018077e-02
1.883552367216558953e-03
1.883552367216558953e-03
1.883552367216558953e-03
2.847706859831670989e-02
2.847706859831670989e-02
2.346703599979570870e-02
1.022997148125657021e-02
1.022997148125657021e-02
1.413890307991423449e-02
1.413890307991423449e-02
1.413890307991423449e-02
1.413890307991423449e-02
1.413890307991423449e-02
0.000000000000000000e+00
0.000000000000000000e+00
0.000000000000000000e+00
2.100880243166293807e-03
2.100880243166293807e-03
8.419560749484873013e-03
8.419560749484873013e-03
7.634757945140800738e-04
5.154648246727211100e-03
5.154648246727211100e-03
5.154648246727211100e-03
5.154648246727211100e-03
5.154648246727211100e-03
5.154648246727211100e-03
5.154648246727211100e-03
5.154648246727211100e-03
5.154648246727211100e-03
5.154648246727211100e-03
5.154648246727211100e-03
5.154648246727211100e-03
5.154648246727211100e-03
5.154648246727211100e-03
3.049032592612652831e-02
1.095800583410247442e-02
0.000000000000000000e+00
1.266621531268375019e-02
1.266621531268375019e-02
0.000000000000000000e+00
0.000000000000000000e+00
0.000000000000000000e+00
0.000000000000000000e+00
0.000000000000000000e+00
1.991425994717267722e-02
0.000000000000000000e+00
0.000000000000000000e+00
1.939406673033367001e-02
2.238814981151204114e-02
3.049032592612652831e-02
1.912046035016841047e-02
1.647169889730564288e-02
2.197229306508449720e-02
1.912046035016841047e-02
1.464586418847536355e-02
5.133747008849942617e-03
5.133747008849942617e-03
5.133747008849942617e-03
9.734780443540294939e-03
9.734780443540294939e-03
4.151421576617743414e-02
2.781952608682525599e-02
2.781952608682525599e-02
1.021114647124502471e-02
1.021114647124502471e-02
1.021114647124502471e-02
1.021114647124502471e-02
0.000000000000000000e+00
0.000000000000000000e+00
4.875792407159540778e-03
2.238814981151204114e-02
1.808064443861561246e-02
1.442185552941270370e-03
1.442185552941270370e-03
1.442185552941270370e-03
1.442185552941270370e-03
2.947699110950088158e-02
1.967586644297691922e-02
5.969786549850016055e-02
6.988688597150378469e-03
6.988688597150378469e-03
6.988688597150378469e-03
6.988688597150378469e-03
4.151421576617743414e-02
4.151421576617743414e-02
4.151421576617743414e-02
4.151421576617743414e-02
4.151421576617743414e-02
4.151421576617743414e-02
5.915790933365418572e-03
4.875792407159540778e-03
4.875792407159540778e-03
4.875792407159540778e-03
4.875792407159540778e-03
2.947699110950088158e-02
2.947699110950088158e-02
4.713669676141504956e-03
7.984102490295755250e-03
7.984102490295755250e-03
0.000000000000000000e+00
0.000000000000000000e+00
2.495075753333936275e-03
2.495075753333936275e-03
2.647121673335731812e-02
2.026095032852965466e-02
2.026095032852965466e-02
2.026095032852965466e-02
2.026095032852965466e-02
2.026095032852965466e-02
2.026095032852965466e-02
0.000000000000000000e+00
0.000000000000000000e+00
0.000000000000000000e+00
1.925681733412689528e-02
1.925681733412689528e-02
1.427242319372576743e-02
1.427242319372576743e-02
1.427242319372576743e-02
1.427242319372576743e-02
1.427242319372576743e-02
1.427242319372576743e-02
2.285530098699104905e-03
2.285530098699104905e-03
2.285530098699104905e-03
0.000000000000000000e+00
0.000000000000000000e+00
0.000000000000000000e+00
0.000000000000000000e+00
4.269254878765330573e-03
3.545712226898651426e-02
4.479389828896953099e-03
9.386470715679991889e-03
1.243495899417001484e-02
1.243495899417001484e-02
4.269254878765330573e-03
4.269254878765330573e-03
4.269254878765330573e-03
4.269254878765330573e-03
0.000000000000000000e+00
0.000000000000000000e+00
0.000000000000000000e+00
0.000000000000000000e+00
0.000000000000000000e+00
0.000000000000000000e+00
0.000000000000000000e+00
0.000000000000000000e+00
1.597667824420062914e-03
5.194722695980887213e-03
5.194722695980887213e-03
2.851923486750478423e-02
1.088469774164160840e-03
1.088469774164160840e-03
1.088469774164160840e-03
1.088469774164160840e-03
1.088469774164160840e-03
1.088469774164160840e-03
1.438072741810675478e-03
3.722665413766701459e-02
3.722665413766701459e-02
6.867092273296939754e-03
1.974227567962857227e-02
1.571258563002538716e-02
1.571258563002538716e-02
3.021786767021228046e-02
1.571258563002538716e-02
1.571258563002538716e-02
1.571258563002538716e-02
1.571258563002538716e-02
1.571258563002538716e-02
1.677189910465094053e-02
2.162567389306479029e-02
1.832912739102462302e-02
1.832912739102462302e-02
3.190262374927289868e-03
3.190262374927289868e-03
3.190262374927289868e-03
3.190262374927289868e-03
3.190262374927289868e-03
3.190262374927289868e-03
1.420313460085924698e-02
8.738003120163118434e-03
8.738003120163118434e-03
1.197569300964225134e-02
1.197569300964225134e-02
3.851269078440797827e-02
4.821741126193995405e-03
4.821741126193995405e-03
4.821741126193995405e-03
4.821741126193995405e-03
4.821741126193995405e-03
4.821741126193995405e-03
4.821741126193995405e-03
4.821741126193995405e-03
4.821741126193995405e-03
4.821741126193995405e-03
3.409918542661485863e-02
2.668760903546980520e-02
2.668760903546980520e-02
0.000000000000000000e+00
0.000000000000000000e+00
5.566969024618081616e-03
5.867979841726929206e-03
5.867979841726929206e-03
5.867979841726929206e-03
5.867979841726929206e-03
5.867979841726929206e-03
5.867979841726929206e-03
5.867979841726929206e-03
5.867979841726929206e-03
5.867979841726929206e-03
5.867979841726929206e-03
0.000000000000000000e+00
2.647121673335731812e-02
3.409918542661485863e-02
1.342471407122486880e-02
1.342471407122486880e-02
1.284814916401064329e-02
0.000000000000000000e+00
1.464586418847536355e-02
1.868473519219868975e-03
1.773936323064408387e-03
1.773936323064408387e-03
1.143270791063003781e-03
2.647121673335731812e-02
2.404739872412393550e-03
1.046138905895759724e-03
1.046138905895759724e-03
2.036636914211760810e-02
1.284814916401064329e-02
4.689252596684678059e-02
1.464586418847536355e-02
1.975524470145475272e-03
1.975524470145475272e-03
6.143067644241708911e-04
6.143067644241708911e-04
2.036636914211760810e-02
2.036636914211760810e-02
4.527784433805808091e-03
4.527784433805808091e-03
4.527784433805808091e-03
3.745982875756466435e-02
3.745982875756466435e-02
1.403647871495194988e-02
1.403647871495194988e-02
2.605221654710419485e-02
3.020118425227755546e-02
3.020118425227755546e-02
3.020118425227755546e-02
3.020118425227755546e-02
1.644299749417633613e-02
6.950597095245081118e-03
4.482980774490755507e-03
0.000000000000000000e+00
0.000000000000000000e+00
1.644299749417633613e-02
1.644299749417633613e-02
1.644299749417633613e-02
1.644299749417633613e-02
0.000000000000000000e+00
0.000000000000000000e+00
2.795898622605689707e-02
2.795898622605689707e-02
4.479389828896953099e-03
0.000000000000000000e+00
0.000000000000000000e+00
0.000000000000000000e+00
0.000000000000000000e+00
0.000000000000000000e+00
1.687736370129512900e-02
2.179288861947541872e-02
0.000000000000000000e+00
0.000000000000000000e+00
0.000000000000000000e+00
0.000000000000000000e+00
0.000000000000000000e+00
2.428810830000421687e-03
2.428810830000421687e-03
2.428810830000421687e-03
5.344768064019084913e-03
5.344768064019084913e-03
7.634757945140800738e-04
1.890997594848326663e-02
1.890997594848326663e-02
1.890997594848326663e-02
1.890997594848326663e-02
3.021786767021228046e-02
2.772271856751528860e-02
2.772271856751528860e-02
2.772271856751528860e-02
2.772271856751528860e-02
2.772271856751528860e-02
2.772271856751528860e-02
2.772271856751528860e-02
2.772271856751528860e-02
9.912531407087537758e-03
9.912531407087537758e-03
9.912531407087537758e-03
9.912531407087537758e-03
9.912531407087537758e-03
9.912531407087537758e-03
5.484176987334456058e-04
5.916389140433034322e-03
5.916389140433034322e-03
5.916389140433034322e-03
1.006675130794940781e-02
1.006675130794940781e-02
1.059965470828351346e-02
1.059965470828351346e-02
1.059965470828351346e-02
1.059965470828351346e-02
1.059965470828351346e-02
1.059965470828351346e-02
1.059965470828351346e-02
1.059965470828351346e-02
1.059965470828351346e-02
1.059965470828351346e-02
1.059965470828351346e-02
1.059965470828351346e-02
1.059965470828351346e-02
1.487311470369518003e-02
1.487311470369518003e-02
1.487311470369518003e-02
1.487311470369518003e-02
1.487311470369518003e-02
1.487311470369518003e-02
1.487311470369518003e-02
1.487311470369518003e-02
1.548255355978129730e-02
5.484176987334456058e-04
6.556092112177866298e-03
6.556092112177866298e-03
6.556092112177866298e-03
6.556092112177866298e-03
6.556092112177866298e-03
6.556092112177866298e-03
6.556092112177866298e-03
6.556092112177866298e-03
1.435013401289696178e-02
1.808064443861561246e-02
2.886948408306390379e-02
2.886948408306390379e-02
0.000000000000000000e+00
0.000000000000000000e+00
0.000000000000000000e+00
1.518543684532532197e-02
2.025518880176030781e-02
2.025518880176030781e-02
2.025518880176030781e-02
0.000000000000000000e+00
0.000000000000000000e+00
0.000000000000000000e+00
0.000000000000000000e+00
0.000000000000000000e+00
1.578539212611912088e-02
1.435013401289696178e-02
1.068616104243929124e-02
1.068616104243929124e-02
1.420313460085924698e-02
1.420313460085924698e-02
1.420313460085924698e-02
1.236252466886242352e-02
1.236252466886242352e-02
1.236252466886242352e-02
1.236252466886242352e-02
1.236252466886242352e-02
1.236252466886242352e-02
0.000000000000000000e+00
1.511297560379912600e-02
2.197229306508449720e-02
2.197229306508449720e-02
2.197229306508449720e-02
2.197229306508449720e-02
2.197229306508449720e-02
2.197229306508449720e-02
1.335333778955417492e-03
1.335333778955417492e-03
1.578539212611912088e-02
1.578539212611912088e-02
0.000000000000000000e+00
0.000000000000000000e+00
0.000000000000000000e+00
0.000000000000000000e+00
0.000000000000000000e+00
0.000000000000000000e+00
0.000000000000000000e+00
0.000000000000000000e+00
8.946607382705664552e-03
8.946607382705664552e-03
3.303136867995167848e-03
3.303136867995167848e-03
3.303136867995167848e-03
3.303136867995167848e-03
3.303136867995167848e-03
6.141821087110301697e-02
6.141821087110301697e-02
0.000000000000000000e+00
0.000000000000000000e+00
0.000000000000000000e+00
0.000000000000000000e+00
0.000000000000000000e+00
5.059965644151764516e-03
5.059965644151764516e-03
3.379876452519041310e-03
0.000000000000000000e+00
0.000000000000000000e+00
0.000000000000000000e+00
0.000000000000000000e+00
0.000000000000000000e+00
0.000000000000000000e+00
0.000000000000000000e+00
0.000000000000000000e+00
0.000000000000000000e+00
0.000000000000000000e+00
0.000000000000000000e+00
9.300244673464251209e-04
5.066242655691785904e-03
5.066242655691785904e-03
1.363373125471485474e-02
4.539472680503546867e-03
1.644237735229284528e-02
7.634757945140800738e-04
5.532590602488176093e-04
5.532590602488176093e-04
1.518543684532532197e-02
1.518543684532532197e-02
1.039115775220717658e-02
1.039115775220717658e-02
1.039115775220717658e-02
3.581647992205155145e-02
3.581647992205155145e-02
1.786378401295347570e-02
6.893975804725056659e-03
1.809152454381705508e-02
1.809152454381705508e-02
9.191751919268733792e-03
1.827986351206670928e-03
1.827986351206670928e-03
1.827986351206670928e-03
1.827986351206670928e-03
1.827986351206670928e-03
1.827986351206670928e-03
1.827986351206670928e-03
1.827986351206670928e-03
1.827986351206670928e-03
1.827986351206670928e-03
1.827986351206670928e-03
1.970949016103768978e-02
1.970949016103768978e-02
1.786378401295347570e-02
1.639669609529725847e-02
1.639669609529725847e-02
3.386249758710911401e-03
3.386249758710911401e-03
9.658369042825128842e-03
9.658369042825128842e-03
9.658369042825128842e-03
9.658369042825128842e-03
9.658369042825128842e-03
3.061202922658046860e-02
1.680497768969441141e-02
1.680497768969441141e-02
1.680497768969441141e-02
1.680497768969441141e-02
0.000000000000000000e+00
0.000000000000000000e+00
0.000000000000000000e+00
0.000000000000000000e+00
1.694833068909139262e-02
1.694833068909139262e-02
2.892621801465378173e-02
2.892621801465378173e-02
4.918146553091242920e-03
1.985761507995791389e-02
6.867092273296939754e-03
6.867092273296939754e-03
4.918146553091242920e-03
4.918146553091242920e-03
4.918146553091242920e-03
4.918146553091242920e-03
4.918146553091242920e-03
4.918146553091242920e-03
2.400094216054004300e-03
5.865610373039433813e-03
5.865610373039433813e-03
9.668753657305996507e-03
9.668753657305996507e-03
9.668753657305996507e-03
9.668753657305996507e-03
9.668753657305996507e-03
9.668753657305996507e-03
9.668753657305996507e-03
9.668753657305996507e-03
9.668753657305996507e-03
9.668753657305996507e-03
9.668753657305996507e-03
9.668753657305996507e-03
9.668753657305996507e-03
9.668753657305996507e-03
9.668753657305996507e-03
2.385524754822688012e-02
1.768648311305176177e-02
1.768648311305176177e-02
1.768648311305176177e-02
1.768648311305176177e-02
1.768648311305176177e-02
1.768648311305176177e-02
1.768648311305176177e-02
1.768648311305176177e-02
1.362284255666931267e-02
1.362284255666931267e-02
6.977425634717785916e-03
6.977425634717785916e-03
6.977425634717785916e-03
6.977425634717785916e-03
6.977425634717785916e-03
6.977425634717785916e-03
6.977425634717785916e-03
6.977425634717785916e-03
6.977425634717785916e-03
6.977425634717785916e-03
6.977425634717785916e-03
1.966132515786714607e-01
1.966132515786714607e-01
1.966132515786714607e-01
1.966132515786714607e-01
1.966132515786714607e-01
1.966132515786714607e-01
1.966132515786714607e-01
1.966132515786714607e-01
9.569495879569364302e-03
9.569495879569364302e-03
9.569495879569364302e-03
9.569495879569364302e-03
0.000000000000000000e+00
0.000000000000000000e+00
0.000000000000000000e+00
0.000000000000000000e+00
0.000000000000000000e+00
0.000000000000000000e+00
0.000000000000000000e+00
0.000000000000000000e+00
0.000000000000000000e+00
0.000000000000000000e+00
1.259896001806698994e-02
1.259896001806698994e-02
2.385524754822688012e-02
2.385524754822688012e-02
1.071234345162843000e-02
1.071234345162843000e-02
1.071234345162843000e-02
1.071234345162843000e-02
1.071234345162843000e-02
1.071234345162843000e-02
1.071234345162843000e-02
1.071234345162843000e-02
1.071234345162843000e-02
1.071234345162843000e-02
1.071234345162843000e-02
5.566969024618081616e-03
5.566969024618081616e-03
5.566969024618081616e-03
0.000000000000000000e+00
0.000000000000000000e+00
2.192367603788558834e-03
2.192367603788558834e-03
4.855344230526042852e-03
4.855344230526042852e-03
1.126879556856496059e-02
1.727520817235250056e-02
1.727520817235250056e-02
1.727520817235250056e-02
1.727520817235250056e-02
1.727520817235250056e-02
1.727520817235250056e-02
1.727520817235250056e-02
1.727520817235250056e-02
8.504981574208840414e-04
1.479622727990633629e-02
1.479622727990633629e-02
4.539472680503546867e-03
4.539472680503546867e-03
1.568907942893270346e-02
1.568907942893270346e-02
8.040026699567152935e-03
8.504981574208840414e-04
8.504981574208840414e-04
8.504981574208840414e-04
0.000000000000000000e+00
8.040026699567152935e-03
8.040026699567152935e-03
8.040026699567152935e-03
8.040026699567152935e-03
1.413776810747516960e-02
6.314577554301419038e-02
6.314577554301419038e-02
0.000000000000000000e+00
0.000000000000000000e+00
0.000000000000000000e+00
0.000000000000000000e+00
2.400094216054004300e-03
0.000000000000000000e+00
0.000000000000000000e+00
0.000000000000000000e+00
9.927962336092433643e-03
1.482444684007201349e-02
1.482444684007201349e-02
1.034529161571783908e-02
5.558499859638960441e-03
5.558499859638960441e-03
2.354719875506901955e-02
2.354719875506901955e-02
2.354719875506901955e-02
2.354719875506901955e-02
5.030966116276899130e-02
3.152757638174290711e-03
3.152757638174290711e-03
3.152757638174290711e-03
3.152757638174290711e-03
3.152757638174290711e-03
3.152757638174290711e-03
3.152757638174290711e-03
3.152757638174290711e-03
1.943881380164383735e-02
8.984340210611300916e-04
8.984340210611300916e-04
8.984340210611300916e-04
3.597508639448975670e-02
3.597508639448975670e-02
3.597508639448975670e-02
8.573786116737674989e-03
8.573786116737674989e-03
8.573786116737674989e-03
8.573786116737674989e-03
8.573786116737674989e-03
8.573786116737674989e-03
5.969786549850016055e-02
0.000000000000000000e+00
6.591278538397139048e-04
2.781064260267117512e-03
8.508310864949162472e-03
2.179288861947541872e-02
8.508310864949162472e-03
8.508310864949162472e-03
8.508310864949162472e-03
2.207053111490460146e-03
2.207053111490460146e-03
8.023967683949490481e-04
8.023967683949490481e-04
6.591278538397139048e-04
6.591278538397139048e-04
1.074129042710047881e-02
1.074129042710047881e-02
1.074129042710047881e-02
1.074129042710047881e-02
0.000000000000000000e+00
1.200975511256408262e-03
1.200975511256408262e-03
0.000000000000000000e+00
