3.396689276082816809e-03
3.189016110394757384e-03
3.189016110394757384e-03
3.189016110394757384e-03
3.189016110394757384e-03
3.189016110394757384e-03
3.189016110394757384e-03
3.189016110394757384e-03
3.189016110394757384e-03
3.189016110394757384e-03
3.189016110394757384e-03
3.189016110394757384e-03
3.189016110394757384e-03
3.189016110394757384e-03
3.189016110394757384e-03
1.027273246340590883e-02
0.000000000000000000e+00
0.000000000000000000e+00
2.501595818900524335e-02
2.501595818900524335e-02
2.501595818900524335e-02
2.501595818900524335e-02
2.501595818900524335e-02
2.501595818900524335e-02
2.501595818900524335e-02
2.501595818900524335e-02
2.501595818900524335e-02
2.501595818900524335e-02
2.501595818900524335e-02
2.501595818900524335e-02
2.501595818900524335e-02
2.501595818900524335e-02
2.501595818900524335e-02
6.831218085514252809e-03
1.433147915725416568e-02
1.433147915725416568e-02
1.433147915725416568e-02
1.433147915725416568e-02
1.433147915725416568e-02
1.433147915725416568e-02
9.652735207449508054e-03
9.652735207449508054e-03
9.652735207449508054e-03
9.652735207449508054e-03
9.652735207449508054e-03
9.652735207449508054e-03
9.652735207449508054e-03
9.652735207449508054e-03
9.652735207449508054e-03
9.652735207449508054e-03
9.652735207449508054e-03
9.652735207449508054e-03
9.652735207449508054e-03
1.366411113876507934e-03
9.551050243205341447e-03
9.551050243205341447e-03
9.551050243205341447e-03
9.551050243205341447e-03
3.224072299937680297e-02
3.224072299937680297e-02
3.224072299937680297e-02
3.224072299937680297e-02
3.224072299937680297e-02
3.224072299937680297e-02
3.224072299937680297e-02
3.224072299937680297e-02
3.224072299937680297e-02
3.224072299937680297e-02
3.224072299937680297e-02
5.953165389621394889e-03
5.953165389621394889e-03
5.953165389621394889e-03
5.953165389621394889e-03
5.953165389621394889e-03
5.953165389621394889e-03
5.953165389621394889e-03
5.953165389621394889e-03
5.953165389621394889e-03
5.953165389621394889e-03
5.953165389621394889e-03
5.953165389621394889e-03
5.953165389621394889e-03
0.000000000000000000e+00
0.000000000000000000e+00
0.000000000000000000e+00
0.000000000000000000e+00
0.000000000000000000e+00
0.000000000000000000e+00
0.000000000000000000e+00
0.000000000000000000e+00
0.000000000000000000e+00
0.000000000000000000e+00
0.000000000000000000e+00
2.781485933289805715e-02
2.781485933289805715e-02
2.781485933289805715e-02
2.781485933289805715e-02
2.781485933289805715e-02
2.781485933289805715e-02
2.781485933289805715e-02
2.781485933289805715e-02
2.781485933289805715e-02
0.000000000000000000e+00
2.781485933289805715e-02
1.026522125745188418e-02
1.026522125745188418e-02
1.026522125745188418e-02
1.026522125745188418e-02
1.026522125745188418e-02
1.026522125745188418e-02
1.026522125745188418e-02
1.026522125745188418e-02
1.026522125745188418e-02
1.026522125745188418e-02
1.026522125745188418e-02
0.000000000000000000e+00
0.000000000000000000e+00
0.000000000000000000e+00
0.000000000000000000e+00
0.000000000000000000e+00
3.642354072373840679e-02
3.642354072373840679e-02
3.642354072373840679e-02
3.642354072373840679e-02
3.642354072373840679e-02
3.642354072373840679e-02
3.642354072373840679e-02
3.642354072373840679e-02
3.642354072373840679e-02
3.642354072373840679e-02
3.642354072373840679e-02
2.289437154159399725e-03
2.289437154159399725e-03
2.289437154159399725e-03
2.289437154159399725e-03
2.289437154159399725e-03
2.289437154159399725e-03
2.289437154159399725e-03
2.289437154159399725e-03
2.289437154159399725e-03
2.289437154159399725e-03
2.289437154159399725e-03
2.289437154159399725e-03
2.289437154159399725e-03
1.525577944003358305e-02
2.381680949246823241e-03
2.381680949246823241e-03
2.125269901449810140e-03
2.125269901449810140e-03
2.125269901449810140e-03
2.125269901449810140e-03
2.125269901449810140e-03
2.125269901449810140e-03
2.125269901449810140e-03
2.125269901449810140e-03
2.125269901449810140e-03
2.125269901449810140e-03
2.125269901449810140e-03
7.230988962965380872e-03
7.230988962965380872e-03
7.230988962965380872e-03
7.230988962965380872e-03
7.230988962965380872e-03
7.230988962965380872e-03
7.230988962965380872e-03
7.230988962965380872e-03
7.230988962965380872e-03
7.230988962965380872e-03
7.230988962965380872e-03
7.230988962965380872e-03
7.230988962965380872e-03
7.353906555640866705e-01
1.843949605646883622e-02
1.843949605646883622e-02
1.525577944003358305e-02
1.525577944003358305e-02
1.525577944003358305e-02
1.525577944003358305e-02
1.525577944003358305e-02
1.525577944003358305e-02
1.525577944003358305e-02
1.525577944003358305e-02
7.353906555640866705e-01
7.353906555640866705e-01
7.353906555640866705e-01
7.353906555640866705e-01
7.353906555640866705e-01
7.353906555640866705e-01
7.353906555640866705e-01
7.353906555640866705e-01
3.780265543297229441e-02
3.389156737621473042e-02
3.389156737621473042e-02
3.389156737621473042e-02
3.389156737621473042e-02
3.389156737621473042e-02
3.389156737621473042e-02
3.389156737621473042e-02
3.389156737621473042e-02
3.389156737621473042e-02
3.389156737621473042e-02
5.895095921135446067e-03
5.895095921135446067e-03
5.895095921135446067e-03
5.895095921135446067e-03
5.895095921135446067e-03
5.895095921135446067e-03
5.895095921135446067e-03
5.895095921135446067e-03
5.895095921135446067e-03
5.895095921135446067e-03
5.895095921135446067e-03
5.895095921135446067e-03
5.895095921135446067e-03
5.895095921135446067e-03
5.895095921135446067e-03
5.895095921135446067e-03
5.895095921135446067e-03
1.717127293599128666e-03
1.717127293599128666e-03
1.717127293599128666e-03
1.717127293599128666e-03
1.717127293599128666e-03
1.717127293599128666e-03
1.717127293599128666e-03
1.717127293599128666e-03
1.717127293599128666e-03
1.717127293599128666e-03
1.717127293599128666e-03
1.476069664606248283e-03
1.476069664606248283e-03
1.476069664606248283e-03
1.476069664606248283e-03
1.476069664606248283e-03
1.476069664606248283e-03
1.476069664606248283e-03
1.476069664606248283e-03
1.476069664606248283e-03
1.476069664606248283e-03
1.476069664606248283e-03
1.476069664606248283e-03
1.476069664606248283e-03
1.476069664606248283e-03
1.476069664606248283e-03
1.476069664606248283e-03
1.476069664606248283e-03
1.144930454358417376e-03
1.871945491188262145e-02
1.871945491188262145e-02
0.000000000000000000e+00
0.000000000000000000e+00
0.000000000000000000e+00
0.000000000000000000e+00
0.000000000000000000e+00
0.000000000000000000e+00
0.000000000000000000e+00
0.000000000000000000e+00
0.000000000000000000e+00
0.000000000000000000e+00
0.000000000000000000e+00
0.000000000000000000e+00
0.000000000000000000e+00
0.000000000000000000e+00
0.000000000000000000e+00
4.302987325882086378e-03
0.000000000000000000e+00
0.000000000000000000e+00
2.126790570622687573e-02
2.063810722309333129e-02
2.063810722309333129e-02
0.000000000000000000e+00
0.000000000000000000e+00
0.000000000000000000e+00
0.000000000000000000e+00
0.000000000000000000e+00
0.000000000000000000e+00
0.000000000000000000e+00
0.000000000000000000e+00
0.000000000000000000e+00
0.000000000000000000e+00
0.000000000000000000e+00
0.000000000000000000e+00
0.000000000000000000e+00
1.826145895919043969e-03
1.826145895919043969e-03
1.826145895919043969e-03
1.826145895919043969e-03
1.826145895919043969e-03
1.826145895919043969e-03
1.826145895919043969e-03
1.826145895919043969e-03
1.826145895919043969e-03
1.826145895919043969e-03
1.826145895919043969e-03
8.662407850925375741e-03
2.885166584869712329e-03
2.885166584869712329e-03
2.885166584869712329e-03
2.885166584869712329e-03
2.885166584869712329e-03
2.885166584869712329e-03
2.885166584869712329e-03
2.885166584869712329e-03
2.885166584869712329e-03
2.885166584869712329e-03
2.885166584869712329e-03
2.885166584869712329e-03
2.885166584869712329e-03
2.885166584869712329e-03
1.928067151284120276e-02
1.928067151284120276e-02
1.928067151284120276e-02
1.928067151284120276e-02
1.928067151284120276e-02
1.928067151284120276e-02
1.928067151284120276e-02
1.928067151284120276e-02
1.928067151284120276e-02
1.928067151284120276e-02
1.928067151284120276e-02
1.928067151284120276e-02
1.928067151284120276e-02
1.928067151284120276e-02
1.928067151284120276e-02
4.302987325882086378e-03
4.302987325882086378e-03
4.302987325882086378e-03
4.302987325882086378e-03
4.302987325882086378e-03
4.302987325882086378e-03
4.302987325882086378e-03
4.302987325882086378e-03
4.302987325882086378e-03
4.302987325882086378e-03
1.408017504524902708e-01
1.408017504524902708e-01
1.408017504524902708e-01
1.408017504524902708e-01
1.408017504524902708e-01
1.408017504524902708e-01
1.408017504524902708e-01
1.408017504524902708e-01
1.408017504524902708e-01
1.408017504524902708e-01
1.408017504524902708e-01
1.408017504524902708e-01
1.408017504524902708e-01
1.408017504524902708e-01
1.408017504524902708e-01
1.408017504524902708e-01
1.408017504524902708e-01
0.000000000000000000e+00
0.000000000000000000e+00
0.000000000000000000e+00
8.173191170490290512e-04
8.173191170490290512e-04
8.173191170490290512e-04
8.173191170490290512e-04
8.173191170490290512e-04
8.173191170490290512e-04
8.173191170490290512e-04
8.173191170490290512e-04
8.173191170490290512e-04
8.173191170490290512e-04
8.173191170490290512e-04
8.173191170490290512e-04
8.173191170490290512e-04
8.173191170490290512e-04
8.173191170490290512e-04
8.173191170490290512e-04
8.173191170490290512e-04
8.173191170490290512e-04
8.173191170490290512e-04
8.173191170490290512e-04
8.173191170490290512e-04
1.197769764383507622e-02
1.197769764383507622e-02
1.197769764383507622e-02
1.197769764383507622e-02
1.197769764383507622e-02
1.197769764383507622e-02
1.197769764383507622e-02
1.197769764383507622e-02
1.197769764383507622e-02
1.197769764383507622e-02
1.197769764383507622e-02
3.243186996435491742e-02
1.197769764383507622e-02
3.243186996435491742e-02
1.197769764383507622e-02
1.197769764383507622e-02
1.197769764383507622e-02
1.197769764383507622e-02
1.197769764383507622e-02
1.197769764383507622e-02
1.197769764383507622e-02
3.248941420004181069e-02
3.887852290410232642e-02
3.887852290410232642e-02
3.887852290410232642e-02
3.887852290410232642e-02
3.887852290410232642e-02
3.887852290410232642e-02
3.745044528040017418e-02
8.662407850925375741e-03
4.825266527381105730e-03
3.216894950334687770e-03
3.216894950334687770e-03
3.216894950334687770e-03
3.216894950334687770e-03
3.216894950334687770e-03
3.216894950334687770e-03
3.216894950334687770e-03
3.216894950334687770e-03
2.470682472485138340e-03
2.470682472485138340e-03
2.470682472485138340e-03
2.470682472485138340e-03
2.470682472485138340e-03
2.470682472485138340e-03
2.470682472485138340e-03
2.470682472485138340e-03
2.470682472485138340e-03
2.470682472485138340e-03
2.470682472485138340e-03
2.470682472485138340e-03
2.470682472485138340e-03
2.470682472485138340e-03
2.470682472485138340e-03
2.470682472485138340e-03
2.470682472485138340e-03
2.470682472485138340e-03
2.470682472485138340e-03
2.470682472485138340e-03
2.470682472485138340e-03
2.470682472485138340e-03
2.470682472485138340e-03
3.753067536797283828e-04
0.000000000000000000e+00
0.000000000000000000e+00
0.000000000000000000e+00
0.000000000000000000e+00
0.000000000000000000e+00
0.000000000000000000e+00
0.000000000000000000e+00
0.000000000000000000e+00
0.000000000000000000e+00
0.000000000000000000e+00
0.000000000000000000e+00
0.000000000000000000e+00
0.000000000000000000e+00
0.000000000000000000e+00
0.000000000000000000e+00
0.000000000000000000e+00
0.000000000000000000e+00
3.219082915350154894e-02
3.219082915350154894e-02
3.219082915350154894e-02
3.219082915350154894e-02
3.219082915350154894e-02
3.219082915350154894e-02
3.219082915350154894e-02
3.219082915350154894e-02
3.219082915350154894e-02
3.219082915350154894e-02
3.219082915350154894e-02
3.243186996435491742e-02
3.243186996435491742e-02
3.243186996435491742e-02
3.243186996435491742e-02
3.243186996435491742e-02
3.259538193474182614e-03
6.951939229240387819e-03
6.951939229240387819e-03
0.000000000000000000e+00
0.000000000000000000e+00
0.000000000000000000e+00
0.000000000000000000e+00
0.000000000000000000e+00
0.000000000000000000e+00
0.000000000000000000e+00
0.000000000000000000e+00
0.000000000000000000e+00
0.000000000000000000e+00
0.000000000000000000e+00
0.000000000000000000e+00
0.000000000000000000e+00
0.000000000000000000e+00
0.000000000000000000e+00
3.259538193474182614e-03
3.259538193474182614e-03
9.950227784350411733e-03
3.259538193474182614e-03
1.657194670134352205e-02
2.415706483063654458e-02
2.415706483063654458e-02
0.000000000000000000e+00
2.094784915330740252e-02
2.094784915330740252e-02
2.094784915330740252e-02
2.094784915330740252e-02
2.094784915330740252e-02
2.094784915330740252e-02
2.094784915330740252e-02
2.094784915330740252e-02
2.094784915330740252e-02
2.094784915330740252e-02
2.094784915330740252e-02
2.094784915330740252e-02
2.094784915330740252e-02
2.094784915330740252e-02
2.094784915330740252e-02
2.094784915330740252e-02
2.094784915330740252e-02
2.094784915330740252e-02
2.094784915330740252e-02
2.094784915330740252e-02
2.094784915330740252e-02
2.094784915330740252e-02
0.000000000000000000e+00
2.306743171995312772e-02
2.306743171995312772e-02
2.306743171995312772e-02
2.306743171995312772e-02
2.306743171995312772e-02
2.306743171995312772e-02
2.306743171995312772e-02
2.306743171995312772e-02
2.306743171995312772e-02
2.306743171995312772e-02
2.306743171995312772e-02
2.306743171995312772e-02
1.882746780313142645e-02
6.668854763405202002e-03
6.668854763405202002e-03
6.668854763405202002e-03
6.668854763405202002e-03
6.668854763405202002e-03
6.668854763405202002e-03
6.668854763405202002e-03
6.668854763405202002e-03
6.668854763405202002e-03
6.668854763405202002e-03
6.668854763405202002e-03
6.668854763405202002e-03
4.444799987727387006e-03
4.444799987727387006e-03
4.444799987727387006e-03
4.444799987727387006e-03
4.444799987727387006e-03
4.444799987727387006e-03
4.444799987727387006e-03
4.444799987727387006e-03
4.444799987727387006e-03
4.444799987727387006e-03
4.444799987727387006e-03
4.444799987727387006e-03
4.444799987727387006e-03
2.394713328188281809e-03
4.784182417211842002e-03
4.784182417211842002e-03
4.784182417211842002e-03
4.784182417211842002e-03
1.629319590544574606e-02
1.629319590544574606e-02
1.629319590544574606e-02
1.629319590544574606e-02
1.629319590544574606e-02
1.629319590544574606e-02
1.629319590544574606e-02
1.629319590544574606e-02
1.629319590544574606e-02
1.629319590544574606e-02
1.629319590544574606e-02
9.950227784350411733e-03
9.950227784350411733e-03
9.950227784350411733e-03
4.967274271684844755e-02
6.593408816282943230e-02
6.593408816282943230e-02
9.173729578648069649e-02
6.593408816282943230e-02
6.593408816282943230e-02
6.593408816282943230e-02
4.324915366582467863e-02
2.126790570622687573e-02
1.310130822003890104e-02
1.565701855364334989e-03
1.565701855364334989e-03
1.565701855364334989e-03
1.565701855364334989e-03
1.565701855364334989e-03
1.565701855364334989e-03
1.565701855364334989e-03
1.565701855364334989e-03
1.565701855364334989e-03
1.565701855364334989e-03
1.565701855364334989e-03
1.565701855364334989e-03
1.565701855364334989e-03
1.565701855364334989e-03
1.565701855364334989e-03
1.565701855364334989e-03
1.565701855364334989e-03
1.565701855364334989e-03
1.565701855364334989e-03
1.565701855364334989e-03
1.144930454358417376e-03
0.000000000000000000e+00
1.704937122298167199e-02
2.394713328188281809e-03
1.704937122298167199e-02
1.704937122298167199e-02
1.704937122298167199e-02
1.704937122298167199e-02
1.704937122298167199e-02
0.000000000000000000e+00
1.769583473816496721e-02
1.769583473816496721e-02
1.769583473816496721e-02
1.769583473816496721e-02
1.769583473816496721e-02
1.769583473816496721e-02
1.331226039337871959e-02
1.331226039337871959e-02
1.331226039337871959e-02
1.331226039337871959e-02
1.331226039337871959e-02
1.331226039337871959e-02
1.331226039337871959e-02
1.331226039337871959e-02
1.331226039337871959e-02
1.331226039337871959e-02
1.331226039337871959e-02
1.331226039337871959e-02
1.331226039337871959e-02
1.331226039337871959e-02
1.331226039337871959e-02
1.331226039337871959e-02
1.331226039337871959e-02
1.331226039337871959e-02
1.331226039337871959e-02
1.331226039337871959e-02
1.331226039337871959e-02
1.331226039337871959e-02
1.331226039337871959e-02
1.144930454358417376e-03
1.144930454358417376e-03
1.144930454358417376e-03
1.487002297177399644e-02
1.487002297177399644e-02
1.487002297177399644e-02
1.487002297177399644e-02
1.487002297177399644e-02
1.487002297177399644e-02
1.487002297177399644e-02
1.487002297177399644e-02
1.487002297177399644e-02
1.487002297177399644e-02
1.487002297177399644e-02
1.487002297177399644e-02
1.487002297177399644e-02
1.487002297177399644e-02
1.487002297177399644e-02
1.487002297177399644e-02
1.487002297177399644e-02
1.487002297177399644e-02
1.487002297177399644e-02
1.487002297177399644e-02
1.487002297177399644e-02
1.487002297177399644e-02
1.487002297177399644e-02
1.487002297177399644e-02
1.487002297177399644e-02
1.487002297177399644e-02
1.487002297177399644e-02
6.654027493531848060e-03
6.654027493531848060e-03
6.654027493531848060e-03
6.654027493531848060e-03
6.654027493531848060e-03
6.654027493531848060e-03
6.654027493531848060e-03
6.654027493531848060e-03
6.654027493531848060e-03
6.654027493531848060e-03
6.654027493531848060e-03
9.590328043488966295e-03
2.990961970564203626e-02
2.990961970564203626e-02
3.396689276082816809e-03
3.396689276082816809e-03
3.396689276082816809e-03
3.396689276082816809e-03
3.002578878085701217e-02
3.002578878085701217e-02
3.002578878085701217e-02
3.002578878085701217e-02
3.002578878085701217e-02
3.002578878085701217e-02
3.002578878085701217e-02
3.002578878085701217e-02
3.002578878085701217e-02
3.002578878085701217e-02
3.002578878085701217e-02
3.002578878085701217e-02
3.002578878085701217e-02
3.002578878085701217e-02
3.002578878085701217e-02
3.002578878085701217e-02
3.002578878085701217e-02
8.974821655202471285e-03
8.974821655202471285e-03
8.974821655202471285e-03
8.974821655202471285e-03
8.974821655202471285e-03
8.974821655202471285e-03
8.974821655202471285e-03
8.974821655202471285e-03
8.974821655202471285e-03
8.974821655202471285e-03
8.974821655202471285e-03
8.974821655202471285e-03
8.974821655202471285e-03
8.974821655202471285e-03
8.974821655202471285e-03
8.974821655202471285e-03
8.974821655202471285e-03
8.974821655202471285e-03
8.974821655202471285e-03
8.974821655202471285e-03
8.974821655202471285e-03
8.974821655202471285e-03
8.974821655202471285e-03
8.974821655202471285e-03
8.974821655202471285e-03
9.590328043488966295e-03
9.590328043488966295e-03
9.590328043488966295e-03
9.590328043488966295e-03
9.590328043488966295e-03
9.590328043488966295e-03
9.590328043488966295e-03
9.590328043488966295e-03
9.590328043488966295e-03
9.590328043488966295e-03
0.000000000000000000e+00
0.000000000000000000e+00
0.000000000000000000e+00
2.485712011911550036e-03
2.485712011911550036e-03
2.485712011911550036e-03
2.485712011911550036e-03
2.485712011911550036e-03
2.485712011911550036e-03
2.485712011911550036e-03
2.485712011911550036e-03
2.485712011911550036e-03
2.485712011911550036e-03
2.485712011911550036e-03
2.485712011911550036e-03
2.485712011911550036e-03
2.485712011911550036e-03
2.485712011911550036e-03
2.485712011911550036e-03
2.485712011911550036e-03
2.485712011911550036e-03
2.485712011911550036e-03
9.308054959195749545e-02
9.308054959195749545e-02
9.308054959195749545e-02
9.308054959195749545e-02
9.308054959195749545e-02
9.308054959195749545e-02
9.308054959195749545e-02
9.308054959195749545e-02
9.308054959195749545e-02
9.308054959195749545e-02
9.308054959195749545e-02
9.308054959195749545e-02
9.308054959195749545e-02
5.271880837286144553e-03
2.795153581761192045e-03
2.795153581761192045e-03
2.795153581761192045e-03
2.795153581761192045e-03
2.795153581761192045e-03
2.795153581761192045e-03
2.795153581761192045e-03
2.795153581761192045e-03
2.795153581761192045e-03
2.795153581761192045e-03
6.280261276087131979e-03
2.844473903537828030e-03
2.844473903537828030e-03
5.271880837286144553e-03
5.271880837286144553e-03
6.280261276087131979e-03
6.280261276087131979e-03
6.280261276087131979e-03
6.280261276087131979e-03
6.280261276087131979e-03
6.280261276087131979e-03
6.280261276087131979e-03
6.280261276087131979e-03
0.000000000000000000e+00
6.280261276087131979e-03
0.000000000000000000e+00
2.394667965329550646e-02
2.394667965329550646e-02
2.394667965329550646e-02
2.394667965329550646e-02
2.394667965329550646e-02
2.394667965329550646e-02
2.394667965329550646e-02
2.394667965329550646e-02
2.394667965329550646e-02
2.394667965329550646e-02
2.394667965329550646e-02
2.394667965329550646e-02
2.394667965329550646e-02
2.394667965329550646e-02
2.394667965329550646e-02
2.394667965329550646e-02
2.394667965329550646e-02
2.394667965329550646e-02
2.394667965329550646e-02
2.394667965329550646e-02
2.394667965329550646e-02
2.394667965329550646e-02
1.076076281507070895e-02
1.373782469818810373e-02
1.373782469818810373e-02
1.373782469818810373e-02
1.373782469818810373e-02
1.373782469818810373e-02
1.373782469818810373e-02
1.373782469818810373e-02
1.373782469818810373e-02
1.373782469818810373e-02
1.373782469818810373e-02
1.373782469818810373e-02
1.373782469818810373e-02
1.373782469818810373e-02
1.373782469818810373e-02
1.373782469818810373e-02
1.373782469818810373e-02
1.548965998958422990e-02
1.473041349241961326e-02
1.473041349241961326e-02
0.000000000000000000e+00
0.000000000000000000e+00
0.000000000000000000e+00
0.000000000000000000e+00
0.000000000000000000e+00
0.000000000000000000e+00
0.000000000000000000e+00
0.000000000000000000e+00
0.000000000000000000e+00
2.883227863816784087e-03
0.000000000000000000e+00
0.000000000000000000e+00
0.000000000000000000e+00
0.000000000000000000e+00
0.000000000000000000e+00
0.000000000000000000e+00
0.000000000000000000e+00
0.000000000000000000e+00
5.556650611681973519e-04
6.164293017818885632e-03
6.164293017818885632e-03
6.164293017818885632e-03
6.164293017818885632e-03
6.164293017818885632e-03
6.164293017818885632e-03
6.164293017818885632e-03
6.164293017818885632e-03
1.548965998958422990e-02
7.936009146606245318e-03
7.936009146606245318e-03
7.936009146606245318e-03
7.936009146606245318e-03
7.936009146606245318e-03
7.936009146606245318e-03
3.746858065998573406e-02
6.873158414562184799e-03
6.873158414562184799e-03
0.000000000000000000e+00
0.000000000000000000e+00
0.000000000000000000e+00
2.571436270283600917e-02
2.071773866276821127e-02
2.071773866276821127e-02
4.221333872770826820e-03
0.000000000000000000e+00
0.000000000000000000e+00
8.302831603006139913e-03
8.302831603006139913e-03
8.302831603006139913e-03
8.302831603006139913e-03
8.302831603006139913e-03
8.302831603006139913e-03
8.302831603006139913e-03
8.302831603006139913e-03
8.302831603006139913e-03
8.302831603006139913e-03
8.302831603006139913e-03
8.302831603006139913e-03
8.302831603006139913e-03
8.302831603006139913e-03
8.302831603006139913e-03
8.302831603006139913e-03
8.302831603006139913e-03
8.302831603006139913e-03
8.302831603006139913e-03
1.352469285239684717e-02
8.302831603006139913e-03
8.302831603006139913e-03
8.302831603006139913e-03
8.940331091224334656e-03
3.746858065998573406e-02
3.746858065998573406e-02
3.746858065998573406e-02
3.746858065998573406e-02
3.746858065998573406e-02
1.014246131400507039e-02
1.050745853434102879e-02
1.050745853434102879e-02
1.050745853434102879e-02
1.050745853434102879e-02
1.050745853434102879e-02
1.050745853434102879e-02
1.050745853434102879e-02
1.050745853434102879e-02
1.050745853434102879e-02
1.050745853434102879e-02
1.050745853434102879e-02
1.050745853434102879e-02
1.050745853434102879e-02
1.050745853434102879e-02
1.050745853434102879e-02
1.050745853434102879e-02
1.050745853434102879e-02
1.050745853434102879e-02
1.050745853434102879e-02
1.050745853434102879e-02
6.595847548826470549e-03
6.595847548826470549e-03
6.595847548826470549e-03
6.595847548826470549e-03
6.595847548826470549e-03
6.595847548826470549e-03
6.595847548826470549e-03
7.048096847072709507e-04
6.595847548826470549e-03
7.048096847072709507e-04
2.330950027154530288e-04
7.048096847072709507e-04
7.048096847072709507e-04
7.048096847072709507e-04
2.330950027154530288e-04
4.414291190195630821e-03
4.414291190195630821e-03
4.414291190195630821e-03
4.414291190195630821e-03
4.414291190195630821e-03
4.414291190195630821e-03
4.414291190195630821e-03
4.414291190195630821e-03
4.414291190195630821e-03
4.414291190195630821e-03
4.414291190195630821e-03
4.221333872770826820e-03
4.221333872770826820e-03
4.221333872770826820e-03
4.221333872770826820e-03
4.221333872770826820e-03
4.221333872770826820e-03
4.221333872770826820e-03
4.221333872770826820e-03
4.221333872770826820e-03
4.221333872770826820e-03
8.940331091224334656e-03
8.940331091224334656e-03
8.940331091224334656e-03
8.940331091224334656e-03
0.000000000000000000e+00
0.000000000000000000e+00
0.000000000000000000e+00
7.788103912324683027e-03
7.788103912324683027e-03
7.788103912324683027e-03
7.788103912324683027e-03
7.788103912324683027e-03
7.788103912324683027e-03
7.788103912324683027e-03
7.788103912324683027e-03
7.788103912324683027e-03
7.788103912324683027e-03
7.788103912324683027e-03
7.788103912324683027e-03
7.788103912324683027e-03
7.788103912324683027e-03
7.788103912324683027e-03
2.571436270283600917e-02
5.400811882572034272e-04
5.400811882572034272e-04
5.400811882572034272e-04
5.400811882572034272e-04
8.925779642934342922e-03
2.058775478377059855e-03
2.058775478377059855e-03
2.058775478377059855e-03
2.058775478377059855e-03
2.058775478377059855e-03
2.058775478377059855e-03
1.839582037875643963e-02
0.000000000000000000e+00
0.000000000000000000e+00
0.000000000000000000e+00
2.557299389861859840e-02
0.000000000000000000e+00
0.000000000000000000e+00
1.288692047209845024e-02
1.100347335796334446e-02
1.100347335796334446e-02
1.100347335796334446e-02
1.100347335796334446e-02
1.100347335796334446e-02
1.100347335796334446e-02
1.100347335796334446e-02
1.100347335796334446e-02
1.440805794431389564e-01
1.440805794431389564e-01
1.440805794431389564e-01
1.440805794431389564e-01
1.440805794431389564e-01
1.440805794431389564e-01
1.440805794431389564e-01
1.440805794431389564e-01
1.440805794431389564e-01
1.440805794431389564e-01
1.440805794431389564e-01
6.780353784732118944e-03
6.780353784732118944e-03
6.780353784732118944e-03
6.780353784732118944e-03
6.780353784732118944e-03
6.780353784732118944e-03
6.780353784732118944e-03
6.780353784732118944e-03
6.780353784732118944e-03
6.780353784732118944e-03
6.780353784732118944e-03
6.780353784732118944e-03
6.780353784732118944e-03
2.255147314317669169e-02
2.255147314317669169e-02
2.255147314317669169e-02
2.255147314317669169e-02
2.255147314317669169e-02
2.255147314317669169e-02
2.255147314317669169e-02
2.255147314317669169e-02
2.255147314317669169e-02
2.255147314317669169e-02
2.255147314317669169e-02
1.352469285239684717e-02
1.352469285239684717e-02
1.352469285239684717e-02
1.352469285239684717e-02
1.352469285239684717e-02
1.352469285239684717e-02
1.352469285239684717e-02
1.929931877808492222e-02
1.981860842246064083e-02
1.981860842246064083e-02
0.000000000000000000e+00
0.000000000000000000e+00
0.000000000000000000e+00
0.000000000000000000e+00
0.000000000000000000e+00
0.000000000000000000e+00
0.000000000000000000e+00
0.000000000000000000e+00
0.000000000000000000e+00
3.607055739987231197e-02
3.326086479565707604e-02
3.326086479565707604e-02
3.326086479565707604e-02
3.326086479565707604e-02
3.326086479565707604e-02
3.326086479565707604e-02
3.326086479565707604e-02
3.326086479565707604e-02
3.326086479565707604e-02
3.326086479565707604e-02
2.674739344763511079e-02
1.336153637310881666e-02
1.336153637310881666e-02
1.882746780313142645e-02
1.882746780313142645e-02
1.882746780313142645e-02
1.882746780313142645e-02
2.557299389861859840e-02
3.524339469063373503e-02
3.524339469063373503e-02
3.524339469063373503e-02
3.524339469063373503e-02
3.524339469063373503e-02
3.524339469063373503e-02
1.570203663765976435e-02
4.614465440008988333e-03
4.614465440008988333e-03
4.614465440008988333e-03
4.614465440008988333e-03
4.614465440008988333e-03
4.614465440008988333e-03
4.614465440008988333e-03
4.614465440008988333e-03
4.614465440008988333e-03
4.614465440008988333e-03
4.614465440008988333e-03
4.614465440008988333e-03
4.614465440008988333e-03
4.614465440008988333e-03
4.614465440008988333e-03
4.614465440008988333e-03
3.511993296010001986e-02
2.674739344763511079e-02
2.674739344763511079e-02
2.674739344763511079e-02
2.674739344763511079e-02
2.674739344763511079e-02
0.000000000000000000e+00
0.000000000000000000e+00
0.000000000000000000e+00
0.000000000000000000e+00
0.000000000000000000e+00
0.000000000000000000e+00
0.000000000000000000e+00
0.000000000000000000e+00
0.000000000000000000e+00
0.000000000000000000e+00
0.000000000000000000e+00
0.000000000000000000e+00
0.000000000000000000e+00
3.511993296010001986e-02
3.511993296010001986e-02
3.511993296010001986e-02
3.511993296010001986e-02
1.202084107337727560e-02
1.006293576990836651e-02
1.006293576990836651e-02
1.006293576990836651e-02
1.006293576990836651e-02
1.006293576990836651e-02
1.006293576990836651e-02
1.006293576990836651e-02
1.006293576990836651e-02
1.239678675174948723e-02
1.020342215875498920e-01
1.020342215875498920e-01
1.020342215875498920e-01
1.020342215875498920e-01
1.020342215875498920e-01
1.020342215875498920e-01
5.022018140562432842e-03
5.022018140562432842e-03
5.022018140562432842e-03
5.022018140562432842e-03
5.022018140562432842e-03
5.022018140562432842e-03
5.022018140562432842e-03
5.022018140562432842e-03
5.022018140562432842e-03
5.022018140562432842e-03
5.022018140562432842e-03
1.239678675174948723e-02
1.239678675174948723e-02
1.239678675174948723e-02
1.239678675174948723e-02
3.619625278276632219e-02
1.657194670134352205e-02
1.657194670134352205e-02
1.657194670134352205e-02
1.657194670134352205e-02
1.657194670134352205e-02
1.657194670134352205e-02
1.657194670134352205e-02
1.473414951057379525e-02
1.473414951057379525e-02
1.473414951057379525e-02
1.473414951057379525e-02
1.473414951057379525e-02
1.473414951057379525e-02
1.473414951057379525e-02
1.473414951057379525e-02
1.473414951057379525e-02
1.473414951057379525e-02
1.473414951057379525e-02
1.473414951057379525e-02
1.473414951057379525e-02
1.473414951057379525e-02
1.473414951057379525e-02
1.473414951057379525e-02
1.473414951057379525e-02
1.473414951057379525e-02
1.473414951057379525e-02
9.171553572228537381e-04
1.264045730656022590e-02
1.264045730656022590e-02
1.264045730656022590e-02
1.264045730656022590e-02
1.264045730656022590e-02
1.264045730656022590e-02
1.264045730656022590e-02
1.264045730656022590e-02
1.264045730656022590e-02
1.264045730656022590e-02
1.264045730656022590e-02
1.264045730656022590e-02
1.264045730656022590e-02
1.264045730656022590e-02
1.264045730656022590e-02
1.264045730656022590e-02
1.264045730656022590e-02
1.264045730656022590e-02
0.000000000000000000e+00
2.883227863816784087e-03
2.883227863816784087e-03
2.883227863816784087e-03
1.206799585936300413e-02
3.491575523462028515e-04
3.491575523462028515e-04
3.491575523462028515e-04
3.491575523462028515e-04
3.491575523462028515e-04
3.491575523462028515e-04
3.491575523462028515e-04
3.491575523462028515e-04
3.491575523462028515e-04
3.491575523462028515e-04
5.475598537845230082e-03
3.236410871658232033e-03
3.236410871658232033e-03
1.026794456948753285e-03
3.662949842015537916e-02
3.662949842015537916e-02
5.658863096080408474e-03
1.766714264222337544e-02
5.658863096080408474e-03
5.658863096080408474e-03
5.658863096080408474e-03
5.658863096080408474e-03
5.658863096080408474e-03
5.658863096080408474e-03
5.658863096080408474e-03
1.766714264222337544e-02
1.145032477363070421e-02
5.475598537845230082e-03
5.475598537845230082e-03
5.475598537845230082e-03
1.026794456948753285e-03
1.026794456948753285e-03
1.026794456948753285e-03
1.026794456948753285e-03
1.026794456948753285e-03
1.026794456948753285e-03
1.026794456948753285e-03
1.026794456948753285e-03
1.026794456948753285e-03
1.026794456948753285e-03
1.026794456948753285e-03
1.026794456948753285e-03
1.026794456948753285e-03
1.026794456948753285e-03
1.026794456948753285e-03
1.026794456948753285e-03
1.608971249924338442e-03
1.608971249924338442e-03
1.608971249924338442e-03
1.608971249924338442e-03
1.608971249924338442e-03
1.608971249924338442e-03
1.608971249924338442e-03
1.608971249924338442e-03
1.608971249924338442e-03
1.608971249924338442e-03
1.608971249924338442e-03
1.608971249924338442e-03
1.608971249924338442e-03
1.145032477363070421e-02
1.145032477363070421e-02
1.145032477363070421e-02
1.145032477363070421e-02
8.021181432341341344e-02
8.021181432341341344e-02
8.021181432341341344e-02
8.021181432341341344e-02
8.021181432341341344e-02
8.021181432341341344e-02
8.021181432341341344e-02
8.021181432341341344e-02
8.021181432341341344e-02
8.021181432341341344e-02
8.021181432341341344e-02
8.021181432341341344e-02
8.021181432341341344e-02
8.021181432341341344e-02
8.021181432341341344e-02
8.021181432341341344e-02
8.021181432341341344e-02
9.688157907316254439e-03
2.248204336844289095e-02
9.688157907316254439e-03
9.688157907316254439e-03
9.688157907316254439e-03
9.688157907316254439e-03
9.688157907316254439e-03
9.688157907316254439e-03
9.688157907316254439e-03
0.000000000000000000e+00
2.616630870378897425e-03
2.616630870378897425e-03
2.616630870378897425e-03
2.616630870378897425e-03
2.616630870378897425e-03
2.616630870378897425e-03
2.616630870378897425e-03
2.616630870378897425e-03
2.616630870378897425e-03
2.616630870378897425e-03
2.616630870378897425e-03
2.616630870378897425e-03
2.616630870378897425e-03
2.616630870378897425e-03
2.616630870378897425e-03
2.616630870378897425e-03
2.616630870378897425e-03
2.616630870378897425e-03
2.616630870378897425e-03
2.616630870378897425e-03
2.616630870378897425e-03
2.616630870378897425e-03
2.692473331731157216e-02
5.616998461523150209e-03
5.616998461523150209e-03
5.616998461523150209e-03
5.616998461523150209e-03
0.000000000000000000e+00
1.081719861263229047e-02
1.081719861263229047e-02
1.081719861263229047e-02
1.081719861263229047e-02
1.081719861263229047e-02
1.081719861263229047e-02
1.081719861263229047e-02
1.081719861263229047e-02
1.081719861263229047e-02
1.081719861263229047e-02
2.692473331731157216e-02
2.692473331731157216e-02
2.692473331731157216e-02
2.692473331731157216e-02
2.692473331731157216e-02
2.692473331731157216e-02
2.692473331731157216e-02
2.692473331731157216e-02
2.692473331731157216e-02
2.692473331731157216e-02
2.692473331731157216e-02
2.692473331731157216e-02
2.692473331731157216e-02
2.692473331731157216e-02
2.692473331731157216e-02
2.692473331731157216e-02
2.692473331731157216e-02
2.692473331731157216e-02
2.692473331731157216e-02
2.692473331731157216e-02
2.692473331731157216e-02
2.692473331731157216e-02
3.753067536797283828e-04
2.021799042203019717e-02
3.753067536797283828e-04
3.753067536797283828e-04
3.753067536797283828e-04
3.753067536797283828e-04
2.021799042203019717e-02
1.839760804345155071e-02
5.502356808107942455e-03
5.502356808107942455e-03
1.042271108026218869e-02
0.000000000000000000e+00
0.000000000000000000e+00
0.000000000000000000e+00
0.000000000000000000e+00
1.658649930905446365e-02
1.906321830583724078e-02
1.906321830583724078e-02
1.906321830583724078e-02
1.906321830583724078e-02
1.906321830583724078e-02
1.906321830583724078e-02
1.607247996078937230e-02
1.844199998776250779e-02
1.844199998776250779e-02
1.844199998776250779e-02
1.844199998776250779e-02
0.000000000000000000e+00
0.000000000000000000e+00
0.000000000000000000e+00
0.000000000000000000e+00
0.000000000000000000e+00
0.000000000000000000e+00
0.000000000000000000e+00
0.000000000000000000e+00
0.000000000000000000e+00
0.000000000000000000e+00
0.000000000000000000e+00
0.000000000000000000e+00
0.000000000000000000e+00
3.788935882647908541e-03
3.788935882647908541e-03
3.788935882647908541e-03
3.788935882647908541e-03
3.788935882647908541e-03
3.788935882647908541e-03
3.788935882647908541e-03
3.788935882647908541e-03
3.788935882647908541e-03
3.788935882647908541e-03
3.788935882647908541e-03
3.472175469084632336e-03
4.525495487809489889e-03
4.525495487809489889e-03
4.525495487809489889e-03
4.525495487809489889e-03
4.525495487809489889e-03
4.525495487809489889e-03
4.525495487809489889e-03
4.525495487809489889e-03
6.079118468871774414e-03
4.525495487809489889e-03
1.012957146227435636e-02
3.171326126762311071e-03
3.171326126762311071e-03
3.171326126762311071e-03
3.171326126762311071e-03
3.171326126762311071e-03
3.171326126762311071e-03
3.171326126762311071e-03
3.171326126762311071e-03
0.000000000000000000e+00
1.607247996078937230e-02
1.607247996078937230e-02
1.607247996078937230e-02
1.607247996078937230e-02
1.607247996078937230e-02
1.607247996078937230e-02
1.607247996078937230e-02
0.000000000000000000e+00
1.106563787062498153e-02
4.595813240812396741e-03
4.595813240812396741e-03
4.595813240812396741e-03
4.595813240812396741e-03
4.595813240812396741e-03
4.595813240812396741e-03
3.978163604710483608e-02
3.978163604710483608e-02
3.978163604710483608e-02
3.978163604710483608e-02
3.978163604710483608e-02
3.978163604710483608e-02
3.978163604710483608e-02
3.978163604710483608e-02
3.978163604710483608e-02
3.978163604710483608e-02
3.978163604710483608e-02
3.978163604710483608e-02
3.978163604710483608e-02
3.978163604710483608e-02
3.978163604710483608e-02
3.978163604710483608e-02
3.978163604710483608e-02
3.978163604710483608e-02
3.978163604710483608e-02
3.978163604710483608e-02
3.978163604710483608e-02
3.978163604710483608e-02
3.978163604710483608e-02
3.978163604710483608e-02
3.978163604710483608e-02
3.978163604710483608e-02
3.978163604710483608e-02
2.145121172312849239e-02
2.631826925326922334e-02
2.631826925326922334e-02
4.639712095786795859e-02
3.503794831666803833e-02
3.503794831666803833e-02
1.290285226058843562e-02
1.290285226058843562e-02
1.290285226058843562e-02
1.290285226058843562e-02
1.290285226058843562e-02
1.290285226058843562e-02
1.290285226058843562e-02
1.290285226058843562e-02
1.290285226058843562e-02
1.290285226058843562e-02
1.290285226058843562e-02
2.022441592172855365e-02
1.015048481338119528e-02
1.015048481338119528e-02
1.015048481338119528e-02
1.015048481338119528e-02
1.015048481338119528e-02
1.015048481338119528e-02
1.015048481338119528e-02
1.015048481338119528e-02
1.015048481338119528e-02
1.015048481338119528e-02
1.015048481338119528e-02
1.015048481338119528e-02
1.015048481338119528e-02
1.015048481338119528e-02
1.015048481338119528e-02
1.015048481338119528e-02
3.519007087095942649e-03
2.195181493044305251e-02
2.195181493044305251e-02
2.195181493044305251e-02
2.195181493044305251e-02
2.195181493044305251e-02
2.195181493044305251e-02
2.195181493044305251e-02
2.195181493044305251e-02
1.090451745392056505e-02
0.000000000000000000e+00
0.000000000000000000e+00
0.000000000000000000e+00
0.000000000000000000e+00
0.000000000000000000e+00
0.000000000000000000e+00
1.174083396188383040e-02
4.804327239351661918e-04
4.804327239351661918e-04
4.804327239351661918e-04
4.804327239351661918e-04
4.804327239351661918e-04
4.804327239351661918e-04
4.804327239351661918e-04
4.804327239351661918e-04
8.360811822353957090e-02
5.500250851275827191e-02
5.500250851275827191e-02
5.500250851275827191e-02
5.500250851275827191e-02
5.500250851275827191e-02
5.500250851275827191e-02
0.000000000000000000e+00
0.000000000000000000e+00
0.000000000000000000e+00
2.868839218121406465e-02
2.868839218121406465e-02
2.868839218121406465e-02
2.868839218121406465e-02
2.868839218121406465e-02
2.868839218121406465e-02
2.868839218121406465e-02
2.868839218121406465e-02
2.868839218121406465e-02
2.868839218121406465e-02
2.868839218121406465e-02
2.868839218121406465e-02
2.868839218121406465e-02
2.868839218121406465e-02
2.868839218121406465e-02
2.868839218121406465e-02
2.868839218121406465e-02
1.262409216799707107e-02
2.060128403199361011e-02
2.060128403199361011e-02
2.060128403199361011e-02
2.060128403199361011e-02
2.060128403199361011e-02
2.060128403199361011e-02
2.022441592172855365e-02
2.022441592172855365e-02
2.290612877129872063e-02
2.477417053047300741e-02
2.477417053047300741e-02
2.477417053047300741e-02
2.477417053047300741e-02
6.376405319616145970e-03
9.662050132422205298e-03
9.662050132422205298e-03
9.662050132422205298e-03
9.662050132422205298e-03
0.000000000000000000e+00
0.000000000000000000e+00
0.000000000000000000e+00
0.000000000000000000e+00
0.000000000000000000e+00
0.000000000000000000e+00
0.000000000000000000e+00
0.000000000000000000e+00
0.000000000000000000e+00
1.326226501943556305e-02
1.764747181266994661e-02
1.764747181266994661e-02
1.764747181266994661e-02
1.764747181266994661e-02
1.764747181266994661e-02
1.764747181266994661e-02
1.764747181266994661e-02
1.764747181266994661e-02
1.764747181266994661e-02
1.764747181266994661e-02
6.017376364721179101e-03
6.017376364721179101e-03
6.017376364721179101e-03
6.017376364721179101e-03
6.017376364721179101e-03
6.017376364721179101e-03
6.017376364721179101e-03
6.017376364721179101e-03
6.017376364721179101e-03
6.017376364721179101e-03
6.017376364721179101e-03
6.017376364721179101e-03
6.017376364721179101e-03
6.840173386396580790e-02
8.577976352729185794e-02
8.577976352729185794e-02
8.577976352729185794e-02
8.577976352729185794e-02
8.359877645740670937e-03
1.871957441462961114e-02
1.871957441462961114e-02
1.871957441462961114e-02
1.871957441462961114e-02
6.268117346054652081e-03
6.268117346054652081e-03
6.268117346054652081e-03
6.268117346054652081e-03
6.268117346054652081e-03
6.268117346054652081e-03
6.268117346054652081e-03
6.268117346054652081e-03
6.268117346054652081e-03
6.268117346054652081e-03
6.268117346054652081e-03
6.268117346054652081e-03
6.268117346054652081e-03
1.149012178188571834e-02
1.149012178188571834e-02
1.149012178188571834e-02
1.149012178188571834e-02
1.149012178188571834e-02
1.182447369619567777e-02
1.149012178188571834e-02
1.149012178188571834e-02
1.149012178188571834e-02
1.149012178188571834e-02
1.149012178188571834e-02
1.042271108026218869e-02
1.042271108026218869e-02
1.042271108026218869e-02
1.042271108026218869e-02
1.042271108026218869e-02
1.042271108026218869e-02
1.042271108026218869e-02
1.042271108026218869e-02
1.042271108026218869e-02
1.042271108026218869e-02
1.042271108026218869e-02
1.042271108026218869e-02
1.042271108026218869e-02
1.042271108026218869e-02
3.748770029462600295e-02
3.748770029462600295e-02
3.748770029462600295e-02
3.748770029462600295e-02
3.748770029462600295e-02
3.748770029462600295e-02
3.748770029462600295e-02
3.748770029462600295e-02
3.748770029462600295e-02
3.748770029462600295e-02
3.748770029462600295e-02
3.748770029462600295e-02
8.211554892785846368e-03
1.212680498709531665e-02
1.212680498709531665e-02
1.212680498709531665e-02
1.212680498709531665e-02
1.212680498709531665e-02
1.212680498709531665e-02
1.212680498709531665e-02
1.212680498709531665e-02
1.212680498709531665e-02
1.212680498709531665e-02
8.735859247856537710e-03
1.228911515155925449e-02
1.228911515155925449e-02
1.228911515155925449e-02
1.228911515155925449e-02
1.228911515155925449e-02
1.228911515155925449e-02
1.228911515155925449e-02
1.228911515155925449e-02
1.228911515155925449e-02
1.228911515155925449e-02
1.228911515155925449e-02
1.228911515155925449e-02
1.151747144122466189e-03
0.000000000000000000e+00
0.000000000000000000e+00
0.000000000000000000e+00
0.000000000000000000e+00
8.854985988849498058e-03
2.562503284420949642e-02
2.562503284420949642e-02
2.562503284420949642e-02
2.562503284420949642e-02
2.036504185731166303e-03
2.036504185731166303e-03
2.036504185731166303e-03
2.036504185731166303e-03
2.036504185731166303e-03
2.036504185731166303e-03
2.036504185731166303e-03
0.000000000000000000e+00
2.036504185731166303e-03
2.036504185731166303e-03
2.036504185731166303e-03
9.395433452326256221e-03
9.395433452326256221e-03
9.395433452326256221e-03
9.395433452326256221e-03
9.395433452326256221e-03
9.395433452326256221e-03
9.395433452326256221e-03
9.395433452326256221e-03
9.395433452326256221e-03
9.395433452326256221e-03
9.395433452326256221e-03
3.476031887261239045e-02
2.099880862714699741e-03
2.099880862714699741e-03
2.099880862714699741e-03
2.099880862714699741e-03
2.099880862714699741e-03
2.099880862714699741e-03
2.099880862714699741e-03
2.099880862714699741e-03
2.099880862714699741e-03
2.099880862714699741e-03
2.099880862714699741e-03
2.099880862714699741e-03
2.099880862714699741e-03
2.099880862714699741e-03
2.099880862714699741e-03
2.099880862714699741e-03
3.662874038078885088e-03
0.000000000000000000e+00
0.000000000000000000e+00
0.000000000000000000e+00
0.000000000000000000e+00
1.475720772187075203e-02
1.707377715286292896e-02
1.707377715286292896e-02
0.000000000000000000e+00
7.614696722050667832e-02
7.614696722050667832e-02
7.614696722050667832e-02
7.614696722050667832e-02
7.614696722050667832e-02
7.614696722050667832e-02
7.614696722050667832e-02
7.614696722050667832e-02
7.614696722050667832e-02
7.614696722050667832e-02
9.692256076250288857e-03
1.101571848556938578e-02
1.101571848556938578e-02
1.101571848556938578e-02
1.101571848556938578e-02
3.695018647695885727e-02
6.035384946808954043e-02
6.035384946808954043e-02
2.056654898195574288e-02
2.056654898195574288e-02
2.056654898195574288e-02
2.056654898195574288e-02
2.056654898195574288e-02
2.056654898195574288e-02
2.056654898195574288e-02
2.056654898195574288e-02
2.056654898195574288e-02
2.056654898195574288e-02
2.056654898195574288e-02
0.000000000000000000e+00
0.000000000000000000e+00
0.000000000000000000e+00
0.000000000000000000e+00
0.000000000000000000e+00
0.000000000000000000e+00
0.000000000000000000e+00
9.173729578648069649e-02
2.260162738645287925e-02
2.260162738645287925e-02
2.260162738645287925e-02
2.260162738645287925e-02
2.260162738645287925e-02
2.260162738645287925e-02
2.260162738645287925e-02
2.260162738645287925e-02
2.260162738645287925e-02
2.260162738645287925e-02
2.260162738645287925e-02
1.545458990601352410e-02
9.692256076250288857e-03
9.692256076250288857e-03
9.692256076250288857e-03
9.692256076250288857e-03
9.692256076250288857e-03
1.626548074078421752e-02
0.000000000000000000e+00
0.000000000000000000e+00
2.329085585402294184e-02
2.513099499063239234e-02
2.513099499063239234e-02
2.513099499063239234e-02
2.513099499063239234e-02
2.513099499063239234e-02
2.513099499063239234e-02
2.513099499063239234e-02
2.513099499063239234e-02
2.280843283667360888e-02
3.695018647695885727e-02
3.695018647695885727e-02
3.695018647695885727e-02
3.695018647695885727e-02
3.695018647695885727e-02
3.695018647695885727e-02
3.695018647695885727e-02
4.263097712925602994e-02
1.956226989195651925e-02
1.956226989195651925e-02
1.956226989195651925e-02
1.956226989195651925e-02
1.956226989195651925e-02
1.956226989195651925e-02
1.956226989195651925e-02
1.956226989195651925e-02
1.956226989195651925e-02
1.956226989195651925e-02
1.956226989195651925e-02
1.956226989195651925e-02
1.528958215864787556e-02
1.528958215864787556e-02
1.528958215864787556e-02
1.528958215864787556e-02
1.528958215864787556e-02
1.528958215864787556e-02
1.528958215864787556e-02
1.528958215864787556e-02
1.528958215864787556e-02
1.528958215864787556e-02
1.528958215864787556e-02
1.528958215864787556e-02
1.528958215864787556e-02
1.171199794594907258e-02
1.475720772187075203e-02
1.475720772187075203e-02
1.475720772187075203e-02
1.475720772187075203e-02
1.475720772187075203e-02
1.475720772187075203e-02
1.475720772187075203e-02
1.475720772187075203e-02
1.475720772187075203e-02
2.280843283667360888e-02
2.280843283667360888e-02
2.280843283667360888e-02
2.280843283667360888e-02
0.000000000000000000e+00
0.000000000000000000e+00
0.000000000000000000e+00
0.000000000000000000e+00
0.000000000000000000e+00
6.099876050321092515e-03
8.690474208460243974e-03
8.690474208460243974e-03
8.690474208460243974e-03
8.690474208460243974e-03
8.690474208460243974e-03
8.690474208460243974e-03
2.828144293885888338e-02
2.828144293885888338e-02
2.828144293885888338e-02
2.828144293885888338e-02
2.828144293885888338e-02
2.828144293885888338e-02
2.828144293885888338e-02
2.828144293885888338e-02
2.828144293885888338e-02
2.828144293885888338e-02
2.828144293885888338e-02
2.828144293885888338e-02
2.828144293885888338e-02
1.833311121031023783e-01
3.648337227245169057e-03
3.648337227245169057e-03
4.610087847308391544e-03
2.533665446991720249e-02
2.533665446991720249e-02
2.533665446991720249e-02
2.533665446991720249e-02
2.533665446991720249e-02
2.533665446991720249e-02
2.533665446991720249e-02
2.533665446991720249e-02
2.533665446991720249e-02
2.533665446991720249e-02
0.000000000000000000e+00
0.000000000000000000e+00
0.000000000000000000e+00
0.000000000000000000e+00
0.000000000000000000e+00
0.000000000000000000e+00
0.000000000000000000e+00
8.642026487954532210e-02
6.467959458162897413e-02
6.467959458162897413e-02
6.467959458162897413e-02
6.467959458162897413e-02
6.467959458162897413e-02
6.467959458162897413e-02
6.467959458162897413e-02
6.467959458162897413e-02
6.467959458162897413e-02
6.467959458162897413e-02
2.126893212601061942e-02
5.512203263417678537e-03
5.512203263417678537e-03
5.512203263417678537e-03
5.512203263417678537e-03
5.512203263417678537e-03
5.512203263417678537e-03
5.512203263417678537e-03
5.512203263417678537e-03
0.000000000000000000e+00
3.559000365103034969e-02
3.559000365103034969e-02
3.559000365103034969e-02
3.559000365103034969e-02
3.559000365103034969e-02
3.559000365103034969e-02
3.559000365103034969e-02
3.559000365103034969e-02
3.559000365103034969e-02
3.559000365103034969e-02
1.873028541660896147e-03
1.873028541660896147e-03
1.873028541660896147e-03
1.873028541660896147e-03
1.873028541660896147e-03
1.873028541660896147e-03
1.873028541660896147e-03
1.873028541660896147e-03
1.873028541660896147e-03
1.873028541660896147e-03
1.873028541660896147e-03
1.873028541660896147e-03
1.873028541660896147e-03
1.823076365479083319e-02
3.544885889796931238e-03
3.544885889796931238e-03
3.544885889796931238e-03
3.544885889796931238e-03
3.544885889796931238e-03
3.544885889796931238e-03
3.544885889796931238e-03
3.544885889796931238e-03
3.544885889796931238e-03
3.544885889796931238e-03
3.544885889796931238e-03
3.544885889796931238e-03
3.544885889796931238e-03
3.544885889796931238e-03
3.544885889796931238e-03
3.544885889796931238e-03
3.544885889796931238e-03
3.544885889796931238e-03
0.000000000000000000e+00
0.000000000000000000e+00
0.000000000000000000e+00
0.000000000000000000e+00
0.000000000000000000e+00
0.000000000000000000e+00
0.000000000000000000e+00
0.000000000000000000e+00
0.000000000000000000e+00
0.000000000000000000e+00
0.000000000000000000e+00
0.000000000000000000e+00
0.000000000000000000e+00
2.297769591817787685e-02
3.974926036883091873e-02
4.794995241503896555e-02
6.907097174598010592e-02
4.794995241503896555e-02
4.794995241503896555e-02
4.794995241503896555e-02
4.794995241503896555e-02
4.794995241503896555e-02
4.794995241503896555e-02
4.794995241503896555e-02
4.794995241503896555e-02
4.794995241503896555e-02
3.974926036883091873e-02
0.000000000000000000e+00
0.000000000000000000e+00
0.000000000000000000e+00
0.000000000000000000e+00
0.000000000000000000e+00
0.000000000000000000e+00
0.000000000000000000e+00
0.000000000000000000e+00
0.000000000000000000e+00
0.000000000000000000e+00
0.000000000000000000e+00
0.000000000000000000e+00
2.018128780395313238e-02
2.178777077082290001e-02
2.178777077082290001e-02
4.676875253412188238e-02
2.632486794387722123e-02
2.632486794387722123e-02
2.632486794387722123e-02
2.632486794387722123e-02
2.632486794387722123e-02
2.632486794387722123e-02
2.632486794387722123e-02
2.632486794387722123e-02
2.632486794387722123e-02
2.632486794387722123e-02
2.632486794387722123e-02
2.632486794387722123e-02
2.632486794387722123e-02
2.632486794387722123e-02
2.632486794387722123e-02
2.632486794387722123e-02
2.632486794387722123e-02
2.632486794387722123e-02
8.035336710801175425e-03
1.785785937864339118e-02
1.785785937864339118e-02
1.672465242335269275e-02
2.128622452743445664e-02
2.128622452743445664e-02
2.128622452743445664e-02
2.128622452743445664e-02
1.204684953043549944e-02
1.204684953043549944e-02
1.204684953043549944e-02
1.204684953043549944e-02
1.204684953043549944e-02
1.204684953043549944e-02
1.204684953043549944e-02
1.204684953043549944e-02
1.204684953043549944e-02
1.204684953043549944e-02
1.204684953043549944e-02
1.204684953043549944e-02
1.204684953043549944e-02
1.204684953043549944e-02
1.204684953043549944e-02
1.204684953043549944e-02
1.204684953043549944e-02
0.000000000000000000e+00
0.000000000000000000e+00
0.000000000000000000e+00
0.000000000000000000e+00
0.000000000000000000e+00
1.278874940325779551e-02
1.251967505778442055e-02
1.251967505778442055e-02
1.251967505778442055e-02
1.251967505778442055e-02
1.251967505778442055e-02
1.251967505778442055e-02
7.763297655860978107e-03
3.706542730362651604e-03
3.706542730362651604e-03
3.303856300780694255e-02
0.000000000000000000e+00
0.000000000000000000e+00
0.000000000000000000e+00
0.000000000000000000e+00
0.000000000000000000e+00
0.000000000000000000e+00
0.000000000000000000e+00
0.000000000000000000e+00
0.000000000000000000e+00
0.000000000000000000e+00
0.000000000000000000e+00
1.217473329064173299e-02
1.908491544044587512e-02
1.908491544044587512e-02
1.908491544044587512e-02
1.908491544044587512e-02
1.908491544044587512e-02
1.908491544044587512e-02
1.908491544044587512e-02
1.908491544044587512e-02
1.354204164520898335e-03
1.619477266560373496e-02
1.619477266560373496e-02
1.619477266560373496e-02
1.619477266560373496e-02
1.545458990601352410e-02
1.545458990601352410e-02
1.301931681335300253e-02
5.658292199524009173e-04
5.658292199524009173e-04
5.658292199524009173e-04
5.658292199524009173e-04
5.658292199524009173e-04
5.658292199524009173e-04
5.658292199524009173e-04
5.658292199524009173e-04
2.145121172312849239e-02
2.904595066677321917e-03
2.904595066677321917e-03
2.904595066677321917e-03
2.904595066677321917e-03
2.904595066677321917e-03
2.904595066677321917e-03
2.904595066677321917e-03
2.904595066677321917e-03
2.904595066677321917e-03
2.904595066677321917e-03
1.919745553978398789e-03
1.211267242364574316e-02
1.211267242364574316e-02
1.211267242364574316e-02
1.211267242364574316e-02
1.431508095547707853e-02
1.431508095547707853e-02
1.431508095547707853e-02
1.431508095547707853e-02
1.431508095547707853e-02
1.431508095547707853e-02
1.431508095547707853e-02
1.431508095547707853e-02
1.431508095547707853e-02
1.431508095547707853e-02
1.431508095547707853e-02
1.431508095547707853e-02
1.431508095547707853e-02
1.431508095547707853e-02
1.431508095547707853e-02
1.415080949765376225e-02
2.438102553984282383e-02
2.438102553984282383e-02
2.438102553984282383e-02
2.438102553984282383e-02
2.438102553984282383e-02
2.438102553984282383e-02
2.438102553984282383e-02
2.438102553984282383e-02
2.438102553984282383e-02
2.438102553984282383e-02
1.915825161152050551e-02
1.915825161152050551e-02
1.915825161152050551e-02
1.915825161152050551e-02
1.915825161152050551e-02
1.915825161152050551e-02
1.915825161152050551e-02
1.915825161152050551e-02
1.915825161152050551e-02
1.915825161152050551e-02
1.915825161152050551e-02
1.915825161152050551e-02
1.915825161152050551e-02
1.915825161152050551e-02
1.915825161152050551e-02
0.000000000000000000e+00
0.000000000000000000e+00
0.000000000000000000e+00
0.000000000000000000e+00
0.000000000000000000e+00
0.000000000000000000e+00
0.000000000000000000e+00
0.000000000000000000e+00
0.000000000000000000e+00
2.018012815683728044e-03
1.196362486798714306e-02
1.196362486798714306e-02
1.196362486798714306e-02
1.196362486798714306e-02
1.196362486798714306e-02
1.196362486798714306e-02
1.196362486798714306e-02
1.196362486798714306e-02
1.196362486798714306e-02
1.196362486798714306e-02
1.026139127657903390e-02
7.283579814824924642e-03
7.283579814824924642e-03
7.283579814824924642e-03
7.283579814824924642e-03
7.283579814824924642e-03
7.283579814824924642e-03
7.283579814824924642e-03
7.283579814824924642e-03
7.283579814824924642e-03
7.283579814824924642e-03
7.283579814824924642e-03
7.283579814824924642e-03
7.283579814824924642e-03
7.283579814824924642e-03
7.283579814824924642e-03
7.283579814824924642e-03
1.393690143067477299e-03
3.512441529094929155e-02
3.512441529094929155e-02
3.512441529094929155e-02
3.512441529094929155e-02
2.018012815683728044e-03
0.000000000000000000e+00
0.000000000000000000e+00
7.892090181225122625e-03
2.581944169270904664e-03
2.581944169270904664e-03
1.190054618254420687e-02
1.190054618254420687e-02
1.190054618254420687e-02
1.190054618254420687e-02
1.190054618254420687e-02
1.190054618254420687e-02
1.190054618254420687e-02
1.190054618254420687e-02
1.190054618254420687e-02
1.190054618254420687e-02
1.190054618254420687e-02
1.842283512612722871e-02
5.597795461466788204e-04
5.597795461466788204e-04
5.597795461466788204e-04
5.597795461466788204e-04
5.597795461466788204e-04
5.597795461466788204e-04
5.597795461466788204e-04
5.597795461466788204e-04
5.597795461466788204e-04
5.597795461466788204e-04
2.681384891638863982e-02
1.747034199309861757e-02
1.747034199309861757e-02
1.747034199309861757e-02
1.747034199309861757e-02
1.747034199309861757e-02
1.747034199309861757e-02
1.747034199309861757e-02
1.747034199309861757e-02
1.747034199309861757e-02
1.747034199309861757e-02
1.747034199309861757e-02
1.747034199309861757e-02
1.782617668186552845e-02
1.782617668186552845e-02
1.782617668186552845e-02
1.782617668186552845e-02
1.782617668186552845e-02
1.782617668186552845e-02
1.782617668186552845e-02
1.782617668186552845e-02
1.782617668186552845e-02
1.782617668186552845e-02
1.782617668186552845e-02
1.782617668186552845e-02
1.782617668186552845e-02
2.141728272011186526e-02
1.772641152915433935e-02
1.772641152915433935e-02
1.772641152915433935e-02
1.772641152915433935e-02
1.772641152915433935e-02
1.772641152915433935e-02
1.772641152915433935e-02
1.772641152915433935e-02
1.772641152915433935e-02
1.772641152915433935e-02
0.000000000000000000e+00
9.050019522474783348e-03
9.050019522474783348e-03
9.050019522474783348e-03
9.050019522474783348e-03
9.050019522474783348e-03
9.050019522474783348e-03
1.125898203905061415e-02
7.292163917391111805e-03
7.292163917391111805e-03
7.292163917391111805e-03
7.292163917391111805e-03
7.292163917391111805e-03
7.292163917391111805e-03
7.292163917391111805e-03
7.292163917391111805e-03
7.292163917391111805e-03
7.292163917391111805e-03
4.069199970246402225e-03
4.069199970246402225e-03
4.069199970246402225e-03
4.069199970246402225e-03
4.069199970246402225e-03
4.069199970246402225e-03
4.069199970246402225e-03
4.069199970246402225e-03
4.069199970246402225e-03
4.069199970246402225e-03
4.069199970246402225e-03
4.069199970246402225e-03
4.069199970246402225e-03
7.054967899448864876e-03
1.985833616810221604e-03
1.985833616810221604e-03
1.985833616810221604e-03
1.985833616810221604e-03
1.985833616810221604e-03
1.985833616810221604e-03
1.985833616810221604e-03
1.985833616810221604e-03
1.985833616810221604e-03
1.985833616810221604e-03
1.301931681335300253e-02
6.137074547920374178e-03
6.137074547920374178e-03
6.137074547920374178e-03
6.137074547920374178e-03
0.000000000000000000e+00
0.000000000000000000e+00
0.000000000000000000e+00
0.000000000000000000e+00
0.000000000000000000e+00
0.000000000000000000e+00
1.718166088598154298e-02
5.207593909647523917e-03
5.207593909647523917e-03
5.207593909647523917e-03
5.207593909647523917e-03
4.639712095786795859e-02
4.639712095786795859e-02
4.639712095786795859e-02
4.639712095786795859e-02
4.639712095786795859e-02
4.639712095786795859e-02
4.639712095786795859e-02
4.639712095786795859e-02
4.639712095786795859e-02
4.639712095786795859e-02
4.639712095786795859e-02
4.639712095786795859e-02
4.639712095786795859e-02
4.639712095786795859e-02
1.085441446879481173e-02
3.080544187156239455e-03
3.080544187156239455e-03
3.080544187156239455e-03
3.080544187156239455e-03
3.080544187156239455e-03
3.080544187156239455e-03
3.080544187156239455e-03
3.080544187156239455e-03
3.080544187156239455e-03
3.080544187156239455e-03
3.080544187156239455e-03
3.080544187156239455e-03
3.080544187156239455e-03
3.080544187156239455e-03
3.080544187156239455e-03
3.080544187156239455e-03
0.000000000000000000e+00
0.000000000000000000e+00
0.000000000000000000e+00
0.000000000000000000e+00
0.000000000000000000e+00
0.000000000000000000e+00
0.000000000000000000e+00
0.000000000000000000e+00
0.000000000000000000e+00
1.044973065309164409e-02
1.517221361382900362e-02
1.517221361382900362e-02
4.155890056498301455e-03
2.259827363712824024e-03
2.916159840966599508e-03
2.259827363712824024e-03
2.259827363712824024e-03
2.259827363712824024e-03
2.259827363712824024e-03
2.259827363712824024e-03
2.259827363712824024e-03
2.259827363712824024e-03
2.384569096381945752e-02
1.132486970844519616e-02
1.132486970844519616e-02
1.132486970844519616e-02
1.132486970844519616e-02
1.132486970844519616e-02
1.132486970844519616e-02
1.157387833146051627e-02
1.288945064922654947e-02
1.288945064922654947e-02
1.288945064922654947e-02
1.288945064922654947e-02
1.288945064922654947e-02
1.288945064922654947e-02
1.288945064922654947e-02
1.288945064922654947e-02
1.288945064922654947e-02
1.288945064922654947e-02
1.288945064922654947e-02
1.288945064922654947e-02
1.504843507501252460e-02
8.171716268119045071e-03
8.171716268119045071e-03
8.171716268119045071e-03
8.171716268119045071e-03
8.171716268119045071e-03
8.171716268119045071e-03
8.171716268119045071e-03
8.171716268119045071e-03
8.171716268119045071e-03
8.171716268119045071e-03
8.171716268119045071e-03
8.171716268119045071e-03
8.171716268119045071e-03
8.171716268119045071e-03
8.171716268119045071e-03
8.171716268119045071e-03
8.171716268119045071e-03
8.171716268119045071e-03
0.000000000000000000e+00
2.826879463294655268e-02
0.000000000000000000e+00
2.826879463294655268e-02
2.826879463294655268e-02
2.826879463294655268e-02
1.163775626850616085e-02
4.782987721012969644e-03
4.782987721012969644e-03
4.782987721012969644e-03
4.782987721012969644e-03
0.000000000000000000e+00
3.070373345068540955e-03
3.070373345068540955e-03
3.070373345068540955e-03
3.070373345068540955e-03
3.070373345068540955e-03
3.070373345068540955e-03
3.070373345068540955e-03
3.070373345068540955e-03
2.065226513018816185e-02
1.658649930905446365e-02
2.207652855502540389e-03
2.141857405616545609e-03
2.207652855502540389e-03
2.207652855502540389e-03
2.207652855502540389e-03
2.207652855502540389e-03
2.207652855502540389e-03
2.141857405616545609e-03
2.141857405616545609e-03
2.141857405616545609e-03
2.141857405616545609e-03
1.706608704095837620e-02
8.854985988849498058e-03
8.854985988849498058e-03
8.854985988849498058e-03
8.854985988849498058e-03
8.854985988849498058e-03
8.854985988849498058e-03
8.854985988849498058e-03
8.854985988849498058e-03
8.854985988849498058e-03
8.854985988849498058e-03
8.854985988849498058e-03
8.854985988849498058e-03
8.854985988849498058e-03
8.854985988849498058e-03
8.854985988849498058e-03
8.854985988849498058e-03
2.694570379237911512e-02
8.854985988849498058e-03
8.854985988849498058e-03
8.854985988849498058e-03
8.854985988849498058e-03
8.854985988849498058e-03
8.854985988849498058e-03
1.109113763434053587e-02
2.655502366251010979e-02
2.655502366251010979e-02
2.655502366251010979e-02
2.655502366251010979e-02
2.655502366251010979e-02
2.655502366251010979e-02
2.655502366251010979e-02
2.655502366251010979e-02
2.655502366251010979e-02
2.655502366251010979e-02
2.655502366251010979e-02
2.655502366251010979e-02
2.655502366251010979e-02
2.655502366251010979e-02
1.828818452278017231e-02
1.163775626850616085e-02
1.163775626850616085e-02
1.163775626850616085e-02
5.231194245384838092e-03
5.231194245384838092e-03
5.231194245384838092e-03
5.231194245384838092e-03
5.231194245384838092e-03
5.231194245384838092e-03
5.231194245384838092e-03
5.231194245384838092e-03
5.231194245384838092e-03
5.231194245384838092e-03
5.231194245384838092e-03
4.481093661460841190e-03
0.000000000000000000e+00
0.000000000000000000e+00
0.000000000000000000e+00
0.000000000000000000e+00
1.776807853881316041e-02
1.691230439187586462e-02
1.691230439187586462e-02
0.000000000000000000e+00
0.000000000000000000e+00
0.000000000000000000e+00
0.000000000000000000e+00
0.000000000000000000e+00
1.425902146961774593e-02
2.156501668817652553e-02
2.156501668817652553e-02
2.156501668817652553e-02
2.156501668817652553e-02
2.156501668817652553e-02
2.156501668817652553e-02
2.156501668817652553e-02
2.156501668817652553e-02
2.156501668817652553e-02
2.156501668817652553e-02
2.156501668817652553e-02
2.156501668817652553e-02
3.538602658084949448e-02
1.939569456095847216e-02
1.939569456095847216e-02
1.939569456095847216e-02
1.939569456095847216e-02
1.939569456095847216e-02
1.939569456095847216e-02
1.939569456095847216e-02
1.939569456095847216e-02
1.587114358453610430e-02
0.000000000000000000e+00
0.000000000000000000e+00
0.000000000000000000e+00
0.000000000000000000e+00
0.000000000000000000e+00
0.000000000000000000e+00
0.000000000000000000e+00
0.000000000000000000e+00
1.765051868951606970e-02
2.027273288567787990e-02
2.027273288567787990e-02
2.027273288567787990e-02
2.027273288567787990e-02
2.027273288567787990e-02
2.027273288567787990e-02
2.027273288567787990e-02
2.027273288567787990e-02
2.329085585402294184e-02
4.864489664098109456e-03
4.864489664098109456e-03
1.587114358453610430e-02
1.587114358453610430e-02
8.642026487954532210e-02
8.642026487954532210e-02
0.000000000000000000e+00
0.000000000000000000e+00
0.000000000000000000e+00
0.000000000000000000e+00
0.000000000000000000e+00
1.279027304957276734e-02
1.022264010551014388e-02
1.022264010551014388e-02
1.022264010551014388e-02
1.022264010551014388e-02
1.022264010551014388e-02
1.022264010551014388e-02
1.022264010551014388e-02
1.022264010551014388e-02
1.022264010551014388e-02
1.022264010551014388e-02
1.110870116963477358e-02
4.656026001124138718e-03
4.656026001124138718e-03
4.656026001124138718e-03
4.656026001124138718e-03
1.279027304957276734e-02
1.279027304957276734e-02
1.279027304957276734e-02
1.279027304957276734e-02
1.279027304957276734e-02
1.279027304957276734e-02
1.279027304957276734e-02
1.279027304957276734e-02
1.279027304957276734e-02
1.279027304957276734e-02
1.279027304957276734e-02
1.279027304957276734e-02
1.279027304957276734e-02
1.279027304957276734e-02
1.279027304957276734e-02
1.279027304957276734e-02
1.718823280209624133e-02
2.871388417272182150e-02
2.871388417272182150e-02
2.871388417272182150e-02
2.871388417272182150e-02
1.014246131400507039e-02
1.014246131400507039e-02
3.537691524997779117e-03
2.053558484874857398e-02
2.053558484874857398e-02
2.053558484874857398e-02
2.053558484874857398e-02
2.053558484874857398e-02
2.053558484874857398e-02
1.357549632752196554e-02
1.357549632752196554e-02
1.357549632752196554e-02
1.357549632752196554e-02
1.357549632752196554e-02
1.357549632752196554e-02
1.357549632752196554e-02
1.357549632752196554e-02
1.357549632752196554e-02
1.357549632752196554e-02
1.357549632752196554e-02
1.357549632752196554e-02
1.357549632752196554e-02
1.357549632752196554e-02
1.357549632752196554e-02
1.027273246340590883e-02
1.366411113876507934e-03
0.000000000000000000e+00
0.000000000000000000e+00
0.000000000000000000e+00
1.884374470033291227e-02
3.730471635170138495e-02
3.730471635170138495e-02
9.536268478952798083e-03
1.384234361239094699e-02
1.384234361239094699e-02
1.384234361239094699e-02
1.384234361239094699e-02
1.384234361239094699e-02
1.384234361239094699e-02
0.000000000000000000e+00
0.000000000000000000e+00
0.000000000000000000e+00
1.739878075983639777e-02
1.739878075983639777e-02
1.739878075983639777e-02
1.739878075983639777e-02
1.739878075983639777e-02
1.739878075983639777e-02
8.013966877762591923e-02
3.934493534490987447e-04
3.934493534490987447e-04
3.934493534490987447e-04
3.934493534490987447e-04
3.934493534490987447e-04
3.934493534490987447e-04
3.934493534490987447e-04
3.934493534490987447e-04
4.849506173253429137e-04
9.660905407910860485e-03
9.660905407910860485e-03
9.660905407910860485e-03
9.660905407910860485e-03
1.249718252252993503e-02
1.833311121031023783e-01
1.833311121031023783e-01
1.833311121031023783e-01
1.833311121031023783e-01
1.833311121031023783e-01
1.833311121031023783e-01
1.833311121031023783e-01
5.907490018904124410e-03
1.595988334919200974e-02
1.595988334919200974e-02
1.595988334919200974e-02
1.595988334919200974e-02
1.249718252252993503e-02
1.249718252252993503e-02
1.249718252252993503e-02
1.249718252252993503e-02
3.149015172162591275e-02
2.030584763272093741e-03
2.030584763272093741e-03
2.030584763272093741e-03
2.030584763272093741e-03
2.030584763272093741e-03
2.030584763272093741e-03
2.030584763272093741e-03
2.030584763272093741e-03
2.030584763272093741e-03
2.030584763272093741e-03
2.030584763272093741e-03
2.030584763272093741e-03
5.188670329327513438e-03
1.207603772641427636e-03
1.007948652702013274e-02
1.007948652702013274e-02
1.007948652702013274e-02
1.007948652702013274e-02
1.007948652702013274e-02
1.207603772641427636e-03
0.000000000000000000e+00
0.000000000000000000e+00
0.000000000000000000e+00
0.000000000000000000e+00
0.000000000000000000e+00
0.000000000000000000e+00
0.000000000000000000e+00
0.000000000000000000e+00
8.360811822353957090e-02
8.360811822353957090e-02
8.360811822353957090e-02
8.360811822353957090e-02
8.360811822353957090e-02
8.360811822353957090e-02
8.360811822353957090e-02
8.360811822353957090e-02
8.360811822353957090e-02
8.360811822353957090e-02
8.360811822353957090e-02
8.360811822353957090e-02
6.884574122189920584e-03
6.884574122189920584e-03
6.884574122189920584e-03
6.884574122189920584e-03
6.884574122189920584e-03
1.325772694302657616e-02
6.884574122189920584e-03
6.884574122189920584e-03
6.884574122189920584e-03
0.000000000000000000e+00
0.000000000000000000e+00
0.000000000000000000e+00
0.000000000000000000e+00
0.000000000000000000e+00
0.000000000000000000e+00
0.000000000000000000e+00
6.112194709939965803e-03
1.066063558183278498e-02
1.066063558183278498e-02
1.066063558183278498e-02
1.066063558183278498e-02
1.066063558183278498e-02
1.066063558183278498e-02
1.066063558183278498e-02
1.066063558183278498e-02
1.066063558183278498e-02
1.066063558183278498e-02
1.066063558183278498e-02
1.066063558183278498e-02
1.829832262225070116e-02
1.829832262225070116e-02
1.829832262225070116e-02
1.829832262225070116e-02
1.829832262225070116e-02
1.829832262225070116e-02
1.829832262225070116e-02
1.829832262225070116e-02
1.829832262225070116e-02
1.829832262225070116e-02
1.829832262225070116e-02
3.001690330334547130e-02
1.844920413458317129e-02
1.844920413458317129e-02
9.625486272646952696e-03
1.387613596111836323e-02
1.387613596111836323e-02
1.387613596111836323e-02
1.387613596111836323e-02
1.387613596111836323e-02
1.387613596111836323e-02
1.387613596111836323e-02
1.387613596111836323e-02
1.387613596111836323e-02
1.387613596111836323e-02
1.387613596111836323e-02
1.387613596111836323e-02
7.952986133645682798e-02
5.469560566454209627e-02
5.469560566454209627e-02
5.469560566454209627e-02
5.469560566454209627e-02
5.469560566454209627e-02
5.469560566454209627e-02
5.469560566454209627e-02
5.469560566454209627e-02
5.469560566454209627e-02
5.469560566454209627e-02
0.000000000000000000e+00
0.000000000000000000e+00
0.000000000000000000e+00
4.504004525488028987e-01
1.841371907608426242e-02
1.841371907608426242e-02
1.841371907608426242e-02
1.841371907608426242e-02
1.841371907608426242e-02
1.841371907608426242e-02
3.743906081488685127e-03
3.743906081488685127e-03
3.743906081488685127e-03
3.743906081488685127e-03
3.743906081488685127e-03
3.743906081488685127e-03
3.743906081488685127e-03
3.743906081488685127e-03
3.743906081488685127e-03
3.743906081488685127e-03
3.743906081488685127e-03
3.743906081488685127e-03
3.743906081488685127e-03
3.743906081488685127e-03
3.743906081488685127e-03
4.517754742012942970e-02
4.034122874358434668e-02
4.034122874358434668e-02
4.034122874358434668e-02
4.034122874358434668e-02
4.034122874358434668e-02
4.034122874358434668e-02
4.034122874358434668e-02
4.034122874358434668e-02
4.034122874358434668e-02
4.034122874358434668e-02
4.034122874358434668e-02
4.034122874358434668e-02
6.085617752718255544e-03
2.282309945609371088e-02
2.282309945609371088e-02
2.282309945609371088e-02
2.282309945609371088e-02
2.282309945609371088e-02
2.282309945609371088e-02
2.282309945609371088e-02
2.282309945609371088e-02
1.325772694302657616e-02
1.325772694302657616e-02
1.325772694302657616e-02
4.967274271684844755e-02
4.967274271684844755e-02
4.310033157169161806e-03
5.868745373229322312e-03
5.868745373229322312e-03
6.156166043778883712e-02
8.984916971575144032e-03
8.984916971575144032e-03
8.984916971575144032e-03
8.984916971575144032e-03
8.984916971575144032e-03
8.984916971575144032e-03
8.984916971575144032e-03
8.984916971575144032e-03
3.029918177112738559e-02
3.029918177112738559e-02
3.029918177112738559e-02
3.029918177112738559e-02
3.029918177112738559e-02
3.029918177112738559e-02
3.029918177112738559e-02
3.029918177112738559e-02
3.029918177112738559e-02
3.029918177112738559e-02
3.029918177112738559e-02
3.029918177112738559e-02
3.029918177112738559e-02
3.029918177112738559e-02
3.029918177112738559e-02
3.029918177112738559e-02
3.029918177112738559e-02
3.029918177112738559e-02
3.029918177112738559e-02
3.029918177112738559e-02
3.029918177112738559e-02
3.029918177112738559e-02
3.029918177112738559e-02
3.029918177112738559e-02
3.029918177112738559e-02
9.275102863866771866e-03
5.250668022175597298e-03
5.250668022175597298e-03
5.250668022175597298e-03
5.250668022175597298e-03
5.250668022175597298e-03
5.250668022175597298e-03
2.705026312420811402e-02
6.545856282284250732e-03
6.545856282284250732e-03
6.545856282284250732e-03
6.545856282284250732e-03
4.551037602994949249e-02
4.295171898643154219e-03
4.295171898643154219e-03
4.295171898643154219e-03
4.295171898643154219e-03
4.295171898643154219e-03
4.295171898643154219e-03
4.504004525488028987e-01
4.504004525488028987e-01
4.504004525488028987e-01
4.504004525488028987e-01
4.504004525488028987e-01
4.504004525488028987e-01
0.000000000000000000e+00
0.000000000000000000e+00
0.000000000000000000e+00
0.000000000000000000e+00
0.000000000000000000e+00
4.304343084718514900e-02
4.304343084718514900e-02
4.304343084718514900e-02
4.304343084718514900e-02
4.304343084718514900e-02
4.304343084718514900e-02
4.304343084718514900e-02
4.304343084718514900e-02
4.310033157169161806e-03
4.310033157169161806e-03
4.310033157169161806e-03
4.310033157169161806e-03
4.310033157169161806e-03
4.310033157169161806e-03
4.310033157169161806e-03
4.310033157169161806e-03
5.971290531664907170e-02
5.971290531664907170e-02
5.971290531664907170e-02
5.971290531664907170e-02
5.971290531664907170e-02
5.971290531664907170e-02
5.971290531664907170e-02
5.971290531664907170e-02
5.971290531664907170e-02
5.971290531664907170e-02
5.971290531664907170e-02
5.971290531664907170e-02
5.971290531664907170e-02
5.971290531664907170e-02
5.971290531664907170e-02
5.640991241695697024e-03
2.858929468986969383e-02
2.858929468986969383e-02
2.858929468986969383e-02
2.858929468986969383e-02
2.858929468986969383e-02
2.858929468986969383e-02
3.001690330334547130e-02
1.540428912600767027e-03
1.540428912600767027e-03
1.540428912600767027e-03
1.540428912600767027e-03
1.540428912600767027e-03
1.540428912600767027e-03
1.540428912600767027e-03
1.540428912600767027e-03
1.540428912600767027e-03
1.540428912600767027e-03
1.540428912600767027e-03
1.540428912600767027e-03
9.442853551699615863e-03
9.442853551699615863e-03
9.442853551699615863e-03
9.442853551699615863e-03
9.442853551699615863e-03
9.442853551699615863e-03
9.442853551699615863e-03
9.442853551699615863e-03
9.442853551699615863e-03
9.442853551699615863e-03
9.442853551699615863e-03
9.442853551699615863e-03
9.442853551699615863e-03
3.054597354513556920e-02
2.587751002549446358e-02
2.070122917000637511e-02
2.070122917000637511e-02
2.070122917000637511e-02
2.070122917000637511e-02
2.070122917000637511e-02
2.070122917000637511e-02
2.070122917000637511e-02
2.587751002549446358e-02
1.310130822003890104e-02
1.310130822003890104e-02
0.000000000000000000e+00
0.000000000000000000e+00
0.000000000000000000e+00
0.000000000000000000e+00
3.827660795780704443e-03
1.170346608426917241e-02
1.170346608426917241e-02
1.170346608426917241e-02
1.170346608426917241e-02
1.170346608426917241e-02
1.170346608426917241e-02
1.170346608426917241e-02
1.170346608426917241e-02
4.559249692671982906e-02
5.356683672293639092e-02
5.356683672293639092e-02
5.356683672293639092e-02
5.356683672293639092e-02
2.420161041437396757e-02
1.320121254074081707e-01
1.320121254074081707e-01
1.320121254074081707e-01
1.320121254074081707e-01
1.320121254074081707e-01
1.320121254074081707e-01
1.320121254074081707e-01
1.320121254074081707e-01
1.320121254074081707e-01
1.320121254074081707e-01
1.320121254074081707e-01
1.320121254074081707e-01
1.320121254074081707e-01
1.320121254074081707e-01
1.320121254074081707e-01
1.320121254074081707e-01
0.000000000000000000e+00
0.000000000000000000e+00
0.000000000000000000e+00
0.000000000000000000e+00
0.000000000000000000e+00
0.000000000000000000e+00
3.054597354513556920e-02
3.054597354513556920e-02
3.054597354513556920e-02
3.054597354513556920e-02
3.054597354513556920e-02
3.054597354513556920e-02
0.000000000000000000e+00
2.938578240191852368e-03
2.938578240191852368e-03
2.938578240191852368e-03
2.938578240191852368e-03
2.938578240191852368e-03
2.938578240191852368e-03
2.938578240191852368e-03
2.938578240191852368e-03
1.359628874122299214e-01
6.349157625624249346e-02
6.349157625624249346e-02
6.349157625624249346e-02
6.349157625624249346e-02
6.349157625624249346e-02
6.349157625624249346e-02
1.667619150569903119e-02
3.233598995253984983e-03
3.233598995253984983e-03
3.233598995253984983e-03
3.233598995253984983e-03
1.425478494448991287e-02
9.309035144596291764e-03
9.309035144596291764e-03
9.309035144596291764e-03
9.309035144596291764e-03
9.309035144596291764e-03
9.309035144596291764e-03
9.309035144596291764e-03
9.309035144596291764e-03
9.309035144596291764e-03
9.309035144596291764e-03
9.309035144596291764e-03
9.309035144596291764e-03
9.309035144596291764e-03
9.309035144596291764e-03
9.309035144596291764e-03
9.309035144596291764e-03
1.958969945181809197e-02
1.588169088250764027e-02
1.588169088250764027e-02
1.588169088250764027e-02
1.588169088250764027e-02
1.588169088250764027e-02
1.588169088250764027e-02
1.588169088250764027e-02
1.588169088250764027e-02
1.548965998958422990e-02
1.548965998958422990e-02
1.548965998958422990e-02
4.559249692671982906e-02
4.559249692671982906e-02
4.559249692671982906e-02
4.559249692671982906e-02
4.559249692671982906e-02
4.559249692671982906e-02
4.559249692671982906e-02
4.559249692671982906e-02
3.610250528529749224e-03
2.085880700252370698e-02
2.085880700252370698e-02
2.085880700252370698e-02
2.085880700252370698e-02
2.085880700252370698e-02
2.085880700252370698e-02
2.085880700252370698e-02
2.085880700252370698e-02
1.090451745392056505e-02
1.090451745392056505e-02
1.090451745392056505e-02
1.090451745392056505e-02
1.090451745392056505e-02
1.090451745392056505e-02
1.090451745392056505e-02
1.090451745392056505e-02
0.000000000000000000e+00
0.000000000000000000e+00
0.000000000000000000e+00
1.994909690881780870e-02
1.994909690881780870e-02
1.994909690881780870e-02
1.994909690881780870e-02
1.994909690881780870e-02
1.994909690881780870e-02
1.994909690881780870e-02
1.994909690881780870e-02
1.994909690881780870e-02
1.994909690881780870e-02
1.994909690881780870e-02
1.994909690881780870e-02
1.994909690881780870e-02
1.359628874122299214e-01
1.359628874122299214e-01
1.359628874122299214e-01
1.359628874122299214e-01
1.132395534058168798e-02
2.807767428764954346e-02
2.807767428764954346e-02
2.807767428764954346e-02
2.807767428764954346e-02
2.807767428764954346e-02
2.807767428764954346e-02
2.807767428764954346e-02
2.807767428764954346e-02
2.807767428764954346e-02
2.807767428764954346e-02
2.807767428764954346e-02
2.807767428764954346e-02
2.807767428764954346e-02
2.807767428764954346e-02
2.807767428764954346e-02
2.807767428764954346e-02
2.807767428764954346e-02
2.807767428764954346e-02
0.000000000000000000e+00
0.000000000000000000e+00
0.000000000000000000e+00
0.000000000000000000e+00
0.000000000000000000e+00
3.548914998900002445e-03
3.362873020805664647e-03
3.362873020805664647e-03
3.362873020805664647e-03
3.362873020805664647e-03
3.362873020805664647e-03
3.362873020805664647e-03
3.362873020805664647e-03
3.362873020805664647e-03
6.015089591035209862e-03
6.015089591035209862e-03
6.015089591035209862e-03
6.015089591035209862e-03
6.015089591035209862e-03
6.015089591035209862e-03
6.015089591035209862e-03
6.015089591035209862e-03
6.015089591035209862e-03
6.015089591035209862e-03
6.015089591035209862e-03
6.015089591035209862e-03
6.015089591035209862e-03
6.015089591035209862e-03
6.015089591035209862e-03
9.646544531107720255e-03
9.646544531107720255e-03
9.646544531107720255e-03
9.646544531107720255e-03
9.646544531107720255e-03
9.646544531107720255e-03
9.646544531107720255e-03
9.646544531107720255e-03
9.646544531107720255e-03
9.646544531107720255e-03
9.646544531107720255e-03
9.646544531107720255e-03
9.646544531107720255e-03
9.646544531107720255e-03
9.646544531107720255e-03
9.646544531107720255e-03
9.646544531107720255e-03
9.646544531107720255e-03
9.646544531107720255e-03
9.646544531107720255e-03
9.646544531107720255e-03
9.646544531107720255e-03
9.646544531107720255e-03
3.201904706449733122e-03
7.366995865606229370e-03
7.366995865606229370e-03
7.366995865606229370e-03
7.366995865606229370e-03
7.366995865606229370e-03
7.366995865606229370e-03
7.366995865606229370e-03
7.366995865606229370e-03
0.000000000000000000e+00
0.000000000000000000e+00
2.566764893991988622e-02
2.223397757896979424e-02
2.223397757896979424e-02
2.223397757896979424e-02
2.223397757896979424e-02
2.223397757896979424e-02
2.223397757896979424e-02
2.223397757896979424e-02
2.223397757896979424e-02
1.652572136826446162e-03
2.223397757896979424e-02
0.000000000000000000e+00
0.000000000000000000e+00
0.000000000000000000e+00
0.000000000000000000e+00
0.000000000000000000e+00
0.000000000000000000e+00
0.000000000000000000e+00
1.872340749867077228e-02
3.226499305904293596e-02
3.226499305904293596e-02
3.226499305904293596e-02
3.226499305904293596e-02
3.226499305904293596e-02
3.226499305904293596e-02
1.596861868258858674e-02
1.659128592882886874e-02
1.659128592882886874e-02
1.659128592882886874e-02
1.659128592882886874e-02
2.887601615307255724e-03
3.548914998900002445e-03
3.548914998900002445e-03
3.548914998900002445e-03
3.548914998900002445e-03
3.548914998900002445e-03
3.448014702403653584e-03
2.020215210125021407e-02
2.020215210125021407e-02
2.020215210125021407e-02
2.020215210125021407e-02
2.020215210125021407e-02
2.020215210125021407e-02
0.000000000000000000e+00
0.000000000000000000e+00
0.000000000000000000e+00
0.000000000000000000e+00
5.978583940144768794e-02
5.698519682366484651e-02
5.698519682366484651e-02
5.698519682366484651e-02
5.698519682366484651e-02
5.698519682366484651e-02
5.698519682366484651e-02
5.698519682366484651e-02
5.698519682366484651e-02
7.140628340007836548e-03
3.187985374029343039e-02
3.187985374029343039e-02
3.187985374029343039e-02
3.187985374029343039e-02
0.000000000000000000e+00
0.000000000000000000e+00
0.000000000000000000e+00
0.000000000000000000e+00
0.000000000000000000e+00
6.479332985324769666e-03
1.225201300330068868e-02
1.225201300330068868e-02
1.225201300330068868e-02
1.225201300330068868e-02
1.225201300330068868e-02
1.225201300330068868e-02
6.624180319808489932e-03
1.718166088598154298e-02
1.718166088598154298e-02
1.718166088598154298e-02
0.000000000000000000e+00
0.000000000000000000e+00
0.000000000000000000e+00
0.000000000000000000e+00
0.000000000000000000e+00
0.000000000000000000e+00
0.000000000000000000e+00
0.000000000000000000e+00
0.000000000000000000e+00
0.000000000000000000e+00
0.000000000000000000e+00
0.000000000000000000e+00
9.001255233056700347e-03
6.393309100711569957e-03
6.393309100711569957e-03
2.731278854235909617e-03
3.448014702403653584e-03
8.524711020803207168e-03
7.375120898160717441e-04
7.375120898160717441e-04
2.523024122863557449e-03
0.000000000000000000e+00
0.000000000000000000e+00
0.000000000000000000e+00
0.000000000000000000e+00
0.000000000000000000e+00
0.000000000000000000e+00
9.436698386303879471e-02
3.504019440365744800e-05
3.504019440365744800e-05
3.504019440365744800e-05
3.504019440365744800e-05
3.504019440365744800e-05
3.504019440365744800e-05
3.504019440365744800e-05
3.504019440365744800e-05
3.504019440365744800e-05
3.504019440365744800e-05
3.504019440365744800e-05
3.504019440365744800e-05
3.504019440365744800e-05
3.504019440365744800e-05
3.504019440365744800e-05
3.504019440365744800e-05
6.479332985324769666e-03
1.301951181228620802e-02
1.301951181228620802e-02
1.301951181228620802e-02
1.301951181228620802e-02
0.000000000000000000e+00
0.000000000000000000e+00
0.000000000000000000e+00
0.000000000000000000e+00
0.000000000000000000e+00
0.000000000000000000e+00
1.181498722579687674e-02
3.551094398166537713e-02
3.551094398166537713e-02
3.551094398166537713e-02
3.551094398166537713e-02
0.000000000000000000e+00
6.287040015290771069e-03
6.287040015290771069e-03
6.287040015290771069e-03
6.287040015290771069e-03
6.287040015290771069e-03
6.287040015290771069e-03
6.287040015290771069e-03
6.287040015290771069e-03
8.691769592783730319e-03
8.906438197394870443e-03
8.906438197394870443e-03
8.906438197394870443e-03
8.906438197394870443e-03
3.093053977051224337e-03
5.447129311616663236e-03
5.447129311616663236e-03
5.447129311616663236e-03
5.447129311616663236e-03
5.447129311616663236e-03
5.447129311616663236e-03
1.940160270574742968e-02
6.704265382888758076e-03
6.704265382888758076e-03
6.704265382888758076e-03
6.704265382888758076e-03
1.048355360183634948e-02
2.263810898525393800e-02
2.263810898525393800e-02
2.263810898525393800e-02
2.263810898525393800e-02
2.263810898525393800e-02
2.263810898525393800e-02
2.263810898525393800e-02
2.263810898525393800e-02
2.384557125905364516e-03
5.554799010085768179e-03
5.554799010085768179e-03
5.554799010085768179e-03
5.554799010085768179e-03
7.140628340007836548e-03
7.140628340007836548e-03
7.140628340007836548e-03
7.140628340007836548e-03
7.140628340007836548e-03
7.140628340007836548e-03
7.140628340007836548e-03
7.140628340007836548e-03
0.000000000000000000e+00
0.000000000000000000e+00
0.000000000000000000e+00
0.000000000000000000e+00
0.000000000000000000e+00
0.000000000000000000e+00
0.000000000000000000e+00
0.000000000000000000e+00
0.000000000000000000e+00
0.000000000000000000e+00
0.000000000000000000e+00
0.000000000000000000e+00
0.000000000000000000e+00
0.000000000000000000e+00
0.000000000000000000e+00
0.000000000000000000e+00
3.001690330334547130e-02
3.001690330334547130e-02
3.001690330334547130e-02
0.000000000000000000e+00
0.000000000000000000e+00
0.000000000000000000e+00
0.000000000000000000e+00
0.000000000000000000e+00
0.000000000000000000e+00
0.000000000000000000e+00
0.000000000000000000e+00
5.820297918938460019e-02
3.094842082607167019e-02
3.094842082607167019e-02
1.491808671317407242e-02
5.857109751637450297e-04
5.857109751637450297e-04
5.857109751637450297e-04
5.857109751637450297e-04
5.857109751637450297e-04
5.857109751637450297e-04
5.857109751637450297e-04
5.857109751637450297e-04
3.662874038078885088e-03
6.999232140661787102e-03
6.999232140661787102e-03
6.999232140661787102e-03
6.999232140661787102e-03
7.599795407507722346e-03
7.599795407507722346e-03
7.599795407507722346e-03
7.599795407507722346e-03
7.599795407507722346e-03
7.599795407507722346e-03
7.599795407507722346e-03
7.599795407507722346e-03
7.599795407507722346e-03
7.599795407507722346e-03
7.599795407507722346e-03
2.018829975695705589e-02
3.380345742753344818e-02
3.380345742753344818e-02
7.892090181225122625e-03
1.792789634527119143e-03
1.792789634527119143e-03
1.792789634527119143e-03
1.792789634527119143e-03
0.000000000000000000e+00
8.704376298196254361e-04
8.704376298196254361e-04
8.704376298196254361e-04
8.704376298196254361e-04
8.704376298196254361e-04
8.704376298196254361e-04
6.038291899756333993e-03
6.038291899756333993e-03
6.038291899756333993e-03
6.038291899756333993e-03
6.038291899756333993e-03
6.038291899756333993e-03
6.038291899756333993e-03
6.038291899756333993e-03
6.038291899756333993e-03
6.038291899756333993e-03
6.038291899756333993e-03
6.038291899756333993e-03
6.038291899756333993e-03
2.500901643266309829e-03
2.500901643266309829e-03
2.500901643266309829e-03
2.500901643266309829e-03
2.500901643266309829e-03
2.500901643266309829e-03
2.500901643266309829e-03
2.500901643266309829e-03
2.500901643266309829e-03
2.500901643266309829e-03
2.500901643266309829e-03
3.745044528040017418e-02
0.000000000000000000e+00
0.000000000000000000e+00
2.018829975695705589e-02
2.018829975695705589e-02
2.018829975695705589e-02
2.018829975695705589e-02
2.018829975695705589e-02
2.018829975695705589e-02
2.018829975695705589e-02
2.018829975695705589e-02
1.681989570869456968e-02
1.890687438321241379e-02
1.890687438321241379e-02
1.890687438321241379e-02
1.890687438321241379e-02
1.890687438321241379e-02
1.890687438321241379e-02
1.890687438321241379e-02
1.890687438321241379e-02
1.890687438321241379e-02
1.890687438321241379e-02
3.248941420004181069e-02
3.248941420004181069e-02
3.248941420004181069e-02
3.248941420004181069e-02
1.217473329064173299e-02
1.217473329064173299e-02
3.067814125319691995e-03
3.067814125319691995e-03
3.067814125319691995e-03
0.000000000000000000e+00
3.067814125319691995e-03
3.067814125319691995e-03
3.067814125319691995e-03
3.067814125319691995e-03
3.067814125319691995e-03
3.067814125319691995e-03
3.067814125319691995e-03
0.000000000000000000e+00
0.000000000000000000e+00
0.000000000000000000e+00
1.681989570869456968e-02
1.681989570869456968e-02
1.681989570869456968e-02
1.681989570869456968e-02
9.095187983279190078e-03
8.729458993489478888e-03
8.729458993489478888e-03
8.729458993489478888e-03
8.729458993489478888e-03
3.112543696706264462e-02
3.112543696706264462e-02
3.112543696706264462e-02
3.112543696706264462e-02
3.112543696706264462e-02
3.112543696706264462e-02
3.112543696706264462e-02
3.112543696706264462e-02
3.112543696706264462e-02
3.112543696706264462e-02
3.112543696706264462e-02
3.112543696706264462e-02
3.112543696706264462e-02
3.112543696706264462e-02
3.112543696706264462e-02
3.112543696706264462e-02
3.112543696706264462e-02
3.112543696706264462e-02
3.112543696706264462e-02
3.112543696706264462e-02
3.112543696706264462e-02
3.015950850549977552e-02
3.015950850549977552e-02
3.015950850549977552e-02
3.015950850549977552e-02
3.015950850549977552e-02
3.015950850549977552e-02
3.015950850549977552e-02
3.015950850549977552e-02
3.015950850549977552e-02
3.015950850549977552e-02
3.015950850549977552e-02
3.015950850549977552e-02
3.015950850549977552e-02
2.557299389861859840e-02
2.557299389861859840e-02
2.557299389861859840e-02
0.000000000000000000e+00
3.385307457327696445e-02
3.385307457327696445e-02
3.385307457327696445e-02
3.385307457327696445e-02
3.385307457327696445e-02
3.385307457327696445e-02
3.385307457327696445e-02
3.385307457327696445e-02
4.399575047200425526e-02
2.485897768001567656e-02
2.485897768001567656e-02
2.485897768001567656e-02
2.485897768001567656e-02
2.485897768001567656e-02
2.485897768001567656e-02
2.485897768001567656e-02
2.485897768001567656e-02
2.485897768001567656e-02
2.485897768001567656e-02
8.999116449179150184e-03
8.399601756861738893e-04
8.399601756861738893e-04
2.311898872620431807e-03
0.000000000000000000e+00
2.402349045296750876e-02
3.685499214720152315e-03
3.685499214720152315e-03
3.685499214720152315e-03
3.685499214720152315e-03
3.685499214720152315e-03
3.685499214720152315e-03
3.685499214720152315e-03
3.685499214720152315e-03
3.685499214720152315e-03
3.685499214720152315e-03
3.685499214720152315e-03
3.685499214720152315e-03
3.685499214720152315e-03
3.685499214720152315e-03
3.685499214720152315e-03
3.685499214720152315e-03
0.000000000000000000e+00
0.000000000000000000e+00
0.000000000000000000e+00
9.672197237864641611e-03
1.353690933323346834e-02
1.353690933323346834e-02
1.353690933323346834e-02
1.353690933323346834e-02
2.871291271359532882e-02
1.157885098082260707e-02
1.157885098082260707e-02
1.157885098082260707e-02
1.157885098082260707e-02
1.157885098082260707e-02
1.157885098082260707e-02
1.157885098082260707e-02
1.157885098082260707e-02
1.157885098082260707e-02
1.157885098082260707e-02
1.157885098082260707e-02
1.157885098082260707e-02
1.157885098082260707e-02
1.157885098082260707e-02
1.157885098082260707e-02
1.157885098082260707e-02
1.157885098082260707e-02
1.157885098082260707e-02
1.157885098082260707e-02
1.157885098082260707e-02
1.157885098082260707e-02
1.157885098082260707e-02
1.157885098082260707e-02
1.157885098082260707e-02
1.157885098082260707e-02
1.157885098082260707e-02
0.000000000000000000e+00
1.919745553978398789e-03
1.919745553978398789e-03
1.535268906176994559e-03
1.919745553978398789e-03
1.919745553978398789e-03
6.118640226849205582e-02
4.904007449850292244e-02
4.904007449850292244e-02
4.904007449850292244e-02
4.904007449850292244e-02
4.904007449850292244e-02
4.904007449850292244e-02
4.904007449850292244e-02
4.904007449850292244e-02
4.904007449850292244e-02
4.904007449850292244e-02
4.904007449850292244e-02
4.904007449850292244e-02
1.354204164520898335e-03
1.354204164520898335e-03
6.622454629487870524e-03
1.354204164520898335e-03
1.771649265621302177e-02
1.771649265621302177e-02
1.771649265621302177e-02
1.771649265621302177e-02
1.771649265621302177e-02
1.771649265621302177e-02
1.771649265621302177e-02
1.771649265621302177e-02
1.771649265621302177e-02
1.771649265621302177e-02
1.771649265621302177e-02
4.825266527381105730e-03
4.825266527381105730e-03
4.825266527381105730e-03
4.825266527381105730e-03
1.135111650334238304e-02
1.135111650334238304e-02
1.135111650334238304e-02
1.135111650334238304e-02
1.135111650334238304e-02
1.135111650334238304e-02
1.135111650334238304e-02
0.000000000000000000e+00
1.135111650334238304e-02
6.821601149588254163e-03
0.000000000000000000e+00
0.000000000000000000e+00
0.000000000000000000e+00
0.000000000000000000e+00
0.000000000000000000e+00
0.000000000000000000e+00
4.664103107094973687e-03
4.538921361127316867e-03
4.538921361127316867e-03
4.538921361127316867e-03
4.538921361127316867e-03
4.538921361127316867e-03
4.538921361127316867e-03
4.538921361127316867e-03
4.538921361127316867e-03
4.538921361127316867e-03
4.538921361127316867e-03
4.538921361127316867e-03
4.538921361127316867e-03
4.538921361127316867e-03
4.538921361127316867e-03
6.479332985324769666e-03
6.479332985324769666e-03
6.479332985324769666e-03
8.452948605863614545e-03
8.999116449179150184e-03
8.999116449179150184e-03
8.999116449179150184e-03
8.999116449179150184e-03
8.999116449179150184e-03
8.999116449179150184e-03
8.999116449179150184e-03
4.242104302631781627e-03
0.000000000000000000e+00
0.000000000000000000e+00
0.000000000000000000e+00
0.000000000000000000e+00
0.000000000000000000e+00
3.537691524997779117e-03
3.537691524997779117e-03
3.537691524997779117e-03
3.537691524997779117e-03
3.537691524997779117e-03
3.537691524997779117e-03
1.839582037875643963e-02
1.929931877808492222e-02
6.571070855509883457e-02
4.900795540647860660e-02
4.900795540647860660e-02
4.900795540647860660e-02
4.900795540647860660e-02
5.908113095826384581e-03
5.908113095826384581e-03
5.908113095826384581e-03
5.908113095826384581e-03
5.908113095826384581e-03
5.908113095826384581e-03
5.908113095826384581e-03
5.908113095826384581e-03
5.908113095826384581e-03
5.908113095826384581e-03
5.908113095826384581e-03
0.000000000000000000e+00
6.624180319808489932e-03
6.624180319808489932e-03
8.153304057939703489e-03
8.153304057939703489e-03
8.153304057939703489e-03
8.153304057939703489e-03
8.153304057939703489e-03
8.153304057939703489e-03
8.153304057939703489e-03
8.153304057939703489e-03
8.153304057939703489e-03
8.153304057939703489e-03
8.153304057939703489e-03
0.000000000000000000e+00
8.153304057939703489e-03
4.664103107094973687e-03
4.664103107094973687e-03
9.047940997998946480e-03
9.536268478952798083e-03
2.119017704098946284e-02
2.119017704098946284e-02
2.119017704098946284e-02
2.119017704098946284e-02
2.119017704098946284e-02
2.119017704098946284e-02
2.119017704098946284e-02
2.119017704098946284e-02
2.119017704098946284e-02
2.119017704098946284e-02
2.119017704098946284e-02
1.499898967599201140e-02
9.924968840820594732e-03
9.924968840820594732e-03
9.924968840820594732e-03
9.924968840820594732e-03
9.924968840820594732e-03
9.924968840820594732e-03
2.583759087404181032e-01
4.276913031592670389e-02
4.276913031592670389e-02
4.276913031592670389e-02
4.276913031592670389e-02
4.276913031592670389e-02
4.276913031592670389e-02
4.276913031592670389e-02
4.276913031592670389e-02
1.693187755058112032e-02
1.693187755058112032e-02
1.693187755058112032e-02
1.693187755058112032e-02
1.693187755058112032e-02
1.693187755058112032e-02
1.693187755058112032e-02
1.693187755058112032e-02
1.693187755058112032e-02
1.693187755058112032e-02
1.693187755058112032e-02
1.693187755058112032e-02
1.693187755058112032e-02
1.693187755058112032e-02
1.693187755058112032e-02
0.000000000000000000e+00
0.000000000000000000e+00
0.000000000000000000e+00
0.000000000000000000e+00
0.000000000000000000e+00
0.000000000000000000e+00
0.000000000000000000e+00
0.000000000000000000e+00
0.000000000000000000e+00
0.000000000000000000e+00
0.000000000000000000e+00
1.042493943550098189e-02
1.042493943550098189e-02
1.042493943550098189e-02
1.042493943550098189e-02
1.042493943550098189e-02
1.042493943550098189e-02
1.042493943550098189e-02
1.042493943550098189e-02
1.042493943550098189e-02
1.042493943550098189e-02
1.042493943550098189e-02
1.042493943550098189e-02
1.042493943550098189e-02
1.042493943550098189e-02
1.042493943550098189e-02
8.876860549284073393e-03
1.660184174300605294e-03
1.660184174300605294e-03
1.660184174300605294e-03
1.660184174300605294e-03
1.660184174300605294e-03
1.660184174300605294e-03
1.151747144122466189e-03
1.151747144122466189e-03
1.151747144122466189e-03
1.151747144122466189e-03
1.151747144122466189e-03
1.151747144122466189e-03
1.151747144122466189e-03
1.151747144122466189e-03
1.151747144122466189e-03
1.151747144122466189e-03
7.290737952431596306e-04
1.207822442841034044e-02
1.207822442841034044e-02
2.801424577014724124e-02
1.207822442841034044e-02
1.207822442841034044e-02
1.207822442841034044e-02
1.207822442841034044e-02
1.207822442841034044e-02
1.207822442841034044e-02
1.207822442841034044e-02
2.018012815683728044e-03
2.018012815683728044e-03
2.018012815683728044e-03
7.346224489250811028e-03
7.346224489250811028e-03
7.346224489250811028e-03
7.346224489250811028e-03
7.346224489250811028e-03
7.346224489250811028e-03
7.346224489250811028e-03
7.346224489250811028e-03
7.346224489250811028e-03
7.346224489250811028e-03
7.346224489250811028e-03
6.907097174598010592e-02
6.907097174598010592e-02
6.907097174598010592e-02
6.907097174598010592e-02
6.907097174598010592e-02
6.907097174598010592e-02
6.907097174598010592e-02
0.000000000000000000e+00
0.000000000000000000e+00
0.000000000000000000e+00
0.000000000000000000e+00
0.000000000000000000e+00
0.000000000000000000e+00
0.000000000000000000e+00
1.367288342777975578e-04
1.737295676324484076e-02
1.737295676324484076e-02
1.737295676324484076e-02
1.737295676324484076e-02
1.737295676324484076e-02
1.737295676324484076e-02
1.737295676324484076e-02
1.737295676324484076e-02
0.000000000000000000e+00
0.000000000000000000e+00
0.000000000000000000e+00
6.149693353296153964e-03
0.000000000000000000e+00
0.000000000000000000e+00
0.000000000000000000e+00
0.000000000000000000e+00
0.000000000000000000e+00
0.000000000000000000e+00
1.031312184174419493e-02
1.081242618718459940e-02
1.081242618718459940e-02
1.081242618718459940e-02
1.081242618718459940e-02
1.081242618718459940e-02
1.081242618718459940e-02
1.081242618718459940e-02
1.081242618718459940e-02
6.150510507976261407e-03
0.000000000000000000e+00
0.000000000000000000e+00
0.000000000000000000e+00
2.037083611808649178e-02
2.037083611808649178e-02
2.037083611808649178e-02
2.037083611808649178e-02
2.037083611808649178e-02
2.037083611808649178e-02
2.037083611808649178e-02
2.037083611808649178e-02
0.000000000000000000e+00
1.354560232952500658e-02
1.354560232952500658e-02
1.354560232952500658e-02
1.354560232952500658e-02
1.354560232952500658e-02
1.354560232952500658e-02
1.354560232952500658e-02
1.354560232952500658e-02
1.354560232952500658e-02
1.354560232952500658e-02
1.354560232952500658e-02
1.354560232952500658e-02
2.420161041437396757e-02
2.420161041437396757e-02
3.694911559377326519e-03
1.096022594908131319e-03
1.096022594908131319e-03
1.901855096523547223e-03
2.370647420381074601e-03
2.370647420381074601e-03
2.370647420381074601e-03
2.370647420381074601e-03
2.370647420381074601e-03
2.370647420381074601e-03
7.992693168207063228e-03
7.992693168207063228e-03
7.992693168207063228e-03
7.992693168207063228e-03
7.992693168207063228e-03
1.322091467403352198e-02
7.992693168207063228e-03
7.992693168207063228e-03
7.992693168207063228e-03
7.992693168207063228e-03
7.992693168207063228e-03
7.992693168207063228e-03
7.992693168207063228e-03
7.992693168207063228e-03
7.992693168207063228e-03
7.992693168207063228e-03
7.992693168207063228e-03
7.992693168207063228e-03
7.992693168207063228e-03
7.992693168207063228e-03
7.992693168207063228e-03
6.359272289843148629e-03
1.671000060460037760e-03
1.671000060460037760e-03
1.671000060460037760e-03
1.671000060460037760e-03
1.671000060460037760e-03
1.671000060460037760e-03
1.671000060460037760e-03
1.671000060460037760e-03
2.145121172312849239e-02
2.145121172312849239e-02
2.145121172312849239e-02
0.000000000000000000e+00
0.000000000000000000e+00
0.000000000000000000e+00
0.000000000000000000e+00
0.000000000000000000e+00
0.000000000000000000e+00
0.000000000000000000e+00
0.000000000000000000e+00
2.389125193488428334e-02
3.926388078291032785e-03
3.926388078291032785e-03
3.926388078291032785e-03
3.926388078291032785e-03
3.926388078291032785e-03
3.926388078291032785e-03
3.926388078291032785e-03
3.926388078291032785e-03
3.926388078291032785e-03
3.926388078291032785e-03
3.926388078291032785e-03
3.926388078291032785e-03
3.926388078291032785e-03
3.926388078291032785e-03
3.926388078291032785e-03
3.926388078291032785e-03
3.926388078291032785e-03
3.926388078291032785e-03
1.654275610322267524e-03
4.704347628433314284e-03
4.704347628433314284e-03
4.704347628433314284e-03
4.704347628433314284e-03
4.704347628433314284e-03
4.704347628433314284e-03
6.004097585965108806e-03
1.181498722579687674e-02
1.181498722579687674e-02
1.181498722579687674e-02
1.181498722579687674e-02
1.181498722579687674e-02
1.012957146227435636e-02
1.012957146227435636e-02
1.012957146227435636e-02
1.012957146227435636e-02
5.292772543540368371e-03
5.292772543540368371e-03
5.292772543540368371e-03
5.292772543540368371e-03
5.292772543540368371e-03
5.292772543540368371e-03
5.292772543540368371e-03
5.292772543540368371e-03
5.292772543540368371e-03
5.292772543540368371e-03
5.292772543540368371e-03
5.292772543540368371e-03
5.292772543540368371e-03
5.909479136726198539e-03
3.387426781894128675e-03
3.387426781894128675e-03
9.625089622953678092e-03
3.387426781894128675e-03
3.387426781894128675e-03
3.387426781894128675e-03
3.387426781894128675e-03
3.387426781894128675e-03
9.625089622953678092e-03
1.174083396188383040e-02
1.174083396188383040e-02
1.174083396188383040e-02
1.174083396188383040e-02
1.174083396188383040e-02
1.174083396188383040e-02
3.303856300780694255e-02
3.303856300780694255e-02
3.303856300780694255e-02
3.303856300780694255e-02
3.303856300780694255e-02
3.303856300780694255e-02
6.039663576751482313e-03
8.013966877762591923e-02
8.013966877762591923e-02
8.013966877762591923e-02
8.013966877762591923e-02
8.013966877762591923e-02
3.341850907549331895e-02
3.341850907549331895e-02
3.341850907549331895e-02
3.341850907549331895e-02
3.341850907549331895e-02
3.341850907549331895e-02
3.341850907549331895e-02
3.341850907549331895e-02
3.341850907549331895e-02
3.341850907549331895e-02
3.341850907549331895e-02
6.004097585965108806e-03
2.575027922544847331e-02
2.575027922544847331e-02
0.000000000000000000e+00
3.561224848500726264e-02
3.561224848500726264e-02
3.561224848500726264e-02
3.561224848500726264e-02
3.561224848500726264e-02
3.561224848500726264e-02
3.561224848500726264e-02
3.561224848500726264e-02
3.561224848500726264e-02
3.561224848500726264e-02
3.561224848500726264e-02
3.561224848500726264e-02
3.561224848500726264e-02
3.561224848500726264e-02
3.561224848500726264e-02
3.561224848500726264e-02
3.561224848500726264e-02
3.561224848500726264e-02
3.561224848500726264e-02
3.561224848500726264e-02
2.018128780395313238e-02
2.845761400831332485e-02
2.845761400831332485e-02
2.845761400831332485e-02
2.845761400831332485e-02
1.134801343410950930e-02
1.134801343410950930e-02
1.134801343410950930e-02
1.134801343410950930e-02
1.134801343410950930e-02
1.134801343410950930e-02
1.134801343410950930e-02
1.134801343410950930e-02
1.134801343410950930e-02
1.134801343410950930e-02
1.134801343410950930e-02
1.134801343410950930e-02
1.134801343410950930e-02
1.820415611552000587e-02
1.820415611552000587e-02
1.820415611552000587e-02
1.820415611552000587e-02
1.820415611552000587e-02
1.820415611552000587e-02
1.820415611552000587e-02
1.820415611552000587e-02
1.820415611552000587e-02
1.820415611552000587e-02
1.820415611552000587e-02
7.892090181225122625e-03
7.892090181225122625e-03
7.892090181225122625e-03
1.499898967599201140e-02
1.499898967599201140e-02
1.499898967599201140e-02
1.499898967599201140e-02
1.499898967599201140e-02
1.499898967599201140e-02
3.010897623358933448e-02
3.010897623358933448e-02
3.010897623358933448e-02
3.010897623358933448e-02
3.010897623358933448e-02
3.010897623358933448e-02
3.010897623358933448e-02
3.010897623358933448e-02
3.010897623358933448e-02
3.010897623358933448e-02
3.010897623358933448e-02
3.010897623358933448e-02
3.010897623358933448e-02
2.479526194192578636e-02
2.542073579616662207e-02
2.542073579616662207e-02
2.542073579616662207e-02
2.542073579616662207e-02
5.907490018904124410e-03
5.907490018904124410e-03
5.907490018904124410e-03
5.907490018904124410e-03
5.907490018904124410e-03
5.907490018904124410e-03
3.072949576114452318e-03
3.072949576114452318e-03
3.072949576114452318e-03
3.072949576114452318e-03
3.072949576114452318e-03
3.072949576114452318e-03
3.072949576114452318e-03
3.072949576114452318e-03
3.072949576114452318e-03
3.072949576114452318e-03
3.072949576114452318e-03
3.072949576114452318e-03
3.072949576114452318e-03
3.072949576114452318e-03
3.072949576114452318e-03
3.072949576114452318e-03
3.072949576114452318e-03
3.072949576114452318e-03
3.072949576114452318e-03
1.048355360183634948e-02
3.276448557226521816e-03
3.276448557226521816e-03
1.654275610322267524e-03
1.654275610322267524e-03
1.654275610322267524e-03
1.654275610322267524e-03
4.957534287443005581e-03
4.957534287443005581e-03
4.957534287443005581e-03
4.957534287443005581e-03
4.957534287443005581e-03
4.957534287443005581e-03
4.957534287443005581e-03
4.957534287443005581e-03
4.957534287443005581e-03
4.957534287443005581e-03
4.957534287443005581e-03
1.663988927913621907e-02
3.888659862366835532e-03
3.888659862366835532e-03
3.888659862366835532e-03
3.888659862366835532e-03
2.857908917152437046e-03
2.630413413856136709e-02
2.630413413856136709e-02
7.763297655860978107e-03
7.763297655860978107e-03
7.763297655860978107e-03
7.763297655860978107e-03
7.763297655860978107e-03
7.763297655860978107e-03
7.763297655860978107e-03
7.763297655860978107e-03
7.763297655860978107e-03
7.763297655860978107e-03
7.763297655860978107e-03
7.763297655860978107e-03
2.659999004497081918e-02
1.310751558506367473e-02
1.310751558506367473e-02
1.310751558506367473e-02
1.310751558506367473e-02
1.310751558506367473e-02
1.310751558506367473e-02
1.310751558506367473e-02
1.310751558506367473e-02
1.310751558506367473e-02
1.310751558506367473e-02
2.479526194192578636e-02
2.479526194192578636e-02
2.479526194192578636e-02
2.479526194192578636e-02
2.479526194192578636e-02
2.479526194192578636e-02
2.479526194192578636e-02
2.479526194192578636e-02
1.202084107337727560e-02
1.202084107337727560e-02
2.347569683879744545e-02
5.529265665567826768e-03
5.529265665567826768e-03
5.529265665567826768e-03
5.529265665567826768e-03
5.529265665567826768e-03
5.529265665567826768e-03
5.529265665567826768e-03
5.529265665567826768e-03
4.439439510675814021e-02
4.439439510675814021e-02
4.439439510675814021e-02
5.597454709519386618e-02
4.439439510675814021e-02
4.439439510675814021e-02
4.439439510675814021e-02
5.266248772874049938e-02
4.439439510675814021e-02
1.425902146961774593e-02
1.718823280209624133e-02
3.730757422930865153e-03
3.730757422930865153e-03
3.730757422930865153e-03
3.730757422930865153e-03
3.730757422930865153e-03
3.730757422930865153e-03
3.730757422930865153e-03
3.730757422930865153e-03
3.730757422930865153e-03
3.730757422930865153e-03
3.730757422930865153e-03
2.382404061275491397e-02
2.268595968862270607e-02
2.382404061275491397e-02
2.382404061275491397e-02
2.382404061275491397e-02
2.382404061275491397e-02
2.382404061275491397e-02
2.268595968862270607e-02
2.268595968862270607e-02
2.268595968862270607e-02
1.034205989365938848e-02
6.929325340549494054e-03
6.929325340549494054e-03
0.000000000000000000e+00
0.000000000000000000e+00
1.626548074078421752e-02
1.200149116058019452e-02
1.200149116058019452e-02
1.200149116058019452e-02
1.200149116058019452e-02
1.473780976900520082e-02
1.473780976900520082e-02
1.473780976900520082e-02
1.473780976900520082e-02
1.473780976900520082e-02
1.473780976900520082e-02
1.473780976900520082e-02
1.473780976900520082e-02
1.473780976900520082e-02
1.473780976900520082e-02
1.473780976900520082e-02
6.359272289843148629e-03
6.359272289843148629e-03
2.398517195350230100e-02
1.034205989365938848e-02
1.034205989365938848e-02
1.034205989365938848e-02
1.034205989365938848e-02
1.034205989365938848e-02
2.683023056887683805e-02
2.683023056887683805e-02
2.683023056887683805e-02
2.683023056887683805e-02
2.683023056887683805e-02
2.683023056887683805e-02
2.683023056887683805e-02
2.683023056887683805e-02
2.683023056887683805e-02
2.683023056887683805e-02
2.683023056887683805e-02
2.683023056887683805e-02
2.683023056887683805e-02
2.683023056887683805e-02
2.683023056887683805e-02
2.683023056887683805e-02
2.683023056887683805e-02
6.150510507976261407e-03
4.312815410096867280e-03
4.312815410096867280e-03
1.378073778498706617e-02
3.142152258408970490e-04
3.142152258408970490e-04
3.142152258408970490e-04
3.142152258408970490e-04
3.142152258408970490e-04
3.142152258408970490e-04
3.142152258408970490e-04
3.142152258408970490e-04
3.142152258408970490e-04
3.142152258408970490e-04
3.142152258408970490e-04
3.142152258408970490e-04
3.142152258408970490e-04
3.142152258408970490e-04
3.142152258408970490e-04
3.142152258408970490e-04
3.142152258408970490e-04
3.142152258408970490e-04
1.714282632230963027e-02
2.819249739962677304e-03
2.819249739962677304e-03
2.819249739962677304e-03
2.819249739962677304e-03
2.694570379237911512e-02
1.106563787062498153e-02
1.082039663713879260e-02
1.082039663713879260e-02
1.082039663713879260e-02
1.082039663713879260e-02
1.839760804345155071e-02
2.169668170766959545e-02
2.169668170766959545e-02
2.169668170766959545e-02
2.169668170766959545e-02
2.169668170766959545e-02
2.169668170766959545e-02
2.169668170766959545e-02
2.169668170766959545e-02
2.169668170766959545e-02
2.169668170766959545e-02
1.816731476698827145e-03
1.403836994250643073e-02
1.403836994250643073e-02
1.403836994250643073e-02
1.403836994250643073e-02
1.275474698130144892e-02
6.502403294909664747e-03
6.502403294909664747e-03
6.502403294909664747e-03
6.502403294909664747e-03
6.150510507976261407e-03
6.150510507976261407e-03
6.150510507976261407e-03
6.150510507976261407e-03
6.150510507976261407e-03
6.150510507976261407e-03
6.150510507976261407e-03
6.150510507976261407e-03
6.150510507976261407e-03
0.000000000000000000e+00
1.097968898780211054e-02
1.097968898780211054e-02
1.097968898780211054e-02
1.097968898780211054e-02
1.097968898780211054e-02
1.097968898780211054e-02
1.097968898780211054e-02
1.097968898780211054e-02
2.430026507608495229e-03
1.087320878740080307e-02
1.087320878740080307e-02
0.000000000000000000e+00
0.000000000000000000e+00
0.000000000000000000e+00
0.000000000000000000e+00
0.000000000000000000e+00
0.000000000000000000e+00
0.000000000000000000e+00
0.000000000000000000e+00
0.000000000000000000e+00
0.000000000000000000e+00
0.000000000000000000e+00
0.000000000000000000e+00
0.000000000000000000e+00
0.000000000000000000e+00
0.000000000000000000e+00
0.000000000000000000e+00
0.000000000000000000e+00
0.000000000000000000e+00
0.000000000000000000e+00
3.319182212433469115e-02
1.546359331591800820e-02
1.546359331591800820e-02
1.546359331591800820e-02
1.546359331591800820e-02
1.546359331591800820e-02
1.546359331591800820e-02
1.546359331591800820e-02
1.546359331591800820e-02
1.546359331591800820e-02
1.546359331591800820e-02
1.197668568461971068e-02
3.736323681202473324e-02
3.736323681202473324e-02
8.844932706153791485e-03
9.498322365626336514e-03
9.498322365626336514e-03
9.498322365626336514e-03
9.498322365626336514e-03
9.498322365626336514e-03
9.498322365626336514e-03
9.498322365626336514e-03
9.498322365626336514e-03
0.000000000000000000e+00
0.000000000000000000e+00
0.000000000000000000e+00
0.000000000000000000e+00
0.000000000000000000e+00
0.000000000000000000e+00
0.000000000000000000e+00
1.048355360183634948e-02
1.048355360183634948e-02
1.048355360183634948e-02
1.048355360183634948e-02
1.048355360183634948e-02
1.048355360183634948e-02
1.048355360183634948e-02
1.048355360183634948e-02
1.048355360183634948e-02
1.048355360183634948e-02
1.048355360183634948e-02
1.048355360183634948e-02
1.048355360183634948e-02
5.043637342865675208e-03
2.384557125905364516e-03
6.200802070615556855e-03
3.361945884043095190e-02
3.361945884043095190e-02
3.361945884043095190e-02
3.361945884043095190e-02
3.361945884043095190e-02
3.361945884043095190e-02
1.171199794594907258e-02
1.171199794594907258e-02
1.171199794594907258e-02
1.171199794594907258e-02
4.022908217304018569e-02
1.133669170615950010e-02
1.133669170615950010e-02
1.133669170615950010e-02
1.133669170615950010e-02
6.149693353296153964e-03
6.149693353296153964e-03
6.149693353296153964e-03
6.149693353296153964e-03
6.149693353296153964e-03
6.149693353296153964e-03
1.552497618066379752e-02
1.823076365479083319e-02
2.255079306422780663e-02
2.018281696988422080e-02
2.018281696988422080e-02
2.018281696988422080e-02
2.018281696988422080e-02
2.018281696988422080e-02
2.018281696988422080e-02
2.018281696988422080e-02
2.018281696988422080e-02
2.018281696988422080e-02
2.018281696988422080e-02
2.556954862922894423e-02
6.645295515447377510e-02
6.645295515447377510e-02
6.645295515447377510e-02
6.645295515447377510e-02
6.645295515447377510e-02
6.645295515447377510e-02
6.645295515447377510e-02
6.645295515447377510e-02
6.645295515447377510e-02
6.645295515447377510e-02
6.645295515447377510e-02
6.645295515447377510e-02
6.645295515447377510e-02
6.645295515447377510e-02
9.569258490758642682e-03
1.098649024243716389e-02
1.098649024243716389e-02
1.098649024243716389e-02
1.098649024243716389e-02
0.000000000000000000e+00
0.000000000000000000e+00
0.000000000000000000e+00
0.000000000000000000e+00
1.079436220985312798e-02
2.436237290763660496e-03
2.436237290763660496e-03
1.783766246111253423e-02
1.534826542795415631e-02
1.534826542795415631e-02
1.534826542795415631e-02
1.534826542795415631e-02
1.534826542795415631e-02
1.534826542795415631e-02
1.534826542795415631e-02
1.534826542795415631e-02
9.995639545576360738e-03
5.773308004190801090e-02
5.773308004190801090e-02
5.773308004190801090e-02
5.773308004190801090e-02
9.328214152294601880e-03
8.405201507676965736e-03
8.405201507676965736e-03
0.000000000000000000e+00
0.000000000000000000e+00
0.000000000000000000e+00
0.000000000000000000e+00
0.000000000000000000e+00
0.000000000000000000e+00
1.614902601458636719e-02
2.194974607102024786e-02
2.194974607102024786e-02
1.421518511421784403e-04
2.203220377927646467e+00
2.203220377927646467e+00
2.203220377927646467e+00
2.203220377927646467e+00
8.860364167940464400e-03
1.701510112781883660e-02
1.701510112781883660e-02
1.701510112781883660e-02
1.701510112781883660e-02
1.701510112781883660e-02
1.701510112781883660e-02
2.681384891638863982e-02
2.681384891638863982e-02
3.319182212433469115e-02
2.462953836760917864e-02
2.462953836760917864e-02
0.000000000000000000e+00
2.531686536467712273e-03
2.531686536467712273e-03
2.531686536467712273e-03
2.531686536467712273e-03
0.000000000000000000e+00
0.000000000000000000e+00
0.000000000000000000e+00
0.000000000000000000e+00
0.000000000000000000e+00
0.000000000000000000e+00
0.000000000000000000e+00
0.000000000000000000e+00
0.000000000000000000e+00
0.000000000000000000e+00
1.546429566795469793e-02
0.000000000000000000e+00
0.000000000000000000e+00
0.000000000000000000e+00
0.000000000000000000e+00
2.153487966773792728e-02
0.000000000000000000e+00
0.000000000000000000e+00
0.000000000000000000e+00
0.000000000000000000e+00
2.713591846079327352e-02
6.410984162852915828e-03
6.410984162852915828e-03
2.477051916659586336e-02
0.000000000000000000e+00
0.000000000000000000e+00
0.000000000000000000e+00
0.000000000000000000e+00
0.000000000000000000e+00
0.000000000000000000e+00
0.000000000000000000e+00
0.000000000000000000e+00
0.000000000000000000e+00
0.000000000000000000e+00
0.000000000000000000e+00
5.091835707652638161e-03
6.099876050321092515e-03
6.696363077414365164e-03
8.758770816738885648e-03
8.758770816738885648e-03
8.758770816738885648e-03
8.758770816738885648e-03
8.758770816738885648e-03
8.758770816738885648e-03
8.758770816738885648e-03
8.758770816738885648e-03
1.350693906813849043e-01
9.580944414438313794e-02
9.580944414438313794e-02
9.580944414438313794e-02
9.580944414438313794e-02
9.580944414438313794e-02
9.580944414438313794e-02
2.485041599969521967e-02
0.000000000000000000e+00
0.000000000000000000e+00
3.745044528040017418e-02
3.745044528040017418e-02
3.745044528040017418e-02
0.000000000000000000e+00
1.218018612169782522e-01
1.218018612169782522e-01
1.218018612169782522e-01
1.218018612169782522e-01
1.218018612169782522e-01
1.218018612169782522e-01
6.318239042049303075e-03
0.000000000000000000e+00
0.000000000000000000e+00
0.000000000000000000e+00
0.000000000000000000e+00
0.000000000000000000e+00
0.000000000000000000e+00
0.000000000000000000e+00
0.000000000000000000e+00
0.000000000000000000e+00
0.000000000000000000e+00
0.000000000000000000e+00
0.000000000000000000e+00
0.000000000000000000e+00
0.000000000000000000e+00
9.326773636559365557e-04
0.000000000000000000e+00
2.077748579652913610e-02
9.764087155346328536e-04
9.764087155346328536e-04
9.326773636559365557e-04
1.444940521738744856e-02
4.379100308686493387e-03
4.379100308686493387e-03
1.270103144026961915e-02
1.700273263020272985e-02
1.700273263020272985e-02
1.700273263020272985e-02
1.700273263020272985e-02
1.700273263020272985e-02
1.700273263020272985e-02
2.255079306422780663e-02
2.255079306422780663e-02
2.255079306422780663e-02
2.255079306422780663e-02
2.255079306422780663e-02
2.255079306422780663e-02
2.255079306422780663e-02
2.255079306422780663e-02
2.255079306422780663e-02
2.255079306422780663e-02
2.255079306422780663e-02
2.255079306422780663e-02
2.255079306422780663e-02
2.255079306422780663e-02
1.614902601458636719e-02
1.873811923322008389e-04
1.873811923322008389e-04
1.873811923322008389e-04
1.873811923322008389e-04
6.622454629487870524e-03
6.622454629487870524e-03
6.622454629487870524e-03
6.622454629487870524e-03
6.622454629487870524e-03
6.622454629487870524e-03
6.622454629487870524e-03
6.622454629487870524e-03
0.000000000000000000e+00
3.017198426457876753e-02
3.017198426457876753e-02
3.017198426457876753e-02
3.017198426457876753e-02
3.017198426457876753e-02
3.017198426457876753e-02
3.017198426457876753e-02
3.017198426457876753e-02
0.000000000000000000e+00
0.000000000000000000e+00
0.000000000000000000e+00
1.614902601458636719e-02
1.614902601458636719e-02
1.614902601458636719e-02
1.401462524992789366e-02
1.401462524992789366e-02
1.401462524992789366e-02
1.401462524992789366e-02
1.401462524992789366e-02
1.406344159994501151e-02
1.401462524992789366e-02
2.654295091930672368e-02
2.022357304109698509e-02
2.022357304109698509e-02
2.022357304109698509e-02
2.022357304109698509e-02
2.022357304109698509e-02
2.022357304109698509e-02
2.022357304109698509e-02
2.022357304109698509e-02
2.022357304109698509e-02
2.022357304109698509e-02
2.022357304109698509e-02
2.022357304109698509e-02
2.022357304109698509e-02
2.022357304109698509e-02
2.022357304109698509e-02
2.022357304109698509e-02
1.079436220985312798e-02
1.767217712155807682e-02
1.767217712155807682e-02
1.767217712155807682e-02
1.767217712155807682e-02
5.123161078492801009e-03
1.381701893402170322e-03
1.381701893402170322e-03
1.381701893402170322e-03
1.381701893402170322e-03
1.381701893402170322e-03
1.381701893402170322e-03
2.093449457990431348e-02
0.000000000000000000e+00
0.000000000000000000e+00
0.000000000000000000e+00
0.000000000000000000e+00
0.000000000000000000e+00
0.000000000000000000e+00
0.000000000000000000e+00
1.290158807442812368e-02
6.816482603879753938e-03
6.816482603879753938e-03
6.816482603879753938e-03
6.816482603879753938e-03
2.153487966773792728e-02
2.153487966773792728e-02
2.153487966773792728e-02
2.153487966773792728e-02
2.153487966773792728e-02
2.153487966773792728e-02
2.153487966773792728e-02
2.153487966773792728e-02
2.153487966773792728e-02
2.153487966773792728e-02
2.153487966773792728e-02
2.153487966773792728e-02
2.153487966773792728e-02
2.153487966773792728e-02
2.422780561732258177e-03
1.199956620446290985e-02
1.199956620446290985e-02
1.199956620446290985e-02
1.199956620446290985e-02
6.376405319616145970e-03
6.376405319616145970e-03
6.376405319616145970e-03
6.376405319616145970e-03
6.376405319616145970e-03
6.376405319616145970e-03
2.583759087404181032e-01
2.583759087404181032e-01
2.583759087404181032e-01
2.583759087404181032e-01
2.583759087404181032e-01
2.583759087404181032e-01
2.583759087404181032e-01
2.583759087404181032e-01
2.018128780395313238e-02
2.018128780395313238e-02
2.018128780395313238e-02
8.211554892785846368e-03
4.220595081890300693e-03
4.220595081890300693e-03
2.427493332279247705e-03
2.093449457990431348e-02
2.093449457990431348e-02
2.093449457990431348e-02
0.000000000000000000e+00
0.000000000000000000e+00
0.000000000000000000e+00
0.000000000000000000e+00
0.000000000000000000e+00
1.234040398946787374e-02
6.368664350923251838e-03
6.368664350923251838e-03
6.368664350923251838e-03
6.368664350923251838e-03
6.368664350923251838e-03
6.368664350923251838e-03
6.368664350923251838e-03
6.368664350923251838e-03
4.814052126246026742e-03
1.952533558803810953e-03
1.952533558803810953e-03
1.952533558803810953e-03
1.952533558803810953e-03
1.444940521738744856e-02
4.213207777045474035e-03
4.213207777045474035e-03
4.213207777045474035e-03
4.213207777045474035e-03
4.213207777045474035e-03
4.213207777045474035e-03
0.000000000000000000e+00
4.210150981186988606e-03
4.210150981186988606e-03
4.210150981186988606e-03
4.210150981186988606e-03
8.035336710801175425e-03
8.035336710801175425e-03
8.035336710801175425e-03
8.035336710801175425e-03
8.035336710801175425e-03
8.035336710801175425e-03
8.035336710801175425e-03
8.035336710801175425e-03
8.035336710801175425e-03
8.035336710801175425e-03
8.035336710801175425e-03
8.035336710801175425e-03
8.035336710801175425e-03
8.035336710801175425e-03
8.035336710801175425e-03
8.035336710801175425e-03
2.571436270283600917e-02
2.571436270283600917e-02
2.571436270283600917e-02
2.571436270283600917e-02
2.571436270283600917e-02
2.458422450584527366e-02
2.458422450584527366e-02
2.458422450584527366e-02
2.458422450584527366e-02
2.458422450584527366e-02
3.467286722947131306e-02
2.458422450584527366e-02
2.458422450584527366e-02
2.458422450584527366e-02
1.169128394897772129e-02
1.044973065309164409e-02
1.044973065309164409e-02
1.044973065309164409e-02
1.044973065309164409e-02
1.044973065309164409e-02
1.044973065309164409e-02
1.044973065309164409e-02
3.338301907079296860e-02
2.603639556208276959e-02
2.603639556208276959e-02
2.603639556208276959e-02
2.603639556208276959e-02
2.603639556208276959e-02
2.603639556208276959e-02
2.603639556208276959e-02
2.603639556208276959e-02
6.892343804698516582e-03
1.422770842949348628e-02
1.422770842949348628e-02
1.422770842949348628e-02
1.422770842949348628e-02
1.422770842949348628e-02
1.422770842949348628e-02
1.422770842949348628e-02
1.422770842949348628e-02
1.422770842949348628e-02
1.422770842949348628e-02
4.464154107628791335e-02
3.619625278276632219e-02
3.619625278276632219e-02
3.619625278276632219e-02
3.619625278276632219e-02
3.619625278276632219e-02
3.619625278276632219e-02
3.619625278276632219e-02
1.556423011459947929e-02
1.195383611129104476e-02
1.195383611129104476e-02
1.195383611129104476e-02
1.195383611129104476e-02
1.195383611129104476e-02
1.195383611129104476e-02
1.195383611129104476e-02
1.195383611129104476e-02
3.300514730900128840e-02
9.903768463370722294e-03
9.903768463370722294e-03
9.903768463370722294e-03
9.903768463370722294e-03
9.903768463370722294e-03
9.903768463370722294e-03
9.903768463370722294e-03
9.903768463370722294e-03
3.095540727472239056e-03
3.095540727472239056e-03
3.095540727472239056e-03
3.095540727472239056e-03
3.095540727472239056e-03
3.095540727472239056e-03
3.095540727472239056e-03
3.095540727472239056e-03
3.095540727472239056e-03
3.095540727472239056e-03
3.095540727472239056e-03
3.095540727472239056e-03
3.095540727472239056e-03
8.735859247856537710e-03
8.735859247856537710e-03
0.000000000000000000e+00
0.000000000000000000e+00
0.000000000000000000e+00
0.000000000000000000e+00
0.000000000000000000e+00
0.000000000000000000e+00
0.000000000000000000e+00
0.000000000000000000e+00
0.000000000000000000e+00
1.022160536835435563e-02
5.292742480189879632e-03
5.292742480189879632e-03
5.292742480189879632e-03
5.292742480189879632e-03
5.292742480189879632e-03
5.292742480189879632e-03
2.659999004497081918e-02
2.659999004497081918e-02
0.000000000000000000e+00
0.000000000000000000e+00
0.000000000000000000e+00
0.000000000000000000e+00
0.000000000000000000e+00
0.000000000000000000e+00
0.000000000000000000e+00
0.000000000000000000e+00
0.000000000000000000e+00
1.816731476698827145e-03
1.816731476698827145e-03
1.816731476698827145e-03
1.816731476698827145e-03
1.816731476698827145e-03
1.816731476698827145e-03
2.077748579652913610e-02
2.077748579652913610e-02
2.077748579652913610e-02
2.077748579652913610e-02
2.077748579652913610e-02
2.077748579652913610e-02
2.077748579652913610e-02
2.077748579652913610e-02
2.077748579652913610e-02
2.077748579652913610e-02
2.398517195350230100e-02
2.398517195350230100e-02
2.398517195350230100e-02
2.398517195350230100e-02
2.221609734914285934e-03
4.814052126246026742e-03
2.221609734914285934e-03
2.221609734914285934e-03
2.221609734914285934e-03
1.561842379451726728e-02
6.562669972272923771e-03
6.562669972272923771e-03
6.562669972272923771e-03
6.562669972272923771e-03
2.311898872620431807e-03
2.311898872620431807e-03
1.158460990797654556e-02
2.065170280258341734e-02
2.065170280258341734e-02
2.630616434940051974e-03
2.477932123077477428e-02
2.477932123077477428e-02
2.477932123077477428e-02
2.477932123077477428e-02
9.087280892656842204e-03
2.721556621443729784e-03
2.721556621443729784e-03
2.721556621443729784e-03
2.721556621443729784e-03
1.290898971694972273e-02
1.050416547517682431e-03
1.050416547517682431e-03
1.050416547517682431e-03
1.050416547517682431e-03
0.000000000000000000e+00
0.000000000000000000e+00
0.000000000000000000e+00
0.000000000000000000e+00
3.545583905002727861e-03
1.772947358062565079e-02
1.772947358062565079e-02
1.772947358062565079e-02
1.772947358062565079e-02
1.772947358062565079e-02
1.772947358062565079e-02
1.772947358062565079e-02
1.772947358062565079e-02
1.772947358062565079e-02
1.772947358062565079e-02
0.000000000000000000e+00
0.000000000000000000e+00
2.109824791309384499e-03
1.306181873584898352e-02
1.306181873584898352e-02
6.603909863066941520e-03
5.045258558808605673e-03
5.045258558808605673e-03
5.045258558808605673e-03
5.045258558808605673e-03
5.045258558808605673e-03
5.045258558808605673e-03
5.045258558808605673e-03
5.045258558808605673e-03
5.045258558808605673e-03
5.045258558808605673e-03
5.045258558808605673e-03
5.045258558808605673e-03
5.045258558808605673e-03
5.045258558808605673e-03
6.571070855509883457e-02
5.820297918938460019e-02
5.820297918938460019e-02
5.820297918938460019e-02
9.625486272646952696e-03
9.625486272646952696e-03
9.625486272646952696e-03
9.625486272646952696e-03
9.625486272646952696e-03
9.625486272646952696e-03
9.625486272646952696e-03
9.625486272646952696e-03
2.329085585402294184e-02
2.329085585402294184e-02
2.329085585402294184e-02
2.566764893991988622e-02
2.566764893991988622e-02
0.000000000000000000e+00
0.000000000000000000e+00
0.000000000000000000e+00
0.000000000000000000e+00
0.000000000000000000e+00
0.000000000000000000e+00
0.000000000000000000e+00
8.660822584547452421e-03
8.660822584547452421e-03
8.660822584547452421e-03
8.660822584547452421e-03
8.660822584547452421e-03
8.660822584547452421e-03
8.660822584547452421e-03
8.660822584547452421e-03
8.660822584547452421e-03
8.660822584547452421e-03
8.660822584547452421e-03
8.660822584547452421e-03
2.733639268193831240e-02
2.477051916659586336e-02
7.963605082830929952e-03
1.794551124290335795e-02
1.794551124290335795e-02
1.290158807442812368e-02
2.227223394620789915e-02
2.227223394620789915e-02
2.227223394620789915e-02
2.227223394620789915e-02
1.580632999741532485e-02
3.201904706449733122e-03
7.470738452916647968e-03
7.470738452916647968e-03
7.470738452916647968e-03
7.470738452916647968e-03
7.470738452916647968e-03
7.470738452916647968e-03
7.470738452916647968e-03
7.470738452916647968e-03
7.470738452916647968e-03
7.470738452916647968e-03
7.470738452916647968e-03
7.470738452916647968e-03
7.470738452916647968e-03
7.470738452916647968e-03
7.470738452916647968e-03
7.470738452916647968e-03
7.470738452916647968e-03
7.470738452916647968e-03
7.470738452916647968e-03
7.470738452916647968e-03
7.470738452916647968e-03
7.470738452916647968e-03
7.470738452916647968e-03
7.470738452916647968e-03
7.470738452916647968e-03
2.842627302549012927e-02
4.022908217304018569e-02
4.022908217304018569e-02
4.022908217304018569e-02
3.331410093452102754e-03
3.710960833857428545e-03
3.710960833857428545e-03
3.710960833857428545e-03
3.710960833857428545e-03
3.710960833857428545e-03
3.710960833857428545e-03
3.710960833857428545e-03
3.710960833857428545e-03
1.270103144026961915e-02
1.270103144026961915e-02
1.270103144026961915e-02
1.270103144026961915e-02
1.270103144026961915e-02
1.270103144026961915e-02
1.270103144026961915e-02
1.270103144026961915e-02
1.270103144026961915e-02
1.270103144026961915e-02
1.270103144026961915e-02
1.270103144026961915e-02
2.347569683879744545e-02
9.436698386303879471e-02
9.436698386303879471e-02
9.436698386303879471e-02
9.436698386303879471e-02
9.436698386303879471e-02
4.790720567967630267e-02
3.276718136927148778e-02
4.790720567967630267e-02
3.276718136927148778e-02
3.276718136927148778e-02
3.276718136927148778e-02
3.276718136927148778e-02
3.276718136927148778e-02
3.276718136927148778e-02
3.276718136927148778e-02
3.276718136927148778e-02
3.276718136927148778e-02
2.347569683879744545e-02
6.058511999288204849e-04
1.777141157264107083e-02
1.777141157264107083e-02
1.777141157264107083e-02
1.777141157264107083e-02
1.777141157264107083e-02
1.777141157264107083e-02
1.777141157264107083e-02
1.777141157264107083e-02
1.289383614604323229e-03
1.289383614604323229e-03
1.289383614604323229e-03
1.289383614604323229e-03
1.289383614604323229e-03
1.289383614604323229e-03
1.289383614604323229e-03
1.289383614604323229e-03
1.289383614604323229e-03
1.289383614604323229e-03
1.289383614604323229e-03
1.289383614604323229e-03
1.289383614604323229e-03
1.289383614604323229e-03
1.289383614604323229e-03
1.044542415256432231e-02
8.925779642934342922e-03
1.022110074729209138e-02
8.281100525554878702e-03
8.281100525554878702e-03
8.281100525554878702e-03
8.281100525554878702e-03
8.281100525554878702e-03
8.281100525554878702e-03
8.281100525554878702e-03
8.281100525554878702e-03
8.281100525554878702e-03
8.281100525554878702e-03
0.000000000000000000e+00
0.000000000000000000e+00
2.072695024439560538e-02
1.290898971694972273e-02
1.290898971694972273e-02
1.290898971694972273e-02
0.000000000000000000e+00
2.162540606327257448e-02
2.162540606327257448e-02
2.162540606327257448e-02
2.162540606327257448e-02
2.162540606327257448e-02
2.162540606327257448e-02
0.000000000000000000e+00
0.000000000000000000e+00
0.000000000000000000e+00
0.000000000000000000e+00
0.000000000000000000e+00
0.000000000000000000e+00
0.000000000000000000e+00
0.000000000000000000e+00
0.000000000000000000e+00
0.000000000000000000e+00
0.000000000000000000e+00
0.000000000000000000e+00
0.000000000000000000e+00
1.355803135262188125e-02
5.825371917452907243e-03
5.825371917452907243e-03
5.825371917452907243e-03
5.825371917452907243e-03
5.825371917452907243e-03
5.825371917452907243e-03
5.825371917452907243e-03
5.825371917452907243e-03
0.000000000000000000e+00
0.000000000000000000e+00
0.000000000000000000e+00
0.000000000000000000e+00
2.151762408141884297e-02
4.624172092065631338e-03
4.624172092065631338e-03
8.211554892785846368e-03
0.000000000000000000e+00
0.000000000000000000e+00
0.000000000000000000e+00
0.000000000000000000e+00
0.000000000000000000e+00
0.000000000000000000e+00
2.065226513018816185e-02
2.065226513018816185e-02
0.000000000000000000e+00
1.350693906813849043e-01
1.379118416355775562e-02
1.676679477646125446e-02
1.676679477646125446e-02
1.676679477646125446e-02
1.676679477646125446e-02
1.676679477646125446e-02
1.676679477646125446e-02
1.676679477646125446e-02
1.676679477646125446e-02
1.157298531423189662e-02
2.400667822235550905e-02
2.400667822235550905e-02
2.400667822235550905e-02
2.400667822235550905e-02
7.579611344420288284e-03
8.758034238121334761e-03
8.758034238121334761e-03
8.758034238121334761e-03
8.758034238121334761e-03
8.758034238121334761e-03
8.758034238121334761e-03
0.000000000000000000e+00
0.000000000000000000e+00
5.529263523218021399e-03
5.529263523218021399e-03
5.529263523218021399e-03
5.529263523218021399e-03
5.529263523218021399e-03
5.529263523218021399e-03
5.529263523218021399e-03
5.529263523218021399e-03
5.529263523218021399e-03
0.000000000000000000e+00
2.909788344679985553e-02
2.909788344679985553e-02
2.909788344679985553e-02
2.909788344679985553e-02
2.909788344679985553e-02
2.909788344679985553e-02
2.909788344679985553e-02
2.909788344679985553e-02
2.909788344679985553e-02
2.909788344679985553e-02
2.909788344679985553e-02
2.909788344679985553e-02
2.909788344679985553e-02
0.000000000000000000e+00
0.000000000000000000e+00
1.367951118474176712e-02
9.672197237864641611e-03
2.871291271359532882e-02
8.280512423337464331e-03
8.280512423337464331e-03
8.280512423337464331e-03
8.280512423337464331e-03
8.280512423337464331e-03
8.280512423337464331e-03
8.280512423337464331e-03
8.280512423337464331e-03
2.809669739505188391e-02
7.426068154584383740e-02
7.426068154584383740e-02
2.394811303860454668e-02
1.714533974937236180e-02
1.714533974937236180e-02
8.488128017645051385e-03
4.694851900743131226e-04
4.694851900743131226e-04
4.694851900743131226e-04
4.694851900743131226e-04
4.694851900743131226e-04
4.694851900743131226e-04
7.054967899448864876e-03
7.054967899448864876e-03
7.054967899448864876e-03
7.054967899448864876e-03
7.054967899448864876e-03
7.054967899448864876e-03
0.000000000000000000e+00
0.000000000000000000e+00
0.000000000000000000e+00
0.000000000000000000e+00
1.884374470033291227e-02
1.884374470033291227e-02
1.884374470033291227e-02
1.884374470033291227e-02
1.884374470033291227e-02
1.884374470033291227e-02
1.884374470033291227e-02
1.884374470033291227e-02
5.379013015112049829e-03
9.095187983279190078e-03
0.000000000000000000e+00
0.000000000000000000e+00
0.000000000000000000e+00
0.000000000000000000e+00
0.000000000000000000e+00
0.000000000000000000e+00
0.000000000000000000e+00
0.000000000000000000e+00
2.485041599969521967e-02
2.485041599969521967e-02
2.485041599969521967e-02
2.485041599969521967e-02
2.485041599969521967e-02
2.842627302549012927e-02
7.305962478166367008e-04
7.305962478166367008e-04
7.305962478166367008e-04
7.305962478166367008e-04
6.831218085514252809e-03
6.831218085514252809e-03
6.831218085514252809e-03
6.831218085514252809e-03
1.076761777624855691e-02
1.359782759259605626e-03
1.359782759259605626e-03
1.359782759259605626e-03
1.359782759259605626e-03
1.359782759259605626e-03
1.359782759259605626e-03
1.359782759259605626e-03
1.359782759259605626e-03
4.130976610237186569e-02
2.126893212601061942e-02
4.401596640650877468e-02
2.841970682684866883e-02
2.841970682684866883e-02
2.841970682684866883e-02
2.841970682684866883e-02
2.841970682684866883e-02
2.841970682684866883e-02
2.630616434940051974e-03
2.630616434940051974e-03
2.630616434940051974e-03
2.630616434940051974e-03
2.630616434940051974e-03
2.630616434940051974e-03
2.630616434940051974e-03
2.630616434940051974e-03
2.630616434940051974e-03
2.630616434940051974e-03
2.630616434940051974e-03
2.630616434940051974e-03
2.630616434940051974e-03
2.630616434940051974e-03
2.630616434940051974e-03
2.630616434940051974e-03
1.491808671317407242e-02
1.491808671317407242e-02
1.258205370266109874e-02
1.258205370266109874e-02
1.258205370266109874e-02
1.258205370266109874e-02
1.258205370266109874e-02
1.258205370266109874e-02
1.258205370266109874e-02
1.258205370266109874e-02
1.258205370266109874e-02
1.258205370266109874e-02
1.258205370266109874e-02
1.258205370266109874e-02
1.258205370266109874e-02
0.000000000000000000e+00
9.274728323089363735e-03
9.274728323089363735e-03
9.274728323089363735e-03
9.274728323089363735e-03
9.274728323089363735e-03
9.274728323089363735e-03
9.274728323089363735e-03
9.274728323089363735e-03
9.274728323089363735e-03
9.274728323089363735e-03
0.000000000000000000e+00
0.000000000000000000e+00
0.000000000000000000e+00
0.000000000000000000e+00
0.000000000000000000e+00
0.000000000000000000e+00
0.000000000000000000e+00
0.000000000000000000e+00
0.000000000000000000e+00
0.000000000000000000e+00
0.000000000000000000e+00
0.000000000000000000e+00
0.000000000000000000e+00
0.000000000000000000e+00
0.000000000000000000e+00
0.000000000000000000e+00
0.000000000000000000e+00
1.182447369619567777e-02
7.942785156631994650e-03
3.690390435016549682e-03
3.690390435016549682e-03
3.690390435016549682e-03
3.690390435016549682e-03
3.690390435016549682e-03
3.690390435016549682e-03
3.690390435016549682e-03
3.690390435016549682e-03
1.128940230755688147e-02
1.128940230755688147e-02
1.128940230755688147e-02
1.128940230755688147e-02
1.128940230755688147e-02
1.128940230755688147e-02
1.128940230755688147e-02
1.128940230755688147e-02
1.128940230755688147e-02
1.128940230755688147e-02
1.128940230755688147e-02
1.128940230755688147e-02
1.128940230755688147e-02
0.000000000000000000e+00
0.000000000000000000e+00
0.000000000000000000e+00
0.000000000000000000e+00
0.000000000000000000e+00
0.000000000000000000e+00
0.000000000000000000e+00
0.000000000000000000e+00
7.290737952431596306e-04
3.082701029119313488e-03
3.082701029119313488e-03
3.082701029119313488e-03
3.082701029119313488e-03
1.068289956453000004e-02
4.356636088117358564e-03
4.356636088117358564e-03
4.356636088117358564e-03
4.356636088117358564e-03
4.356636088117358564e-03
4.356636088117358564e-03
4.356636088117358564e-03
4.356636088117358564e-03
3.319182212433469115e-02
1.110870116963477358e-02
1.620502535994827395e-02
1.620502535994827395e-02
1.216318426439943687e-02
1.611210838980230847e-03
1.611210838980230847e-03
1.611210838980230847e-03
1.611210838980230847e-03
1.611210838980230847e-03
1.611210838980230847e-03
1.611210838980230847e-03
1.611210838980230847e-03
1.022160536835435563e-02
0.000000000000000000e+00
0.000000000000000000e+00
0.000000000000000000e+00
0.000000000000000000e+00
0.000000000000000000e+00
0.000000000000000000e+00
0.000000000000000000e+00
0.000000000000000000e+00
5.892949085033029853e-03
2.430026507608495229e-03
0.000000000000000000e+00
2.402349045296750876e-02
2.402349045296750876e-02
2.402349045296750876e-02
2.015185544900905540e-02
0.000000000000000000e+00
0.000000000000000000e+00
0.000000000000000000e+00
0.000000000000000000e+00
0.000000000000000000e+00
0.000000000000000000e+00
0.000000000000000000e+00
0.000000000000000000e+00
0.000000000000000000e+00
0.000000000000000000e+00
0.000000000000000000e+00
0.000000000000000000e+00
0.000000000000000000e+00
0.000000000000000000e+00
0.000000000000000000e+00
0.000000000000000000e+00
0.000000000000000000e+00
0.000000000000000000e+00
5.171689790007706101e-03
5.171689790007706101e-03
5.171689790007706101e-03
5.171689790007706101e-03
1.022160536835435563e-02
1.828818452278017231e-02
1.828818452278017231e-02
7.088554804090325089e-03
1.959819377102071242e-02
1.959819377102071242e-02
1.959819377102071242e-02
1.959819377102071242e-02
1.959819377102071242e-02
1.959819377102071242e-02
1.959819377102071242e-02
1.959819377102071242e-02
1.959819377102071242e-02
1.959819377102071242e-02
2.871291271359532882e-02
2.871291271359532882e-02
2.871291271359532882e-02
2.034378074795780214e-02
1.783766246111253423e-02
1.783766246111253423e-02
1.783766246111253423e-02
1.783766246111253423e-02
1.783766246111253423e-02
2.372489648365301920e-02
2.384569096381945752e-02
5.123161078492801009e-03
5.123161078492801009e-03
5.123161078492801009e-03
5.123161078492801009e-03
6.445978672282912277e-03
2.715844821223661366e-03
2.715844821223661366e-03
0.000000000000000000e+00
4.448301749452663462e-02
4.448301749452663462e-02
4.448301749452663462e-02
4.448301749452663462e-02
4.448301749452663462e-02
4.448301749452663462e-02
4.448301749452663462e-02
4.448301749452663462e-02
3.548334030491494522e-03
4.194639904253083529e-02
4.194639904253083529e-02
0.000000000000000000e+00
6.151933826833497882e-05
6.151933826833497882e-05
0.000000000000000000e+00
0.000000000000000000e+00
1.859244567733578726e-02
1.514962040011694211e-02
1.514962040011694211e-02
1.514962040011694211e-02
1.514962040011694211e-02
1.514962040011694211e-02
1.514962040011694211e-02
7.404998625661035443e-03
1.197668568461971068e-02
1.197668568461971068e-02
1.197668568461971068e-02
6.840173386396580790e-02
6.840173386396580790e-02
6.840173386396580790e-02
6.840173386396580790e-02
6.840173386396580790e-02
6.840173386396580790e-02
3.780265543297229441e-02
3.780265543297229441e-02
9.964467137052714085e-03
2.391843636544807930e-02
2.391843636544807930e-02
2.391843636544807930e-02
2.391843636544807930e-02
1.504843507501252460e-02
1.504843507501252460e-02
1.504843507501252460e-02
1.504843507501252460e-02
1.706608704095837620e-02
1.706608704095837620e-02
8.359877645740670937e-03
8.359877645740670937e-03
8.359877645740670937e-03
8.359877645740670937e-03
8.359877645740670937e-03
8.359877645740670937e-03
0.000000000000000000e+00
0.000000000000000000e+00
6.696363077414365164e-03
6.696363077414365164e-03
4.641767108301418643e-02
4.641767108301418643e-02
4.641767108301418643e-02
4.517754742012942970e-02
4.641767108301418643e-02
1.396233059886019777e-02
1.396233059886019777e-02
1.396233059886019777e-02
1.396233059886019777e-02
1.396233059886019777e-02
1.396233059886019777e-02
1.396233059886019777e-02
1.396233059886019777e-02
1.396233059886019777e-02
1.396233059886019777e-02
1.396233059886019777e-02
0.000000000000000000e+00
0.000000000000000000e+00
0.000000000000000000e+00
0.000000000000000000e+00
0.000000000000000000e+00
0.000000000000000000e+00
0.000000000000000000e+00
0.000000000000000000e+00
0.000000000000000000e+00
0.000000000000000000e+00
0.000000000000000000e+00
1.561842379451726728e-02
1.561842379451726728e-02
1.561842379451726728e-02
1.561842379451726728e-02
1.561842379451726728e-02
1.561842379451726728e-02
1.561842379451726728e-02
1.561842379451726728e-02
1.561842379451726728e-02
1.561842379451726728e-02
1.561842379451726728e-02
1.561842379451726728e-02
1.561842379451726728e-02
1.561842379451726728e-02
1.561842379451726728e-02
1.561842379451726728e-02
1.561842379451726728e-02
1.561842379451726728e-02
1.561842379451726728e-02
1.561842379451726728e-02
1.561842379451726728e-02
1.561842379451726728e-02
0.000000000000000000e+00
0.000000000000000000e+00
0.000000000000000000e+00
0.000000000000000000e+00
0.000000000000000000e+00
0.000000000000000000e+00
0.000000000000000000e+00
0.000000000000000000e+00
0.000000000000000000e+00
0.000000000000000000e+00
0.000000000000000000e+00
0.000000000000000000e+00
0.000000000000000000e+00
0.000000000000000000e+00
1.157298531423189662e-02
1.157298531423189662e-02
1.157298531423189662e-02
1.157298531423189662e-02
1.157298531423189662e-02
1.157298531423189662e-02
0.000000000000000000e+00
0.000000000000000000e+00
0.000000000000000000e+00
1.650408816128498546e-02
0.000000000000000000e+00
0.000000000000000000e+00
0.000000000000000000e+00
1.334276357206459589e-02
1.591002228532943652e-02
1.591002228532943652e-02
2.215448315324441975e-02
2.705026312420811402e-02
2.705026312420811402e-02
2.705026312420811402e-02
2.801424577014724124e-02
2.801424577014724124e-02
2.801424577014724124e-02
2.801424577014724124e-02
2.801424577014724124e-02
3.426006782314682669e-02
3.426006782314682669e-02
3.426006782314682669e-02
3.426006782314682669e-02
3.426006782314682669e-02
3.426006782314682669e-02
3.426006782314682669e-02
3.426006782314682669e-02
3.426006782314682669e-02
3.426006782314682669e-02
3.426006782314682669e-02
4.065368617683869958e-03
4.065368617683869958e-03
4.065368617683869958e-03
4.065368617683869958e-03
4.065368617683869958e-03
4.065368617683869958e-03
4.065368617683869958e-03
4.065368617683869958e-03
4.065368617683869958e-03
4.065368617683869958e-03
4.065368617683869958e-03
0.000000000000000000e+00
1.062097223597295408e-02
1.699374106297190171e-02
1.699374106297190171e-02
1.701663474452981897e-02
0.000000000000000000e+00
0.000000000000000000e+00
0.000000000000000000e+00
3.548334030491494522e-03
2.809669739505188391e-02
2.809669739505188391e-02
2.809669739505188391e-02
9.328214152294601880e-03
1.667619150569903119e-02
1.667619150569903119e-02
1.667619150569903119e-02
0.000000000000000000e+00
0.000000000000000000e+00
0.000000000000000000e+00
0.000000000000000000e+00
6.072756623374486046e-03
1.045882354575431404e-02
1.045882354575431404e-02
1.076761777624855691e-02
1.076761777624855691e-02
3.378503026221936489e-02
2.678009299600059290e-02
2.678009299600059290e-02
2.678009299600059290e-02
2.678009299600059290e-02
2.678009299600059290e-02
2.678009299600059290e-02
2.678009299600059290e-02
2.678009299600059290e-02
2.678009299600059290e-02
2.678009299600059290e-02
1.415184106802448022e-02
5.892949085033029853e-03
3.387342401069516618e-02
3.387342401069516618e-02
3.387342401069516618e-02
3.387342401069516618e-02
3.387342401069516618e-02
3.387342401069516618e-02
3.387342401069516618e-02
3.387342401069516618e-02
3.387342401069516618e-02
3.387342401069516618e-02
3.387342401069516618e-02
3.694911559377326519e-03
5.080219034414984285e-03
5.080219034414984285e-03
5.080219034414984285e-03
5.080219034414984285e-03
5.080219034414984285e-03
5.080219034414984285e-03
5.080219034414984285e-03
5.080219034414984285e-03
5.080219034414984285e-03
5.080219034414984285e-03
5.080219034414984285e-03
5.080219034414984285e-03
5.080219034414984285e-03
5.080219034414984285e-03
5.080219034414984285e-03
5.080219034414984285e-03
5.080219034414984285e-03
5.080219034414984285e-03
1.940160270574742968e-02
2.109824791309384499e-03
0.000000000000000000e+00
0.000000000000000000e+00
0.000000000000000000e+00
0.000000000000000000e+00
0.000000000000000000e+00
0.000000000000000000e+00
0.000000000000000000e+00
0.000000000000000000e+00
0.000000000000000000e+00
0.000000000000000000e+00
0.000000000000000000e+00
1.516798640861250977e-02
3.623070916642700482e-03
3.623070916642700482e-03
3.623070916642700482e-03
3.623070916642700482e-03
3.623070916642700482e-03
3.623070916642700482e-03
3.623070916642700482e-03
3.623070916642700482e-03
0.000000000000000000e+00
0.000000000000000000e+00
0.000000000000000000e+00
0.000000000000000000e+00
0.000000000000000000e+00
0.000000000000000000e+00
0.000000000000000000e+00
0.000000000000000000e+00
0.000000000000000000e+00
0.000000000000000000e+00
0.000000000000000000e+00
0.000000000000000000e+00
0.000000000000000000e+00
8.537762661873634848e-03
8.407519169595577616e-03
8.407519169595577616e-03
8.407519169595577616e-03
8.407519169595577616e-03
8.407519169595577616e-03
8.407519169595577616e-03
2.034378074795780214e-02
2.034378074795780214e-02
1.110870116963477358e-02
1.110870116963477358e-02
1.110870116963477358e-02
2.243257997362273909e-02
0.000000000000000000e+00
0.000000000000000000e+00
6.925670036465460949e-03
9.445396830371490318e-03
9.445396830371490318e-03
2.420707669652150812e-02
1.090313184585469698e-02
1.090313184585469698e-02
1.335068461060375661e-02
1.879510073580239679e-02
1.879510073580239679e-02
1.879510073580239679e-02
1.879510073580239679e-02
1.879510073580239679e-02
1.879510073580239679e-02
1.879510073580239679e-02
1.879510073580239679e-02
1.444940521738744856e-02
2.005838698681188664e-02
1.714282632230963027e-02
1.714282632230963027e-02
1.714282632230963027e-02
1.714282632230963027e-02
1.714282632230963027e-02
1.714282632230963027e-02
1.714282632230963027e-02
6.639864478309725690e-03
1.378073778498706617e-02
1.378073778498706617e-02
1.378073778498706617e-02
0.000000000000000000e+00
0.000000000000000000e+00
0.000000000000000000e+00
0.000000000000000000e+00
5.188670329327513438e-03
5.188670329327513438e-03
2.297769591817787685e-02
2.297769591817787685e-02
1.285719963428029813e-02
1.626597772534082303e-02
1.626597772534082303e-02
1.701663474452981897e-02
1.405416433098949716e-02
1.405416433098949716e-02
1.405416433098949716e-02
1.405416433098949716e-02
1.132395534058168798e-02
1.132395534058168798e-02
1.132395534058168798e-02
1.132395534058168798e-02
1.132395534058168798e-02
1.132395534058168798e-02
1.132395534058168798e-02
1.132395534058168798e-02
1.132395534058168798e-02
1.132395534058168798e-02
1.739927673893792645e-02
5.052712235862608092e-03
5.052712235862608092e-03
5.052712235862608092e-03
5.052712235862608092e-03
5.052712235862608092e-03
5.052712235862608092e-03
1.027273246340590883e-02
1.330052986707370641e-02
1.326226501943556305e-02
1.326226501943556305e-02
1.326226501943556305e-02
1.370709298767787583e-02
1.370709298767787583e-02
1.370709298767787583e-02
1.370709298767787583e-02
1.370709298767787583e-02
1.370709298767787583e-02
1.370709298767787583e-02
1.370709298767787583e-02
1.370709298767787583e-02
1.370709298767787583e-02
1.370709298767787583e-02
3.548334030491494522e-03
3.548334030491494522e-03
3.548334030491494522e-03
3.548334030491494522e-03
3.548334030491494522e-03
3.548334030491494522e-03
3.548334030491494522e-03
3.548334030491494522e-03
3.548334030491494522e-03
1.556423011459947929e-02
1.556423011459947929e-02
0.000000000000000000e+00
2.896018627287555436e-02
2.896018627287555436e-02
2.896018627287555436e-02
2.896018627287555436e-02
1.301931681335300253e-02
1.301931681335300253e-02
1.301931681335300253e-02
3.126674572845154071e-02
9.740805399588815111e-03
9.740805399588815111e-03
9.740805399588815111e-03
9.740805399588815111e-03
9.740805399588815111e-03
9.740805399588815111e-03
3.476031887261239045e-02
6.091615852299666484e-03
6.091615852299666484e-03
6.091615852299666484e-03
6.091615852299666484e-03
4.849506173253429137e-04
4.849506173253429137e-04
4.849506173253429137e-04
4.849506173253429137e-04
4.849506173253429137e-04
4.849506173253429137e-04
4.849506173253429137e-04
4.849506173253429137e-04
4.849506173253429137e-04
4.849506173253429137e-04
2.073592017010053926e-02
4.429486595679533317e-03
4.429486595679533317e-03
4.429486595679533317e-03
4.429486595679533317e-03
8.787964190246935064e-03
8.787964190246935064e-03
8.787964190246935064e-03
0.000000000000000000e+00
8.787964190246935064e-03
1.216318426439943687e-02
1.216318426439943687e-02
2.215448315324441975e-02
2.215448315324441975e-02
2.215448315324441975e-02
2.215448315324441975e-02
6.118640226849205582e-02
4.880297960753451902e-02
4.880297960753451902e-02
4.880297960753451902e-02
4.880297960753451902e-02
1.406344159994501151e-02
1.472981283902883957e-02
1.472981283902883957e-02
2.225106093994377171e-02
1.330052986707370641e-02
1.580632999741532485e-02
1.580632999741532485e-02
1.580632999741532485e-02
1.580632999741532485e-02
1.839760804345155071e-02
3.182173014715131837e-03
9.657185010430531860e-03
9.657185010430531860e-03
9.657185010430531860e-03
9.657185010430531860e-03
2.733639268193831240e-02
9.569258490758642682e-03
9.569258490758642682e-03
9.569258490758642682e-03
4.802008166876131807e-03
0.000000000000000000e+00
0.000000000000000000e+00
0.000000000000000000e+00
0.000000000000000000e+00
0.000000000000000000e+00
6.213404640909651368e-03
1.106563787062498153e-02
1.106563787062498153e-02
1.106563787062498153e-02
1.106563787062498153e-02
6.213404640909651368e-03
9.960984340950976637e-03
3.340445863842189667e-02
3.340445863842189667e-02
3.340445863842189667e-02
3.340445863842189667e-02
3.070585441999128620e-04
3.340445863842189667e-02
3.126674572845154071e-02
2.713591846079327352e-02
1.652572136826446162e-03
3.996085209403950692e-03
8.607854576152583828e-03
8.607854576152583828e-03
6.414323626161409601e-03
6.414323626161409601e-03
6.414323626161409601e-03
6.414323626161409601e-03
6.414323626161409601e-03
6.414323626161409601e-03
6.414323626161409601e-03
6.414323626161409601e-03
6.414323626161409601e-03
6.414323626161409601e-03
6.414323626161409601e-03
1.574972038836822824e-02
1.168405627776247270e-02
1.168405627776247270e-02
1.168405627776247270e-02
1.168405627776247270e-02
1.168405627776247270e-02
1.168405627776247270e-02
1.168405627776247270e-02
1.168405627776247270e-02
3.517703107072626262e-02
8.919155729641182334e-03
8.919155729641182334e-03
8.919155729641182334e-03
8.919155729641182334e-03
8.919155729641182334e-03
8.919155729641182334e-03
0.000000000000000000e+00
0.000000000000000000e+00
0.000000000000000000e+00
0.000000000000000000e+00
0.000000000000000000e+00
0.000000000000000000e+00
0.000000000000000000e+00
2.394811303860454668e-02
2.394811303860454668e-02
2.394811303860454668e-02
2.394811303860454668e-02
2.394811303860454668e-02
2.394811303860454668e-02
2.394811303860454668e-02
2.394811303860454668e-02
0.000000000000000000e+00
0.000000000000000000e+00
0.000000000000000000e+00
0.000000000000000000e+00
0.000000000000000000e+00
0.000000000000000000e+00
0.000000000000000000e+00
1.147381052474868990e-02
1.147381052474868990e-02
3.038956229576132359e-02
9.172991352594596012e-03
9.172991352594596012e-03
9.172991352594596012e-03
9.172991352594596012e-03
9.172991352594596012e-03
9.172991352594596012e-03
9.172991352594596012e-03
9.172991352594596012e-03
1.275474698130144892e-02
1.275474698130144892e-02
1.275474698130144892e-02
1.275474698130144892e-02
1.275474698130144892e-02
1.275474698130144892e-02
1.275474698130144892e-02
1.275474698130144892e-02
3.607055739987231197e-02
3.607055739987231197e-02
9.300971161049218991e-03
0.000000000000000000e+00
3.163005094863351185e-02
3.181830190376272460e-02
3.181830190376272460e-02
3.181830190376272460e-02
3.181830190376272460e-02
1.062097223597295408e-02
2.445667348285514645e-02
2.445667348285514645e-02
2.445667348285514645e-02
2.445667348285514645e-02
2.445667348285514645e-02
2.445667348285514645e-02
0.000000000000000000e+00
1.672465242335269275e-02
1.672465242335269275e-02
1.672465242335269275e-02
1.672465242335269275e-02
1.672465242335269275e-02
1.062097223597295408e-02
1.850270976833324338e-02
3.745996875586576035e-03
3.745996875586576035e-03
2.123314861478950433e-02
4.889142214002677178e-02
4.889142214002677178e-02
4.889142214002677178e-02
4.889142214002677178e-02
4.889142214002677178e-02
4.889142214002677178e-02
4.889142214002677178e-02
4.889142214002677178e-02
4.889142214002677178e-02
4.889142214002677178e-02
4.889142214002677178e-02
4.889142214002677178e-02
4.889142214002677178e-02
4.889142214002677178e-02
1.425902146961774593e-02
1.425902146961774593e-02
1.425902146961774593e-02
0.000000000000000000e+00
0.000000000000000000e+00
0.000000000000000000e+00
0.000000000000000000e+00
0.000000000000000000e+00
0.000000000000000000e+00
0.000000000000000000e+00
0.000000000000000000e+00
0.000000000000000000e+00
0.000000000000000000e+00
0.000000000000000000e+00
0.000000000000000000e+00
0.000000000000000000e+00
0.000000000000000000e+00
0.000000000000000000e+00
0.000000000000000000e+00
9.300971161049218991e-03
9.300971161049218991e-03
9.300971161049218991e-03
3.610250528529749224e-03
3.610250528529749224e-03
3.309622870994239534e-04
3.309622870994239534e-04
3.309622870994239534e-04
3.309622870994239534e-04
3.309622870994239534e-04
3.309622870994239534e-04
3.309622870994239534e-04
3.309622870994239534e-04
3.309622870994239534e-04
3.309622870994239534e-04
3.309622870994239534e-04
3.309622870994239534e-04
3.309622870994239534e-04
2.072695024439560538e-02
2.072695024439560538e-02
4.939474135455227018e-03
6.085617752718255544e-03
6.085617752718255544e-03
6.085617752718255544e-03
6.085617752718255544e-03
6.085617752718255544e-03
0.000000000000000000e+00
0.000000000000000000e+00
0.000000000000000000e+00
1.663988927913621907e-02
1.663988927913621907e-02
1.663988927913621907e-02
1.663988927913621907e-02
1.663988927913621907e-02
1.663988927913621907e-02
1.626548074078421752e-02
1.626548074078421752e-02
1.626548074078421752e-02
1.384404913932318903e-02
1.384404913932318903e-02
1.384404913932318903e-02
1.384404913932318903e-02
1.384404913932318903e-02
1.384404913932318903e-02
1.384404913932318903e-02
1.384404913932318903e-02
1.384404913932318903e-02
1.384404913932318903e-02
1.384404913932318903e-02
1.552497618066379752e-02
1.552497618066379752e-02
1.939238013667278493e-02
2.073592017010053926e-02
3.662874038078885088e-03
3.662874038078885088e-03
3.662874038078885088e-03
3.662874038078885088e-03
3.662874038078885088e-03
6.118640226849205582e-02
0.000000000000000000e+00
0.000000000000000000e+00
0.000000000000000000e+00
1.278115979092137554e-02
1.278115979092137554e-02
1.278115979092137554e-02
1.278115979092137554e-02
1.278115979092137554e-02
1.278115979092137554e-02
1.278115979092137554e-02
1.278115979092137554e-02
1.278115979092137554e-02
1.278115979092137554e-02
1.278115979092137554e-02
8.191946072801634809e-03
1.776499299438122001e-02
1.776499299438122001e-02
1.776499299438122001e-02
1.776499299438122001e-02
1.650408816128498546e-02
1.650408816128498546e-02
1.650408816128498546e-02
1.087300018340315623e-02
1.650408816128498546e-02
0.000000000000000000e+00
0.000000000000000000e+00
0.000000000000000000e+00
0.000000000000000000e+00
1.537656669671861286e-02
7.985952569357999270e-03
7.985952569357999270e-03
7.985952569357999270e-03
7.985952569357999270e-03
3.187988741975615169e-03
2.420707669652150812e-02
2.420707669652150812e-02
2.420707669652150812e-02
2.420707669652150812e-02
2.420707669652150812e-02
6.821601149588254163e-03
6.821601149588254163e-03
6.821601149588254163e-03
6.821601149588254163e-03
2.106460276378981870e-03
0.000000000000000000e+00
0.000000000000000000e+00
0.000000000000000000e+00
0.000000000000000000e+00
9.001255233056700347e-03
5.471672510709641585e-03
1.089976648484888150e-02
5.471672510709641585e-03
5.471672510709641585e-03
5.471672510709641585e-03
5.471672510709641585e-03
5.471672510709641585e-03
2.418154807530401972e-03
5.931128846870611536e-04
5.931128846870611536e-04
5.931128846870611536e-04
5.931128846870611536e-04
5.931128846870611536e-04
5.931128846870611536e-04
5.931128846870611536e-04
5.931128846870611536e-04
5.931128846870611536e-04
5.931128846870611536e-04
0.000000000000000000e+00
0.000000000000000000e+00
0.000000000000000000e+00
0.000000000000000000e+00
1.537656669671861286e-02
1.537656669671861286e-02
1.537656669671861286e-02
1.537656669671861286e-02
1.537656669671861286e-02
1.537656669671861286e-02
3.601063561496997169e-03
8.524711020803207168e-03
8.524711020803207168e-03
8.524711020803207168e-03
8.524711020803207168e-03
8.524711020803207168e-03
6.004097585965108806e-03
6.925670036465460949e-03
6.925670036465460949e-03
6.925670036465460949e-03
6.925670036465460949e-03
6.925670036465460949e-03
6.925670036465460949e-03
6.925670036465460949e-03
6.925670036465460949e-03
6.925670036465460949e-03
6.925670036465460949e-03
0.000000000000000000e+00
0.000000000000000000e+00
0.000000000000000000e+00
0.000000000000000000e+00
0.000000000000000000e+00
0.000000000000000000e+00
1.815055935702713716e-02
1.850270976833324338e-02
1.850270976833324338e-02
1.850270976833324338e-02
1.850270976833324338e-02
1.850270976833324338e-02
0.000000000000000000e+00
0.000000000000000000e+00
0.000000000000000000e+00
0.000000000000000000e+00
0.000000000000000000e+00
0.000000000000000000e+00
0.000000000000000000e+00
0.000000000000000000e+00
0.000000000000000000e+00
6.639864478309725690e-03
6.639864478309725690e-03
6.639864478309725690e-03
6.639864478309725690e-03
6.639864478309725690e-03
6.639864478309725690e-03
6.639864478309725690e-03
6.639864478309725690e-03
6.639864478309725690e-03
6.639864478309725690e-03
6.639864478309725690e-03
6.639864478309725690e-03
6.639864478309725690e-03
6.639864478309725690e-03
2.106460276378981870e-03
2.106460276378981870e-03
2.106460276378981870e-03
2.106460276378981870e-03
2.106460276378981870e-03
2.106460276378981870e-03
7.282990092501684734e-03
1.158460990797654556e-02
1.158460990797654556e-02
1.158460990797654556e-02
1.158460990797654556e-02
1.158460990797654556e-02
1.158460990797654556e-02
1.158460990797654556e-02
0.000000000000000000e+00
0.000000000000000000e+00
0.000000000000000000e+00
0.000000000000000000e+00
3.126674572845154071e-02
3.126674572845154071e-02
3.126674572845154071e-02
0.000000000000000000e+00
1.570203663765976435e-02
1.570203663765976435e-02
1.570203663765976435e-02
1.570203663765976435e-02
1.570203663765976435e-02
1.570203663765976435e-02
1.570203663765976435e-02
9.328214152294601880e-03
9.328214152294601880e-03
9.328214152294601880e-03
0.000000000000000000e+00
0.000000000000000000e+00
6.916560992044904974e-03
1.521606275894803184e-02
1.521606275894803184e-02
1.367288342777975578e-04
1.367288342777975578e-04
3.467286722947131306e-02
3.467286722947131306e-02
3.467286722947131306e-02
3.467286722947131306e-02
7.971882306938708404e-03
1.685142632592913359e-02
1.685142632592913359e-02
1.685142632592913359e-02
1.685142632592913359e-02
1.685142632592913359e-02
1.685142632592913359e-02
1.685142632592913359e-02
1.685142632592913359e-02
4.551037602994949249e-02
4.551037602994949249e-02
4.551037602994949249e-02
4.551037602994949249e-02
1.652051502449988080e-02
9.087280892656842204e-03
0.000000000000000000e+00
7.282990092501684734e-03
7.282990092501684734e-03
7.282990092501684734e-03
7.282990092501684734e-03
7.282990092501684734e-03
4.659732105008363746e-03
2.427493332279247705e-03
2.427493332279247705e-03
2.427493332279247705e-03
0.000000000000000000e+00
0.000000000000000000e+00
8.792271177144138708e-03
1.809326330412129244e-02
1.809326330412129244e-02
1.809326330412129244e-02
1.809326330412129244e-02
1.809326330412129244e-02
1.809326330412129244e-02
1.809326330412129244e-02
1.809326330412129244e-02
1.809326330412129244e-02
1.809326330412129244e-02
1.809326330412129244e-02
1.809326330412129244e-02
1.809326330412129244e-02
1.809326330412129244e-02
1.809326330412129244e-02
1.809326330412129244e-02
1.809326330412129244e-02
1.809326330412129244e-02
0.000000000000000000e+00
0.000000000000000000e+00
0.000000000000000000e+00
0.000000000000000000e+00
1.701663474452981897e-02
1.701663474452981897e-02
1.701663474452981897e-02
0.000000000000000000e+00
0.000000000000000000e+00
0.000000000000000000e+00
4.713339130998070231e-04
0.000000000000000000e+00
2.230883870888647480e-02
0.000000000000000000e+00
0.000000000000000000e+00
0.000000000000000000e+00
1.815055935702713716e-02
1.815055935702713716e-02
1.815055935702713716e-02
1.815055935702713716e-02
5.091835707652638161e-03
5.091835707652638161e-03
4.303627061473159002e-03
5.909479136726198539e-03
1.940923460130392769e-02
2.290612877129872063e-02
1.940923460130392769e-02
1.940923460130392769e-02
1.940923460130392769e-02
1.415184106802448022e-02
1.415184106802448022e-02
1.415184106802448022e-02
1.415184106802448022e-02
2.520396619485779435e-02
2.229746933452034230e-02
2.229746933452034230e-02
6.445978672282912277e-03
2.229746933452034230e-02
0.000000000000000000e+00
0.000000000000000000e+00
6.916560992044904974e-03
2.151762408141884297e-02
2.151762408141884297e-02
2.151762408141884297e-02
2.151762408141884297e-02
2.151762408141884297e-02
1.421518511421784403e-04
1.421518511421784403e-04
1.421518511421784403e-04
1.421518511421784403e-04
1.421518511421784403e-04
1.421518511421784403e-04
5.005177892488891361e-03
1.013635729762074091e-02
1.013635729762074091e-02
1.013635729762074091e-02
1.013635729762074091e-02
1.013635729762074091e-02
1.013635729762074091e-02
1.013635729762074091e-02
1.013635729762074091e-02
1.013635729762074091e-02
1.013635729762074091e-02
1.013635729762074091e-02
1.013635729762074091e-02
1.013635729762074091e-02
1.013635729762074091e-02
1.013635729762074091e-02
1.013635729762074091e-02
5.147130226096098549e-02
1.652051502449988080e-02
1.652051502449988080e-02
1.652051502449988080e-02
1.652051502449988080e-02
1.652051502449988080e-02
1.652051502449988080e-02
1.652051502449988080e-02
1.652051502449988080e-02
1.652051502449988080e-02
1.652051502449988080e-02
1.652051502449988080e-02
1.652051502449988080e-02
1.652051502449988080e-02
3.537623764430151280e-03
9.808923610699791726e-03
1.722758241176274366e-02
9.808923610699791726e-03
6.058511999288204849e-04
6.058511999288204849e-04
2.389125193488428334e-02
1.084639204830495363e-02
1.084639204830495363e-02
1.084639204830495363e-02
1.084639204830495363e-02
1.079436220985312798e-02
1.079436220985312798e-02
1.079436220985312798e-02
0.000000000000000000e+00
0.000000000000000000e+00
0.000000000000000000e+00
0.000000000000000000e+00
0.000000000000000000e+00
0.000000000000000000e+00
0.000000000000000000e+00
0.000000000000000000e+00
0.000000000000000000e+00
0.000000000000000000e+00
0.000000000000000000e+00
1.344877789122589200e-02
1.344877789122589200e-02
1.344877789122589200e-02
1.344877789122589200e-02
1.344877789122589200e-02
1.344877789122589200e-02
1.290158807442812368e-02
3.601063561496997169e-03
3.601063561496997169e-03
1.573050114289016935e-02
6.892343804698516582e-03
1.574972038836822824e-02
1.574972038836822824e-02
6.926954519935303936e-03
1.574972038836822824e-02
1.852512925371467556e-02
6.586500839305162169e-03
6.586500839305162169e-03
6.586500839305162169e-03
6.586500839305162169e-03
6.586500839305162169e-03
6.586500839305162169e-03
6.586500839305162169e-03
6.586500839305162169e-03
1.839582037875643963e-02
0.000000000000000000e+00
0.000000000000000000e+00
0.000000000000000000e+00
0.000000000000000000e+00
9.275102863866771866e-03
9.275102863866771866e-03
9.275102863866771866e-03
9.275102863866771866e-03
2.273546080363436986e-02
1.331779609884009737e-02
1.331779609884009737e-02
1.331779609884009737e-02
1.331779609884009737e-02
1.331779609884009737e-02
1.331779609884009737e-02
1.331779609884009737e-02
1.331779609884009737e-02
1.535268906176994559e-03
1.535268906176994559e-03
0.000000000000000000e+00
0.000000000000000000e+00
0.000000000000000000e+00
0.000000000000000000e+00
0.000000000000000000e+00
0.000000000000000000e+00
0.000000000000000000e+00
0.000000000000000000e+00
0.000000000000000000e+00
2.788529437939867364e-02
0.000000000000000000e+00
0.000000000000000000e+00
1.516798640861250977e-02
1.516798640861250977e-02
1.516798640861250977e-02
1.516798640861250977e-02
1.516798640861250977e-02
1.516798640861250977e-02
1.516798640861250977e-02
1.516798640861250977e-02
0.000000000000000000e+00
0.000000000000000000e+00
0.000000000000000000e+00
1.125898203905061415e-02
1.125898203905061415e-02
3.519007087095942649e-03
3.519007087095942649e-03
7.942785156631994650e-03
7.942785156631994650e-03
2.176331043465735970e-02
2.298349110188649749e-02
2.176331043465735970e-02
2.176331043465735970e-02
2.176331043465735970e-02
2.298349110188649749e-02
2.298349110188649749e-02
2.298349110188649749e-02
2.298349110188649749e-02
2.298349110188649749e-02
1.109113763434053587e-02
1.109113763434053587e-02
4.621865868508131039e-03
9.631039359094126923e-03
4.621865868508131039e-03
4.621865868508131039e-03
4.621865868508131039e-03
9.631039359094126923e-03
9.631039359094126923e-03
9.631039359094126923e-03
9.631039359094126923e-03
9.631039359094126923e-03
0.000000000000000000e+00
0.000000000000000000e+00
0.000000000000000000e+00
0.000000000000000000e+00
2.443553056694853023e-02
2.227853874160524647e-02
2.227853874160524647e-02
0.000000000000000000e+00
0.000000000000000000e+00
0.000000000000000000e+00
0.000000000000000000e+00
0.000000000000000000e+00
0.000000000000000000e+00
0.000000000000000000e+00
0.000000000000000000e+00
0.000000000000000000e+00
0.000000000000000000e+00
0.000000000000000000e+00
0.000000000000000000e+00
0.000000000000000000e+00
1.003375997127621023e-02
1.194959033512379629e-02
1.194959033512379629e-02
1.194959033512379629e-02
1.194959033512379629e-02
1.194959033512379629e-02
1.194959033512379629e-02
1.194959033512379629e-02
1.194959033512379629e-02
1.194959033512379629e-02
1.194959033512379629e-02
1.746986447239776488e-02
1.964861445263583334e-02
1.964861445263583334e-02
1.964861445263583334e-02
1.964861445263583334e-02
1.964861445263583334e-02
1.964861445263583334e-02
1.964861445263583334e-02
1.964861445263583334e-02
1.403153204136784772e-02
1.155231178811627971e-02
1.155231178811627971e-02
7.290737952431596306e-04
7.290737952431596306e-04
7.290737952431596306e-04
3.338301907079296860e-02
3.338301907079296860e-02
1.585877265600463618e-02
4.324915366582467863e-02
4.324915366582467863e-02
4.324915366582467863e-02
1.652841736645939419e-02
6.156166043778883712e-02
6.156166043778883712e-02
6.156166043778883712e-02
1.573050114289016935e-02
1.573050114289016935e-02
3.378503026221936489e-02
4.130976610237186569e-02
1.585877265600463618e-02
1.585877265600463618e-02
3.641525713145091214e-02
3.931287852855588211e-02
3.931287852855588211e-02
3.931287852855588211e-02
3.931287852855588211e-02
3.931287852855588211e-02
3.931287852855588211e-02
3.187988741975615169e-03
3.187988741975615169e-03
0.000000000000000000e+00
6.926954519935303936e-03
6.112194709939965803e-03
6.112194709939965803e-03
3.377414970682658668e-02
3.377414970682658668e-02
3.377414970682658668e-02
3.377414970682658668e-02
3.377414970682658668e-02
3.377414970682658668e-02
3.377414970682658668e-02
2.315430407383824510e-02
3.377414970682658668e-02
3.641525713145091214e-02
0.000000000000000000e+00
0.000000000000000000e+00
0.000000000000000000e+00
0.000000000000000000e+00
0.000000000000000000e+00
1.503539529112857829e-03
3.667108588127140825e-03
3.667108588127140825e-03
3.667108588127140825e-03
3.667108588127140825e-03
5.201369116018374553e-03
3.996085209403950692e-03
3.996085209403950692e-03
3.996085209403950692e-03
0.000000000000000000e+00
6.060475946310298762e-02
4.289755254273926871e-02
4.289755254273926871e-02
4.289755254273926871e-02
4.289755254273926871e-02
4.289755254273926871e-02
4.289755254273926871e-02
4.289755254273926871e-02
4.289755254273926871e-02
0.000000000000000000e+00
0.000000000000000000e+00
1.746986447239776488e-02
1.085441446879481173e-02
1.085441446879481173e-02
1.085441446879481173e-02
1.776807853881316041e-02
1.776807853881316041e-02
1.776807853881316041e-02
1.776807853881316041e-02
1.776807853881316041e-02
1.776807853881316041e-02
1.776807853881316041e-02
1.776807853881316041e-02
1.776807853881316041e-02
1.776807853881316041e-02
1.776807853881316041e-02
1.776807853881316041e-02
1.776807853881316041e-02
1.776807853881316041e-02
0.000000000000000000e+00
1.816033645674977257e-02
1.816033645674977257e-02
1.816033645674977257e-02
1.816033645674977257e-02
1.816033645674977257e-02
1.816033645674977257e-02
1.816033645674977257e-02
1.816033645674977257e-02
1.816033645674977257e-02
1.816033645674977257e-02
1.816033645674977257e-02
4.263097712925602994e-02
4.263097712925602994e-02
1.169128394897772129e-02
1.169128394897772129e-02
1.407392866540600924e-02
5.005177892488891361e-03
0.000000000000000000e+00
0.000000000000000000e+00
0.000000000000000000e+00
0.000000000000000000e+00
0.000000000000000000e+00
1.121809996530389111e-03
2.095757073847638249e-03
2.095757073847638249e-03
2.095757073847638249e-03
2.095757073847638249e-03
2.095757073847638249e-03
2.095757073847638249e-03
2.095757073847638249e-03
2.095757073847638249e-03
2.095757073847638249e-03
2.095757073847638249e-03
2.095757073847638249e-03
2.095757073847638249e-03
6.060475946310298762e-02
6.060475946310298762e-02
6.060475946310298762e-02
6.060475946310298762e-02
6.060475946310298762e-02
6.060475946310298762e-02
1.355803135262188125e-02
1.355803135262188125e-02
0.000000000000000000e+00
0.000000000000000000e+00
0.000000000000000000e+00
3.828167559904414180e-02
3.070585441999128620e-04
3.070585441999128620e-04
3.070585441999128620e-04
7.404998625661035443e-03
7.404998625661035443e-03
7.404998625661035443e-03
7.404998625661035443e-03
7.404998625661035443e-03
7.404998625661035443e-03
1.322091467403352198e-02
2.457666579928629094e-02
2.457666579928629094e-02
9.094515257729402988e-03
1.208432501951065517e-02
1.208432501951065517e-02
1.208432501951065517e-02
1.208432501951065517e-02
1.208432501951065517e-02
1.208432501951065517e-02
2.842627302549012927e-02
9.094515257729402988e-03
9.094515257729402988e-03
9.094515257729402988e-03
9.094515257729402988e-03
9.094515257729402988e-03
9.094515257729402988e-03
0.000000000000000000e+00
0.000000000000000000e+00
0.000000000000000000e+00
2.418154807530401972e-03
2.418154807530401972e-03
2.418154807530401972e-03
2.418154807530401972e-03
2.225106093994377171e-02
2.225106093994377171e-02
2.225106093994377171e-02
2.225106093994377171e-02
6.787126636884373461e-03
1.108829922657414424e-02
1.108829922657414424e-02
1.108829922657414424e-02
1.108829922657414424e-02
1.108829922657414424e-02
1.108829922657414424e-02
1.157387833146051627e-02
1.157387833146051627e-02
3.378503026221936489e-02
6.072756623374486046e-03
6.072756623374486046e-03
6.072756623374486046e-03
6.072756623374486046e-03
6.072756623374486046e-03
6.072756623374486046e-03
6.072756623374486046e-03
6.072756623374486046e-03
6.072756623374486046e-03
6.072756623374486046e-03
6.072756623374486046e-03
6.072756623374486046e-03
0.000000000000000000e+00
0.000000000000000000e+00
0.000000000000000000e+00
0.000000000000000000e+00
0.000000000000000000e+00
0.000000000000000000e+00
0.000000000000000000e+00
0.000000000000000000e+00
0.000000000000000000e+00
0.000000000000000000e+00
0.000000000000000000e+00
1.859244567733578726e-02
1.859244567733578726e-02
1.859244567733578726e-02
1.859244567733578726e-02
1.267366242508552107e-03
1.503539529112857829e-03
1.503539529112857829e-03
1.503539529112857829e-03
8.191946072801634809e-03
1.218629776482685377e-03
1.218629776482685377e-03
1.218629776482685377e-03
1.218629776482685377e-03
1.218629776482685377e-03
1.218629776482685377e-03
1.218629776482685377e-03
1.218629776482685377e-03
3.182173014715131837e-03
3.182173014715131837e-03
3.182173014715131837e-03
3.182173014715131837e-03
3.182173014715131837e-03
3.182173014715131837e-03
7.760100063574434590e-03
6.522656875072850059e-03
6.522656875072850059e-03
6.522656875072850059e-03
6.522656875072850059e-03
6.522656875072850059e-03
6.522656875072850059e-03
6.522656875072850059e-03
6.522656875072850059e-03
6.522656875072850059e-03
6.522656875072850059e-03
6.522656875072850059e-03
6.522656875072850059e-03
6.522656875072850059e-03
6.522656875072850059e-03
6.522656875072850059e-03
6.522656875072850059e-03
6.522656875072850059e-03
6.522656875072850059e-03
3.331410093452102754e-03
3.331410093452102754e-03
0.000000000000000000e+00
0.000000000000000000e+00
0.000000000000000000e+00
2.015185544900905540e-02
0.000000000000000000e+00
2.731278854235909617e-03
2.731278854235909617e-03
7.795711878068213065e-03
1.278874940325779551e-02
3.476031887261239045e-02
1.415080949765376225e-02
1.415080949765376225e-02
1.415080949765376225e-02
1.415080949765376225e-02
4.840955895386655355e-02
0.000000000000000000e+00
2.015185544900905540e-02
2.015185544900905540e-02
2.015185544900905540e-02
2.015185544900905540e-02
2.015185544900905540e-02
2.015185544900905540e-02
2.015185544900905540e-02
2.015185544900905540e-02
2.015185544900905540e-02
2.015185544900905540e-02
2.015185544900905540e-02
3.694911559377326519e-03
3.694911559377326519e-03
3.694911559377326519e-03
8.191946072801634809e-03
1.022110074729209138e-02
1.022110074729209138e-02
1.022110074729209138e-02
1.022110074729209138e-02
1.022110074729209138e-02
1.022110074729209138e-02
3.833962915768591995e-02
4.840955895386655355e-02
1.392854011286735402e-02
1.868640935611861134e-02
1.868640935611861134e-02
1.868640935611861134e-02
1.868640935611861134e-02
1.868640935611861134e-02
1.868640935611861134e-02
1.868640935611861134e-02
1.868640935611861134e-02
1.868640935611861134e-02
1.868640935611861134e-02
2.372489648365301920e-02
2.372489648365301920e-02
3.057734912423470258e-02
5.961436436298558558e-03
5.961436436298558558e-03
5.961436436298558558e-03
5.961436436298558558e-03
5.961436436298558558e-03
5.961436436298558558e-03
5.961436436298558558e-03
5.961436436298558558e-03
5.961436436298558558e-03
5.961436436298558558e-03
7.963605082830929952e-03
1.403153204136784772e-02
1.403153204136784772e-02
1.403153204136784772e-02
4.713339130998070231e-04
2.230883870888647480e-02
2.230883870888647480e-02
2.230883870888647480e-02
0.000000000000000000e+00
0.000000000000000000e+00
0.000000000000000000e+00
0.000000000000000000e+00
3.310785073357857405e-02
3.163005094863351185e-02
6.916560992044904974e-03
6.916560992044904974e-03
6.916560992044904974e-03
0.000000000000000000e+00
0.000000000000000000e+00
1.322091467403352198e-02
0.000000000000000000e+00
0.000000000000000000e+00
4.481093661460841190e-03
6.318239042049303075e-03
2.261136864432584589e-02
6.059288116324478175e-04
6.059288116324478175e-04
6.059288116324478175e-04
6.059288116324478175e-04
6.059288116324478175e-04
6.059288116324478175e-04
2.567381658871551939e-02
2.567381658871551939e-02
2.567381658871551939e-02
2.567381658871551939e-02
2.567381658871551939e-02
7.637646603715949299e-03
2.567381658871551939e-02
2.567381658871551939e-02
2.567381658871551939e-02
2.567381658871551939e-02
2.567381658871551939e-02
2.567381658871551939e-02
2.567381658871551939e-02
1.852512925371467556e-02
1.852512925371467556e-02
1.137144322931601600e-02
2.697426922506867934e-03
2.697426922506867934e-03
1.944588896397155681e-02
2.697426922506867934e-03
2.697426922506867934e-03
2.697426922506867934e-03
0.000000000000000000e+00
0.000000000000000000e+00
0.000000000000000000e+00
5.266248772874049938e-02
5.597454709519386618e-02
4.943881941518107892e-02
5.597454709519386618e-02
5.597454709519386618e-02
5.597454709519386618e-02
5.597454709519386618e-02
5.597454709519386618e-02
2.222772743644386637e-02
7.810688345111643782e-03
7.810688345111643782e-03
1.528704043244732448e-02
1.992356170754350231e-02
1.528704043244732448e-02
1.528704043244732448e-02
1.528704043244732448e-02
1.528704043244732448e-02
1.528704043244732448e-02
1.528704043244732448e-02
1.528704043244732448e-02
1.992356170754350231e-02
1.992356170754350231e-02
1.992356170754350231e-02
1.137144322931601600e-02
1.137144322931601600e-02
0.000000000000000000e+00
0.000000000000000000e+00
4.439815335552729086e-02
2.222772743644386637e-02
9.995639545576360738e-03
9.995639545576360738e-03
9.995639545576360738e-03
9.995639545576360738e-03
9.995639545576360738e-03
9.995639545576360738e-03
9.995639545576360738e-03
9.995639545576360738e-03
9.995639545576360738e-03
9.995639545576360738e-03
4.427339766151566075e-02
6.039663576751482313e-03
1.026139127657903390e-02
1.026139127657903390e-02
0.000000000000000000e+00
0.000000000000000000e+00
0.000000000000000000e+00
4.802008166876131807e-03
4.802008166876131807e-03
4.802008166876131807e-03
4.802008166876131807e-03
4.802008166876131807e-03
4.802008166876131807e-03
4.802008166876131807e-03
4.802008166876131807e-03
4.802008166876131807e-03
4.802008166876131807e-03
4.802008166876131807e-03
4.802008166876131807e-03
4.439815335552729086e-02
4.439815335552729086e-02
4.439815335552729086e-02
4.439815335552729086e-02
4.439815335552729086e-02
4.439815335552729086e-02
4.439815335552729086e-02
4.439815335552729086e-02
1.795721963734654009e-02
2.304713568035852197e-03
2.304713568035852197e-03
2.304713568035852197e-03
2.304713568035852197e-03
2.304713568035852197e-03
2.304713568035852197e-03
2.304713568035852197e-03
2.304713568035852197e-03
4.427339766151566075e-02
4.427339766151566075e-02
4.427339766151566075e-02
4.427339766151566075e-02
0.000000000000000000e+00
0.000000000000000000e+00
0.000000000000000000e+00
0.000000000000000000e+00
0.000000000000000000e+00
0.000000000000000000e+00
0.000000000000000000e+00
0.000000000000000000e+00
0.000000000000000000e+00
0.000000000000000000e+00
0.000000000000000000e+00
0.000000000000000000e+00
0.000000000000000000e+00
0.000000000000000000e+00
0.000000000000000000e+00
0.000000000000000000e+00
0.000000000000000000e+00
0.000000000000000000e+00
0.000000000000000000e+00
0.000000000000000000e+00
2.167391544979916165e-02
2.167391544979916165e-02
2.167391544979916165e-02
2.167391544979916165e-02
2.167391544979916165e-02
2.167391544979916165e-02
2.167391544979916165e-02
2.167391544979916165e-02
2.167391544979916165e-02
2.167391544979916165e-02
2.167391544979916165e-02
2.167391544979916165e-02
2.167391544979916165e-02
2.167391544979916165e-02
2.167391544979916165e-02
2.883358777641361823e-02
2.167391544979916165e-02
3.300514730900128840e-02
2.092290802947796569e-02
2.092290802947796569e-02
3.362183934725449311e-03
3.504958936710332856e-03
3.504958936710332856e-03
1.546429566795469793e-02
1.546429566795469793e-02
1.546429566795469793e-02
1.546429566795469793e-02
1.546429566795469793e-02
1.546429566795469793e-02
6.060746887706064791e-04
6.060746887706064791e-04
6.060746887706064791e-04
6.060746887706064791e-04
6.060746887706064791e-04
6.060746887706064791e-04
6.060746887706064791e-04
6.060746887706064791e-04
6.060746887706064791e-04
6.060746887706064791e-04
6.060746887706064791e-04
6.060746887706064791e-04
6.060746887706064791e-04
2.896470552447812270e-03
2.295320919142724084e-02
2.295320919142724084e-02
6.571070855509883457e-02
5.246290000388152686e-02
3.517703107072626262e-02
9.001255233056700347e-03
4.464154107628791335e-02
4.464154107628791335e-02
1.285719963428029813e-02
3.362183934725449311e-03
3.362183934725449311e-03
3.362183934725449311e-03
3.300514730900128840e-02
3.300514730900128840e-02
3.300514730900128840e-02
0.000000000000000000e+00
0.000000000000000000e+00
0.000000000000000000e+00
0.000000000000000000e+00
0.000000000000000000e+00
3.955996489810242878e-02
2.896470552447812270e-03
2.243257997362273909e-02
2.243257997362273909e-02
2.243257997362273909e-02
2.243257997362273909e-02
2.243257997362273909e-02
2.243257997362273909e-02
2.243257997362273909e-02
2.243257997362273909e-02
2.243257997362273909e-02
2.243257997362273909e-02
1.137627785446689369e-02
6.196228431367629789e-03
6.196228431367629789e-03
6.196228431367629789e-03
6.196228431367629789e-03
6.196228431367629789e-03
6.196228431367629789e-03
6.196228431367629789e-03
6.196228431367629789e-03
2.703469586792048296e-02
3.955996489810242878e-02
1.206799585936300413e-02
1.206799585936300413e-02
5.246290000388152686e-02
5.246290000388152686e-02
1.104867302253015326e-02
2.703469586792048296e-02
1.739927673893792645e-02
4.242104302631781627e-03
1.104867302253015326e-02
1.104867302253015326e-02
1.104867302253015326e-02
1.104867302253015326e-02
8.691769592783730319e-03
8.691769592783730319e-03
8.691769592783730319e-03
8.691769592783730319e-03
8.691769592783730319e-03
8.691769592783730319e-03
8.691769592783730319e-03
8.691769592783730319e-03
2.887601615307255724e-03
2.887601615307255724e-03
5.252619764267873852e-03
3.545583905002727861e-03
0.000000000000000000e+00
0.000000000000000000e+00
0.000000000000000000e+00
0.000000000000000000e+00
4.002992267830372819e-03
1.086753635110655931e-02
1.086753635110655931e-02
9.171553572228537381e-04
9.171553572228537381e-04
1.393690143067477299e-03
1.393690143067477299e-03
1.393690143067477299e-03
1.393690143067477299e-03
1.393690143067477299e-03
1.393690143067477299e-03
8.017364393156064042e-03
8.017364393156064042e-03
8.017364393156064042e-03
8.017364393156064042e-03
8.017364393156064042e-03
8.017364393156064042e-03
8.017364393156064042e-03
8.017364393156064042e-03
8.017364393156064042e-03
8.017364393156064042e-03
8.017364393156064042e-03
1.901855096523547223e-03
4.002992267830372819e-03
2.261136864432584589e-02
2.261136864432584589e-02
2.261136864432584589e-02
2.261136864432584589e-02
2.141728272011186526e-02
2.141728272011186526e-02
1.939238013667278493e-02
1.939238013667278493e-02
1.939238013667278493e-02
1.939238013667278493e-02
1.939238013667278493e-02
1.939238013667278493e-02
0.000000000000000000e+00
0.000000000000000000e+00
0.000000000000000000e+00
0.000000000000000000e+00
2.445549029563551593e-02
4.401596640650877468e-02
4.401596640650877468e-02
4.401596640650877468e-02
0.000000000000000000e+00
0.000000000000000000e+00
4.399575047200425526e-02
4.399575047200425526e-02
2.523024122863557449e-03
1.463442973061081925e-03
1.463442973061081925e-03
5.139960044482930202e-02
0.000000000000000000e+00
0.000000000000000000e+00
0.000000000000000000e+00
0.000000000000000000e+00
0.000000000000000000e+00
0.000000000000000000e+00
0.000000000000000000e+00
2.523024122863557449e-03
2.523024122863557449e-03
2.523024122863557449e-03
2.523024122863557449e-03
2.523024122863557449e-03
2.523024122863557449e-03
2.523024122863557449e-03
1.502746161943395962e-02
2.617169049889937413e-02
2.617169049889937413e-02
2.617169049889937413e-02
2.617169049889937413e-02
0.000000000000000000e+00
0.000000000000000000e+00
0.000000000000000000e+00
0.000000000000000000e+00
7.125288048872226165e-03
1.003375997127621023e-02
1.003375997127621023e-02
1.003375997127621023e-02
0.000000000000000000e+00
0.000000000000000000e+00
0.000000000000000000e+00
3.537623764430151280e-03
1.667825745727186809e-02
1.667825745727186809e-02
0.000000000000000000e+00
0.000000000000000000e+00
0.000000000000000000e+00
0.000000000000000000e+00
0.000000000000000000e+00
0.000000000000000000e+00
0.000000000000000000e+00
0.000000000000000000e+00
0.000000000000000000e+00
0.000000000000000000e+00
0.000000000000000000e+00
0.000000000000000000e+00
0.000000000000000000e+00
5.147130226096098549e-02
5.147130226096098549e-02
5.147130226096098549e-02
5.147130226096098549e-02
1.146180974292558205e-02
2.262604740664486691e-02
2.262604740664486691e-02
7.125288048872226165e-03
7.125288048872226165e-03
7.125288048872226165e-03
7.125288048872226165e-03
7.125288048872226165e-03
7.125288048872226165e-03
7.125288048872226165e-03
7.125288048872226165e-03
1.339673890291570926e-02
6.585177492958614251e-04
6.585177492958614251e-04
1.746986447239776488e-02
3.537623764430151280e-03
3.537623764430151280e-03
3.537623764430151280e-03
9.047940997998946480e-03
9.047940997998946480e-03
1.596861868258858674e-02
1.339673890291570926e-02
0.000000000000000000e+00
0.000000000000000000e+00
0.000000000000000000e+00
0.000000000000000000e+00
0.000000000000000000e+00
0.000000000000000000e+00
0.000000000000000000e+00
0.000000000000000000e+00
1.765051868951606970e-02
1.765051868951606970e-02
1.765051868951606970e-02
1.765051868951606970e-02
1.596861868258858674e-02
3.735807115355018609e-02
3.735807115355018609e-02
3.735807115355018609e-02
3.735807115355018609e-02
3.735807115355018609e-02
3.735807115355018609e-02
3.735807115355018609e-02
3.735807115355018609e-02
3.735807115355018609e-02
3.735807115355018609e-02
3.735807115355018609e-02
3.735807115355018609e-02
3.735807115355018609e-02
3.735807115355018609e-02
3.735807115355018609e-02
0.000000000000000000e+00
0.000000000000000000e+00
2.727630723753008898e-02
2.872676916189858057e-02
2.872676916189858057e-02
2.445549029563551593e-02
2.445549029563551593e-02
2.081566898757424705e-02
2.081566898757424705e-02
2.081566898757424705e-02
2.081566898757424705e-02
2.081566898757424705e-02
2.081566898757424705e-02
2.081566898757424705e-02
2.081566898757424705e-02
2.081566898757424705e-02
2.081566898757424705e-02
2.081566898757424705e-02
7.963605082830929952e-03
7.963605082830929952e-03
7.963605082830929952e-03
6.079118468871774414e-03
2.727630723753008898e-02
2.727630723753008898e-02
2.727630723753008898e-02
2.727630723753008898e-02
2.727630723753008898e-02
2.727630723753008898e-02
2.727630723753008898e-02
2.727630723753008898e-02
7.760100063574434590e-03
0.000000000000000000e+00
5.752895530560865264e-03
2.005838698681188664e-02
2.005838698681188664e-02
2.005838698681188664e-02
2.005838698681188664e-02
2.005838698681188664e-02
2.005838698681188664e-02
2.005838698681188664e-02
1.262409216799707107e-02
1.262409216799707107e-02
1.262409216799707107e-02
1.262409216799707107e-02
1.958969945181809197e-02
1.958969945181809197e-02
1.137627785446689369e-02
1.137627785446689369e-02
9.853369238927833090e-03
2.857908917152437046e-03
0.000000000000000000e+00
0.000000000000000000e+00
3.472175469084632336e-03
3.472175469084632336e-03
0.000000000000000000e+00
0.000000000000000000e+00
6.200802070615556855e-03
6.200802070615556855e-03
6.200802070615556855e-03
6.200802070615556855e-03
1.626813457540791236e-03
3.018967408423719762e-03
3.018967408423719762e-03
3.018967408423719762e-03
3.018967408423719762e-03
3.018967408423719762e-03
3.018967408423719762e-03
3.018967408423719762e-03
3.018967408423719762e-03
1.334276357206459589e-02
1.190024339320249445e-02
1.190024339320249445e-02
2.422780561732258177e-03
9.853369238927833090e-03
2.556954862922894423e-02
2.556954862922894423e-02
8.844932706153791485e-03
8.844932706153791485e-03
2.520396619485779435e-02
2.520396619485779435e-02
2.520396619485779435e-02
2.520396619485779435e-02
1.288692047209845024e-02
1.288692047209845024e-02
1.392854011286735402e-02
1.392854011286735402e-02
2.422780561732258177e-03
1.842283512612722871e-02
1.842283512612722871e-02
3.057734912423470258e-02
3.057734912423470258e-02
8.488128017645051385e-03
8.488128017645051385e-03
8.488128017645051385e-03
8.488128017645051385e-03
3.641525713145091214e-02
0.000000000000000000e+00
0.000000000000000000e+00
0.000000000000000000e+00
0.000000000000000000e+00
0.000000000000000000e+00
0.000000000000000000e+00
3.287929073020761511e-03
9.881019461328735196e-03
9.881019461328735196e-03
9.881019461328735196e-03
9.881019461328735196e-03
9.881019461328735196e-03
9.881019461328735196e-03
9.881019461328735196e-03
9.881019461328735196e-03
1.872340749867077228e-02
1.872340749867077228e-02
1.872340749867077228e-02
1.872340749867077228e-02
3.538602658084949448e-02
3.538602658084949448e-02
3.287929073020761511e-03
3.287929073020761511e-03
3.287929073020761511e-03
3.287929073020761511e-03
0.000000000000000000e+00
0.000000000000000000e+00
4.610087847308391544e-03
4.610087847308391544e-03
4.610087847308391544e-03
4.610087847308391544e-03
4.610087847308391544e-03
4.610087847308391544e-03
4.610087847308391544e-03
4.610087847308391544e-03
4.610087847308391544e-03
4.610087847308391544e-03
4.610087847308391544e-03
4.610087847308391544e-03
1.944588896397155681e-02
1.739927673893792645e-02
8.792271177144138708e-03
8.792271177144138708e-03
1.076076281507070895e-02
1.076076281507070895e-02
4.481093661460841190e-03
8.860364167940464400e-03
5.752895530560865264e-03
5.752895530560865264e-03
5.752895530560865264e-03
5.640991241695697024e-03
8.519841777963754401e-03
8.519841777963754401e-03
8.537762661873634848e-03
8.537762661873634848e-03
8.537762661873634848e-03
8.537762661873634848e-03
2.939227406845947542e-03
8.876860549284073393e-03
5.640991241695697024e-03
1.368516828527460531e-02
9.002357019502273822e-03
9.002357019502273822e-03
9.002357019502273822e-03
9.002357019502273822e-03
0.000000000000000000e+00
2.939227406845947542e-03
1.472460390485350957e-03
1.472460390485350957e-03
1.335068461060375661e-02
1.335068461060375661e-02
1.335068461060375661e-02
1.335068461060375661e-02
1.121809996530389111e-03
1.121809996530389111e-03
1.121809996530389111e-03
1.121809996530389111e-03
3.149015172162591275e-02
3.149015172162591275e-02
1.146180974292558205e-02
4.694338358438451819e-03
4.694338358438451819e-03
4.694338358438451819e-03
4.694338358438451819e-03
7.125202710046671384e-03
2.696821927116242398e-02
2.696821927116242398e-02
2.696821927116242398e-02
2.696821927116242398e-02
2.696821927116242398e-02
2.696821927116242398e-02
2.696821927116242398e-02
2.696821927116242398e-02
1.587729960817304553e-01
3.272395950358291533e-02
3.272395950358291533e-02
6.603909863066941520e-03
6.603909863066941520e-03
6.603909863066941520e-03
6.603909863066941520e-03
2.154166783671577004e-02
1.707841280209735149e-02
1.707841280209735149e-02
1.707841280209735149e-02
1.707841280209735149e-02
2.443553056694853023e-02
2.443553056694853023e-02
2.443553056694853023e-02
2.443553056694853023e-02
2.443553056694853023e-02
2.443553056694853023e-02
2.443553056694853023e-02
2.443553056694853023e-02
0.000000000000000000e+00
0.000000000000000000e+00
1.146180974292558205e-02
1.146180974292558205e-02
1.146180974292558205e-02
0.000000000000000000e+00
0.000000000000000000e+00
0.000000000000000000e+00
0.000000000000000000e+00
6.787126636884373461e-03
6.787126636884373461e-03
6.787126636884373461e-03
6.787126636884373461e-03
1.234040398946787374e-02
2.283733619721839414e-02
2.283733619721839414e-02
5.043637342865675208e-03
5.043637342865675208e-03
5.043637342865675208e-03
5.043637342865675208e-03
1.234040398946787374e-02
3.827660795780704443e-03
3.827660795780704443e-03
4.676875253412188238e-02
4.676875253412188238e-02
4.676875253412188238e-02
4.676875253412188238e-02
4.676875253412188238e-02
4.676875253412188238e-02
4.676875253412188238e-02
4.676875253412188238e-02
0.000000000000000000e+00
0.000000000000000000e+00
1.379118416355775562e-02
1.379118416355775562e-02
1.379118416355775562e-02
1.379118416355775562e-02
1.379118416355775562e-02
1.379118416355775562e-02
3.310785073357857405e-02
3.833962915768591995e-02
1.334276357206459589e-02
1.334276357206459589e-02
1.334276357206459589e-02
1.334276357206459589e-02
1.334276357206459589e-02
3.310785073357857405e-02
1.087300018340315623e-02
1.087300018340315623e-02
1.087300018340315623e-02
1.087300018340315623e-02
1.087300018340315623e-02
4.660847631519900169e-02
1.579180864375298587e-02
1.579180864375298587e-02
4.284449405435827342e-03
4.284449405435827342e-03
4.284449405435827342e-03
4.284449405435827342e-03
4.284449405435827342e-03
4.284449405435827342e-03
4.284449405435827342e-03
4.284449405435827342e-03
4.284449405435827342e-03
4.284449405435827342e-03
4.284449405435827342e-03
4.284449405435827342e-03
4.284449405435827342e-03
1.502746161943395962e-02
1.502746161943395962e-02
1.502746161943395962e-02
1.502746161943395962e-02
1.502746161943395962e-02
1.502746161943395962e-02
1.502746161943395962e-02
1.502746161943395962e-02
1.502746161943395962e-02
1.502746161943395962e-02
1.502746161943395962e-02
1.502746161943395962e-02
1.502746161943395962e-02
1.502746161943395962e-02
1.652841736645939419e-02
1.652841736645939419e-02
1.187157426254671806e-02
1.777043900614301087e-03
1.777043900614301087e-03
7.795711878068213065e-03
7.795711878068213065e-03
7.795711878068213065e-03
7.795711878068213065e-03
3.023920400055644594e-02
2.133381026517307960e-02
2.133381026517307960e-02
2.133381026517307960e-02
2.133381026517307960e-02
2.133381026517307960e-02
2.133381026517307960e-02
1.187157426254671806e-02
1.187157426254671806e-02
1.187157426254671806e-02
1.187157426254671806e-02
1.187157426254671806e-02
1.187157426254671806e-02
1.187157426254671806e-02
1.187157426254671806e-02
2.733639268193831240e-02
2.733639268193831240e-02
2.733639268193831240e-02
1.599363952597631505e-02
1.367951118474176712e-02
2.654295091930672368e-02
2.654295091930672368e-02
1.940160270574742968e-02
1.940160270574742968e-02
1.940160270574742968e-02
1.940160270574742968e-02
1.940160270574742968e-02
1.940160270574742968e-02
1.940160270574742968e-02
4.939474135455227018e-03
4.939474135455227018e-03
7.637646603715949299e-03
2.315430407383824510e-02
1.407392866540600924e-02
1.407392866540600924e-02
1.407392866540600924e-02
1.407392866540600924e-02
2.864902817458867858e-03
1.368516828527460531e-02
1.368516828527460531e-02
1.368516828527460531e-02
1.267366242508552107e-03
1.768141704031236288e-03
1.768141704031236288e-03
0.000000000000000000e+00
0.000000000000000000e+00
0.000000000000000000e+00
0.000000000000000000e+00
4.659732105008363746e-03
4.659732105008363746e-03
2.629462335456765956e-02
2.864902817458867858e-03
0.000000000000000000e+00
0.000000000000000000e+00
0.000000000000000000e+00
0.000000000000000000e+00
0.000000000000000000e+00
0.000000000000000000e+00
0.000000000000000000e+00
0.000000000000000000e+00
0.000000000000000000e+00
0.000000000000000000e+00
3.023920400055644594e-02
3.023920400055644594e-02
3.023920400055644594e-02
3.023920400055644594e-02
3.023920400055644594e-02
3.023920400055644594e-02
2.629462335456765956e-02
6.885295280927383396e-03
6.885295280927383396e-03
6.885295280927383396e-03
6.885295280927383396e-03
8.452948605863614545e-03
8.452948605863614545e-03
1.587729960817304553e-01
1.587729960817304553e-01
1.587729960817304553e-01
1.587729960817304553e-01
1.587729960817304553e-01
1.587729960817304553e-01
1.587729960817304553e-01
1.587729960817304553e-01
5.139960044482930202e-02
5.139960044482930202e-02
5.139960044482930202e-02
5.139960044482930202e-02
5.139960044482930202e-02
5.139960044482930202e-02
1.795721963734654009e-02
1.795721963734654009e-02
1.795721963734654009e-02
1.795721963734654009e-02
2.939227406845947542e-03
1.599363952597631505e-02
1.599363952597631505e-02
2.883358777641361823e-02
5.875862543653731333e-03
7.579611344420288284e-03
0.000000000000000000e+00
0.000000000000000000e+00
2.123314861478950433e-02
2.123314861478950433e-02
2.123314861478950433e-02
2.123314861478950433e-02
2.123314861478950433e-02
2.123314861478950433e-02
2.123314861478950433e-02
2.123314861478950433e-02
7.952986133645682798e-02
7.952986133645682798e-02
5.875862543653731333e-03
5.875862543653731333e-03
4.713339130998070231e-04
7.125202710046671384e-03
7.125202710046671384e-03
7.971882306938708404e-03
7.971882306938708404e-03
4.660847631519900169e-02
4.660847631519900169e-02
4.660847631519900169e-02
4.660847631519900169e-02
4.660847631519900169e-02
4.660847631519900169e-02
4.660847631519900169e-02
4.660847631519900169e-02
4.660847631519900169e-02
4.660847631519900169e-02
4.023907963939638011e-02
0.000000000000000000e+00
0.000000000000000000e+00
4.155890056498301455e-03
4.155890056498301455e-03
4.303627061473159002e-03
4.303627061473159002e-03
5.252619764267873852e-03
5.252619764267873852e-03
5.252619764267873852e-03
5.252619764267873852e-03
3.093053977051224337e-03
3.093053977051224337e-03
3.093053977051224337e-03
3.093053977051224337e-03
3.093053977051224337e-03
3.093053977051224337e-03
4.023907963939638011e-02
4.023907963939638011e-02
4.023907963939638011e-02
4.023907963939638011e-02
4.023907963939638011e-02
4.023907963939638011e-02
4.023907963939638011e-02
4.023907963939638011e-02
4.023907963939638011e-02
4.023907963939638011e-02
4.023907963939638011e-02
4.023907963939638011e-02
4.023907963939638011e-02
4.023907963939638011e-02
9.964467137052714085e-03
0.000000000000000000e+00
3.828167559904414180e-02
3.828167559904414180e-02
2.389125193488428334e-02
9.964467137052714085e-03
5.201369116018374553e-03
5.201369116018374553e-03
5.201369116018374553e-03
5.201369116018374553e-03
5.201369116018374553e-03
5.201369116018374553e-03
9.733004461072494382e-03
9.733004461072494382e-03
9.733004461072494382e-03
9.733004461072494382e-03
9.733004461072494382e-03
9.733004461072494382e-03
9.733004461072494382e-03
9.733004461072494382e-03
9.733004461072494382e-03
9.733004461072494382e-03
9.733004461072494382e-03
5.556650611681973519e-04
5.556650611681973519e-04
1.068289956453000004e-02
1.068289956453000004e-02
0.000000000000000000e+00
1.626813457540791236e-03
1.626813457540791236e-03
1.626813457540791236e-03
1.626813457540791236e-03
2.154166783671577004e-02
2.154166783671577004e-02
2.154166783671577004e-02
2.154166783671577004e-02
2.154166783671577004e-02
2.154166783671577004e-02
1.031312184174419493e-02
1.031312184174419493e-02
2.629462335456765956e-02
8.860364167940464400e-03
3.038956229576132359e-02
3.038956229576132359e-02
3.038956229576132359e-02
3.038956229576132359e-02
0.000000000000000000e+00
0.000000000000000000e+00
0.000000000000000000e+00
1.044542415256432231e-02
1.044542415256432231e-02
2.273546080363436986e-02
2.273546080363436986e-02
2.248204336844289095e-02
9.960984340950976637e-03
9.960984340950976637e-03
5.978583940144768794e-02
5.978583940144768794e-02
1.267366242508552107e-03
0.000000000000000000e+00
0.000000000000000000e+00
5.379013015112049829e-03
4.006748252497868180e-03
4.006748252497868180e-03
0.000000000000000000e+00
0.000000000000000000e+00
1.901855096523547223e-03
7.760100063574434590e-03
5.379013015112049829e-03
0.000000000000000000e+00
7.088554804090325089e-03
7.088554804090325089e-03
2.788529437939867364e-02
4.622953185586699265e-02
6.581294811575433279e-02
6.581294811575433279e-02
6.581294811575433279e-02
4.622953185586699265e-02
2.788529437939867364e-02
1.425478494448991287e-02
1.425478494448991287e-02
1.425478494448991287e-02
1.425478494448991287e-02
0.000000000000000000e+00
0.000000000000000000e+00
1.285719963428029813e-02
