1.346259305202111671e-02
4.970674686700986278e-02
4.970674686700986278e-02
5.250249874562851193e-02
2.792576079348091031e-02
2.792576079348091031e-02
2.515329770377046185e-03
1.567548202943417832e-02
1.567548202943417832e-02
1.346259305202111671e-02
1.346259305202111671e-02
1.346259305202111671e-02
1.346259305202111671e-02
1.346259305202111671e-02
1.346259305202111671e-02
1.346259305202111671e-02
1.346259305202111671e-02
2.427721126013803951e-02
5.250249874562851193e-02
5.250249874562851193e-02
5.250249874562851193e-02
1.524868362808647071e-02
1.524868362808647071e-02
1.524868362808647071e-02
1.524868362808647071e-02
1.524868362808647071e-02
1.524868362808647071e-02
1.524868362808647071e-02
1.524868362808647071e-02
1.524868362808647071e-02
1.524868362808647071e-02
1.524868362808647071e-02
8.595462507851828193e-03
4.082551993237816014e-03
4.082551993237816014e-03
4.082551993237816014e-03
4.082551993237816014e-03
4.082551993237816014e-03
4.082551993237816014e-03
4.082551993237816014e-03
4.082551993237816014e-03
4.082551993237816014e-03
4.082551993237816014e-03
0.000000000000000000e+00
0.000000000000000000e+00
0.000000000000000000e+00
0.000000000000000000e+00
0.000000000000000000e+00
0.000000000000000000e+00
0.000000000000000000e+00
0.000000000000000000e+00
0.000000000000000000e+00
0.000000000000000000e+00
0.000000000000000000e+00
1.493659494201709549e-02
0.000000000000000000e+00
0.000000000000000000e+00
0.000000000000000000e+00
0.000000000000000000e+00
0.000000000000000000e+00
0.000000000000000000e+00
1.232005898456560791e-02
1.232005898456560791e-02
1.232005898456560791e-02
1.232005898456560791e-02
1.232005898456560791e-02
1.232005898456560791e-02
1.232005898456560791e-02
1.232005898456560791e-02
1.232005898456560791e-02
1.232005898456560791e-02
1.232005898456560791e-02
1.232005898456560791e-02
1.232005898456560791e-02
1.232005898456560791e-02
1.232005898456560791e-02
1.232005898456560791e-02
1.232005898456560791e-02
1.232005898456560791e-02
1.232005898456560791e-02
1.232005898456560791e-02
1.232005898456560791e-02
1.232005898456560791e-02
1.232005898456560791e-02
1.232005898456560791e-02
1.232005898456560791e-02
2.427721126013803951e-02
2.427721126013803951e-02
2.427721126013803951e-02
2.427721126013803951e-02
2.427721126013803951e-02
2.427721126013803951e-02
2.427721126013803951e-02
2.427721126013803951e-02
2.427721126013803951e-02
2.427721126013803951e-02
2.427721126013803951e-02
2.427721126013803951e-02
2.427721126013803951e-02
2.427721126013803951e-02
2.427721126013803951e-02
2.427721126013803951e-02
4.036131591367259942e-03
3.297068005493452702e-04
3.297068005493452702e-04
3.297068005493452702e-04
3.297068005493452702e-04
3.297068005493452702e-04
3.297068005493452702e-04
3.297068005493452702e-04
3.297068005493452702e-04
3.297068005493452702e-04
3.297068005493452702e-04
4.352887167542494884e-02
5.129033860751913698e-02
5.129033860751913698e-02
5.129033860751913698e-02
5.129033860751913698e-02
2.515329770377046185e-03
2.239894077685484694e-02
2.239894077685484694e-02
2.239894077685484694e-02
2.239894077685484694e-02
2.239894077685484694e-02
2.239894077685484694e-02
1.493659494201709549e-02
1.493659494201709549e-02
1.493659494201709549e-02
1.493659494201709549e-02
1.493659494201709549e-02
1.493659494201709549e-02
1.493659494201709549e-02
1.493659494201709549e-02
1.493659494201709549e-02
1.493659494201709549e-02
1.493659494201709549e-02
1.493659494201709549e-02
1.493659494201709549e-02
1.493659494201709549e-02
1.493659494201709549e-02
1.493659494201709549e-02
2.692744235189634475e-02
2.485157555195682821e-02
2.692744235189634475e-02
2.692744235189634475e-02
2.692744235189634475e-02
2.485157555195682821e-02
2.485157555195682821e-02
2.485157555195682821e-02
2.485157555195682821e-02
2.485157555195682821e-02
2.485157555195682821e-02
2.485157555195682821e-02
2.485157555195682821e-02
2.485157555195682821e-02
2.485157555195682821e-02
2.485157555195682821e-02
2.485157555195682821e-02
2.485157555195682821e-02
2.485157555195682821e-02
2.485157555195682821e-02
2.485157555195682821e-02
2.485157555195682821e-02
4.036131591367259942e-03
4.036131591367259942e-03
1.537622434436625857e-02
1.537622434436625857e-02
1.537622434436625857e-02
1.537622434436625857e-02
1.537622434436625857e-02
1.537622434436625857e-02
1.537622434436625857e-02
1.537622434436625857e-02
1.537622434436625857e-02
1.537622434436625857e-02
1.537622434436625857e-02
1.537622434436625857e-02
1.537622434436625857e-02
1.537622434436625857e-02
1.537622434436625857e-02
1.537622434436625857e-02
1.537622434436625857e-02
1.537622434436625857e-02
1.537622434436625857e-02
1.537622434436625857e-02
1.537622434436625857e-02
1.537622434436625857e-02
1.537622434436625857e-02
1.018706248800640111e-02
1.018706248800640111e-02
1.018706248800640111e-02
1.018706248800640111e-02
1.018706248800640111e-02
1.018706248800640111e-02
1.018706248800640111e-02
1.018706248800640111e-02
1.018706248800640111e-02
1.018706248800640111e-02
1.018706248800640111e-02
1.018706248800640111e-02
1.018706248800640111e-02
1.018706248800640111e-02
1.018706248800640111e-02
1.018706248800640111e-02
1.018706248800640111e-02
1.018706248800640111e-02
1.018706248800640111e-02
7.014570421371121509e-03
0.000000000000000000e+00
0.000000000000000000e+00
0.000000000000000000e+00
0.000000000000000000e+00
0.000000000000000000e+00
0.000000000000000000e+00
0.000000000000000000e+00
0.000000000000000000e+00
0.000000000000000000e+00
0.000000000000000000e+00
1.929438571470308214e-02
1.525445692048957476e-02
1.525445692048957476e-02
8.330600914531438930e-03
2.150085875025434939e-02
2.150085875025434939e-02
2.929323657586068233e-02
1.222598665844801605e-02
1.222598665844801605e-02
1.222598665844801605e-02
1.222598665844801605e-02
1.222598665844801605e-02
1.222598665844801605e-02
1.222598665844801605e-02
1.222598665844801605e-02
1.222598665844801605e-02
1.222598665844801605e-02
1.222598665844801605e-02
1.222598665844801605e-02
1.222598665844801605e-02
1.222598665844801605e-02
1.222598665844801605e-02
1.222598665844801605e-02
1.901662388264079712e-02
3.632185321859499744e-02
3.632185321859499744e-02
2.677373667019201930e-02
2.677373667019201930e-02
2.677373667019201930e-02
2.677373667019201930e-02
2.677373667019201930e-02
2.677373667019201930e-02
2.677373667019201930e-02
2.677373667019201930e-02
2.677373667019201930e-02
2.677373667019201930e-02
2.677373667019201930e-02
2.677373667019201930e-02
2.677373667019201930e-02
2.677373667019201930e-02
2.677373667019201930e-02
2.677373667019201930e-02
2.677373667019201930e-02
2.677373667019201930e-02
2.677373667019201930e-02
2.677373667019201930e-02
2.677373667019201930e-02
1.929438571470308214e-02
1.929438571470308214e-02
1.929438571470308214e-02
1.929438571470308214e-02
1.929438571470308214e-02
1.929438571470308214e-02
1.929438571470308214e-02
1.929438571470308214e-02
2.964917704596588613e-03
1.704965819385620516e-04
1.704965819385620516e-04
1.704965819385620516e-04
1.704965819385620516e-04
1.704965819385620516e-04
1.704965819385620516e-04
1.730669937742686931e-02
1.767113078284805391e-02
1.767113078284805391e-02
1.767113078284805391e-02
1.767113078284805391e-02
1.767113078284805391e-02
1.767113078284805391e-02
1.767113078284805391e-02
1.767113078284805391e-02
1.767113078284805391e-02
1.767113078284805391e-02
2.295879529083027018e-02
0.000000000000000000e+00
0.000000000000000000e+00
0.000000000000000000e+00
0.000000000000000000e+00
0.000000000000000000e+00
0.000000000000000000e+00
0.000000000000000000e+00
0.000000000000000000e+00
0.000000000000000000e+00
0.000000000000000000e+00
0.000000000000000000e+00
0.000000000000000000e+00
0.000000000000000000e+00
0.000000000000000000e+00
0.000000000000000000e+00
0.000000000000000000e+00
0.000000000000000000e+00
0.000000000000000000e+00
0.000000000000000000e+00
0.000000000000000000e+00
0.000000000000000000e+00
0.000000000000000000e+00
0.000000000000000000e+00
8.330600914531438930e-03
8.330600914531438930e-03
8.330600914531438930e-03
8.330600914531438930e-03
8.330600914531438930e-03
8.330600914531438930e-03
8.330600914531438930e-03
8.330600914531438930e-03
1.356958413793192325e-03
2.022205699506796246e-03
2.022205699506796246e-03
2.022205699506796246e-03
2.022205699506796246e-03
2.022205699506796246e-03
2.022205699506796246e-03
3.928663876888839959e-04
1.901662388264079712e-02
1.901662388264079712e-02
1.901662388264079712e-02
3.928663876888839959e-04
3.928663876888839959e-04
3.928663876888839959e-04
3.928663876888839959e-04
3.928663876888839959e-04
3.928663876888839959e-04
3.928663876888839959e-04
3.928663876888839959e-04
3.928663876888839959e-04
0.000000000000000000e+00
0.000000000000000000e+00
0.000000000000000000e+00
0.000000000000000000e+00
0.000000000000000000e+00
0.000000000000000000e+00
0.000000000000000000e+00
0.000000000000000000e+00
0.000000000000000000e+00
0.000000000000000000e+00
0.000000000000000000e+00
7.213803803412647576e-03
2.936641285704867654e-02
2.936641285704867654e-02
2.936641285704867654e-02
2.936641285704867654e-02
7.235405600300220952e-02
7.235405600300220952e-02
7.235405600300220952e-02
7.235405600300220952e-02
7.235405600300220952e-02
7.235405600300220952e-02
7.235405600300220952e-02
7.235405600300220952e-02
7.235405600300220952e-02
7.235405600300220952e-02
7.235405600300220952e-02
7.235405600300220952e-02
7.235405600300220952e-02
9.972716647754455068e-04
1.105703595512379060e-02
1.105703595512379060e-02
1.105703595512379060e-02
1.105703595512379060e-02
0.000000000000000000e+00
0.000000000000000000e+00
0.000000000000000000e+00
0.000000000000000000e+00
0.000000000000000000e+00
0.000000000000000000e+00
0.000000000000000000e+00
0.000000000000000000e+00
0.000000000000000000e+00
0.000000000000000000e+00
0.000000000000000000e+00
0.000000000000000000e+00
0.000000000000000000e+00
0.000000000000000000e+00
0.000000000000000000e+00
0.000000000000000000e+00
0.000000000000000000e+00
0.000000000000000000e+00
0.000000000000000000e+00
0.000000000000000000e+00
0.000000000000000000e+00
8.741319198410084368e-03
8.741319198410084368e-03
8.741319198410084368e-03
8.741319198410084368e-03
8.741319198410084368e-03
8.741319198410084368e-03
8.741319198410084368e-03
8.741319198410084368e-03
8.741319198410084368e-03
8.741319198410084368e-03
8.741319198410084368e-03
8.741319198410084368e-03
8.741319198410084368e-03
8.741319198410084368e-03
8.741319198410084368e-03
1.330824479469375557e-02
0.000000000000000000e+00
0.000000000000000000e+00
0.000000000000000000e+00
1.356958413793192325e-03
1.356958413793192325e-03
1.356958413793192325e-03
1.356958413793192325e-03
9.790595234481789047e-03
1.583452657928858393e-02
1.583452657928858393e-02
1.583452657928858393e-02
1.583452657928858393e-02
1.583452657928858393e-02
1.583452657928858393e-02
1.583452657928858393e-02
1.583452657928858393e-02
1.583452657928858393e-02
1.583452657928858393e-02
0.000000000000000000e+00
0.000000000000000000e+00
0.000000000000000000e+00
0.000000000000000000e+00
0.000000000000000000e+00
0.000000000000000000e+00
0.000000000000000000e+00
2.453125951259962738e-03
0.000000000000000000e+00
0.000000000000000000e+00
0.000000000000000000e+00
1.970570672163413084e-02
1.970570672163413084e-02
1.970570672163413084e-02
1.970570672163413084e-02
1.970570672163413084e-02
1.970570672163413084e-02
1.970570672163413084e-02
1.970570672163413084e-02
1.970570672163413084e-02
1.970570672163413084e-02
1.426717538336963638e-02
7.213803803412647576e-03
7.213803803412647576e-03
7.213803803412647576e-03
7.213803803412647576e-03
7.213803803412647576e-03
7.213803803412647576e-03
7.213803803412647576e-03
1.426717538336963638e-02
9.972716647754455068e-04
9.972716647754455068e-04
9.972716647754455068e-04
9.972716647754455068e-04
9.972716647754455068e-04
9.972716647754455068e-04
1.330824479469375557e-02
1.330824479469375557e-02
1.330824479469375557e-02
1.330824479469375557e-02
1.330824479469375557e-02
1.330824479469375557e-02
1.330824479469375557e-02
1.330824479469375557e-02
1.330824479469375557e-02
1.330824479469375557e-02
1.330824479469375557e-02
1.330824479469375557e-02
1.330824479469375557e-02
1.330824479469375557e-02
1.330824479469375557e-02
1.330824479469375557e-02
1.330824479469375557e-02
1.330824479469375557e-02
1.330824479469375557e-02
1.330824479469375557e-02
1.330824479469375557e-02
1.330824479469375557e-02
1.190860790321974193e-02
1.190860790321974193e-02
1.190860790321974193e-02
1.190860790321974193e-02
1.190860790321974193e-02
1.190860790321974193e-02
1.190860790321974193e-02
1.190860790321974193e-02
1.190860790321974193e-02
1.190860790321974193e-02
1.190860790321974193e-02
5.075434574558822590e-04
5.075434574558822590e-04
5.075434574558822590e-04
5.075434574558822590e-04
5.075434574558822590e-04
5.075434574558822590e-04
5.075434574558822590e-04
5.075434574558822590e-04
5.075434574558822590e-04
5.075434574558822590e-04
5.075434574558822590e-04
8.970852429636662698e-03
8.970852429636662698e-03
8.970852429636662698e-03
8.970852429636662698e-03
8.970852429636662698e-03
8.970852429636662698e-03
8.970852429636662698e-03
8.970852429636662698e-03
8.970852429636662698e-03
8.970852429636662698e-03
8.970852429636662698e-03
0.000000000000000000e+00
0.000000000000000000e+00
0.000000000000000000e+00
0.000000000000000000e+00
0.000000000000000000e+00
0.000000000000000000e+00
0.000000000000000000e+00
0.000000000000000000e+00
0.000000000000000000e+00
0.000000000000000000e+00
0.000000000000000000e+00
0.000000000000000000e+00
0.000000000000000000e+00
0.000000000000000000e+00
0.000000000000000000e+00
0.000000000000000000e+00
0.000000000000000000e+00
2.363904573752792157e-02
1.419686695665618031e-02
1.419686695665618031e-02
1.419686695665618031e-02
1.419686695665618031e-02
1.419686695665618031e-02
1.419686695665618031e-02
1.419686695665618031e-02
1.419686695665618031e-02
1.419686695665618031e-02
1.419686695665618031e-02
1.419686695665618031e-02
1.419686695665618031e-02
1.585230267106552474e-02
1.585230267106552474e-02
1.585230267106552474e-02
1.585230267106552474e-02
1.585230267106552474e-02
1.585230267106552474e-02
1.585230267106552474e-02
1.585230267106552474e-02
1.585230267106552474e-02
1.585230267106552474e-02
1.585230267106552474e-02
7.489120108327936617e-04
7.489120108327936617e-04
7.489120108327936617e-04
7.489120108327936617e-04
7.489120108327936617e-04
7.489120108327936617e-04
7.489120108327936617e-04
7.489120108327936617e-04
7.489120108327936617e-04
7.489120108327936617e-04
7.489120108327936617e-04
7.489120108327936617e-04
7.489120108327936617e-04
7.489120108327936617e-04
7.489120108327936617e-04
1.886336199998804933e-02
1.886336199998804933e-02
1.886336199998804933e-02
1.886336199998804933e-02
1.886336199998804933e-02
1.886336199998804933e-02
1.886336199998804933e-02
1.886336199998804933e-02
1.886336199998804933e-02
1.886336199998804933e-02
1.886336199998804933e-02
1.886336199998804933e-02
1.886336199998804933e-02
1.886336199998804933e-02
1.886336199998804933e-02
1.886336199998804933e-02
1.886336199998804933e-02
1.886336199998804933e-02
1.886336199998804933e-02
1.886336199998804933e-02
1.886336199998804933e-02
1.886336199998804933e-02
1.886336199998804933e-02
1.886336199998804933e-02
1.886336199998804933e-02
2.363904573752792157e-02
3.370058217849282445e-02
3.370058217849282445e-02
1.855366858628287505e-04
7.013617952122106619e-03
7.013617952122106619e-03
7.013617952122106619e-03
7.013617952122106619e-03
7.013617952122106619e-03
7.013617952122106619e-03
7.013617952122106619e-03
7.013617952122106619e-03
7.013617952122106619e-03
7.013617952122106619e-03
7.013617952122106619e-03
7.013617952122106619e-03
7.013617952122106619e-03
7.013617952122106619e-03
2.032834903021950908e-03
7.242068904414566619e-03
7.242068904414566619e-03
7.242068904414566619e-03
7.242068904414566619e-03
7.242068904414566619e-03
7.242068904414566619e-03
7.242068904414566619e-03
7.242068904414566619e-03
7.242068904414566619e-03
7.242068904414566619e-03
7.242068904414566619e-03
7.242068904414566619e-03
7.242068904414566619e-03
7.242068904414566619e-03
7.242068904414566619e-03
7.242068904414566619e-03
1.995897562550611598e-02
1.995897562550611598e-02
1.995897562550611598e-02
1.995897562550611598e-02
1.995897562550611598e-02
1.995897562550611598e-02
1.995897562550611598e-02
0.000000000000000000e+00
1.995897562550611598e-02
1.995897562550611598e-02
1.995897562550611598e-02
1.995897562550611598e-02
1.995897562550611598e-02
9.806745718336715156e-03
9.806745718336715156e-03
9.806745718336715156e-03
9.806745718336715156e-03
9.806745718336715156e-03
9.806745718336715156e-03
9.806745718336715156e-03
9.806745718336715156e-03
9.806745718336715156e-03
9.806745718336715156e-03
9.806745718336715156e-03
4.864404024698168981e-03
4.864404024698168981e-03
4.864404024698168981e-03
4.864404024698168981e-03
4.864404024698168981e-03
4.864404024698168981e-03
4.864404024698168981e-03
4.864404024698168981e-03
4.864404024698168981e-03
4.864404024698168981e-03
4.864404024698168981e-03
4.864404024698168981e-03
4.864404024698168981e-03
4.864404024698168981e-03
4.864404024698168981e-03
1.622187567874818978e-02
5.725954164765748033e-03
5.725954164765748033e-03
5.725954164765748033e-03
5.725954164765748033e-03
0.000000000000000000e+00
0.000000000000000000e+00
0.000000000000000000e+00
0.000000000000000000e+00
0.000000000000000000e+00
1.259539996697190030e-02
1.259539996697190030e-02
1.259539996697190030e-02
1.259539996697190030e-02
1.259539996697190030e-02
1.259539996697190030e-02
1.259539996697190030e-02
1.259539996697190030e-02
1.259539996697190030e-02
1.259539996697190030e-02
1.259539996697190030e-02
1.377131948331809319e-03
6.068405533506497467e-03
6.068405533506497467e-03
6.068405533506497467e-03
6.068405533506497467e-03
6.068405533506497467e-03
6.068405533506497467e-03
6.068405533506497467e-03
6.068405533506497467e-03
3.256786894863586673e-03
3.256786894863586673e-03
3.256786894863586673e-03
3.256786894863586673e-03
3.256786894863586673e-03
3.256786894863586673e-03
3.256786894863586673e-03
3.256786894863586673e-03
3.256786894863586673e-03
3.256786894863586673e-03
3.256786894863586673e-03
1.546208546306703305e-02
1.546208546306703305e-02
1.546208546306703305e-02
1.546208546306703305e-02
1.546208546306703305e-02
1.546208546306703305e-02
1.546208546306703305e-02
1.546208546306703305e-02
1.546208546306703305e-02
1.546208546306703305e-02
1.546208546306703305e-02
1.546208546306703305e-02
1.546208546306703305e-02
1.622187567874818978e-02
1.622187567874818978e-02
1.622187567874818978e-02
1.622187567874818978e-02
2.765158064806210250e-02
1.622187567874818978e-02
1.622187567874818978e-02
1.622187567874818978e-02
1.622187567874818978e-02
1.622187567874818978e-02
1.622187567874818978e-02
1.622187567874818978e-02
1.622187567874818978e-02
1.622187567874818978e-02
1.622187567874818978e-02
1.622187567874818978e-02
0.000000000000000000e+00
8.318723554859462285e-03
8.318723554859462285e-03
8.318723554859462285e-03
8.318723554859462285e-03
8.318723554859462285e-03
8.318723554859462285e-03
8.318723554859462285e-03
8.318723554859462285e-03
8.318723554859462285e-03
8.318723554859462285e-03
1.584788099615011200e-02
1.584788099615011200e-02
1.584788099615011200e-02
6.280181797777595852e-03
1.584788099615011200e-02
1.768503612764244295e-02
2.213333013937835922e-02
2.213333013937835922e-02
2.213333013937835922e-02
2.213333013937835922e-02
2.213333013937835922e-02
2.213333013937835922e-02
1.045254945964991904e-03
1.045254945964991904e-03
1.045254945964991904e-03
1.045254945964991904e-03
1.045254945964991904e-03
1.045254945964991904e-03
1.045254945964991904e-03
1.045254945964991904e-03
1.045254945964991904e-03
1.045254945964991904e-03
1.045254945964991904e-03
1.045254945964991904e-03
1.045254945964991904e-03
1.045254945964991904e-03
1.045254945964991904e-03
1.045254945964991904e-03
1.045254945964991904e-03
1.045254945964991904e-03
1.045254945964991904e-03
1.045254945964991904e-03
1.045254945964991904e-03
4.538548733702556064e-03
4.538548733702556064e-03
4.538548733702556064e-03
4.538548733702556064e-03
4.538548733702556064e-03
4.538548733702556064e-03
4.538548733702556064e-03
4.538548733702556064e-03
4.538548733702556064e-03
4.538548733702556064e-03
4.538548733702556064e-03
4.538548733702556064e-03
4.538548733702556064e-03
4.538548733702556064e-03
4.538548733702556064e-03
4.538548733702556064e-03
4.538548733702556064e-03
4.538548733702556064e-03
4.538548733702556064e-03
1.023336717728244930e-02
1.023336717728244930e-02
1.023336717728244930e-02
1.023336717728244930e-02
1.023336717728244930e-02
1.023336717728244930e-02
1.023336717728244930e-02
1.023336717728244930e-02
1.023336717728244930e-02
1.023336717728244930e-02
1.023336717728244930e-02
1.023336717728244930e-02
1.023336717728244930e-02
1.023336717728244930e-02
1.023336717728244930e-02
1.023336717728244930e-02
1.023336717728244930e-02
2.492819285161012449e-02
2.492819285161012449e-02
2.492819285161012449e-02
2.492819285161012449e-02
2.492819285161012449e-02
2.492819285161012449e-02
2.492819285161012449e-02
2.492819285161012449e-02
2.492819285161012449e-02
2.492819285161012449e-02
2.492819285161012449e-02
1.672598888886575944e-02
1.672598888886575944e-02
1.672598888886575944e-02
1.672598888886575944e-02
1.672598888886575944e-02
1.672598888886575944e-02
1.672598888886575944e-02
1.672598888886575944e-02
1.672598888886575944e-02
1.672598888886575944e-02
1.672598888886575944e-02
1.672598888886575944e-02
1.672598888886575944e-02
2.526881862274282797e-02
4.251504625628246825e-02
4.251504625628246825e-02
4.251504625628246825e-02
4.251504625628246825e-02
4.251504625628246825e-02
4.251504625628246825e-02
4.251504625628246825e-02
4.251504625628246825e-02
1.963955209178276651e-02
6.280181797777595852e-03
6.280181797777595852e-03
6.280181797777595852e-03
1.963955209178276651e-02
2.225108282843036092e-02
2.225108282843036092e-02
7.305967067267923887e-03
7.305967067267923887e-03
7.305967067267923887e-03
7.305967067267923887e-03
7.305967067267923887e-03
7.305967067267923887e-03
7.305967067267923887e-03
7.305967067267923887e-03
7.305967067267923887e-03
7.305967067267923887e-03
7.305967067267923887e-03
7.305967067267923887e-03
7.305967067267923887e-03
1.373656167170010482e-03
1.373656167170010482e-03
1.373656167170010482e-03
1.373656167170010482e-03
1.373656167170010482e-03
1.373656167170010482e-03
1.373656167170010482e-03
1.373656167170010482e-03
1.373656167170010482e-03
1.373656167170010482e-03
1.373656167170010482e-03
1.373656167170010482e-03
1.373656167170010482e-03
1.373656167170010482e-03
1.373656167170010482e-03
1.463659059079269222e-02
1.955937087403298788e-02
1.955937087403298788e-02
1.955937087403298788e-02
1.955937087403298788e-02
1.955937087403298788e-02
1.955937087403298788e-02
1.955937087403298788e-02
1.955937087403298788e-02
1.955937087403298788e-02
1.955937087403298788e-02
2.765158064806210250e-02
1.678008990786871530e-03
1.678008990786871530e-03
1.678008990786871530e-03
1.678008990786871530e-03
1.678008990786871530e-03
1.678008990786871530e-03
1.678008990786871530e-03
1.678008990786871530e-03
1.678008990786871530e-03
1.678008990786871530e-03
1.678008990786871530e-03
2.624502937149075094e-02
7.453555538395247385e-03
7.453555538395247385e-03
8.210023849767694032e-03
8.210023849767694032e-03
8.210023849767694032e-03
8.210023849767694032e-03
8.210023849767694032e-03
8.210023849767694032e-03
8.210023849767694032e-03
8.210023849767694032e-03
8.210023849767694032e-03
8.210023849767694032e-03
8.210023849767694032e-03
1.768503612764244295e-02
1.628915375611313457e-02
1.628915375611313457e-02
1.999371693626953925e-02
1.983463450399312877e-02
1.983463450399312877e-02
1.983463450399312877e-02
1.983463450399312877e-02
1.983463450399312877e-02
1.983463450399312877e-02
6.575631435263837310e-03
1.415397818595922307e-02
1.415397818595922307e-02
2.743283199523952401e-02
1.415397818595922307e-02
3.492240218878921859e-02
1.763154728565901122e-02
1.763154728565901122e-02
1.763154728565901122e-02
1.763154728565901122e-02
1.763154728565901122e-02
1.763154728565901122e-02
1.763154728565901122e-02
1.763154728565901122e-02
1.763154728565901122e-02
1.763154728565901122e-02
2.032834903021950908e-03
2.032834903021950908e-03
2.032834903021950908e-03
2.032834903021950908e-03
2.855709423439061596e-04
8.613293203135788736e-03
8.613293203135788736e-03
8.613293203135788736e-03
8.613293203135788736e-03
1.829333242090276992e-02
2.624502937149075094e-02
2.624502937149075094e-02
2.624502937149075094e-02
2.624502937149075094e-02
2.624502937149075094e-02
4.171958077160834583e-02
2.052165581888888007e-02
2.052165581888888007e-02
2.052165581888888007e-02
2.052165581888888007e-02
2.052165581888888007e-02
2.052165581888888007e-02
5.175581872124641880e-03
1.097338784704306311e-03
1.097338784704306311e-03
1.097338784704306311e-03
1.097338784704306311e-03
0.000000000000000000e+00
6.323636475707276189e-03
6.323636475707276189e-03
6.323636475707276189e-03
6.323636475707276189e-03
6.323636475707276189e-03
6.323636475707276189e-03
6.323636475707276189e-03
6.323636475707276189e-03
6.323636475707276189e-03
6.323636475707276189e-03
9.355893241337785368e-03
9.112262211199853926e-03
9.112262211199853926e-03
4.430930127801712380e-03
0.000000000000000000e+00
0.000000000000000000e+00
0.000000000000000000e+00
0.000000000000000000e+00
0.000000000000000000e+00
0.000000000000000000e+00
0.000000000000000000e+00
0.000000000000000000e+00
0.000000000000000000e+00
0.000000000000000000e+00
0.000000000000000000e+00
0.000000000000000000e+00
0.000000000000000000e+00
1.177742464357109560e-02
1.177742464357109560e-02
1.177742464357109560e-02
1.177742464357109560e-02
1.177742464357109560e-02
1.177742464357109560e-02
1.177742464357109560e-02
1.177742464357109560e-02
1.177742464357109560e-02
1.177742464357109560e-02
1.177742464357109560e-02
9.280249603965720281e-03
9.280249603965720281e-03
9.280249603965720281e-03
9.280249603965720281e-03
9.280249603965720281e-03
9.280249603965720281e-03
9.280249603965720281e-03
9.280249603965720281e-03
9.280249603965720281e-03
9.280249603965720281e-03
9.280249603965720281e-03
1.424105766121177598e-02
9.067342148967290696e-03
9.067342148967290696e-03
9.067342148967290696e-03
9.067342148967290696e-03
9.067342148967290696e-03
9.067342148967290696e-03
9.067342148967290696e-03
9.067342148967290696e-03
9.067342148967290696e-03
9.067342148967290696e-03
9.067342148967290696e-03
9.067342148967290696e-03
9.067342148967290696e-03
9.067342148967290696e-03
2.144024098011632073e-02
2.144024098011632073e-02
2.144024098011632073e-02
2.144024098011632073e-02
2.144024098011632073e-02
2.144024098011632073e-02
2.144024098011632073e-02
2.144024098011632073e-02
2.144024098011632073e-02
2.144024098011632073e-02
2.144024098011632073e-02
2.144024098011632073e-02
2.144024098011632073e-02
1.365968045121300212e-01
8.368183638781563627e-04
8.368183638781563627e-04
8.368183638781563627e-04
8.368183638781563627e-04
8.368183638781563627e-04
8.368183638781563627e-04
2.142320032288729664e-02
2.142320032288729664e-02
2.142320032288729664e-02
2.142320032288729664e-02
2.142320032288729664e-02
2.142320032288729664e-02
2.142320032288729664e-02
2.142320032288729664e-02
2.142320032288729664e-02
2.142320032288729664e-02
2.142320032288729664e-02
2.142320032288729664e-02
2.142320032288729664e-02
2.142320032288729664e-02
2.142320032288729664e-02
2.142320032288729664e-02
2.142320032288729664e-02
2.142320032288729664e-02
2.142320032288729664e-02
2.142320032288729664e-02
2.142320032288729664e-02
2.966436623828749841e-02
6.696671070508757213e-03
6.696671070508757213e-03
6.696671070508757213e-03
6.696671070508757213e-03
6.696671070508757213e-03
6.696671070508757213e-03
6.696671070508757213e-03
6.696671070508757213e-03
6.696671070508757213e-03
6.696671070508757213e-03
2.377751311837195125e-02
2.091104757911167386e-02
2.091104757911167386e-02
2.091104757911167386e-02
2.091104757911167386e-02
2.091104757911167386e-02
2.091104757911167386e-02
4.615078097416972815e-03
4.615078097416972815e-03
4.615078097416972815e-03
4.615078097416972815e-03
4.615078097416972815e-03
4.615078097416972815e-03
4.615078097416972815e-03
4.615078097416972815e-03
4.615078097416972815e-03
4.615078097416972815e-03
4.615078097416972815e-03
4.615078097416972815e-03
4.615078097416972815e-03
4.615078097416972815e-03
4.615078097416972815e-03
4.615078097416972815e-03
4.615078097416972815e-03
4.615078097416972815e-03
4.615078097416972815e-03
4.615078097416972815e-03
4.615078097416972815e-03
4.615078097416972815e-03
4.615078097416972815e-03
4.615078097416972815e-03
4.615078097416972815e-03
4.738982231832212372e-03
2.825889025282478026e-02
2.825889025282478026e-02
2.825889025282478026e-02
2.825889025282478026e-02
2.825889025282478026e-02
2.825889025282478026e-02
2.825889025282478026e-02
2.825889025282478026e-02
2.825889025282478026e-02
2.825889025282478026e-02
2.825889025282478026e-02
2.825889025282478026e-02
2.825889025282478026e-02
2.825889025282478026e-02
1.490376159089070070e-02
1.490376159089070070e-02
1.490376159089070070e-02
1.490376159089070070e-02
1.490376159089070070e-02
1.490376159089070070e-02
1.490376159089070070e-02
1.490376159089070070e-02
1.490376159089070070e-02
1.490376159089070070e-02
1.490376159089070070e-02
1.490376159089070070e-02
1.490376159089070070e-02
1.460395234176223821e-02
7.740203241531453011e-03
7.740203241531453011e-03
0.000000000000000000e+00
0.000000000000000000e+00
0.000000000000000000e+00
0.000000000000000000e+00
0.000000000000000000e+00
0.000000000000000000e+00
0.000000000000000000e+00
1.136261425207649514e-02
7.503539722371794802e-04
7.503539722371794802e-04
7.503539722371794802e-04
7.503539722371794802e-04
7.503539722371794802e-04
7.503539722371794802e-04
7.503539722371794802e-04
7.503539722371794802e-04
7.503539722371794802e-04
7.503539722371794802e-04
7.503539722371794802e-04
7.503539722371794802e-04
7.503539722371794802e-04
7.503539722371794802e-04
7.503539722371794802e-04
7.503539722371794802e-04
7.503539722371794802e-04
7.503539722371794802e-04
7.503539722371794802e-04
7.503539722371794802e-04
7.503539722371794802e-04
7.503539722371794802e-04
7.503539722371794802e-04
7.503539722371794802e-04
7.503539722371794802e-04
7.503539722371794802e-04
7.503539722371794802e-04
7.503539722371794802e-04
2.455642857682314127e-03
2.455642857682314127e-03
2.455642857682314127e-03
2.455642857682314127e-03
2.455642857682314127e-03
2.455642857682314127e-03
2.455642857682314127e-03
2.455642857682314127e-03
2.455642857682314127e-03
2.455642857682314127e-03
2.455642857682314127e-03
2.455642857682314127e-03
2.455642857682314127e-03
2.455642857682314127e-03
2.455642857682314127e-03
2.455642857682314127e-03
2.455642857682314127e-03
2.455642857682314127e-03
2.455642857682314127e-03
4.628978703948585468e-04
1.593253432453287100e-02
1.593253432453287100e-02
1.593253432453287100e-02
1.593253432453287100e-02
1.593253432453287100e-02
1.593253432453287100e-02
1.593253432453287100e-02
1.593253432453287100e-02
1.593253432453287100e-02
1.593253432453287100e-02
7.962249269895388393e-03
4.644688828046103155e-03
4.644688828046103155e-03
4.644688828046103155e-03
4.644688828046103155e-03
4.644688828046103155e-03
4.644688828046103155e-03
4.644688828046103155e-03
4.644688828046103155e-03
4.644688828046103155e-03
4.644688828046103155e-03
4.644688828046103155e-03
4.644688828046103155e-03
4.644688828046103155e-03
4.644688828046103155e-03
2.590875168113681085e-02
2.914013719261242252e-02
2.914013719261242252e-02
2.914013719261242252e-02
2.914013719261242252e-02
2.914013719261242252e-02
2.914013719261242252e-02
1.123683841496748992e-02
1.123683841496748992e-02
1.123683841496748992e-02
1.123683841496748992e-02
1.123683841496748992e-02
1.123683841496748992e-02
1.123683841496748992e-02
1.123683841496748992e-02
1.123683841496748992e-02
1.123683841496748992e-02
1.123683841496748992e-02
1.123683841496748992e-02
1.123683841496748992e-02
1.123683841496748992e-02
1.123683841496748992e-02
1.943874311214880898e-02
2.966436623828749841e-02
2.966436623828749841e-02
2.966436623828749841e-02
0.000000000000000000e+00
1.618678094697429889e-02
1.618678094697429889e-02
1.618678094697429889e-02
1.618678094697429889e-02
1.618678094697429889e-02
1.618678094697429889e-02
1.618678094697429889e-02
1.618678094697429889e-02
1.618678094697429889e-02
1.618678094697429889e-02
1.618678094697429889e-02
1.618678094697429889e-02
1.618678094697429889e-02
1.618678094697429889e-02
1.618678094697429889e-02
1.618678094697429889e-02
1.618678094697429889e-02
1.618678094697429889e-02
1.618678094697429889e-02
1.618678094697429889e-02
1.618678094697429889e-02
1.618678094697429889e-02
1.618678094697429889e-02
1.618678094697429889e-02
1.618678094697429889e-02
1.618678094697429889e-02
2.533965873861923276e-02
1.118852967443485606e-02
1.118852967443485606e-02
3.924421247702233190e-02
2.171471763959528095e-02
2.171471763959528095e-02
2.171471763959528095e-02
2.171471763959528095e-02
2.171471763959528095e-02
2.171471763959528095e-02
2.171471763959528095e-02
2.171471763959528095e-02
2.171471763959528095e-02
2.171471763959528095e-02
2.171471763959528095e-02
2.171471763959528095e-02
2.171471763959528095e-02
2.171471763959528095e-02
2.171471763959528095e-02
2.171471763959528095e-02
6.483419619226594988e-02
6.483419619226594988e-02
6.483419619226594988e-02
6.483419619226594988e-02
6.483419619226594988e-02
6.483419619226594988e-02
6.483419619226594988e-02
6.483419619226594988e-02
6.483419619226594988e-02
6.483419619226594988e-02
6.483419619226594988e-02
2.759956459602681822e-02
3.481939891127636133e-02
3.481939891127636133e-02
0.000000000000000000e+00
0.000000000000000000e+00
0.000000000000000000e+00
1.724418658409707095e-02
8.493171889954466772e-03
8.493171889954466772e-03
0.000000000000000000e+00
4.542779176949866132e-02
4.542779176949866132e-02
4.542779176949866132e-02
4.542779176949866132e-02
4.542779176949866132e-02
4.542779176949866132e-02
4.542779176949866132e-02
4.542779176949866132e-02
4.542779176949866132e-02
4.542779176949866132e-02
4.337816157406194223e-02
3.871061173605484101e-02
3.871061173605484101e-02
3.871061173605484101e-02
3.871061173605484101e-02
3.871061173605484101e-02
3.871061173605484101e-02
3.871061173605484101e-02
3.871061173605484101e-02
3.573814023988065858e-02
1.386951066085456317e-03
1.386951066085456317e-03
1.386951066085456317e-03
1.386951066085456317e-03
1.386951066085456317e-03
1.386951066085456317e-03
1.386951066085456317e-03
1.386951066085456317e-03
1.386951066085456317e-03
1.386951066085456317e-03
1.386951066085456317e-03
1.386951066085456317e-03
1.386951066085456317e-03
1.386951066085456317e-03
3.197844767250353215e-02
3.201649168964697950e-02
3.201649168964697950e-02
1.017427509223432520e-03
0.000000000000000000e+00
0.000000000000000000e+00
0.000000000000000000e+00
0.000000000000000000e+00
0.000000000000000000e+00
0.000000000000000000e+00
0.000000000000000000e+00
0.000000000000000000e+00
1.943874311214880898e-02
1.943874311214880898e-02
1.943874311214880898e-02
1.943874311214880898e-02
0.000000000000000000e+00
0.000000000000000000e+00
3.687527036018632687e-02
0.000000000000000000e+00
0.000000000000000000e+00
9.326038161000467551e-04
1.526122680892465742e-02
1.526122680892465742e-02
1.526122680892465742e-02
1.526122680892465742e-02
6.275017601967425480e-03
6.275017601967425480e-03
6.275017601967425480e-03
6.275017601967425480e-03
6.275017601967425480e-03
6.275017601967425480e-03
6.275017601967425480e-03
6.275017601967425480e-03
6.275017601967425480e-03
6.275017601967425480e-03
6.275017601967425480e-03
1.923230386331868658e-02
2.781560573707219080e-03
2.781560573707219080e-03
2.781560573707219080e-03
2.781560573707219080e-03
2.781560573707219080e-03
2.781560573707219080e-03
2.781560573707219080e-03
2.781560573707219080e-03
2.781560573707219080e-03
2.781560573707219080e-03
2.781560573707219080e-03
2.781560573707219080e-03
0.000000000000000000e+00
0.000000000000000000e+00
0.000000000000000000e+00
0.000000000000000000e+00
0.000000000000000000e+00
1.403202219027820455e-02
5.419489658048629033e-03
5.419489658048629033e-03
5.419489658048629033e-03
5.419489658048629033e-03
5.419489658048629033e-03
5.419489658048629033e-03
5.419489658048629033e-03
5.419489658048629033e-03
5.419489658048629033e-03
5.419489658048629033e-03
5.419489658048629033e-03
5.419489658048629033e-03
5.419489658048629033e-03
5.419489658048629033e-03
8.231962999665901060e-03
5.811028183276552989e-03
5.811028183276552989e-03
1.436451408554583094e-02
1.436451408554583094e-02
1.436451408554583094e-02
1.436451408554583094e-02
1.436451408554583094e-02
1.436451408554583094e-02
1.436451408554583094e-02
1.436451408554583094e-02
1.436451408554583094e-02
1.436451408554583094e-02
1.436451408554583094e-02
1.436451408554583094e-02
1.436451408554583094e-02
1.033696745001551863e-02
9.664679502558530186e-03
9.664679502558530186e-03
9.664679502558530186e-03
9.664679502558530186e-03
9.664679502558530186e-03
9.664679502558530186e-03
9.664679502558530186e-03
9.664679502558530186e-03
9.664679502558530186e-03
9.664679502558530186e-03
1.596780848235561032e-02
2.296859582528936600e-02
2.296859582528936600e-02
2.296859582528936600e-02
2.296859582528936600e-02
2.296859582528936600e-02
2.296859582528936600e-02
4.692416687473920274e-03
6.933132219942450374e-03
6.933132219942450374e-03
6.933132219942450374e-03
6.933132219942450374e-03
6.933132219942450374e-03
6.933132219942450374e-03
6.933132219942450374e-03
6.933132219942450374e-03
6.933132219942450374e-03
6.933132219942450374e-03
6.933132219942450374e-03
6.933132219942450374e-03
2.418291926907394519e-03
3.573814023988065858e-02
2.743965638235331458e-03
7.269512790454250341e-03
7.269512790454250341e-03
7.269512790454250341e-03
7.269512790454250341e-03
7.269512790454250341e-03
7.269512790454250341e-03
7.269512790454250341e-03
7.269512790454250341e-03
7.269512790454250341e-03
7.269512790454250341e-03
7.269512790454250341e-03
7.269512790454250341e-03
7.269512790454250341e-03
7.269512790454250341e-03
7.269512790454250341e-03
7.269512790454250341e-03
1.676909439279783583e-04
9.373142953295330801e-03
9.373142953295330801e-03
9.373142953295330801e-03
9.373142953295330801e-03
1.749741194363401212e-02
9.100264162518910058e-03
9.100264162518910058e-03
9.100264162518910058e-03
9.100264162518910058e-03
9.100264162518910058e-03
9.100264162518910058e-03
9.100264162518910058e-03
9.100264162518910058e-03
9.100264162518910058e-03
9.100264162518910058e-03
3.350550446334409852e-03
6.327645425634657525e-03
6.327645425634657525e-03
2.670908021725263565e-02
2.744481465407719312e-02
2.744481465407719312e-02
2.744481465407719312e-02
2.744481465407719312e-02
7.738364793988580792e-03
2.708666221366575009e-03
2.708666221366575009e-03
2.708666221366575009e-03
2.708666221366575009e-03
2.708666221366575009e-03
2.708666221366575009e-03
3.276041491161440361e-02
3.276041491161440361e-02
3.276041491161440361e-02
3.276041491161440361e-02
3.276041491161440361e-02
3.276041491161440361e-02
3.276041491161440361e-02
3.276041491161440361e-02
3.276041491161440361e-02
3.276041491161440361e-02
3.276041491161440361e-02
3.276041491161440361e-02
3.276041491161440361e-02
4.910769440728086563e-03
5.359301992173361173e-03
5.359301992173361173e-03
6.437704388453142522e-04
2.622027590452620516e-02
2.622027590452620516e-02
2.622027590452620516e-02
2.622027590452620516e-02
2.622027590452620516e-02
2.622027590452620516e-02
2.622027590452620516e-02
2.622027590452620516e-02
2.622027590452620516e-02
2.622027590452620516e-02
2.622027590452620516e-02
2.622027590452620516e-02
2.622027590452620516e-02
2.622027590452620516e-02
2.622027590452620516e-02
2.622027590452620516e-02
2.622027590452620516e-02
2.622027590452620516e-02
1.819622000040964751e-03
1.819622000040964751e-03
1.819622000040964751e-03
1.819622000040964751e-03
1.819622000040964751e-03
1.819622000040964751e-03
1.819622000040964751e-03
1.819622000040964751e-03
1.819622000040964751e-03
1.819622000040964751e-03
1.819622000040964751e-03
1.819622000040964751e-03
1.819622000040964751e-03
1.932725962342244502e-02
6.570011105436139587e-03
6.570011105436139587e-03
6.570011105436139587e-03
6.570011105436139587e-03
6.570011105436139587e-03
6.570011105436139587e-03
2.682234702824043762e-02
4.550139024150977145e-03
4.550139024150977145e-03
4.550139024150977145e-03
4.550139024150977145e-03
4.550139024150977145e-03
4.550139024150977145e-03
4.550139024150977145e-03
4.550139024150977145e-03
1.296623729862563836e-02
1.296623729862563836e-02
1.296623729862563836e-02
1.296623729862563836e-02
1.296623729862563836e-02
1.296623729862563836e-02
1.296623729862563836e-02
1.296623729862563836e-02
1.296623729862563836e-02
1.296623729862563836e-02
1.296623729862563836e-02
1.296623729862563836e-02
1.296623729862563836e-02
1.296623729862563836e-02
1.296623729862563836e-02
1.296623729862563836e-02
1.296623729862563836e-02
1.296623729862563836e-02
1.296623729862563836e-02
1.296623729862563836e-02
1.296623729862563836e-02
1.296623729862563836e-02
1.296623729862563836e-02
0.000000000000000000e+00
4.438424708750306549e-03
4.438424708750306549e-03
4.438424708750306549e-03
4.438424708750306549e-03
4.438424708750306549e-03
4.438424708750306549e-03
1.372685002988017176e-02
1.402168642131325620e-03
1.402168642131325620e-03
1.402168642131325620e-03
1.402168642131325620e-03
1.402168642131325620e-03
1.402168642131325620e-03
1.402168642131325620e-03
1.402168642131325620e-03
1.402168642131325620e-03
1.402168642131325620e-03
1.402168642131325620e-03
1.402168642131325620e-03
4.093136265229453674e-02
4.762525927538758391e-02
4.762525927538758391e-02
4.762525927538758391e-02
4.762525927538758391e-02
4.762525927538758391e-02
4.762525927538758391e-02
5.350494940326236924e-03
1.154704368181365751e-02
1.154704368181365751e-02
9.311791361789462790e-03
9.311791361789462790e-03
9.311791361789462790e-03
9.311791361789462790e-03
9.311791361789462790e-03
9.311791361789462790e-03
9.311791361789462790e-03
9.311791361789462790e-03
9.311791361789462790e-03
9.311791361789462790e-03
9.311791361789462790e-03
1.729483153544002921e-02
2.537821268110536377e-02
2.458425671476402452e-02
2.537821268110536377e-02
1.653652219277420773e-02
2.537821268110536377e-02
1.386508954815248058e-02
1.985088414699710813e-02
1.985088414699710813e-02
1.985088414699710813e-02
1.985088414699710813e-02
1.985088414699710813e-02
1.985088414699710813e-02
3.628166909853092984e-03
9.550557626005430970e-03
9.550557626005430970e-03
9.550557626005430970e-03
9.550557626005430970e-03
9.550557626005430970e-03
9.550557626005430970e-03
6.209316459657964783e-03
1.545652083372827355e-02
1.545652083372827355e-02
1.545652083372827355e-02
1.545652083372827355e-02
1.545652083372827355e-02
1.545652083372827355e-02
1.545652083372827355e-02
1.545652083372827355e-02
1.545652083372827355e-02
1.545652083372827355e-02
1.545652083372827355e-02
1.545652083372827355e-02
1.923230386331868658e-02
1.357403960128372722e-02
1.357403960128372722e-02
0.000000000000000000e+00
8.852115939566818081e-02
8.852115939566818081e-02
8.852115939566818081e-02
8.852115939566818081e-02
8.852115939566818081e-02
8.852115939566818081e-02
8.852115939566818081e-02
8.852115939566818081e-02
8.852115939566818081e-02
8.852115939566818081e-02
1.544749591213396590e-02
1.714711225554846688e-02
1.714711225554846688e-02
1.714711225554846688e-02
1.714711225554846688e-02
1.714711225554846688e-02
1.714711225554846688e-02
0.000000000000000000e+00
0.000000000000000000e+00
0.000000000000000000e+00
0.000000000000000000e+00
0.000000000000000000e+00
7.591901601870923617e-03
7.591901601870923617e-03
7.591901601870923617e-03
7.591901601870923617e-03
7.591901601870923617e-03
7.591901601870923617e-03
7.591901601870923617e-03
7.591901601870923617e-03
7.591901601870923617e-03
7.591901601870923617e-03
7.591901601870923617e-03
1.729483153544002921e-02
1.729483153544002921e-02
2.339017159902555265e-03
4.943901875402122430e-04
4.943901875402122430e-04
4.943901875402122430e-04
4.943901875402122430e-04
4.943901875402122430e-04
4.943901875402122430e-04
3.095922806847178216e-02
3.095922806847178216e-02
3.095922806847178216e-02
3.095922806847178216e-02
3.095922806847178216e-02
3.095922806847178216e-02
3.095922806847178216e-02
3.095922806847178216e-02
3.095922806847178216e-02
3.095922806847178216e-02
3.095922806847178216e-02
2.477866673522837598e-02
0.000000000000000000e+00
0.000000000000000000e+00
0.000000000000000000e+00
2.682234702824043762e-02
2.682234702824043762e-02
2.682234702824043762e-02
2.682234702824043762e-02
2.682234702824043762e-02
2.682234702824043762e-02
2.682234702824043762e-02
2.682234702824043762e-02
0.000000000000000000e+00
0.000000000000000000e+00
0.000000000000000000e+00
0.000000000000000000e+00
0.000000000000000000e+00
0.000000000000000000e+00
0.000000000000000000e+00
0.000000000000000000e+00
0.000000000000000000e+00
1.725621274669340149e-02
1.725621274669340149e-02
1.725621274669340149e-02
1.725621274669340149e-02
1.725621274669340149e-02
1.725621274669340149e-02
1.725621274669340149e-02
1.725621274669340149e-02
1.725621274669340149e-02
1.725621274669340149e-02
1.725621274669340149e-02
1.725621274669340149e-02
1.725621274669340149e-02
1.725621274669340149e-02
1.725621274669340149e-02
1.725621274669340149e-02
1.725621274669340149e-02
1.978015496959989721e-03
1.978015496959989721e-03
1.978015496959989721e-03
1.978015496959989721e-03
1.978015496959989721e-03
1.978015496959989721e-03
1.978015496959989721e-03
1.978015496959989721e-03
1.978015496959989721e-03
1.978015496959989721e-03
1.978015496959989721e-03
1.978015496959989721e-03
1.978015496959989721e-03
0.000000000000000000e+00
6.420218437980056408e-04
6.420218437980056408e-04
6.420218437980056408e-04
6.420218437980056408e-04
6.420218437980056408e-04
6.420218437980056408e-04
6.420218437980056408e-04
6.420218437980056408e-04
6.420218437980056408e-04
6.420218437980056408e-04
6.420218437980056408e-04
6.420218437980056408e-04
6.420218437980056408e-04
6.420218437980056408e-04
6.420218437980056408e-04
6.420218437980056408e-04
6.420218437980056408e-04
6.420218437980056408e-04
6.420218437980056408e-04
6.420218437980056408e-04
6.420218437980056408e-04
6.420218437980056408e-04
6.420218437980056408e-04
6.420218437980056408e-04
6.420218437980056408e-04
6.420218437980056408e-04
6.420218437980056408e-04
6.420218437980056408e-04
6.420218437980056408e-04
6.420218437980056408e-04
6.420218437980056408e-04
6.420218437980056408e-04
0.000000000000000000e+00
0.000000000000000000e+00
0.000000000000000000e+00
1.974172873578695572e-02
1.974172873578695572e-02
1.974172873578695572e-02
1.974172873578695572e-02
1.974172873578695572e-02
1.974172873578695572e-02
1.974172873578695572e-02
1.974172873578695572e-02
1.974172873578695572e-02
1.974172873578695572e-02
1.974172873578695572e-02
1.974172873578695572e-02
1.974172873578695572e-02
1.974172873578695572e-02
1.974172873578695572e-02
7.738364793988580792e-03
7.738364793988580792e-03
7.738364793988580792e-03
7.738364793988580792e-03
2.407055183695026163e-02
1.691113561422622619e-02
1.691113561422622619e-02
1.691113561422622619e-02
1.691113561422622619e-02
1.691113561422622619e-02
1.691113561422622619e-02
1.691113561422622619e-02
1.691113561422622619e-02
7.342239722051282884e-03
1.034285738606578915e-02
1.034285738606578915e-02
1.034285738606578915e-02
1.034285738606578915e-02
1.034285738606578915e-02
1.034285738606578915e-02
1.034285738606578915e-02
1.034285738606578915e-02
1.034285738606578915e-02
1.034285738606578915e-02
1.034285738606578915e-02
1.034285738606578915e-02
1.034285738606578915e-02
1.034285738606578915e-02
1.034285738606578915e-02
1.034285738606578915e-02
9.215059138922173515e-03
2.396758138538070820e-02
2.396758138538070820e-02
2.396758138538070820e-02
2.396758138538070820e-02
2.396758138538070820e-02
2.396758138538070820e-02
1.361672511517024887e-04
2.423078170622164004e-02
2.423078170622164004e-02
2.423078170622164004e-02
2.423078170622164004e-02
4.233832643408710732e-03
4.233832643408710732e-03
4.233832643408710732e-03
4.233832643408710732e-03
4.233832643408710732e-03
4.233832643408710732e-03
4.233832643408710732e-03
4.233832643408710732e-03
4.233832643408710732e-03
4.233832643408710732e-03
4.233832643408710732e-03
4.233832643408710732e-03
4.233832643408710732e-03
0.000000000000000000e+00
1.915008982994564554e-02
1.915008982994564554e-02
1.915008982994564554e-02
1.915008982994564554e-02
1.915008982994564554e-02
1.915008982994564554e-02
1.915008982994564554e-02
1.915008982994564554e-02
3.847423071368955005e-02
1.243279072760179911e-02
1.243279072760179911e-02
1.243279072760179911e-02
1.243279072760179911e-02
1.243279072760179911e-02
1.243279072760179911e-02
1.243279072760179911e-02
1.243279072760179911e-02
1.243279072760179911e-02
1.243279072760179911e-02
1.243279072760179911e-02
1.243279072760179911e-02
1.243279072760179911e-02
1.243279072760179911e-02
1.243279072760179911e-02
1.243279072760179911e-02
1.243279072760179911e-02
1.243279072760179911e-02
4.313987817607931041e-03
4.162808632175302170e-03
4.162808632175302170e-03
7.962249269895388393e-03
7.962249269895388393e-03
7.962249269895388393e-03
7.962249269895388393e-03
2.559130564591661355e-02
2.981888649246488762e-02
2.981888649246488762e-02
2.981888649246488762e-02
2.981888649246488762e-02
2.981888649246488762e-02
2.981888649246488762e-02
2.981888649246488762e-02
2.981888649246488762e-02
0.000000000000000000e+00
0.000000000000000000e+00
0.000000000000000000e+00
0.000000000000000000e+00
0.000000000000000000e+00
2.531734301322056263e-02
2.611343469695401407e-03
2.611343469695401407e-03
2.611343469695401407e-03
2.611343469695401407e-03
2.611343469695401407e-03
2.611343469695401407e-03
2.611343469695401407e-03
2.611343469695401407e-03
2.611343469695401407e-03
2.611343469695401407e-03
2.611343469695401407e-03
2.611343469695401407e-03
2.611343469695401407e-03
2.611343469695401407e-03
2.611343469695401407e-03
2.611343469695401407e-03
2.611343469695401407e-03
2.611343469695401407e-03
2.611343469695401407e-03
2.611343469695401407e-03
2.611343469695401407e-03
2.611343469695401407e-03
2.611343469695401407e-03
2.611343469695401407e-03
2.611343469695401407e-03
2.611343469695401407e-03
3.290445188632477175e-02
1.897608518965262017e-02
1.897608518965262017e-02
1.897608518965262017e-02
1.897608518965262017e-02
1.897608518965262017e-02
1.897608518965262017e-02
1.897608518965262017e-02
1.897608518965262017e-02
1.897608518965262017e-02
1.897608518965262017e-02
1.897608518965262017e-02
1.897608518965262017e-02
1.897608518965262017e-02
1.897608518965262017e-02
1.897608518965262017e-02
1.897608518965262017e-02
1.897608518965262017e-02
1.897608518965262017e-02
1.897608518965262017e-02
1.897608518965262017e-02
0.000000000000000000e+00
0.000000000000000000e+00
3.607234676261222763e-03
9.885682183545451210e-03
9.885682183545451210e-03
9.885682183545451210e-03
9.885682183545451210e-03
9.885682183545451210e-03
9.885682183545451210e-03
3.540567290275419693e-03
8.469219620069797644e-03
8.469219620069797644e-03
8.469219620069797644e-03
8.469219620069797644e-03
1.721528268391751826e-02
1.589549273293682820e-03
1.589549273293682820e-03
1.589549273293682820e-03
1.589549273293682820e-03
1.589549273293682820e-03
1.589549273293682820e-03
1.589549273293682820e-03
1.589549273293682820e-03
1.589549273293682820e-03
1.589549273293682820e-03
1.589549273293682820e-03
1.589549273293682820e-03
1.589549273293682820e-03
1.589549273293682820e-03
1.589549273293682820e-03
1.589549273293682820e-03
1.250064099313733315e-02
1.589549273293682820e-03
2.633534947253101180e-02
1.484111885931825928e-02
1.484111885931825928e-02
1.484111885931825928e-02
1.484111885931825928e-02
1.484111885931825928e-02
1.484111885931825928e-02
1.484111885931825928e-02
1.484111885931825928e-02
1.484111885931825928e-02
1.484111885931825928e-02
0.000000000000000000e+00
1.484111885931825928e-02
3.810705254416597854e-02
1.775586559537356210e-02
1.775586559537356210e-02
1.775586559537356210e-02
1.775586559537356210e-02
1.775586559537356210e-02
1.775586559537356210e-02
3.607234676261222763e-03
3.607234676261222763e-03
3.607234676261222763e-03
3.607234676261222763e-03
0.000000000000000000e+00
2.592171826742969976e-02
2.592171826742969976e-02
2.592171826742969976e-02
2.592171826742969976e-02
2.592171826742969976e-02
2.592171826742969976e-02
2.592171826742969976e-02
2.592171826742969976e-02
1.371018955973056139e-04
1.451132710673927982e-02
1.451132710673927982e-02
1.700243665379156006e-03
7.413981049470055049e-04
7.413981049470055049e-04
7.413981049470055049e-04
7.413981049470055049e-04
2.069725796361697803e-02
7.413981049470055049e-04
0.000000000000000000e+00
0.000000000000000000e+00
0.000000000000000000e+00
0.000000000000000000e+00
0.000000000000000000e+00
0.000000000000000000e+00
0.000000000000000000e+00
0.000000000000000000e+00
0.000000000000000000e+00
0.000000000000000000e+00
0.000000000000000000e+00
0.000000000000000000e+00
0.000000000000000000e+00
9.622261533796146182e-04
4.463980907258021519e-03
4.463980907258021519e-03
1.237077054114283856e-02
6.138915232692393996e-03
6.138915232692393996e-03
1.676909439279783583e-04
2.713618598575652865e-02
2.713618598575652865e-02
1.113471369290450728e-02
1.113471369290450728e-02
1.113471369290450728e-02
1.113471369290450728e-02
1.113471369290450728e-02
1.113471369290450728e-02
1.113471369290450728e-02
1.113471369290450728e-02
1.113471369290450728e-02
1.113471369290450728e-02
1.113471369290450728e-02
1.113471369290450728e-02
1.113471369290450728e-02
1.113471369290450728e-02
1.113471369290450728e-02
1.113471369290450728e-02
1.113471369290450728e-02
1.113471369290450728e-02
1.113471369290450728e-02
1.113471369290450728e-02
1.113471369290450728e-02
5.265007522900174916e-03
5.265007522900174916e-03
5.265007522900174916e-03
5.265007522900174916e-03
5.265007522900174916e-03
5.265007522900174916e-03
5.265007522900174916e-03
5.265007522900174916e-03
5.265007522900174916e-03
5.265007522900174916e-03
5.265007522900174916e-03
5.265007522900174916e-03
5.265007522900174916e-03
5.265007522900174916e-03
5.265007522900174916e-03
9.745303991727455664e-03
0.000000000000000000e+00
0.000000000000000000e+00
0.000000000000000000e+00
0.000000000000000000e+00
0.000000000000000000e+00
0.000000000000000000e+00
0.000000000000000000e+00
0.000000000000000000e+00
0.000000000000000000e+00
0.000000000000000000e+00
1.940725703064306168e-02
0.000000000000000000e+00
0.000000000000000000e+00
0.000000000000000000e+00
0.000000000000000000e+00
0.000000000000000000e+00
0.000000000000000000e+00
0.000000000000000000e+00
0.000000000000000000e+00
1.177350712621147780e-02
3.086906807621605034e-02
3.086906807621605034e-02
3.086906807621605034e-02
3.086906807621605034e-02
3.086906807621605034e-02
3.086906807621605034e-02
1.015312455631486345e-02
0.000000000000000000e+00
0.000000000000000000e+00
6.923492594886440296e-03
1.061423112649151693e-02
1.061423112649151693e-02
7.983267577994435787e-03
1.830702839837864641e-03
1.830702839837864641e-03
8.040874552362601776e-03
1.628859562543211875e-02
1.628859562543211875e-02
1.628859562543211875e-02
1.628859562543211875e-02
1.594120125682039688e-02
2.398744817322149767e-02
2.398744817322149767e-02
2.398744817322149767e-02
2.398744817322149767e-02
2.398744817322149767e-02
2.398744817322149767e-02
2.398744817322149767e-02
2.398744817322149767e-02
2.398744817322149767e-02
2.398744817322149767e-02
2.398744817322149767e-02
2.398744817322149767e-02
3.252957181655213338e-03
2.331088906051452872e-02
2.331088906051452872e-02
2.162555995304302116e-03
2.631549945051999068e-04
2.631549945051999068e-04
2.631549945051999068e-04
2.631549945051999068e-04
2.631549945051999068e-04
2.631549945051999068e-04
2.631549945051999068e-04
2.631549945051999068e-04
2.631549945051999068e-04
2.631549945051999068e-04
1.177350712621147780e-02
3.949585666913626308e-02
3.949585666913626308e-02
7.844234738094840731e-04
8.574778985370325179e-03
8.574778985370325179e-03
8.574778985370325179e-03
8.574778985370325179e-03
8.574778985370325179e-03
8.574778985370325179e-03
1.201891244165745505e-02
1.663354937205399793e-03
1.663354937205399793e-03
1.663354937205399793e-03
1.663354937205399793e-03
1.663354937205399793e-03
1.663354937205399793e-03
1.663354937205399793e-03
1.663354937205399793e-03
5.316831718763999869e-03
5.164837217655662838e-03
5.164837217655662838e-03
5.164837217655662838e-03
5.164837217655662838e-03
5.164837217655662838e-03
5.164837217655662838e-03
5.164837217655662838e-03
5.164837217655662838e-03
5.164837217655662838e-03
5.164837217655662838e-03
3.011636555847353736e-02
2.677238010978881880e-02
2.677238010978881880e-02
2.677238010978881880e-02
2.677238010978881880e-02
2.677238010978881880e-02
2.677238010978881880e-02
2.677238010978881880e-02
2.677238010978881880e-02
2.677238010978881880e-02
2.677238010978881880e-02
2.677238010978881880e-02
2.677238010978881880e-02
2.677238010978881880e-02
2.677238010978881880e-02
0.000000000000000000e+00
0.000000000000000000e+00
0.000000000000000000e+00
0.000000000000000000e+00
0.000000000000000000e+00
0.000000000000000000e+00
0.000000000000000000e+00
0.000000000000000000e+00
0.000000000000000000e+00
0.000000000000000000e+00
0.000000000000000000e+00
0.000000000000000000e+00
0.000000000000000000e+00
0.000000000000000000e+00
0.000000000000000000e+00
0.000000000000000000e+00
0.000000000000000000e+00
0.000000000000000000e+00
0.000000000000000000e+00
0.000000000000000000e+00
0.000000000000000000e+00
0.000000000000000000e+00
0.000000000000000000e+00
0.000000000000000000e+00
0.000000000000000000e+00
0.000000000000000000e+00
0.000000000000000000e+00
0.000000000000000000e+00
4.958868865103121040e-03
3.370362699023029141e-03
2.619574234021529793e-02
3.370362699023029141e-03
3.370362699023029141e-03
3.370362699023029141e-03
3.370362699023029141e-03
3.370362699023029141e-03
2.109666692243309175e-03
8.463349974726116012e-03
8.463349974726116012e-03
8.463349974726116012e-03
8.463349974726116012e-03
8.463349974726116012e-03
8.463349974726116012e-03
8.463349974726116012e-03
8.463349974726116012e-03
8.463349974726116012e-03
8.463349974726116012e-03
8.463349974726116012e-03
8.463349974726116012e-03
8.463349974726116012e-03
8.463349974726116012e-03
8.463349974726116012e-03
8.463349974726116012e-03
8.463349974726116012e-03
8.463349974726116012e-03
8.463349974726116012e-03
8.463349974726116012e-03
1.306589930182968165e-02
1.306589930182968165e-02
1.306589930182968165e-02
1.306589930182968165e-02
1.306589930182968165e-02
1.306589930182968165e-02
1.306589930182968165e-02
1.306589930182968165e-02
1.306589930182968165e-02
1.306589930182968165e-02
1.306589930182968165e-02
1.306589930182968165e-02
1.306589930182968165e-02
1.306589930182968165e-02
1.306589930182968165e-02
0.000000000000000000e+00
0.000000000000000000e+00
0.000000000000000000e+00
0.000000000000000000e+00
0.000000000000000000e+00
0.000000000000000000e+00
0.000000000000000000e+00
0.000000000000000000e+00
0.000000000000000000e+00
1.438880080228681704e-02
7.652041001991446122e-03
7.652041001991446122e-03
7.652041001991446122e-03
7.652041001991446122e-03
7.652041001991446122e-03
7.652041001991446122e-03
0.000000000000000000e+00
5.030479369503296693e-04
5.030479369503296693e-04
5.030479369503296693e-04
5.030479369503296693e-04
5.030479369503296693e-04
5.030479369503296693e-04
5.030479369503296693e-04
5.030479369503296693e-04
5.030479369503296693e-04
5.030479369503296693e-04
1.502378718113131202e-03
1.502378718113131202e-03
1.502378718113131202e-03
1.502378718113131202e-03
1.502378718113131202e-03
1.502378718113131202e-03
1.502378718113131202e-03
1.502378718113131202e-03
1.502378718113131202e-03
7.266976176731333205e-03
1.502378718113131202e-03
1.339579970981940975e-02
1.552724996799859439e-02
1.552724996799859439e-02
1.736130927251863798e-02
2.339017159902555265e-03
2.339017159902555265e-03
2.339017159902555265e-03
2.339017159902555265e-03
2.339017159902555265e-03
1.219954402485310709e-02
1.219954402485310709e-02
1.219954402485310709e-02
1.219954402485310709e-02
1.219954402485310709e-02
1.219954402485310709e-02
1.219954402485310709e-02
1.219954402485310709e-02
1.219954402485310709e-02
1.219954402485310709e-02
1.219954402485310709e-02
1.219954402485310709e-02
1.219954402485310709e-02
1.219954402485310709e-02
1.219954402485310709e-02
1.469993532515958927e-02
1.563302366663544413e-02
1.563302366663544413e-02
1.563302366663544413e-02
1.563302366663544413e-02
1.563302366663544413e-02
1.563302366663544413e-02
1.563302366663544413e-02
1.563302366663544413e-02
1.563302366663544413e-02
1.563302366663544413e-02
1.563302366663544413e-02
1.563302366663544413e-02
4.159593535018139658e-03
4.159593535018139658e-03
4.159593535018139658e-03
4.159593535018139658e-03
4.159593535018139658e-03
4.159593535018139658e-03
4.159593535018139658e-03
4.159593535018139658e-03
4.159593535018139658e-03
4.159593535018139658e-03
4.159593535018139658e-03
4.159593535018139658e-03
4.159593535018139658e-03
4.159593535018139658e-03
4.159593535018139658e-03
4.159593535018139658e-03
4.159593535018139658e-03
0.000000000000000000e+00
0.000000000000000000e+00
0.000000000000000000e+00
0.000000000000000000e+00
0.000000000000000000e+00
0.000000000000000000e+00
1.720206421777138381e-02
1.720206421777138381e-02
1.720206421777138381e-02
1.720206421777138381e-02
1.720206421777138381e-02
1.720206421777138381e-02
1.720206421777138381e-02
1.720206421777138381e-02
1.720206421777138381e-02
1.720206421777138381e-02
1.720206421777138381e-02
1.720206421777138381e-02
1.720206421777138381e-02
1.720206421777138381e-02
1.720206421777138381e-02
1.720206421777138381e-02
9.217006753676105710e-03
1.298384631753374541e-01
1.298384631753374541e-01
1.298384631753374541e-01
1.298384631753374541e-01
1.298384631753374541e-01
1.298384631753374541e-01
1.298384631753374541e-01
1.298384631753374541e-01
1.298384631753374541e-01
1.298384631753374541e-01
1.298384631753374541e-01
1.298384631753374541e-01
1.298384631753374541e-01
1.298384631753374541e-01
1.298384631753374541e-01
1.298384631753374541e-01
1.298384631753374541e-01
1.298384631753374541e-01
1.320416309867606872e-02
1.320416309867606872e-02
1.320416309867606872e-02
1.320416309867606872e-02
1.320416309867606872e-02
1.320416309867606872e-02
1.320416309867606872e-02
1.320416309867606872e-02
1.320416309867606872e-02
1.320416309867606872e-02
1.320416309867606872e-02
1.320416309867606872e-02
1.320416309867606872e-02
1.320416309867606872e-02
1.320416309867606872e-02
2.281348038644506401e-02
2.281348038644506401e-02
2.281348038644506401e-02
2.281348038644506401e-02
2.281348038644506401e-02
2.281348038644506401e-02
2.281348038644506401e-02
2.281348038644506401e-02
2.281348038644506401e-02
2.281348038644506401e-02
2.281348038644506401e-02
1.446698702431867441e-02
3.502860829349690487e-03
3.502860829349690487e-03
3.502860829349690487e-03
3.502860829349690487e-03
3.502860829349690487e-03
3.502860829349690487e-03
0.000000000000000000e+00
0.000000000000000000e+00
4.265238283668285231e-03
2.073636418321612995e-02
2.073636418321612995e-02
2.073636418321612995e-02
2.073636418321612995e-02
2.073636418321612995e-02
2.073636418321612995e-02
2.073636418321612995e-02
2.073636418321612995e-02
2.073636418321612995e-02
2.073636418321612995e-02
2.073636418321612995e-02
2.073636418321612995e-02
2.073636418321612995e-02
2.073636418321612995e-02
3.934463062903940760e-03
3.934463062903940760e-03
3.934463062903940760e-03
3.934463062903940760e-03
3.934463062903940760e-03
3.934463062903940760e-03
3.934463062903940760e-03
3.934463062903940760e-03
3.934463062903940760e-03
3.934463062903940760e-03
3.934463062903940760e-03
3.934463062903940760e-03
3.934463062903940760e-03
3.934463062903940760e-03
3.934463062903940760e-03
3.934463062903940760e-03
3.934463062903940760e-03
3.934463062903940760e-03
3.934463062903940760e-03
0.000000000000000000e+00
0.000000000000000000e+00
0.000000000000000000e+00
0.000000000000000000e+00
1.954302546310721783e-02
1.954302546310721783e-02
1.954302546310721783e-02
1.954302546310721783e-02
1.954302546310721783e-02
1.954302546310721783e-02
1.954302546310721783e-02
1.954302546310721783e-02
0.000000000000000000e+00
3.109329705854853385e-03
3.109329705854853385e-03
3.109329705854853385e-03
3.109329705854853385e-03
3.109329705854853385e-03
3.109329705854853385e-03
3.109329705854853385e-03
3.109329705854853385e-03
3.109329705854853385e-03
3.109329705854853385e-03
1.243185050700281423e-02
1.130077555105912443e-02
1.130077555105912443e-02
1.130077555105912443e-02
1.130077555105912443e-02
1.130077555105912443e-02
1.130077555105912443e-02
1.130077555105912443e-02
1.130077555105912443e-02
1.130077555105912443e-02
1.130077555105912443e-02
1.130077555105912443e-02
1.130077555105912443e-02
3.380206195695369814e-02
2.352302027208207427e-02
2.352302027208207427e-02
9.215059138922173515e-03
5.036568713757142747e-03
5.036568713757142747e-03
5.036568713757142747e-03
5.036568713757142747e-03
5.036568713757142747e-03
5.036568713757142747e-03
7.544857569084698068e-03
7.544857569084698068e-03
7.544857569084698068e-03
7.544857569084698068e-03
7.544857569084698068e-03
7.544857569084698068e-03
7.544857569084698068e-03
7.544857569084698068e-03
7.544857569084698068e-03
7.544857569084698068e-03
7.544857569084698068e-03
2.101542225665582395e-02
1.334806078971477591e-03
1.334806078971477591e-03
1.334806078971477591e-03
1.334806078971477591e-03
1.334806078971477591e-03
1.334806078971477591e-03
1.334806078971477591e-03
1.334806078971477591e-03
1.334806078971477591e-03
1.334806078971477591e-03
3.335592084000411212e-02
5.550928394466885483e-03
5.550928394466885483e-03
5.550928394466885483e-03
5.550928394466885483e-03
5.550928394466885483e-03
5.550928394466885483e-03
5.550928394466885483e-03
5.550928394466885483e-03
5.583904972062516195e-03
5.583904972062516195e-03
5.583904972062516195e-03
5.583904972062516195e-03
5.583904972062516195e-03
5.583904972062516195e-03
5.583904972062516195e-03
5.583904972062516195e-03
5.583904972062516195e-03
5.583904972062516195e-03
5.583904972062516195e-03
5.583904972062516195e-03
5.583904972062516195e-03
5.583904972062516195e-03
5.583904972062516195e-03
5.583904972062516195e-03
5.583904972062516195e-03
5.583904972062516195e-03
5.583904972062516195e-03
5.583904972062516195e-03
5.583904972062516195e-03
1.042969401373975390e-02
1.042969401373975390e-02
1.042969401373975390e-02
1.042969401373975390e-02
1.042969401373975390e-02
1.042969401373975390e-02
1.042969401373975390e-02
1.042969401373975390e-02
1.042969401373975390e-02
1.042969401373975390e-02
1.042969401373975390e-02
1.042969401373975390e-02
1.042969401373975390e-02
1.042969401373975390e-02
1.042969401373975390e-02
1.010335575173938218e-02
2.902368630875546557e-02
2.902368630875546557e-02
2.902368630875546557e-02
2.902368630875546557e-02
2.902368630875546557e-02
2.902368630875546557e-02
2.902368630875546557e-02
2.902368630875546557e-02
2.902368630875546557e-02
2.902368630875546557e-02
2.902368630875546557e-02
2.902368630875546557e-02
0.000000000000000000e+00
0.000000000000000000e+00
0.000000000000000000e+00
0.000000000000000000e+00
0.000000000000000000e+00
5.099877812648530122e-03
5.099877812648530122e-03
5.099877812648530122e-03
5.099877812648530122e-03
5.099877812648530122e-03
5.099877812648530122e-03
5.099877812648530122e-03
5.099877812648530122e-03
5.099877812648530122e-03
5.099877812648530122e-03
5.099877812648530122e-03
6.660072988410268950e-03
4.260286642866649084e-03
4.260286642866649084e-03
4.260286642866649084e-03
4.260286642866649084e-03
4.260286642866649084e-03
4.260286642866649084e-03
4.260286642866649084e-03
4.260286642866649084e-03
4.260286642866649084e-03
4.260286642866649084e-03
4.260286642866649084e-03
4.260286642866649084e-03
4.260286642866649084e-03
4.260286642866649084e-03
1.837961227151182694e-02
1.361316257761337710e-02
1.361316257761337710e-02
1.361316257761337710e-02
1.361316257761337710e-02
1.361316257761337710e-02
1.361316257761337710e-02
1.361316257761337710e-02
1.361316257761337710e-02
1.361316257761337710e-02
1.361316257761337710e-02
1.361316257761337710e-02
1.361316257761337710e-02
2.469581709182456022e-02
8.525965941557241135e-02
8.525965941557241135e-02
8.525965941557241135e-02
8.525965941557241135e-02
8.525965941557241135e-02
8.525965941557241135e-02
8.525965941557241135e-02
8.525965941557241135e-02
8.525965941557241135e-02
8.525965941557241135e-02
8.525965941557241135e-02
8.525965941557241135e-02
8.525965941557241135e-02
8.525965941557241135e-02
8.525965941557241135e-02
8.525965941557241135e-02
8.525965941557241135e-02
8.525965941557241135e-02
8.525965941557241135e-02
8.525965941557241135e-02
8.525965941557241135e-02
8.525965941557241135e-02
0.000000000000000000e+00
0.000000000000000000e+00
0.000000000000000000e+00
0.000000000000000000e+00
0.000000000000000000e+00
0.000000000000000000e+00
0.000000000000000000e+00
0.000000000000000000e+00
0.000000000000000000e+00
0.000000000000000000e+00
0.000000000000000000e+00
0.000000000000000000e+00
5.706384063493443251e-03
5.706384063493443251e-03
5.706384063493443251e-03
5.706384063493443251e-03
5.706384063493443251e-03
5.706384063493443251e-03
5.706384063493443251e-03
5.706384063493443251e-03
5.706384063493443251e-03
5.706384063493443251e-03
5.706384063493443251e-03
5.706384063493443251e-03
5.706384063493443251e-03
5.706384063493443251e-03
5.706384063493443251e-03
5.706384063493443251e-03
5.706384063493443251e-03
5.706384063493443251e-03
5.706384063493443251e-03
5.706384063493443251e-03
5.706384063493443251e-03
5.706384063493443251e-03
5.706384063493443251e-03
5.706384063493443251e-03
5.530379260140922890e-03
1.018828373922135884e-02
1.018828373922135884e-02
1.018828373922135884e-02
1.018828373922135884e-02
1.018828373922135884e-02
1.018828373922135884e-02
1.018828373922135884e-02
1.018828373922135884e-02
1.846182149305177628e-02
4.583126867988061848e-02
4.583126867988061848e-02
1.035857624441676936e-02
4.583126867988061848e-02
7.991138186321291789e-03
4.583126867988061848e-02
1.846182149305177628e-02
4.583126867988061848e-02
4.583126867988061848e-02
4.583126867988061848e-02
7.956692871430745551e-02
1.340404848952794770e-02
1.340404848952794770e-02
1.340404848952794770e-02
1.340404848952794770e-02
1.340404848952794770e-02
1.340404848952794770e-02
1.340404848952794770e-02
1.340404848952794770e-02
1.340404848952794770e-02
1.340404848952794770e-02
1.340404848952794770e-02
1.340404848952794770e-02
5.718290201435878399e-03
1.289211406775467479e-02
1.289211406775467479e-02
1.289211406775467479e-02
1.289211406775467479e-02
1.289211406775467479e-02
1.289211406775467479e-02
1.289211406775467479e-02
1.289211406775467479e-02
0.000000000000000000e+00
2.633534947253101180e-02
2.401366242151808245e-02
1.414826340720748421e-02
1.414826340720748421e-02
1.414826340720748421e-02
1.414826340720748421e-02
1.414826340720748421e-02
1.414826340720748421e-02
1.414826340720748421e-02
1.414826340720748421e-02
1.414826340720748421e-02
1.414826340720748421e-02
3.412766060663626616e-02
1.524774117915751910e-02
1.524774117915751910e-02
1.524774117915751910e-02
1.524774117915751910e-02
1.524774117915751910e-02
1.524774117915751910e-02
1.524774117915751910e-02
1.524774117915751910e-02
1.524774117915751910e-02
1.524774117915751910e-02
3.636682178262598542e-02
3.636682178262598542e-02
3.636682178262598542e-02
3.636682178262598542e-02
3.636682178262598542e-02
3.636682178262598542e-02
3.636682178262598542e-02
3.636682178262598542e-02
3.636682178262598542e-02
3.636682178262598542e-02
3.636682178262598542e-02
3.636682178262598542e-02
3.636682178262598542e-02
3.636682178262598542e-02
3.636682178262598542e-02
2.401893178828919465e-02
8.544287599521766668e-04
8.544287599521766668e-04
8.544287599521766668e-04
8.544287599521766668e-04
8.544287599521766668e-04
8.544287599521766668e-04
8.544287599521766668e-04
8.544287599521766668e-04
8.544287599521766668e-04
8.544287599521766668e-04
8.544287599521766668e-04
8.544287599521766668e-04
8.544287599521766668e-04
8.544287599521766668e-04
8.544287599521766668e-04
8.544287599521766668e-04
1.334142751495711113e-02
4.659533112019261479e-03
4.659533112019261479e-03
4.659533112019261479e-03
4.659533112019261479e-03
4.659533112019261479e-03
4.659533112019261479e-03
4.659533112019261479e-03
4.659533112019261479e-03
2.405741394862636467e-02
8.606022398467140858e-03
8.606022398467140858e-03
8.606022398467140858e-03
8.606022398467140858e-03
8.606022398467140858e-03
8.606022398467140858e-03
8.606022398467140858e-03
8.606022398467140858e-03
8.606022398467140858e-03
8.606022398467140858e-03
8.606022398467140858e-03
8.606022398467140858e-03
8.606022398467140858e-03
8.606022398467140858e-03
8.606022398467140858e-03
8.606022398467140858e-03
8.606022398467140858e-03
8.606022398467140858e-03
8.606022398467140858e-03
8.606022398467140858e-03
8.606022398467140858e-03
8.606022398467140858e-03
8.606022398467140858e-03
8.606022398467140858e-03
8.606022398467140858e-03
8.606022398467140858e-03
9.009657334379540458e-03
8.606022398467140858e-03
8.606022398467140858e-03
8.606022398467140858e-03
2.124941434036988971e-02
6.701338828429189223e-03
6.701338828429189223e-03
6.701338828429189223e-03
6.701338828429189223e-03
6.738504884253135319e-03
6.701338828429189223e-03
3.613695134678569180e-03
6.244853343461195978e-03
6.244853343461195978e-03
6.244853343461195978e-03
6.244853343461195978e-03
6.244853343461195978e-03
6.244853343461195978e-03
6.244853343461195978e-03
6.244853343461195978e-03
0.000000000000000000e+00
1.249608459800908601e-02
1.249608459800908601e-02
1.249608459800908601e-02
1.249608459800908601e-02
1.249608459800908601e-02
1.249608459800908601e-02
1.249608459800908601e-02
1.249608459800908601e-02
1.249608459800908601e-02
1.249608459800908601e-02
0.000000000000000000e+00
7.786553064367890409e-02
7.786553064367890409e-02
7.786553064367890409e-02
7.786553064367890409e-02
7.786553064367890409e-02
7.786553064367890409e-02
2.391692592079622953e-02
1.064896456322462007e-02
1.064896456322462007e-02
1.064896456322462007e-02
1.064896456322462007e-02
1.064896456322462007e-02
1.064896456322462007e-02
1.064896456322462007e-02
1.064896456322462007e-02
1.064896456322462007e-02
1.064896456322462007e-02
1.064896456322462007e-02
1.064896456322462007e-02
1.064896456322462007e-02
1.064896456322462007e-02
0.000000000000000000e+00
0.000000000000000000e+00
0.000000000000000000e+00
0.000000000000000000e+00
7.338767683308220283e-03
9.386853996546810908e-03
9.386853996546810908e-03
9.386853996546810908e-03
9.386853996546810908e-03
0.000000000000000000e+00
2.295879529083027018e-02
3.637362541945493577e-03
3.637362541945493577e-03
3.637362541945493577e-03
3.637362541945493577e-03
3.637362541945493577e-03
3.637362541945493577e-03
3.637362541945493577e-03
3.637362541945493577e-03
3.637362541945493577e-03
3.637362541945493577e-03
3.637362541945493577e-03
3.637362541945493577e-03
3.637362541945493577e-03
1.232606435086882300e-02
1.232606435086882300e-02
1.232606435086882300e-02
1.232606435086882300e-02
1.232606435086882300e-02
1.232606435086882300e-02
1.232606435086882300e-02
1.232606435086882300e-02
1.232606435086882300e-02
1.232606435086882300e-02
1.232606435086882300e-02
4.910678032090231432e-03
2.498911438947665556e-02
2.498911438947665556e-02
7.640961683227726065e-03
8.788842420867347752e-03
8.788842420867347752e-03
4.866015656597626540e-03
7.364759070936432311e-03
7.364759070936432311e-03
7.364759070936432311e-03
7.364759070936432311e-03
7.364759070936432311e-03
7.364759070936432311e-03
7.364759070936432311e-03
7.364759070936432311e-03
1.371018955973056139e-04
1.371018955973056139e-04
1.371018955973056139e-04
1.371018955973056139e-04
1.371018955973056139e-04
1.371018955973056139e-04
1.371018955973056139e-04
1.371018955973056139e-04
1.371018955973056139e-04
1.371018955973056139e-04
1.371018955973056139e-04
1.371018955973056139e-04
1.371018955973056139e-04
1.371018955973056139e-04
1.371018955973056139e-04
1.371018955973056139e-04
1.371018955973056139e-04
1.371018955973056139e-04
1.371018955973056139e-04
1.371018955973056139e-04
1.371018955973056139e-04
1.371018955973056139e-04
1.371018955973056139e-04
1.371018955973056139e-04
1.371018955973056139e-04
1.371018955973056139e-04
1.371018955973056139e-04
1.371018955973056139e-04
1.371018955973056139e-04
1.371018955973056139e-04
1.371018955973056139e-04
1.371018955973056139e-04
1.371018955973056139e-04
1.371018955973056139e-04
9.955055730914501647e-03
1.216283229681412899e-02
1.216283229681412899e-02
1.216283229681412899e-02
1.216283229681412899e-02
1.216283229681412899e-02
1.216283229681412899e-02
1.216283229681412899e-02
1.216283229681412899e-02
1.216283229681412899e-02
1.216283229681412899e-02
1.216283229681412899e-02
1.216283229681412899e-02
2.407055183695026163e-02
2.407055183695026163e-02
2.407055183695026163e-02
2.407055183695026163e-02
2.407055183695026163e-02
2.407055183695026163e-02
2.407055183695026163e-02
2.407055183695026163e-02
2.407055183695026163e-02
2.407055183695026163e-02
2.407055183695026163e-02
2.407055183695026163e-02
1.170618398808231063e-02
1.150360331046102261e-02
1.150360331046102261e-02
1.150360331046102261e-02
1.150360331046102261e-02
1.150360331046102261e-02
1.150360331046102261e-02
1.150360331046102261e-02
1.150360331046102261e-02
1.150360331046102261e-02
1.150360331046102261e-02
1.150360331046102261e-02
1.150360331046102261e-02
1.150360331046102261e-02
1.150360331046102261e-02
1.150360331046102261e-02
1.150360331046102261e-02
1.150360331046102261e-02
1.150360331046102261e-02
1.150360331046102261e-02
1.150360331046102261e-02
2.368833400170812856e-02
2.368833400170812856e-02
2.368833400170812856e-02
2.368833400170812856e-02
2.368833400170812856e-02
2.368833400170812856e-02
2.368833400170812856e-02
2.368833400170812856e-02
2.368833400170812856e-02
2.368833400170812856e-02
2.368833400170812856e-02
2.368833400170812856e-02
2.368833400170812856e-02
2.368833400170812856e-02
2.368833400170812856e-02
2.368833400170812856e-02
2.368833400170812856e-02
2.368833400170812856e-02
2.368833400170812856e-02
2.368833400170812856e-02
2.368833400170812856e-02
2.368833400170812856e-02
2.368833400170812856e-02
0.000000000000000000e+00
0.000000000000000000e+00
0.000000000000000000e+00
0.000000000000000000e+00
0.000000000000000000e+00
0.000000000000000000e+00
0.000000000000000000e+00
0.000000000000000000e+00
2.839990785969308436e-03
2.839990785969308436e-03
2.839990785969308436e-03
2.839990785969308436e-03
2.839990785969308436e-03
2.839990785969308436e-03
2.839990785969308436e-03
2.839990785969308436e-03
2.839990785969308436e-03
2.839990785969308436e-03
2.839990785969308436e-03
2.839990785969308436e-03
9.089955679708798184e-03
8.863106563887906139e-04
8.863106563887906139e-04
8.863106563887906139e-04
8.863106563887906139e-04
8.863106563887906139e-04
8.863106563887906139e-04
8.863106563887906139e-04
8.863106563887906139e-04
1.543843793588289305e-02
0.000000000000000000e+00
0.000000000000000000e+00
0.000000000000000000e+00
0.000000000000000000e+00
0.000000000000000000e+00
0.000000000000000000e+00
0.000000000000000000e+00
0.000000000000000000e+00
0.000000000000000000e+00
0.000000000000000000e+00
0.000000000000000000e+00
0.000000000000000000e+00
0.000000000000000000e+00
2.228333309940150678e-02
1.822792374798052825e-02
1.822792374798052825e-02
3.778122812059684331e-03
1.210858073139936368e-02
1.210858073139936368e-02
1.210858073139936368e-02
1.210858073139936368e-02
1.210858073139936368e-02
1.210858073139936368e-02
1.210858073139936368e-02
1.210858073139936368e-02
1.210858073139936368e-02
1.210858073139936368e-02
1.210858073139936368e-02
1.210858073139936368e-02
1.210858073139936368e-02
1.210858073139936368e-02
1.210858073139936368e-02
1.210858073139936368e-02
1.210858073139936368e-02
1.210858073139936368e-02
1.210858073139936368e-02
1.210858073139936368e-02
1.210858073139936368e-02
1.210858073139936368e-02
9.364174304858918774e-03
1.621090784610447477e-02
1.621090784610447477e-02
1.621090784610447477e-02
1.621090784610447477e-02
1.621090784610447477e-02
1.621090784610447477e-02
5.213276392276951568e-03
5.610203072925611968e-03
5.610203072925611968e-03
6.128013359918027536e-03
5.610203072925611968e-03
5.610203072925611968e-03
5.610203072925611968e-03
5.610203072925611968e-03
5.610203072925611968e-03
5.610203072925611968e-03
5.610203072925611968e-03
5.610203072925611968e-03
5.610203072925611968e-03
5.610203072925611968e-03
5.610203072925611968e-03
5.610203072925611968e-03
5.610203072925611968e-03
1.469993532515958927e-02
1.469993532515958927e-02
1.469993532515958927e-02
1.469993532515958927e-02
1.226473898822227904e-02
1.720833904655104689e-03
1.720833904655104689e-03
1.720833904655104689e-03
1.720833904655104689e-03
1.720833904655104689e-03
1.720833904655104689e-03
1.720833904655104689e-03
1.720833904655104689e-03
1.720833904655104689e-03
1.720833904655104689e-03
1.720833904655104689e-03
1.720833904655104689e-03
1.720833904655104689e-03
1.720833904655104689e-03
1.720833904655104689e-03
1.720833904655104689e-03
2.431984850006663201e-02
1.388881098619288530e-03
1.388881098619288530e-03
1.388881098619288530e-03
1.388881098619288530e-03
1.388881098619288530e-03
1.388881098619288530e-03
1.388881098619288530e-03
1.388881098619288530e-03
1.388881098619288530e-03
1.388881098619288530e-03
1.177350712621147780e-02
1.177350712621147780e-02
1.177350712621147780e-02
1.808933874801718633e-02
6.994089996794813566e-03
6.994089996794813566e-03
6.994089996794813566e-03
6.994089996794813566e-03
6.994089996794813566e-03
6.994089996794813566e-03
1.721528268391751826e-02
1.721528268391751826e-02
0.000000000000000000e+00
8.343233211959962198e-04
8.343233211959962198e-04
8.343233211959962198e-04
8.343233211959962198e-04
2.401366242151808245e-02
3.389647566753715979e-02
3.389647566753715979e-02
3.389647566753715979e-02
3.389647566753715979e-02
1.109452022682582556e-02
1.109452022682582556e-02
1.109452022682582556e-02
1.109452022682582556e-02
1.109452022682582556e-02
1.109452022682582556e-02
1.109452022682582556e-02
1.109452022682582556e-02
1.109452022682582556e-02
1.109452022682582556e-02
1.109452022682582556e-02
2.759125769191824677e-03
2.558442818609951708e-03
2.558442818609951708e-03
2.558442818609951708e-03
2.558442818609951708e-03
4.299331656352778537e-03
8.170818486119090993e-03
8.170818486119090993e-03
8.170818486119090993e-03
8.170818486119090993e-03
8.170818486119090993e-03
8.170818486119090993e-03
8.170818486119090993e-03
8.170818486119090993e-03
8.170818486119090993e-03
8.170818486119090993e-03
8.170818486119090993e-03
8.170818486119090993e-03
8.170818486119090993e-03
8.170818486119090993e-03
8.170818486119090993e-03
8.170818486119090993e-03
8.170818486119090993e-03
8.170818486119090993e-03
8.170818486119090993e-03
8.170818486119090993e-03
8.170818486119090993e-03
8.170818486119090993e-03
8.170818486119090993e-03
8.170818486119090993e-03
8.170818486119090993e-03
8.170818486119090993e-03
8.170818486119090993e-03
8.170818486119090993e-03
8.170818486119090993e-03
8.170818486119090993e-03
6.923492594886440296e-03
8.170818486119090993e-03
2.924590871036234288e-02
6.819643646372235482e-03
6.819643646372235482e-03
6.819643646372235482e-03
6.819643646372235482e-03
6.819643646372235482e-03
6.819643646372235482e-03
6.819643646372235482e-03
6.819643646372235482e-03
1.325904495683769349e-02
7.956692871430745551e-02
7.956692871430745551e-02
7.956692871430745551e-02
7.956692871430745551e-02
7.956692871430745551e-02
1.169256457946606272e-02
1.013497673800381992e-02
1.013497673800381992e-02
1.013497673800381992e-02
1.013497673800381992e-02
1.013497673800381992e-02
1.013497673800381992e-02
1.013497673800381992e-02
1.013497673800381992e-02
1.013497673800381992e-02
1.013497673800381992e-02
1.768449092408231737e-03
3.619481856717180618e-03
3.619481856717180618e-03
7.691045687610054702e-04
7.691045687610054702e-04
7.691045687610054702e-04
7.691045687610054702e-04
7.691045687610054702e-04
7.691045687610054702e-04
7.691045687610054702e-04
7.691045687610054702e-04
7.691045687610054702e-04
7.691045687610054702e-04
7.691045687610054702e-04
7.691045687610054702e-04
7.691045687610054702e-04
7.691045687610054702e-04
7.691045687610054702e-04
7.691045687610054702e-04
7.691045687610054702e-04
7.691045687610054702e-04
7.691045687610054702e-04
7.691045687610054702e-04
7.691045687610054702e-04
7.691045687610054702e-04
7.691045687610054702e-04
7.691045687610054702e-04
7.691045687610054702e-04
7.691045687610054702e-04
7.691045687610054702e-04
8.201437197233521839e-03
4.399268191175128261e-03
4.399268191175128261e-03
4.399268191175128261e-03
4.399268191175128261e-03
4.399268191175128261e-03
4.399268191175128261e-03
3.974522288126586950e-02
4.958840379878592247e-02
4.958840379878592247e-02
4.958840379878592247e-02
4.958840379878592247e-02
4.958840379878592247e-02
4.958840379878592247e-02
4.958840379878592247e-02
4.958840379878592247e-02
3.279656962384477903e-02
3.279656962384477903e-02
3.279656962384477903e-02
3.279656962384477903e-02
3.279656962384477903e-02
3.279656962384477903e-02
3.279656962384477903e-02
3.279656962384477903e-02
3.279656962384477903e-02
3.279656962384477903e-02
3.279656962384477903e-02
3.279656962384477903e-02
3.279656962384477903e-02
0.000000000000000000e+00
0.000000000000000000e+00
0.000000000000000000e+00
0.000000000000000000e+00
0.000000000000000000e+00
0.000000000000000000e+00
0.000000000000000000e+00
0.000000000000000000e+00
0.000000000000000000e+00
3.788902894569592256e-02
3.788902894569592256e-02
3.788902894569592256e-02
3.788902894569592256e-02
3.788902894569592256e-02
3.788902894569592256e-02
3.788902894569592256e-02
3.788902894569592256e-02
3.788902894569592256e-02
3.788902894569592256e-02
1.384541180710526127e-02
6.978876273271383129e-03
6.978876273271383129e-03
1.326471503512816758e-02
9.574148784847148763e-02
9.574148784847148763e-02
9.574148784847148763e-02
9.574148784847148763e-02
1.039515881315548201e-02
7.240167404278400297e-03
7.240167404278400297e-03
0.000000000000000000e+00
0.000000000000000000e+00
0.000000000000000000e+00
0.000000000000000000e+00
0.000000000000000000e+00
0.000000000000000000e+00
0.000000000000000000e+00
0.000000000000000000e+00
0.000000000000000000e+00
0.000000000000000000e+00
0.000000000000000000e+00
1.468115737010184090e-03
1.211582605976267712e-02
1.211582605976267712e-02
1.468115737010184090e-03
1.852678586169439340e-02
1.852678586169439340e-02
1.852678586169439340e-02
1.852678586169439340e-02
1.852678586169439340e-02
1.852678586169439340e-02
1.852678586169439340e-02
1.852678586169439340e-02
2.050085835553686411e-02
4.313987817607931041e-03
4.313987817607931041e-03
4.313987817607931041e-03
4.313987817607931041e-03
4.313987817607931041e-03
1.437879808111006998e-02
1.437879808111006998e-02
1.437879808111006998e-02
1.437879808111006998e-02
1.437879808111006998e-02
1.437879808111006998e-02
1.437879808111006998e-02
1.437879808111006998e-02
1.437879808111006998e-02
1.437879808111006998e-02
1.437879808111006998e-02
6.947107637176238963e-03
4.680916460049901195e-03
4.680916460049901195e-03
4.680916460049901195e-03
4.680916460049901195e-03
4.680916460049901195e-03
4.680916460049901195e-03
4.225981899892337218e-02
1.005264138250698373e-02
1.005264138250698373e-02
1.005264138250698373e-02
1.005264138250698373e-02
1.005264138250698373e-02
1.005264138250698373e-02
1.005264138250698373e-02
1.005264138250698373e-02
1.005264138250698373e-02
1.005264138250698373e-02
1.005264138250698373e-02
1.005264138250698373e-02
4.837474034531676070e-02
3.283901353373334941e-02
3.283901353373334941e-02
3.283901353373334941e-02
3.283901353373334941e-02
3.283901353373334941e-02
3.283901353373334941e-02
3.283901353373334941e-02
3.283901353373334941e-02
0.000000000000000000e+00
6.324594181660697124e-03
6.324594181660697124e-03
6.324594181660697124e-03
6.324594181660697124e-03
1.522862324096150959e-02
7.864219175622832667e-03
7.864219175622832667e-03
7.864219175622832667e-03
7.864219175622832667e-03
4.714532573439938340e-03
2.371588291818923361e-02
2.371588291818923361e-02
2.371588291818923361e-02
2.371588291818923361e-02
0.000000000000000000e+00
0.000000000000000000e+00
0.000000000000000000e+00
0.000000000000000000e+00
0.000000000000000000e+00
0.000000000000000000e+00
0.000000000000000000e+00
0.000000000000000000e+00
0.000000000000000000e+00
1.863452041499946352e-02
1.266471908157208552e-02
1.266471908157208552e-02
1.266471908157208552e-02
1.266471908157208552e-02
1.266471908157208552e-02
1.266471908157208552e-02
1.266471908157208552e-02
1.266471908157208552e-02
1.266471908157208552e-02
1.266471908157208552e-02
1.266471908157208552e-02
1.266471908157208552e-02
1.266471908157208552e-02
1.266471908157208552e-02
1.266471908157208552e-02
1.266471908157208552e-02
9.398805183969034110e-03
9.398805183969034110e-03
9.398805183969034110e-03
9.398805183969034110e-03
9.398805183969034110e-03
9.398805183969034110e-03
9.398805183969034110e-03
9.398805183969034110e-03
9.398805183969034110e-03
9.398805183969034110e-03
9.398805183969034110e-03
9.398805183969034110e-03
9.398805183969034110e-03
9.398805183969034110e-03
9.398805183969034110e-03
9.398805183969034110e-03
9.398805183969034110e-03
9.398805183969034110e-03
9.398805183969034110e-03
9.398805183969034110e-03
9.398805183969034110e-03
9.398805183969034110e-03
9.398805183969034110e-03
7.748396763791266621e-03
4.849035724829252846e-03
4.849035724829252846e-03
4.849035724829252846e-03
4.849035724829252846e-03
4.849035724829252846e-03
4.849035724829252846e-03
4.849035724829252846e-03
4.849035724829252846e-03
4.849035724829252846e-03
4.849035724829252846e-03
4.849035724829252846e-03
4.849035724829252846e-03
4.849035724829252846e-03
4.849035724829252846e-03
4.849035724829252846e-03
4.849035724829252846e-03
4.849035724829252846e-03
4.849035724829252846e-03
4.849035724829252846e-03
4.849035724829252846e-03
4.849035724829252846e-03
4.849035724829252846e-03
4.849035724829252846e-03
4.849035724829252846e-03
4.849035724829252846e-03
4.849035724829252846e-03
3.025662945850356948e-03
0.000000000000000000e+00
0.000000000000000000e+00
0.000000000000000000e+00
0.000000000000000000e+00
0.000000000000000000e+00
0.000000000000000000e+00
0.000000000000000000e+00
0.000000000000000000e+00
1.111595284593154889e-02
1.111595284593154889e-02
1.111595284593154889e-02
1.111595284593154889e-02
1.111595284593154889e-02
1.111595284593154889e-02
1.111595284593154889e-02
1.111595284593154889e-02
1.111595284593154889e-02
1.111595284593154889e-02
1.111595284593154889e-02
1.111595284593154889e-02
1.111595284593154889e-02
0.000000000000000000e+00
0.000000000000000000e+00
1.668292110108040086e-02
7.616540695795146095e-03
7.616540695795146095e-03
7.616540695795146095e-03
7.616540695795146095e-03
1.326471503512816758e-02
1.326471503512816758e-02
1.326471503512816758e-02
1.326471503512816758e-02
1.326471503512816758e-02
1.326471503512816758e-02
2.409456863267774029e-03
1.785040695924048487e-02
1.785040695924048487e-02
1.785040695924048487e-02
1.785040695924048487e-02
1.785040695924048487e-02
1.785040695924048487e-02
1.503105761270529493e-02
0.000000000000000000e+00
0.000000000000000000e+00
8.172827633725785954e-03
1.796615768056091921e-03
1.796615768056091921e-03
9.970301158217341128e-03
9.970301158217341128e-03
9.970301158217341128e-03
9.970301158217341128e-03
9.970301158217341128e-03
3.437062556334695169e-03
9.970301158217341128e-03
0.000000000000000000e+00
0.000000000000000000e+00
0.000000000000000000e+00
0.000000000000000000e+00
0.000000000000000000e+00
6.048076582448100487e-03
2.059331928258420832e-02
2.059331928258420832e-02
2.059331928258420832e-02
2.059331928258420832e-02
2.059331928258420832e-02
2.059331928258420832e-02
2.059331928258420832e-02
2.059331928258420832e-02
2.506477351402176118e-02
6.342094626957891362e-03
6.342094626957891362e-03
6.342094626957891362e-03
6.342094626957891362e-03
6.342094626957891362e-03
6.342094626957891362e-03
7.748396763791266621e-03
7.748396763791266621e-03
7.748396763791266621e-03
7.748396763791266621e-03
7.748396763791266621e-03
7.748396763791266621e-03
7.748396763791266621e-03
7.748396763791266621e-03
3.169869866418371235e-02
2.759956459602681822e-02
2.759956459602681822e-02
2.759956459602681822e-02
2.759956459602681822e-02
2.759956459602681822e-02
1.832867218328465900e-02
3.909457975170346766e-02
3.909457975170346766e-02
3.909457975170346766e-02
3.909457975170346766e-02
3.909457975170346766e-02
3.909457975170346766e-02
1.553204245425386480e-02
1.553204245425386480e-02
1.553204245425386480e-02
1.553204245425386480e-02
1.553204245425386480e-02
1.553204245425386480e-02
1.553204245425386480e-02
1.553204245425386480e-02
1.553204245425386480e-02
1.553204245425386480e-02
1.553204245425386480e-02
2.029051512842899516e-02
2.144977848016852654e-03
2.144977848016852654e-03
2.144977848016852654e-03
2.144977848016852654e-03
1.250064099313733315e-02
1.250064099313733315e-02
1.250064099313733315e-02
1.593794481067348223e-02
1.893991384382762155e-02
1.893991384382762155e-02
1.893991384382762155e-02
1.893991384382762155e-02
1.893991384382762155e-02
1.893991384382762155e-02
1.699006279942561620e-02
1.740172176866409612e-02
1.740172176866409612e-02
2.492455388563824883e-02
3.093089710575970888e-02
3.093089710575970888e-02
3.093089710575970888e-02
3.093089710575970888e-02
2.566584617778390823e-02
2.566584617778390823e-02
2.566584617778390823e-02
2.566584617778390823e-02
2.566584617778390823e-02
2.566584617778390823e-02
2.566584617778390823e-02
2.566584617778390823e-02
2.566584617778390823e-02
2.566584617778390823e-02
2.566584617778390823e-02
1.073671295718931981e-02
3.202708203777981238e-02
3.202708203777981238e-02
3.202708203777981238e-02
3.202708203777981238e-02
2.177642051210748261e-02
1.677022867721972635e-03
1.677022867721972635e-03
1.072942588982706349e-02
1.169311246982828768e-02
1.169311246982828768e-02
1.169311246982828768e-02
1.169311246982828768e-02
1.169311246982828768e-02
1.169311246982828768e-02
1.169311246982828768e-02
1.169311246982828768e-02
4.299331656352778537e-03
6.239256185280862149e-03
6.239256185280862149e-03
6.239256185280862149e-03
6.239256185280862149e-03
6.239256185280862149e-03
6.239256185280862149e-03
2.759125769191824677e-03
2.955521491695034964e-03
2.955521491695034964e-03
2.955521491695034964e-03
2.955521491695034964e-03
5.204519963574179113e-03
1.812063399453094081e-02
1.812063399453094081e-02
1.812063399453094081e-02
1.812063399453094081e-02
1.345623983000597892e-02
7.821455221028787014e-03
7.821455221028787014e-03
7.821455221028787014e-03
7.821455221028787014e-03
7.821455221028787014e-03
7.821455221028787014e-03
7.821455221028787014e-03
7.821455221028787014e-03
4.628978703948585468e-04
4.628978703948585468e-04
4.628978703948585468e-04
4.628978703948585468e-04
0.000000000000000000e+00
1.918794788186225023e-02
1.918794788186225023e-02
1.918794788186225023e-02
1.918794788186225023e-02
1.918794788186225023e-02
1.918794788186225023e-02
1.918794788186225023e-02
1.918794788186225023e-02
1.918794788186225023e-02
1.918794788186225023e-02
1.156772878314159606e-03
3.593449664777625605e-03
3.593449664777625605e-03
7.138363003438769235e-03
0.000000000000000000e+00
9.826885505529681097e-03
9.826885505529681097e-03
9.826885505529681097e-03
9.826885505529681097e-03
9.826885505529681097e-03
9.826885505529681097e-03
9.826885505529681097e-03
9.826885505529681097e-03
9.826885505529681097e-03
9.826885505529681097e-03
9.826885505529681097e-03
9.826885505529681097e-03
9.826885505529681097e-03
9.826885505529681097e-03
9.826885505529681097e-03
9.826885505529681097e-03
9.826885505529681097e-03
9.826885505529681097e-03
9.826885505529681097e-03
0.000000000000000000e+00
0.000000000000000000e+00
0.000000000000000000e+00
0.000000000000000000e+00
0.000000000000000000e+00
0.000000000000000000e+00
9.671403608797242077e-03
2.017256340643609064e-02
2.017256340643609064e-02
2.017256340643609064e-02
2.017256340643609064e-02
2.017256340643609064e-02
2.017256340643609064e-02
3.447077393971838960e-02
1.251746176502700585e-02
1.251746176502700585e-02
1.251746176502700585e-02
1.251746176502700585e-02
0.000000000000000000e+00
0.000000000000000000e+00
0.000000000000000000e+00
0.000000000000000000e+00
0.000000000000000000e+00
0.000000000000000000e+00
0.000000000000000000e+00
0.000000000000000000e+00
0.000000000000000000e+00
2.162555995304302116e-03
2.162555995304302116e-03
0.000000000000000000e+00
7.621939526763578387e-03
7.621939526763578387e-03
7.621939526763578387e-03
7.621939526763578387e-03
7.621939526763578387e-03
7.621939526763578387e-03
7.621939526763578387e-03
7.621939526763578387e-03
7.621939526763578387e-03
7.621939526763578387e-03
7.621939526763578387e-03
7.621939526763578387e-03
3.136022617994124544e-04
3.434993334502020601e-03
3.434993334502020601e-03
3.434993334502020601e-03
3.434993334502020601e-03
3.434993334502020601e-03
3.434993334502020601e-03
3.434993334502020601e-03
3.434993334502020601e-03
3.434993334502020601e-03
3.434993334502020601e-03
3.434993334502020601e-03
3.434993334502020601e-03
3.434993334502020601e-03
3.434993334502020601e-03
3.434993334502020601e-03
3.434993334502020601e-03
3.434993334502020601e-03
3.434993334502020601e-03
3.434993334502020601e-03
3.434993334502020601e-03
1.088980927032216599e-02
1.548731396507706595e-02
1.548731396507706595e-02
1.548731396507706595e-02
1.548731396507706595e-02
1.548731396507706595e-02
1.548731396507706595e-02
1.548731396507706595e-02
1.548731396507706595e-02
1.548731396507706595e-02
1.548731396507706595e-02
1.548731396507706595e-02
1.548731396507706595e-02
0.000000000000000000e+00
0.000000000000000000e+00
0.000000000000000000e+00
0.000000000000000000e+00
0.000000000000000000e+00
1.494435288238134653e-03
2.107807863774735068e-03
2.107807863774735068e-03
2.107807863774735068e-03
2.107807863774735068e-03
2.107807863774735068e-03
2.107807863774735068e-03
9.542964707262614060e-03
4.811648174067113121e-03
4.811648174067113121e-03
4.811648174067113121e-03
4.811648174067113121e-03
4.811648174067113121e-03
4.811648174067113121e-03
4.811648174067113121e-03
4.811648174067113121e-03
3.437062556334695169e-03
1.333585797748750718e-02
3.575344912229287708e-04
1.333585797748750718e-02
1.333585797748750718e-02
1.333585797748750718e-02
1.333585797748750718e-02
1.333585797748750718e-02
0.000000000000000000e+00
0.000000000000000000e+00
0.000000000000000000e+00
0.000000000000000000e+00
0.000000000000000000e+00
0.000000000000000000e+00
0.000000000000000000e+00
0.000000000000000000e+00
0.000000000000000000e+00
0.000000000000000000e+00
0.000000000000000000e+00
0.000000000000000000e+00
0.000000000000000000e+00
0.000000000000000000e+00
5.259720164936891248e-03
0.000000000000000000e+00
0.000000000000000000e+00
0.000000000000000000e+00
0.000000000000000000e+00
0.000000000000000000e+00
0.000000000000000000e+00
0.000000000000000000e+00
0.000000000000000000e+00
0.000000000000000000e+00
0.000000000000000000e+00
0.000000000000000000e+00
0.000000000000000000e+00
6.445857113414212199e-03
3.904123894064354117e-02
3.904123894064354117e-02
3.904123894064354117e-02
3.904123894064354117e-02
3.904123894064354117e-02
3.904123894064354117e-02
3.904123894064354117e-02
3.904123894064354117e-02
5.159516737651186936e-03
4.184732941230737482e-03
4.184732941230737482e-03
0.000000000000000000e+00
0.000000000000000000e+00
0.000000000000000000e+00
0.000000000000000000e+00
0.000000000000000000e+00
0.000000000000000000e+00
0.000000000000000000e+00
0.000000000000000000e+00
0.000000000000000000e+00
0.000000000000000000e+00
0.000000000000000000e+00
0.000000000000000000e+00
0.000000000000000000e+00
0.000000000000000000e+00
0.000000000000000000e+00
0.000000000000000000e+00
0.000000000000000000e+00
0.000000000000000000e+00
0.000000000000000000e+00
0.000000000000000000e+00
0.000000000000000000e+00
3.472562133159794173e-03
3.472562133159794173e-03
3.472562133159794173e-03
3.472562133159794173e-03
3.472562133159794173e-03
3.472562133159794173e-03
3.472562133159794173e-03
3.472562133159794173e-03
3.472562133159794173e-03
3.472562133159794173e-03
3.472562133159794173e-03
0.000000000000000000e+00
9.577127279791789946e-03
9.577127279791789946e-03
9.577127279791789946e-03
9.577127279791789946e-03
1.459499238306711556e-02
2.261960362695658242e-02
2.261960362695658242e-02
1.417887668697076714e-03
1.415653013572112581e-02
1.415653013572112581e-02
1.415653013572112581e-02
1.415653013572112581e-02
1.415653013572112581e-02
1.415653013572112581e-02
1.415653013572112581e-02
1.415653013572112581e-02
1.415653013572112581e-02
1.415653013572112581e-02
1.415653013572112581e-02
1.415653013572112581e-02
3.611205425874683319e-03
1.249578761327678998e-02
1.249578761327678998e-02
5.350494940326236924e-03
7.392664779637435520e-03
7.392664779637435520e-03
7.392664779637435520e-03
7.392664779637435520e-03
1.431732228447852662e-03
1.034765851787560267e-02
1.034765851787560267e-02
1.034765851787560267e-02
1.034765851787560267e-02
8.165584026210499086e-03
1.591259499823449025e-02
1.591259499823449025e-02
1.591259499823449025e-02
1.591259499823449025e-02
1.591259499823449025e-02
1.591259499823449025e-02
1.591259499823449025e-02
1.591259499823449025e-02
1.559937895721844568e-02
4.524697906981403443e-03
4.524697906981403443e-03
4.524697906981403443e-03
4.524697906981403443e-03
4.524697906981403443e-03
4.524697906981403443e-03
1.507564360920382075e-02
1.955464059672362698e-02
1.955464059672362698e-02
1.955464059672362698e-02
1.955464059672362698e-02
1.955464059672362698e-02
1.955464059672362698e-02
1.955464059672362698e-02
1.955464059672362698e-02
0.000000000000000000e+00
1.420223038266507296e-02
1.420223038266507296e-02
1.420223038266507296e-02
1.420223038266507296e-02
1.420223038266507296e-02
1.420223038266507296e-02
1.420223038266507296e-02
1.420223038266507296e-02
1.420223038266507296e-02
1.420223038266507296e-02
1.420223038266507296e-02
1.420223038266507296e-02
1.420223038266507296e-02
1.420223038266507296e-02
1.601159835071639878e-02
3.293524853115206708e-02
3.293524853115206708e-02
3.293524853115206708e-02
3.293524853115206708e-02
3.293524853115206708e-02
3.293524853115206708e-02
1.459499238306711556e-02
1.459499238306711556e-02
1.459499238306711556e-02
1.459499238306711556e-02
1.459499238306711556e-02
1.459499238306711556e-02
1.459499238306711556e-02
1.459499238306711556e-02
1.601159835071639878e-02
1.601159835071639878e-02
1.601159835071639878e-02
1.601159835071639878e-02
1.601159835071639878e-02
1.601159835071639878e-02
1.601159835071639878e-02
1.601159835071639878e-02
1.601159835071639878e-02
1.601159835071639878e-02
1.601159835071639878e-02
1.601159835071639878e-02
2.462642706683244170e-02
2.462642706683244170e-02
2.462642706683244170e-02
2.462642706683244170e-02
2.462642706683244170e-02
2.462642706683244170e-02
2.462642706683244170e-02
2.462642706683244170e-02
2.462642706683244170e-02
2.462642706683244170e-02
2.462642706683244170e-02
2.462642706683244170e-02
2.462642706683244170e-02
2.462642706683244170e-02
2.462642706683244170e-02
0.000000000000000000e+00
1.133300231244174262e-02
1.133300231244174262e-02
1.133300231244174262e-02
1.133300231244174262e-02
1.133300231244174262e-02
1.133300231244174262e-02
1.133300231244174262e-02
1.133300231244174262e-02
1.133300231244174262e-02
1.133300231244174262e-02
1.133300231244174262e-02
1.133300231244174262e-02
1.133300231244174262e-02
1.133300231244174262e-02
1.133300231244174262e-02
1.133300231244174262e-02
1.133300231244174262e-02
1.133300231244174262e-02
1.133300231244174262e-02
1.133300231244174262e-02
1.133300231244174262e-02
1.133300231244174262e-02
1.133300231244174262e-02
1.133300231244174262e-02
1.133300231244174262e-02
1.133300231244174262e-02
1.668292110108040086e-02
1.668292110108040086e-02
1.668292110108040086e-02
1.668292110108040086e-02
1.668292110108040086e-02
1.668292110108040086e-02
1.223079319460201181e-02
1.223079319460201181e-02
1.223079319460201181e-02
1.223079319460201181e-02
1.223079319460201181e-02
1.223079319460201181e-02
1.223079319460201181e-02
1.223079319460201181e-02
1.223079319460201181e-02
1.223079319460201181e-02
1.223079319460201181e-02
2.992569682979031101e-02
3.025662945850356948e-03
3.025662945850356948e-03
3.025662945850356948e-03
1.825666453991314775e-02
9.239867622805007785e-03
9.239867622805007785e-03
9.239867622805007785e-03
9.239867622805007785e-03
9.239867622805007785e-03
9.239867622805007785e-03
9.239867622805007785e-03
9.239867622805007785e-03
9.239867622805007785e-03
9.239867622805007785e-03
9.239867622805007785e-03
9.239867622805007785e-03
1.977098169235097860e-02
2.745066067971308962e-02
2.745066067971308962e-02
2.745066067971308962e-02
2.745066067971308962e-02
4.288248399830269300e-03
4.288248399830269300e-03
4.288248399830269300e-03
4.288248399830269300e-03
4.288248399830269300e-03
4.288248399830269300e-03
4.288248399830269300e-03
4.288248399830269300e-03
4.288248399830269300e-03
4.288248399830269300e-03
4.288248399830269300e-03
2.612255721067836042e-03
1.978450078359334646e-02
1.978450078359334646e-02
1.978450078359334646e-02
1.978450078359334646e-02
1.978450078359334646e-02
1.978450078359334646e-02
1.156772878314159606e-03
1.156772878314159606e-03
1.156772878314159606e-03
1.156772878314159606e-03
1.156772878314159606e-03
1.156772878314159606e-03
1.156772878314159606e-03
1.156772878314159606e-03
2.015863374356325483e-02
6.533532221554443076e-03
6.533532221554443076e-03
6.533532221554443076e-03
6.533532221554443076e-03
2.316298828777487231e-02
2.756164756151984960e-02
2.756164756151984960e-02
2.756164756151984960e-02
2.756164756151984960e-02
0.000000000000000000e+00
0.000000000000000000e+00
0.000000000000000000e+00
0.000000000000000000e+00
0.000000000000000000e+00
0.000000000000000000e+00
0.000000000000000000e+00
0.000000000000000000e+00
0.000000000000000000e+00
0.000000000000000000e+00
0.000000000000000000e+00
0.000000000000000000e+00
0.000000000000000000e+00
0.000000000000000000e+00
0.000000000000000000e+00
3.335592084000411212e-02
3.335592084000411212e-02
3.335592084000411212e-02
3.335592084000411212e-02
4.678503650283948739e-03
7.345560147749262588e-03
7.345560147749262588e-03
1.432270754251847855e-02
7.345560147749262588e-03
7.345560147749262588e-03
7.345560147749262588e-03
7.345560147749262588e-03
7.345560147749262588e-03
1.959358620020450886e-02
2.223292623835268142e-02
2.223292623835268142e-02
2.223292623835268142e-02
2.223292623835268142e-02
2.223292623835268142e-02
2.223292623835268142e-02
2.223292623835268142e-02
2.223292623835268142e-02
2.223292623835268142e-02
2.223292623835268142e-02
2.223292623835268142e-02
2.223292623835268142e-02
2.223292623835268142e-02
2.223292623835268142e-02
2.223292623835268142e-02
2.223292623835268142e-02
2.223292623835268142e-02
2.223292623835268142e-02
2.223292623835268142e-02
2.223292623835268142e-02
2.223292623835268142e-02
2.223292623835268142e-02
2.223292623835268142e-02
2.223292623835268142e-02
2.223292623835268142e-02
2.223292623835268142e-02
2.223292623835268142e-02
2.223292623835268142e-02
2.223292623835268142e-02
2.223292623835268142e-02
2.223292623835268142e-02
2.223292623835268142e-02
2.223292623835268142e-02
2.223292623835268142e-02
2.223292623835268142e-02
2.223292623835268142e-02
2.223292623835268142e-02
2.223292623835268142e-02
2.223292623835268142e-02
2.223292623835268142e-02
2.223292623835268142e-02
2.223292623835268142e-02
2.223292623835268142e-02
2.223292623835268142e-02
2.223292623835268142e-02
2.223292623835268142e-02
2.223292623835268142e-02
2.223292623835268142e-02
2.223292623835268142e-02
2.223292623835268142e-02
2.223292623835268142e-02
2.223292623835268142e-02
2.223292623835268142e-02
2.223292623835268142e-02
2.223292623835268142e-02
2.223292623835268142e-02
2.223292623835268142e-02
2.223292623835268142e-02
1.134929876023116867e-02
0.000000000000000000e+00
0.000000000000000000e+00
1.606591231322383739e-02
8.231962999665901060e-03
8.231962999665901060e-03
8.231962999665901060e-03
8.231962999665901060e-03
8.231962999665901060e-03
8.231962999665901060e-03
8.231962999665901060e-03
8.231962999665901060e-03
8.231962999665901060e-03
8.231962999665901060e-03
8.231962999665901060e-03
8.231962999665901060e-03
8.231962999665901060e-03
1.677663069472083495e-03
1.699006279942561620e-02
1.471676890072951688e-02
7.506224278473925919e-03
7.506224278473925919e-03
7.506224278473925919e-03
7.506224278473925919e-03
7.506224278473925919e-03
7.506224278473925919e-03
7.506224278473925919e-03
7.506224278473925919e-03
7.506224278473925919e-03
7.506224278473925919e-03
7.388696124324565552e-03
6.578760349201510276e-04
6.578760349201510276e-04
6.578760349201510276e-04
6.578760349201510276e-04
6.578760349201510276e-04
6.578760349201510276e-04
2.077421741897056071e-02
1.507564360920382075e-02
1.507564360920382075e-02
1.507564360920382075e-02
1.969084428513334368e-04
1.379487830934874801e-02
1.379487830934874801e-02
1.752574397673705223e-02
0.000000000000000000e+00
0.000000000000000000e+00
6.269930535468767885e-02
1.754029554418164508e-02
1.754029554418164508e-02
1.754029554418164508e-02
1.754029554418164508e-02
1.754029554418164508e-02
1.754029554418164508e-02
1.754029554418164508e-02
1.754029554418164508e-02
1.754029554418164508e-02
1.754029554418164508e-02
1.754029554418164508e-02
1.754029554418164508e-02
1.754029554418164508e-02
1.754029554418164508e-02
1.310468970301805446e-02
1.932933323852609186e-02
1.932933323852609186e-02
1.932933323852609186e-02
1.932933323852609186e-02
2.589172591509900090e-02
2.589172591509900090e-02
2.589172591509900090e-02
2.589172591509900090e-02
2.589172591509900090e-02
2.589172591509900090e-02
2.589172591509900090e-02
2.589172591509900090e-02
2.589172591509900090e-02
2.589172591509900090e-02
2.589172591509900090e-02
0.000000000000000000e+00
0.000000000000000000e+00
0.000000000000000000e+00
0.000000000000000000e+00
0.000000000000000000e+00
0.000000000000000000e+00
0.000000000000000000e+00
0.000000000000000000e+00
0.000000000000000000e+00
0.000000000000000000e+00
0.000000000000000000e+00
0.000000000000000000e+00
0.000000000000000000e+00
3.795444867979326682e-03
3.795444867979326682e-03
3.795444867979326682e-03
3.795444867979326682e-03
3.795444867979326682e-03
3.795444867979326682e-03
3.795444867979326682e-03
3.795444867979326682e-03
3.795444867979326682e-03
3.795444867979326682e-03
3.795444867979326682e-03
3.795444867979326682e-03
3.795444867979326682e-03
3.795444867979326682e-03
3.795444867979326682e-03
9.978089396034317202e-04
1.701177047278282228e-02
1.701177047278282228e-02
1.701177047278282228e-02
1.701177047278282228e-02
2.088974034771047886e-02
6.746036637189977390e-03
6.746036637189977390e-03
6.746036637189977390e-03
6.746036637189977390e-03
6.746036637189977390e-03
6.746036637189977390e-03
3.143416675299528541e-03
3.143416675299528541e-03
3.143416675299528541e-03
3.143416675299528541e-03
3.143416675299528541e-03
3.143416675299528541e-03
3.143416675299528541e-03
3.143416675299528541e-03
3.143416675299528541e-03
3.143416675299528541e-03
3.143416675299528541e-03
1.115765335668622397e-02
1.115765335668622397e-02
1.115765335668622397e-02
1.115765335668622397e-02
1.115765335668622397e-02
1.115765335668622397e-02
1.115765335668622397e-02
1.115765335668622397e-02
1.115765335668622397e-02
1.115765335668622397e-02
1.115765335668622397e-02
1.365435756423135629e-03
1.187657363074767422e-02
1.187657363074767422e-02
1.187657363074767422e-02
1.187657363074767422e-02
0.000000000000000000e+00
8.302403678016646166e-03
8.302403678016646166e-03
8.302403678016646166e-03
8.302403678016646166e-03
8.302403678016646166e-03
8.302403678016646166e-03
8.302403678016646166e-03
8.302403678016646166e-03
8.302403678016646166e-03
8.302403678016646166e-03
1.009180313943291649e-03
0.000000000000000000e+00
0.000000000000000000e+00
2.613093731571232772e-02
7.803880788191385441e-03
7.803880788191385441e-03
7.803880788191385441e-03
7.803880788191385441e-03
7.803880788191385441e-03
7.803880788191385441e-03
2.212078091922709596e-03
2.326034766637141010e-02
2.326034766637141010e-02
2.326034766637141010e-02
2.326034766637141010e-02
2.326034766637141010e-02
2.326034766637141010e-02
2.326034766637141010e-02
2.326034766637141010e-02
4.018876193437630933e-04
0.000000000000000000e+00
0.000000000000000000e+00
0.000000000000000000e+00
3.778122812059684331e-03
3.778122812059684331e-03
3.778122812059684331e-03
3.778122812059684331e-03
3.778122812059684331e-03
3.778122812059684331e-03
3.778122812059684331e-03
3.778122812059684331e-03
3.778122812059684331e-03
1.059104386994946627e-02
1.418462460243084290e-02
1.418462460243084290e-02
1.418462460243084290e-02
1.418462460243084290e-02
1.418462460243084290e-02
1.418462460243084290e-02
1.418462460243084290e-02
1.418462460243084290e-02
1.418462460243084290e-02
1.418462460243084290e-02
1.418462460243084290e-02
1.418462460243084290e-02
1.418462460243084290e-02
1.418462460243084290e-02
3.034924874680482599e-03
1.159194544785368923e-02
1.159194544785368923e-02
2.489655718141073858e-03
1.261543737308096734e-02
1.261543737308096734e-02
1.261543737308096734e-02
1.261543737308096734e-02
1.261543737308096734e-02
1.261543737308096734e-02
1.261543737308096734e-02
1.261543737308096734e-02
0.000000000000000000e+00
0.000000000000000000e+00
0.000000000000000000e+00
0.000000000000000000e+00
0.000000000000000000e+00
0.000000000000000000e+00
0.000000000000000000e+00
0.000000000000000000e+00
0.000000000000000000e+00
0.000000000000000000e+00
0.000000000000000000e+00
0.000000000000000000e+00
0.000000000000000000e+00
5.176879340622383280e-03
3.253225027479435955e-02
3.253225027479435955e-02
4.405527473921901083e-03
7.997622851605981284e-03
7.997622851605981284e-03
7.997622851605981284e-03
7.997622851605981284e-03
7.997622851605981284e-03
7.997622851605981284e-03
1.592579990487070357e-02
8.973077063706775408e-03
8.973077063706775408e-03
8.973077063706775408e-03
8.973077063706775408e-03
5.866433545803554500e-02
1.375409475418526255e-02
1.375409475418526255e-02
1.375409475418526255e-02
1.375409475418526255e-02
1.375409475418526255e-02
1.375409475418526255e-02
1.375409475418526255e-02
1.375409475418526255e-02
1.375409475418526255e-02
1.375409475418526255e-02
1.375409475418526255e-02
1.375409475418526255e-02
1.375409475418526255e-02
1.375409475418526255e-02
1.375409475418526255e-02
1.375409475418526255e-02
1.375409475418526255e-02
1.375409475418526255e-02
1.375409475418526255e-02
1.375409475418526255e-02
1.375409475418526255e-02
1.375409475418526255e-02
1.375409475418526255e-02
1.375409475418526255e-02
1.375409475418526255e-02
1.375409475418526255e-02
1.375409475418526255e-02
1.375409475418526255e-02
1.375409475418526255e-02
1.375409475418526255e-02
1.375409475418526255e-02
1.375409475418526255e-02
1.375409475418526255e-02
1.375409475418526255e-02
1.375409475418526255e-02
1.375409475418526255e-02
1.375409475418526255e-02
1.375409475418526255e-02
1.375409475418526255e-02
1.375409475418526255e-02
1.375409475418526255e-02
1.375409475418526255e-02
1.375409475418526255e-02
1.375409475418526255e-02
2.017346633444184328e-02
1.355600480335721926e-02
1.355600480335721926e-02
1.355600480335721926e-02
1.355600480335721926e-02
1.355600480335721926e-02
1.355600480335721926e-02
1.355600480335721926e-02
1.355600480335721926e-02
1.017040996542184841e-02
1.542010360528152976e-04
1.542010360528152976e-04
1.542010360528152976e-04
1.542010360528152976e-04
1.542010360528152976e-04
1.542010360528152976e-04
1.542010360528152976e-04
1.542010360528152976e-04
1.542010360528152976e-04
1.542010360528152976e-04
1.542010360528152976e-04
1.542010360528152976e-04
1.542010360528152976e-04
1.542010360528152976e-04
1.542010360528152976e-04
1.542010360528152976e-04
0.000000000000000000e+00
1.594120125682039688e-02
1.594120125682039688e-02
1.594120125682039688e-02
1.594120125682039688e-02
1.594120125682039688e-02
0.000000000000000000e+00
0.000000000000000000e+00
0.000000000000000000e+00
9.671403608797242077e-03
3.541636586768581773e-04
3.541636586768581773e-04
3.541636586768581773e-04
3.541636586768581773e-04
1.577394787524602146e-02
1.548247481523417658e-02
1.548247481523417658e-02
1.548247481523417658e-02
1.548247481523417658e-02
6.831721617789772265e-03
0.000000000000000000e+00
5.081405998358280371e-03
5.081405998358280371e-03
5.081405998358280371e-03
5.081405998358280371e-03
5.081405998358280371e-03
5.081405998358280371e-03
5.081405998358280371e-03
5.081405998358280371e-03
5.081405998358280371e-03
5.081405998358280371e-03
5.081405998358280371e-03
5.081405998358280371e-03
5.081405998358280371e-03
5.081405998358280371e-03
5.081405998358280371e-03
5.081405998358280371e-03
5.081405998358280371e-03
5.081405998358280371e-03
5.081405998358280371e-03
5.081405998358280371e-03
5.081405998358280371e-03
3.834282570395617946e-03
3.834282570395617946e-03
3.834282570395617946e-03
3.834282570395617946e-03
3.834282570395617946e-03
3.834282570395617946e-03
3.834282570395617946e-03
7.756817009543017470e-03
3.834282570395617946e-03
2.118663931177807228e-02
2.118663931177807228e-02
2.118663931177807228e-02
2.118663931177807228e-02
2.118663931177807228e-02
2.118663931177807228e-02
2.118663931177807228e-02
2.118663931177807228e-02
2.118663931177807228e-02
2.118663931177807228e-02
2.118663931177807228e-02
4.433425845183316949e-03
1.983534347715348867e-02
1.983534347715348867e-02
1.983534347715348867e-02
1.983534347715348867e-02
1.064417110027223758e-02
5.485209289011625834e-03
5.485209289011625834e-03
5.485209289011625834e-03
5.485209289011625834e-03
3.162325777575172164e-02
3.162325777575172164e-02
3.162325777575172164e-02
3.162325777575172164e-02
3.162325777575172164e-02
3.162325777575172164e-02
3.162325777575172164e-02
3.162325777575172164e-02
3.162325777575172164e-02
3.162325777575172164e-02
3.162325777575172164e-02
3.034924874680482599e-03
3.034924874680482599e-03
3.034924874680482599e-03
3.034924874680482599e-03
3.034924874680482599e-03
3.034924874680482599e-03
3.034924874680482599e-03
3.034924874680482599e-03
3.034924874680482599e-03
3.034924874680482599e-03
3.667578794825277540e-03
8.172827633725785954e-03
8.172827633725785954e-03
8.172827633725785954e-03
8.172827633725785954e-03
8.172827633725785954e-03
8.172827633725785954e-03
8.172827633725785954e-03
8.172827633725785954e-03
8.172827633725785954e-03
0.000000000000000000e+00
4.966704933304265206e-03
4.966704933304265206e-03
4.966704933304265206e-03
4.966704933304265206e-03
4.966704933304265206e-03
4.966704933304265206e-03
4.966704933304265206e-03
4.966704933304265206e-03
4.966704933304265206e-03
4.966704933304265206e-03
1.232493794359145259e-02
1.661103020486658435e-02
1.661103020486658435e-02
4.405527473921901083e-03
4.405527473921901083e-03
4.405527473921901083e-03
4.405527473921901083e-03
2.017346633444184328e-02
2.017346633444184328e-02
2.017346633444184328e-02
2.017346633444184328e-02
2.017346633444184328e-02
2.017346633444184328e-02
2.017346633444184328e-02
2.017346633444184328e-02
2.017346633444184328e-02
2.017346633444184328e-02
2.017346633444184328e-02
2.017346633444184328e-02
4.538488022496318247e-02
7.743483535581579093e-04
7.743483535581579093e-04
7.743483535581579093e-04
7.743483535581579093e-04
7.743483535581579093e-04
7.743483535581579093e-04
7.743483535581579093e-04
7.743483535581579093e-04
7.743483535581579093e-04
7.743483535581579093e-04
7.743483535581579093e-04
7.743483535581579093e-04
7.743483535581579093e-04
7.743483535581579093e-04
7.743483535581579093e-04
7.743483535581579093e-04
7.743483535581579093e-04
7.743483535581579093e-04
7.743483535581579093e-04
7.743483535581579093e-04
7.743483535581579093e-04
7.743483535581579093e-04
7.743483535581579093e-04
7.743483535581579093e-04
3.551920684544230405e-02
7.608986162802248987e-03
7.608986162802248987e-03
7.608986162802248987e-03
7.608986162802248987e-03
7.608986162802248987e-03
7.608986162802248987e-03
7.608986162802248987e-03
7.608986162802248987e-03
1.283913625162256752e-02
1.028437409622359570e-02
1.028437409622359570e-02
1.028437409622359570e-02
1.028437409622359570e-02
6.112617999662411754e-03
4.433332791928322296e-03
4.433332791928322296e-03
4.433332791928322296e-03
4.433332791928322296e-03
3.036598846423351275e-02
1.614355898569697426e-02
1.614355898569697426e-02
1.614355898569697426e-02
1.614355898569697426e-02
2.335987625934779488e-02
1.030837210900867849e-02
1.030837210900867849e-02
1.030837210900867849e-02
1.030837210900867849e-02
3.563535103858169080e-03
2.040272855242213947e-03
2.040272855242213947e-03
2.040272855242213947e-03
2.040272855242213947e-03
2.201839550755965713e-02
1.327804009420142928e-02
1.327804009420142928e-02
1.766090277735138034e-02
0.000000000000000000e+00
0.000000000000000000e+00
0.000000000000000000e+00
0.000000000000000000e+00
1.320312898564907078e-02
1.059676002852353400e-03
1.059676002852353400e-03
1.059676002852353400e-03
1.059676002852353400e-03
1.059676002852353400e-03
1.059676002852353400e-03
1.059676002852353400e-03
1.059676002852353400e-03
1.059676002852353400e-03
1.059676002852353400e-03
1.059676002852353400e-03
1.059676002852353400e-03
1.059676002852353400e-03
1.059676002852353400e-03
1.104652564577108739e-02
1.104652564577108739e-02
1.104652564577108739e-02
1.104652564577108739e-02
1.104652564577108739e-02
1.104652564577108739e-02
1.104652564577108739e-02
1.104652564577108739e-02
1.104652564577108739e-02
1.104652564577108739e-02
1.104652564577108739e-02
4.616739666483586982e-03
7.954874686239914519e-03
7.954874686239914519e-03
7.954874686239914519e-03
7.954874686239914519e-03
7.954874686239914519e-03
7.954874686239914519e-03
7.954874686239914519e-03
7.954874686239914519e-03
7.954874686239914519e-03
7.954874686239914519e-03
2.387612954486626349e-03
3.190168586156840250e-03
3.190168586156840250e-03
0.000000000000000000e+00
9.774944719863237416e-03
9.774944719863237416e-03
9.774944719863237416e-03
9.774944719863237416e-03
9.774944719863237416e-03
9.774944719863237416e-03
9.774944719863237416e-03
9.774944719863237416e-03
9.774944719863237416e-03
9.774944719863237416e-03
9.774944719863237416e-03
9.774944719863237416e-03
9.774944719863237416e-03
9.774944719863237416e-03
9.774944719863237416e-03
9.774944719863237416e-03
9.774944719863237416e-03
9.774944719863237416e-03
9.774944719863237416e-03
9.774944719863237416e-03
9.774944719863237416e-03
9.774944719863237416e-03
9.774944719863237416e-03
9.774944719863237416e-03
9.774944719863237416e-03
9.774944719863237416e-03
3.540567290275419693e-03
3.540567290275419693e-03
3.540567290275419693e-03
3.540567290275419693e-03
3.540567290275419693e-03
3.540567290275419693e-03
3.540567290275419693e-03
3.540567290275419693e-03
3.369529532838341085e-02
4.695530700236943966e-02
4.695530700236943966e-02
2.271462903249651596e-02
0.000000000000000000e+00
0.000000000000000000e+00
5.573959271538943966e-02
4.040645013574175465e-02
4.040645013574175465e-02
4.040645013574175465e-02
4.040645013574175465e-02
4.040645013574175465e-02
4.040645013574175465e-02
4.040645013574175465e-02
4.040645013574175465e-02
4.040645013574175465e-02
4.040645013574175465e-02
4.040645013574175465e-02
4.040645013574175465e-02
4.040645013574175465e-02
4.040645013574175465e-02
4.040645013574175465e-02
4.040645013574175465e-02
8.116951486567949847e-03
2.401893178828919465e-02
2.401893178828919465e-02
2.401893178828919465e-02
3.036598846423351275e-02
3.036598846423351275e-02
3.036598846423351275e-02
3.036598846423351275e-02
3.036598846423351275e-02
3.036598846423351275e-02
9.545865905513392299e-03
9.545865905513392299e-03
9.545865905513392299e-03
9.545865905513392299e-03
9.545865905513392299e-03
9.545865905513392299e-03
9.545865905513392299e-03
9.545865905513392299e-03
9.545865905513392299e-03
9.545865905513392299e-03
9.545865905513392299e-03
9.545865905513392299e-03
9.545865905513392299e-03
9.545865905513392299e-03
9.545865905513392299e-03
9.545865905513392299e-03
9.545865905513392299e-03
9.545865905513392299e-03
9.545865905513392299e-03
2.607875662361324592e-03
1.658783273172649217e-02
1.658783273172649217e-02
1.658783273172649217e-02
1.658783273172649217e-02
1.075344926896239055e-02
1.075344926896239055e-02
1.075344926896239055e-02
1.075344926896239055e-02
1.075344926896239055e-02
1.075344926896239055e-02
1.075344926896239055e-02
1.075344926896239055e-02
1.075344926896239055e-02
1.075344926896239055e-02
1.075344926896239055e-02
1.075344926896239055e-02
1.075344926896239055e-02
1.075344926896239055e-02
1.075344926896239055e-02
1.075344926896239055e-02
1.075344926896239055e-02
1.075344926896239055e-02
1.075344926896239055e-02
1.075344926896239055e-02
1.075344926896239055e-02
1.221096105632202625e-02
1.544519992684680390e-02
1.544519992684680390e-02
1.544519992684680390e-02
1.544519992684680390e-02
1.544519992684680390e-02
1.544519992684680390e-02
1.544519992684680390e-02
1.544519992684680390e-02
1.092633970826948492e-02
1.155482241795913710e-02
1.155482241795913710e-02
1.155482241795913710e-02
1.155482241795913710e-02
1.155482241795913710e-02
1.155482241795913710e-02
1.155482241795913710e-02
1.155482241795913710e-02
1.155482241795913710e-02
1.155482241795913710e-02
0.000000000000000000e+00
0.000000000000000000e+00
0.000000000000000000e+00
0.000000000000000000e+00
0.000000000000000000e+00
1.293493403191461281e-03
2.215862011754084898e-02
2.215862011754084898e-02
2.215862011754084898e-02
2.215862011754084898e-02
2.215862011754084898e-02
2.215862011754084898e-02
2.215862011754084898e-02
2.215862011754084898e-02
2.215862011754084898e-02
2.215862011754084898e-02
2.215862011754084898e-02
2.215862011754084898e-02
2.215862011754084898e-02
2.215862011754084898e-02
1.141092789089605958e-02
2.050783365063587899e-03
2.050783365063587899e-03
2.050783365063587899e-03
2.050783365063587899e-03
2.050783365063587899e-03
2.050783365063587899e-03
2.050783365063587899e-03
2.050783365063587899e-03
2.050783365063587899e-03
2.050783365063587899e-03
2.050783365063587899e-03
2.050783365063587899e-03
3.764826630026774784e-02
1.460497940684842531e-02
1.460497940684842531e-02
1.460497940684842531e-02
1.460497940684842531e-02
1.460497940684842531e-02
1.460497940684842531e-02
1.460497940684842531e-02
1.460497940684842531e-02
1.111823734871191134e-02
4.970344732817543430e-03
4.970344732817543430e-03
1.106677108402823531e-02
1.106677108402823531e-02
1.106677108402823531e-02
1.106677108402823531e-02
1.106677108402823531e-02
1.106677108402823531e-02
1.106677108402823531e-02
1.106677108402823531e-02
1.106677108402823531e-02
1.106677108402823531e-02
1.106677108402823531e-02
1.106677108402823531e-02
1.106677108402823531e-02
1.106677108402823531e-02
1.106677108402823531e-02
4.412133757187146690e-03
8.626714755838173904e-03
8.626714755838173904e-03
8.626714755838173904e-03
8.626714755838173904e-03
8.626714755838173904e-03
8.626714755838173904e-03
8.626714755838173904e-03
8.626714755838173904e-03
8.626714755838173904e-03
8.626714755838173904e-03
8.626714755838173904e-03
8.626714755838173904e-03
8.626714755838173904e-03
8.626714755838173904e-03
8.626714755838173904e-03
8.626714755838173904e-03
8.626714755838173904e-03
8.626714755838173904e-03
8.626714755838173904e-03
8.626714755838173904e-03
6.265622023046707456e-02
4.809789195751982410e-02
4.809789195751982410e-02
4.809789195751982410e-02
4.809789195751982410e-02
4.809789195751982410e-02
4.809789195751982410e-02
4.809789195751982410e-02
4.809789195751982410e-02
4.809789195751982410e-02
4.809789195751982410e-02
0.000000000000000000e+00
0.000000000000000000e+00
6.340521547962415898e-03
6.340521547962415898e-03
6.340521547962415898e-03
0.000000000000000000e+00
6.340521547962415898e-03
5.301395578584861858e-03
6.340521547962415898e-03
6.340521547962415898e-03
6.340521547962415898e-03
5.301395578584861858e-03
6.340521547962415898e-03
6.340521547962415898e-03
6.340521547962415898e-03
6.340521547962415898e-03
6.340521547962415898e-03
6.340521547962415898e-03
6.340521547962415898e-03
6.340521547962415898e-03
6.340521547962415898e-03
6.340521547962415898e-03
6.340521547962415898e-03
1.051662660046828041e-02
1.677400389150898383e-02
1.677400389150898383e-02
1.677400389150898383e-02
1.677400389150898383e-02
1.365435756423135629e-03
1.365435756423135629e-03
1.365435756423135629e-03
1.365435756423135629e-03
1.365435756423135629e-03
1.365435756423135629e-03
1.365435756423135629e-03
1.365435756423135629e-03
2.905362808889313045e-02
1.650801762777023840e-02
1.650801762777023840e-02
1.650801762777023840e-02
1.650801762777023840e-02
1.650801762777023840e-02
1.650801762777023840e-02
1.650801762777023840e-02
1.650801762777023840e-02
1.650801762777023840e-02
1.650801762777023840e-02
3.764826630026774784e-02
3.764826630026774784e-02
2.335987625934779488e-02
2.270828377273502799e-02
2.270828377273502799e-02
2.270828377273502799e-02
2.270828377273502799e-02
2.270828377273502799e-02
2.270828377273502799e-02
2.270828377273502799e-02
2.270828377273502799e-02
7.406514072424101591e-02
0.000000000000000000e+00
0.000000000000000000e+00
5.793982082905251713e-03
5.793982082905251713e-03
5.793982082905251713e-03
5.793982082905251713e-03
5.793982082905251713e-03
5.793982082905251713e-03
5.793982082905251713e-03
5.793982082905251713e-03
5.793982082905251713e-03
5.793982082905251713e-03
5.793982082905251713e-03
5.793982082905251713e-03
2.201839550755965713e-02
2.497692722740626169e-04
2.497692722740626169e-04
2.497692722740626169e-04
2.497692722740626169e-04
2.497692722740626169e-04
2.497692722740626169e-04
2.497692722740626169e-04
2.497692722740626169e-04
1.221096105632202625e-02
1.221096105632202625e-02
1.221096105632202625e-02
1.221096105632202625e-02
1.221096105632202625e-02
1.221096105632202625e-02
1.221096105632202625e-02
1.221096105632202625e-02
1.221096105632202625e-02
1.221096105632202625e-02
1.221096105632202625e-02
1.221096105632202625e-02
8.116951486567949847e-03
8.116951486567949847e-03
8.116951486567949847e-03
8.116951486567949847e-03
8.116951486567949847e-03
8.116951486567949847e-03
0.000000000000000000e+00
0.000000000000000000e+00
0.000000000000000000e+00
0.000000000000000000e+00
0.000000000000000000e+00
0.000000000000000000e+00
3.171978273186824501e-03
1.257089903441292213e-02
1.257089903441292213e-02
1.310468970301805446e-02
1.803731163442057542e-02
1.803731163442057542e-02
1.803731163442057542e-02
1.803731163442057542e-02
2.036583891791276732e-02
2.036583891791276732e-02
2.036583891791276732e-02
2.036583891791276732e-02
2.036583891791276732e-02
2.036583891791276732e-02
2.036583891791276732e-02
2.036583891791276732e-02
2.036583891791276732e-02
2.036583891791276732e-02
2.036583891791276732e-02
2.036583891791276732e-02
2.036583891791276732e-02
2.036583891791276732e-02
2.036583891791276732e-02
2.036583891791276732e-02
2.036583891791276732e-02
2.036583891791276732e-02
2.036583891791276732e-02
2.036583891791276732e-02
2.036583891791276732e-02
2.430063527820596272e-02
2.098217207619254912e-02
2.098217207619254912e-02
7.730974097695037439e-04
5.711224941821210419e-03
5.711224941821210419e-03
2.105429975265123849e-02
2.835728024885321441e-02
2.835728024885321441e-02
7.126197106383544248e-03
7.126197106383544248e-03
7.126197106383544248e-03
7.126197106383544248e-03
7.126197106383544248e-03
7.126197106383544248e-03
7.126197106383544248e-03
7.126197106383544248e-03
7.126197106383544248e-03
7.126197106383544248e-03
7.126197106383544248e-03
7.126197106383544248e-03
7.126197106383544248e-03
7.126197106383544248e-03
7.126197106383544248e-03
7.126197106383544248e-03
7.126197106383544248e-03
7.126197106383544248e-03
7.126197106383544248e-03
7.126197106383544248e-03
7.126197106383544248e-03
7.126197106383544248e-03
7.126197106383544248e-03
3.563535103858169080e-03
1.750526874914514960e-02
1.750526874914514960e-02
1.750526874914514960e-02
1.750526874914514960e-02
1.174807126645393066e-02
1.425833828445898996e-02
1.425833828445898996e-02
1.780534077316694302e-02
1.629521929165794053e-02
1.629521929165794053e-02
1.629521929165794053e-02
1.629521929165794053e-02
1.629521929165794053e-02
1.629521929165794053e-02
1.629521929165794053e-02
1.629521929165794053e-02
2.952476360205407227e-02
2.303723807183560499e-02
2.303723807183560499e-02
4.291781875085474290e-02
2.303723807183560499e-02
2.303723807183560499e-02
2.303723807183560499e-02
7.605968260076378246e-03
7.094847690818554913e-05
7.094847690818554913e-05
7.094847690818554913e-05
7.094847690818554913e-05
7.094847690818554913e-05
7.094847690818554913e-05
7.094847690818554913e-05
7.094847690818554913e-05
7.094847690818554913e-05
7.094847690818554913e-05
8.147017509340418254e-03
9.880529664010498370e-03
9.880529664010498370e-03
9.880529664010498370e-03
9.880529664010498370e-03
2.527744819271608365e-02
1.103428801611311232e-02
1.103428801611311232e-02
1.103428801611311232e-02
1.103428801611311232e-02
1.103428801611311232e-02
1.103428801611311232e-02
1.103428801611311232e-02
1.103428801611311232e-02
1.103428801611311232e-02
1.103428801611311232e-02
1.310468970301805446e-02
1.310468970301805446e-02
1.310468970301805446e-02
1.310468970301805446e-02
1.310468970301805446e-02
1.310468970301805446e-02
1.310468970301805446e-02
1.310468970301805446e-02
1.310468970301805446e-02
1.310468970301805446e-02
1.310468970301805446e-02
2.124941434036988971e-02
2.124941434036988971e-02
1.389864949868830496e-02
1.389864949868830496e-02
1.389864949868830496e-02
1.389864949868830496e-02
1.389864949868830496e-02
1.389864949868830496e-02
1.389864949868830496e-02
1.389864949868830496e-02
1.389864949868830496e-02
1.389864949868830496e-02
1.389864949868830496e-02
1.389864949868830496e-02
1.389864949868830496e-02
1.389864949868830496e-02
1.389864949868830496e-02
1.389864949868830496e-02
1.389864949868830496e-02
1.389864949868830496e-02
1.389864949868830496e-02
9.329786525115497595e-03
1.593794481067348223e-02
1.593794481067348223e-02
1.593794481067348223e-02
1.593794481067348223e-02
1.593794481067348223e-02
0.000000000000000000e+00
5.670854634152450516e-03
5.670854634152450516e-03
5.670854634152450516e-03
5.670854634152450516e-03
5.670854634152450516e-03
5.670854634152450516e-03
5.670854634152450516e-03
5.670854634152450516e-03
0.000000000000000000e+00
0.000000000000000000e+00
0.000000000000000000e+00
0.000000000000000000e+00
0.000000000000000000e+00
0.000000000000000000e+00
0.000000000000000000e+00
0.000000000000000000e+00
0.000000000000000000e+00
0.000000000000000000e+00
0.000000000000000000e+00
0.000000000000000000e+00
0.000000000000000000e+00
0.000000000000000000e+00
0.000000000000000000e+00
0.000000000000000000e+00
0.000000000000000000e+00
0.000000000000000000e+00
0.000000000000000000e+00
0.000000000000000000e+00
0.000000000000000000e+00
1.598579019347605781e-02
1.178011415439702420e-02
1.178011415439702420e-02
1.178011415439702420e-02
1.178011415439702420e-02
1.178011415439702420e-02
1.178011415439702420e-02
1.178011415439702420e-02
1.178011415439702420e-02
6.535520960705250119e-03
0.000000000000000000e+00
0.000000000000000000e+00
0.000000000000000000e+00
0.000000000000000000e+00
0.000000000000000000e+00
0.000000000000000000e+00
0.000000000000000000e+00
0.000000000000000000e+00
8.557988460842975986e-02
1.172294660039515692e-02
1.172294660039515692e-02
2.061593325552367809e-02
8.587561847837592299e-03
8.587561847837592299e-03
8.587561847837592299e-03
8.587561847837592299e-03
8.587561847837592299e-03
8.587561847837592299e-03
8.587561847837592299e-03
8.587561847837592299e-03
2.525524560639227575e-02
4.186992675037447438e-03
4.186992675037447438e-03
4.291781875085474290e-02
4.291781875085474290e-02
4.291781875085474290e-02
7.467527892260468481e-03
7.467527892260468481e-03
7.467527892260468481e-03
7.467527892260468481e-03
7.467527892260468481e-03
7.467527892260468481e-03
7.467527892260468481e-03
7.467527892260468481e-03
7.467527892260468481e-03
7.467527892260468481e-03
7.467527892260468481e-03
1.795733231025123736e-02
2.112904840436206910e-02
2.112904840436206910e-02
2.112904840436206910e-02
2.112904840436206910e-02
2.112904840436206910e-02
2.112904840436206910e-02
2.112904840436206910e-02
2.112904840436206910e-02
5.811013037496042151e-03
5.811013037496042151e-03
5.811013037496042151e-03
5.811013037496042151e-03
5.811013037496042151e-03
5.811013037496042151e-03
5.811013037496042151e-03
5.811013037496042151e-03
5.811013037496042151e-03
5.811013037496042151e-03
5.811013037496042151e-03
0.000000000000000000e+00
0.000000000000000000e+00
0.000000000000000000e+00
0.000000000000000000e+00
0.000000000000000000e+00
0.000000000000000000e+00
1.324313245162456881e-02
1.324313245162456881e-02
1.324313245162456881e-02
1.324313245162456881e-02
1.324313245162456881e-02
1.324313245162456881e-02
1.324313245162456881e-02
1.324313245162456881e-02
1.324313245162456881e-02
1.324313245162456881e-02
1.324313245162456881e-02
1.324313245162456881e-02
1.324313245162456881e-02
1.598579019347605781e-02
1.598579019347605781e-02
1.598579019347605781e-02
1.598579019347605781e-02
2.622056671691562479e-02
3.567035228828865229e-02
3.567035228828865229e-02
0.000000000000000000e+00
0.000000000000000000e+00
0.000000000000000000e+00
0.000000000000000000e+00
0.000000000000000000e+00
0.000000000000000000e+00
0.000000000000000000e+00
0.000000000000000000e+00
0.000000000000000000e+00
3.165595268782538541e-03
6.831721617789772265e-03
6.831721617789772265e-03
6.831721617789772265e-03
6.831721617789772265e-03
6.831721617789772265e-03
6.831721617789772265e-03
6.831721617789772265e-03
6.831721617789772265e-03
6.831721617789772265e-03
6.831721617789772265e-03
6.831721617789772265e-03
6.831721617789772265e-03
6.831721617789772265e-03
6.831721617789772265e-03
6.831721617789772265e-03
6.831721617789772265e-03
6.831721617789772265e-03
6.831721617789772265e-03
6.831721617789772265e-03
0.000000000000000000e+00
1.017427509223432520e-03
1.017427509223432520e-03
1.017427509223432520e-03
1.017427509223432520e-03
1.017427509223432520e-03
1.017427509223432520e-03
1.017427509223432520e-03
1.017427509223432520e-03
1.017427509223432520e-03
1.017427509223432520e-03
1.017427509223432520e-03
1.017427509223432520e-03
1.017427509223432520e-03
1.017427509223432520e-03
1.017427509223432520e-03
1.017427509223432520e-03
1.017427509223432520e-03
1.017427509223432520e-03
1.017427509223432520e-03
1.017427509223432520e-03
1.017427509223432520e-03
1.017427509223432520e-03
1.017427509223432520e-03
1.017427509223432520e-03
1.017427509223432520e-03
1.017427509223432520e-03
1.017427509223432520e-03
1.017427509223432520e-03
1.017427509223432520e-03
1.755300210982890796e-02
2.021082404063077702e-03
2.021082404063077702e-03
2.021082404063077702e-03
2.021082404063077702e-03
2.021082404063077702e-03
2.021082404063077702e-03
2.021082404063077702e-03
2.021082404063077702e-03
3.149414652890284057e-03
8.985265945150658351e-03
8.985265945150658351e-03
8.985265945150658351e-03
8.985265945150658351e-03
2.743965638235331458e-03
2.743965638235331458e-03
2.743965638235331458e-03
2.743965638235331458e-03
2.743965638235331458e-03
2.743965638235331458e-03
2.743965638235331458e-03
2.743965638235331458e-03
2.743965638235331458e-03
2.743965638235331458e-03
2.246588290986767551e-03
0.000000000000000000e+00
0.000000000000000000e+00
0.000000000000000000e+00
0.000000000000000000e+00
0.000000000000000000e+00
0.000000000000000000e+00
0.000000000000000000e+00
0.000000000000000000e+00
0.000000000000000000e+00
0.000000000000000000e+00
0.000000000000000000e+00
0.000000000000000000e+00
0.000000000000000000e+00
0.000000000000000000e+00
0.000000000000000000e+00
2.335987625934779488e-02
2.258823668998601042e-02
0.000000000000000000e+00
0.000000000000000000e+00
0.000000000000000000e+00
0.000000000000000000e+00
0.000000000000000000e+00
0.000000000000000000e+00
0.000000000000000000e+00
0.000000000000000000e+00
0.000000000000000000e+00
0.000000000000000000e+00
0.000000000000000000e+00
0.000000000000000000e+00
1.951881960009231977e-03
1.399850904309652040e-02
1.399850904309652040e-02
1.399850904309652040e-02
1.399850904309652040e-02
1.101059419808473293e-03
1.101059419808473293e-03
1.101059419808473293e-03
1.101059419808473293e-03
1.101059419808473293e-03
3.536599650110711004e-03
1.101059419808473293e-03
1.101059419808473293e-03
1.101059419808473293e-03
1.101059419808473293e-03
1.101059419808473293e-03
7.541631180032279912e-03
2.133783278512075155e-03
2.133783278512075155e-03
2.133783278512075155e-03
2.133783278512075155e-03
2.133783278512075155e-03
2.133783278512075155e-03
1.620174961016515244e-02
1.620174961016515244e-02
1.620174961016515244e-02
1.620174961016515244e-02
1.620174961016515244e-02
1.620174961016515244e-02
1.620174961016515244e-02
1.620174961016515244e-02
1.620174961016515244e-02
1.620174961016515244e-02
1.620174961016515244e-02
1.620174961016515244e-02
1.620174961016515244e-02
3.570713281431739557e-03
1.267657535517126566e-01
1.267657535517126566e-01
1.267657535517126566e-01
1.267657535517126566e-01
3.563535103858169080e-03
3.563535103858169080e-03
3.563535103858169080e-03
3.563535103858169080e-03
3.563535103858169080e-03
8.478938572166251977e-03
0.000000000000000000e+00
0.000000000000000000e+00
1.923794236126885604e-02
4.489647604033999984e-02
4.489647604033999984e-02
4.489647604033999984e-02
4.489647604033999984e-02
4.489647604033999984e-02
4.489647604033999984e-02
4.489647604033999984e-02
4.489647604033999984e-02
3.165595268782538541e-03
5.805626690412533930e-03
5.805626690412533930e-03
5.805626690412533930e-03
5.805626690412533930e-03
5.805626690412533930e-03
5.805626690412533930e-03
5.805626690412533930e-03
5.805626690412533930e-03
3.334743225044040408e-04
1.718582713686629335e-02
1.718582713686629335e-02
2.086274677719927861e-02
1.794815311334697211e-02
1.794815311334697211e-02
1.794815311334697211e-02
1.794815311334697211e-02
1.794815311334697211e-02
1.794815311334697211e-02
3.585946451402216573e-02
1.232493794359145259e-02
1.232493794359145259e-02
1.232493794359145259e-02
1.232493794359145259e-02
1.232493794359145259e-02
3.681298578646811231e-02
2.311268559745149193e-02
2.311268559745149193e-02
2.311268559745149193e-02
2.311268559745149193e-02
2.311268559745149193e-02
2.311268559745149193e-02
2.311268559745149193e-02
2.311268559745149193e-02
9.298255770198627160e-03
1.418537637149902553e-02
1.418537637149902553e-02
1.418537637149902553e-02
1.418537637149902553e-02
1.418537637149902553e-02
1.418537637149902553e-02
1.418537637149902553e-02
1.418537637149902553e-02
5.884803479704149749e-03
8.570339649643942542e-03
8.570339649643942542e-03
8.570339649643942542e-03
8.570339649643942542e-03
8.570339649643942542e-03
8.570339649643942542e-03
8.570339649643942542e-03
8.570339649643942542e-03
8.570339649643942542e-03
8.570339649643942542e-03
8.570339649643942542e-03
8.570339649643942542e-03
8.570339649643942542e-03
8.570339649643942542e-03
8.570339649643942542e-03
8.570339649643942542e-03
8.570339649643942542e-03
8.570339649643942542e-03
8.570339649643942542e-03
8.570339649643942542e-03
6.896173249880217446e-03
1.290837033770272577e-02
1.290837033770272577e-02
1.290837033770272577e-02
1.290837033770272577e-02
1.290837033770272577e-02
1.290837033770272577e-02
1.290837033770272577e-02
1.290837033770272577e-02
1.290837033770272577e-02
1.290837033770272577e-02
1.290837033770272577e-02
1.290837033770272577e-02
1.290837033770272577e-02
1.290837033770272577e-02
1.290837033770272577e-02
1.290837033770272577e-02
1.290837033770272577e-02
1.290837033770272577e-02
3.149414652890284057e-03
3.149414652890284057e-03
3.149414652890284057e-03
3.149414652890284057e-03
3.149414652890284057e-03
3.149414652890284057e-03
3.149414652890284057e-03
3.149414652890284057e-03
3.149414652890284057e-03
3.149414652890284057e-03
3.149414652890284057e-03
3.149414652890284057e-03
3.149414652890284057e-03
3.149414652890284057e-03
2.659312740182665641e-02
8.569967677281917565e-03
8.569967677281917565e-03
8.569967677281917565e-03
8.569967677281917565e-03
8.569967677281917565e-03
8.569967677281917565e-03
8.569967677281917565e-03
8.569967677281917565e-03
8.569967677281917565e-03
8.569967677281917565e-03
8.569967677281917565e-03
8.569967677281917565e-03
8.569967677281917565e-03
8.569967677281917565e-03
1.438880080228681704e-02
4.451094791625203814e-03
4.451094791625203814e-03
3.171978273186824501e-03
1.144929961984978220e-02
1.144929961984978220e-02
1.144929961984978220e-02
1.144929961984978220e-02
1.144929961984978220e-02
1.144929961984978220e-02
1.951881960009231977e-03
1.951881960009231977e-03
1.951881960009231977e-03
1.951881960009231977e-03
1.951881960009231977e-03
1.951881960009231977e-03
1.110086943572028556e-02
1.414699113566349371e-02
1.414699113566349371e-02
1.414699113566349371e-02
1.414699113566349371e-02
1.414699113566349371e-02
1.414699113566349371e-02
1.414699113566349371e-02
1.414699113566349371e-02
1.414699113566349371e-02
1.414699113566349371e-02
2.228333309940150678e-02
5.236820783633328903e-03
5.236820783633328903e-03
5.236820783633328903e-03
5.236820783633328903e-03
5.236820783633328903e-03
5.236820783633328903e-03
5.236820783633328903e-03
5.236820783633328903e-03
5.236820783633328903e-03
5.236820783633328903e-03
3.170500787294876222e-02
2.315810936942143785e-04
2.315810936942143785e-04
2.315810936942143785e-04
2.315810936942143785e-04
2.315810936942143785e-04
2.315810936942143785e-04
2.315810936942143785e-04
2.315810936942143785e-04
2.315810936942143785e-04
2.315810936942143785e-04
3.570713281431739557e-03
3.570713281431739557e-03
3.570713281431739557e-03
0.000000000000000000e+00
0.000000000000000000e+00
0.000000000000000000e+00
0.000000000000000000e+00
0.000000000000000000e+00
0.000000000000000000e+00
0.000000000000000000e+00
0.000000000000000000e+00
2.271506132823740073e-02
1.663060492870146664e-02
1.663060492870146664e-02
1.663060492870146664e-02
1.663060492870146664e-02
1.663060492870146664e-02
1.663060492870146664e-02
1.663060492870146664e-02
1.663060492870146664e-02
1.663060492870146664e-02
1.663060492870146664e-02
1.663060492870146664e-02
1.663060492870146664e-02
1.663060492870146664e-02
1.663060492870146664e-02
1.663060492870146664e-02
1.663060492870146664e-02
1.663060492870146664e-02
1.663060492870146664e-02
1.663060492870146664e-02
1.663060492870146664e-02
1.878262460743407650e-02
1.522862324096150959e-02
1.484443062907360271e-02
1.417477096259808778e-02
1.417477096259808778e-02
1.417477096259808778e-02
1.417477096259808778e-02
1.417477096259808778e-02
1.417477096259808778e-02
1.417477096259808778e-02
1.417477096259808778e-02
1.125332900489589387e-02
1.125332900489589387e-02
1.125332900489589387e-02
1.125332900489589387e-02
1.125332900489589387e-02
1.125332900489589387e-02
1.125332900489589387e-02
1.125332900489589387e-02
1.125332900489589387e-02
1.125332900489589387e-02
1.125332900489589387e-02
1.724418658409707095e-02
1.724418658409707095e-02
1.724418658409707095e-02
1.724418658409707095e-02
1.724418658409707095e-02
1.724418658409707095e-02
1.724418658409707095e-02
1.724418658409707095e-02
1.724418658409707095e-02
1.724418658409707095e-02
1.724418658409707095e-02
1.724418658409707095e-02
1.724418658409707095e-02
1.724418658409707095e-02
1.007223761048842321e-02
3.076575413034010262e-02
3.076575413034010262e-02
1.118348290747364290e-02
2.683455254347724694e-03
2.683455254347724694e-03
2.683455254347724694e-03
2.683455254347724694e-03
2.683455254347724694e-03
2.683455254347724694e-03
2.683455254347724694e-03
2.683455254347724694e-03
6.048076582448100487e-03
6.048076582448100487e-03
5.806778267336304422e-03
2.074017135455377692e-02
2.074017135455377692e-02
0.000000000000000000e+00
5.971413931853779104e-03
5.971413931853779104e-03
5.971413931853779104e-03
5.971413931853779104e-03
5.971413931853779104e-03
5.971413931853779104e-03
5.971413931853779104e-03
5.971413931853779104e-03
5.971413931853779104e-03
5.971413931853779104e-03
2.419500699126118318e-03
2.419500699126118318e-03
2.419500699126118318e-03
2.419500699126118318e-03
2.419500699126118318e-03
2.419500699126118318e-03
2.419500699126118318e-03
2.419500699126118318e-03
2.419500699126118318e-03
2.419500699126118318e-03
2.419500699126118318e-03
2.419500699126118318e-03
2.419500699126118318e-03
2.419500699126118318e-03
2.419500699126118318e-03
8.977193125858526357e-03
1.825666453991314775e-02
1.460726866766155242e-03
1.460726866766155242e-03
1.460726866766155242e-03
1.460726866766155242e-03
1.460726866766155242e-03
1.460726866766155242e-03
1.460726866766155242e-03
1.460726866766155242e-03
1.460726866766155242e-03
1.460726866766155242e-03
1.460726866766155242e-03
1.460726866766155242e-03
1.460726866766155242e-03
1.460726866766155242e-03
1.460726866766155242e-03
5.786541381735750729e-03
1.134929876023116867e-02
1.134929876023116867e-02
1.134929876023116867e-02
1.134929876023116867e-02
1.134929876023116867e-02
3.536599650110711004e-03
3.536599650110711004e-03
3.536599650110711004e-03
4.503241090420824488e-02
5.911830122898124179e-02
5.911830122898124179e-02
5.911830122898124179e-02
5.911830122898124179e-02
0.000000000000000000e+00
0.000000000000000000e+00
0.000000000000000000e+00
0.000000000000000000e+00
8.926563567256833726e-03
7.582667411818631679e-03
7.582667411818631679e-03
2.111492588478881480e-03
1.761014627570002197e-02
1.761014627570002197e-02
1.761014627570002197e-02
1.761014627570002197e-02
5.115710991723278027e-03
0.000000000000000000e+00
0.000000000000000000e+00
2.998298106203403646e-03
1.120872561188599945e-02
1.120872561188599945e-02
1.120872561188599945e-02
1.120872561188599945e-02
1.120872561188599945e-02
1.120872561188599945e-02
1.120872561188599945e-02
1.120872561188599945e-02
0.000000000000000000e+00
0.000000000000000000e+00
0.000000000000000000e+00
0.000000000000000000e+00
0.000000000000000000e+00
0.000000000000000000e+00
0.000000000000000000e+00
0.000000000000000000e+00
0.000000000000000000e+00
1.062778931112925637e-02
1.062778931112925637e-02
1.062778931112925637e-02
1.062778931112925637e-02
1.062778931112925637e-02
1.062778931112925637e-02
1.062778931112925637e-02
1.062778931112925637e-02
1.062778931112925637e-02
1.062778931112925637e-02
1.062778931112925637e-02
0.000000000000000000e+00
0.000000000000000000e+00
0.000000000000000000e+00
0.000000000000000000e+00
0.000000000000000000e+00
0.000000000000000000e+00
0.000000000000000000e+00
0.000000000000000000e+00
0.000000000000000000e+00
1.663365191820861608e-02
7.156705412750529252e-03
7.156705412750529252e-03
7.156705412750529252e-03
7.156705412750529252e-03
2.407475210887376552e-02
2.407475210887376552e-02
2.407475210887376552e-02
2.407475210887376552e-02
2.407475210887376552e-02
2.407475210887376552e-02
2.407475210887376552e-02
2.407475210887376552e-02
2.407475210887376552e-02
2.407475210887376552e-02
2.407475210887376552e-02
0.000000000000000000e+00
3.710144887149099263e-02
3.710144887149099263e-02
2.627158679494566787e-02
3.710144887149099263e-02
3.710144887149099263e-02
3.710144887149099263e-02
7.783197603358420896e-03
3.197844767250353215e-02
3.197844767250353215e-02
3.197844767250353215e-02
1.182677025333516048e-02
1.172569756759641972e-03
1.172569756759641972e-03
9.333081974049301302e-03
9.333081974049301302e-03
9.333081974049301302e-03
9.333081974049301302e-03
9.333081974049301302e-03
9.333081974049301302e-03
9.333081974049301302e-03
9.333081974049301302e-03
9.333081974049301302e-03
9.333081974049301302e-03
9.333081974049301302e-03
1.091311271417729281e-02
1.494436754342049617e-02
1.494436754342049617e-02
1.494436754342049617e-02
1.494436754342049617e-02
1.494436754342049617e-02
1.494436754342049617e-02
1.494436754342049617e-02
1.494436754342049617e-02
1.494436754342049617e-02
1.494436754342049617e-02
9.349298261341292271e-01
3.893709502879172391e-02
3.893709502879172391e-02
3.893709502879172391e-02
3.893709502879172391e-02
0.000000000000000000e+00
0.000000000000000000e+00
0.000000000000000000e+00
6.446566314200857968e-03
3.052594471150329655e-02
3.052594471150329655e-02
3.052594471150329655e-02
3.052594471150329655e-02
3.052594471150329655e-02
3.052594471150329655e-02
3.052594471150329655e-02
3.052594471150329655e-02
3.052594471150329655e-02
3.052594471150329655e-02
3.052594471150329655e-02
3.052594471150329655e-02
3.052594471150329655e-02
3.052594471150329655e-02
3.052594471150329655e-02
3.052594471150329655e-02
3.052594471150329655e-02
3.052594471150329655e-02
3.052594471150329655e-02
3.052594471150329655e-02
3.052594471150329655e-02
3.052594471150329655e-02
3.052594471150329655e-02
3.052594471150329655e-02
3.052594471150329655e-02
3.052594471150329655e-02
3.052594471150329655e-02
3.052594471150329655e-02
3.052594471150329655e-02
3.052594471150329655e-02
2.234150742631074368e-02
3.989597731189276075e-02
3.989597731189276075e-02
3.989597731189276075e-02
3.989597731189276075e-02
3.989597731189276075e-02
3.989597731189276075e-02
3.989597731189276075e-02
3.989597731189276075e-02
0.000000000000000000e+00
0.000000000000000000e+00
0.000000000000000000e+00
0.000000000000000000e+00
0.000000000000000000e+00
0.000000000000000000e+00
0.000000000000000000e+00
0.000000000000000000e+00
0.000000000000000000e+00
6.320993015949077573e-03
7.990084705506498436e-03
7.990084705506498436e-03
7.990084705506498436e-03
7.990084705506498436e-03
8.227031291360766344e-03
2.208315636388382720e-03
2.208315636388382720e-03
2.208315636388382720e-03
2.208315636388382720e-03
2.386764906117981588e-02
4.415357397220600992e-03
4.415357397220600992e-03
4.415357397220600992e-03
4.415357397220600992e-03
4.415357397220600992e-03
4.415357397220600992e-03
3.342637131369818534e-03
1.266762319210403692e-02
1.266762319210403692e-02
1.266762319210403692e-02
1.266762319210403692e-02
6.225642294679934081e-03
6.225642294679934081e-03
6.225642294679934081e-03
6.225642294679934081e-03
6.225642294679934081e-03
6.225642294679934081e-03
6.225642294679934081e-03
6.225642294679934081e-03
6.225642294679934081e-03
6.225642294679934081e-03
6.225642294679934081e-03
1.174807126645393066e-02
1.174807126645393066e-02
1.174807126645393066e-02
1.174807126645393066e-02
1.174807126645393066e-02
1.174807126645393066e-02
1.174807126645393066e-02
1.174807126645393066e-02
1.174807126645393066e-02
1.174807126645393066e-02
8.704568202979422534e-03
8.704568202979422534e-03
8.704568202979422534e-03
8.704568202979422534e-03
8.704568202979422534e-03
8.704568202979422534e-03
8.704568202979422534e-03
8.704568202979422534e-03
8.704568202979422534e-03
8.704568202979422534e-03
8.704568202979422534e-03
8.704568202979422534e-03
8.704568202979422534e-03
8.704568202979422534e-03
8.704568202979422534e-03
8.704568202979422534e-03
8.704568202979422534e-03
8.704568202979422534e-03
8.704568202979422534e-03
7.783197603358420896e-03
7.783197603358420896e-03
7.783197603358420896e-03
7.783197603358420896e-03
1.182677025333516048e-02
1.182677025333516048e-02
1.182677025333516048e-02
1.182677025333516048e-02
1.182677025333516048e-02
1.182677025333516048e-02
1.182677025333516048e-02
1.182677025333516048e-02
1.182677025333516048e-02
1.182677025333516048e-02
1.182677025333516048e-02
1.182677025333516048e-02
1.182677025333516048e-02
1.182677025333516048e-02
1.182677025333516048e-02
1.182677025333516048e-02
1.182677025333516048e-02
1.182677025333516048e-02
1.182677025333516048e-02
1.182677025333516048e-02
1.182677025333516048e-02
1.182677025333516048e-02
1.329719500646690637e-02
1.771094490476281258e-02
1.771094490476281258e-02
1.771094490476281258e-02
1.771094490476281258e-02
1.175888160620848369e-03
1.422012456410905006e-02
1.422012456410905006e-02
1.422012456410905006e-02
1.422012456410905006e-02
0.000000000000000000e+00
0.000000000000000000e+00
0.000000000000000000e+00
0.000000000000000000e+00
0.000000000000000000e+00
0.000000000000000000e+00
0.000000000000000000e+00
0.000000000000000000e+00
0.000000000000000000e+00
0.000000000000000000e+00
0.000000000000000000e+00
1.339170218621211182e-02
1.339170218621211182e-02
1.339170218621211182e-02
1.339170218621211182e-02
1.339170218621211182e-02
1.339170218621211182e-02
1.339170218621211182e-02
1.339170218621211182e-02
1.339170218621211182e-02
1.339170218621211182e-02
1.339170218621211182e-02
4.733858202545409774e-03
0.000000000000000000e+00
0.000000000000000000e+00
1.983082765058214944e-02
3.874785372530303862e-02
3.874785372530303862e-02
3.874785372530303862e-02
3.874785372530303862e-02
3.874785372530303862e-02
3.874785372530303862e-02
4.511527080363220837e-03
9.264836377535114534e-03
9.264836377535114534e-03
9.264836377535114534e-03
9.264836377535114534e-03
9.264836377535114534e-03
9.264836377535114534e-03
9.264836377535114534e-03
9.264836377535114534e-03
9.264836377535114534e-03
9.264836377535114534e-03
9.264836377535114534e-03
9.264836377535114534e-03
9.264836377535114534e-03
9.264836377535114534e-03
9.264836377535114534e-03
9.264836377535114534e-03
9.264836377535114534e-03
9.264836377535114534e-03
9.264836377535114534e-03
9.264836377535114534e-03
9.264836377535114534e-03
9.264836377535114534e-03
0.000000000000000000e+00
0.000000000000000000e+00
0.000000000000000000e+00
1.484443062907360271e-02
1.484443062907360271e-02
1.484443062907360271e-02
1.484443062907360271e-02
1.484443062907360271e-02
1.484443062907360271e-02
0.000000000000000000e+00
0.000000000000000000e+00
3.189395419088948691e-03
1.239519803528095140e-02
1.239519803528095140e-02
1.893061370166530810e-02
1.427549677657378134e-02
1.893061370166530810e-02
1.893061370166530810e-02
1.893061370166530810e-02
1.893061370166530810e-02
1.893061370166530810e-02
1.893061370166530810e-02
1.893061370166530810e-02
1.893061370166530810e-02
1.893061370166530810e-02
1.893061370166530810e-02
1.893061370166530810e-02
1.893061370166530810e-02
1.893061370166530810e-02
1.427549677657378134e-02
1.427549677657378134e-02
1.427549677657378134e-02
1.427549677657378134e-02
1.427549677657378134e-02
1.427549677657378134e-02
1.427549677657378134e-02
1.427549677657378134e-02
1.427549677657378134e-02
0.000000000000000000e+00
4.619906226065147517e-03
4.619906226065147517e-03
4.619906226065147517e-03
4.619906226065147517e-03
4.619906226065147517e-03
4.619906226065147517e-03
1.252324178950536306e-02
3.067175078883567323e-03
3.067175078883567323e-03
3.067175078883567323e-03
3.067175078883567323e-03
0.000000000000000000e+00
3.067175078883567323e-03
2.559130564591661355e-02
2.559130564591661355e-02
4.712355789124478972e-03
4.712355789124478972e-03
4.712355789124478972e-03
4.712355789124478972e-03
4.712355789124478972e-03
4.712355789124478972e-03
4.712355789124478972e-03
9.708103944687417747e-03
4.712355789124478972e-03
7.541631180032279912e-03
7.541631180032279912e-03
7.541631180032279912e-03
7.541631180032279912e-03
0.000000000000000000e+00
0.000000000000000000e+00
0.000000000000000000e+00
2.177642051210748261e-02
2.924590871036234288e-02
2.924590871036234288e-02
2.924590871036234288e-02
0.000000000000000000e+00
2.546749640070027857e-03
2.546749640070027857e-03
2.546749640070027857e-03
2.546749640070027857e-03
2.546749640070027857e-03
2.546749640070027857e-03
2.546749640070027857e-03
2.546749640070027857e-03
2.546749640070027857e-03
2.546749640070027857e-03
0.000000000000000000e+00
3.780125862960278388e-03
3.780125862960278388e-03
3.780125862960278388e-03
3.780125862960278388e-03
3.780125862960278388e-03
3.780125862960278388e-03
3.780125862960278388e-03
3.780125862960278388e-03
2.069805516231864456e-02
9.128873493685707788e-03
9.128873493685707788e-03
9.128873493685707788e-03
9.128873493685707788e-03
9.128873493685707788e-03
9.128873493685707788e-03
0.000000000000000000e+00
1.023880714444405995e-02
1.023880714444405995e-02
1.023880714444405995e-02
1.023880714444405995e-02
1.023880714444405995e-02
1.023880714444405995e-02
1.023880714444405995e-02
1.023880714444405995e-02
1.023880714444405995e-02
1.023880714444405995e-02
1.023880714444405995e-02
1.023880714444405995e-02
9.622261533796146182e-04
9.622261533796146182e-04
9.622261533796146182e-04
9.622261533796146182e-04
9.622261533796146182e-04
9.622261533796146182e-04
9.622261533796146182e-04
9.622261533796146182e-04
5.944059353866416873e-03
5.944059353866416873e-03
5.944059353866416873e-03
5.944059353866416873e-03
5.944059353866416873e-03
5.944059353866416873e-03
5.944059353866416873e-03
5.944059353866416873e-03
5.944059353866416873e-03
5.944059353866416873e-03
5.944059353866416873e-03
5.944059353866416873e-03
5.944059353866416873e-03
8.926563567256833726e-03
5.944059353866416873e-03
1.737346814739550507e-02
3.483233390053606243e-02
1.737346814739550507e-02
1.737346814739550507e-02
1.737346814739550507e-02
1.737346814739550507e-02
1.737346814739550507e-02
1.737346814739550507e-02
1.737346814739550507e-02
3.483233390053606243e-02
3.483233390053606243e-02
3.483233390053606243e-02
3.483233390053606243e-02
3.483233390053606243e-02
3.365800199101418727e-02
0.000000000000000000e+00
0.000000000000000000e+00
3.508441137273338173e-02
1.388631443260468327e-02
1.388631443260468327e-02
1.388631443260468327e-02
1.388631443260468327e-02
1.388631443260468327e-02
1.388631443260468327e-02
1.388631443260468327e-02
1.388631443260468327e-02
1.388631443260468327e-02
1.388631443260468327e-02
1.388631443260468327e-02
1.388631443260468327e-02
2.572646155669308654e-02
3.755052542928416504e-02
3.755052542928416504e-02
3.755052542928416504e-02
3.755052542928416504e-02
3.755052542928416504e-02
3.755052542928416504e-02
0.000000000000000000e+00
0.000000000000000000e+00
0.000000000000000000e+00
0.000000000000000000e+00
0.000000000000000000e+00
0.000000000000000000e+00
0.000000000000000000e+00
0.000000000000000000e+00
0.000000000000000000e+00
0.000000000000000000e+00
0.000000000000000000e+00
1.521718617372468108e-02
3.623686906108353374e-03
3.623686906108353374e-03
3.623686906108353374e-03
3.623686906108353374e-03
0.000000000000000000e+00
0.000000000000000000e+00
2.657388809230629145e-02
5.069958954686849123e-02
5.069958954686849123e-02
5.069958954686849123e-02
5.069958954686849123e-02
8.168106236968140921e-03
1.862851925190369198e-02
1.862851925190369198e-02
1.389830899750881974e-03
2.212078091922709596e-03
2.212078091922709596e-03
2.212078091922709596e-03
2.212078091922709596e-03
2.212078091922709596e-03
2.212078091922709596e-03
2.212078091922709596e-03
2.212078091922709596e-03
2.212078091922709596e-03
2.212078091922709596e-03
2.212078091922709596e-03
2.212078091922709596e-03
2.212078091922709596e-03
2.212078091922709596e-03
2.212078091922709596e-03
2.212078091922709596e-03
2.212078091922709596e-03
2.212078091922709596e-03
2.212078091922709596e-03
2.104528870380173999e-01
1.606591231322383739e-02
1.606591231322383739e-02
1.606591231322383739e-02
1.606591231322383739e-02
1.606591231322383739e-02
1.606591231322383739e-02
1.606591231322383739e-02
1.939071253212810292e-02
3.169869866418371235e-02
3.052286304599713482e-03
1.513753029265407606e-02
1.513753029265407606e-02
1.513753029265407606e-02
1.513753029265407606e-02
1.513753029265407606e-02
1.513753029265407606e-02
1.513753029265407606e-02
1.513753029265407606e-02
2.084064868517793850e-02
1.710817534159797537e-02
1.710817534159797537e-02
1.710817534159797537e-02
1.710817534159797537e-02
1.710817534159797537e-02
1.710817534159797537e-02
1.710817534159797537e-02
1.710817534159797537e-02
1.710817534159797537e-02
1.710817534159797537e-02
2.741773511046147541e-02
3.008877978602524789e-02
3.008877978602524789e-02
3.008877978602524789e-02
3.008877978602524789e-02
3.008877978602524789e-02
3.008877978602524789e-02
3.008877978602524789e-02
3.008877978602524789e-02
2.118710204288396307e-03
1.039515881315548201e-02
1.039515881315548201e-02
1.039515881315548201e-02
3.451339319212570061e-02
1.099541489212580749e-02
1.099541489212580749e-02
1.099541489212580749e-02
1.099541489212580749e-02
1.099541489212580749e-02
1.099541489212580749e-02
1.099541489212580749e-02
1.099541489212580749e-02
9.562922080191722796e-04
3.411532211592942926e-02
3.411532211592942926e-02
3.411532211592942926e-02
3.411532211592942926e-02
5.851544085540193174e-03
1.455918599134832514e-02
1.455918599134832514e-02
1.455918599134832514e-02
1.455918599134832514e-02
1.018426621606782073e-02
1.455918599134832514e-02
1.455918599134832514e-02
1.455918599134832514e-02
1.455918599134832514e-02
1.455918599134832514e-02
3.389170018505301401e-03
1.557762406090526172e-02
1.557762406090526172e-02
1.557762406090526172e-02
1.557762406090526172e-02
1.318348704950142621e-02
1.318348704950142621e-02
1.318348704950142621e-02
1.318348704950142621e-02
1.318348704950142621e-02
1.318348704950142621e-02
1.318348704950142621e-02
1.318348704950142621e-02
1.318348704950142621e-02
1.318348704950142621e-02
1.318348704950142621e-02
1.318348704950142621e-02
1.318348704950142621e-02
1.318348704950142621e-02
1.318348704950142621e-02
1.376877790268300934e-02
2.377751311837195125e-02
2.377751311837195125e-02
2.377751311837195125e-02
2.377751311837195125e-02
2.377751311837195125e-02
2.612255721067836042e-03
2.612255721067836042e-03
2.612255721067836042e-03
2.612255721067836042e-03
2.612255721067836042e-03
2.612255721067836042e-03
2.118710204288396307e-03
2.118710204288396307e-03
2.118710204288396307e-03
2.118710204288396307e-03
2.962724229819287125e-02
2.836113715965482909e-02
2.836113715965482909e-02
6.368275131467161440e-03
5.175581872124641880e-03
5.175581872124641880e-03
5.175581872124641880e-03
2.937783845947752534e-02
4.852934925091073604e-02
4.852934925091073604e-02
4.852934925091073604e-02
4.852934925091073604e-02
4.852934925091073604e-02
4.852934925091073604e-02
7.826884919499964982e-03
1.226473898822227904e-02
1.226473898822227904e-02
1.226473898822227904e-02
9.349805126062875728e-04
1.848466441712219967e-03
1.848466441712219967e-03
1.848466441712219967e-03
1.848466441712219967e-03
1.848466441712219967e-03
1.848466441712219967e-03
1.848466441712219967e-03
1.848466441712219967e-03
7.826884919499964982e-03
7.826884919499964982e-03
1.821852427789805856e-02
2.225973785874105909e-02
2.225973785874105909e-02
2.225973785874105909e-02
2.225973785874105909e-02
2.225973785874105909e-02
2.225973785874105909e-02
2.225973785874105909e-02
2.225973785874105909e-02
2.225973785874105909e-02
2.225973785874105909e-02
2.259239207087865645e-02
7.368240964153656945e-03
7.368240964153656945e-03
2.707951187399566459e-03
1.573150975101542202e-03
1.573150975101542202e-03
1.573150975101542202e-03
1.573150975101542202e-03
1.573150975101542202e-03
1.573150975101542202e-03
1.573150975101542202e-03
1.573150975101542202e-03
1.573150975101542202e-03
1.573150975101542202e-03
1.573150975101542202e-03
1.573150975101542202e-03
1.573150975101542202e-03
1.573150975101542202e-03
1.739070275531185220e-03
1.739070275531185220e-03
1.739070275531185220e-03
1.739070275531185220e-03
1.739070275531185220e-03
1.739070275531185220e-03
1.739070275531185220e-03
1.739070275531185220e-03
1.739070275531185220e-03
1.739070275531185220e-03
1.739070275531185220e-03
1.739070275531185220e-03
1.739070275531185220e-03
1.739070275531185220e-03
1.739070275531185220e-03
1.739070275531185220e-03
1.739070275531185220e-03
1.739070275531185220e-03
1.739070275531185220e-03
1.739070275531185220e-03
1.739070275531185220e-03
1.739070275531185220e-03
1.739070275531185220e-03
1.739070275531185220e-03
1.739070275531185220e-03
4.319992948720569048e-03
2.799411402200556193e-03
2.799411402200556193e-03
2.799411402200556193e-03
2.799411402200556193e-03
3.170500787294876222e-02
2.921589905650471761e-02
2.921589905650471761e-02
2.921589905650471761e-02
2.921589905650471761e-02
1.617103485718401207e-02
0.000000000000000000e+00
0.000000000000000000e+00
1.581091724650075456e-02
5.078715807988282323e-03
5.078715807988282323e-03
5.078715807988282323e-03
5.078715807988282323e-03
1.243489297656990428e-02
3.079591491337421282e-03
3.079591491337421282e-03
3.079591491337421282e-03
3.079591491337421282e-03
3.079591491337421282e-03
3.079591491337421282e-03
3.079591491337421282e-03
3.079591491337421282e-03
3.079591491337421282e-03
3.079591491337421282e-03
1.695180902911339049e-02
6.504416121176980837e-04
6.504416121176980837e-04
6.504416121176980837e-04
6.504416121176980837e-04
7.105077764899833150e-03
2.509543397174476831e-02
2.509543397174476831e-02
2.509543397174476831e-02
2.509543397174476831e-02
2.509543397174476831e-02
2.509543397174476831e-02
2.509543397174476831e-02
2.509543397174476831e-02
2.509543397174476831e-02
2.509543397174476831e-02
0.000000000000000000e+00
0.000000000000000000e+00
0.000000000000000000e+00
1.376877790268300934e-02
1.376877790268300934e-02
7.421077397811842377e-03
7.421077397811842377e-03
7.421077397811842377e-03
7.421077397811842377e-03
7.421077397811842377e-03
7.421077397811842377e-03
7.421077397811842377e-03
7.421077397811842377e-03
7.421077397811842377e-03
7.421077397811842377e-03
7.421077397811842377e-03
7.421077397811842377e-03
7.421077397811842377e-03
7.421077397811842377e-03
7.421077397811842377e-03
7.421077397811842377e-03
7.421077397811842377e-03
7.421077397811842377e-03
7.421077397811842377e-03
9.488061289293322695e-03
3.999557056982018001e-03
3.999557056982018001e-03
2.937783845947752534e-02
2.937783845947752534e-02
2.937783845947752534e-02
2.937783845947752534e-02
2.937783845947752534e-02
2.937783845947752534e-02
3.717411097666253883e-03
3.682187539610780932e-03
3.682187539610780932e-03
3.682187539610780932e-03
3.682187539610780932e-03
1.861736766633305742e-02
2.177885971631159448e-02
2.177885971631159448e-02
0.000000000000000000e+00
0.000000000000000000e+00
0.000000000000000000e+00
0.000000000000000000e+00
0.000000000000000000e+00
0.000000000000000000e+00
0.000000000000000000e+00
0.000000000000000000e+00
0.000000000000000000e+00
1.241413612770468286e-02
1.241413612770468286e-02
1.241413612770468286e-02
1.241413612770468286e-02
1.241413612770468286e-02
1.241413612770468286e-02
1.241413612770468286e-02
1.241413612770468286e-02
1.241413612770468286e-02
1.241413612770468286e-02
1.241413612770468286e-02
0.000000000000000000e+00
4.950261897636420994e-03
4.950261897636420994e-03
4.950261897636420994e-03
4.950261897636420994e-03
4.950261897636420994e-03
4.950261897636420994e-03
4.950261897636420994e-03
4.950261897636420994e-03
4.950261897636420994e-03
4.950261897636420994e-03
4.950261897636420994e-03
4.950261897636420994e-03
4.950261897636420994e-03
4.950261897636420994e-03
4.950261897636420994e-03
4.950261897636420994e-03
4.950261897636420994e-03
4.950261897636420994e-03
4.950261897636420994e-03
4.950261897636420994e-03
4.950261897636420994e-03
4.950261897636420994e-03
6.342410108034191030e-02
1.617103485718401207e-02
1.617103485718401207e-02
1.617103485718401207e-02
1.908018326804101356e-02
1.908018326804101356e-02
1.908018326804101356e-02
1.908018326804101356e-02
1.908018326804101356e-02
1.908018326804101356e-02
1.908018326804101356e-02
1.908018326804101356e-02
1.908018326804101356e-02
1.908018326804101356e-02
1.908018326804101356e-02
1.908018326804101356e-02
1.908018326804101356e-02
0.000000000000000000e+00
4.233184018596830751e-03
4.233184018596830751e-03
4.233184018596830751e-03
4.233184018596830751e-03
4.233184018596830751e-03
4.233184018596830751e-03
4.233184018596830751e-03
4.233184018596830751e-03
1.536961321963089405e-02
3.001809878263162097e-03
3.001809878263162097e-03
9.439210307784495768e-03
2.186172101243389655e-03
2.186172101243389655e-03
2.186172101243389655e-03
2.186172101243389655e-03
1.962217927693366178e-03
1.962217927693366178e-03
1.962217927693366178e-03
1.962217927693366178e-03
1.962217927693366178e-03
1.962217927693366178e-03
1.962217927693366178e-03
1.962217927693366178e-03
1.962217927693366178e-03
1.962217927693366178e-03
1.962217927693366178e-03
1.962217927693366178e-03
1.962217927693366178e-03
2.397292295073011684e-02
2.397292295073011684e-02
2.397292295073011684e-02
2.397292295073011684e-02
2.397292295073011684e-02
2.397292295073011684e-02
2.397292295073011684e-02
2.397292295073011684e-02
2.397292295073011684e-02
2.397292295073011684e-02
2.397292295073011684e-02
2.397292295073011684e-02
2.397292295073011684e-02
2.397292295073011684e-02
2.397292295073011684e-02
1.267790886458541877e-02
1.267790886458541877e-02
1.267790886458541877e-02
1.267790886458541877e-02
1.267790886458541877e-02
1.267790886458541877e-02
1.267790886458541877e-02
1.267790886458541877e-02
1.267790886458541877e-02
1.267790886458541877e-02
1.267790886458541877e-02
1.267790886458541877e-02
1.267790886458541877e-02
1.267790886458541877e-02
1.267790886458541877e-02
6.265622023046707456e-02
6.265622023046707456e-02
6.265622023046707456e-02
6.265622023046707456e-02
6.265622023046707456e-02
6.265622023046707456e-02
6.265622023046707456e-02
6.265622023046707456e-02
6.265622023046707456e-02
6.265622023046707456e-02
6.265622023046707456e-02
6.265622023046707456e-02
6.265622023046707456e-02
6.265622023046707456e-02
0.000000000000000000e+00
4.445133433793119204e-02
4.445133433793119204e-02
4.445133433793119204e-02
4.445133433793119204e-02
1.127774925892235935e-02
2.463466759217672677e-02
2.463466759217672677e-02
6.342410108034191030e-02
6.342410108034191030e-02
6.342410108034191030e-02
6.342410108034191030e-02
2.672041429864593226e-02
1.611417977807169666e-02
1.611417977807169666e-02
1.611417977807169666e-02
1.611417977807169666e-02
1.611417977807169666e-02
1.611417977807169666e-02
1.611417977807169666e-02
1.611417977807169666e-02
1.867808916852738144e-02
3.486182208015528583e-02
3.486182208015528583e-02
3.486182208015528583e-02
3.486182208015528583e-02
3.486182208015528583e-02
3.486182208015528583e-02
3.486182208015528583e-02
3.486182208015528583e-02
3.486182208015528583e-02
3.486182208015528583e-02
3.486182208015528583e-02
3.486182208015528583e-02
9.671403608797242077e-03
9.671403608797242077e-03
9.671403608797242077e-03
9.671403608797242077e-03
9.671403608797242077e-03
6.501047804772916959e-03
1.698370586362172837e-03
1.698370586362172837e-03
1.698370586362172837e-03
1.698370586362172837e-03
1.009180313943291649e-03
1.009180313943291649e-03
1.009180313943291649e-03
1.009180313943291649e-03
1.009180313943291649e-03
1.009180313943291649e-03
1.009180313943291649e-03
1.009180313943291649e-03
1.780534077316694302e-02
1.780534077316694302e-02
1.780534077316694302e-02
1.780534077316694302e-02
1.234279860039144000e-02
0.000000000000000000e+00
0.000000000000000000e+00
2.399629715735645055e-02
0.000000000000000000e+00
0.000000000000000000e+00
0.000000000000000000e+00
0.000000000000000000e+00
0.000000000000000000e+00
0.000000000000000000e+00
0.000000000000000000e+00
0.000000000000000000e+00
0.000000000000000000e+00
0.000000000000000000e+00
3.586865229507834891e-03
3.586865229507834891e-03
3.586865229507834891e-03
3.586865229507834891e-03
3.586865229507834891e-03
3.586865229507834891e-03
3.586865229507834891e-03
3.586865229507834891e-03
3.586865229507834891e-03
3.586865229507834891e-03
3.586865229507834891e-03
2.612590333883238469e-03
2.801825259187763068e-02
2.801825259187763068e-02
2.801825259187763068e-02
2.801825259187763068e-02
2.801825259187763068e-02
2.801825259187763068e-02
5.746700990772049024e-03
0.000000000000000000e+00
0.000000000000000000e+00
0.000000000000000000e+00
0.000000000000000000e+00
2.872391063286732480e-04
0.000000000000000000e+00
0.000000000000000000e+00
3.144127757984604282e-02
2.146045824734690854e-02
2.146045824734690854e-02
2.146045824734690854e-02
2.146045824734690854e-02
2.146045824734690854e-02
2.146045824734690854e-02
2.146045824734690854e-02
2.146045824734690854e-02
2.146045824734690854e-02
2.146045824734690854e-02
2.146045824734690854e-02
2.146045824734690854e-02
1.117514876297003718e-02
6.020551499069395039e-03
6.020551499069395039e-03
6.020551499069395039e-03
6.020551499069395039e-03
6.020551499069395039e-03
6.020551499069395039e-03
6.020551499069395039e-03
6.020551499069395039e-03
3.545212515280642129e-02
3.545212515280642129e-02
3.545212515280642129e-02
3.545212515280642129e-02
3.545212515280642129e-02
3.545212515280642129e-02
3.545212515280642129e-02
3.545212515280642129e-02
3.545212515280642129e-02
3.545212515280642129e-02
3.545212515280642129e-02
0.000000000000000000e+00
1.466531167934412294e-02
1.466531167934412294e-02
1.466531167934412294e-02
1.466531167934412294e-02
1.466531167934412294e-02
1.466531167934412294e-02
1.466531167934412294e-02
1.466531167934412294e-02
4.265238283668285231e-03
4.265238283668285231e-03
0.000000000000000000e+00
2.493479455836172462e-02
2.493479455836172462e-02
2.493479455836172462e-02
2.493479455836172462e-02
1.776005672231544127e-04
6.655892629897987994e-03
6.655892629897987994e-03
2.108431053191168070e-03
5.711320694757023378e-03
5.711320694757023378e-03
5.711320694757023378e-03
5.711320694757023378e-03
5.711320694757023378e-03
5.711320694757023378e-03
1.117514876297003718e-02
1.117514876297003718e-02
1.117514876297003718e-02
1.117514876297003718e-02
1.117514876297003718e-02
1.117514876297003718e-02
7.745282366658209038e-03
1.300967268056647287e-02
1.300967268056647287e-02
1.300967268056647287e-02
1.300967268056647287e-02
1.300967268056647287e-02
1.300967268056647287e-02
1.300967268056647287e-02
1.300967268056647287e-02
1.300967268056647287e-02
1.300967268056647287e-02
1.300967268056647287e-02
1.300967268056647287e-02
1.300967268056647287e-02
1.300967268056647287e-02
0.000000000000000000e+00
2.771690447141872751e-02
2.771690447141872751e-02
2.771690447141872751e-02
2.771690447141872751e-02
2.771690447141872751e-02
2.771690447141872751e-02
2.771690447141872751e-02
2.771690447141872751e-02
2.771690447141872751e-02
2.771690447141872751e-02
2.771690447141872751e-02
2.771690447141872751e-02
2.771690447141872751e-02
2.771690447141872751e-02
0.000000000000000000e+00
0.000000000000000000e+00
0.000000000000000000e+00
0.000000000000000000e+00
1.127774925892235935e-02
7.266976176731333205e-03
7.266976176731333205e-03
7.266976176731333205e-03
7.266976176731333205e-03
7.266976176731333205e-03
7.266976176731333205e-03
7.266976176731333205e-03
7.266976176731333205e-03
7.266976176731333205e-03
7.266976176731333205e-03
7.266976176731333205e-03
7.266976176731333205e-03
1.018426621606782073e-02
1.018426621606782073e-02
1.018426621606782073e-02
1.018426621606782073e-02
1.018426621606782073e-02
6.339931852109091659e-03
6.339931852109091659e-03
6.339931852109091659e-03
6.339931852109091659e-03
6.339931852109091659e-03
6.339931852109091659e-03
6.339931852109091659e-03
6.339931852109091659e-03
6.339931852109091659e-03
6.339931852109091659e-03
6.339931852109091659e-03
6.339931852109091659e-03
6.339931852109091659e-03
6.397649220742416577e-03
6.397649220742416577e-03
6.397649220742416577e-03
6.397649220742416577e-03
6.397649220742416577e-03
6.397649220742416577e-03
6.397649220742416577e-03
6.397649220742416577e-03
6.397649220742416577e-03
6.397649220742416577e-03
6.397649220742416577e-03
4.894629614110783226e-03
1.108699706118248737e-02
1.108699706118248737e-02
1.108699706118248737e-02
1.108699706118248737e-02
1.108699706118248737e-02
1.108699706118248737e-02
1.676909439279783583e-04
1.676909439279783583e-04
1.676909439279783583e-04
1.676909439279783583e-04
1.676909439279783583e-04
1.676909439279783583e-04
1.676909439279783583e-04
8.848823016995459312e-03
8.848823016995459312e-03
8.848823016995459312e-03
8.848823016995459312e-03
8.848823016995459312e-03
8.848823016995459312e-03
8.848823016995459312e-03
8.848823016995459312e-03
8.848823016995459312e-03
8.848823016995459312e-03
8.848823016995459312e-03
8.848823016995459312e-03
8.848823016995459312e-03
8.848823016995459312e-03
8.848823016995459312e-03
8.848823016995459312e-03
8.848823016995459312e-03
8.848823016995459312e-03
8.848823016995459312e-03
8.848823016995459312e-03
8.848823016995459312e-03
0.000000000000000000e+00
9.978089396034317202e-04
9.978089396034317202e-04
9.978089396034317202e-04
9.978089396034317202e-04
9.978089396034317202e-04
9.978089396034317202e-04
9.978089396034317202e-04
9.978089396034317202e-04
9.978089396034317202e-04
2.526881862274282797e-02
2.526881862274282797e-02
2.526881862274282797e-02
2.526881862274282797e-02
0.000000000000000000e+00
0.000000000000000000e+00
2.321509381582348083e-02
9.659869847933268486e-03
9.659869847933268486e-03
9.659869847933268486e-03
9.659869847933268486e-03
9.659869847933268486e-03
9.659869847933268486e-03
2.827088465478446930e-02
1.558393080672542882e-02
1.558393080672542882e-02
5.040929152766555205e-02
5.040929152766555205e-02
5.040929152766555205e-02
5.040929152766555205e-02
5.040929152766555205e-02
5.040929152766555205e-02
5.040929152766555205e-02
0.000000000000000000e+00
5.040929152766555205e-02
0.000000000000000000e+00
7.798833871731475006e-03
7.798833871731475006e-03
7.798833871731475006e-03
7.798833871731475006e-03
7.798833871731475006e-03
7.798833871731475006e-03
7.798833871731475006e-03
7.798833871731475006e-03
0.000000000000000000e+00
0.000000000000000000e+00
0.000000000000000000e+00
4.958868865103121040e-03
4.958868865103121040e-03
4.958868865103121040e-03
4.958868865103121040e-03
9.009657334379540458e-03
2.109666692243309175e-03
2.109666692243309175e-03
2.109666692243309175e-03
2.109666692243309175e-03
2.109666692243309175e-03
2.109666692243309175e-03
0.000000000000000000e+00
0.000000000000000000e+00
0.000000000000000000e+00
4.629700055519448548e-02
2.650390905780551296e-02
2.650390905780551296e-02
2.650390905780551296e-02
2.650390905780551296e-02
2.650390905780551296e-02
2.650390905780551296e-02
1.212320631473470453e-02
5.440089969352838832e-03
5.440089969352838832e-03
5.440089969352838832e-03
5.440089969352838832e-03
5.440089969352838832e-03
5.440089969352838832e-03
0.000000000000000000e+00
1.715649948090355870e-02
1.715649948090355870e-02
1.715649948090355870e-02
1.715649948090355870e-02
1.981764136733511414e-02
7.380882044710461963e-03
7.380882044710461963e-03
7.380882044710461963e-03
7.380882044710461963e-03
7.380882044710461963e-03
7.380882044710461963e-03
7.380882044710461963e-03
7.380882044710461963e-03
7.380882044710461963e-03
7.380882044710461963e-03
7.380882044710461963e-03
7.380882044710461963e-03
1.939507026731617303e-02
1.492389349558721247e-02
1.492389349558721247e-02
1.492389349558721247e-02
1.492389349558721247e-02
1.492389349558721247e-02
1.492389349558721247e-02
1.492389349558721247e-02
1.492389349558721247e-02
1.492389349558721247e-02
1.492389349558721247e-02
1.492389349558721247e-02
1.492389349558721247e-02
1.492389349558721247e-02
1.492389349558721247e-02
3.011636555847353736e-02
3.011636555847353736e-02
3.011636555847353736e-02
3.011636555847353736e-02
3.011636555847353736e-02
3.011636555847353736e-02
7.405733676819310947e-03
1.618414152393643371e-03
1.618414152393643371e-03
3.810705254416597854e-02
3.810705254416597854e-02
3.810705254416597854e-02
3.810705254416597854e-02
5.135697642837968018e-04
1.253830564802768145e-02
1.253830564802768145e-02
1.253830564802768145e-02
1.253830564802768145e-02
1.253830564802768145e-02
1.253830564802768145e-02
1.253830564802768145e-02
1.253830564802768145e-02
7.342239722051282884e-03
7.342239722051282884e-03
7.342239722051282884e-03
7.342239722051282884e-03
1.576005567417578315e-02
4.894629614110783226e-03
4.894629614110783226e-03
4.894629614110783226e-03
1.611913476696927652e-02
6.482442163011818172e-03
6.482442163011818172e-03
6.482442163011818172e-03
6.482442163011818172e-03
6.482442163011818172e-03
6.482442163011818172e-03
1.072942588982706349e-02
1.072942588982706349e-02
9.382535534780170328e-02
5.860969327868817760e-03
5.860969327868817760e-03
8.329156886817701624e-03
2.019331112649129512e-02
2.019331112649129512e-02
2.019331112649129512e-02
2.019331112649129512e-02
2.019331112649129512e-02
2.019331112649129512e-02
2.019331112649129512e-02
2.019331112649129512e-02
0.000000000000000000e+00
0.000000000000000000e+00
0.000000000000000000e+00
0.000000000000000000e+00
0.000000000000000000e+00
0.000000000000000000e+00
0.000000000000000000e+00
2.518371716514411843e-02
1.299817734871104753e-02
1.299817734871104753e-02
1.299817734871104753e-02
1.299817734871104753e-02
2.228333309940150678e-02
2.228333309940150678e-02
2.228333309940150678e-02
2.228333309940150678e-02
2.228333309940150678e-02
2.228333309940150678e-02
2.228333309940150678e-02
9.316054700338931641e-03
0.000000000000000000e+00
0.000000000000000000e+00
1.695830276760193142e-02
2.368710392052046643e-03
2.368710392052046643e-03
2.368710392052046643e-03
2.368710392052046643e-03
2.368710392052046643e-03
2.368710392052046643e-03
2.368710392052046643e-03
2.368710392052046643e-03
2.368710392052046643e-03
2.368710392052046643e-03
0.000000000000000000e+00
0.000000000000000000e+00
0.000000000000000000e+00
0.000000000000000000e+00
0.000000000000000000e+00
0.000000000000000000e+00
0.000000000000000000e+00
0.000000000000000000e+00
0.000000000000000000e+00
0.000000000000000000e+00
0.000000000000000000e+00
0.000000000000000000e+00
0.000000000000000000e+00
0.000000000000000000e+00
0.000000000000000000e+00
0.000000000000000000e+00
0.000000000000000000e+00
0.000000000000000000e+00
0.000000000000000000e+00
0.000000000000000000e+00
0.000000000000000000e+00
0.000000000000000000e+00
1.093247194002443549e-03
1.051203573890558372e-02
1.051203573890558372e-02
1.051203573890558372e-02
1.051203573890558372e-02
1.051203573890558372e-02
1.051203573890558372e-02
1.051203573890558372e-02
1.051203573890558372e-02
1.051203573890558372e-02
1.051203573890558372e-02
1.051203573890558372e-02
1.051203573890558372e-02
1.051203573890558372e-02
1.051203573890558372e-02
2.655710349991608626e-02
2.655710349991608626e-02
2.655710349991608626e-02
3.627467592493129750e-02
2.655710349991608626e-02
2.655710349991608626e-02
2.655710349991608626e-02
2.655710349991608626e-02
2.655710349991608626e-02
2.655710349991608626e-02
2.655710349991608626e-02
3.627467592493129750e-02
0.000000000000000000e+00
0.000000000000000000e+00
0.000000000000000000e+00
0.000000000000000000e+00
1.301418343191722282e-02
1.850976070257166761e-02
1.850976070257166761e-02
0.000000000000000000e+00
1.379160438183529326e-02
1.379160438183529326e-02
1.379160438183529326e-02
1.379160438183529326e-02
0.000000000000000000e+00
9.382535534780170328e-02
9.382535534780170328e-02
9.382535534780170328e-02
9.382535534780170328e-02
9.382535534780170328e-02
2.934776073422682915e-02
1.953853742385685405e-02
1.953853742385685405e-02
1.953853742385685405e-02
1.953853742385685405e-02
1.953853742385685405e-02
1.953853742385685405e-02
1.953853742385685405e-02
1.953853742385685405e-02
2.976170879914872506e-03
1.810021989866352713e-03
1.810021989866352713e-03
1.810021989866352713e-03
1.810021989866352713e-03
1.176420815736385628e-02
8.009553349942530450e-04
8.009553349942530450e-04
3.050880466757853807e-02
2.725588636584265478e-02
2.725588636584265478e-02
2.725588636584265478e-02
2.725588636584265478e-02
2.725588636584265478e-02
2.725588636584265478e-02
2.725588636584265478e-02
2.725588636584265478e-02
1.769597543134740936e-04
8.367550991602456037e-03
8.367550991602456037e-03
8.367550991602456037e-03
8.367550991602456037e-03
8.367550991602456037e-03
8.367550991602456037e-03
8.367550991602456037e-03
8.367550991602456037e-03
8.239147246150303749e-03
1.921177237984701344e-02
1.921177237984701344e-02
0.000000000000000000e+00
0.000000000000000000e+00
0.000000000000000000e+00
0.000000000000000000e+00
0.000000000000000000e+00
0.000000000000000000e+00
0.000000000000000000e+00
3.867284718962892692e-02
1.814788528455318906e-02
1.814788528455318906e-02
1.814788528455318906e-02
1.814788528455318906e-02
4.674198878347578939e-02
5.240369429555855052e-02
5.240369429555855052e-02
5.240369429555855052e-02
5.240369429555855052e-02
5.240369429555855052e-02
5.240369429555855052e-02
5.240369429555855052e-02
5.240369429555855052e-02
0.000000000000000000e+00
2.453125951259962738e-03
2.453125951259962738e-03
2.453125951259962738e-03
2.453125951259962738e-03
2.453125951259962738e-03
6.139790398826660070e-03
8.506793099726048940e-03
8.506793099726048940e-03
8.506793099726048940e-03
8.506793099726048940e-03
1.093247194002443549e-03
1.093247194002443549e-03
1.551611557918389402e-02
1.551611557918389402e-02
1.551611557918389402e-02
1.551611557918389402e-02
1.551611557918389402e-02
1.551611557918389402e-02
1.551611557918389402e-02
1.551611557918389402e-02
1.551611557918389402e-02
1.551611557918389402e-02
1.551611557918389402e-02
4.421644162164463029e-03
3.104195227061176850e-03
3.104195227061176850e-03
3.104195227061176850e-03
3.104195227061176850e-03
1.033696745001551863e-02
1.033696745001551863e-02
1.647021518191314760e-02
1.759002140250503360e-02
1.759002140250503360e-02
1.759002140250503360e-02
1.759002140250503360e-02
1.759002140250503360e-02
1.759002140250503360e-02
1.759002140250503360e-02
1.759002140250503360e-02
1.759002140250503360e-02
1.759002140250503360e-02
1.759002140250503360e-02
1.759002140250503360e-02
1.759002140250503360e-02
1.759002140250503360e-02
1.759002140250503360e-02
1.759002140250503360e-02
1.543843793588289305e-02
1.345623983000597892e-02
1.252324178950536306e-02
1.252324178950536306e-02
2.618257744194862988e-03
5.300104782601446074e-02
5.300104782601446074e-02
2.050085835553686411e-02
2.050085835553686411e-02
1.609702506268579150e-02
2.152443475853881363e-02
2.152443475853881363e-02
4.045826098513963243e-02
3.271629076209591619e-02
3.271629076209591619e-02
3.271629076209591619e-02
3.271629076209591619e-02
3.271629076209591619e-02
3.271629076209591619e-02
3.271629076209591619e-02
3.271629076209591619e-02
3.271629076209591619e-02
3.271629076209591619e-02
3.216162058814786562e-01
2.433437501254533813e-02
2.433437501254533813e-02
8.268450473596773015e-03
6.563840297178696187e-03
6.563840297178696187e-03
6.563840297178696187e-03
6.563840297178696187e-03
6.563840297178696187e-03
6.563840297178696187e-03
6.563840297178696187e-03
6.563840297178696187e-03
6.563840297178696187e-03
6.563840297178696187e-03
1.447719643583660586e-02
3.216162058814786562e-01
3.216162058814786562e-01
3.216162058814786562e-01
3.216162058814786562e-01
3.216162058814786562e-01
3.216162058814786562e-01
3.216162058814786562e-01
3.216162058814786562e-01
3.216162058814786562e-01
1.288875128708849571e-02
2.298169623481753979e-02
2.298169623481753979e-02
4.629700055519448548e-02
2.344469507821282314e-02
2.344469507821282314e-02
2.344469507821282314e-02
2.344469507821282314e-02
2.344469507821282314e-02
2.344469507821282314e-02
2.344469507821282314e-02
2.344469507821282314e-02
2.344469507821282314e-02
2.344469507821282314e-02
5.108026701427049142e-03
2.533965873861923276e-02
2.533965873861923276e-02
2.533965873861923276e-02
2.533965873861923276e-02
2.533965873861923276e-02
3.867284718962892692e-02
7.123257220167012252e-03
7.123257220167012252e-03
7.123257220167012252e-03
7.123257220167012252e-03
8.153565191657559386e-03
2.261498750978036681e-02
2.261498750978036681e-02
2.261498750978036681e-02
2.261498750978036681e-02
2.261498750978036681e-02
2.261498750978036681e-02
2.261498750978036681e-02
2.261498750978036681e-02
2.261498750978036681e-02
2.261498750978036681e-02
3.675373438495527917e-02
3.675373438495527917e-02
3.675373438495527917e-02
3.675373438495527917e-02
3.675373438495527917e-02
3.675373438495527917e-02
3.675373438495527917e-02
3.675373438495527917e-02
3.675373438495527917e-02
3.675373438495527917e-02
3.675373438495527917e-02
3.675373438495527917e-02
3.675373438495527917e-02
3.675373438495527917e-02
3.675373438495527917e-02
3.675373438495527917e-02
3.675373438495527917e-02
3.675373438495527917e-02
3.675373438495527917e-02
3.137793142919162448e-02
5.060718329506334878e-02
5.060718329506334878e-02
6.132875585594449105e-03
8.814978422325961752e-03
8.814978422325961752e-03
8.814978422325961752e-03
8.814978422325961752e-03
8.814978422325961752e-03
8.814978422325961752e-03
8.814978422325961752e-03
8.814978422325961752e-03
8.814978422325961752e-03
8.814978422325961752e-03
1.752574397673705223e-02
0.000000000000000000e+00
0.000000000000000000e+00
6.738504884253135319e-03
5.080893920679394223e-03
5.080893920679394223e-03
3.681298578646811231e-02
0.000000000000000000e+00
0.000000000000000000e+00
5.350494940326236924e-03
5.350494940326236924e-03
5.350494940326236924e-03
5.350494940326236924e-03
5.350494940326236924e-03
5.350494940326236924e-03
5.350494940326236924e-03
0.000000000000000000e+00
0.000000000000000000e+00
0.000000000000000000e+00
0.000000000000000000e+00
0.000000000000000000e+00
0.000000000000000000e+00
0.000000000000000000e+00
5.108428266360757163e-03
2.579910100408095222e-02
2.579910100408095222e-02
2.579910100408095222e-02
2.579910100408095222e-02
2.579910100408095222e-02
2.579910100408095222e-02
2.579910100408095222e-02
2.579910100408095222e-02
6.224889833992560718e-03
2.762206828170119671e-02
2.762206828170119671e-02
0.000000000000000000e+00
7.249423151199145543e-02
7.249423151199145543e-02
7.249423151199145543e-02
7.249423151199145543e-02
7.249423151199145543e-02
7.249423151199145543e-02
7.249423151199145543e-02
7.249423151199145543e-02
7.249423151199145543e-02
7.249423151199145543e-02
0.000000000000000000e+00
1.417176111814074171e-02
1.417176111814074171e-02
1.417176111814074171e-02
1.417176111814074171e-02
1.748260373375840060e-02
2.726296597737761646e-02
2.726296597737761646e-02
2.726296597737761646e-02
2.726296597737761646e-02
1.959358620020450886e-02
1.959358620020450886e-02
3.826195516991261203e-02
2.700404455082304478e-02
2.700404455082304478e-02
2.700404455082304478e-02
2.700404455082304478e-02
1.558012394828722780e-02
1.558012394828722780e-02
1.558012394828722780e-02
1.558012394828722780e-02
1.558012394828722780e-02
1.558012394828722780e-02
1.558012394828722780e-02
1.558012394828722780e-02
1.558012394828722780e-02
1.558012394828722780e-02
1.558012394828722780e-02
2.742901373368256471e-02
1.271493440808665366e-02
1.271493440808665366e-02
1.271493440808665366e-02
1.271493440808665366e-02
1.271493440808665366e-02
1.271493440808665366e-02
1.271493440808665366e-02
1.271493440808665366e-02
1.271493440808665366e-02
1.271493440808665366e-02
1.271493440808665366e-02
1.271493440808665366e-02
1.271493440808665366e-02
1.271493440808665366e-02
9.129762942587852856e-03
9.129762942587852856e-03
9.129762942587852856e-03
9.129762942587852856e-03
9.129762942587852856e-03
9.129762942587852856e-03
9.129762942587852856e-03
9.129762942587852856e-03
9.129762942587852856e-03
9.129762942587852856e-03
9.129762942587852856e-03
4.516393001429062221e-03
7.293837589277252492e-04
7.293837589277252492e-04
7.293837589277252492e-04
7.293837589277252492e-04
7.293837589277252492e-04
7.293837589277252492e-04
2.850233910444743227e-03
2.850233910444743227e-03
2.850233910444743227e-03
2.850233910444743227e-03
2.850233910444743227e-03
2.850233910444743227e-03
2.850233910444743227e-03
2.850233910444743227e-03
2.850233910444743227e-03
2.850233910444743227e-03
2.850233910444743227e-03
2.850233910444743227e-03
2.850233910444743227e-03
1.616616341821341604e-02
1.616616341821341604e-02
1.616616341821341604e-02
1.616616341821341604e-02
1.616616341821341604e-02
1.616616341821341604e-02
1.616616341821341604e-02
1.616616341821341604e-02
1.616616341821341604e-02
1.616616341821341604e-02
1.616616341821341604e-02
1.258616314089923503e-03
4.955166236545958383e-04
4.955166236545958383e-04
4.955166236545958383e-04
4.955166236545958383e-04
4.955166236545958383e-04
4.955166236545958383e-04
4.955166236545958383e-04
4.955166236545958383e-04
4.955166236545958383e-04
4.955166236545958383e-04
4.955166236545958383e-04
4.955166236545958383e-04
4.955166236545958383e-04
4.955166236545958383e-04
4.955166236545958383e-04
4.955166236545958383e-04
4.955166236545958383e-04
4.955166236545958383e-04
0.000000000000000000e+00
0.000000000000000000e+00
0.000000000000000000e+00
6.224889833992560718e-03
6.224889833992560718e-03
6.224889833992560718e-03
6.224889833992560718e-03
6.224889833992560718e-03
6.224889833992560718e-03
6.224889833992560718e-03
6.224889833992560718e-03
7.079037844593186884e-03
6.298685113856769546e-03
6.298685113856769546e-03
6.298685113856769546e-03
6.298685113856769546e-03
6.298685113856769546e-03
6.298685113856769546e-03
2.912782825095044416e-03
4.910678032090231432e-03
4.910678032090231432e-03
4.910678032090231432e-03
2.505165029138699262e-02
1.952505980464578142e-02
1.952505980464578142e-02
2.742901373368256471e-02
2.742901373368256471e-02
2.742901373368256471e-02
2.742901373368256471e-02
2.742901373368256471e-02
2.742901373368256471e-02
3.522909063582126132e-02
3.522909063582126132e-02
3.522909063582126132e-02
3.522909063582126132e-02
3.522909063582126132e-02
3.522909063582126132e-02
3.522909063582126132e-02
3.522909063582126132e-02
3.522909063582126132e-02
3.522909063582126132e-02
3.522909063582126132e-02
2.615758644780044606e-02
1.357198346986001301e-02
1.357198346986001301e-02
1.357198346986001301e-02
1.357198346986001301e-02
1.357198346986001301e-02
1.357198346986001301e-02
1.357198346986001301e-02
1.357198346986001301e-02
2.021826603718526391e-02
2.381821847521854458e-03
2.381821847521854458e-03
2.952682756640461099e-03
7.983267577994435787e-03
7.983267577994435787e-03
7.983267577994435787e-03
7.983267577994435787e-03
7.983267577994435787e-03
7.983267577994435787e-03
7.983267577994435787e-03
9.963205118379612688e-03
6.401499403732554931e-03
6.401499403732554931e-03
6.401499403732554931e-03
6.401499403732554931e-03
3.903896480296991864e-03
6.075371888934588682e-03
6.075371888934588682e-03
6.075371888934588682e-03
6.075371888934588682e-03
6.075371888934588682e-03
6.075371888934588682e-03
6.075371888934588682e-03
6.075371888934588682e-03
6.075371888934588682e-03
6.075371888934588682e-03
6.075371888934588682e-03
6.075371888934588682e-03
0.000000000000000000e+00
0.000000000000000000e+00
0.000000000000000000e+00
0.000000000000000000e+00
0.000000000000000000e+00
0.000000000000000000e+00
0.000000000000000000e+00
0.000000000000000000e+00
0.000000000000000000e+00
0.000000000000000000e+00
0.000000000000000000e+00
4.855727286198386478e-02
4.855727286198386478e-02
4.855727286198386478e-02
4.352887167542494884e-02
4.855727286198386478e-02
4.752788008956775750e-02
5.558050065943856421e-02
5.558050065943856421e-02
5.558050065943856421e-02
5.558050065943856421e-02
5.558050065943856421e-02
5.558050065943856421e-02
0.000000000000000000e+00
0.000000000000000000e+00
0.000000000000000000e+00
0.000000000000000000e+00
0.000000000000000000e+00
0.000000000000000000e+00
0.000000000000000000e+00
0.000000000000000000e+00
0.000000000000000000e+00
0.000000000000000000e+00
0.000000000000000000e+00
3.241676567227817427e-03
1.829009215571946942e-02
1.829009215571946942e-02
2.905362808889313045e-02
2.071821046528184856e-02
2.071821046528184856e-02
2.071821046528184856e-02
2.071821046528184856e-02
4.149166309816531943e-03
4.149166309816531943e-03
4.149166309816531943e-03
4.149166309816531943e-03
4.149166309816531943e-03
7.283299255839068270e-04
4.149166309816531943e-03
4.149166309816531943e-03
4.149166309816531943e-03
1.368796884144511151e-02
1.368796884144511151e-02
1.368796884144511151e-02
1.368796884144511151e-02
1.368796884144511151e-02
1.368796884144511151e-02
1.368796884144511151e-02
1.368796884144511151e-02
1.368796884144511151e-02
1.368796884144511151e-02
1.368796884144511151e-02
1.368796884144511151e-02
1.368796884144511151e-02
1.368796884144511151e-02
1.368796884144511151e-02
1.368796884144511151e-02
1.368796884144511151e-02
7.114908944857423201e-02
4.605307210270149360e-02
4.605307210270149360e-02
4.605307210270149360e-02
4.605307210270149360e-02
3.332717994572552259e-04
3.332717994572552259e-04
3.332717994572552259e-04
3.332717994572552259e-04
3.332717994572552259e-04
3.332717994572552259e-04
3.332717994572552259e-04
3.332717994572552259e-04
3.332717994572552259e-04
3.332717994572552259e-04
3.332717994572552259e-04
3.332717994572552259e-04
3.332717994572552259e-04
3.332717994572552259e-04
3.332717994572552259e-04
4.400617117985079936e-03
1.059080746434525218e-02
1.059080746434525218e-02
1.059080746434525218e-02
1.059080746434525218e-02
1.059080746434525218e-02
1.059080746434525218e-02
1.059080746434525218e-02
1.059080746434525218e-02
2.614782605660798814e-02
1.969084428513334368e-04
1.969084428513334368e-04
1.969084428513334368e-04
5.640491957381679224e-03
1.702498048509722920e-03
1.702498048509722920e-03
1.702498048509722920e-03
1.702498048509722920e-03
0.000000000000000000e+00
1.128778927625669060e-02
1.128778927625669060e-02
1.128778927625669060e-02
1.128778927625669060e-02
1.128778927625669060e-02
1.128778927625669060e-02
9.326038161000467551e-04
7.261217383229778789e-04
7.261217383229778789e-04
2.991284435477553280e-02
1.267603045990422020e-02
1.267603045990422020e-02
1.267603045990422020e-02
1.267603045990422020e-02
1.267603045990422020e-02
1.267603045990422020e-02
1.267603045990422020e-02
1.267603045990422020e-02
1.267603045990422020e-02
1.267603045990422020e-02
1.267603045990422020e-02
1.267603045990422020e-02
0.000000000000000000e+00
1.548882153700579037e-02
1.548882153700579037e-02
1.548882153700579037e-02
1.548882153700579037e-02
1.548882153700579037e-02
1.548882153700579037e-02
1.548882153700579037e-02
1.548882153700579037e-02
1.548882153700579037e-02
1.548882153700579037e-02
1.548882153700579037e-02
1.548882153700579037e-02
1.548882153700579037e-02
1.548882153700579037e-02
1.548882153700579037e-02
1.548882153700579037e-02
1.548882153700579037e-02
1.548882153700579037e-02
1.548882153700579037e-02
1.548882153700579037e-02
1.548882153700579037e-02
1.548882153700579037e-02
1.548882153700579037e-02
1.548882153700579037e-02
1.548882153700579037e-02
1.548882153700579037e-02
1.548882153700579037e-02
1.548882153700579037e-02
1.548882153700579037e-02
1.548882153700579037e-02
1.548882153700579037e-02
1.548882153700579037e-02
1.548882153700579037e-02
1.548882153700579037e-02
1.548882153700579037e-02
1.548882153700579037e-02
1.548882153700579037e-02
1.548882153700579037e-02
1.548882153700579037e-02
1.548882153700579037e-02
1.548882153700579037e-02
1.548882153700579037e-02
1.548882153700579037e-02
1.548882153700579037e-02
1.548882153700579037e-02
1.548882153700579037e-02
1.548882153700579037e-02
1.548882153700579037e-02
1.548882153700579037e-02
1.548882153700579037e-02
1.548882153700579037e-02
1.548882153700579037e-02
7.581434784046719652e-03
7.581434784046719652e-03
7.581434784046719652e-03
7.581434784046719652e-03
7.581434784046719652e-03
7.581434784046719652e-03
7.581434784046719652e-03
7.581434784046719652e-03
7.581434784046719652e-03
7.581434784046719652e-03
7.581434784046719652e-03
6.445857113414212199e-03
0.000000000000000000e+00
0.000000000000000000e+00
0.000000000000000000e+00
0.000000000000000000e+00
1.107280358507298397e-02
0.000000000000000000e+00
0.000000000000000000e+00
0.000000000000000000e+00
0.000000000000000000e+00
0.000000000000000000e+00
0.000000000000000000e+00
0.000000000000000000e+00
0.000000000000000000e+00
3.469567549556751979e-02
1.325904495683769349e-02
1.325904495683769349e-02
1.325904495683769349e-02
6.449325609604755240e-03
6.449325609604755240e-03
6.449325609604755240e-03
6.449325609604755240e-03
6.449325609604755240e-03
6.449325609604755240e-03
6.449325609604755240e-03
6.449325609604755240e-03
6.449325609604755240e-03
6.449325609604755240e-03
6.449325609604755240e-03
6.449325609604755240e-03
6.449325609604755240e-03
6.449325609604755240e-03
6.449325609604755240e-03
6.449325609604755240e-03
6.449325609604755240e-03
1.295363925087253919e-02
3.395421921045384630e-05
3.395421921045384630e-05
3.395421921045384630e-05
3.395421921045384630e-05
3.395421921045384630e-05
3.395421921045384630e-05
3.395421921045384630e-05
3.395421921045384630e-05
4.570506054200473844e-02
7.114908944857423201e-02
7.114908944857423201e-02
7.114908944857423201e-02
1.100790435116813862e-02
3.339949577061035284e-03
3.339949577061035284e-03
3.339949577061035284e-03
3.339949577061035284e-03
3.339949577061035284e-03
3.339949577061035284e-03
3.339949577061035284e-03
3.339949577061035284e-03
5.935190363905313779e-03
1.362945601979792358e-02
1.362945601979792358e-02
3.086884170376646627e-02
0.000000000000000000e+00
0.000000000000000000e+00
0.000000000000000000e+00
0.000000000000000000e+00
7.406514072424101591e-02
4.825349269733936880e-02
4.825349269733936880e-02
4.825349269733936880e-02
4.825349269733936880e-02
4.825349269733936880e-02
4.825349269733936880e-02
1.451798433333136018e-02
3.189395419088948691e-03
3.189395419088948691e-03
3.189395419088948691e-03
3.189395419088948691e-03
3.189395419088948691e-03
1.451798433333136018e-02
2.495302707023484140e-02
1.525361253621170541e-03
1.525361253621170541e-03
1.525361253621170541e-03
1.525361253621170541e-03
1.525361253621170541e-03
1.525361253621170541e-03
1.525361253621170541e-03
1.525361253621170541e-03
1.525361253621170541e-03
1.525361253621170541e-03
1.525361253621170541e-03
1.525361253621170541e-03
9.982387547198811120e-03
2.271821759709020602e-02
2.271821759709020602e-02
2.271821759709020602e-02
2.271821759709020602e-02
2.271821759709020602e-02
2.271821759709020602e-02
2.271821759709020602e-02
2.271821759709020602e-02
2.271821759709020602e-02
2.271821759709020602e-02
4.837474034531676070e-02
4.837474034531676070e-02
1.107280358507298397e-02
1.107280358507298397e-02
3.469567549556751979e-02
3.469567549556751979e-02
3.469567549556751979e-02
3.469567549556751979e-02
4.570506054200473844e-02
4.570506054200473844e-02
1.695830276760193142e-02
1.695830276760193142e-02
1.695830276760193142e-02
1.695830276760193142e-02
1.695830276760193142e-02
1.695830276760193142e-02
1.695830276760193142e-02
1.695830276760193142e-02
1.695830276760193142e-02
1.695830276760193142e-02
1.695830276760193142e-02
1.695830276760193142e-02
1.577394787524602146e-02
1.577394787524602146e-02
1.577394787524602146e-02
1.577394787524602146e-02
1.577394787524602146e-02
1.577394787524602146e-02
3.906609577236083708e-02
9.275685924344988448e-04
9.275685924344988448e-04
9.275685924344988448e-04
9.275685924344988448e-04
9.275685924344988448e-04
9.275685924344988448e-04
1.228475316939799979e-02
0.000000000000000000e+00
0.000000000000000000e+00
0.000000000000000000e+00
0.000000000000000000e+00
0.000000000000000000e+00
0.000000000000000000e+00
3.519332926420829823e-03
5.338847100648963853e-03
5.338847100648963853e-03
5.338847100648963853e-03
5.338847100648963853e-03
5.338847100648963853e-03
5.338847100648963853e-03
5.338847100648963853e-03
5.338847100648963853e-03
5.338847100648963853e-03
5.338847100648963853e-03
5.338847100648963853e-03
5.338847100648963853e-03
5.338847100648963853e-03
5.338847100648963853e-03
9.198106084003543001e-03
1.999371693626953925e-02
2.111492588478881480e-03
2.111492588478881480e-03
2.111492588478881480e-03
2.111492588478881480e-03
2.111492588478881480e-03
2.111492588478881480e-03
3.946054766983986793e-03
0.000000000000000000e+00
0.000000000000000000e+00
0.000000000000000000e+00
0.000000000000000000e+00
5.316831718763999869e-03
5.316831718763999869e-03
5.316831718763999869e-03
5.316831718763999869e-03
5.316831718763999869e-03
5.316831718763999869e-03
5.316831718763999869e-03
5.316831718763999869e-03
2.905168284213731182e-03
2.548025960179352897e-03
2.548025960179352897e-03
2.548025960179352897e-03
2.548025960179352897e-03
2.548025960179352897e-03
2.548025960179352897e-03
2.548025960179352897e-03
2.548025960179352897e-03
2.548025960179352897e-03
2.548025960179352897e-03
2.548025960179352897e-03
2.548025960179352897e-03
6.459753734845214562e-03
7.504645480607472115e-03
7.504645480607472115e-03
5.601039684484235975e-02
4.045826098513963243e-02
4.045826098513963243e-02
4.045826098513963243e-02
4.045826098513963243e-02
4.045826098513963243e-02
4.045826098513963243e-02
4.045826098513963243e-02
4.045826098513963243e-02
4.045826098513963243e-02
1.581091724650075456e-02
1.581091724650075456e-02
1.581091724650075456e-02
1.581091724650075456e-02
1.581091724650075456e-02
1.581091724650075456e-02
1.335046568888527234e-02
9.510310550152346540e-03
9.510310550152346540e-03
9.510310550152346540e-03
9.510310550152346540e-03
9.510310550152346540e-03
9.510310550152346540e-03
2.818358487019112513e-02
3.235848857267695916e-02
3.235848857267695916e-02
3.235848857267695916e-02
3.235848857267695916e-02
9.550023043793970552e-04
1.762543878880979201e-02
1.762543878880979201e-02
1.762543878880979201e-02
1.762543878880979201e-02
1.677211228147904715e-02
1.168379906493406672e-02
1.168379906493406672e-02
1.168379906493406672e-02
1.168379906493406672e-02
1.168379906493406672e-02
1.168379906493406672e-02
2.992881483046275909e-03
3.585946451402216573e-02
5.194000796752137189e-03
1.921275989035321069e-02
1.921275989035321069e-02
3.144127757984604282e-02
3.144127757984604282e-02
1.266942437910215623e-02
1.919526725122918179e-02
1.919526725122918179e-02
4.007681819358150516e-02
1.246120248194320344e-02
1.246120248194320344e-02
1.246120248194320344e-02
1.246120248194320344e-02
1.246120248194320344e-02
1.246120248194320344e-02
1.246120248194320344e-02
1.246120248194320344e-02
1.505130413580676139e-03
4.913303231511558129e-03
4.913303231511558129e-03
4.913303231511558129e-03
4.913303231511558129e-03
4.913303231511558129e-03
4.913303231511558129e-03
4.913303231511558129e-03
4.913303231511558129e-03
1.731771604556937502e-03
1.583268870628980890e-02
1.583268870628980890e-02
5.138346434006318096e-03
0.000000000000000000e+00
0.000000000000000000e+00
0.000000000000000000e+00
8.557988460842975986e-02
8.557988460842975986e-02
8.557988460842975986e-02
8.557988460842975986e-02
8.557988460842975986e-02
8.557988460842975986e-02
8.557988460842975986e-02
8.557988460842975986e-02
8.557988460842975986e-02
8.557988460842975986e-02
8.557988460842975986e-02
8.557988460842975986e-02
8.557988460842975986e-02
8.557988460842975986e-02
8.416680115207035573e-02
4.083124432359282532e-03
4.083124432359282532e-03
4.083124432359282532e-03
4.083124432359282532e-03
4.083124432359282532e-03
4.083124432359282532e-03
4.083124432359282532e-03
4.083124432359282532e-03
1.962601952346473833e-02
1.188755211557257843e-02
1.188755211557257843e-02
1.188755211557257843e-02
1.188755211557257843e-02
0.000000000000000000e+00
0.000000000000000000e+00
0.000000000000000000e+00
0.000000000000000000e+00
0.000000000000000000e+00
0.000000000000000000e+00
0.000000000000000000e+00
0.000000000000000000e+00
0.000000000000000000e+00
0.000000000000000000e+00
0.000000000000000000e+00
0.000000000000000000e+00
0.000000000000000000e+00
0.000000000000000000e+00
0.000000000000000000e+00
0.000000000000000000e+00
0.000000000000000000e+00
0.000000000000000000e+00
0.000000000000000000e+00
0.000000000000000000e+00
1.093117288943828503e-03
2.116525121890009114e-03
2.116525121890009114e-03
2.116525121890009114e-03
2.116525121890009114e-03
0.000000000000000000e+00
0.000000000000000000e+00
0.000000000000000000e+00
0.000000000000000000e+00
0.000000000000000000e+00
0.000000000000000000e+00
0.000000000000000000e+00
0.000000000000000000e+00
0.000000000000000000e+00
0.000000000000000000e+00
0.000000000000000000e+00
0.000000000000000000e+00
0.000000000000000000e+00
0.000000000000000000e+00
0.000000000000000000e+00
0.000000000000000000e+00
1.250367189891788203e-02
1.250367189891788203e-02
1.250367189891788203e-02
1.250367189891788203e-02
1.250367189891788203e-02
1.250367189891788203e-02
1.250367189891788203e-02
1.250367189891788203e-02
1.463659059079269222e-02
1.463659059079269222e-02
2.297495508692322039e-02
2.297495508692322039e-02
2.297495508692322039e-02
2.297495508692322039e-02
2.297495508692322039e-02
2.297495508692322039e-02
2.297495508692322039e-02
2.297495508692322039e-02
2.297495508692322039e-02
2.297495508692322039e-02
2.297495508692322039e-02
2.297495508692322039e-02
2.297495508692322039e-02
0.000000000000000000e+00
0.000000000000000000e+00
0.000000000000000000e+00
0.000000000000000000e+00
0.000000000000000000e+00
0.000000000000000000e+00
0.000000000000000000e+00
3.710199398130028040e-03
3.710199398130028040e-03
3.710199398130028040e-03
3.710199398130028040e-03
3.710199398130028040e-03
3.710199398130028040e-03
3.710199398130028040e-03
3.710199398130028040e-03
3.710199398130028040e-03
3.710199398130028040e-03
3.710199398130028040e-03
3.710199398130028040e-03
3.710199398130028040e-03
3.710199398130028040e-03
3.710199398130028040e-03
3.710199398130028040e-03
2.419273015485374351e-02
0.000000000000000000e+00
0.000000000000000000e+00
0.000000000000000000e+00
0.000000000000000000e+00
0.000000000000000000e+00
0.000000000000000000e+00
0.000000000000000000e+00
0.000000000000000000e+00
0.000000000000000000e+00
0.000000000000000000e+00
7.410943049119409626e-03
1.502910289109210193e-03
1.502910289109210193e-03
1.755300210982890796e-02
1.576005567417578315e-02
1.576005567417578315e-02
1.576005567417578315e-02
1.731771604556937502e-03
2.976170879914872506e-03
8.762507675677017049e-03
5.929501859350103446e-03
5.929501859350103446e-03
5.929501859350103446e-03
5.929501859350103446e-03
5.929501859350103446e-03
5.929501859350103446e-03
4.734549621265521889e-03
5.987538887805544073e-03
5.987538887805544073e-03
5.987538887805544073e-03
5.987538887805544073e-03
5.243621024018115147e-03
1.462795770542642086e-02
1.462795770542642086e-02
1.462795770542642086e-02
1.462795770542642086e-02
1.462795770542642086e-02
1.462795770542642086e-02
1.462795770542642086e-02
1.462795770542642086e-02
2.148027536182634326e-02
1.656867572787769707e-02
1.656867572787769707e-02
1.656867572787769707e-02
1.656867572787769707e-02
1.656867572787769707e-02
1.656867572787769707e-02
8.204515317307569874e-03
3.246896312757777993e-03
3.246896312757777993e-03
3.246896312757777993e-03
3.246896312757777993e-03
3.246896312757777993e-03
3.246896312757777993e-03
1.653652219277420773e-02
1.653652219277420773e-02
1.653652219277420773e-02
1.114432837141838238e-02
7.844234738094840731e-04
7.844234738094840731e-04
7.844234738094840731e-04
7.844234738094840731e-04
7.844234738094840731e-04
7.844234738094840731e-04
7.844234738094840731e-04
7.844234738094840731e-04
7.844234738094840731e-04
7.844234738094840731e-04
7.844234738094840731e-04
7.844234738094840731e-04
7.844234738094840731e-04
2.201839550755965713e-02
4.171958077160834583e-02
4.674198878347578939e-02
2.245883769766599154e-03
2.982353662004441478e-04
2.982353662004441478e-04
2.982353662004441478e-04
2.982353662004441478e-04
2.982353662004441478e-04
2.982353662004441478e-04
2.982353662004441478e-04
2.982353662004441478e-04
3.290445188632477175e-02
2.815761422674506118e-02
2.815761422674506118e-02
2.815761422674506118e-02
2.815761422674506118e-02
0.000000000000000000e+00
0.000000000000000000e+00
0.000000000000000000e+00
0.000000000000000000e+00
0.000000000000000000e+00
0.000000000000000000e+00
0.000000000000000000e+00
0.000000000000000000e+00
0.000000000000000000e+00
0.000000000000000000e+00
0.000000000000000000e+00
0.000000000000000000e+00
0.000000000000000000e+00
0.000000000000000000e+00
0.000000000000000000e+00
0.000000000000000000e+00
5.138346434006318096e-03
4.783417333737236508e-03
4.783417333737236508e-03
4.783417333737236508e-03
4.783417333737236508e-03
4.783417333737236508e-03
4.783417333737236508e-03
4.783417333737236508e-03
4.783417333737236508e-03
4.783417333737236508e-03
4.783417333737236508e-03
4.970789387464995962e-02
2.517632485840276893e-02
2.517632485840276893e-02
2.517632485840276893e-02
2.517632485840276893e-02
2.517632485840276893e-02
2.517632485840276893e-02
9.966202541011971727e-03
1.739332045467635590e-02
1.739332045467635590e-02
4.752788008956775750e-02
4.752788008956775750e-02
4.752788008956775750e-02
4.752788008956775750e-02
2.242137351379360627e-02
2.199853761854359685e-02
2.199853761854359685e-02
2.199853761854359685e-02
2.199853761854359685e-02
2.199853761854359685e-02
2.199853761854359685e-02
8.416680115207035573e-02
8.416680115207035573e-02
8.416680115207035573e-02
8.416680115207035573e-02
8.416680115207035573e-02
5.046700398798298348e-02
7.344005090752190289e-03
4.434485188070735363e-03
4.434485188070735363e-03
8.048728743097264063e-03
1.040899366297311050e-02
1.040899366297311050e-02
1.040899366297311050e-02
1.040899366297311050e-02
1.040899366297311050e-02
1.040899366297311050e-02
1.040899366297311050e-02
1.040899366297311050e-02
1.497879190020809034e-02
2.359198950232134495e-02
2.359198950232134495e-02
2.359198950232134495e-02
2.359198950232134495e-02
2.359198950232134495e-02
2.359198950232134495e-02
2.359198950232134495e-02
2.359198950232134495e-02
2.359198950232134495e-02
2.359198950232134495e-02
2.359198950232134495e-02
2.359198950232134495e-02
5.108026701427049142e-03
5.108026701427049142e-03
5.108026701427049142e-03
5.108026701427049142e-03
5.108026701427049142e-03
5.108026701427049142e-03
5.866433545803554500e-02
5.866433545803554500e-02
3.681298578646811231e-02
0.000000000000000000e+00
0.000000000000000000e+00
1.438880080228681704e-02
1.438880080228681704e-02
1.438880080228681704e-02
2.186295912705785507e-02
8.419136479153445027e-03
8.419136479153445027e-03
8.419136479153445027e-03
8.419136479153445027e-03
8.419136479153445027e-03
8.419136479153445027e-03
4.018876193437630933e-04
4.018876193437630933e-04
4.018876193437630933e-04
4.018876193437630933e-04
4.018876193437630933e-04
4.018876193437630933e-04
4.018876193437630933e-04
4.018876193437630933e-04
4.018876193437630933e-04
4.018876193437630933e-04
4.018876193437630933e-04
4.018876193437630933e-04
4.018876193437630933e-04
4.018876193437630933e-04
4.018876193437630933e-04
4.018876193437630933e-04
6.893872602186578921e-03
1.062083542277613129e-03
1.062083542277613129e-03
1.062083542277613129e-03
1.062083542277613129e-03
1.062083542277613129e-03
1.062083542277613129e-03
8.204515317307569874e-03
1.536961321963089405e-02
1.536961321963089405e-02
1.536961321963089405e-02
1.536961321963089405e-02
1.536961321963089405e-02
2.186870515376613394e-02
2.905168284213731182e-03
2.905168284213731182e-03
2.905168284213731182e-03
2.905168284213731182e-03
2.905168284213731182e-03
2.905168284213731182e-03
2.905168284213731182e-03
2.905168284213731182e-03
2.905168284213731182e-03
9.945306427160661988e-03
9.945306427160661988e-03
9.945306427160661988e-03
9.945306427160661988e-03
9.945306427160661988e-03
9.945306427160661988e-03
9.945306427160661988e-03
9.945306427160661988e-03
9.945306427160661988e-03
9.945306427160661988e-03
9.945306427160661988e-03
9.945306427160661988e-03
9.945306427160661988e-03
5.968647892762205898e-05
1.120877428425504259e-02
1.120877428425504259e-02
0.000000000000000000e+00
1.234279860039144000e-02
1.234279860039144000e-02
1.234279860039144000e-02
1.234279860039144000e-02
1.234279860039144000e-02
1.090971904596619267e-02
1.367372010285207613e-02
1.367372010285207613e-02
1.367372010285207613e-02
1.367372010285207613e-02
1.367372010285207613e-02
1.367372010285207613e-02
0.000000000000000000e+00
3.658963013284171392e-03
3.658963013284171392e-03
3.658963013284171392e-03
3.658963013284171392e-03
3.658963013284171392e-03
3.658963013284171392e-03
2.614782605660798814e-02
1.663365191820861608e-02
1.663365191820861608e-02
1.663365191820861608e-02
0.000000000000000000e+00
0.000000000000000000e+00
0.000000000000000000e+00
0.000000000000000000e+00
0.000000000000000000e+00
2.034427396185313399e-03
2.034427396185313399e-03
2.034427396185313399e-03
2.034427396185313399e-03
2.034427396185313399e-03
2.034427396185313399e-03
2.034427396185313399e-03
2.034427396185313399e-03
2.034427396185313399e-03
2.034427396185313399e-03
1.324011659797774861e-02
0.000000000000000000e+00
0.000000000000000000e+00
0.000000000000000000e+00
0.000000000000000000e+00
0.000000000000000000e+00
0.000000000000000000e+00
0.000000000000000000e+00
0.000000000000000000e+00
0.000000000000000000e+00
0.000000000000000000e+00
0.000000000000000000e+00
5.585973110000056960e-03
5.585973110000056960e-03
5.585973110000056960e-03
5.585973110000056960e-03
5.585973110000056960e-03
5.585973110000056960e-03
5.585973110000056960e-03
5.585973110000056960e-03
5.585973110000056960e-03
5.585973110000056960e-03
5.585973110000056960e-03
4.433425845183316949e-03
4.433425845183316949e-03
4.433425845183316949e-03
4.433425845183316949e-03
4.433425845183316949e-03
4.433425845183316949e-03
0.000000000000000000e+00
2.558835714933434691e-03
2.558835714933434691e-03
2.558835714933434691e-03
2.558835714933434691e-03
2.558835714933434691e-03
2.558835714933434691e-03
2.558835714933434691e-03
2.558835714933434691e-03
2.558835714933434691e-03
2.558835714933434691e-03
1.939071253212810292e-02
1.939071253212810292e-02
1.939071253212810292e-02
1.939071253212810292e-02
1.419668442414018066e-02
1.067163239872274960e-02
1.067163239872274960e-02
1.067163239872274960e-02
1.067163239872274960e-02
1.067163239872274960e-02
1.067163239872274960e-02
1.067163239872274960e-02
1.067163239872274960e-02
2.495831703669814522e-02
1.676717652747518024e-03
1.676717652747518024e-03
1.676717652747518024e-03
1.676717652747518024e-03
1.676717652747518024e-03
1.676717652747518024e-03
1.676717652747518024e-03
1.676717652747518024e-03
1.676717652747518024e-03
1.676717652747518024e-03
4.921993177696867144e-03
0.000000000000000000e+00
0.000000000000000000e+00
0.000000000000000000e+00
3.033064484096256817e-03
7.296011766079135707e-03
7.296011766079135707e-03
0.000000000000000000e+00
0.000000000000000000e+00
2.503950508920450846e-02
2.040416504433937780e-02
2.040416504433937780e-02
0.000000000000000000e+00
0.000000000000000000e+00
0.000000000000000000e+00
0.000000000000000000e+00
0.000000000000000000e+00
0.000000000000000000e+00
0.000000000000000000e+00
0.000000000000000000e+00
0.000000000000000000e+00
0.000000000000000000e+00
0.000000000000000000e+00
0.000000000000000000e+00
0.000000000000000000e+00
0.000000000000000000e+00
0.000000000000000000e+00
0.000000000000000000e+00
1.942199462754496970e-03
1.942199462754496970e-03
1.942199462754496970e-03
1.942199462754496970e-03
1.942199462754496970e-03
1.942199462754496970e-03
1.942199462754496970e-03
1.942199462754496970e-03
1.118532828381419743e-02
1.831945957182855647e-02
1.831945957182855647e-02
1.831945957182855647e-02
1.831945957182855647e-02
1.831945957182855647e-02
1.831945957182855647e-02
7.138363003438769235e-03
7.138363003438769235e-03
7.138363003438769235e-03
7.138363003438769235e-03
7.138363003438769235e-03
7.138363003438769235e-03
4.368935828963233133e-03
8.228103696693118627e-03
8.228103696693118627e-03
8.228103696693118627e-03
8.228103696693118627e-03
8.228103696693118627e-03
8.228103696693118627e-03
3.092159706166118776e-03
1.716551751266815265e-02
1.716551751266815265e-02
1.716551751266815265e-02
1.716551751266815265e-02
1.716551751266815265e-02
1.716551751266815265e-02
1.716551751266815265e-02
1.716551751266815265e-02
1.716551751266815265e-02
1.716551751266815265e-02
1.716551751266815265e-02
1.716551751266815265e-02
0.000000000000000000e+00
8.225581512167169651e-02
8.225581512167169651e-02
8.225581512167169651e-02
8.225581512167169651e-02
8.225581512167169651e-02
8.225581512167169651e-02
8.225581512167169651e-02
8.225581512167169651e-02
8.225581512167169651e-02
8.225581512167169651e-02
8.225581512167169651e-02
8.225581512167169651e-02
8.225581512167169651e-02
8.225581512167169651e-02
8.225581512167169651e-02
8.225581512167169651e-02
2.324057561595046367e-02
6.259040368223504902e-02
6.259040368223504902e-02
6.259040368223504902e-02
6.259040368223504902e-02
6.259040368223504902e-02
6.259040368223504902e-02
6.259040368223504902e-02
6.259040368223504902e-02
1.861736766633305742e-02
1.861736766633305742e-02
1.861736766633305742e-02
0.000000000000000000e+00
1.861736766633305742e-02
1.861736766633305742e-02
5.583795849920255606e-03
4.850814717386608618e-03
4.850814717386608618e-03
4.850814717386608618e-03
4.850814717386608618e-03
1.320312898564907078e-02
1.320312898564907078e-02
1.320312898564907078e-02
1.320312898564907078e-02
1.320312898564907078e-02
1.320312898564907078e-02
4.007681819358150516e-02
4.007681819358150516e-02
4.007681819358150516e-02
4.007681819358150516e-02
4.007681819358150516e-02
4.007681819358150516e-02
1.930491490105215244e-02
8.851005838596266544e-04
8.851005838596266544e-04
8.851005838596266544e-04
8.851005838596266544e-04
8.851005838596266544e-04
8.851005838596266544e-04
8.851005838596266544e-04
8.851005838596266544e-04
8.851005838596266544e-04
8.851005838596266544e-04
8.851005838596266544e-04
8.851005838596266544e-04
0.000000000000000000e+00
0.000000000000000000e+00
0.000000000000000000e+00
0.000000000000000000e+00
0.000000000000000000e+00
0.000000000000000000e+00
0.000000000000000000e+00
0.000000000000000000e+00
0.000000000000000000e+00
0.000000000000000000e+00
0.000000000000000000e+00
7.662992594353439926e-05
7.662992594353439926e-05
7.662992594353439926e-05
7.662992594353439926e-05
7.662992594353439926e-05
7.662992594353439926e-05
7.662992594353439926e-05
7.662992594353439926e-05
7.662992594353439926e-05
7.662992594353439926e-05
7.662992594353439926e-05
3.731922490814656990e-02
1.748260373375840060e-02
2.069725796361697803e-02
2.069725796361697803e-02
2.069725796361697803e-02
2.069725796361697803e-02
2.069725796361697803e-02
2.069725796361697803e-02
2.069725796361697803e-02
6.739426933868033001e-03
3.911840696733105867e-03
3.911840696733105867e-03
3.911840696733105867e-03
3.911840696733105867e-03
5.691802479221293003e-04
1.476756150614079964e-02
1.476756150614079964e-02
1.476756150614079964e-02
1.476756150614079964e-02
3.380206195695369814e-02
1.507093167518870017e-03
1.507093167518870017e-03
1.507093167518870017e-03
1.507093167518870017e-03
1.507093167518870017e-03
1.507093167518870017e-03
1.507093167518870017e-03
1.507093167518870017e-03
9.797069233894251453e-03
8.329156886817701624e-03
8.329156886817701624e-03
8.329156886817701624e-03
8.329156886817701624e-03
8.329156886817701624e-03
8.329156886817701624e-03
8.329156886817701624e-03
1.286225550163017095e-02
2.932886776373895619e-04
2.932886776373895619e-04
2.932886776373895619e-04
2.932886776373895619e-04
2.932886776373895619e-04
2.932886776373895619e-04
2.623813034412121950e-02
3.616131301516328084e-02
3.616131301516328084e-02
3.616131301516328084e-02
3.616131301516328084e-02
0.000000000000000000e+00
1.286225550163017095e-02
1.286225550163017095e-02
1.286225550163017095e-02
1.286225550163017095e-02
1.286225550163017095e-02
1.286225550163017095e-02
1.286225550163017095e-02
1.286225550163017095e-02
1.286225550163017095e-02
1.286225550163017095e-02
1.286225550163017095e-02
1.286225550163017095e-02
1.286225550163017095e-02
1.286225550163017095e-02
1.286225550163017095e-02
1.286225550163017095e-02
1.930491490105215244e-02
1.930491490105215244e-02
1.930491490105215244e-02
1.930491490105215244e-02
1.930491490105215244e-02
1.930491490105215244e-02
1.384541180710526127e-02
1.384541180710526127e-02
1.384541180710526127e-02
1.384541180710526127e-02
1.384541180710526127e-02
1.384541180710526127e-02
1.384541180710526127e-02
1.384541180710526127e-02
1.384541180710526127e-02
1.384541180710526127e-02
1.727799141608947486e-02
1.347096431836604727e-02
1.347096431836604727e-02
1.347096431836604727e-02
1.347096431836604727e-02
1.347096431836604727e-02
1.347096431836604727e-02
1.347096431836604727e-02
1.347096431836604727e-02
1.347096431836604727e-02
1.347096431836604727e-02
1.347096431836604727e-02
1.347096431836604727e-02
0.000000000000000000e+00
0.000000000000000000e+00
0.000000000000000000e+00
0.000000000000000000e+00
1.523665565547177060e-02
6.280495814415770588e-03
6.280495814415770588e-03
3.052286304599713482e-03
4.738982231832212372e-03
1.742183844541898494e-02
9.533179221444120985e-03
9.533179221444120985e-03
9.533179221444120985e-03
9.533179221444120985e-03
9.533179221444120985e-03
9.533179221444120985e-03
9.533179221444120985e-03
9.533179221444120985e-03
9.533179221444120985e-03
9.533179221444120985e-03
3.529339378609686832e-03
1.103147962043726435e-02
1.103147962043726435e-02
1.103147962043726435e-02
1.103147962043726435e-02
2.748370285221551652e-03
5.065277618172802851e-03
5.065277618172802851e-03
5.065277618172802851e-03
5.065277618172802851e-03
2.657388809230629145e-02
1.179403967189539444e-02
1.179403967189539444e-02
1.619613215096650863e-02
2.259239207087865645e-02
2.259239207087865645e-02
2.259239207087865645e-02
8.505789984875557121e-04
8.531620167587563577e-04
8.531620167587563577e-04
8.531620167587563577e-04
8.531620167587563577e-04
8.531620167587563577e-04
8.531620167587563577e-04
8.531620167587563577e-04
8.531620167587563577e-04
8.531620167587563577e-04
8.531620167587563577e-04
1.985952154180174040e-02
1.258616314089923503e-03
1.258616314089923503e-03
1.258616314089923503e-03
1.258616314089923503e-03
1.258616314089923503e-03
2.623168314061945922e-02
3.081084384795937728e-03
3.081084384795937728e-03
3.081084384795937728e-03
3.081084384795937728e-03
3.081084384795937728e-03
3.081084384795937728e-03
3.081084384795937728e-03
3.081084384795937728e-03
3.081084384795937728e-03
3.081084384795937728e-03
1.979407782916473360e-02
1.611913476696927652e-02
2.477866673522837598e-02
2.477866673522837598e-02
2.477866673522837598e-02
2.477866673522837598e-02
2.545620261844104212e-02
1.576864208545622481e-02
1.576864208545622481e-02
1.576864208545622481e-02
1.576864208545622481e-02
1.576864208545622481e-02
1.576864208545622481e-02
1.576864208545622481e-02
1.576864208545622481e-02
2.105429975265123849e-02
6.715953150210063338e-03
6.715953150210063338e-03
6.715953150210063338e-03
6.715953150210063338e-03
6.715953150210063338e-03
6.715953150210063338e-03
3.380206195695369814e-02
3.380206195695369814e-02
3.380206195695369814e-02
1.199454139177678035e-02
2.086520023104751834e-02
2.086520023104751834e-02
2.086520023104751834e-02
2.086520023104751834e-02
2.086520023104751834e-02
2.086520023104751834e-02
1.531579504086304742e-02
0.000000000000000000e+00
0.000000000000000000e+00
4.662678972826951769e-03
7.388696124324565552e-03
7.388696124324565552e-03
7.388696124324565552e-03
8.353699236811656242e-03
2.569644916241911169e-03
2.569644916241911169e-03
1.611689957383992053e-02
1.611689957383992053e-02
1.611689957383992053e-02
1.611689957383992053e-02
1.611689957383992053e-02
1.611689957383992053e-02
1.611689957383992053e-02
1.611689957383992053e-02
1.611689957383992053e-02
1.611689957383992053e-02
1.611689957383992053e-02
7.686893881734740107e-03
1.838018643518252171e-02
1.838018643518252171e-02
1.838018643518252171e-02
1.838018643518252171e-02
2.186870515376613394e-02
1.914347884458974039e-02
1.914347884458974039e-02
1.695180902911339049e-02
2.286231305084006002e-02
2.286231305084006002e-02
2.286231305084006002e-02
2.286231305084006002e-02
2.286231305084006002e-02
2.286231305084006002e-02
0.000000000000000000e+00
2.789361696157672058e-02
2.789361696157672058e-02
0.000000000000000000e+00
0.000000000000000000e+00
0.000000000000000000e+00
0.000000000000000000e+00
9.329786525115497595e-03
9.329786525115497595e-03
9.329786525115497595e-03
9.329786525115497595e-03
9.329786525115497595e-03
9.329786525115497595e-03
4.409947126759290043e-02
1.768449092408231737e-03
1.768449092408231737e-03
1.768449092408231737e-03
1.768449092408231737e-03
1.768449092408231737e-03
1.768449092408231737e-03
1.768449092408231737e-03
1.768449092408231737e-03
1.768449092408231737e-03
1.768449092408231737e-03
1.768449092408231737e-03
1.768449092408231737e-03
1.768449092408231737e-03
2.954580638716433529e-03
2.763797517128467607e-02
2.763797517128467607e-02
2.763797517128467607e-02
2.763797517128467607e-02
1.195324166089616405e-02
1.195324166089616405e-02
1.195324166089616405e-02
1.195324166089616405e-02
1.195324166089616405e-02
1.195324166089616405e-02
1.195324166089616405e-02
1.195324166089616405e-02
1.195324166089616405e-02
1.195324166089616405e-02
1.195324166089616405e-02
1.195324166089616405e-02
1.195324166089616405e-02
3.013088485136826682e-03
2.186295912705785507e-02
2.186295912705785507e-02
2.186295912705785507e-02
2.186295912705785507e-02
2.186295912705785507e-02
2.186295912705785507e-02
2.186295912705785507e-02
2.186295912705785507e-02
2.186295912705785507e-02
2.186295912705785507e-02
2.186295912705785507e-02
2.186295912705785507e-02
2.186295912705785507e-02
2.590875168113681085e-02
7.371370654971133585e-02
7.371370654971133585e-02
0.000000000000000000e+00
2.935375356873618988e-02
2.935375356873618988e-02
2.935375356873618988e-02
2.935375356873618988e-02
2.935375356873618988e-02
2.935375356873618988e-02
2.935375356873618988e-02
2.935375356873618988e-02
2.935375356873618988e-02
2.935375356873618988e-02
2.761291437111150493e-02
2.525783031291934863e-02
2.525783031291934863e-02
0.000000000000000000e+00
2.525783031291934863e-02
2.525783031291934863e-02
2.525783031291934863e-02
5.641771284576171941e-03
5.174595434726930168e-04
5.174595434726930168e-04
5.174595434726930168e-04
5.174595434726930168e-04
5.174595434726930168e-04
5.174595434726930168e-04
5.174595434726930168e-04
5.174595434726930168e-04
1.601897756851690391e-02
6.646109750574607546e-03
6.646109750574607546e-03
6.646109750574607546e-03
6.646109750574607546e-03
6.646109750574607546e-03
6.646109750574607546e-03
6.646109750574607546e-03
6.646109750574607546e-03
6.646109750574607546e-03
6.646109750574607546e-03
6.646109750574607546e-03
6.646109750574607546e-03
6.646109750574607546e-03
6.646109750574607546e-03
6.646109750574607546e-03
6.646109750574607546e-03
0.000000000000000000e+00
1.498571334441525099e-02
1.498571334441525099e-02
7.112402661028761550e-03
1.283913625162256752e-02
1.283913625162256752e-02
1.283913625162256752e-02
8.968868273358892446e-03
1.329131281483657886e-03
1.329131281483657886e-03
1.544749591213396590e-02
0.000000000000000000e+00
0.000000000000000000e+00
2.905634577599008807e-03
2.217342220544215453e-02
2.217342220544215453e-02
2.217342220544215453e-02
2.217342220544215453e-02
2.217342220544215453e-02
2.217342220544215453e-02
9.983490425047522598e-03
1.400504889476953535e-02
5.332569068630968641e-03
5.332569068630968641e-03
5.332569068630968641e-03
1.400504889476953535e-02
0.000000000000000000e+00
0.000000000000000000e+00
0.000000000000000000e+00
0.000000000000000000e+00
0.000000000000000000e+00
0.000000000000000000e+00
0.000000000000000000e+00
3.119268942356259733e-02
6.578615285463653914e-03
6.578615285463653914e-03
6.578615285463653914e-03
6.578615285463653914e-03
6.578615285463653914e-03
6.578615285463653914e-03
6.578615285463653914e-03
6.578615285463653914e-03
6.027504763081340889e-04
2.055080535365313640e-02
2.055080535365313640e-02
1.553731606909822781e-02
2.592592956248885206e-04
2.592592956248885206e-04
2.592592956248885206e-04
2.592592956248885206e-04
2.592592956248885206e-04
2.592592956248885206e-04
2.592592956248885206e-04
2.592592956248885206e-04
5.176879340622383280e-03
5.176879340622383280e-03
5.176879340622383280e-03
5.176879340622383280e-03
5.176879340622383280e-03
5.176879340622383280e-03
5.176879340622383280e-03
5.176879340622383280e-03
5.176879340622383280e-03
5.176879340622383280e-03
0.000000000000000000e+00
0.000000000000000000e+00
0.000000000000000000e+00
3.743204668130586943e-02
0.000000000000000000e+00
3.130889222639677508e-03
8.567547963556910702e-04
8.567547963556910702e-04
8.567547963556910702e-04
8.567547963556910702e-04
8.567547963556910702e-04
8.567547963556910702e-04
9.741622289854425312e-03
1.056096591899463935e-02
1.056096591899463935e-02
1.056096591899463935e-02
1.056096591899463935e-02
1.056096591899463935e-02
1.056096591899463935e-02
3.139695014473884403e-03
1.492067320001822374e-04
1.492067320001822374e-04
1.492067320001822374e-04
1.492067320001822374e-04
1.492067320001822374e-04
1.492067320001822374e-04
1.492067320001822374e-04
1.492067320001822374e-04
1.549066990065891408e-02
1.695479611698782335e-02
1.695479611698782335e-02
1.695479611698782335e-02
1.695479611698782335e-02
1.695479611698782335e-02
1.695479611698782335e-02
0.000000000000000000e+00
0.000000000000000000e+00
0.000000000000000000e+00
4.038323408520893415e-02
3.719744656381315795e-02
3.719744656381315795e-02
3.719744656381315795e-02
3.719744656381315795e-02
3.719744656381315795e-02
3.719744656381315795e-02
1.977098169235097860e-02
1.017040996542184841e-02
1.334500542652486410e-02
2.450740598974939302e-02
2.450740598974939302e-02
2.664386060768519048e-03
2.664386060768519048e-03
2.664386060768519048e-03
2.664386060768519048e-03
2.664386060768519048e-03
2.664386060768519048e-03
2.664386060768519048e-03
2.664386060768519048e-03
2.664386060768519048e-03
2.664386060768519048e-03
2.664386060768519048e-03
2.664386060768519048e-03
2.664386060768519048e-03
6.962300232531040689e-03
7.188491340336434793e-04
7.188491340336434793e-04
7.188491340336434793e-04
7.188491340336434793e-04
7.188491340336434793e-04
7.188491340336434793e-04
7.188491340336434793e-04
7.188491340336434793e-04
3.098954146161944645e-02
2.670908021725263565e-02
2.670908021725263565e-02
2.670908021725263565e-02
2.670908021725263565e-02
2.670908021725263565e-02
0.000000000000000000e+00
0.000000000000000000e+00
0.000000000000000000e+00
1.260974262805305592e-02
0.000000000000000000e+00
0.000000000000000000e+00
0.000000000000000000e+00
0.000000000000000000e+00
0.000000000000000000e+00
1.260974262805305592e-02
1.260974262805305592e-02
1.260974262805305592e-02
1.260974262805305592e-02
1.260974262805305592e-02
5.746700990772049024e-03
5.746700990772049024e-03
5.746700990772049024e-03
5.746700990772049024e-03
5.746700990772049024e-03
5.746700990772049024e-03
3.313974789691709073e-03
1.570967882483070496e-02
1.570967882483070496e-02
1.570967882483070496e-02
1.570967882483070496e-02
1.570967882483070496e-02
1.570967882483070496e-02
1.570967882483070496e-02
1.570967882483070496e-02
1.570967882483070496e-02
1.570967882483070496e-02
1.570967882483070496e-02
1.570967882483070496e-02
9.086686195376111625e-04
5.290615709321166288e-03
5.290615709321166288e-03
5.290615709321166288e-03
5.290615709321166288e-03
5.290615709321166288e-03
5.290615709321166288e-03
5.290615709321166288e-03
5.290615709321166288e-03
2.339590657090616192e-03
1.103606002390964715e-02
1.103606002390964715e-02
1.103606002390964715e-02
1.103606002390964715e-02
0.000000000000000000e+00
0.000000000000000000e+00
1.554293527017776115e-02
1.940725703064306168e-02
1.733020997850381537e-02
7.999288085426978223e-03
1.733020997850381537e-02
1.733020997850381537e-02
1.733020997850381537e-02
1.733020997850381537e-02
1.733020997850381537e-02
1.733020997850381537e-02
1.733020997850381537e-02
7.999288085426978223e-03
1.592579990487070357e-02
1.592579990487070357e-02
1.592579990487070357e-02
1.592579990487070357e-02
1.592579990487070357e-02
1.592579990487070357e-02
3.205026091178986292e-02
1.156342380187620755e-02
1.156342380187620755e-02
4.319601968613356359e-03
0.000000000000000000e+00
0.000000000000000000e+00
8.153565191657559386e-03
8.153565191657559386e-03
2.867074889961535294e-03
0.000000000000000000e+00
1.559937895721844568e-02
1.791084947370931782e-02
1.791084947370931782e-02
1.035857624441676936e-02
4.973739629829787741e-03
4.973739629829787741e-03
7.960548703347436472e-02
7.582112290973093416e-02
7.582112290973093416e-02
7.582112290973093416e-02
7.582112290973093416e-02
7.582112290973093416e-02
7.582112290973093416e-02
0.000000000000000000e+00
0.000000000000000000e+00
0.000000000000000000e+00
0.000000000000000000e+00
0.000000000000000000e+00
0.000000000000000000e+00
0.000000000000000000e+00
0.000000000000000000e+00
1.227119892637714045e-02
1.652869469404636554e-02
1.652869469404636554e-02
1.652869469404636554e-02
1.652869469404636554e-02
2.585731769460029167e-02
9.919559135346103784e-03
9.919559135346103784e-03
9.919559135346103784e-03
9.919559135346103784e-03
9.919559135346103784e-03
9.919559135346103784e-03
0.000000000000000000e+00
0.000000000000000000e+00
0.000000000000000000e+00
0.000000000000000000e+00
2.536150497961967357e-02
4.734549621265521889e-03
4.734549621265521889e-03
4.734549621265521889e-03
1.485349654340392374e-03
5.410682878952279874e-03
5.410682878952279874e-03
5.410682878952279874e-03
5.410682878952279874e-03
2.867074889961535294e-03
2.867074889961535294e-03
2.867074889961535294e-03
2.867074889961535294e-03
2.761291437111150493e-02
2.761291437111150493e-02
1.718035186351009672e-02
6.294300738357956441e-03
6.294300738357956441e-03
9.699671174534347032e-03
9.699671174534347032e-03
9.699671174534347032e-03
9.699671174534347032e-03
9.699671174534347032e-03
9.699671174534347032e-03
9.699671174534347032e-03
9.699671174534347032e-03
9.699671174534347032e-03
9.699671174534347032e-03
9.699671174534347032e-03
9.699671174534347032e-03
9.699671174534347032e-03
9.699671174534347032e-03
9.699671174534347032e-03
5.213276392276951568e-03
5.213276392276951568e-03
9.349805126062875728e-04
9.349805126062875728e-04
4.866015656597626540e-03
9.298255770198627160e-03
5.046700398798298348e-02
1.962601952346473833e-02
2.612769250422269929e-02
2.612769250422269929e-02
1.103760210372664759e-02
3.136022617994124544e-04
3.136022617994124544e-04
3.136022617994124544e-04
3.136022617994124544e-04
3.136022617994124544e-04
3.136022617994124544e-04
3.136022617994124544e-04
3.136022617994124544e-04
3.136022617994124544e-04
3.136022617994124544e-04
3.136022617994124544e-04
0.000000000000000000e+00
0.000000000000000000e+00
0.000000000000000000e+00
9.828632700500765373e-03
1.765461052794628505e-02
1.765461052794628505e-02
6.575631435263837310e-03
6.575631435263837310e-03
6.575631435263837310e-03
6.575631435263837310e-03
4.319992948720569048e-03
4.319992948720569048e-03
4.319992948720569048e-03
4.319992948720569048e-03
4.319992948720569048e-03
4.319992948720569048e-03
4.522297588178973010e-02
2.493068433107040530e-02
2.493068433107040530e-02
2.493068433107040530e-02
2.493068433107040530e-02
2.493068433107040530e-02
2.493068433107040530e-02
2.177642051210748261e-02
5.839780653456867754e-03
1.400839995642949760e-02
1.400839995642949760e-02
1.400839995642949760e-02
1.400839995642949760e-02
1.400839995642949760e-02
1.400839995642949760e-02
1.400839995642949760e-02
1.400839995642949760e-02
2.214353975936622990e-02
2.964917704596588613e-03
2.964917704596588613e-03
2.964917704596588613e-03
2.964917704596588613e-03
2.964917704596588613e-03
2.352199179969865703e-02
3.200536697557380267e-02
3.200536697557380267e-02
3.200536697557380267e-02
3.200536697557380267e-02
8.523598076676056415e-03
9.890667445973682151e-03
9.890667445973682151e-03
9.890667445973682151e-03
9.890667445973682151e-03
9.890667445973682151e-03
9.890667445973682151e-03
9.890667445973682151e-03
9.890667445973682151e-03
9.890667445973682151e-03
9.890667445973682151e-03
9.890667445973682151e-03
9.890667445973682151e-03
1.596780848235561032e-02
1.596780848235561032e-02
1.596780848235561032e-02
1.596780848235561032e-02
1.596780848235561032e-02
1.596780848235561032e-02
1.596780848235561032e-02
1.596780848235561032e-02
1.053489314460288179e-02
4.842600639835385051e-03
4.842600639835385051e-03
4.842600639835385051e-03
4.842600639835385051e-03
4.842600639835385051e-03
4.842600639835385051e-03
4.842600639835385051e-03
4.842600639835385051e-03
9.834508185946682149e-03
1.270406359835871135e-02
1.270406359835871135e-02
1.270406359835871135e-02
1.270406359835871135e-02
1.270406359835871135e-02
1.270406359835871135e-02
1.270406359835871135e-02
1.270406359835871135e-02
1.270406359835871135e-02
1.270406359835871135e-02
1.919817069599557766e-02
1.196613140099721945e-02
1.196613140099721945e-02
1.196613140099721945e-02
1.196613140099721945e-02
1.196613140099721945e-02
1.196613140099721945e-02
1.196613140099721945e-02
1.196613140099721945e-02
1.196613140099721945e-02
1.196613140099721945e-02
1.196613140099721945e-02
1.196613140099721945e-02
1.196613140099721945e-02
1.196613140099721945e-02
3.628675426430748394e-03
3.050880466757853807e-02
0.000000000000000000e+00
0.000000000000000000e+00
2.707951187399566459e-03
2.707951187399566459e-03
3.576091202712582823e-04
1.431752677666092537e-02
1.431752677666092537e-02
1.431752677666092537e-02
1.431752677666092537e-02
1.431752677666092537e-02
1.431752677666092537e-02
1.431752677666092537e-02
1.431752677666092537e-02
1.127550033174590238e-02
4.921993177696867144e-03
4.921993177696867144e-03
4.921993177696867144e-03
9.293448821436067764e-03
0.000000000000000000e+00
0.000000000000000000e+00
4.334253916113300908e-02
5.753903897024906927e-02
5.753903897024906927e-02
9.828632700500765373e-03
9.828632700500765373e-03
9.828632700500765373e-03
9.828632700500765373e-03
9.828632700500765373e-03
9.828632700500765373e-03
9.828632700500765373e-03
9.828632700500765373e-03
3.447077393971838960e-02
3.447077393971838960e-02
3.447077393971838960e-02
3.447077393971838960e-02
3.447077393971838960e-02
3.447077393971838960e-02
3.447077393971838960e-02
3.447077393971838960e-02
3.447077393971838960e-02
3.447077393971838960e-02
1.817073908418316563e-02
1.619613215096650863e-02
0.000000000000000000e+00
1.632352397308418316e-04
1.632352397308418316e-04
1.632352397308418316e-04
1.632352397308418316e-04
3.628675426430748394e-03
3.628675426430748394e-03
3.628675426430748394e-03
3.628675426430748394e-03
1.112888234405026190e-02
1.277883120431277594e-02
1.277883120431277594e-02
1.277883120431277594e-02
1.277883120431277594e-02
3.595098084875874254e-03
2.502917143860653327e-03
2.502917143860653327e-03
2.502917143860653327e-03
2.502917143860653327e-03
3.866836960994234074e-04
1.030172321364567802e-02
1.030172321364567802e-02
1.030172321364567802e-02
1.030172321364567802e-02
1.030172321364567802e-02
1.030172321364567802e-02
1.030172321364567802e-02
1.030172321364567802e-02
0.000000000000000000e+00
0.000000000000000000e+00
0.000000000000000000e+00
0.000000000000000000e+00
0.000000000000000000e+00
0.000000000000000000e+00
2.929323657586068233e-02
5.647604559484957140e-03
5.647604559484957140e-03
5.647604559484957140e-03
5.647604559484957140e-03
5.647604559484957140e-03
5.647604559484957140e-03
5.647604559484957140e-03
5.647604559484957140e-03
5.647604559484957140e-03
5.647604559484957140e-03
5.647604559484957140e-03
1.339579970981940975e-02
1.339579970981940975e-02
1.339579970981940975e-02
1.339579970981940975e-02
1.339579970981940975e-02
1.339579970981940975e-02
1.339579970981940975e-02
1.339579970981940975e-02
2.614782605660798814e-02
2.614782605660798814e-02
2.614782605660798814e-02
7.735675140287020732e-03
7.735675140287020732e-03
7.735675140287020732e-03
7.735675140287020732e-03
7.735675140287020732e-03
7.735675140287020732e-03
7.735675140287020732e-03
7.735675140287020732e-03
7.735675140287020732e-03
7.735675140287020732e-03
7.735675140287020732e-03
7.735675140287020732e-03
7.735675140287020732e-03
7.735675140287020732e-03
7.735675140287020732e-03
7.735675140287020732e-03
7.735675140287020732e-03
2.525524560639227575e-02
0.000000000000000000e+00
0.000000000000000000e+00
0.000000000000000000e+00
0.000000000000000000e+00
0.000000000000000000e+00
0.000000000000000000e+00
1.059465935862611945e-02
2.173961666337530588e-03
2.173961666337530588e-03
2.173961666337530588e-03
2.173961666337530588e-03
2.173961666337530588e-03
2.173961666337530588e-03
2.173961666337530588e-03
2.173961666337530588e-03
7.141462826620473270e-02
0.000000000000000000e+00
7.141462826620473270e-02
7.141462826620473270e-02
7.141462826620473270e-02
2.291986552200625180e-02
6.338644105158046382e-03
6.338644105158046382e-03
6.338644105158046382e-03
6.338644105158046382e-03
6.338644105158046382e-03
6.338644105158046382e-03
6.338644105158046382e-03
6.338644105158046382e-03
1.227119892637714045e-02
1.227119892637714045e-02
1.227119892637714045e-02
1.227119892637714045e-02
1.227119892637714045e-02
1.227119892637714045e-02
1.227119892637714045e-02
1.227119892637714045e-02
1.132063489096744521e-02
2.210080683589404557e-02
2.210080683589404557e-02
2.210080683589404557e-02
2.210080683589404557e-02
2.210080683589404557e-02
2.210080683589404557e-02
2.649283259237010177e-02
1.425179612386690518e-02
1.425179612386690518e-02
1.425179612386690518e-02
1.425179612386690518e-02
0.000000000000000000e+00
0.000000000000000000e+00
1.897021581899276804e-02
5.275482467414663139e-03
5.275482467414663139e-03
5.275482467414663139e-03
5.275482467414663139e-03
5.275482467414663139e-03
5.275482467414663139e-03
1.355379410394244068e-03
1.474441469627989047e-02
1.474441469627989047e-02
1.474441469627989047e-02
1.474441469627989047e-02
1.474441469627989047e-02
1.474441469627989047e-02
1.474441469627989047e-02
1.474441469627989047e-02
3.805729242290847858e-03
0.000000000000000000e+00
0.000000000000000000e+00
0.000000000000000000e+00
0.000000000000000000e+00
2.044450388963910820e-02
2.508178935878965440e-02
2.508178935878965440e-02
2.508178935878965440e-02
2.508178935878965440e-02
2.508178935878965440e-02
2.508178935878965440e-02
2.505760047239038307e-03
3.334743225044040408e-04
3.334743225044040408e-04
3.334743225044040408e-04
3.334743225044040408e-04
3.334743225044040408e-04
3.334743225044040408e-04
3.334743225044040408e-04
3.334743225044040408e-04
3.334743225044040408e-04
0.000000000000000000e+00
8.399727468631264932e-03
3.900201698917560994e-02
3.900201698917560994e-02
3.900201698917560994e-02
3.900201698917560994e-02
2.506477351402176118e-02
2.506477351402176118e-02
2.506477351402176118e-02
2.506477351402176118e-02
2.506477351402176118e-02
2.506477351402176118e-02
2.506477351402176118e-02
2.506477351402176118e-02
2.316298828777487231e-02
2.316298828777487231e-02
2.316298828777487231e-02
2.316298828777487231e-02
2.316298828777487231e-02
2.316298828777487231e-02
2.316298828777487231e-02
2.316298828777487231e-02
2.316298828777487231e-02
2.316298828777487231e-02
2.845083461706258976e-02
1.796791670320644144e-02
1.796791670320644144e-02
1.796791670320644144e-02
1.796791670320644144e-02
1.550105477938823126e-02
0.000000000000000000e+00
0.000000000000000000e+00
1.615529631278610212e-02
1.015076798675814719e-02
1.015076798675814719e-02
2.818358487019112513e-02
1.014194272041809945e-02
1.014194272041809945e-02
1.014194272041809945e-02
1.014194272041809945e-02
1.014194272041809945e-02
1.014194272041809945e-02
1.014194272041809945e-02
1.014194272041809945e-02
1.014194272041809945e-02
1.014194272041809945e-02
0.000000000000000000e+00
1.878262460743407650e-02
9.355893241337785368e-03
1.216426379169816344e-02
1.967237686266071553e-02
1.967237686266071553e-02
1.967237686266071553e-02
1.216426379169816344e-02
1.216426379169816344e-02
9.086686195376111625e-04
9.086686195376111625e-04
2.503950508920450846e-02
2.503950508920450846e-02
2.503950508920450846e-02
2.503950508920450846e-02
2.503950508920450846e-02
2.503950508920450846e-02
2.503950508920450846e-02
2.503950508920450846e-02
2.503950508920450846e-02
2.503950508920450846e-02
2.503950508920450846e-02
2.503950508920450846e-02
1.937095798735121582e-02
0.000000000000000000e+00
0.000000000000000000e+00
4.038323408520893415e-02
1.871763038805430990e-02
1.871763038805430990e-02
2.291986552200625180e-02
2.278686714745969608e-02
2.278686714745969608e-02
2.171882715449984305e-02
0.000000000000000000e+00
0.000000000000000000e+00
2.563048321382682335e-02
2.334083059358968079e-03
2.334083059358968079e-03
2.334083059358968079e-03
2.334083059358968079e-03
2.334083059358968079e-03
2.334083059358968079e-03
1.047579610679517763e-02
3.951067026511855158e-03
3.951067026511855158e-03
3.951067026511855158e-03
3.951067026511855158e-03
1.420465200955955964e-02
2.258823668998601042e-02
2.258823668998601042e-02
2.258823668998601042e-02
2.258823668998601042e-02
2.258823668998601042e-02
2.258823668998601042e-02
2.258823668998601042e-02
7.858184653092444537e-04
3.426462561394438139e-02
3.426462561394438139e-02
3.426462561394438139e-02
3.426462561394438139e-02
3.426462561394438139e-02
3.426462561394438139e-02
3.426462561394438139e-02
3.426462561394438139e-02
3.358191938736216492e-02
8.399727468631264932e-03
8.399727468631264932e-03
8.399727468631264932e-03
8.399727468631264932e-03
8.399727468631264932e-03
8.399727468631264932e-03
8.399727468631264932e-03
8.399727468631264932e-03
8.399727468631264932e-03
1.566131416665374892e-02
5.355896215507634055e-03
5.355896215507634055e-03
5.355896215507634055e-03
5.355896215507634055e-03
5.355896215507634055e-03
5.355896215507634055e-03
5.355896215507634055e-03
5.355896215507634055e-03
5.355896215507634055e-03
5.355896215507634055e-03
5.355896215507634055e-03
5.355896215507634055e-03
5.355896215507634055e-03
5.355896215507634055e-03
5.355896215507634055e-03
5.355896215507634055e-03
0.000000000000000000e+00
0.000000000000000000e+00
3.999843096323021929e-03
8.800735064612989073e-03
8.800735064612989073e-03
8.800735064612989073e-03
8.800735064612989073e-03
8.800735064612989073e-03
8.800735064612989073e-03
2.021774760231460303e-03
2.396962701458824497e-03
2.396962701458824497e-03
1.460395234176223821e-02
1.814730357412803682e-02
1.814730357412803682e-02
1.814730357412803682e-02
1.814730357412803682e-02
3.943307368679538349e-02
3.943307368679538349e-02
3.943307368679538349e-02
3.943307368679538349e-02
3.943307368679538349e-02
3.943307368679538349e-02
3.943307368679538349e-02
3.943307368679538349e-02
3.943307368679538349e-02
3.943307368679538349e-02
3.943307368679538349e-02
2.908991387607361666e-03
3.613695134678569180e-03
2.723367170782524382e-03
2.723367170782524382e-03
2.723367170782524382e-03
2.723367170782524382e-03
2.723367170782524382e-03
2.723367170782524382e-03
2.723367170782524382e-03
2.723367170782524382e-03
2.723367170782524382e-03
2.723367170782524382e-03
2.723367170782524382e-03
2.723367170782524382e-03
2.723367170782524382e-03
7.583144823551833495e-03
1.308738735049565921e-02
1.308738735049565921e-02
1.308738735049565921e-02
1.308738735049565921e-02
1.308738735049565921e-02
1.308738735049565921e-02
1.308738735049565921e-02
1.308738735049565921e-02
0.000000000000000000e+00
0.000000000000000000e+00
0.000000000000000000e+00
0.000000000000000000e+00
0.000000000000000000e+00
0.000000000000000000e+00
0.000000000000000000e+00
0.000000000000000000e+00
0.000000000000000000e+00
0.000000000000000000e+00
7.858184653092444537e-04
7.858184653092444537e-04
7.858184653092444537e-04
7.858184653092444537e-04
7.858184653092444537e-04
7.858184653092444537e-04
7.858184653092444537e-04
7.858184653092444537e-04
7.858184653092444537e-04
7.858184653092444537e-04
7.858184653092444537e-04
7.858184653092444537e-04
7.858184653092444537e-04
7.858184653092444537e-04
7.858184653092444537e-04
7.858184653092444537e-04
7.858184653092444537e-04
7.858184653092444537e-04
7.858184653092444537e-04
7.858184653092444537e-04
7.858184653092444537e-04
7.858184653092444537e-04
7.858184653092444537e-04
7.858184653092444537e-04
7.858184653092444537e-04
7.858184653092444537e-04
7.858184653092444537e-04
7.858184653092444537e-04
7.858184653092444537e-04
7.858184653092444537e-04
7.858184653092444537e-04
7.858184653092444537e-04
4.262981532526292222e-02
0.000000000000000000e+00
0.000000000000000000e+00
0.000000000000000000e+00
0.000000000000000000e+00
0.000000000000000000e+00
0.000000000000000000e+00
0.000000000000000000e+00
0.000000000000000000e+00
2.086274677719927861e-02
2.086274677719927861e-02
2.086274677719927861e-02
2.086274677719927861e-02
2.086274677719927861e-02
2.086274677719927861e-02
2.086274677719927861e-02
2.086274677719927861e-02
4.974599131167836696e-02
5.509736025225270284e-02
5.509736025225270284e-02
5.509736025225270284e-02
5.509736025225270284e-02
5.509736025225270284e-02
5.509736025225270284e-02
5.509736025225270284e-02
5.509736025225270284e-02
5.509736025225270284e-02
5.509736025225270284e-02
5.509736025225270284e-02
5.509736025225270284e-02
2.583283685814468170e-02
7.813515605593941357e-03
7.813515605593941357e-03
7.813515605593941357e-03
7.813515605593941357e-03
7.813515605593941357e-03
7.813515605593941357e-03
7.813515605593941357e-03
7.813515605593941357e-03
7.813515605593941357e-03
7.813515605593941357e-03
3.638313648305279563e-02
1.922079153472693036e-02
1.922079153472693036e-02
1.922079153472693036e-02
1.922079153472693036e-02
1.922079153472693036e-02
1.922079153472693036e-02
1.922079153472693036e-02
1.922079153472693036e-02
1.922079153472693036e-02
1.922079153472693036e-02
1.922079153472693036e-02
1.922079153472693036e-02
1.922079153472693036e-02
1.922079153472693036e-02
1.922079153472693036e-02
1.922079153472693036e-02
1.922079153472693036e-02
1.922079153472693036e-02
1.922079153472693036e-02
1.922079153472693036e-02
1.922079153472693036e-02
1.922079153472693036e-02
1.922079153472693036e-02
1.922079153472693036e-02
1.922079153472693036e-02
1.922079153472693036e-02
1.923794236126885604e-02
1.923794236126885604e-02
0.000000000000000000e+00
0.000000000000000000e+00
0.000000000000000000e+00
0.000000000000000000e+00
4.369297401864220137e-02
2.506676932876818198e-02
2.506676932876818198e-02
2.506676932876818198e-02
2.506676932876818198e-02
2.506676932876818198e-02
2.506676932876818198e-02
2.506676932876818198e-02
2.506676932876818198e-02
3.051657526771962142e-02
2.506676932876818198e-02
7.105077764899833150e-03
7.105077764899833150e-03
2.061593325552367809e-02
2.061593325552367809e-02
2.061593325552367809e-02
2.061593325552367809e-02
2.061593325552367809e-02
2.061593325552367809e-02
4.147632194536223123e-03
4.783306920169386189e-03
4.783306920169386189e-03
4.783306920169386189e-03
4.783306920169386189e-03
4.783306920169386189e-03
4.783306920169386189e-03
4.783306920169386189e-03
4.783306920169386189e-03
1.710694954847549742e-02
4.635283356187653442e-02
4.635283356187653442e-02
0.000000000000000000e+00
1.570315381226927015e-02
1.570315381226927015e-02
1.570315381226927015e-02
1.570315381226927015e-02
1.570315381226927015e-02
1.570315381226927015e-02
1.570315381226927015e-02
1.570315381226927015e-02
1.570315381226927015e-02
1.570315381226927015e-02
5.198312607578292610e-02
1.365482009421432365e-02
1.365482009421432365e-02
1.365482009421432365e-02
1.365482009421432365e-02
1.365482009421432365e-02
1.365482009421432365e-02
0.000000000000000000e+00
0.000000000000000000e+00
0.000000000000000000e+00
0.000000000000000000e+00
7.223908316714745814e-03
1.443862176538798260e-02
1.443862176538798260e-02
1.443862176538798260e-02
1.443862176538798260e-02
3.999843096323021929e-03
3.999843096323021929e-03
3.999843096323021929e-03
3.999843096323021929e-03
0.000000000000000000e+00
0.000000000000000000e+00
0.000000000000000000e+00
0.000000000000000000e+00
1.821852427789805856e-02
1.821852427789805856e-02
1.821852427789805856e-02
1.821852427789805856e-02
3.165595268782538541e-03
3.165595268782538541e-03
3.165595268782538541e-03
1.447719643583660586e-02
1.447719643583660586e-02
1.447719643583660586e-02
1.447719643583660586e-02
1.447719643583660586e-02
1.447719643583660586e-02
1.447719643583660586e-02
1.447719643583660586e-02
1.447719643583660586e-02
1.447719643583660586e-02
1.447719643583660586e-02
1.447719643583660586e-02
1.447719643583660586e-02
1.447719643583660586e-02
1.447719643583660586e-02
1.447719643583660586e-02
1.447719643583660586e-02
1.447719643583660586e-02
1.447719643583660586e-02
1.447719643583660586e-02
6.962300232531040689e-03
6.962300232531040689e-03
1.693294387324188743e-02
3.912774498119583194e-02
3.912774498119583194e-02
3.912774498119583194e-02
3.912774498119583194e-02
3.912774498119583194e-02
3.912774498119583194e-02
3.912774498119583194e-02
3.912774498119583194e-02
1.677506710912551185e-02
7.288734055319495350e-03
7.288734055319495350e-03
0.000000000000000000e+00
0.000000000000000000e+00
0.000000000000000000e+00
0.000000000000000000e+00
0.000000000000000000e+00
9.741622289854425312e-03
9.741622289854425312e-03
9.741622289854425312e-03
9.741622289854425312e-03
7.960548703347436472e-02
7.960548703347436472e-02
7.960548703347436472e-02
7.960548703347436472e-02
2.602526920272233910e-02
1.607140005851687148e-03
1.607140005851687148e-03
1.607140005851687148e-03
1.607140005851687148e-03
1.607140005851687148e-03
1.607140005851687148e-03
1.607140005851687148e-03
1.607140005851687148e-03
2.379899009697644587e-03
7.483010635818561872e-03
7.483010635818561872e-03
2.515329770377046185e-03
2.515329770377046185e-03
2.515329770377046185e-03
2.228515073618632381e-02
2.135746638649747148e-02
2.135746638649747148e-02
2.135746638649747148e-02
2.135746638649747148e-02
2.135746638649747148e-02
2.135746638649747148e-02
2.135746638649747148e-02
2.135746638649747148e-02
2.425955554085108996e-03
2.425955554085108996e-03
2.425955554085108996e-03
6.235791065012889246e-03
2.425955554085108996e-03
2.425955554085108996e-03
2.425955554085108996e-03
2.425955554085108996e-03
2.425955554085108996e-03
4.038323408520893415e-02
4.038323408520893415e-02
4.038323408520893415e-02
2.324057561595046367e-02
2.324057561595046367e-02
2.324057561595046367e-02
2.324057561595046367e-02
6.027504763081340889e-04
6.027504763081340889e-04
6.027504763081340889e-04
6.027504763081340889e-04
6.027504763081340889e-04
6.027504763081340889e-04
6.027504763081340889e-04
6.027504763081340889e-04
1.815379722627361719e-02
1.815379722627361719e-02
1.815379722627361719e-02
1.815379722627361719e-02
1.815379722627361719e-02
1.815379722627361719e-02
1.815379722627361719e-02
1.815379722627361719e-02
1.815379722627361719e-02
1.815379722627361719e-02
1.815379722627361719e-02
1.815379722627361719e-02
1.815379722627361719e-02
1.222001276678225806e-02
6.501047804772916959e-03
0.000000000000000000e+00
0.000000000000000000e+00
7.586950970887143542e-03
2.984417931814492553e-02
2.984417931814492553e-02
2.984417931814492553e-02
2.984417931814492553e-02
2.984417931814492553e-02
2.984417931814492553e-02
5.301395578584861858e-03
5.301395578584861858e-03
5.301395578584861858e-03
0.000000000000000000e+00
0.000000000000000000e+00
0.000000000000000000e+00
3.951407589205141457e-02
6.269930535468767885e-02
2.563048321382682335e-02
2.642727185707677284e-02
2.642727185707677284e-02
8.204515317307569874e-03
2.934776073422682915e-02
2.934776073422682915e-02
0.000000000000000000e+00
0.000000000000000000e+00
0.000000000000000000e+00
0.000000000000000000e+00
0.000000000000000000e+00
0.000000000000000000e+00
0.000000000000000000e+00
0.000000000000000000e+00
0.000000000000000000e+00
0.000000000000000000e+00
0.000000000000000000e+00
1.793174912618089242e-02
9.018363123880783830e-03
9.018363123880783830e-03
9.018363123880783830e-03
9.018363123880783830e-03
9.018363123880783830e-03
9.018363123880783830e-03
9.018363123880783830e-03
9.018363123880783830e-03
4.421644162164463029e-03
1.263427473086338806e-02
1.263427473086338806e-02
1.263427473086338806e-02
1.263427473086338806e-02
1.263427473086338806e-02
1.263427473086338806e-02
1.263427473086338806e-02
1.263427473086338806e-02
1.263427473086338806e-02
1.263427473086338806e-02
5.587971937569081136e-03
1.954781616418952220e-02
1.954781616418952220e-02
1.954781616418952220e-02
1.954781616418952220e-02
1.954781616418952220e-02
1.954781616418952220e-02
1.150325954289510740e-02
3.913075523812724332e-03
3.913075523812724332e-03
1.460395234176223821e-02
1.460395234176223821e-02
1.460395234176223821e-02
3.232011786752471416e-02
3.232011786752471416e-02
3.232011786752471416e-02
3.232011786752471416e-02
3.232011786752471416e-02
3.232011786752471416e-02
3.232011786752471416e-02
0.000000000000000000e+00
3.232011786752471416e-02
2.622894142296035378e-03
1.630912585742610652e-02
1.630912585742610652e-02
1.630912585742610652e-02
1.630912585742610652e-02
5.530079492197237232e-05
4.882772299092958367e-03
4.882772299092958367e-03
4.882772299092958367e-03
4.882772299092958367e-03
4.882772299092958367e-03
4.882772299092958367e-03
4.882772299092958367e-03
4.882772299092958367e-03
6.612184964349875245e-03
7.344005090752190289e-03
0.000000000000000000e+00
8.322085664652938489e-03
8.322085664652938489e-03
8.322085664652938489e-03
8.322085664652938489e-03
8.322085664652938489e-03
8.322085664652938489e-03
8.322085664652938489e-03
8.322085664652938489e-03
8.322085664652938489e-03
8.322085664652938489e-03
5.251726653201509859e-02
7.675580200575887052e-03
7.675580200575887052e-03
7.675580200575887052e-03
7.675580200575887052e-03
7.675580200575887052e-03
7.675580200575887052e-03
0.000000000000000000e+00
0.000000000000000000e+00
0.000000000000000000e+00
0.000000000000000000e+00
9.082790365545084788e-02
2.627629785579071119e-04
2.627629785579071119e-04
2.627629785579071119e-04
2.627629785579071119e-04
2.627629785579071119e-04
2.627629785579071119e-04
2.627629785579071119e-04
2.627629785579071119e-04
0.000000000000000000e+00
0.000000000000000000e+00
0.000000000000000000e+00
0.000000000000000000e+00
0.000000000000000000e+00
8.427124982831116218e-03
4.569811270145484987e-03
4.569811270145484987e-03
4.569811270145484987e-03
4.569811270145484987e-03
4.569811270145484987e-03
4.569811270145484987e-03
1.685041331330545651e-03
1.432167346553086217e-02
1.432167346553086217e-02
1.432167346553086217e-02
1.432167346553086217e-02
7.730974097695037439e-04
7.730974097695037439e-04
7.730974097695037439e-04
7.730974097695037439e-04
7.730974097695037439e-04
7.730974097695037439e-04
7.730974097695037439e-04
7.730974097695037439e-04
3.859488133822940037e-03
3.859488133822940037e-03
3.859488133822940037e-03
3.859488133822940037e-03
3.859488133822940037e-03
3.859488133822940037e-03
3.859488133822940037e-03
3.859488133822940037e-03
3.859488133822940037e-03
3.859488133822940037e-03
3.859488133822940037e-03
3.859488133822940037e-03
3.859488133822940037e-03
3.859488133822940037e-03
3.859488133822940037e-03
3.859488133822940037e-03
3.859488133822940037e-03
1.736130927251863798e-02
1.736130927251863798e-02
1.736130927251863798e-02
1.736130927251863798e-02
6.512790138015673615e-03
6.112617999662411754e-03
9.754683749077872751e-03
1.446698702431867441e-02
0.000000000000000000e+00
0.000000000000000000e+00
0.000000000000000000e+00
0.000000000000000000e+00
0.000000000000000000e+00
0.000000000000000000e+00
4.139458273848251740e-03
3.252957181655213338e-03
3.252957181655213338e-03
3.252957181655213338e-03
3.252957181655213338e-03
3.252957181655213338e-03
1.848811727409398892e-02
1.150325954289510740e-02
4.664403050960134328e-02
3.553721102964400858e-02
3.553721102964400858e-02
4.369297401864220137e-02
4.369297401864220137e-02
2.258746368139146268e-02
2.258746368139146268e-02
2.258746368139146268e-02
2.258746368139146268e-02
2.258746368139146268e-02
2.258746368139146268e-02
2.258746368139146268e-02
2.258746368139146268e-02
2.258746368139146268e-02
2.258746368139146268e-02
2.258746368139146268e-02
1.937095798735121582e-02
1.937095798735121582e-02
1.937095798735121582e-02
1.937095798735121582e-02
1.937095798735121582e-02
1.937095798735121582e-02
1.937095798735121582e-02
1.937095798735121582e-02
1.937095798735121582e-02
1.937095798735121582e-02
0.000000000000000000e+00
0.000000000000000000e+00
0.000000000000000000e+00
4.987274344674795523e-03
2.845083461706258976e-02
2.845083461706258976e-02
2.845083461706258976e-02
8.563753426871333757e-03
8.141140432903317195e-03
8.141140432903317195e-03
8.141140432903317195e-03
8.141140432903317195e-03
8.141140432903317195e-03
8.141140432903317195e-03
8.141140432903317195e-03
8.141140432903317195e-03
8.141140432903317195e-03
8.141140432903317195e-03
8.141140432903317195e-03
8.141140432903317195e-03
4.421644162164463029e-03
7.410943049119409626e-03
4.741433150593814087e-03
4.741433150593814087e-03
1.939506330443895032e-02
1.897021581899276804e-02
7.032480251405689477e-03
7.481647624723902941e-03
7.481647624723902941e-03
7.481647624723902941e-03
7.481647624723902941e-03
7.481647624723902941e-03
7.481647624723902941e-03
3.033064484096256817e-03
3.033064484096256817e-03
3.033064484096256817e-03
3.033064484096256817e-03
3.033064484096256817e-03
3.033064484096256817e-03
3.033064484096256817e-03
3.033064484096256817e-03
3.033064484096256817e-03
3.033064484096256817e-03
7.849460000984335387e-04
0.000000000000000000e+00
0.000000000000000000e+00
0.000000000000000000e+00
0.000000000000000000e+00
1.850711339663231592e-02
1.111183029126266812e-02
1.111183029126266812e-02
1.523665565547177060e-02
1.127550033174590238e-02
1.222001276678225806e-02
1.332741177570670107e-02
1.332741177570670107e-02
0.000000000000000000e+00
1.860950144875677531e-02
1.860950144875677531e-02
3.946054766983986793e-03
3.946054766983986793e-03
3.946054766983986793e-03
3.946054766983986793e-03
3.946054766983986793e-03
3.946054766983986793e-03
3.946054766983986793e-03
3.946054766983986793e-03
3.946054766983986793e-03
3.946054766983986793e-03
3.946054766983986793e-03
3.946054766983986793e-03
3.946054766983986793e-03
3.946054766983986793e-03
3.946054766983986793e-03
3.946054766983986793e-03
3.946054766983986793e-03
3.946054766983986793e-03
3.946054766983986793e-03
3.946054766983986793e-03
3.946054766983986793e-03
3.946054766983986793e-03
4.372057170289776577e-03
1.175888160620848369e-03
4.550620758475638211e-02
5.573959271538943966e-02
1.472685869546905973e-02
1.615529631278610212e-02
1.615529631278610212e-02
1.615529631278610212e-02
1.615529631278610212e-02
1.615529631278610212e-02
1.615529631278610212e-02
1.615529631278610212e-02
1.534097067627049251e-03
1.156356902441246087e-02
1.156356902441246087e-02
1.156356902441246087e-02
1.156356902441246087e-02
1.156356902441246087e-02
1.156356902441246087e-02
1.156356902441246087e-02
1.156356902441246087e-02
1.156356902441246087e-02
1.156356902441246087e-02
5.806778267336304422e-03
1.836454031105122855e-02
1.836454031105122855e-02
1.836454031105122855e-02
1.836454031105122855e-02
1.836454031105122855e-02
1.836454031105122855e-02
1.836454031105122855e-02
1.836454031105122855e-02
3.667578794825277540e-03
3.667578794825277540e-03
2.535014773092300611e-02
2.535014773092300611e-02
2.535014773092300611e-02
2.535014773092300611e-02
2.535014773092300611e-02
2.535014773092300611e-02
2.535014773092300611e-02
2.535014773092300611e-02
2.535014773092300611e-02
2.535014773092300611e-02
2.535014773092300611e-02
2.535014773092300611e-02
2.535014773092300611e-02
2.614691352445045521e-03
2.021774760231460303e-03
2.021774760231460303e-03
2.021774760231460303e-03
7.991138186321291789e-03
0.000000000000000000e+00
1.706731756241522055e-03
1.706731756241522055e-03
1.706731756241522055e-03
1.706731756241522055e-03
1.706731756241522055e-03
1.706731756241522055e-03
1.706731756241522055e-03
1.706731756241522055e-03
1.706731756241522055e-03
1.706731756241522055e-03
0.000000000000000000e+00
0.000000000000000000e+00
0.000000000000000000e+00
0.000000000000000000e+00
0.000000000000000000e+00
0.000000000000000000e+00
8.423534140648964580e-03
6.777021868459569710e-04
6.777021868459569710e-04
6.285750447242707817e-03
1.071961800485443476e-02
1.071961800485443476e-02
1.071961800485443476e-02
1.071961800485443476e-02
1.071961800485443476e-02
1.071961800485443476e-02
1.071961800485443476e-02
1.071961800485443476e-02
1.071961800485443476e-02
1.071961800485443476e-02
1.389830899750881974e-03
1.389830899750881974e-03
1.389830899750881974e-03
1.389830899750881974e-03
0.000000000000000000e+00
1.549066990065891408e-02
9.712814062353462841e-03
9.712814062353462841e-03
3.656799131409235737e-02
5.691802479221293003e-04
2.716959191064108672e-02
9.319582308741053422e-03
9.319582308741053422e-03
9.319582308741053422e-03
9.319582308741053422e-03
9.319582308741053422e-03
9.319582308741053422e-03
9.319582308741053422e-03
9.319582308741053422e-03
8.762507675677017049e-03
9.876216687300581193e-03
9.876216687300581193e-03
9.876216687300581193e-03
9.876216687300581193e-03
2.716350822302256163e-02
0.000000000000000000e+00
0.000000000000000000e+00
0.000000000000000000e+00
0.000000000000000000e+00
0.000000000000000000e+00
0.000000000000000000e+00
0.000000000000000000e+00
0.000000000000000000e+00
4.430930127801712380e-03
4.430930127801712380e-03
3.779994286161107026e-02
1.531579504086304742e-02
2.545620261844104212e-02
2.545620261844104212e-02
3.385022491603540545e-03
5.850528232245482199e-03
5.850528232245482199e-03
5.850528232245482199e-03
5.850528232245482199e-03
5.850528232245482199e-03
5.850528232245482199e-03
5.850528232245482199e-03
5.850528232245482199e-03
3.423680911642139075e-03
1.264622077779617090e-02
1.264622077779617090e-02
1.264622077779617090e-02
1.264622077779617090e-02
1.264622077779617090e-02
1.264622077779617090e-02
1.264622077779617090e-02
1.264622077779617090e-02
1.264622077779617090e-02
1.264622077779617090e-02
1.278046959938552475e-02
4.372057170289776577e-03
4.372057170289776577e-03
4.372057170289776577e-03
4.372057170289776577e-03
4.372057170289776577e-03
4.372057170289776577e-03
4.372057170289776577e-03
0.000000000000000000e+00
0.000000000000000000e+00
0.000000000000000000e+00
0.000000000000000000e+00
0.000000000000000000e+00
0.000000000000000000e+00
0.000000000000000000e+00
6.285750447242707817e-03
6.285750447242707817e-03
6.285750447242707817e-03
6.285750447242707817e-03
6.285750447242707817e-03
6.285750447242707817e-03
3.529339378609686832e-03
3.529339378609686832e-03
3.529339378609686832e-03
3.529339378609686832e-03
3.529339378609686832e-03
3.529339378609686832e-03
3.529339378609686832e-03
3.529339378609686832e-03
3.529339378609686832e-03
3.529339378609686832e-03
3.529339378609686832e-03
3.529339378609686832e-03
5.786541381735750729e-03
0.000000000000000000e+00
3.743204668130586943e-02
3.743204668130586943e-02
2.748370285221551652e-03
2.748370285221551652e-03
2.748370285221551652e-03
2.748370285221551652e-03
2.748370285221551652e-03
2.748370285221551652e-03
2.590875168113681085e-02
2.590875168113681085e-02
2.590875168113681085e-02
2.590875168113681085e-02
2.590875168113681085e-02
0.000000000000000000e+00
0.000000000000000000e+00
0.000000000000000000e+00
0.000000000000000000e+00
0.000000000000000000e+00
0.000000000000000000e+00
0.000000000000000000e+00
6.786648325532151742e-03
1.991980967418808396e-02
1.991980967418808396e-02
1.991980967418808396e-02
1.991980967418808396e-02
4.412133757187146690e-03
1.059465935862611945e-02
1.377131948331809319e-03
1.377131948331809319e-03
3.412766060663626616e-02
3.412766060663626616e-02
1.776005672231544127e-04
1.776005672231544127e-04
1.776005672231544127e-04
1.776005672231544127e-04
1.776005672231544127e-04
1.776005672231544127e-04
1.776005672231544127e-04
1.776005672231544127e-04
7.753289352078051189e-04
7.640961683227726065e-03
7.640961683227726065e-03
7.640961683227726065e-03
7.640961683227726065e-03
7.640961683227726065e-03
7.640961683227726065e-03
7.640961683227726065e-03
7.640961683227726065e-03
7.640961683227726065e-03
7.640961683227726065e-03
7.640961683227726065e-03
7.640961683227726065e-03
7.640961683227726065e-03
7.640961683227726065e-03
7.640961683227726065e-03
2.540029100259418027e-02
0.000000000000000000e+00
0.000000000000000000e+00
0.000000000000000000e+00
0.000000000000000000e+00
5.530379260140922890e-03
0.000000000000000000e+00
5.530379260140922890e-03
5.530379260140922890e-03
8.584032264453289249e-03
3.300216740160268059e-02
3.300216740160268059e-02
0.000000000000000000e+00
2.601139748005539161e-03
2.601139748005539161e-03
2.601139748005539161e-03
2.601139748005539161e-03
3.924421247702233190e-02
3.634404726482503428e-02
3.634404726482503428e-02
2.992569682979031101e-02
2.992569682979031101e-02
1.438501339551669089e-02
9.531645065135992134e-03
9.531645065135992134e-03
2.623813034412121950e-02
1.366793348311074602e-02
1.366793348311074602e-02
9.351636289472109453e-03
8.417466464955662697e-03
8.417466464955662697e-03
8.417466464955662697e-03
8.417466464955662697e-03
8.417466464955662697e-03
8.417466464955662697e-03
8.417466464955662697e-03
8.417466464955662697e-03
8.417466464955662697e-03
8.417466464955662697e-03
9.948738212214853702e-03
9.948738212214853702e-03
9.948738212214853702e-03
9.948738212214853702e-03
9.948738212214853702e-03
9.948738212214853702e-03
9.948738212214853702e-03
9.948738212214853702e-03
9.948738212214853702e-03
9.948738212214853702e-03
9.948738212214853702e-03
9.948738212214853702e-03
9.948738212214853702e-03
9.948738212214853702e-03
9.948738212214853702e-03
9.948738212214853702e-03
9.948738212214853702e-03
0.000000000000000000e+00
2.225666489114907012e-02
0.000000000000000000e+00
2.225666489114907012e-02
2.225666489114907012e-02
2.225666489114907012e-02
2.225666489114907012e-02
2.225666489114907012e-02
2.225666489114907012e-02
2.225666489114907012e-02
2.225666489114907012e-02
2.225666489114907012e-02
1.847720852076543616e-02
0.000000000000000000e+00
0.000000000000000000e+00
2.214353975936622990e-02
2.214353975936622990e-02
2.214353975936622990e-02
2.214353975936622990e-02
1.343946741898909177e-02
2.352199179969865703e-02
2.352199179969865703e-02
2.352199179969865703e-02
2.418291926907394519e-03
0.000000000000000000e+00
0.000000000000000000e+00
0.000000000000000000e+00
0.000000000000000000e+00
0.000000000000000000e+00
0.000000000000000000e+00
6.684260899901445056e-03
4.355780841649618124e-03
4.355780841649618124e-03
4.355780841649618124e-03
4.355780841649618124e-03
4.355780841649618124e-03
4.355780841649618124e-03
4.355780841649618124e-03
4.355780841649618124e-03
1.243489297656990428e-02
1.243489297656990428e-02
3.996690816889417013e-03
8.743725396200777850e-03
8.743725396200777850e-03
8.743725396200777850e-03
8.743725396200777850e-03
8.743725396200777850e-03
8.743725396200777850e-03
3.731922490814656990e-02
3.731922490814656990e-02
3.731922490814656990e-02
3.731922490814656990e-02
4.079863367245698674e-02
1.403185647702912507e-02
1.403185647702912507e-02
1.403185647702912507e-02
1.403185647702912507e-02
1.403185647702912507e-02
1.403185647702912507e-02
1.403185647702912507e-02
1.403185647702912507e-02
8.221862300951995883e-03
4.880602494602258833e-03
4.880602494602258833e-03
4.880602494602258833e-03
4.880602494602258833e-03
4.880602494602258833e-03
4.880602494602258833e-03
4.880602494602258833e-03
4.880602494602258833e-03
0.000000000000000000e+00
2.649014591148603562e-02
2.649014591148603562e-02
0.000000000000000000e+00
0.000000000000000000e+00
1.179048655628775304e-02
4.910769440728086563e-03
3.717411097666253883e-03
3.717411097666253883e-03
3.717411097666253883e-03
3.717411097666253883e-03
3.717411097666253883e-03
3.717411097666253883e-03
8.232829049601993188e-03
3.760783455346144652e-03
3.760783455346144652e-03
3.760783455346144652e-03
3.760783455346144652e-03
3.760783455346144652e-03
3.760783455346144652e-03
3.760783455346144652e-03
3.760783455346144652e-03
1.009439621448085869e-02
4.441516127335803227e-02
4.441516127335803227e-02
4.441516127335803227e-02
4.441516127335803227e-02
4.441516127335803227e-02
4.441516127335803227e-02
1.179687251168614129e-02
1.328713592561876419e-02
1.328713592561876419e-02
1.328713592561876419e-02
1.328713592561876419e-02
1.328713592561876419e-02
1.328713592561876419e-02
1.328713592561876419e-02
1.328713592561876419e-02
1.328713592561876419e-02
1.328713592561876419e-02
4.261996292763043509e-03
0.000000000000000000e+00
0.000000000000000000e+00
0.000000000000000000e+00
0.000000000000000000e+00
0.000000000000000000e+00
0.000000000000000000e+00
0.000000000000000000e+00
1.677506710912551185e-02
0.000000000000000000e+00
0.000000000000000000e+00
0.000000000000000000e+00
0.000000000000000000e+00
0.000000000000000000e+00
0.000000000000000000e+00
2.827088465478446930e-02
1.268460325697741073e-02
1.268460325697741073e-02
1.268460325697741073e-02
1.268460325697741073e-02
1.521718617372468108e-02
1.521718617372468108e-02
1.521718617372468108e-02
1.521718617372468108e-02
1.521718617372468108e-02
1.521718617372468108e-02
1.521718617372468108e-02
1.521718617372468108e-02
1.911271748844651022e-02
1.485349654340392374e-03
5.935190363905313779e-03
1.983082765058214944e-02
1.983082765058214944e-02
1.983082765058214944e-02
1.983082765058214944e-02
1.983082765058214944e-02
2.602881346261165518e-02
2.516565911558387488e-03
2.516565911558387488e-03
2.245883769766599154e-03
2.245883769766599154e-03
0.000000000000000000e+00
0.000000000000000000e+00
0.000000000000000000e+00
0.000000000000000000e+00
1.118348290747364290e-02
1.118348290747364290e-02
1.118348290747364290e-02
1.118348290747364290e-02
1.553731606909822781e-02
1.553731606909822781e-02
1.553731606909822781e-02
1.553731606909822781e-02
3.506071930291646682e-02
2.549647994167096587e-02
2.549647994167096587e-02
2.549647994167096587e-02
2.549647994167096587e-02
2.549647994167096587e-02
2.549647994167096587e-02
1.952489771433959034e-02
8.968868273358892446e-03
8.968868273358892446e-03
8.968868273358892446e-03
6.947107637176238963e-03
6.947107637176238963e-03
6.947107637176238963e-03
6.947107637176238963e-03
7.686893881734740107e-03
7.686893881734740107e-03
7.686893881734740107e-03
7.686893881734740107e-03
7.686893881734740107e-03
7.686893881734740107e-03
0.000000000000000000e+00
1.136261425207649514e-02
1.136261425207649514e-02
1.136261425207649514e-02
1.136261425207649514e-02
1.136261425207649514e-02
1.136261425207649514e-02
1.136261425207649514e-02
3.812771803964571196e-04
3.663522070181619416e-03
3.663522070181619416e-03
3.663522070181619416e-03
3.663522070181619416e-03
3.663522070181619416e-03
3.663522070181619416e-03
3.663522070181619416e-03
3.663522070181619416e-03
4.057430610544588562e-02
1.425116573822739381e-02
1.425116573822739381e-02
1.425116573822739381e-02
1.425116573822739381e-02
1.425116573822739381e-02
1.425116573822739381e-02
1.425116573822739381e-02
1.425116573822739381e-02
9.963205118379612688e-03
9.963205118379612688e-03
9.963205118379612688e-03
9.963205118379612688e-03
9.963205118379612688e-03
9.963205118379612688e-03
3.903896480296991864e-03
3.903896480296991864e-03
0.000000000000000000e+00
0.000000000000000000e+00
9.355893241337785368e-03
0.000000000000000000e+00
0.000000000000000000e+00
2.299256080744290984e-02
2.299256080744290984e-02
2.299256080744290984e-02
2.299256080744290984e-02
2.299256080744290984e-02
2.299256080744290984e-02
2.299256080744290984e-02
2.299256080744290984e-02
2.299256080744290984e-02
2.299256080744290984e-02
2.299256080744290984e-02
2.299256080744290984e-02
2.299256080744290984e-02
1.401798164403167922e-02
3.170303108272161819e-03
3.170303108272161819e-03
1.329719500646690637e-02
1.329719500646690637e-02
1.329719500646690637e-02
1.329719500646690637e-02
1.329719500646690637e-02
1.329719500646690637e-02
1.329719500646690637e-02
1.329719500646690637e-02
1.329719500646690637e-02
1.329719500646690637e-02
1.329719500646690637e-02
1.329719500646690637e-02
9.215059138922173515e-03
0.000000000000000000e+00
2.717146611572242645e-02
0.000000000000000000e+00
2.717146611572242645e-02
2.717146611572242645e-02
2.717146611572242645e-02
2.716959191064108672e-02
2.716959191064108672e-02
1.725995061123227273e-02
4.453538089869963842e-03
4.453538089869963842e-03
4.453538089869963842e-03
4.453538089869963842e-03
4.453538089869963842e-03
4.453538089869963842e-03
4.453538089869963842e-03
4.453538089869963842e-03
4.453538089869963842e-03
4.453538089869963842e-03
4.453538089869963842e-03
4.453538089869963842e-03
1.978246368933348973e-02
2.623633428287223956e-02
2.623633428287223956e-02
2.623633428287223956e-02
2.623633428287223956e-02
2.623633428287223956e-02
2.623633428287223956e-02
2.623633428287223956e-02
2.623633428287223956e-02
8.005877095683261446e-03
2.602881346261165518e-02
2.500305694133781245e-03
3.651098031079395324e-03
3.651098031079395324e-03
3.651098031079395324e-03
3.651098031079395324e-03
3.651098031079395324e-03
3.651098031079395324e-03
3.651098031079395324e-03
3.651098031079395324e-03
1.197558357532482222e-02
2.729141163582982088e-02
2.729141163582982088e-02
2.401366242151808245e-02
2.386356871249633790e-02
1.804988540075021936e-02
1.804988540075021936e-02
1.804988540075021936e-02
1.804988540075021936e-02
2.540029100259418027e-02
2.540029100259418027e-02
2.540029100259418027e-02
2.540029100259418027e-02
2.540029100259418027e-02
2.540029100259418027e-02
3.853964284243959187e-03
3.853964284243959187e-03
3.853964284243959187e-03
3.853964284243959187e-03
3.853964284243959187e-03
3.853964284243959187e-03
3.853964284243959187e-03
3.853964284243959187e-03
3.853964284243959187e-03
3.853964284243959187e-03
3.853964284243959187e-03
3.853964284243959187e-03
3.853964284243959187e-03
2.505165029138699262e-02
2.505165029138699262e-02
2.505165029138699262e-02
2.505165029138699262e-02
2.505165029138699262e-02
2.505165029138699262e-02
2.505165029138699262e-02
2.505165029138699262e-02
2.505165029138699262e-02
2.505165029138699262e-02
4.337816157406194223e-02
4.337816157406194223e-02
2.602526920272233910e-02
2.602526920272233910e-02
2.602526920272233910e-02
2.602526920272233910e-02
2.387612954486626349e-03
3.616519889599584259e-02
3.616519889599584259e-02
1.334142751495711113e-02
1.057907668383038444e-02
1.057907668383038444e-02
1.361672511517024887e-04
1.361672511517024887e-04
1.361672511517024887e-04
1.361672511517024887e-04
1.361672511517024887e-04
1.361672511517024887e-04
1.361672511517024887e-04
1.361672511517024887e-04
2.614691352445045521e-03
2.614691352445045521e-03
5.797921737426302465e-03
2.614691352445045521e-03
2.614691352445045521e-03
2.614691352445045521e-03
5.218521325429781310e-02
0.000000000000000000e+00
5.218521325429781310e-02
6.185228894719492151e-03
1.335046568888527234e-02
1.817073908418316563e-02
1.817073908418316563e-02
2.405741394862636467e-02
2.405741394862636467e-02
8.478938572166251977e-03
8.949557096591826896e-03
8.949557096591826896e-03
8.949557096591826896e-03
8.949557096591826896e-03
8.949557096591826896e-03
8.949557096591826896e-03
8.949557096591826896e-03
8.949557096591826896e-03
8.949557096591826896e-03
8.949557096591826896e-03
8.949557096591826896e-03
8.949557096591826896e-03
8.949557096591826896e-03
8.949557096591826896e-03
1.382425339351799325e-04
2.489655718141073858e-03
2.489655718141073858e-03
2.489655718141073858e-03
2.489655718141073858e-03
2.489655718141073858e-03
2.489655718141073858e-03
2.489655718141073858e-03
2.489655718141073858e-03
2.489655718141073858e-03
2.489655718141073858e-03
2.489655718141073858e-03
2.489655718141073858e-03
2.489655718141073858e-03
2.489655718141073858e-03
2.489655718141073858e-03
2.489655718141073858e-03
2.489655718141073858e-03
7.014570421371121509e-03
7.014570421371121509e-03
7.014570421371121509e-03
7.014570421371121509e-03
3.216797499760081641e-02
4.115505340570738482e-03
4.115505340570738482e-03
4.115505340570738482e-03
4.115505340570738482e-03
1.100635641872922850e-02
3.367634395264349021e-03
3.367634395264349021e-03
3.367634395264349021e-03
3.367634395264349021e-03
3.367634395264349021e-03
3.367634395264349021e-03
3.367634395264349021e-03
3.367634395264349021e-03
1.382425339351799325e-04
1.382425339351799325e-04
4.314150549443236671e-02
2.963822100362233439e-02
2.963822100362233439e-02
2.963822100362233439e-02
2.963822100362233439e-02
2.963822100362233439e-02
2.963822100362233439e-02
0.000000000000000000e+00
3.394652492263008220e-02
3.394652492263008220e-02
3.394652492263008220e-02
3.394652492263008220e-02
3.394652492263008220e-02
3.394652492263008220e-02
3.394652492263008220e-02
3.394652492263008220e-02
2.659312740182665641e-02
2.659312740182665641e-02
0.000000000000000000e+00
1.055314529190756333e-04
8.268450473596773015e-03
2.505760047239038307e-03
2.505760047239038307e-03
0.000000000000000000e+00
0.000000000000000000e+00
2.827088465478446930e-02
2.827088465478446930e-02
2.827088465478446930e-02
1.009439621448085869e-02
1.009439621448085869e-02
1.009439621448085869e-02
1.009439621448085869e-02
1.009439621448085869e-02
2.082023347399853883e-02
1.349251699101972762e-02
5.968647892762205898e-05
5.968647892762205898e-05
5.968647892762205898e-05
2.992881483046275909e-03
2.992881483046275909e-03
2.992881483046275909e-03
2.992881483046275909e-03
2.992881483046275909e-03
2.992881483046275909e-03
2.329092424083393717e-02
8.690606760245231377e-03
8.690606760245231377e-03
8.690606760245231377e-03
8.690606760245231377e-03
8.690606760245231377e-03
8.690606760245231377e-03
5.194000796752137189e-03
5.194000796752137189e-03
5.194000796752137189e-03
5.194000796752137189e-03
5.194000796752137189e-03
5.194000796752137189e-03
5.194000796752137189e-03
5.194000796752137189e-03
5.194000796752137189e-03
5.194000796752137189e-03
5.194000796752137189e-03
5.194000796752137189e-03
0.000000000000000000e+00
0.000000000000000000e+00
0.000000000000000000e+00
0.000000000000000000e+00
0.000000000000000000e+00
0.000000000000000000e+00
0.000000000000000000e+00
0.000000000000000000e+00
0.000000000000000000e+00
1.977098169235097860e-02
1.939506330443895032e-02
2.102330119714536372e-03
2.102330119714536372e-03
6.033499424188013167e-03
1.719131257174209219e-04
1.719131257174209219e-04
2.905634577599008807e-03
7.819998503011484775e-03
7.819998503011484775e-03
7.819998503011484775e-03
7.819998503011484775e-03
0.000000000000000000e+00
0.000000000000000000e+00
0.000000000000000000e+00
0.000000000000000000e+00
0.000000000000000000e+00
0.000000000000000000e+00
4.911660888565622975e-03
4.911660888565622975e-03
4.911660888565622975e-03
4.911660888565622975e-03
4.911660888565622975e-03
4.911660888565622975e-03
4.911660888565622975e-03
4.911660888565622975e-03
4.911660888565622975e-03
4.911660888565622975e-03
4.911660888565622975e-03
1.911271748844651022e-02
1.911271748844651022e-02
1.911271748844651022e-02
1.911271748844651022e-02
1.911271748844651022e-02
1.911271748844651022e-02
1.911271748844651022e-02
1.911271748844651022e-02
1.704906059779280267e-02
1.847720852076543616e-02
1.847720852076543616e-02
1.847720852076543616e-02
1.446545627373358595e-02
1.032940197990122764e-03
1.032940197990122764e-03
1.032940197990122764e-03
1.032940197990122764e-03
1.032940197990122764e-03
1.032940197990122764e-03
1.032940197990122764e-03
1.032940197990122764e-03
1.032940197990122764e-03
1.032940197990122764e-03
3.896584134013413026e-03
2.389468173768288448e-03
2.389468173768288448e-03
2.389468173768288448e-03
2.389468173768288448e-03
1.334222984203034881e-02
1.402579514285131126e-02
1.402579514285131126e-02
1.402579514285131126e-02
1.402579514285131126e-02
1.402579514285131126e-02
1.402579514285131126e-02
1.402579514285131126e-02
1.402579514285131126e-02
2.029051512842899516e-02
2.029051512842899516e-02
2.029051512842899516e-02
2.029051512842899516e-02
2.029051512842899516e-02
2.029051512842899516e-02
1.288875128708849571e-02
1.288875128708849571e-02
1.176420815736385628e-02
1.288875128708849571e-02
1.278046959938552475e-02
1.278046959938552475e-02
3.805729242290847858e-03
3.805729242290847858e-03
3.805729242290847858e-03
3.805729242290847858e-03
3.805729242290847858e-03
3.805729242290847858e-03
1.093117288943828503e-03
1.013978007645435254e-02
1.013978007645435254e-02
1.736290434910879241e-02
3.213135361570412102e-02
3.213135361570412102e-02
3.213135361570412102e-02
3.213135361570412102e-02
8.061471455378693696e-03
3.950343449077492464e-03
3.950343449077492464e-03
7.219430577777369122e-03
3.950343449077492464e-03
1.841707801657989710e-02
1.841707801657989710e-02
1.841707801657989710e-02
1.841707801657989710e-02
1.841707801657989710e-02
1.841707801657989710e-02
1.841707801657989710e-02
1.841707801657989710e-02
1.841707801657989710e-02
1.841707801657989710e-02
1.841707801657989710e-02
1.015163235211086722e-02
9.237517750393196142e-03
9.237517750393196142e-03
1.141092789089605958e-02
9.265813962115218572e-03
9.265813962115218572e-03
2.527744819271608365e-02
2.527744819271608365e-02
3.687527036018632687e-02
5.875607311085785309e-03
5.875607311085785309e-03
5.875607311085785309e-03
5.875607311085785309e-03
5.875607311085785309e-03
5.875607311085785309e-03
1.350722373466323872e-02
4.440189499219019190e-03
4.440189499219019190e-03
4.440189499219019190e-03
4.440189499219019190e-03
4.440189499219019190e-03
4.440189499219019190e-03
4.440189499219019190e-03
4.440189499219019190e-03
4.440189499219019190e-03
4.440189499219019190e-03
0.000000000000000000e+00
6.421708566132669320e-03
6.421708566132669320e-03
6.421708566132669320e-03
6.421708566132669320e-03
6.421708566132669320e-03
6.421708566132669320e-03
6.421708566132669320e-03
6.421708566132669320e-03
6.421708566132669320e-03
6.421708566132669320e-03
6.421708566132669320e-03
6.421708566132669320e-03
6.421708566132669320e-03
6.421708566132669320e-03
0.000000000000000000e+00
0.000000000000000000e+00
0.000000000000000000e+00
0.000000000000000000e+00
0.000000000000000000e+00
0.000000000000000000e+00
0.000000000000000000e+00
0.000000000000000000e+00
0.000000000000000000e+00
0.000000000000000000e+00
0.000000000000000000e+00
0.000000000000000000e+00
0.000000000000000000e+00
0.000000000000000000e+00
0.000000000000000000e+00
0.000000000000000000e+00
0.000000000000000000e+00
0.000000000000000000e+00
2.872391063286732480e-04
0.000000000000000000e+00
0.000000000000000000e+00
0.000000000000000000e+00
0.000000000000000000e+00
0.000000000000000000e+00
0.000000000000000000e+00
2.339590657090616192e-03
2.339590657090616192e-03
2.339590657090616192e-03
2.339590657090616192e-03
2.339590657090616192e-03
2.339590657090616192e-03
3.384089341860942873e-02
2.649283259237010177e-02
2.649283259237010177e-02
2.649283259237010177e-02
0.000000000000000000e+00
0.000000000000000000e+00
0.000000000000000000e+00
0.000000000000000000e+00
0.000000000000000000e+00
0.000000000000000000e+00
0.000000000000000000e+00
0.000000000000000000e+00
0.000000000000000000e+00
0.000000000000000000e+00
2.523292672286539529e-02
2.523292672286539529e-02
2.523292672286539529e-02
2.523292672286539529e-02
2.523292672286539529e-02
2.523292672286539529e-02
2.523292672286539529e-02
2.523292672286539529e-02
2.523292672286539529e-02
2.523292672286539529e-02
2.523292672286539529e-02
2.065519973225336120e-02
2.535711767036561391e-03
2.535711767036561391e-03
2.535711767036561391e-03
2.535711767036561391e-03
2.535711767036561391e-03
2.535711767036561391e-03
2.535711767036561391e-03
2.535711767036561391e-03
1.730669937742686931e-02
1.730669937742686931e-02
1.730669937742686931e-02
1.730669937742686931e-02
9.198106084003543001e-03
9.198106084003543001e-03
9.198106084003543001e-03
9.198106084003543001e-03
9.198106084003543001e-03
9.198106084003543001e-03
2.346800029930256118e-02
2.029884745221635298e-02
2.029884745221635298e-02
2.029884745221635298e-02
2.029884745221635298e-02
2.029884745221635298e-02
2.029884745221635298e-02
2.029884745221635298e-02
2.029884745221635298e-02
1.543843793588289305e-02
1.543843793588289305e-02
1.543843793588289305e-02
1.543843793588289305e-02
1.543843793588289305e-02
1.543843793588289305e-02
1.543843793588289305e-02
1.543843793588289305e-02
1.543843793588289305e-02
1.543843793588289305e-02
1.543843793588289305e-02
1.112932287905093326e-02
1.051588612719908840e-02
1.051588612719908840e-02
1.051588612719908840e-02
1.051588612719908840e-02
1.051588612719908840e-02
1.051588612719908840e-02
1.051588612719908840e-02
1.051588612719908840e-02
1.051588612719908840e-02
1.051588612719908840e-02
2.872391063286732480e-04
2.872391063286732480e-04
2.872391063286732480e-04
1.423808262417555499e-03
2.813326179761127966e-03
2.813326179761127966e-03
2.813326179761127966e-03
2.813326179761127966e-03
2.813326179761127966e-03
2.813326179761127966e-03
2.813326179761127966e-03
2.813326179761127966e-03
2.813326179761127966e-03
2.813326179761127966e-03
2.813326179761127966e-03
2.813326179761127966e-03
2.813326179761127966e-03
2.813326179761127966e-03
2.813326179761127966e-03
2.813326179761127966e-03
1.350722373466323872e-02
1.350722373466323872e-02
1.700243665379156006e-03
1.700243665379156006e-03
1.510317193921100485e-03
4.987274344674795523e-03
1.994077499818955670e-02
9.745303991727455664e-03
9.745303991727455664e-03
9.745303991727455664e-03
2.664667920956076408e-02
8.934001982403855105e-05
8.934001982403855105e-05
8.915451725863495630e-03
1.050078811637929254e-03
1.050078811637929254e-03
1.050078811637929254e-03
1.050078811637929254e-03
1.050078811637929254e-03
1.050078811637929254e-03
5.251726653201509859e-02
5.251726653201509859e-02
5.251726653201509859e-02
5.251726653201509859e-02
5.251726653201509859e-02
5.251726653201509859e-02
5.198312607578292610e-02
5.198312607578292610e-02
5.198312607578292610e-02
5.198312607578292610e-02
5.198312607578292610e-02
5.198312607578292610e-02
5.198312607578292610e-02
5.198312607578292610e-02
2.360022069026242869e-02
3.866836960994234074e-04
3.866836960994234074e-04
3.866836960994234074e-04
3.866836960994234074e-04
3.866836960994234074e-04
3.866836960994234074e-04
3.866836960994234074e-04
8.784649470398010751e-03
8.427124982831116218e-03
8.427124982831116218e-03
8.427124982831116218e-03
8.427124982831116218e-03
8.427124982831116218e-03
1.066864811620578737e-02
6.933852866125119439e-03
6.933852866125119439e-03
6.933852866125119439e-03
6.933852866125119439e-03
1.200967673672258029e-04
1.620473957263758591e-02
1.620473957263758591e-02
1.533006588395828193e-02
2.029956663875572692e-02
2.029956663875572692e-02
0.000000000000000000e+00
0.000000000000000000e+00
0.000000000000000000e+00
0.000000000000000000e+00
0.000000000000000000e+00
0.000000000000000000e+00
0.000000000000000000e+00
0.000000000000000000e+00
5.941782523645754849e-03
1.376575397155127469e-03
1.376575397155127469e-03
4.057430610544588562e-02
4.057430610544588562e-02
1.589597930166064283e-03
1.243185050700281423e-02
4.261996292763043509e-03
4.261996292763043509e-03
4.261996292763043509e-03
4.261996292763043509e-03
4.261996292763043509e-03
4.261996292763043509e-03
4.261996292763043509e-03
4.261996292763043509e-03
4.261996292763043509e-03
4.261996292763043509e-03
0.000000000000000000e+00
2.921826553280735053e-02
2.921826553280735053e-02
2.921826553280735053e-02
2.921826553280735053e-02
5.056190745801047992e-03
6.764739587836628848e-03
6.764739587836628848e-03
6.764739587836628848e-03
6.764739587836628848e-03
6.764739587836628848e-03
6.764739587836628848e-03
6.764739587836628848e-03
6.764739587836628848e-03
0.000000000000000000e+00
0.000000000000000000e+00
0.000000000000000000e+00
1.286861018575446644e-02
2.495831703669814522e-02
2.495831703669814522e-02
2.495831703669814522e-02
2.495831703669814522e-02
2.495831703669814522e-02
2.171882715449984305e-02
2.171882715449984305e-02
2.171882715449984305e-02
2.171882715449984305e-02
2.171882715449984305e-02
2.171882715449984305e-02
2.171882715449984305e-02
2.171882715449984305e-02
2.171882715449984305e-02
2.171882715449984305e-02
4.516393001429062221e-03
4.516393001429062221e-03
4.516393001429062221e-03
4.516393001429062221e-03
1.179048655628775304e-02
3.181367681434710964e-02
3.181367681434710964e-02
3.611205425874683319e-03
1.503105761270529493e-02
1.503105761270529493e-02
1.503105761270529493e-02
3.388782205040622580e-02
1.237077054114283856e-02
8.215102199916612946e-03
1.343946741898909177e-02
4.319601968613356359e-03
8.353699236811656242e-03
8.353699236811656242e-03
8.353699236811656242e-03
2.682540018048039376e-02
1.734273611787829489e-02
1.734273611787829489e-02
8.074986064477646455e-03
7.742682112013223213e-03
7.742682112013223213e-03
7.742682112013223213e-03
7.742682112013223213e-03
7.742682112013223213e-03
7.742682112013223213e-03
7.742682112013223213e-03
7.742682112013223213e-03
4.503241090420824488e-02
4.503241090420824488e-02
4.503241090420824488e-02
4.503241090420824488e-02
4.503241090420824488e-02
4.503241090420824488e-02
0.000000000000000000e+00
2.066463922246658189e-02
2.066463922246658189e-02
2.066463922246658189e-02
2.066463922246658189e-02
2.066463922246658189e-02
2.066463922246658189e-02
2.066463922246658189e-02
2.066463922246658189e-02
2.379899009697644587e-03
2.371316787948941386e-03
2.371316787948941386e-03
2.371316787948941386e-03
2.371316787948941386e-03
2.371316787948941386e-03
2.371316787948941386e-03
0.000000000000000000e+00
7.338767683308220283e-03
7.338767683308220283e-03
7.338767683308220283e-03
7.338767683308220283e-03
7.338767683308220283e-03
7.338767683308220283e-03
7.338767683308220283e-03
0.000000000000000000e+00
0.000000000000000000e+00
0.000000000000000000e+00
0.000000000000000000e+00
0.000000000000000000e+00
0.000000000000000000e+00
4.613748766014153652e-02
1.479220750632335470e-02
1.479220750632335470e-02
5.641771284576171941e-03
5.641771284576171941e-03
1.634015276340550216e-01
1.634015276340550216e-01
1.634015276340550216e-01
1.634015276340550216e-01
1.634015276340550216e-01
1.634015276340550216e-01
1.634015276340550216e-01
1.634015276340550216e-01
1.634015276340550216e-01
1.634015276340550216e-01
1.634015276340550216e-01
0.000000000000000000e+00
8.915451725863495630e-03
8.915451725863495630e-03
8.915451725863495630e-03
8.915451725863495630e-03
8.915451725863495630e-03
1.562325133047014420e-03
7.076101727925311613e-03
7.076101727925311613e-03
7.076101727925311613e-03
7.076101727925311613e-03
1.007223761048842321e-02
1.007223761048842321e-02
1.007223761048842321e-02
1.007223761048842321e-02
1.007223761048842321e-02
1.007223761048842321e-02
1.007223761048842321e-02
1.007223761048842321e-02
1.007223761048842321e-02
1.007223761048842321e-02
1.007223761048842321e-02
1.007223761048842321e-02
1.007223761048842321e-02
1.007223761048842321e-02
1.007223761048842321e-02
1.007223761048842321e-02
1.007223761048842321e-02
1.007223761048842321e-02
1.007223761048842321e-02
1.007223761048842321e-02
1.007223761048842321e-02
1.007223761048842321e-02
1.007223761048842321e-02
1.007223761048842321e-02
1.007223761048842321e-02
1.007223761048842321e-02
1.007223761048842321e-02
1.007223761048842321e-02
1.007223761048842321e-02
1.007223761048842321e-02
9.286805167429284386e-03
3.595098084875874254e-03
3.404070008296475325e-02
3.790481650744117331e-02
3.790481650744117331e-02
3.790481650744117331e-02
3.790481650744117331e-02
3.790481650744117331e-02
3.790481650744117331e-02
2.082023347399853883e-02
6.033499424188013167e-03
9.286805167429284386e-03
0.000000000000000000e+00
6.437704388453142522e-04
0.000000000000000000e+00
0.000000000000000000e+00
0.000000000000000000e+00
0.000000000000000000e+00
0.000000000000000000e+00
0.000000000000000000e+00
0.000000000000000000e+00
0.000000000000000000e+00
0.000000000000000000e+00
0.000000000000000000e+00
0.000000000000000000e+00
0.000000000000000000e+00
0.000000000000000000e+00
0.000000000000000000e+00
0.000000000000000000e+00
1.049759609819125167e-02
1.590121066701800229e-02
1.590121066701800229e-02
7.753289352078051189e-04
7.753289352078051189e-04
4.387657052933793302e-03
3.750317393103353662e-03
3.750317393103353662e-03
3.750317393103353662e-03
3.750317393103353662e-03
8.270481387763565714e-03
3.750317393103353662e-03
5.916351072130431217e-03
5.916351072130431217e-03
5.916351072130431217e-03
5.916351072130431217e-03
5.916351072130431217e-03
5.916351072130431217e-03
5.916351072130431217e-03
5.916351072130431217e-03
5.916351072130431217e-03
5.916351072130431217e-03
5.916351072130431217e-03
1.020102437199303311e-02
1.667187659015775120e-02
1.667187659015775120e-02
1.667187659015775120e-02
1.667187659015775120e-02
1.667187659015775120e-02
1.667187659015775120e-02
3.051657526771962142e-02
3.051657526771962142e-02
3.051657526771962142e-02
8.708019138883912186e-03
1.837961227151182694e-02
1.837961227151182694e-02
1.837961227151182694e-02
0.000000000000000000e+00
0.000000000000000000e+00
0.000000000000000000e+00
0.000000000000000000e+00
0.000000000000000000e+00
0.000000000000000000e+00
5.009382377578062290e-03
1.589597930166064283e-03
1.589597930166064283e-03
1.589597930166064283e-03
1.589597930166064283e-03
1.589597930166064283e-03
1.078351326323819317e-02
6.210004855316706221e-03
6.210004855316706221e-03
6.210004855316706221e-03
6.210004855316706221e-03
6.210004855316706221e-03
6.210004855316706221e-03
2.132699793713004055e-02
1.430329046748160700e-02
1.125612027625794154e-02
1.125612027625794154e-02
1.125612027625794154e-02
1.430329046748160700e-02
0.000000000000000000e+00
1.729934273735757658e-02
1.729934273735757658e-02
1.729934273735757658e-02
1.729934273735757658e-02
1.729934273735757658e-02
1.729934273735757658e-02
1.729934273735757658e-02
1.729934273735757658e-02
0.000000000000000000e+00
1.738478371537547848e-02
2.503177791079159650e-02
2.503177791079159650e-02
2.503177791079159650e-02
2.503177791079159650e-02
2.503177791079159650e-02
2.503177791079159650e-02
2.503177791079159650e-02
2.503177791079159650e-02
2.399629715735645055e-02
2.399629715735645055e-02
2.399629715735645055e-02
2.399629715735645055e-02
0.000000000000000000e+00
0.000000000000000000e+00
0.000000000000000000e+00
0.000000000000000000e+00
0.000000000000000000e+00
0.000000000000000000e+00
0.000000000000000000e+00
0.000000000000000000e+00
0.000000000000000000e+00
0.000000000000000000e+00
0.000000000000000000e+00
5.213037075471820686e-02
7.613956098981834730e-03
7.613956098981834730e-03
7.613956098981834730e-03
7.613956098981834730e-03
1.169256457946606272e-02
1.169256457946606272e-02
1.169256457946606272e-02
1.169256457946606272e-02
1.169256457946606272e-02
1.169256457946606272e-02
6.320993015949077573e-03
2.705075056598452848e-03
2.705075056598452848e-03
2.705075056598452848e-03
2.705075056598452848e-03
2.705075056598452848e-03
2.705075056598452848e-03
5.135697642837968018e-04
5.135697642837968018e-04
2.186870515376613394e-02
0.000000000000000000e+00
0.000000000000000000e+00
8.413921302976452290e-04
1.340505182237352461e-02
1.340505182237352461e-02
1.340505182237352461e-02
1.340505182237352461e-02
1.340505182237352461e-02
1.340505182237352461e-02
1.374679138592928285e-02
1.340505182237352461e-02
1.340505182237352461e-02
1.340505182237352461e-02
1.736290434910879241e-02
1.241433960286095553e-02
1.241433960286095553e-02
1.241433960286095553e-02
1.241433960286095553e-02
3.130889222639677508e-03
3.130889222639677508e-03
3.130889222639677508e-03
3.130889222639677508e-03
8.215102199916612946e-03
8.215102199916612946e-03
1.174155377204990497e-02
1.597065603702297124e-02
1.597065603702297124e-02
1.597065603702297124e-02
1.597065603702297124e-02
1.597065603702297124e-02
1.597065603702297124e-02
3.147581340451339332e-02
3.061080549395892719e-02
3.061080549395892719e-02
3.061080549395892719e-02
3.061080549395892719e-02
3.061080549395892719e-02
3.061080549395892719e-02
1.873261114374355496e-02
2.406565790802713337e-02
2.406565790802713337e-02
5.884803479704149749e-03
5.884803479704149749e-03
2.003859145476720796e-02
2.003859145476720796e-02
2.003859145476720796e-02
2.003859145476720796e-02
2.003859145476720796e-02
2.003859145476720796e-02
2.003859145476720796e-02
2.003859145476720796e-02
2.003859145476720796e-02
2.003859145476720796e-02
2.003859145476720796e-02
2.003859145476720796e-02
2.003859145476720796e-02
1.762352697567337242e-02
1.985952154180174040e-02
0.000000000000000000e+00
0.000000000000000000e+00
0.000000000000000000e+00
0.000000000000000000e+00
1.762352697567337242e-02
1.762352697567337242e-02
6.250782405009426904e-03
3.087123185347588269e-02
3.087123185347588269e-02
3.087123185347588269e-02
3.087123185347588269e-02
3.087123185347588269e-02
3.087123185347588269e-02
3.087123185347588269e-02
3.087123185347588269e-02
2.438167508025628968e-02
5.941782523645754849e-03
5.941782523645754849e-03
5.941782523645754849e-03
5.941782523645754849e-03
5.941782523645754849e-03
5.941782523645754849e-03
5.941782523645754849e-03
5.941782523645754849e-03
5.941782523645754849e-03
5.941782523645754849e-03
5.941782523645754849e-03
5.941782523645754849e-03
5.941782523645754849e-03
0.000000000000000000e+00
2.954766674909884913e-02
2.954766674909884913e-02
5.167658778691871721e-03
5.167658778691871721e-03
5.167658778691871721e-03
5.167658778691871721e-03
5.167658778691871721e-03
5.167658778691871721e-03
5.167658778691871721e-03
5.167658778691871721e-03
5.167658778691871721e-03
5.167658778691871721e-03
5.167658778691871721e-03
3.380947049590759396e-02
3.216797499760081641e-02
0.000000000000000000e+00
3.652201443861524677e-02
3.652201443861524677e-02
1.771746210038591812e-02
1.608934259253053459e-02
1.608934259253053459e-02
1.608934259253053459e-02
1.608934259253053459e-02
1.123486920154215989e-03
2.246588290986767551e-03
2.861158861087547550e-03
2.861158861087547550e-03
2.861158861087547550e-03
2.861158861087547550e-03
2.861158861087547550e-03
2.861158861087547550e-03
2.861158861087547550e-03
2.861158861087547550e-03
2.861158861087547550e-03
2.861158861087547550e-03
2.861158861087547550e-03
2.861158861087547550e-03
2.861158861087547550e-03
2.861158861087547550e-03
2.861158861087547550e-03
2.861158861087547550e-03
2.861158861087547550e-03
2.861158861087547550e-03
2.861158861087547550e-03
0.000000000000000000e+00
0.000000000000000000e+00
1.112932287905093326e-02
1.197558357532482222e-02
1.197558357532482222e-02
1.197558357532482222e-02
2.952682756640461099e-03
2.952682756640461099e-03
0.000000000000000000e+00
0.000000000000000000e+00
5.986180805355277058e-03
5.986180805355277058e-03
5.986180805355277058e-03
5.986180805355277058e-03
5.986180805355277058e-03
5.986180805355277058e-03
5.986180805355277058e-03
5.986180805355277058e-03
5.986180805355277058e-03
5.986180805355277058e-03
5.986180805355277058e-03
1.795733231025123736e-02
1.795733231025123736e-02
1.795733231025123736e-02
1.795733231025123736e-02
1.795733231025123736e-02
1.795733231025123736e-02
2.379899009697644587e-03
1.073671295718931981e-02
1.073671295718931981e-02
1.073671295718931981e-02
1.073671295718931981e-02
1.073671295718931981e-02
1.073671295718931981e-02
1.073671295718931981e-02
1.073671295718931981e-02
7.228425997930005252e-03
7.228425997930005252e-03
7.228425997930005252e-03
7.228425997930005252e-03
7.228425997930005252e-03
7.228425997930005252e-03
7.228425997930005252e-03
7.228425997930005252e-03
7.228425997930005252e-03
7.228425997930005252e-03
7.228425997930005252e-03
4.223155080748016918e-03
0.000000000000000000e+00
0.000000000000000000e+00
0.000000000000000000e+00
0.000000000000000000e+00
0.000000000000000000e+00
0.000000000000000000e+00
4.262919598056294154e-03
2.409456863267774029e-03
2.409456863267774029e-03
2.409456863267774029e-03
4.147632194536223123e-03
7.822140283456505768e-05
7.822140283456505768e-05
2.285960465380767678e-02
2.528088056043011067e-02
2.528088056043011067e-02
2.942651628635130009e-02
4.334253916113300908e-02
4.334253916113300908e-02
4.334253916113300908e-02
4.334253916113300908e-02
4.334253916113300908e-02
4.334253916113300908e-02
4.334253916113300908e-02
1.621461395832647298e-02
8.682841050494884486e-03
8.682841050494884486e-03
8.682841050494884486e-03
8.682841050494884486e-03
8.682841050494884486e-03
8.682841050494884486e-03
3.924421247702233190e-02
1.867808916852738144e-02
1.867808916852738144e-02
1.867808916852738144e-02
1.867808916852738144e-02
4.163090101526824988e-02
3.147581340451339332e-02
1.609012414849262957e-03
1.320962139541916828e-03
1.320962139541916828e-03
1.320962139541916828e-03
1.320962139541916828e-03
1.320962139541916828e-03
1.320962139541916828e-03
1.320962139541916828e-03
1.320962139541916828e-03
1.320962139541916828e-03
1.320962139541916828e-03
3.779994286161107026e-02
3.137793142919162448e-02
3.137793142919162448e-02
3.137793142919162448e-02
3.506071930291646682e-02
2.322333865845614340e-02
2.322333865845614340e-02
2.322333865845614340e-02
2.322333865845614340e-02
2.322333865845614340e-02
2.322333865845614340e-02
1.057828198963286365e-02
3.385022491603540545e-03
5.561773862328906089e-03
1.091311271417729281e-02
4.172108696281095347e-02
2.906367427538697826e-02
2.906367427538697826e-02
1.201891244165745505e-02
5.665557329666966353e-03
5.665557329666966353e-03
1.682791022514931040e-02
5.009382377578062290e-03
4.143909815399616364e-02
3.656799131409235737e-02
1.923677820043935907e-02
0.000000000000000000e+00
0.000000000000000000e+00
0.000000000000000000e+00
0.000000000000000000e+00
0.000000000000000000e+00
6.250782405009426904e-03
4.662678972826951769e-03
4.662678972826951769e-03
5.561773862328906089e-03
5.561773862328906089e-03
5.561773862328906089e-03
5.561773862328906089e-03
2.969430736103635671e-02
4.594291378810928805e-02
4.594291378810928805e-02
2.088974034771047886e-02
2.088974034771047886e-02
2.088974034771047886e-02
2.088974034771047886e-02
2.088974034771047886e-02
2.088974034771047886e-02
9.550023043793970552e-04
9.550023043793970552e-04
9.550023043793970552e-04
9.550023043793970552e-04
9.550023043793970552e-04
9.550023043793970552e-04
0.000000000000000000e+00
4.710842169599954721e-02
4.710842169599954721e-02
6.668057015497042689e-03
3.896584134013413026e-03
3.896584134013413026e-03
3.896584134013413026e-03
2.015183529906900729e-03
7.339497560697785458e-03
7.339497560697785458e-03
7.339497560697785458e-03
7.339497560697785458e-03
3.447833678566480237e-02
5.159516737651186936e-03
5.159516737651186936e-03
5.159516737651186936e-03
4.282847801970776636e-02
5.092047329387561910e-02
5.092047329387561910e-02
1.112888234405026190e-02
1.086621625651322705e-03
1.086621625651322705e-03
1.086621625651322705e-03
1.086621625651322705e-03
1.086621625651322705e-03
1.086621625651322705e-03
5.587971937569081136e-03
1.438501339551669089e-02
1.912467514494893897e-02
1.912467514494893897e-02
1.912467514494893897e-02
1.912467514494893897e-02
1.912467514494893897e-02
2.076742077578992013e-02
1.912467514494893897e-02
1.417887668697076714e-03
1.417887668697076714e-03
0.000000000000000000e+00
0.000000000000000000e+00
0.000000000000000000e+00
0.000000000000000000e+00
5.809345834024078059e-02
5.809345834024078059e-02
5.809345834024078059e-02
5.809345834024078059e-02
5.809345834024078059e-02
5.473069712965402539e-02
5.809345834024078059e-02
5.809345834024078059e-02
5.809345834024078059e-02
0.000000000000000000e+00
0.000000000000000000e+00
0.000000000000000000e+00
0.000000000000000000e+00
0.000000000000000000e+00
0.000000000000000000e+00
0.000000000000000000e+00
0.000000000000000000e+00
6.445857113414212199e-03
6.445857113414212199e-03
6.445857113414212199e-03
0.000000000000000000e+00
0.000000000000000000e+00
0.000000000000000000e+00
0.000000000000000000e+00
2.132699793713004055e-02
1.719924034459918358e-02
1.719924034459918358e-02
9.995912945411494777e-03
5.259720164936891248e-03
0.000000000000000000e+00
0.000000000000000000e+00
4.498156059511563762e-03
4.895800688420476506e-03
4.895800688420476506e-03
0.000000000000000000e+00
1.423808262417555499e-03
1.423808262417555499e-03
0.000000000000000000e+00
3.350550446334409852e-03
3.350550446334409852e-03
3.350550446334409852e-03
8.165584026210499086e-03
8.165584026210499086e-03
8.165584026210499086e-03
8.165584026210499086e-03
6.656502329859338533e-03
6.656502329859338533e-03
6.656502329859338533e-03
6.656502329859338533e-03
6.656502329859338533e-03
6.656502329859338533e-03
6.656502329859338533e-03
6.656502329859338533e-03
6.656502329859338533e-03
6.656502329859338533e-03
6.656502329859338533e-03
1.200967673672258029e-04
1.200967673672258029e-04
1.200967673672258029e-04
1.200967673672258029e-04
1.200967673672258029e-04
1.200967673672258029e-04
1.200967673672258029e-04
1.200967673672258029e-04
1.200967673672258029e-04
1.200967673672258029e-04
1.200967673672258029e-04
1.200967673672258029e-04
1.200967673672258029e-04
1.200967673672258029e-04
4.626477851358152399e-02
1.692638077049004458e-02
1.692638077049004458e-02
1.692638077049004458e-02
1.692638077049004458e-02
1.692638077049004458e-02
1.692638077049004458e-02
0.000000000000000000e+00
0.000000000000000000e+00
1.855366858628287505e-04
1.855366858628287505e-04
0.000000000000000000e+00
0.000000000000000000e+00
0.000000000000000000e+00
0.000000000000000000e+00
1.800440099726335549e-02
2.139072680115890798e-03
2.139072680115890798e-03
2.139072680115890798e-03
2.139072680115890798e-03
2.139072680115890798e-03
2.139072680115890798e-03
2.139072680115890798e-03
2.139072680115890798e-03
0.000000000000000000e+00
4.171958077160834583e-02
4.171958077160834583e-02
4.171958077160834583e-02
5.935190363905313779e-03
2.387612954486626349e-03
2.387612954486626349e-03
2.387612954486626349e-03
2.387612954486626349e-03
2.387612954486626349e-03
2.387612954486626349e-03
2.387612954486626349e-03
8.871806829312619755e-03
0.000000000000000000e+00
0.000000000000000000e+00
2.148027536182634326e-02
0.000000000000000000e+00
0.000000000000000000e+00
1.685862726794395278e-02
0.000000000000000000e+00
0.000000000000000000e+00
1.549066990065891408e-02
1.549066990065891408e-02
1.549066990065891408e-02
1.549066990065891408e-02
1.549066990065891408e-02
0.000000000000000000e+00
5.583795849920255606e-03
5.583795849920255606e-03
5.583795849920255606e-03
5.583795849920255606e-03
5.583795849920255606e-03
5.583795849920255606e-03
2.234150742631074368e-02
2.234150742631074368e-02
1.742183844541898494e-02
1.742183844541898494e-02
3.729931756695754365e-03
1.172617150103600313e-02
1.172617150103600313e-02
7.622141179427502182e-03
9.141876677469015083e-03
9.141876677469015083e-03
9.141876677469015083e-03
9.141876677469015083e-03
9.141876677469015083e-03
9.141876677469015083e-03
0.000000000000000000e+00
0.000000000000000000e+00
0.000000000000000000e+00
8.505789984875557121e-04
8.505789984875557121e-04
2.369019418235272789e-02
3.906609577236083708e-02
3.906609577236083708e-02
3.906609577236083708e-02
3.906609577236083708e-02
3.906609577236083708e-02
3.906609577236083708e-02
3.906609577236083708e-02
0.000000000000000000e+00
0.000000000000000000e+00
7.583144823551833495e-03
7.583144823551833495e-03
7.583144823551833495e-03
4.866015656597626540e-03
4.866015656597626540e-03
4.866015656597626540e-03
0.000000000000000000e+00
0.000000000000000000e+00
7.154473263068677688e-03
1.682791022514931040e-02
1.682791022514931040e-02
1.682791022514931040e-02
2.657388809230629145e-02
2.657388809230629145e-02
2.657388809230629145e-02
1.222001276678225806e-02
4.009632683649756030e-02
3.447833678566480237e-02
4.629700055519448548e-02
4.629700055519448548e-02
4.629700055519448548e-02
4.629700055519448548e-02
4.629700055519448548e-02
2.316095017961977698e-02
6.459753734845214562e-03
6.459753734845214562e-03
6.459753734845214562e-03
1.793174912618089242e-02
1.685862726794395278e-02
1.049759609819125167e-02
2.954580638716433529e-03
3.013088485136826682e-03
3.013088485136826682e-03
3.013088485136826682e-03
3.013088485136826682e-03
1.813073148619539013e-02
4.804023260689836705e-02
4.804023260689836705e-02
4.804023260689836705e-02
4.804023260689836705e-02
0.000000000000000000e+00
0.000000000000000000e+00
1.068145199748432583e-02
4.511527080363220837e-03
4.511527080363220837e-03
4.511527080363220837e-03
0.000000000000000000e+00
0.000000000000000000e+00
0.000000000000000000e+00
0.000000000000000000e+00
1.601897756851690391e-02
1.601897756851690391e-02
1.331737470141024400e-02
2.962724229819287125e-02
3.779994286161107026e-02
3.779994286161107026e-02
3.779994286161107026e-02
0.000000000000000000e+00
0.000000000000000000e+00
2.226150820558628080e-03
1.704906059779280267e-02
1.704906059779280267e-02
1.704906059779280267e-02
1.704906059779280267e-02
1.704906059779280267e-02
1.704906059779280267e-02
1.704906059779280267e-02
3.098954146161944645e-02
3.098954146161944645e-02
3.098954146161944645e-02
3.098954146161944645e-02
1.057828198963286365e-02
1.057828198963286365e-02
3.951407589205141457e-02
2.521259206554058233e-02
2.521259206554058233e-02
2.521259206554058233e-02
2.521259206554058233e-02
5.718290201435878399e-03
5.718290201435878399e-03
5.718290201435878399e-03
5.718290201435878399e-03
1.015767864986195750e-02
2.883128847607226986e-01
2.883128847607226986e-01
2.883128847607226986e-01
2.883128847607226986e-01
1.752574397673705223e-02
1.752574397673705223e-02
1.752574397673705223e-02
1.752574397673705223e-02
1.752574397673705223e-02
1.752574397673705223e-02
1.752574397673705223e-02
1.752574397673705223e-02
1.752574397673705223e-02
1.752574397673705223e-02
1.752574397673705223e-02
1.752574397673705223e-02
1.752574397673705223e-02
1.731771604556937502e-03
0.000000000000000000e+00
0.000000000000000000e+00
4.974599131167836696e-02
4.974599131167836696e-02
0.000000000000000000e+00
0.000000000000000000e+00
0.000000000000000000e+00
0.000000000000000000e+00
9.983490425047522598e-03
9.983490425047522598e-03
9.983490425047522598e-03
9.983490425047522598e-03
3.576091202712582823e-04
3.576091202712582823e-04
2.015183529906900729e-03
2.015183529906900729e-03
2.015183529906900729e-03
2.015183529906900729e-03
2.015183529906900729e-03
2.015183529906900729e-03
2.015183529906900729e-03
2.015183529906900729e-03
0.000000000000000000e+00
0.000000000000000000e+00
2.136387892166325200e-02
1.677663069472083495e-03
1.677663069472083495e-03
1.677663069472083495e-03
1.253814891624058236e-03
1.253814891624058236e-03
1.253814891624058236e-03
1.253814891624058236e-03
1.253814891624058236e-03
1.253814891624058236e-03
1.253814891624058236e-03
1.253814891624058236e-03
1.253814891624058236e-03
1.253814891624058236e-03
1.253814891624058236e-03
1.685041331330545651e-03
8.711154553245014504e-03
8.711154553245014504e-03
0.000000000000000000e+00
8.711154553245014504e-03
2.226750479538856537e-03
2.226750479538856537e-03
2.226750479538856537e-03
2.226750479538856537e-03
2.226750479538856537e-03
2.226750479538856537e-03
2.226750479538856537e-03
2.622894142296035378e-03
2.226750479538856537e-03
0.000000000000000000e+00
0.000000000000000000e+00
1.544749591213396590e-02
1.544749591213396590e-02
1.544749591213396590e-02
1.544749591213396590e-02
1.544749591213396590e-02
1.544749591213396590e-02
1.544749591213396590e-02
9.488061289293322695e-03
3.241676567227817427e-03
3.241676567227817427e-03
3.241676567227817427e-03
1.365968045121300212e-01
1.365968045121300212e-01
1.365968045121300212e-01
1.365968045121300212e-01
1.365968045121300212e-01
1.365968045121300212e-01
1.164918043048267064e-02
1.786600323971653274e-03
1.786600323971653274e-03
1.786600323971653274e-03
1.786600323971653274e-03
1.786600323971653274e-03
1.786600323971653274e-03
1.786600323971653274e-03
1.786600323971653274e-03
1.786600323971653274e-03
1.786600323971653274e-03
1.786600323971653274e-03
1.786600323971653274e-03
4.139458273848251740e-03
4.139458273848251740e-03
4.139458273848251740e-03
4.139458273848251740e-03
2.753401449023867072e-03
4.309300773566761278e-03
4.309300773566761278e-03
4.309300773566761278e-03
4.309300773566761278e-03
2.536150497961967357e-02
2.536150497961967357e-02
2.536150497961967357e-02
2.536150497961967357e-02
2.536150497961967357e-02
2.536150497961967357e-02
0.000000000000000000e+00
0.000000000000000000e+00
0.000000000000000000e+00
0.000000000000000000e+00
0.000000000000000000e+00
0.000000000000000000e+00
0.000000000000000000e+00
0.000000000000000000e+00
0.000000000000000000e+00
3.628166909853092984e-03
8.071614415363999664e-03
8.071614415363999664e-03
8.071614415363999664e-03
8.071614415363999664e-03
1.372685002988017176e-02
1.372685002988017176e-02
0.000000000000000000e+00
1.110086943572028556e-02
5.655829938076267077e-03
2.686569301289077824e-02
2.686569301289077824e-02
4.664403050960134328e-02
3.963529745104538843e-02
3.963529745104538843e-02
3.963529745104538843e-02
3.963529745104538843e-02
3.963529745104538843e-02
3.963529745104538843e-02
8.048728743097264063e-03
8.048728743097264063e-03
8.048728743097264063e-03
8.048728743097264063e-03
1.501779906254493068e-03
6.512790138015673615e-03
6.512790138015673615e-03
6.512790138015673615e-03
1.962601952346473833e-02
1.962601952346473833e-02
1.962601952346473833e-02
1.501779906254493068e-03
1.501779906254493068e-03
2.259420743595627612e-02
3.328418165017699853e-02
3.328418165017699853e-02
3.328418165017699853e-02
3.328418165017699853e-02
3.328418165017699853e-02
3.328418165017699853e-02
3.328418165017699853e-02
3.328418165017699853e-02
1.951043861688655720e-02
2.084064868517793850e-02
2.084064868517793850e-02
2.084064868517793850e-02
2.567990889542092273e-02
4.538488022496318247e-02
5.198869840863460517e-03
5.526796349535241515e-03
5.526796349535241515e-03
5.526796349535241515e-03
5.526796349535241515e-03
5.526796349535241515e-03
5.526796349535241515e-03
1.122977037691252553e-02
2.769393629826831862e-02
2.769393629826831862e-02
2.569583805363461620e-02
9.042352217771218188e-04
9.042352217771218188e-04
9.042352217771218188e-04
9.042352217771218188e-04
9.042352217771218188e-04
9.042352217771218188e-04
9.042352217771218188e-04
9.042352217771218188e-04
9.042352217771218188e-04
9.042352217771218188e-04
4.299331656352778537e-03
3.451339319212570061e-02
3.451339319212570061e-02
3.451339319212570061e-02
3.451339319212570061e-02
5.204519963574179113e-03
5.204519963574179113e-03
5.204519963574179113e-03
5.204519963574179113e-03
5.204519963574179113e-03
5.204519963574179113e-03
2.623813034412121950e-02
2.623813034412121950e-02
2.623813034412121950e-02
2.623813034412121950e-02
2.623813034412121950e-02
6.139790398826660070e-03
6.139790398826660070e-03
6.139790398826660070e-03
6.139790398826660070e-03
6.139790398826660070e-03
6.139790398826660070e-03
6.139790398826660070e-03
6.139790398826660070e-03
0.000000000000000000e+00
0.000000000000000000e+00
0.000000000000000000e+00
0.000000000000000000e+00
0.000000000000000000e+00
0.000000000000000000e+00
0.000000000000000000e+00
0.000000000000000000e+00
0.000000000000000000e+00
2.523078376417102887e-04
2.531734301322056263e-02
2.531734301322056263e-02
2.531734301322056263e-02
0.000000000000000000e+00
0.000000000000000000e+00
0.000000000000000000e+00
0.000000000000000000e+00
0.000000000000000000e+00
0.000000000000000000e+00
0.000000000000000000e+00
0.000000000000000000e+00
0.000000000000000000e+00
0.000000000000000000e+00
4.079863367245698674e-02
4.051746512972926456e-02
4.051746512972926456e-02
2.335947420227824783e-02
2.335947420227824783e-02
2.335947420227824783e-02
2.335947420227824783e-02
2.335947420227824783e-02
2.335947420227824783e-02
2.335947420227824783e-02
2.335947420227824783e-02
2.335947420227824783e-02
2.335947420227824783e-02
2.335947420227824783e-02
6.532415148786491557e-03
2.110944023462414318e-02
2.110944023462414318e-02
5.107041065866459867e-02
3.049543532060273662e-02
3.049543532060273662e-02
3.049543532060273662e-02
3.049543532060273662e-02
1.609702506268579150e-02
1.609702506268579150e-02
1.609702506268579150e-02
1.609702506268579150e-02
1.609702506268579150e-02
1.609702506268579150e-02
1.609702506268579150e-02
1.609702506268579150e-02
1.609702506268579150e-02
1.609702506268579150e-02
1.609702506268579150e-02
1.609702506268579150e-02
1.609702506268579150e-02
1.609702506268579150e-02
1.609702506268579150e-02
1.609702506268579150e-02
4.368935828963233133e-03
4.368935828963233133e-03
4.368935828963233133e-03
4.368935828963233133e-03
0.000000000000000000e+00
0.000000000000000000e+00
0.000000000000000000e+00
0.000000000000000000e+00
2.169042286997579280e-03
2.616167087193345744e-02
2.616167087193345744e-02
2.616167087193345744e-02
2.616167087193345744e-02
0.000000000000000000e+00
0.000000000000000000e+00
1.000203386481810994e-02
4.733858202545409774e-03
4.733858202545409774e-03
4.733858202545409774e-03
4.733858202545409774e-03
4.733858202545409774e-03
4.733858202545409774e-03
4.733858202545409774e-03
1.559937895721844568e-02
6.368275131467161440e-03
6.368275131467161440e-03
1.174155377204990497e-02
1.174155377204990497e-02
1.174155377204990497e-02
1.174155377204990497e-02
1.813073148619539013e-02
0.000000000000000000e+00
0.000000000000000000e+00
1.085069496881734680e-02
1.085069496881734680e-02
0.000000000000000000e+00
2.101542225665582395e-02
6.491703251929068462e-03
6.491703251929068462e-03
1.939506330443895032e-02
3.171320001602079969e-02
1.285123407795017367e-02
1.285123407795017367e-02
4.147632194536223123e-03
3.971661240335905979e-02
1.416723314642252297e-02
1.416723314642252297e-02
1.416723314642252297e-02
1.416723314642252297e-02
1.416723314642252297e-02
1.416723314642252297e-02
1.416723314642252297e-02
1.416723314642252297e-02
2.623168314061945922e-02
2.623168314061945922e-02
1.494435288238134653e-03
8.269093908522403072e-03
8.269093908522403072e-03
2.670682518185130486e-02
4.282847801970776636e-02
4.282847801970776636e-02
4.282847801970776636e-02
3.951407589205141457e-02
3.951407589205141457e-02
3.951407589205141457e-02
3.951407589205141457e-02
3.951407589205141457e-02
3.229624089277255243e-03
2.169042286997579280e-03
1.103760210372664759e-02
1.103760210372664759e-02
1.103760210372664759e-02
1.103760210372664759e-02
0.000000000000000000e+00
0.000000000000000000e+00
0.000000000000000000e+00
0.000000000000000000e+00
0.000000000000000000e+00
0.000000000000000000e+00
0.000000000000000000e+00
6.085534904560896408e-02
6.085534904560896408e-02
6.085534904560896408e-02
6.085534904560896408e-02
6.085534904560896408e-02
6.085534904560896408e-02
6.085534904560896408e-02
6.085534904560896408e-02
6.085534904560896408e-02
6.085534904560896408e-02
6.085534904560896408e-02
6.085534904560896408e-02
3.971661240335905979e-02
3.971661240335905979e-02
3.551920684544230405e-02
3.551920684544230405e-02
7.034385054554637487e-03
2.607875662361324592e-03
2.607875662361324592e-03
2.607875662361324592e-03
5.655829938076267077e-03
1.047820488663291950e-02
1.047820488663291950e-02
1.047820488663291950e-02
1.047820488663291950e-02
2.622894142296035378e-03
5.530079492197237232e-05
5.530079492197237232e-05
5.530079492197237232e-05
5.530079492197237232e-05
2.271462903249651596e-02
2.271462903249651596e-02
2.271462903249651596e-02
2.271462903249651596e-02
2.271462903249651596e-02
2.271462903249651596e-02
2.271462903249651596e-02
2.271462903249651596e-02
2.622056671691562479e-02
1.247500721428948696e-02
1.247500721428948696e-02
1.247500721428948696e-02
1.247500721428948696e-02
1.247500721428948696e-02
1.247500721428948696e-02
2.316095017961977698e-02
2.316095017961977698e-02
2.316095017961977698e-02
2.316095017961977698e-02
1.336081457663604657e-02
1.336081457663604657e-02
1.336081457663604657e-02
1.336081457663604657e-02
1.336081457663604657e-02
1.336081457663604657e-02
1.336081457663604657e-02
1.336081457663604657e-02
1.336081457663604657e-02
1.336081457663604657e-02
1.336081457663604657e-02
9.082790365545084788e-02
9.082790365545084788e-02
9.082790365545084788e-02
9.082790365545084788e-02
2.305486711941938383e-03
5.584126949523780803e-03
5.584126949523780803e-03
6.033499424188013167e-03
4.786906553751432356e-03
4.786906553751432356e-03
4.786906553751432356e-03
4.786906553751432356e-03
4.786906553751432356e-03
4.786906553751432356e-03
4.786906553751432356e-03
4.786906553751432356e-03
4.786906553751432356e-03
4.786906553751432356e-03
4.786906553751432356e-03
9.581889960120557395e-03
1.024955339142380809e-02
1.024955339142380809e-02
1.024955339142380809e-02
1.024955339142380809e-02
1.024955339142380809e-02
1.024955339142380809e-02
0.000000000000000000e+00
0.000000000000000000e+00
0.000000000000000000e+00
1.093117288943828503e-03
1.093117288943828503e-03
1.093117288943828503e-03
1.095666857755974583e-02
2.569237928178535156e-03
2.569237928178535156e-03
2.569237928178535156e-03
2.569237928178535156e-03
2.569237928178535156e-03
2.569237928178535156e-03
2.569237928178535156e-03
2.569237928178535156e-03
2.569237928178535156e-03
2.569237928178535156e-03
2.569237928178535156e-03
2.569237928178535156e-03
2.672041429864593226e-02
2.672041429864593226e-02
2.672041429864593226e-02
2.672041429864593226e-02
0.000000000000000000e+00
0.000000000000000000e+00
0.000000000000000000e+00
0.000000000000000000e+00
0.000000000000000000e+00
0.000000000000000000e+00
0.000000000000000000e+00
0.000000000000000000e+00
0.000000000000000000e+00
0.000000000000000000e+00
2.431984850006663201e-02
2.431984850006663201e-02
2.431984850006663201e-02
2.431984850006663201e-02
8.122907896354796334e-03
0.000000000000000000e+00
0.000000000000000000e+00
1.771746210038591812e-02
1.771746210038591812e-02
1.771746210038591812e-02
1.771746210038591812e-02
1.771746210038591812e-02
1.771746210038591812e-02
1.771746210038591812e-02
1.771746210038591812e-02
1.771746210038591812e-02
1.771746210038591812e-02
1.771746210038591812e-02
1.771746210038591812e-02
5.243621024018115147e-03
5.243621024018115147e-03
1.228746704555687061e-02
2.386458638393699691e-02
2.386458638393699691e-02
2.386458638393699691e-02
2.386458638393699691e-02
3.171320001602079969e-02
1.719506370209903864e-02
1.719506370209903864e-02
2.015863374356325483e-02
8.649166406505095009e-03
8.649166406505095009e-03
2.537945784422302939e-02
1.325735786428064444e-02
1.325735786428064444e-02
1.325735786428064444e-02
1.325735786428064444e-02
1.325735786428064444e-02
1.325735786428064444e-02
2.753401449023867072e-03
1.122977037691252553e-02
3.695002781245757678e-02
3.358191938736216492e-02
3.358191938736216492e-02
3.358191938736216492e-02
3.358191938736216492e-02
3.358191938736216492e-02
3.358191938736216492e-02
3.358191938736216492e-02
3.358191938736216492e-02
3.358191938736216492e-02
1.278318900748101616e-02
2.814838594221194448e-03
2.814838594221194448e-03
2.716350822302256163e-02
2.716350822302256163e-02
2.716350822302256163e-02
2.716350822302256163e-02
2.716350822302256163e-02
2.716350822302256163e-02
2.716350822302256163e-02
2.716350822302256163e-02
2.716350822302256163e-02
2.716350822302256163e-02
2.716350822302256163e-02
2.716350822302256163e-02
0.000000000000000000e+00
1.042735230228414300e-02
1.199454139177678035e-02
1.127774925892235935e-02
1.127774925892235935e-02
1.127774925892235935e-02
1.162143242124487330e-02
8.220880925638324524e-03
8.220880925638324524e-03
8.220880925638324524e-03
8.220880925638324524e-03
8.220880925638324524e-03
8.220880925638324524e-03
9.439210307784495768e-03
2.699436973808084020e-02
2.699436973808084020e-02
6.446566314200857968e-03
6.446566314200857968e-03
6.446566314200857968e-03
6.446566314200857968e-03
1.051662660046828041e-02
3.205026091178986292e-02
2.492455388563824883e-02
2.492455388563824883e-02
2.492455388563824883e-02
2.492455388563824883e-02
2.492455388563824883e-02
2.492455388563824883e-02
1.695180902911339049e-02
2.040258821122834659e-02
6.059922279038629581e-03
6.059922279038629581e-03
6.059922279038629581e-03
6.059922279038629581e-03
2.291986552200625180e-02
1.695108872426752400e-02
8.090364291401986804e-03
8.090364291401986804e-03
5.056190745801047992e-03
5.056190745801047992e-03
0.000000000000000000e+00
0.000000000000000000e+00
0.000000000000000000e+00
8.423534140648964580e-03
1.811448737656098928e-02
1.811448737656098928e-02
0.000000000000000000e+00
0.000000000000000000e+00
0.000000000000000000e+00
9.955055730914501647e-03
9.955055730914501647e-03
1.749741194363401212e-02
1.749741194363401212e-02
1.505130413580676139e-03
2.650683517623677807e-02
2.650683517623677807e-02
2.305486711941938383e-03
3.074837224797812713e-03
3.074837224797812713e-03
3.074837224797812713e-03
3.074837224797812713e-03
3.074837224797812713e-03
3.074837224797812713e-03
3.074837224797812713e-03
3.074837224797812713e-03
3.074837224797812713e-03
3.074837224797812713e-03
3.074837224797812713e-03
3.074837224797812713e-03
0.000000000000000000e+00
0.000000000000000000e+00
0.000000000000000000e+00
0.000000000000000000e+00
0.000000000000000000e+00
0.000000000000000000e+00
0.000000000000000000e+00
1.951043861688655720e-02
1.951043861688655720e-02
0.000000000000000000e+00
0.000000000000000000e+00
0.000000000000000000e+00
0.000000000000000000e+00
0.000000000000000000e+00
0.000000000000000000e+00
0.000000000000000000e+00
0.000000000000000000e+00
0.000000000000000000e+00
0.000000000000000000e+00
0.000000000000000000e+00
8.270481387763565714e-03
0.000000000000000000e+00
0.000000000000000000e+00
0.000000000000000000e+00
0.000000000000000000e+00
0.000000000000000000e+00
0.000000000000000000e+00
0.000000000000000000e+00
5.213037075471820686e-02
5.213037075471820686e-02
5.213037075471820686e-02
5.213037075471820686e-02
5.213037075471820686e-02
5.213037075471820686e-02
1.813073148619539013e-02
0.000000000000000000e+00
0.000000000000000000e+00
0.000000000000000000e+00
0.000000000000000000e+00
0.000000000000000000e+00
0.000000000000000000e+00
0.000000000000000000e+00
0.000000000000000000e+00
4.998845426111742790e-02
4.998845426111742790e-02
4.998845426111742790e-02
4.998845426111742790e-02
4.998845426111742790e-02
4.998845426111742790e-02
4.998845426111742790e-02
4.998845426111742790e-02
4.998845426111742790e-02
4.998845426111742790e-02
4.998845426111742790e-02
4.998845426111742790e-02
4.998845426111742790e-02
6.387569009271452589e-03
1.047579610679517763e-02
1.047579610679517763e-02
1.047579610679517763e-02
1.695108872426752400e-02
1.435274627541606408e-03
1.435274627541606408e-03
1.435274627541606408e-03
1.435274627541606408e-03
1.435274627541606408e-03
1.435274627541606408e-03
1.435274627541606408e-03
1.435274627541606408e-03
1.435274627541606408e-03
1.435274627541606408e-03
0.000000000000000000e+00
0.000000000000000000e+00
1.045064256827398820e-02
9.561594890534317812e-03
9.561594890534317812e-03
9.561594890534317812e-03
9.561594890534317812e-03
9.561594890534317812e-03
9.561594890534317812e-03
4.509291116407137742e-03
4.509291116407137742e-03
4.509291116407137742e-03
4.509291116407137742e-03
4.509291116407137742e-03
4.509291116407137742e-03
4.509291116407137742e-03
4.509291116407137742e-03
4.509291116407137742e-03
4.509291116407137742e-03
4.509291116407137742e-03
1.045064256827398820e-02
6.524741654236690565e-03
6.524741654236690565e-03
6.524741654236690565e-03
6.524741654236690565e-03
1.292486092151726856e-02
9.333235144047885221e-03
9.333235144047885221e-03
2.670682518185130486e-02
3.350896629022659390e-02
3.350896629022659390e-02
3.350896629022659390e-02
3.350896629022659390e-02
3.350896629022659390e-02
3.350896629022659390e-02
2.786494578316390733e-02
3.464928189921009233e-02
3.464928189921009233e-02
1.068597330140526325e-02
8.040874552362601776e-03
8.040874552362601776e-03
8.040874552362601776e-03
8.040874552362601776e-03
8.040874552362601776e-03
8.040874552362601776e-03
8.040874552362601776e-03
9.439210307784495768e-03
9.439210307784495768e-03
9.439210307784495768e-03
1.278318900748101616e-02
1.339972188623763175e-02
1.339972188623763175e-02
1.339972188623763175e-02
1.339972188623763175e-02
1.339972188623763175e-02
1.339972188623763175e-02
0.000000000000000000e+00
0.000000000000000000e+00
1.554293527017776115e-02
1.554293527017776115e-02
3.826195516991261203e-02
1.292486092151726856e-02
1.420465200955955964e-02
1.420465200955955964e-02
1.421395509916114838e-02
1.421395509916114838e-02
1.421395509916114838e-02
1.421395509916114838e-02
1.421395509916114838e-02
1.421395509916114838e-02
1.421395509916114838e-02
1.421395509916114838e-02
1.421395509916114838e-02
1.421395509916114838e-02
1.421395509916114838e-02
1.421395509916114838e-02
1.421395509916114838e-02
5.350475906481672863e-04
3.519332926420829823e-03
3.611205425874683319e-03
3.119268942356259733e-02
2.415993854650883357e-02
2.415993854650883357e-02
1.645205109254140735e-02
4.172108696281095347e-02
4.172108696281095347e-02
4.172108696281095347e-02
9.488061289293322695e-03
0.000000000000000000e+00
0.000000000000000000e+00
5.601039684484235975e-02
1.842792067120013408e-02
1.842792067120013408e-02
1.842792067120013408e-02
1.842792067120013408e-02
1.534097067627049251e-03
1.534097067627049251e-03
1.534097067627049251e-03
1.534097067627049251e-03
1.068597330140526325e-02
1.068597330140526325e-02
1.228746704555687061e-02
1.228746704555687061e-02
1.228746704555687061e-02
1.228746704555687061e-02
1.228746704555687061e-02
1.228746704555687061e-02
0.000000000000000000e+00
0.000000000000000000e+00
0.000000000000000000e+00
0.000000000000000000e+00
3.349618244269221556e-02
3.638313648305279563e-02
1.301418343191722282e-02
0.000000000000000000e+00
0.000000000000000000e+00
0.000000000000000000e+00
0.000000000000000000e+00
5.473069712965402539e-02
4.605088975660745487e-02
4.605088975660745487e-02
1.959872450957580829e-03
1.850711339663231592e-02
1.850711339663231592e-02
1.850711339663231592e-02
2.346800029930256118e-02
2.346800029930256118e-02
2.346800029930256118e-02
2.346800029930256118e-02
2.346800029930256118e-02
2.346800029930256118e-02
2.767817702188128930e-03
3.302335423177545949e-03
3.302335423177545949e-03
0.000000000000000000e+00
0.000000000000000000e+00
2.525524560639227575e-02
2.525524560639227575e-02
2.525524560639227575e-02
0.000000000000000000e+00
7.410943049119409626e-03
7.410943049119409626e-03
7.410943049119409626e-03
7.410943049119409626e-03
7.410943049119409626e-03
1.729804066433129547e-02
1.077833807152816549e-02
1.077833807152816549e-02
1.077833807152816549e-02
1.077833807152816549e-02
1.077833807152816549e-02
1.077833807152816549e-02
1.123486920154215989e-03
1.123486920154215989e-03
1.123486920154215989e-03
1.123486920154215989e-03
5.601039684484235975e-02
1.078351326323819317e-02
2.767817702188128930e-03
2.500305694133781245e-03
2.500305694133781245e-03
2.500305694133781245e-03
2.500305694133781245e-03
2.500305694133781245e-03
2.500305694133781245e-03
2.500305694133781245e-03
2.500305694133781245e-03
1.112932287905093326e-02
0.000000000000000000e+00
0.000000000000000000e+00
0.000000000000000000e+00
0.000000000000000000e+00
0.000000000000000000e+00
0.000000000000000000e+00
1.978246368933348973e-02
1.978246368933348973e-02
4.163090101526824988e-02
4.163090101526824988e-02
1.732102133410178338e-02
4.334522463855980043e-03
2.817084074622180218e-02
4.334522463855980043e-03
4.334522463855980043e-03
4.334522463855980043e-03
4.334522463855980043e-03
4.334522463855980043e-03
3.307159652115997540e-03
1.556870030743633636e-02
1.556870030743633636e-02
1.078351326323819317e-02
1.078351326323819317e-02
1.078351326323819317e-02
1.078351326323819317e-02
1.078351326323819317e-02
0.000000000000000000e+00
0.000000000000000000e+00
0.000000000000000000e+00
5.107041065866459867e-02
5.309536822035829280e-03
1.726957202006168882e-02
1.726957202006168882e-02
1.726957202006168882e-02
1.726957202006168882e-02
1.726957202006168882e-02
1.726957202006168882e-02
0.000000000000000000e+00
0.000000000000000000e+00
6.132875585594449105e-03
6.132875585594449105e-03
6.132875585594449105e-03
6.132875585594449105e-03
6.738504884253135319e-03
6.738504884253135319e-03
6.738504884253135319e-03
6.738504884253135319e-03
7.248694510561926908e-03
1.772391303486849437e-02
1.772391303486849437e-02
1.772391303486849437e-02
1.772391303486849437e-02
1.772391303486849437e-02
1.772391303486849437e-02
1.772391303486849437e-02
1.772391303486849437e-02
1.000370460161154919e-02
2.578310082225175603e-02
2.578310082225175603e-02
1.645934779832351627e-03
7.808501698244400477e-03
7.808501698244400477e-03
7.808501698244400477e-03
7.808501698244400477e-03
1.732102133410178338e-02
1.732102133410178338e-02
1.732102133410178338e-02
1.732102133410178338e-02
1.732102133410178338e-02
1.732102133410178338e-02
1.732102133410178338e-02
1.732102133410178338e-02
2.537945784422302939e-02
2.537945784422302939e-02
2.537945784422302939e-02
2.537945784422302939e-02
2.537945784422302939e-02
2.537945784422302939e-02
1.049759609819125167e-02
1.049759609819125167e-02
1.049759609819125167e-02
2.253498057212335610e-03
8.584032264453289249e-03
8.584032264453289249e-03
8.584032264453289249e-03
8.584032264453289249e-03
8.584032264453289249e-03
8.584032264453289249e-03
8.584032264453289249e-03
1.768503612764244295e-02
8.122907896354796334e-03
9.418511509138596804e-03
9.418511509138596804e-03
9.418511509138596804e-03
9.418511509138596804e-03
9.418511509138596804e-03
9.418511509138596804e-03
2.148027536182634326e-02
2.148027536182634326e-02
2.148027536182634326e-02
2.148027536182634326e-02
2.148027536182634326e-02
8.577127414383158358e-03
8.577127414383158358e-03
8.577127414383158358e-03
8.577127414383158358e-03
8.577127414383158358e-03
8.577127414383158358e-03
8.577127414383158358e-03
8.577127414383158358e-03
8.577127414383158358e-03
8.577127414383158358e-03
8.577127414383158358e-03
3.082143778622766818e-03
1.407780728861101303e-02
1.407780728861101303e-02
1.407780728861101303e-02
1.407780728861101303e-02
2.391692592079622953e-02
2.391692592079622953e-02
5.473069712965402539e-02
7.034385054554637487e-03
7.034385054554637487e-03
9.995912945411494777e-03
9.995912945411494777e-03
5.162633996156239767e-03
2.664346589493626818e-03
2.664346589493626818e-03
2.670682518185130486e-02
2.670682518185130486e-02
3.181504921542940151e-02
2.670682518185130486e-02
2.670682518185130486e-02
2.818358487019112513e-02
9.708103944687417747e-03
4.412133757187146690e-03
2.369659130579929857e-02
9.181919199723522634e-03
9.181919199723522634e-03
3.290445188632477175e-02
9.982387547198811120e-03
9.982387547198811120e-03
9.982387547198811120e-03
9.982387547198811120e-03
9.982387547198811120e-03
9.982387547198811120e-03
0.000000000000000000e+00
0.000000000000000000e+00
2.127904708395856118e-02
4.819692316038628847e-03
4.819692316038628847e-03
4.819692316038628847e-03
4.819692316038628847e-03
3.342637131369818534e-03
3.342637131369818534e-03
3.342637131369818534e-03
3.342637131369818534e-03
3.342637131369818534e-03
3.342637131369818534e-03
3.342637131369818534e-03
3.342637131369818534e-03
9.581889960120557395e-03
9.797069233894251453e-03
9.797069233894251453e-03
9.797069233894251453e-03
9.797069233894251453e-03
9.797069233894251453e-03
8.762507675677017049e-03
8.762507675677017049e-03
8.762507675677017049e-03
8.762507675677017049e-03
8.762507675677017049e-03
1.630180869976129284e-03
5.730233692048337414e-03
5.730233692048337414e-03
5.730233692048337414e-03
5.730233692048337414e-03
5.730233692048337414e-03
5.730233692048337414e-03
5.730233692048337414e-03
5.730233692048337414e-03
0.000000000000000000e+00
0.000000000000000000e+00
8.061471455378693696e-03
8.061471455378693696e-03
8.061471455378693696e-03
8.061471455378693696e-03
0.000000000000000000e+00
0.000000000000000000e+00
0.000000000000000000e+00
0.000000000000000000e+00
0.000000000000000000e+00
0.000000000000000000e+00
5.444138426077977863e-03
3.729931756695754365e-03
3.729931756695754365e-03
3.729931756695754365e-03
3.729931756695754365e-03
3.729931756695754365e-03
3.729931756695754365e-03
3.729931756695754365e-03
0.000000000000000000e+00
0.000000000000000000e+00
0.000000000000000000e+00
0.000000000000000000e+00
0.000000000000000000e+00
0.000000000000000000e+00
0.000000000000000000e+00
0.000000000000000000e+00
0.000000000000000000e+00
0.000000000000000000e+00
3.181504921542940151e-02
0.000000000000000000e+00
0.000000000000000000e+00
5.777574436504231796e-03
0.000000000000000000e+00
0.000000000000000000e+00
0.000000000000000000e+00
0.000000000000000000e+00
1.179687251168614129e-02
1.179687251168614129e-02
1.179687251168614129e-02
1.179687251168614129e-02
0.000000000000000000e+00
1.558202177700554643e-02
2.682540018048039376e-02
1.558202177700554643e-02
2.668303596480670753e-02
1.558202177700554643e-02
1.558202177700554643e-02
1.558202177700554643e-02
1.558202177700554643e-02
1.558202177700554643e-02
1.793174912618089242e-02
0.000000000000000000e+00
0.000000000000000000e+00
1.205796001878271968e-02
1.202292927108665477e-02
1.202292927108665477e-02
2.668303596480670753e-02
1.235687813176293906e-02
2.203881242764333531e-02
2.203881242764333531e-02
7.112402661028761550e-03
7.112402661028761550e-03
1.738478371537547848e-02
1.738478371537547848e-02
0.000000000000000000e+00
0.000000000000000000e+00
0.000000000000000000e+00
0.000000000000000000e+00
0.000000000000000000e+00
0.000000000000000000e+00
0.000000000000000000e+00
1.755300210982890796e-02
2.914769484798609891e-03
9.212718338643486465e-03
9.212718338643486465e-03
9.212718338643486465e-03
9.212718338643486465e-03
9.212718338643486465e-03
9.212718338643486465e-03
1.132063489096744521e-02
1.132063489096744521e-02
1.132063489096744521e-02
1.132063489096744521e-02
1.132063489096744521e-02
1.132063489096744521e-02
7.622141179427502182e-03
7.622141179427502182e-03
7.622141179427502182e-03
7.622141179427502182e-03
0.000000000000000000e+00
0.000000000000000000e+00
4.852167849589396342e-03
8.074986064477646455e-03
4.000028313791145762e-02
4.000028313791145762e-02
4.000028313791145762e-02
4.000028313791145762e-02
4.000028313791145762e-02
4.000028313791145762e-02
4.000028313791145762e-02
4.000028313791145762e-02
4.000028313791145762e-02
4.000028313791145762e-02
4.000028313791145762e-02
1.453988867714825321e-02
2.362057893590851707e-02
2.362057893590851707e-02
4.588520402630438810e-02
4.541667444854775165e-02
4.541667444854775165e-02
4.541667444854775165e-02
4.541667444854775165e-02
4.541667444854775165e-02
4.541667444854775165e-02
4.541667444854775165e-02
4.541667444854775165e-02
4.541667444854775165e-02
4.541667444854775165e-02
4.541667444854775165e-02
4.541667444854775165e-02
4.541667444854775165e-02
4.541667444854775165e-02
4.541667444854775165e-02
4.541667444854775165e-02
4.541667444854775165e-02
4.541667444854775165e-02
4.541667444854775165e-02
4.541667444854775165e-02
4.541667444854775165e-02
4.541667444854775165e-02
4.541667444854775165e-02
4.541667444854775165e-02
4.541667444854775165e-02
4.541667444854775165e-02
4.541667444854775165e-02
4.541667444854775165e-02
4.541667444854775165e-02
4.541667444854775165e-02
4.541667444854775165e-02
4.541667444854775165e-02
4.541667444854775165e-02
4.541667444854775165e-02
4.541667444854775165e-02
4.541667444854775165e-02
2.065519973225336120e-02
2.065519973225336120e-02
1.125438148888840799e-02
1.601069939764141262e-02
1.601069939764141262e-02
1.601069939764141262e-02
1.601069939764141262e-02
2.132699793713004055e-02
1.403202219027820455e-02
1.403202219027820455e-02
2.569583805363461620e-02
2.569583805363461620e-02
4.549029356749709208e-03
5.147585186685845263e-03
5.147585186685845263e-03
5.147585186685845263e-03
5.147585186685845263e-03
2.942651628635130009e-02
3.891436124463507062e-02
3.891436124463507062e-02
3.891436124463507062e-02
3.891436124463507062e-02
1.630180869976129284e-03
1.630180869976129284e-03
4.665715020164279067e-03
7.849460000984335387e-04
8.478938572166251977e-03
0.000000000000000000e+00
0.000000000000000000e+00
5.143647239035805362e-03
2.579610309418379783e-03
2.579610309418379783e-03
2.579610309418379783e-03
2.579610309418379783e-03
2.579610309418379783e-03
2.579610309418379783e-03
2.579610309418379783e-03
2.579610309418379783e-03
2.579610309418379783e-03
2.579610309418379783e-03
2.579610309418379783e-03
2.579610309418379783e-03
2.579610309418379783e-03
2.579610309418379783e-03
2.579610309418379783e-03
2.579610309418379783e-03
2.579610309418379783e-03
2.579610309418379783e-03
7.586950970887143542e-03
7.586950970887143542e-03
7.586950970887143542e-03
7.586950970887143542e-03
7.586950970887143542e-03
7.586950970887143542e-03
7.586950970887143542e-03
7.586950970887143542e-03
7.586950970887143542e-03
7.586950970887143542e-03
1.829333242090276992e-02
1.829333242090276992e-02
2.353260815930705192e-03
8.155005243193248418e-03
2.353260815930705192e-03
2.353260815930705192e-03
2.353260815930705192e-03
2.353260815930705192e-03
2.353260815930705192e-03
8.155005243193248418e-03
8.155005243193248418e-03
8.155005243193248418e-03
8.155005243193248418e-03
8.155005243193248418e-03
0.000000000000000000e+00
0.000000000000000000e+00
0.000000000000000000e+00
0.000000000000000000e+00
0.000000000000000000e+00
1.350711406312100817e-03
1.015312455631486345e-02
1.468115737010184090e-03
1.468115737010184090e-03
1.468115737010184090e-03
4.006005418434258752e-02
2.664667920956076408e-02
1.380917440876027608e-02
7.520034785814411898e-03
7.520034785814411898e-03
1.385189613752960992e-02
0.000000000000000000e+00
0.000000000000000000e+00
3.003854721374315997e-04
3.003854721374315997e-04
3.003854721374315997e-04
3.003854721374315997e-04
3.003854721374315997e-04
3.003854721374315997e-04
3.003854721374315997e-04
3.003854721374315997e-04
7.406514072424101591e-02
1.505130413580676139e-03
1.505130413580676139e-03
1.505130413580676139e-03
1.385189613752960992e-02
1.385189613752960992e-02
1.385189613752960992e-02
1.385189613752960992e-02
1.385189613752960992e-02
1.385189613752960992e-02
0.000000000000000000e+00
0.000000000000000000e+00
0.000000000000000000e+00
0.000000000000000000e+00
0.000000000000000000e+00
9.364174304858918774e-03
9.364174304858918774e-03
9.364174304858918774e-03
9.364174304858918774e-03
2.015863374356325483e-02
2.015863374356325483e-02
2.015863374356325483e-02
1.327041260109733389e-02
8.201437197233521839e-03
8.201437197233521839e-03
8.201437197233521839e-03
8.201437197233521839e-03
8.201437197233521839e-03
2.905634577599008807e-03
5.143647239035805362e-03
5.143647239035805362e-03
5.143647239035805362e-03
5.143647239035805362e-03
4.425283601595034547e-03
8.232829049601993188e-03
1.212320631473470453e-02
1.212320631473470453e-02
1.212320631473470453e-02
1.212320631473470453e-02
1.224539417278368639e-02
0.000000000000000000e+00
0.000000000000000000e+00
0.000000000000000000e+00
0.000000000000000000e+00
1.446545627373358595e-02
1.446545627373358595e-02
0.000000000000000000e+00
0.000000000000000000e+00
1.459231109901741770e-02
3.066529525550154567e-02
3.066529525550154567e-02
3.066529525550154567e-02
3.066529525550154567e-02
1.266942437910215623e-02
2.744505976857561803e-03
2.744505976857561803e-03
2.744505976857561803e-03
2.744505976857561803e-03
2.744505976857561803e-03
2.744505976857561803e-03
5.640491957381679224e-03
5.640491957381679224e-03
5.640491957381679224e-03
5.640491957381679224e-03
5.640491957381679224e-03
5.640491957381679224e-03
1.068145199748432583e-02
1.068145199748432583e-02
5.108428266360757163e-03
5.108428266360757163e-03
1.118532828381419743e-02
1.118532828381419743e-02
1.118532828381419743e-02
1.118532828381419743e-02
3.193733867525778026e-03
1.205796001878271968e-02
1.324011659797774861e-02
1.324011659797774861e-02
1.324011659797774861e-02
1.324011659797774861e-02
1.324011659797774861e-02
1.324011659797774861e-02
1.324011659797774861e-02
1.324011659797774861e-02
0.000000000000000000e+00
0.000000000000000000e+00
0.000000000000000000e+00
0.000000000000000000e+00
1.497879190020809034e-02
1.497879190020809034e-02
1.497879190020809034e-02
1.497879190020809034e-02
2.259420743595627612e-02
2.259420743595627612e-02
9.921712872229022581e-03
1.121114903058933500e-03
1.121114903058933500e-03
1.121114903058933500e-03
1.121114903058933500e-03
1.121114903058933500e-03
1.121114903058933500e-03
1.121114903058933500e-03
1.121114903058933500e-03
4.498156059511563762e-03
4.498156059511563762e-03
4.498156059511563762e-03
4.498156059511563762e-03
4.498156059511563762e-03
4.498156059511563762e-03
4.498156059511563762e-03
4.498156059511563762e-03
4.498156059511563762e-03
4.498156059511563762e-03
4.498156059511563762e-03
4.498156059511563762e-03
4.498156059511563762e-03
4.498156059511563762e-03
5.198869840863460517e-03
1.679445496320604303e-02
1.679445496320604303e-02
1.679445496320604303e-02
1.679445496320604303e-02
0.000000000000000000e+00
0.000000000000000000e+00
0.000000000000000000e+00
0.000000000000000000e+00
0.000000000000000000e+00
0.000000000000000000e+00
0.000000000000000000e+00
2.998298106203403646e-03
2.998298106203403646e-03
1.224923353525651272e-02
1.224923353525651272e-02
1.224923353525651272e-02
1.224923353525651272e-02
1.224923353525651272e-02
1.224923353525651272e-02
1.224923353525651272e-02
1.224923353525651272e-02
1.224923353525651272e-02
1.224923353525651272e-02
1.224923353525651272e-02
1.373227498844385892e-02
1.959872450957580829e-03
1.959872450957580829e-03
1.959872450957580829e-03
2.042355885495591300e-02
9.921712872229022581e-03
1.479321251868000327e-04
1.479321251868000327e-04
1.479321251868000327e-04
1.479321251868000327e-04
1.479321251868000327e-04
1.479321251868000327e-04
1.479321251868000327e-04
1.479321251868000327e-04
1.479321251868000327e-04
1.479321251868000327e-04
1.479321251868000327e-04
1.479321251868000327e-04
1.479321251868000327e-04
1.064417110027223758e-02
1.064417110027223758e-02
1.064417110027223758e-02
1.064417110027223758e-02
1.064417110027223758e-02
1.064417110027223758e-02
2.285960465380767678e-02
2.285960465380767678e-02
2.285960465380767678e-02
2.285960465380767678e-02
2.285960465380767678e-02
2.285960465380767678e-02
2.285960465380767678e-02
2.285960465380767678e-02
2.585731769460029167e-02
0.000000000000000000e+00
1.432270754251847855e-02
0.000000000000000000e+00
0.000000000000000000e+00
0.000000000000000000e+00
0.000000000000000000e+00
0.000000000000000000e+00
0.000000000000000000e+00
4.006005418434258752e-02
4.006005418434258752e-02
4.006005418434258752e-02
4.006005418434258752e-02
4.006005418434258752e-02
4.006005418434258752e-02
4.006005418434258752e-02
4.006005418434258752e-02
2.755537445353775997e-02
0.000000000000000000e+00
0.000000000000000000e+00
0.000000000000000000e+00
0.000000000000000000e+00
4.375687374799104579e-03
2.386764906117981588e-02
8.221862300951995883e-03
8.221862300951995883e-03
1.755238290156225546e-03
2.853535033040653472e-03
2.853535033040653472e-03
2.853535033040653472e-03
2.853535033040653472e-03
2.853535033040653472e-03
2.853535033040653472e-03
2.853535033040653472e-03
2.853535033040653472e-03
4.079863367245698674e-02
2.585731769460029167e-02
2.615758644780044606e-02
2.615758644780044606e-02
2.069805516231864456e-02
1.472357357580775065e-02
1.472357357580775065e-02
4.375687374799104579e-03
4.375687374799104579e-03
4.375687374799104579e-03
4.375687374799104579e-03
4.678503650283948739e-03
4.678503650283948739e-03
4.290040653373960143e-03
8.887395733147944454e-03
8.887395733147944454e-03
8.887395733147944454e-03
8.887395733147944454e-03
8.887395733147944454e-03
8.887395733147944454e-03
0.000000000000000000e+00
0.000000000000000000e+00
0.000000000000000000e+00
9.542964707262614060e-03
9.542964707262614060e-03
0.000000000000000000e+00
1.160389468479651118e-02
1.160389468479651118e-02
1.160389468479651118e-02
1.160389468479651118e-02
1.160389468479651118e-02
1.160389468479651118e-02
1.160389468479651118e-02
1.160389468479651118e-02
1.160389468479651118e-02
1.160389468479651118e-02
1.976859044141477881e-02
4.426771047398896845e-05
4.426771047398896845e-05
7.032480251405689477e-03
3.920840322999946323e-03
3.920840322999946323e-03
0.000000000000000000e+00
0.000000000000000000e+00
1.110109308959262436e-03
8.242871390462697470e-03
8.242871390462697470e-03
2.004890685563596661e-02
4.626217035519400445e-02
4.626217035519400445e-02
3.996690816889417013e-03
3.996690816889417013e-03
3.996690816889417013e-03
3.996690816889417013e-03
9.214028834738877821e-03
2.029995932318997415e-02
2.029995932318997415e-02
2.029995932318997415e-02
2.029995932318997415e-02
2.029995932318997415e-02
2.029995932318997415e-02
2.660610557657495934e-02
1.976859044141477881e-02
1.272428055767363311e-03
2.940277525422373833e-03
2.940277525422373833e-03
2.940277525422373833e-03
2.940277525422373833e-03
2.940277525422373833e-03
2.940277525422373833e-03
2.940277525422373833e-03
2.940277525422373833e-03
9.089955679708798184e-03
9.089955679708798184e-03
0.000000000000000000e+00
0.000000000000000000e+00
0.000000000000000000e+00
0.000000000000000000e+00
0.000000000000000000e+00
0.000000000000000000e+00
0.000000000000000000e+00
0.000000000000000000e+00
0.000000000000000000e+00
0.000000000000000000e+00
0.000000000000000000e+00
0.000000000000000000e+00
0.000000000000000000e+00
2.952476360205407227e-02
2.952476360205407227e-02
2.952476360205407227e-02
2.952476360205407227e-02
2.952476360205407227e-02
2.952476360205407227e-02
1.752653905908546292e-02
1.110109308959262436e-03
4.225981899892337218e-02
4.225981899892337218e-02
4.225981899892337218e-02
4.225981899892337218e-02
2.912782825095044416e-03
2.004890685563596661e-02
0.000000000000000000e+00
2.518371716514411843e-02
2.518371716514411843e-02
2.518371716514411843e-02
2.660610557657495934e-02
2.660610557657495934e-02
2.660610557657495934e-02
2.660610557657495934e-02
2.660610557657495934e-02
2.660610557657495934e-02
2.660610557657495934e-02
2.660610557657495934e-02
2.660610557657495934e-02
2.660610557657495934e-02
1.609012414849262957e-03
1.609012414849262957e-03
7.154473263068677688e-03
7.154473263068677688e-03
7.154473263068677688e-03
7.154473263068677688e-03
7.154473263068677688e-03
7.154473263068677688e-03
1.562325133047014420e-03
1.562325133047014420e-03
1.562325133047014420e-03
1.562325133047014420e-03
1.562325133047014420e-03
1.562325133047014420e-03
1.562325133047014420e-03
1.562325133047014420e-03
1.562325133047014420e-03
1.562325133047014420e-03
1.453988867714825321e-02
1.356602623839260613e-02
1.356602623839260613e-02
1.356602623839260613e-02
1.356602623839260613e-02
1.356602623839260613e-02
1.356602623839260613e-02
1.356602623839260613e-02
1.356602623839260613e-02
1.752653905908546292e-02
1.752653905908546292e-02
1.752653905908546292e-02
1.752653905908546292e-02
1.752653905908546292e-02
1.752653905908546292e-02
1.752653905908546292e-02
1.752653905908546292e-02
1.752653905908546292e-02
1.752653905908546292e-02
6.196913344753072518e-03
2.305486711941938383e-03
2.305486711941938383e-03
6.196913344753072518e-03
1.228475316939799979e-02
1.228475316939799979e-02
1.228475316939799979e-02
1.228475316939799979e-02
1.228475316939799979e-02
1.228475316939799979e-02
4.319601968613356359e-03
2.419273015485374351e-02
2.419273015485374351e-02
2.419273015485374351e-02
2.419273015485374351e-02
6.660072988410268950e-03
1.665927737473209963e-02
1.665927737473209963e-02
1.279374472804818360e-04
8.413921302976452290e-04
2.438167508025628968e-02
2.438167508025628968e-02
6.660072988410268950e-03
0.000000000000000000e+00
1.523665565547177060e-02
1.523665565547177060e-02
1.523665565547177060e-02
1.523665565547177060e-02
1.523665565547177060e-02
1.342666249409368330e-02
1.342666249409368330e-02
1.342666249409368330e-02
1.342666249409368330e-02
1.342666249409368330e-02
1.342666249409368330e-02
1.342666249409368330e-02
1.342666249409368330e-02
1.342666249409368330e-02
1.342666249409368330e-02
1.342666249409368330e-02
0.000000000000000000e+00
0.000000000000000000e+00
6.461451433841972763e-03
6.461451433841972763e-03
6.461451433841972763e-03
6.461451433841972763e-03
6.461451433841972763e-03
6.461451433841972763e-03
6.461451433841972763e-03
6.461451433841972763e-03
6.461451433841972763e-03
6.461451433841972763e-03
6.461451433841972763e-03
6.461451433841972763e-03
6.461451433841972763e-03
8.197035251751522492e-03
1.717476730023786979e-02
1.717476730023786979e-02
1.695108872426752400e-02
0.000000000000000000e+00
0.000000000000000000e+00
0.000000000000000000e+00
0.000000000000000000e+00
0.000000000000000000e+00
4.626477851358152399e-02
4.626477851358152399e-02
4.626477851358152399e-02
4.626477851358152399e-02
7.055345205486319125e-03
2.431761371781120812e-02
2.431761371781120812e-02
2.431761371781120812e-02
2.431761371781120812e-02
2.431761371781120812e-02
2.431761371781120812e-02
2.431761371781120812e-02
2.431761371781120812e-02
2.431761371781120812e-02
2.431761371781120812e-02
4.387657052933793302e-03
1.598551525091990166e-02
1.598551525091990166e-02
3.508441137273338173e-02
3.508441137273338173e-02
2.051133598971808733e-02
1.734228926580384453e-02
1.734228926580384453e-02
2.469581709182456022e-02
2.469581709182456022e-02
3.307159652115997540e-03
3.307159652115997540e-03
3.307159652115997540e-03
3.307159652115997540e-03
3.307159652115997540e-03
3.307159652115997540e-03
3.307159652115997540e-03
3.307159652115997540e-03
3.307159652115997540e-03
3.307159652115997540e-03
1.275236467977302127e-02
8.943223540565450186e-03
8.943223540565450186e-03
8.943223540565450186e-03
8.943223540565450186e-03
8.943223540565450186e-03
8.943223540565450186e-03
8.943223540565450186e-03
8.943223540565450186e-03
5.099108700341021053e-03
2.127172306751470843e-02
2.127172306751470843e-02
2.127172306751470843e-02
2.127172306751470843e-02
2.127172306751470843e-02
2.127172306751470843e-02
4.037979129058964084e-02
0.000000000000000000e+00
0.000000000000000000e+00
0.000000000000000000e+00
0.000000000000000000e+00
1.090971904596619267e-02
1.090971904596619267e-02
1.090971904596619267e-02
1.090971904596619267e-02
1.090971904596619267e-02
1.090971904596619267e-02
1.090971904596619267e-02
1.090971904596619267e-02
1.090971904596619267e-02
1.090971904596619267e-02
1.090971904596619267e-02
1.090971904596619267e-02
1.044119146063897559e-02
3.313974789691709073e-03
3.119268942356259733e-02
3.119268942356259733e-02
3.119268942356259733e-02
1.963955209178276651e-02
9.966202541011971727e-03
9.966202541011971727e-03
9.966202541011971727e-03
9.966202541011971727e-03
9.966202541011971727e-03
9.966202541011971727e-03
9.966202541011971727e-03
9.966202541011971727e-03
2.148908606467694188e-02
1.923677820043935907e-02
1.923677820043935907e-02
1.923677820043935907e-02
1.053489314460288179e-02
0.000000000000000000e+00
0.000000000000000000e+00
0.000000000000000000e+00
0.000000000000000000e+00
0.000000000000000000e+00
0.000000000000000000e+00
0.000000000000000000e+00
0.000000000000000000e+00
0.000000000000000000e+00
1.052744941861985528e-02
8.239147246150303749e-03
8.239147246150303749e-03
8.239147246150303749e-03
8.239147246150303749e-03
8.239147246150303749e-03
8.239147246150303749e-03
8.239147246150303749e-03
8.239147246150303749e-03
8.239147246150303749e-03
8.239147246150303749e-03
8.239147246150303749e-03
8.239147246150303749e-03
8.239147246150303749e-03
8.239147246150303749e-03
8.239147246150303749e-03
8.239147246150303749e-03
8.239147246150303749e-03
1.331737470141024400e-02
8.211885811575633451e-03
8.211885811575633451e-03
8.211885811575633451e-03
8.211885811575633451e-03
8.211885811575633451e-03
8.211885811575633451e-03
2.242137351379360627e-02
2.242137351379360627e-02
2.242137351379360627e-02
2.242137351379360627e-02
0.000000000000000000e+00
1.710694954847549742e-02
1.710694954847549742e-02
1.710694954847549742e-02
1.710694954847549742e-02
1.710694954847549742e-02
1.710694954847549742e-02
1.710694954847549742e-02
1.710694954847549742e-02
2.369659130579929857e-02
2.369659130579929857e-02
2.369659130579929857e-02
2.369659130579929857e-02
2.369659130579929857e-02
2.369659130579929857e-02
2.369659130579929857e-02
2.369659130579929857e-02
2.369659130579929857e-02
2.369659130579929857e-02
2.369659130579929857e-02
2.369659130579929857e-02
2.369659130579929857e-02
2.369659130579929857e-02
2.369659130579929857e-02
2.369659130579929857e-02
0.000000000000000000e+00
0.000000000000000000e+00
2.223771108367500124e-02
0.000000000000000000e+00
0.000000000000000000e+00
8.995168689718571753e-03
2.523608769724537682e-03
2.523608769724537682e-03
2.523608769724537682e-03
2.523608769724537682e-03
2.523608769724537682e-03
2.523608769724537682e-03
8.197035251751522492e-03
9.264760315636059312e-03
9.264760315636059312e-03
4.314150549443236671e-02
4.314150549443236671e-02
4.314150549443236671e-02
4.314150549443236671e-02
7.756817009543017470e-03
7.756817009543017470e-03
7.756817009543017470e-03
7.756817009543017470e-03
7.756817009543017470e-03
7.756817009543017470e-03
7.756817009543017470e-03
7.756817009543017470e-03
7.756817009543017470e-03
7.756817009543017470e-03
1.524449416677565484e-02
1.357002432741809955e-02
1.357002432741809955e-02
1.357002432741809955e-02
1.357002432741809955e-02
3.695002781245757678e-02
3.695002781245757678e-02
3.349618244269221556e-02
3.349618244269221556e-02
3.349618244269221556e-02
3.349618244269221556e-02
3.349618244269221556e-02
3.349618244269221556e-02
3.349618244269221556e-02
3.349618244269221556e-02
3.349618244269221556e-02
3.349618244269221556e-02
2.635967991914468095e-02
2.223771108367500124e-02
8.197035251751522492e-03
8.197035251751522492e-03
8.197035251751522492e-03
8.197035251751522492e-03
8.197035251751522492e-03
8.197035251751522492e-03
8.197035251751522492e-03
1.718035186351009672e-02
1.718035186351009672e-02
1.718035186351009672e-02
1.718035186351009672e-02
1.718035186351009672e-02
1.718035186351009672e-02
1.718035186351009672e-02
1.718035186351009672e-02
1.769597543134740936e-04
1.769597543134740936e-04
1.769597543134740936e-04
1.769597543134740936e-04
2.076742077578992013e-02
2.534319070921584038e-02
2.534319070921584038e-02
7.079037844593186884e-03
7.079037844593186884e-03
7.079037844593186884e-03
7.079037844593186884e-03
7.605968260076378246e-03
2.127904708395856118e-02
1.459231109901741770e-02
1.459231109901741770e-02
1.459231109901741770e-02
1.459231109901741770e-02
1.459231109901741770e-02
1.459231109901741770e-02
1.459231109901741770e-02
1.459231109901741770e-02
4.037979129058964084e-02
4.037979129058964084e-02
4.037979129058964084e-02
4.037979129058964084e-02
4.037979129058964084e-02
4.037979129058964084e-02
4.037979129058964084e-02
4.037979129058964084e-02
4.037979129058964084e-02
4.037979129058964084e-02
3.332752160970243321e-02
7.180669035988828004e-03
7.180669035988828004e-03
6.128013359918027536e-03
1.755238290156225546e-03
1.755238290156225546e-03
8.523598076676056415e-03
8.523598076676056415e-03
1.964519593053037916e-02
1.388630964371700971e-02
1.388630964371700971e-02
1.388630964371700971e-02
1.388630964371700971e-02
1.453988867714825321e-02
1.453988867714825321e-02
1.453988867714825321e-02
1.453988867714825321e-02
1.453988867714825321e-02
7.605968260076378246e-03
7.605968260076378246e-03
7.605968260076378246e-03
7.605968260076378246e-03
7.605968260076378246e-03
7.605968260076378246e-03
7.605968260076378246e-03
2.612590333883238469e-03
2.612590333883238469e-03
2.612590333883238469e-03
2.612590333883238469e-03
2.612590333883238469e-03
2.612590333883238469e-03
4.143909815399616364e-02
5.022365037658674258e-02
5.022365037658674258e-02
1.974692027433798402e-02
8.005877095683261446e-03
8.005877095683261446e-03
8.005877095683261446e-03
0.000000000000000000e+00
3.332752160970243321e-02
1.334222984203034881e-02
1.334222984203034881e-02
7.745282366658209038e-03
7.745282366658209038e-03
7.745282366658209038e-03
7.745282366658209038e-03
7.745282366658209038e-03
7.745282366658209038e-03
7.745282366658209038e-03
7.745282366658209038e-03
7.745282366658209038e-03
7.745282366658209038e-03
2.360022069026242869e-02
2.360022069026242869e-02
5.569592791882355641e-03
8.183048609240078149e-04
8.183048609240078149e-04
8.183048609240078149e-04
8.183048609240078149e-04
0.000000000000000000e+00
0.000000000000000000e+00
0.000000000000000000e+00
0.000000000000000000e+00
0.000000000000000000e+00
0.000000000000000000e+00
0.000000000000000000e+00
0.000000000000000000e+00
3.193733867525778026e-03
3.193733867525778026e-03
3.193733867525778026e-03
3.193733867525778026e-03
3.193733867525778026e-03
3.193733867525778026e-03
4.522297588178973010e-02
4.522297588178973010e-02
4.522297588178973010e-02
4.522297588178973010e-02
6.532415148786491557e-03
1.015163235211086722e-02
1.015163235211086722e-02
1.015163235211086722e-02
1.015163235211086722e-02
6.532415148786491557e-03
3.404070008296475325e-02
3.404070008296475325e-02
3.404070008296475325e-02
3.404070008296475325e-02
6.235791065012889246e-03
9.767875027023635581e-03
1.023168303879847495e-02
1.023168303879847495e-02
2.563048321382682335e-02
2.583283685814468170e-02
2.583283685814468170e-02
0.000000000000000000e+00
0.000000000000000000e+00
0.000000000000000000e+00
0.000000000000000000e+00
0.000000000000000000e+00
0.000000000000000000e+00
0.000000000000000000e+00
0.000000000000000000e+00
0.000000000000000000e+00
0.000000000000000000e+00
0.000000000000000000e+00
8.977193125858526357e-03
8.977193125858526357e-03
1.808824531855168435e-02
2.946713231263389451e-02
2.946713231263389451e-02
2.946713231263389451e-02
2.946713231263389451e-02
2.946713231263389451e-02
2.946713231263389451e-02
2.946713231263389451e-02
2.946713231263389451e-02
2.946713231263389451e-02
2.946713231263389451e-02
4.692416687473920274e-03
4.692416687473920274e-03
4.692416687473920274e-03
4.692416687473920274e-03
4.692416687473920274e-03
4.692416687473920274e-03
4.692416687473920274e-03
4.692416687473920274e-03
2.309127351996556046e-05
2.309127351996556046e-05
2.309127351996556046e-05
2.309127351996556046e-05
2.309127351996556046e-05
2.309127351996556046e-05
2.309127351996556046e-05
2.309127351996556046e-05
2.309127351996556046e-05
2.309127351996556046e-05
2.309127351996556046e-05
2.309127351996556046e-05
2.309127351996556046e-05
2.309127351996556046e-05
2.309127351996556046e-05
0.000000000000000000e+00
1.164918043048267064e-02
1.164918043048267064e-02
8.595462507851828193e-03
8.595462507851828193e-03
2.110076505987242348e-02
3.847423071368955005e-02
1.167178760164054932e-02
2.044450388963910820e-02
2.753401449023867072e-03
2.753401449023867072e-03
2.753401449023867072e-03
1.235687813176293906e-02
3.092287190008587844e-03
3.092287190008587844e-03
2.094931485174287861e-03
2.040258821122834659e-02
1.979407782916473360e-02
1.979407782916473360e-02
1.979407782916473360e-02
1.979407782916473360e-02
8.423534140648964580e-03
8.423534140648964580e-03
8.423534140648964580e-03
8.423534140648964580e-03
8.423534140648964580e-03
8.423534140648964580e-03
8.423534140648964580e-03
8.423534140648964580e-03
8.423534140648964580e-03
8.423534140648964580e-03
8.423534140648964580e-03
8.423534140648964580e-03
8.423534140648964580e-03
8.423534140648964580e-03
8.423534140648964580e-03
8.423534140648964580e-03
8.423534140648964580e-03
2.942651628635130009e-02
1.167178760164054932e-02
1.167178760164054932e-02
1.645934779832351627e-03
2.904944309177779835e-02
2.904944309177779835e-02
2.094931485174287861e-03
2.094931485174287861e-03
2.094931485174287861e-03
2.094931485174287861e-03
1.510317193921100485e-03
1.510317193921100485e-03
1.431732228447852662e-03
1.431732228447852662e-03
1.431732228447852662e-03
1.431732228447852662e-03
1.431732228447852662e-03
1.431732228447852662e-03
1.431732228447852662e-03
1.431732228447852662e-03
1.431732228447852662e-03
1.431732228447852662e-03
4.549029356749709208e-03
4.549029356749709208e-03
4.549029356749709208e-03
0.000000000000000000e+00
4.549029356749709208e-03
4.549029356749709208e-03
2.110076505987242348e-02
8.616822206417499089e-03
8.616822206417499089e-03
8.616822206417499089e-03
8.616822206417499089e-03
1.645934779832351627e-03
1.645934779832351627e-03
1.645934779832351627e-03
1.645934779832351627e-03
1.645934779832351627e-03
1.645934779832351627e-03
1.645934779832351627e-03
5.115710991723278027e-03
3.158684715572496367e-03
3.158684715572496367e-03
3.158684715572496367e-03
3.158684715572496367e-03
4.602340009539841043e-03
3.389170018505301401e-03
3.389170018505301401e-03
3.389170018505301401e-03
0.000000000000000000e+00
1.677211228147904715e-02
3.380947049590759396e-02
0.000000000000000000e+00
0.000000000000000000e+00
0.000000000000000000e+00
0.000000000000000000e+00
0.000000000000000000e+00
0.000000000000000000e+00
0.000000000000000000e+00
0.000000000000000000e+00
1.424105766121177598e-02
1.424105766121177598e-02
4.964553995957132065e-02
4.964553995957132065e-02
4.964553995957132065e-02
4.964553995957132065e-02
4.964553995957132065e-02
4.964553995957132065e-02
4.964553995957132065e-02
4.964553995957132065e-02
4.964553995957132065e-02
4.964553995957132065e-02
4.964553995957132065e-02
1.683642973332132725e-02
4.919761548304497217e-03
4.919761548304497217e-03
1.015767864986195750e-02
1.015767864986195750e-02
1.015767864986195750e-02
1.015767864986195750e-02
1.015767864986195750e-02
1.015767864986195750e-02
1.015767864986195750e-02
1.015767864986195750e-02
1.015767864986195750e-02
1.015767864986195750e-02
2.443800478768277940e-02
1.729804066433129547e-02
1.334142751495711113e-02
1.334142751495711113e-02
1.334142751495711113e-02
4.852167849589396342e-03
4.852167849589396342e-03
4.852167849589396342e-03
4.852167849589396342e-03
0.000000000000000000e+00
3.388782205040622580e-02
3.388782205040622580e-02
3.388782205040622580e-02
3.388782205040622580e-02
3.388782205040622580e-02
1.745177924380229362e-03
2.702570913451189938e-01
2.702570913451189938e-01
2.702570913451189938e-01
2.702570913451189938e-01
2.702570913451189938e-01
2.702570913451189938e-01
2.702570913451189938e-01
2.702570913451189938e-01
2.702570913451189938e-01
2.702570913451189938e-01
3.082143778622766818e-03
3.082143778622766818e-03
3.082143778622766818e-03
3.082143778622766818e-03
3.082143778622766818e-03
3.082143778622766818e-03
3.082143778622766818e-03
3.082143778622766818e-03
3.082143778622766818e-03
3.082143778622766818e-03
3.082143778622766818e-03
3.082143778622766818e-03
5.797921737426302465e-03
1.766090277735138034e-02
1.766090277735138034e-02
1.766090277735138034e-02
1.766090277735138034e-02
1.766090277735138034e-02
1.766090277735138034e-02
1.766090277735138034e-02
1.766090277735138034e-02
1.683642973332132725e-02
1.683642973332132725e-02
1.683642973332132725e-02
1.683642973332132725e-02
1.683642973332132725e-02
1.683642973332132725e-02
1.683642973332132725e-02
1.683642973332132725e-02
1.683642973332132725e-02
1.683642973332132725e-02
1.683642973332132725e-02
1.683642973332132725e-02
1.683642973332132725e-02
1.683642973332132725e-02
1.683642973332132725e-02
1.683642973332132725e-02
1.683642973332132725e-02
1.683642973332132725e-02
1.683642973332132725e-02
1.683642973332132725e-02
1.201891244165745505e-02
1.201891244165745505e-02
1.201891244165745505e-02
3.758485627066947971e-02
2.443800478768277940e-02
0.000000000000000000e+00
0.000000000000000000e+00
5.235372691319317186e-03
1.227752396658496163e-02
1.227752396658496163e-02
1.227752396658496163e-02
1.227752396658496163e-02
6.387569009271452589e-03
6.387569009271452589e-03
6.387569009271452589e-03
6.387569009271452589e-03
0.000000000000000000e+00
0.000000000000000000e+00
0.000000000000000000e+00
0.000000000000000000e+00
0.000000000000000000e+00
0.000000000000000000e+00
1.060508238903626853e-02
4.698580107001000886e-03
4.698580107001000886e-03
6.684260899901445056e-03
6.684260899901445056e-03
3.758485627066947971e-02
3.758485627066947971e-02
3.758485627066947971e-02
3.758485627066947971e-02
3.758485627066947971e-02
3.758485627066947971e-02
3.758485627066947971e-02
3.758485627066947971e-02
1.647021518191314760e-02
1.647021518191314760e-02
8.147017509340418254e-03
8.147017509340418254e-03
8.147017509340418254e-03
8.147017509340418254e-03
8.147017509340418254e-03
8.147017509340418254e-03
2.108431053191168070e-03
2.108431053191168070e-03
2.108431053191168070e-03
2.108431053191168070e-03
0.000000000000000000e+00
1.060508238903626853e-02
4.734621356405879257e-03
4.734621356405879257e-03
4.734621356405879257e-03
4.734621356405879257e-03
4.734621356405879257e-03
4.734621356405879257e-03
4.734621356405879257e-03
4.734621356405879257e-03
4.734621356405879257e-03
4.734621356405879257e-03
4.734621356405879257e-03
2.786494578316390733e-02
2.786494578316390733e-02
2.786494578316390733e-02
2.786494578316390733e-02
2.786494578316390733e-02
2.786494578316390733e-02
2.786494578316390733e-02
2.786494578316390733e-02
1.936577396365054757e-02
9.195044121747597554e-03
9.195044121747597554e-03
9.195044121747597554e-03
9.195044121747597554e-03
1.133039941962872251e-03
1.162143242124487330e-02
4.588520402630438810e-02
3.997339331402523926e-02
3.997339331402523926e-02
3.997339331402523926e-02
3.997339331402523926e-02
3.997339331402523926e-02
3.997339331402523926e-02
0.000000000000000000e+00
0.000000000000000000e+00
0.000000000000000000e+00
0.000000000000000000e+00
0.000000000000000000e+00
0.000000000000000000e+00
0.000000000000000000e+00
0.000000000000000000e+00
0.000000000000000000e+00
0.000000000000000000e+00
0.000000000000000000e+00
0.000000000000000000e+00
0.000000000000000000e+00
0.000000000000000000e+00
0.000000000000000000e+00
0.000000000000000000e+00
0.000000000000000000e+00
0.000000000000000000e+00
7.333347374093582109e-03
7.333347374093582109e-03
7.333347374093582109e-03
7.333347374093582109e-03
7.333347374093582109e-03
7.333347374093582109e-03
7.333347374093582109e-03
7.333347374093582109e-03
7.333347374093582109e-03
7.333347374093582109e-03
7.333347374093582109e-03
7.333347374093582109e-03
7.333347374093582109e-03
2.905362808889313045e-02
2.329092424083393717e-02
4.970789387464995962e-02
2.567990889542092273e-02
2.567990889542092273e-02
1.088980927032216599e-02
1.088980927032216599e-02
1.088980927032216599e-02
1.088980927032216599e-02
2.572646155669308654e-02
2.572646155669308654e-02
2.572646155669308654e-02
2.572646155669308654e-02
1.170618398808231063e-02
1.170618398808231063e-02
3.170500787294876222e-02
0.000000000000000000e+00
0.000000000000000000e+00
0.000000000000000000e+00
0.000000000000000000e+00
0.000000000000000000e+00
0.000000000000000000e+00
1.640088482636971670e-02
1.882070201777360022e-02
1.882070201777360022e-02
5.099108700341021053e-03
5.099108700341021053e-03
5.099108700341021053e-03
5.099108700341021053e-03
5.099108700341021053e-03
5.099108700341021053e-03
1.736290434910879241e-02
7.219430577777369122e-03
7.219430577777369122e-03
7.219430577777369122e-03
7.219430577777369122e-03
7.219430577777369122e-03
1.936577396365054757e-02
1.936577396365054757e-02
1.936577396365054757e-02
1.936577396365054757e-02
1.936577396365054757e-02
1.936577396365054757e-02
3.635653819213026383e-02
3.635653819213026383e-02
3.635653819213026383e-02
3.635653819213026383e-02
3.635653819213026383e-02
3.635653819213026383e-02
3.635653819213026383e-02
3.635653819213026383e-02
3.635653819213026383e-02
3.635653819213026383e-02
3.635653819213026383e-02
3.635653819213026383e-02
3.635653819213026383e-02
7.223908316714745814e-03
7.223908316714745814e-03
1.180267869301212212e-02
7.223908316714745814e-03
1.180267869301212212e-02
4.084973665605732412e-02
3.974522288126586950e-02
2.329092424083393717e-02
2.329092424083393717e-02
2.329092424083393717e-02
0.000000000000000000e+00
0.000000000000000000e+00
0.000000000000000000e+00
4.665715020164279067e-03
1.770083726808120619e-03
1.770083726808120619e-03
1.111823734871191134e-02
7.884698439870295450e-03
7.884698439870295450e-03
7.884698439870295450e-03
7.884698439870295450e-03
7.884698439870295450e-03
7.884698439870295450e-03
7.884698439870295450e-03
7.884698439870295450e-03
7.884698439870295450e-03
7.884698439870295450e-03
1.579983741967192629e-02
0.000000000000000000e+00
0.000000000000000000e+00
0.000000000000000000e+00
0.000000000000000000e+00
0.000000000000000000e+00
0.000000000000000000e+00
0.000000000000000000e+00
0.000000000000000000e+00
0.000000000000000000e+00
0.000000000000000000e+00
0.000000000000000000e+00
0.000000000000000000e+00
2.424746876301997305e-03
5.162633996156239767e-03
1.161154274998117686e-02
8.043181795541920476e-03
8.043181795541920476e-03
8.043181795541920476e-03
8.043181795541920476e-03
4.665715020164279067e-03
2.021013714769450981e-03
2.021013714769450981e-03
2.021013714769450981e-03
2.021013714769450981e-03
2.021013714769450981e-03
2.021013714769450981e-03
2.021013714769450981e-03
2.021013714769450981e-03
2.021013714769450981e-03
2.021013714769450981e-03
2.021013714769450981e-03
2.363904573752792157e-02
2.363904573752792157e-02
2.363904573752792157e-02
0.000000000000000000e+00
0.000000000000000000e+00
0.000000000000000000e+00
0.000000000000000000e+00
0.000000000000000000e+00
0.000000000000000000e+00
0.000000000000000000e+00
0.000000000000000000e+00
5.228314660561200755e-03
2.709934511622844131e-03
2.709934511622844131e-03
2.709934511622844131e-03
2.709934511622844131e-03
8.881624768381321533e-03
9.574329009236142579e-03
1.479494119518928903e-02
0.000000000000000000e+00
9.574329009236142579e-03
9.574329009236142579e-03
9.574329009236142579e-03
9.574329009236142579e-03
9.574329009236142579e-03
7.823270915613255577e-03
0.000000000000000000e+00
1.055314529190756333e-04
1.055314529190756333e-04
1.055314529190756333e-04
1.055314529190756333e-04
1.055314529190756333e-04
1.055314529190756333e-04
1.055314529190756333e-04
1.055314529190756333e-04
1.055314529190756333e-04
1.055314529190756333e-04
1.808933874801718633e-02
1.808933874801718633e-02
1.808933874801718633e-02
1.808933874801718633e-02
5.115710991723278027e-03
5.115710991723278027e-03
5.115710991723278027e-03
1.471676890072951688e-02
5.228314660561200755e-03
0.000000000000000000e+00
8.881624768381321533e-03
8.881624768381321533e-03
8.881624768381321533e-03
8.881624768381321533e-03
0.000000000000000000e+00
0.000000000000000000e+00
0.000000000000000000e+00
0.000000000000000000e+00
0.000000000000000000e+00
0.000000000000000000e+00
5.786541381735750729e-03
1.008810344962156151e-02
2.618257744194862988e-03
2.618257744194862988e-03
2.618257744194862988e-03
2.618257744194862988e-03
2.618257744194862988e-03
1.471676890072951688e-02
1.053489314460288179e-02
1.053489314460288179e-02
1.053489314460288179e-02
1.008810344962156151e-02
1.008810344962156151e-02
0.000000000000000000e+00
4.550620758475638211e-02
4.550620758475638211e-02
1.981764136733511414e-02
1.981764136733511414e-02
0.000000000000000000e+00
0.000000000000000000e+00
1.350711406312100817e-03
1.350711406312100817e-03
1.350711406312100817e-03
1.350711406312100817e-03
1.350711406312100817e-03
1.350711406312100817e-03
9.731292079911708220e-03
0.000000000000000000e+00
1.797494849748478701e-02
1.797494849748478701e-02
1.797494849748478701e-02
1.797494849748478701e-02
1.797494849748478701e-02
0.000000000000000000e+00
1.471328445260106435e-02
2.721984582953355068e-03
9.059640768368536212e-03
2.721984582953355068e-03
2.721984582953355068e-03
2.721984582953355068e-03
2.721984582953355068e-03
2.721984582953355068e-03
4.093136265229453674e-02
4.093136265229453674e-02
4.093136265229453674e-02
4.093136265229453674e-02
1.494435288238134653e-03
2.741773511046147541e-02
2.741773511046147541e-02
1.745177924380229362e-03
4.287407238467579040e-03
4.287407238467579040e-03
8.708019138883912186e-03
8.708019138883912186e-03
1.697210383449453477e-02
7.405733676819310947e-03
7.405733676819310947e-03
7.405733676819310947e-03
3.052286304599713482e-03
3.052286304599713482e-03
3.052286304599713482e-03
4.277706306073771406e-03
2.226150820558628080e-03
3.171978273186824501e-03
3.171978273186824501e-03
3.171978273186824501e-03
3.171978273186824501e-03
3.171978273186824501e-03
3.171978273186824501e-03
3.171978273186824501e-03
4.277706306073771406e-03
5.309536822035829280e-03
4.290040653373960143e-03
9.571113076309388078e-04
9.571113076309388078e-04
9.571113076309388078e-04
9.571113076309388078e-04
9.571113076309388078e-04
9.571113076309388078e-04
1.472685869546905973e-02
1.472685869546905973e-02
1.133039941962872251e-03
1.133039941962872251e-03
1.745177924380229362e-03
1.745177924380229362e-03
1.745177924380229362e-03
1.481596759557157056e-02
1.697210383449453477e-02
1.697210383449453477e-02
1.697210383449453477e-02
2.104528870380173999e-01
2.104528870380173999e-01
2.104528870380173999e-01
2.104528870380173999e-01
2.908991387607361666e-03
2.908991387607361666e-03
1.051662660046828041e-02
8.122907896354796334e-03
8.122907896354796334e-03
8.122907896354796334e-03
3.628166909853092984e-03
1.481596759557157056e-02
1.481596759557157056e-02
1.481596759557157056e-02
1.481596759557157056e-02
1.481596759557157056e-02
1.481596759557157056e-02
0.000000000000000000e+00
0.000000000000000000e+00
5.569592791882355641e-03
1.617303052724319845e-02
1.617303052724319845e-02
1.617303052724319845e-02
1.617303052724319845e-02
0.000000000000000000e+00
0.000000000000000000e+00
0.000000000000000000e+00
0.000000000000000000e+00
1.019754334362188083e-02
1.019754334362188083e-02
1.019754334362188083e-02
1.019754334362188083e-02
1.019754334362188083e-02
1.019754334362188083e-02
1.019754334362188083e-02
1.019754334362188083e-02
1.019754334362188083e-02
1.019754334362188083e-02
1.019754334362188083e-02
1.677506710912551185e-02
1.677506710912551185e-02
1.677506710912551185e-02
1.044119146063897559e-02
1.044119146063897559e-02
1.994077499818955670e-02
1.994077499818955670e-02
9.470039811192373230e-03
0.000000000000000000e+00
0.000000000000000000e+00
0.000000000000000000e+00
0.000000000000000000e+00
8.784649470398010751e-03
8.784649470398010751e-03
8.784649470398010751e-03
8.784649470398010751e-03
4.409947126759290043e-02
4.409947126759290043e-02
4.400617117985079936e-03
4.400617117985079936e-03
1.919817069599557766e-02
1.919817069599557766e-02
1.066864811620578737e-02
1.066864811620578737e-02
1.066864811620578737e-02
1.066864811620578737e-02
1.066864811620578737e-02
1.066864811620578737e-02
2.604863963179855635e-02
1.002901116952575541e-02
1.002901116952575541e-02
1.002901116952575541e-02
1.002901116952575541e-02
4.588520402630438810e-02
3.280932383623216125e-02
1.932725962342244502e-02
0.000000000000000000e+00
0.000000000000000000e+00
0.000000000000000000e+00
0.000000000000000000e+00
1.293333281228916483e-03
1.441293724367399658e-02
1.441293724367399658e-02
3.280932383623216125e-02
2.404506254118480083e-02
2.404506254118480083e-02
1.141092789089605958e-02
3.280932383623216125e-02
5.265350989073325910e-02
8.547753274270031981e-03
8.547753274270031981e-03
8.547753274270031981e-03
8.547753274270031981e-03
8.547753274270031981e-03
8.547753274270031981e-03
8.547753274270031981e-03
8.547753274270031981e-03
9.349298261341292271e-01
9.349298261341292271e-01
9.349298261341292271e-01
9.349298261341292271e-01
9.349298261341292271e-01
9.349298261341292271e-01
0.000000000000000000e+00
0.000000000000000000e+00
0.000000000000000000e+00
0.000000000000000000e+00
0.000000000000000000e+00
1.179048655628775304e-02
1.179048655628775304e-02
1.179048655628775304e-02
1.800440099726335549e-02
1.800440099726335549e-02
4.009632683649756030e-02
4.009632683649756030e-02
4.009632683649756030e-02
4.009632683649756030e-02
0.000000000000000000e+00
0.000000000000000000e+00
0.000000000000000000e+00
0.000000000000000000e+00
0.000000000000000000e+00
0.000000000000000000e+00
0.000000000000000000e+00
3.826195516991261203e-02
3.826195516991261203e-02
3.826195516991261203e-02
5.350475906481672863e-04
5.350475906481672863e-04
0.000000000000000000e+00
0.000000000000000000e+00
0.000000000000000000e+00
0.000000000000000000e+00
0.000000000000000000e+00
0.000000000000000000e+00
0.000000000000000000e+00
2.228515073618632381e-02
2.228515073618632381e-02
2.228515073618632381e-02
2.228515073618632381e-02
1.125438148888840799e-02
3.243893582387204731e-03
3.243893582387204731e-03
9.316054700338931641e-03
9.316054700338931641e-03
9.316054700338931641e-03
9.316054700338931641e-03
9.316054700338931641e-03
9.316054700338931641e-03
9.316054700338931641e-03
9.316054700338931641e-03
8.227031291360766344e-03
8.227031291360766344e-03
8.227031291360766344e-03
8.227031291360766344e-03
8.227031291360766344e-03
8.227031291360766344e-03
1.939507026731617303e-02
1.939507026731617303e-02
9.562922080191722796e-04
9.562922080191722796e-04
9.562922080191722796e-04
9.562922080191722796e-04
9.562922080191722796e-04
9.562922080191722796e-04
9.562922080191722796e-04
9.562922080191722796e-04
9.562922080191722796e-04
9.562922080191722796e-04
9.562922080191722796e-04
9.562922080191722796e-04
4.387657052933793302e-03
1.566131416665374892e-02
1.566131416665374892e-02
1.566131416665374892e-02
1.566131416665374892e-02
1.125438148888840799e-02
1.125438148888840799e-02
1.125438148888840799e-02
1.125438148888840799e-02
1.125438148888840799e-02
5.806778267336304422e-03
1.092633970826948492e-02
1.092633970826948492e-02
0.000000000000000000e+00
0.000000000000000000e+00
2.077421741897056071e-02
2.077421741897056071e-02
9.731292079911708220e-03
9.731292079911708220e-03
2.042355885495591300e-02
2.042355885495591300e-02
7.248694510561926908e-03
7.248694510561926908e-03
1.275236467977302127e-02
1.275236467977302127e-02
8.168106236968140921e-03
8.168106236968140921e-03
8.168106236968140921e-03
8.168106236968140921e-03
8.168106236968140921e-03
8.168106236968140921e-03
8.168106236968140921e-03
8.168106236968140921e-03
3.139695014473884403e-03
3.139695014473884403e-03
3.139695014473884403e-03
3.139695014473884403e-03
0.000000000000000000e+00
0.000000000000000000e+00
0.000000000000000000e+00
0.000000000000000000e+00
1.727799141608947486e-02
1.727799141608947486e-02
7.823270915613255577e-03
7.823270915613255577e-03
6.896173249880217446e-03
6.209634343606202853e-03
6.209634343606202853e-03
2.321509381582348083e-02
2.321509381582348083e-02
2.321509381582348083e-02
2.321509381582348083e-02
2.321509381582348083e-02
2.321509381582348083e-02
4.084973665605732412e-02
4.084973665605732412e-02
4.084973665605732412e-02
4.084973665605732412e-02
1.112888234405026190e-02
6.320993015949077573e-03
6.320993015949077573e-03
6.320993015949077573e-03
1.952489771433959034e-02
6.612184964349875245e-03
3.434579042870339327e-02
2.272219435966747400e-02
2.272219435966747400e-02
2.272219435966747400e-02
2.272219435966747400e-02
2.272219435966747400e-02
2.272219435966747400e-02
1.830427802690709829e-03
9.767875027023635581e-03
9.767875027023635581e-03
9.767875027023635581e-03
9.767875027023635581e-03
9.767875027023635581e-03
3.091804896916782244e-03
1.925423173911409254e-03
1.925423173911409254e-03
1.925423173911409254e-03
1.925423173911409254e-03
3.091804896916782244e-03
1.042735230228414300e-02
1.952489771433959034e-02
1.327041260109733389e-02
1.327041260109733389e-02
1.327041260109733389e-02
1.327041260109733389e-02
3.434579042870339327e-02
0.000000000000000000e+00
0.000000000000000000e+00
1.830427802690709829e-03
1.830427802690709829e-03
1.533006588395828193e-02
4.223155080748016918e-03
4.223155080748016918e-03
4.223155080748016918e-03
0.000000000000000000e+00
0.000000000000000000e+00
0.000000000000000000e+00
0.000000000000000000e+00
0.000000000000000000e+00
0.000000000000000000e+00
2.709088663642898395e-02
2.840387171716423145e-02
2.840387171716423145e-02
2.840387171716423145e-02
2.840387171716423145e-02
2.840387171716423145e-02
2.840387171716423145e-02
2.792838178007611347e-02
1.640088482636971670e-02
1.640088482636971670e-02
1.640088482636971670e-02
1.640088482636971670e-02
1.640088482636971670e-02
6.786648325532151742e-03
8.871806829312619755e-03
1.873261114374355496e-02
1.524449416677565484e-02
1.111823734871191134e-02
1.111823734871191134e-02
1.111823734871191134e-02
1.111823734871191134e-02
1.111823734871191134e-02
1.286861018575446644e-02
1.286861018575446644e-02
0.000000000000000000e+00
2.447329967107529480e+00
2.447329967107529480e+00
2.447329967107529480e+00
2.447329967107529480e+00
2.447329967107529480e+00
2.447329967107529480e+00
2.447329967107529480e+00
2.447329967107529480e+00
8.602717954044162424e-03
1.848811727409398892e-02
2.991284435477553280e-02
2.941837793241712518e-02
2.941837793241712518e-02
0.000000000000000000e+00
0.000000000000000000e+00
7.283299255839068270e-04
1.964519593053037916e-02
3.853522957247725381e-03
3.853522957247725381e-03
3.853522957247725381e-03
3.853522957247725381e-03
3.907908131894803627e-02
3.907908131894803627e-02
3.907908131894803627e-02
3.907908131894803627e-02
3.907908131894803627e-02
3.907908131894803627e-02
3.907908131894803627e-02
3.907908131894803627e-02
3.907908131894803627e-02
3.907908131894803627e-02
3.907908131894803627e-02
3.907908131894803627e-02
3.907908131894803627e-02
3.907908131894803627e-02
3.907908131894803627e-02
1.474520487464227141e-02
1.520883336134021659e-03
1.520883336134021659e-03
1.520883336134021659e-03
1.520883336134021659e-03
2.842274357258163693e-03
6.739426933868033001e-03
6.739426933868033001e-03
6.739426933868033001e-03
3.747255373670439435e-04
8.602717954044162424e-03
1.114432837141838238e-02
1.114432837141838238e-02
1.100790435116813862e-02
1.100790435116813862e-02
9.790595234481789047e-03
9.790595234481789047e-03
5.839780653456867754e-03
2.126547977830295019e-02
2.126547977830295019e-02
3.747255373670439435e-04
3.747255373670439435e-04
1.533006588395828193e-02
2.177650421452653057e-02
2.613093731571232772e-02
4.262919598056294154e-03
4.262919598056294154e-03
6.893872602186578921e-03
1.720315362197074455e-02
1.720315362197074455e-02
1.010335575173938218e-02
1.010335575173938218e-02
4.615333199955194005e-02
3.021825274633393316e-02
3.021825274633393316e-02
2.177650421452653057e-02
2.177650421452653057e-02
2.177650421452653057e-02
2.177650421452653057e-02
2.177650421452653057e-02
2.177650421452653057e-02
2.177650421452653057e-02
2.177650421452653057e-02
3.867284718962892692e-02
5.777574436504231796e-03
1.582394198474896055e-02
1.582394198474896055e-02
1.582394198474896055e-02
1.582394198474896055e-02
1.808824531855168435e-02
1.808824531855168435e-02
6.893872602186578921e-03
3.434579042870339327e-02
3.434579042870339327e-02
3.434579042870339327e-02
9.581889960120557395e-03
9.581889960120557395e-03
9.581889960120557395e-03
9.293448821436067764e-03
9.293448821436067764e-03
0.000000000000000000e+00
9.293448821436067764e-03
1.045064256827398820e-02
1.045064256827398820e-02
1.045064256827398820e-02
1.100635641872922850e-02
1.100635641872922850e-02
1.100635641872922850e-02
1.100635641872922850e-02
2.709088663642898395e-02
2.709088663642898395e-02
2.709088663642898395e-02
2.709088663642898395e-02
2.709088663642898395e-02
2.709088663642898395e-02
3.506071930291646682e-02
0.000000000000000000e+00
1.295363925087253919e-02
1.295363925087253919e-02
6.859121669788342986e-03
2.604863963179855635e-02
2.604863963179855635e-02
2.604863963179855635e-02
9.834508185946682149e-03
9.834508185946682149e-03
1.334500542652486410e-02
1.334500542652486410e-02
1.334500542652486410e-02
1.334500542652486410e-02
1.334500542652486410e-02
1.334500542652486410e-02
1.334500542652486410e-02
1.334500542652486410e-02
2.842274357258163693e-03
2.842274357258163693e-03
4.664403050960134328e-02
2.914769484798609891e-03
1.839796485606548775e-03
1.839796485606548775e-03
1.562440802897488304e-03
2.102442376443256628e-02
2.102442376443256628e-02
2.102442376443256628e-02
2.102442376443256628e-02
2.102442376443256628e-02
2.102442376443256628e-02
2.102442376443256628e-02
2.102442376443256628e-02
0.000000000000000000e+00
0.000000000000000000e+00
0.000000000000000000e+00
0.000000000000000000e+00
2.759125769191824677e-03
9.217006753676105710e-03
9.217006753676105710e-03
3.423680911642139075e-03
3.423680911642139075e-03
2.914769484798609891e-03
0.000000000000000000e+00
1.059104386994946627e-02
1.059104386994946627e-02
1.620814538462730936e-02
1.293333281228916483e-03
1.620814538462730936e-02
1.293333281228916483e-03
1.293333281228916483e-03
1.293333281228916483e-03
1.293333281228916483e-03
6.668057015497042689e-03
6.668057015497042689e-03
3.471090077414271200e-03
3.471090077414271200e-03
3.471090077414271200e-03
3.471090077414271200e-03
3.471090077414271200e-03
3.471090077414271200e-03
3.471090077414271200e-03
3.471090077414271200e-03
3.471090077414271200e-03
3.471090077414271200e-03
3.471090077414271200e-03
5.138346434006318096e-03
1.974692027433798402e-02
1.974692027433798402e-02
7.585198510853085122e-03
1.551265399237955478e-02
1.551265399237955478e-02
2.386356871249633790e-02
4.613748766014153652e-02
6.535520960705250119e-03
6.535520960705250119e-03
0.000000000000000000e+00
5.265350989073325910e-02
5.265350989073325910e-02
5.265350989073325910e-02
2.049895857257860027e-02
4.121944346119586766e-02
4.121944346119586766e-02
4.121944346119586766e-02
4.121944346119586766e-02
4.121944346119586766e-02
4.121944346119586766e-02
4.121944346119586766e-02
4.121944346119586766e-02
1.052744941861985528e-02
1.052744941861985528e-02
1.052744941861985528e-02
1.052744941861985528e-02
1.832867218328465900e-02
7.585198510853085122e-03
2.386356871249633790e-02
9.326038161000467551e-04
9.326038161000467551e-04
9.326038161000467551e-04
1.386508954815248058e-02
5.873362760279033333e-03
5.873362760279033333e-03
5.235372691319317186e-03
5.235372691319317186e-03
5.235372691319317186e-03
5.235372691319317186e-03
5.235372691319317186e-03
5.235372691319317186e-03
5.235372691319317186e-03
5.235372691319317186e-03
1.832867218328465900e-02
1.386508954815248058e-02
3.092159706166118776e-03
3.092159706166118776e-03
0.000000000000000000e+00
1.331737470141024400e-02
1.331737470141024400e-02
1.331737470141024400e-02
1.331737470141024400e-02
1.331737470141024400e-02
0.000000000000000000e+00
0.000000000000000000e+00
0.000000000000000000e+00
0.000000000000000000e+00
0.000000000000000000e+00
0.000000000000000000e+00
8.995168689718571753e-03
8.995168689718571753e-03
8.995168689718571753e-03
8.995168689718571753e-03
2.021826603718526391e-02
2.265528458242543550e-02
2.265528458242543550e-02
0.000000000000000000e+00
1.816670436563452102e-03
1.816670436563452102e-03
2.051133598971808733e-02
2.148908606467694188e-02
0.000000000000000000e+00
0.000000000000000000e+00
0.000000000000000000e+00
0.000000000000000000e+00
0.000000000000000000e+00
0.000000000000000000e+00
0.000000000000000000e+00
0.000000000000000000e+00
0.000000000000000000e+00
0.000000000000000000e+00
0.000000000000000000e+00
0.000000000000000000e+00
0.000000000000000000e+00
1.224539417278368639e-02
1.224539417278368639e-02
1.224539417278368639e-02
1.224539417278368639e-02
1.224539417278368639e-02
1.224539417278368639e-02
1.224539417278368639e-02
1.224539417278368639e-02
1.224539417278368639e-02
1.224539417278368639e-02
1.224539417278368639e-02
1.224539417278368639e-02
0.000000000000000000e+00
0.000000000000000000e+00
0.000000000000000000e+00
1.725995061123227273e-02
1.725995061123227273e-02
1.725995061123227273e-02
1.725995061123227273e-02
3.365800199101418727e-02
3.365800199101418727e-02
3.365800199101418727e-02
3.365800199101418727e-02
3.365800199101418727e-02
3.365800199101418727e-02
3.365800199101418727e-02
3.365800199101418727e-02
2.573903678379838023e-02
4.641007160686110196e-03
4.641007160686110196e-03
0.000000000000000000e+00
0.000000000000000000e+00
0.000000000000000000e+00
0.000000000000000000e+00
1.207566671914220464e-02
2.035129540814610213e-03
2.035129540814610213e-03
6.896173249880217446e-03
6.896173249880217446e-03
6.896173249880217446e-03
6.896173249880217446e-03
6.896173249880217446e-03
6.859121669788342986e-03
6.859121669788342986e-03
6.859121669788342986e-03
6.859121669788342986e-03
6.859121669788342986e-03
6.859121669788342986e-03
2.573903678379838023e-02
2.573903678379838023e-02
2.573903678379838023e-02
2.573903678379838023e-02
2.573903678379838023e-02
2.573903678379838023e-02
2.573903678379838023e-02
2.573903678379838023e-02
5.587971937569081136e-03
5.587971937569081136e-03
5.587971937569081136e-03
2.106561042832048869e-02
1.207566671914220464e-02
0.000000000000000000e+00
6.209316459657964783e-03
6.209316459657964783e-03
8.573357803985536332e-03
1.019159419494022022e-02
1.019159419494022022e-02
1.019159419494022022e-02
1.019159419494022022e-02
0.000000000000000000e+00
0.000000000000000000e+00
0.000000000000000000e+00
1.161154274998117686e-02
2.106561042832048869e-02
0.000000000000000000e+00
0.000000000000000000e+00
0.000000000000000000e+00
1.161154274998117686e-02
1.471328445260106435e-02
1.471328445260106435e-02
0.000000000000000000e+00
0.000000000000000000e+00
4.425283601595034547e-03
4.425283601595034547e-03
2.743283199523952401e-02
1.019753337580065877e-03
3.229624089277255243e-03
2.622056671691562479e-02
1.863452041499946352e-02
1.863452041499946352e-02
1.863452041499946352e-02
1.863452041499946352e-02
9.754683749077872751e-03
9.754683749077872751e-03
2.792838178007611347e-02
2.792838178007611347e-02
3.492240218878921859e-02
3.492240218878921859e-02
3.492240218878921859e-02
3.492240218878921859e-02
0.000000000000000000e+00
1.019753337580065877e-03
3.091804896916782244e-03
3.091804896916782244e-03
3.091804896916782244e-03
5.198869840863460517e-03
0.000000000000000000e+00
0.000000000000000000e+00
0.000000000000000000e+00
0.000000000000000000e+00
0.000000000000000000e+00
0.000000000000000000e+00
8.563753426871333757e-03
1.682622697528356887e-02
1.682622697528356887e-02
4.290040653373960143e-03
4.290040653373960143e-03
4.290040653373960143e-03
0.000000000000000000e+00
0.000000000000000000e+00
0.000000000000000000e+00
0.000000000000000000e+00
2.271506132823740073e-02
2.271506132823740073e-02
2.271506132823740073e-02
2.271506132823740073e-02
9.214028834738877821e-03
9.214028834738877821e-03
9.214028834738877821e-03
9.214028834738877821e-03
8.563753426871333757e-03
1.051304727526869128e-03
4.616739666483586982e-03
5.569592791882355641e-03
5.569592791882355641e-03
5.569592791882355641e-03
0.000000000000000000e+00
0.000000000000000000e+00
0.000000000000000000e+00
0.000000000000000000e+00
2.069805516231864456e-02
0.000000000000000000e+00
1.436000110179373908e-02
1.436000110179373908e-02
1.051304727526869128e-03
1.051304727526869128e-03
4.143909815399616364e-02
3.611709437225892744e-02
0.000000000000000000e+00
0.000000000000000000e+00
0.000000000000000000e+00
0.000000000000000000e+00
0.000000000000000000e+00
0.000000000000000000e+00
0.000000000000000000e+00
1.873261114374355496e-02
0.000000000000000000e+00
0.000000000000000000e+00
0.000000000000000000e+00
5.839780653456867754e-03
1.272428055767363311e-03
1.272428055767363311e-03
2.969434853565475207e-02
3.611709437225892744e-02
2.369019418235272789e-02
2.369019418235272789e-02
0.000000000000000000e+00
0.000000000000000000e+00
0.000000000000000000e+00
1.226874535209095465e-02
2.969434853565475207e-02
7.032480251405689477e-03
1.226874535209095465e-02
1.226874535209095465e-02
1.226874535209095465e-02
1.226874535209095465e-02
5.655829938076267077e-03
5.655829938076267077e-03
5.655829938076267077e-03
1.579983741967192629e-02
1.579983741967192629e-02
1.579983741967192629e-02
1.579983741967192629e-02
0.000000000000000000e+00
2.855709423439061596e-04
2.855709423439061596e-04
2.855709423439061596e-04
2.855709423439061596e-04
2.855709423439061596e-04
1.266942437910215623e-02
0.000000000000000000e+00
0.000000000000000000e+00
0.000000000000000000e+00
0.000000000000000000e+00
0.000000000000000000e+00
0.000000000000000000e+00
0.000000000000000000e+00
0.000000000000000000e+00
2.991284435477553280e-02
3.812771803964571196e-04
3.812771803964571196e-04
3.812771803964571196e-04
3.812771803964571196e-04
3.812771803964571196e-04
3.812771803964571196e-04
4.714532573439938340e-03
2.424746876301997305e-03
1.373227498844385892e-02
1.373227498844385892e-02
1.373227498844385892e-02
1.373227498844385892e-02
1.373227498844385892e-02
1.373227498844385892e-02
1.373227498844385892e-02
1.373227498844385892e-02
4.615333199955194005e-02
4.615333199955194005e-02
4.615333199955194005e-02
4.615333199955194005e-02
4.615333199955194005e-02
4.615333199955194005e-02
4.615333199955194005e-02
4.615333199955194005e-02
4.615333199955194005e-02
4.615333199955194005e-02
2.969430736103635671e-02
2.969430736103635671e-02
2.969430736103635671e-02
2.969430736103635671e-02
2.969430736103635671e-02
2.969430736103635671e-02
2.969430736103635671e-02
2.969430736103635671e-02
4.277706306073771406e-03
4.277706306073771406e-03
4.277706306073771406e-03
1.923230386331868658e-02
1.923230386331868658e-02
1.923230386331868658e-02
4.714532573439938340e-03
2.495302707023484140e-02
1.098703817969590678e-02
1.098703817969590678e-02
1.550105477938823126e-02
1.550105477938823126e-02
1.550105477938823126e-02
1.550105477938823126e-02
1.550105477938823126e-02
1.550105477938823126e-02
1.550105477938823126e-02
1.550105477938823126e-02
0.000000000000000000e+00
0.000000000000000000e+00
0.000000000000000000e+00
0.000000000000000000e+00
1.419668442414018066e-02
1.419668442414018066e-02
1.600236645830990095e-02
2.755537445353775997e-02
2.755537445353775997e-02
2.755537445353775997e-02
2.418291926907394519e-03
2.418291926907394519e-03
2.418291926907394519e-03
2.418291926907394519e-03
2.418291926907394519e-03
3.369529532838341085e-02
2.430063527820596272e-02
3.369529532838341085e-02
3.369529532838341085e-02
1.095666857755974583e-02
1.095666857755974583e-02
1.095666857755974583e-02
1.095666857755974583e-02
0.000000000000000000e+00
0.000000000000000000e+00
1.374679138592928285e-02
1.600236645830990095e-02
1.600236645830990095e-02
1.600236645830990095e-02
1.600236645830990095e-02
0.000000000000000000e+00
0.000000000000000000e+00
2.495302707023484140e-02
3.722442527979804433e-02
2.635967991914468095e-02
2.627158679494566787e-02
1.401798164403167922e-02
1.401798164403167922e-02
1.401798164403167922e-02
3.757664338879322663e-02
3.722442527979804433e-02
2.101542225665582395e-02
1.235687813176293906e-02
1.235687813176293906e-02
1.235687813176293906e-02
1.235687813176293906e-02
1.235687813176293906e-02
0.000000000000000000e+00
0.000000000000000000e+00
2.675301279684426034e-02
3.757664338879322663e-02
0.000000000000000000e+00
0.000000000000000000e+00
1.293493403191461281e-03
1.293493403191461281e-03
2.136387892166325200e-02
2.136387892166325200e-02
2.523078376417102887e-04
2.523078376417102887e-04
3.196541003207904047e-02
2.675301279684426034e-02
0.000000000000000000e+00
0.000000000000000000e+00
0.000000000000000000e+00
8.573357803985536332e-03
1.279374472804818360e-04
9.351636289472109453e-03
9.351636289472109453e-03
2.253498057212335610e-03
2.253498057212335610e-03
3.196541003207904047e-02
3.196541003207904047e-02
0.000000000000000000e+00
0.000000000000000000e+00
6.786648325532151742e-03
8.573357803985536332e-03
8.573357803985536332e-03
8.573357803985536332e-03
9.470039811192373230e-03
9.470039811192373230e-03
1.964519593053037916e-02
0.000000000000000000e+00
0.000000000000000000e+00
1.693294387324188743e-02
1.693294387324188743e-02
2.476051112297137681e-03
3.506810545600611527e-03
3.506810545600611527e-03
1.562440802897488304e-03
1.562440802897488304e-03
3.384089341860942873e-02
3.384089341860942873e-02
3.384089341860942873e-02
3.384089341860942873e-02
7.055345205486319125e-03
5.851544085540193174e-03
1.020102437199303311e-02
1.020102437199303311e-02
1.020102437199303311e-02
1.020102437199303311e-02
1.020102437199303311e-02
1.020102437199303311e-02
4.262981532526292222e-02
4.262981532526292222e-02
0.000000000000000000e+00
1.621461395832647298e-02
1.621461395832647298e-02
1.621461395832647298e-02
1.621461395832647298e-02
1.621461395832647298e-02
1.621461395832647298e-02
0.000000000000000000e+00
2.021826603718526391e-02
2.021826603718526391e-02
2.021826603718526391e-02
2.021826603718526391e-02
2.021826603718526391e-02
2.021826603718526391e-02
2.021826603718526391e-02
2.080543323233978881e-03
2.476051112297137681e-03
7.055345205486319125e-03
1.349251699101972762e-02
1.349251699101972762e-02
1.349251699101972762e-02
1.349251699101972762e-02
1.355379410394244068e-03
1.355379410394244068e-03
1.355379410394244068e-03
1.355379410394244068e-03
2.049895857257860027e-02
2.080543323233978881e-03
1.380917440876027608e-02
1.380917440876027608e-02
1.380917440876027608e-02
1.380917440876027608e-02
1.380917440876027608e-02
1.380917440876027608e-02
4.858354731519624013e-03
1.380917440876027608e-02
2.049895857257860027e-02
2.049895857257860027e-02
2.049895857257860027e-02
2.049895857257860027e-02
2.049895857257860027e-02
4.858354731519624013e-03
1.000203386481810994e-02
1.000203386481810994e-02
0.000000000000000000e+00
0.000000000000000000e+00
1.173875297518777068e-02
1.474520487464227141e-02
1.474520487464227141e-02
1.474520487464227141e-02
1.278318900748101616e-02
1.278318900748101616e-02
1.278318900748101616e-02
1.278318900748101616e-02
1.278318900748101616e-02
3.171320001602079969e-02
3.171320001602079969e-02
3.171320001602079969e-02
3.171320001602079969e-02
3.171320001602079969e-02
3.171320001602079969e-02
3.171320001602079969e-02
1.645205109254140735e-02
1.645205109254140735e-02
1.645205109254140735e-02
1.645205109254140735e-02
1.677211228147904715e-02
1.677211228147904715e-02
1.677211228147904715e-02
4.602340009539841043e-03
4.602340009539841043e-03
5.777574436504231796e-03
0.000000000000000000e+00
0.000000000000000000e+00
6.185228894719492151e-03
6.185228894719492151e-03
1.685041331330545651e-03
2.051133598971808733e-02
0.000000000000000000e+00
3.687527036018632687e-02
1.173875297518777068e-02
1.173875297518777068e-02
1.173875297518777068e-02
1.173875297518777068e-02
0.000000000000000000e+00
0.000000000000000000e+00
3.086884170376646627e-02
3.086884170376646627e-02
3.086884170376646627e-02
3.086884170376646627e-02
3.086884170376646627e-02
3.086884170376646627e-02
5.444138426077977863e-03
5.444138426077977863e-03
0.000000000000000000e+00
0.000000000000000000e+00
2.110076505987242348e-02
