4.276701764804484440e-03
9.064154450545789526e-03
9.064154450545789526e-03
9.064154450545789526e-03
9.064154450545789526e-03
9.064154450545789526e-03
9.064154450545789526e-03
9.064154450545789526e-03
9.064154450545789526e-03
6.695229199204255979e-03
2.612299218199489251e-02
2.612299218199489251e-02
1.444924597461477419e-03
3.133568706670821456e-03
3.133568706670821456e-03
3.133568706670821456e-03
3.133568706670821456e-03
6.564303730975580044e-03
0.000000000000000000e+00
0.000000000000000000e+00
6.132743948622376359e-03
0.000000000000000000e+00
0.000000000000000000e+00
0.000000000000000000e+00
0.000000000000000000e+00
1.301120033694555360e-02
1.301120033694555360e-02
1.301120033694555360e-02
0.000000000000000000e+00
1.301120033694555360e-02
1.301120033694555360e-02
1.301120033694555360e-02
1.301120033694555360e-02
1.301120033694555360e-02
4.276701764804484440e-03
4.276701764804484440e-03
2.025059661857527005e-02
9.802790775314642810e-03
9.802790775314642810e-03
9.802790775314642810e-03
9.802790775314642810e-03
9.802790775314642810e-03
9.802790775314642810e-03
9.802790775314642810e-03
9.802790775314642810e-03
6.695229199204255979e-03
6.695229199204255979e-03
6.695229199204255979e-03
6.695229199204255979e-03
6.695229199204255979e-03
6.695229199204255979e-03
6.695229199204255979e-03
6.695229199204255979e-03
6.695229199204255979e-03
6.695229199204255979e-03
6.695229199204255979e-03
6.695229199204255979e-03
6.695229199204255979e-03
6.695229199204255979e-03
6.695229199204255979e-03
6.695229199204255979e-03
2.877656251719528172e-02
2.877656251719528172e-02
2.877656251719528172e-02
1.613385509635085688e-02
2.877656251719528172e-02
1.613385509635085688e-02
1.613385509635085688e-02
1.613385509635085688e-02
1.613385509635085688e-02
1.613385509635085688e-02
1.613385509635085688e-02
1.613385509635085688e-02
1.613385509635085688e-02
1.613385509635085688e-02
1.613385509635085688e-02
1.613385509635085688e-02
1.613385509635085688e-02
1.613385509635085688e-02
1.613385509635085688e-02
1.613385509635085688e-02
1.613385509635085688e-02
1.613385509635085688e-02
1.963100706030037820e-02
3.295650544724201825e-02
3.295650544724201825e-02
3.295650544724201825e-02
3.295650544724201825e-02
3.295650544724201825e-02
3.295650544724201825e-02
3.295650544724201825e-02
3.295650544724201825e-02
1.106638601498345642e-02
1.435972776617837517e-02
1.435972776617837517e-02
1.435972776617837517e-02
1.435972776617837517e-02
2.058670200643843845e-02
4.994188985451543383e-03
4.994188985451543383e-03
4.994188985451543383e-03
4.994188985451543383e-03
1.444924597461477419e-03
1.444924597461477419e-03
1.444924597461477419e-03
1.444924597461477419e-03
1.444924597461477419e-03
1.444924597461477419e-03
1.444924597461477419e-03
1.444924597461477419e-03
1.444924597461477419e-03
1.444924597461477419e-03
0.000000000000000000e+00
0.000000000000000000e+00
0.000000000000000000e+00
0.000000000000000000e+00
0.000000000000000000e+00
3.109551844483856783e-02
3.109551844483856783e-02
3.109551844483856783e-02
3.109551844483856783e-02
3.109551844483856783e-02
3.109551844483856783e-02
3.109551844483856783e-02
3.109551844483856783e-02
3.109551844483856783e-02
3.109551844483856783e-02
3.109551844483856783e-02
5.600921109543745627e-03
5.600921109543745627e-03
5.600921109543745627e-03
5.600921109543745627e-03
5.600921109543745627e-03
5.600921109543745627e-03
5.600921109543745627e-03
5.600921109543745627e-03
5.600921109543745627e-03
5.600921109543745627e-03
5.600921109543745627e-03
7.602289213919566878e-03
7.602289213919566878e-03
7.602289213919566878e-03
7.602289213919566878e-03
7.602289213919566878e-03
7.602289213919566878e-03
7.602289213919566878e-03
7.602289213919566878e-03
7.602289213919566878e-03
7.602289213919566878e-03
7.602289213919566878e-03
7.602289213919566878e-03
7.602289213919566878e-03
7.602289213919566878e-03
7.602289213919566878e-03
7.602289213919566878e-03
7.602289213919566878e-03
7.602289213919566878e-03
7.602289213919566878e-03
7.602289213919566878e-03
7.602289213919566878e-03
1.043372554606051585e-02
3.416810704851905842e-05
3.416810704851905842e-05
2.150505438897652374e-02
2.150505438897652374e-02
2.150505438897652374e-02
2.150505438897652374e-02
2.150505438897652374e-02
2.150505438897652374e-02
2.150505438897652374e-02
2.150505438897652374e-02
2.150505438897652374e-02
2.150505438897652374e-02
2.150505438897652374e-02
2.150505438897652374e-02
2.150505438897652374e-02
6.522371314542232956e-02
3.930647304018031890e-02
3.930647304018031890e-02
3.930647304018031890e-02
3.930647304018031890e-02
3.930647304018031890e-02
3.930647304018031890e-02
3.930647304018031890e-02
3.930647304018031890e-02
3.930647304018031890e-02
3.930647304018031890e-02
3.930647304018031890e-02
3.930647304018031890e-02
1.346432526666323888e-03
1.066874974716664967e-02
1.066874974716664967e-02
1.034400189228805444e-02
1.034400189228805444e-02
1.034400189228805444e-02
1.034400189228805444e-02
1.034400189228805444e-02
1.034400189228805444e-02
1.034400189228805444e-02
1.034400189228805444e-02
1.034400189228805444e-02
1.034400189228805444e-02
1.034400189228805444e-02
1.034400189228805444e-02
1.034400189228805444e-02
1.034400189228805444e-02
1.034400189228805444e-02
1.034400189228805444e-02
1.034400189228805444e-02
1.215539834934947251e-02
1.215539834934947251e-02
1.215539834934947251e-02
1.215539834934947251e-02
1.215539834934947251e-02
1.215539834934947251e-02
1.215539834934947251e-02
1.215539834934947251e-02
1.215539834934947251e-02
1.215539834934947251e-02
1.215539834934947251e-02
0.000000000000000000e+00
1.165456425573400089e-02
1.165456425573400089e-02
1.165456425573400089e-02
1.165456425573400089e-02
1.165456425573400089e-02
1.165456425573400089e-02
1.165456425573400089e-02
1.165456425573400089e-02
1.165456425573400089e-02
1.165456425573400089e-02
1.165456425573400089e-02
1.165456425573400089e-02
1.165456425573400089e-02
3.141190773761490251e-02
2.109154907140743662e-02
2.109154907140743662e-02
3.141190773761490251e-02
3.907139302211783821e-02
3.907139302211783821e-02
3.907139302211783821e-02
3.907139302211783821e-02
2.058670200643843845e-02
2.058670200643843845e-02
2.058670200643843845e-02
2.058670200643843845e-02
3.000769541902073220e-02
2.058670200643843845e-02
2.058670200643843845e-02
2.058670200643843845e-02
2.058670200643843845e-02
2.058670200643843845e-02
2.058670200643843845e-02
2.058670200643843845e-02
0.000000000000000000e+00
0.000000000000000000e+00
0.000000000000000000e+00
0.000000000000000000e+00
0.000000000000000000e+00
0.000000000000000000e+00
0.000000000000000000e+00
0.000000000000000000e+00
0.000000000000000000e+00
0.000000000000000000e+00
0.000000000000000000e+00
0.000000000000000000e+00
0.000000000000000000e+00
0.000000000000000000e+00
0.000000000000000000e+00
0.000000000000000000e+00
0.000000000000000000e+00
0.000000000000000000e+00
0.000000000000000000e+00
0.000000000000000000e+00
0.000000000000000000e+00
0.000000000000000000e+00
0.000000000000000000e+00
0.000000000000000000e+00
0.000000000000000000e+00
0.000000000000000000e+00
0.000000000000000000e+00
0.000000000000000000e+00
0.000000000000000000e+00
0.000000000000000000e+00
0.000000000000000000e+00
0.000000000000000000e+00
0.000000000000000000e+00
0.000000000000000000e+00
1.126832919726441021e-02
1.126832919726441021e-02
1.126832919726441021e-02
1.126832919726441021e-02
1.126832919726441021e-02
1.126832919726441021e-02
1.126832919726441021e-02
1.126832919726441021e-02
1.126832919726441021e-02
1.126832919726441021e-02
1.126832919726441021e-02
1.126832919726441021e-02
1.126832919726441021e-02
1.608835899076357066e-03
1.608835899076357066e-03
1.608835899076357066e-03
1.608835899076357066e-03
1.608835899076357066e-03
1.608835899076357066e-03
1.608835899076357066e-03
1.608835899076357066e-03
1.608835899076357066e-03
1.608835899076357066e-03
1.608835899076357066e-03
1.608835899076357066e-03
1.608835899076357066e-03
1.608835899076357066e-03
1.608835899076357066e-03
1.608835899076357066e-03
1.608835899076357066e-03
1.608835899076357066e-03
1.608835899076357066e-03
1.608835899076357066e-03
1.608835899076357066e-03
1.608835899076357066e-03
1.608835899076357066e-03
1.987623711043271565e-03
7.289836254286831234e-04
7.289836254286831234e-04
1.346432526666323888e-03
1.346432526666323888e-03
1.346432526666323888e-03
1.346432526666323888e-03
1.346432526666323888e-03
1.346432526666323888e-03
1.346432526666323888e-03
1.346432526666323888e-03
1.385649015255006195e-02
1.636999936168116385e-02
1.636999936168116385e-02
1.636999936168116385e-02
1.636999936168116385e-02
1.636999936168116385e-02
1.636999936168116385e-02
1.636999936168116385e-02
1.636999936168116385e-02
1.636999936168116385e-02
1.636999936168116385e-02
1.636999936168116385e-02
1.636999936168116385e-02
1.636999936168116385e-02
1.636999936168116385e-02
1.636999936168116385e-02
1.636999936168116385e-02
1.636999936168116385e-02
1.636999936168116385e-02
1.636999936168116385e-02
1.636999936168116385e-02
1.113608613617265118e-02
1.606355668713951163e-02
1.606355668713951163e-02
1.606355668713951163e-02
1.606355668713951163e-02
1.606355668713951163e-02
1.606355668713951163e-02
4.363606915625829405e-03
4.363606915625829405e-03
4.363606915625829405e-03
4.363606915625829405e-03
4.363606915625829405e-03
4.363606915625829405e-03
4.363606915625829405e-03
4.363606915625829405e-03
4.363606915625829405e-03
4.363606915625829405e-03
4.363606915625829405e-03
6.270077514354554377e-03
6.537763982160195442e-03
6.537763982160195442e-03
6.537763982160195442e-03
6.537763982160195442e-03
6.537763982160195442e-03
6.537763982160195442e-03
6.537763982160195442e-03
6.537763982160195442e-03
1.987623711043271565e-03
1.987623711043271565e-03
1.987623711043271565e-03
1.987623711043271565e-03
1.987623711043271565e-03
1.987623711043271565e-03
1.987623711043271565e-03
1.987623711043271565e-03
1.987623711043271565e-03
1.987623711043271565e-03
2.209275043759460766e-02
2.209275043759460766e-02
2.209275043759460766e-02
2.209275043759460766e-02
2.209275043759460766e-02
2.209275043759460766e-02
2.209275043759460766e-02
2.209275043759460766e-02
2.209275043759460766e-02
2.209275043759460766e-02
2.209275043759460766e-02
6.619691516076894357e-03
2.795880693939498032e-03
2.795880693939498032e-03
1.090566190311106562e-02
2.355095056077885496e-02
1.383169827489931676e-02
2.355095056077885496e-02
2.355095056077885496e-02
2.355095056077885496e-02
2.355095056077885496e-02
2.355095056077885496e-02
2.355095056077885496e-02
2.355095056077885496e-02
2.355095056077885496e-02
0.000000000000000000e+00
2.128912996103186905e-02
2.128912996103186905e-02
2.128912996103186905e-02
2.128912996103186905e-02
2.128912996103186905e-02
2.128912996103186905e-02
2.128912996103186905e-02
2.128912996103186905e-02
2.128912996103186905e-02
2.128912996103186905e-02
2.128912996103186905e-02
2.128912996103186905e-02
2.128912996103186905e-02
2.128912996103186905e-02
2.128912996103186905e-02
2.128912996103186905e-02
1.043372554606051585e-02
1.063835437022287757e-02
1.063835437022287757e-02
1.063835437022287757e-02
1.063835437022287757e-02
1.063835437022287757e-02
1.063835437022287757e-02
1.898467684958395074e-02
9.247136312402792421e-03
9.247136312402792421e-03
9.247136312402792421e-03
9.247136312402792421e-03
9.247136312402792421e-03
9.247136312402792421e-03
9.247136312402792421e-03
9.247136312402792421e-03
9.247136312402792421e-03
9.247136312402792421e-03
9.562417980471121532e-04
9.562417980471121532e-04
9.562417980471121532e-04
9.562417980471121532e-04
9.562417980471121532e-04
9.562417980471121532e-04
9.562417980471121532e-04
9.562417980471121532e-04
9.562417980471121532e-04
9.562417980471121532e-04
9.562417980471121532e-04
9.562417980471121532e-04
9.562417980471121532e-04
8.587471246378177575e-03
2.511909029578539287e-02
2.511909029578539287e-02
2.511909029578539287e-02
2.511909029578539287e-02
7.630105965031283057e-03
1.632551555237527624e-02
1.632551555237527624e-02
1.457752151813295274e-02
1.632551555237527624e-02
5.424713078721034526e-04
5.659891693240260563e-03
5.659891693240260563e-03
5.151491809173345746e-03
5.151491809173345746e-03
5.151491809173345746e-03
5.151491809173345746e-03
5.151491809173345746e-03
5.151491809173345746e-03
5.151491809173345746e-03
5.151491809173345746e-03
5.151491809173345746e-03
5.151491809173345746e-03
5.151491809173345746e-03
2.025914311830295453e-02
1.617642434388780453e-03
1.617642434388780453e-03
1.617642434388780453e-03
1.617642434388780453e-03
1.617642434388780453e-03
1.617642434388780453e-03
6.619691516076894357e-03
1.287477698769255198e-02
1.287477698769255198e-02
1.287477698769255198e-02
1.287477698769255198e-02
1.287477698769255198e-02
1.287477698769255198e-02
1.287477698769255198e-02
1.287477698769255198e-02
1.509208213687534411e-02
1.509208213687534411e-02
1.509208213687534411e-02
1.509208213687534411e-02
1.509208213687534411e-02
1.509208213687534411e-02
1.509208213687534411e-02
1.509208213687534411e-02
1.509208213687534411e-02
1.509208213687534411e-02
1.509208213687534411e-02
2.041143995689561133e-02
2.041143995689561133e-02
2.041143995689561133e-02
2.041143995689561133e-02
2.041143995689561133e-02
2.041143995689561133e-02
2.041143995689561133e-02
2.041143995689561133e-02
2.041143995689561133e-02
2.041143995689561133e-02
2.041143995689561133e-02
2.041143995689561133e-02
2.041143995689561133e-02
2.041143995689561133e-02
2.041143995689561133e-02
2.041143995689561133e-02
2.041143995689561133e-02
2.041143995689561133e-02
2.041143995689561133e-02
2.041143995689561133e-02
2.041143995689561133e-02
2.041143995689561133e-02
2.041143995689561133e-02
7.630105965031283057e-03
7.630105965031283057e-03
7.630105965031283057e-03
7.630105965031283057e-03
7.630105965031283057e-03
7.630105965031283057e-03
7.630105965031283057e-03
7.630105965031283057e-03
7.630105965031283057e-03
7.630105965031283057e-03
3.338284047551599854e-02
6.354509121096691207e-03
6.354509121096691207e-03
6.354509121096691207e-03
6.354509121096691207e-03
6.354509121096691207e-03
6.354509121096691207e-03
6.354509121096691207e-03
6.354509121096691207e-03
6.354509121096691207e-03
6.354509121096691207e-03
1.023955567771060900e-02
1.023955567771060900e-02
1.023955567771060900e-02
1.023955567771060900e-02
1.023955567771060900e-02
1.023955567771060900e-02
1.023955567771060900e-02
1.023955567771060900e-02
1.023955567771060900e-02
1.023955567771060900e-02
1.023955567771060900e-02
1.023955567771060900e-02
1.023955567771060900e-02
2.132501088004754020e-02
8.217055027817103674e-03
8.217055027817103674e-03
1.953285800378712703e-02
0.000000000000000000e+00
0.000000000000000000e+00
0.000000000000000000e+00
0.000000000000000000e+00
5.424713078721034526e-04
5.424713078721034526e-04
5.424713078721034526e-04
5.424713078721034526e-04
5.424713078721034526e-04
5.424713078721034526e-04
5.424713078721034526e-04
5.424713078721034526e-04
0.000000000000000000e+00
0.000000000000000000e+00
0.000000000000000000e+00
0.000000000000000000e+00
0.000000000000000000e+00
0.000000000000000000e+00
0.000000000000000000e+00
0.000000000000000000e+00
0.000000000000000000e+00
0.000000000000000000e+00
0.000000000000000000e+00
0.000000000000000000e+00
0.000000000000000000e+00
0.000000000000000000e+00
0.000000000000000000e+00
0.000000000000000000e+00
3.134016023830717146e-02
3.134016023830717146e-02
3.134016023830717146e-02
3.134016023830717146e-02
3.134016023830717146e-02
3.134016023830717146e-02
3.134016023830717146e-02
3.134016023830717146e-02
3.134016023830717146e-02
3.134016023830717146e-02
3.134016023830717146e-02
8.587471246378177575e-03
0.000000000000000000e+00
0.000000000000000000e+00
0.000000000000000000e+00
0.000000000000000000e+00
2.132501088004754020e-02
2.132501088004754020e-02
2.132501088004754020e-02
2.132501088004754020e-02
2.132501088004754020e-02
2.132501088004754020e-02
2.132501088004754020e-02
2.132501088004754020e-02
1.924753743486271387e-02
9.286992199066196677e-03
9.286992199066196677e-03
9.286992199066196677e-03
9.286992199066196677e-03
4.131641325788849156e-03
1.782939192350379426e-02
1.782939192350379426e-02
1.782939192350379426e-02
1.782939192350379426e-02
1.782939192350379426e-02
1.782939192350379426e-02
1.782939192350379426e-02
1.782939192350379426e-02
1.782939192350379426e-02
1.782939192350379426e-02
1.782939192350379426e-02
1.782939192350379426e-02
1.782939192350379426e-02
1.782939192350379426e-02
1.782939192350379426e-02
1.782939192350379426e-02
1.782939192350379426e-02
1.782939192350379426e-02
1.113608613617265118e-02
0.000000000000000000e+00
0.000000000000000000e+00
5.317215620966497976e-03
7.829550337004461888e-03
7.829550337004461888e-03
7.829550337004461888e-03
7.829550337004461888e-03
7.829550337004461888e-03
7.829550337004461888e-03
7.829550337004461888e-03
7.829550337004461888e-03
7.829550337004461888e-03
7.829550337004461888e-03
1.512725491521287220e-02
1.512725491521287220e-02
1.512725491521287220e-02
1.512725491521287220e-02
1.512725491521287220e-02
1.512725491521287220e-02
1.512725491521287220e-02
1.512725491521287220e-02
1.512725491521287220e-02
1.512725491521287220e-02
1.512725491521287220e-02
1.426333776733256647e-02
1.426333776733256647e-02
1.426333776733256647e-02
0.000000000000000000e+00
1.426333776733256647e-02
1.426333776733256647e-02
1.426333776733256647e-02
0.000000000000000000e+00
0.000000000000000000e+00
0.000000000000000000e+00
8.983201592900530441e-03
1.807878326497474111e-02
1.807878326497474111e-02
1.807878326497474111e-02
1.807878326497474111e-02
1.807878326497474111e-02
1.807878326497474111e-02
1.188702396924769429e-02
1.188702396924769429e-02
1.188702396924769429e-02
1.188702396924769429e-02
1.188702396924769429e-02
1.188702396924769429e-02
1.188702396924769429e-02
1.188702396924769429e-02
1.188702396924769429e-02
1.188702396924769429e-02
1.188702396924769429e-02
1.188702396924769429e-02
1.188702396924769429e-02
0.000000000000000000e+00
0.000000000000000000e+00
0.000000000000000000e+00
0.000000000000000000e+00
0.000000000000000000e+00
5.228334004085975761e-02
5.228334004085975761e-02
5.228334004085975761e-02
5.228334004085975761e-02
5.228334004085975761e-02
5.228334004085975761e-02
5.228334004085975761e-02
5.228334004085975761e-02
5.228334004085975761e-02
5.228334004085975761e-02
5.228334004085975761e-02
5.228334004085975761e-02
5.228334004085975761e-02
0.000000000000000000e+00
5.737248063535873091e-03
5.737248063535873091e-03
5.737248063535873091e-03
5.737248063535873091e-03
5.737248063535873091e-03
5.737248063535873091e-03
5.737248063535873091e-03
5.737248063535873091e-03
1.953285800378712703e-02
1.615890038667738490e-02
1.615890038667738490e-02
1.615890038667738490e-02
1.615890038667738490e-02
1.615890038667738490e-02
1.615890038667738490e-02
1.615890038667738490e-02
1.615890038667738490e-02
1.615890038667738490e-02
1.615890038667738490e-02
1.615890038667738490e-02
1.615890038667738490e-02
1.615890038667738490e-02
1.615890038667738490e-02
3.164759674916951381e-04
3.164759674916951381e-04
3.164759674916951381e-04
3.164759674916951381e-04
3.164759674916951381e-04
3.164759674916951381e-04
3.164759674916951381e-04
3.164759674916951381e-04
3.164759674916951381e-04
3.164759674916951381e-04
3.164759674916951381e-04
3.164759674916951381e-04
3.164759674916951381e-04
2.791144440851057659e-03
4.819923413773805412e-03
4.819923413773805412e-03
4.819923413773805412e-03
4.819923413773805412e-03
1.366716001891715021e-02
1.366716001891715021e-02
1.366716001891715021e-02
1.366716001891715021e-02
1.366716001891715021e-02
1.366716001891715021e-02
1.366716001891715021e-02
1.366716001891715021e-02
1.366716001891715021e-02
1.366716001891715021e-02
1.366716001891715021e-02
1.366716001891715021e-02
1.366716001891715021e-02
1.366716001891715021e-02
1.366716001891715021e-02
1.366716001891715021e-02
1.366716001891715021e-02
1.366716001891715021e-02
1.366716001891715021e-02
1.366716001891715021e-02
1.366716001891715021e-02
1.366716001891715021e-02
1.366716001891715021e-02
1.366716001891715021e-02
1.366716001891715021e-02
1.366716001891715021e-02
1.366716001891715021e-02
1.366716001891715021e-02
1.366716001891715021e-02
1.366716001891715021e-02
1.366716001891715021e-02
1.366716001891715021e-02
1.366716001891715021e-02
1.366716001891715021e-02
1.366716001891715021e-02
8.663474863435447273e-03
3.157367290965684171e-03
3.157367290965684171e-03
3.157367290965684171e-03
3.157367290965684171e-03
3.157367290965684171e-03
3.157367290965684171e-03
3.157367290965684171e-03
3.157367290965684171e-03
3.157367290965684171e-03
3.157367290965684171e-03
8.430333920206338136e-03
8.430333920206338136e-03
8.430333920206338136e-03
8.430333920206338136e-03
8.430333920206338136e-03
8.430333920206338136e-03
8.430333920206338136e-03
8.430333920206338136e-03
8.430333920206338136e-03
8.430333920206338136e-03
8.430333920206338136e-03
8.756405215167736150e-03
8.756405215167736150e-03
8.756405215167736150e-03
2.037861299842348185e-03
8.756405215167736150e-03
8.756405215167736150e-03
8.756405215167736150e-03
8.756405215167736150e-03
8.756405215167736150e-03
8.756405215167736150e-03
8.756405215167736150e-03
8.983201592900530441e-03
8.983201592900530441e-03
8.983201592900530441e-03
8.983201592900530441e-03
8.983201592900530441e-03
8.983201592900530441e-03
8.983201592900530441e-03
8.983201592900530441e-03
8.983201592900530441e-03
8.983201592900530441e-03
8.983201592900530441e-03
8.983201592900530441e-03
0.000000000000000000e+00
0.000000000000000000e+00
0.000000000000000000e+00
1.736239197052820990e-03
1.481863882703688545e-02
1.481863882703688545e-02
1.442248761447539017e-02
3.294179214259224456e-03
3.294179214259224456e-03
3.294179214259224456e-03
3.294179214259224456e-03
3.294179214259224456e-03
3.294179214259224456e-03
0.000000000000000000e+00
0.000000000000000000e+00
1.361879649572244125e-02
1.361879649572244125e-02
1.361879649572244125e-02
1.361879649572244125e-02
1.361879649572244125e-02
1.361879649572244125e-02
1.361879649572244125e-02
1.361879649572244125e-02
1.361879649572244125e-02
1.361879649572244125e-02
1.361879649572244125e-02
2.600083288157453362e-02
2.600083288157453362e-02
2.600083288157453362e-02
2.600083288157453362e-02
2.600083288157453362e-02
2.600083288157453362e-02
2.600083288157453362e-02
2.600083288157453362e-02
2.600083288157453362e-02
2.600083288157453362e-02
2.600083288157453362e-02
2.600083288157453362e-02
2.600083288157453362e-02
0.000000000000000000e+00
0.000000000000000000e+00
0.000000000000000000e+00
0.000000000000000000e+00
0.000000000000000000e+00
1.643772395173154557e-02
1.252617368460852074e-02
1.252617368460852074e-02
1.252617368460852074e-02
1.252617368460852074e-02
1.252617368460852074e-02
1.252617368460852074e-02
1.252617368460852074e-02
1.252617368460852074e-02
2.103900222657235919e-02
2.103900222657235919e-02
2.103900222657235919e-02
2.103900222657235919e-02
2.103900222657235919e-02
2.103900222657235919e-02
2.103900222657235919e-02
2.103900222657235919e-02
2.103900222657235919e-02
2.103900222657235919e-02
2.103900222657235919e-02
8.185770022163967041e-03
6.274638853072530935e-03
3.682155101971315830e-03
6.274638853072530935e-03
7.618222996543974959e-03
1.951431267012563101e-02
1.951431267012563101e-02
2.433976489335551701e-03
1.736239197052820990e-03
1.736239197052820990e-03
1.736239197052820990e-03
1.374006341070202345e-03
1.374006341070202345e-03
1.374006341070202345e-03
1.374006341070202345e-03
1.374006341070202345e-03
1.374006341070202345e-03
1.374006341070202345e-03
1.374006341070202345e-03
1.374006341070202345e-03
1.374006341070202345e-03
1.374006341070202345e-03
1.374006341070202345e-03
1.374006341070202345e-03
1.374006341070202345e-03
1.374006341070202345e-03
1.374006341070202345e-03
1.374006341070202345e-03
1.374006341070202345e-03
1.374006341070202345e-03
1.374006341070202345e-03
1.374006341070202345e-03
5.797741400545084432e-03
2.733427061023155466e-04
2.733427061023155466e-04
2.733427061023155466e-04
2.733427061023155466e-04
2.733427061023155466e-04
2.733427061023155466e-04
2.733427061023155466e-04
2.733427061023155466e-04
0.000000000000000000e+00
6.027000859473946245e-03
6.027000859473946245e-03
6.027000859473946245e-03
6.027000859473946245e-03
1.289730136961463047e-02
1.131993986382936676e-02
1.131993986382936676e-02
1.131993986382936676e-02
1.131993986382936676e-02
1.131993986382936676e-02
1.131993986382936676e-02
1.131993986382936676e-02
1.131993986382936676e-02
2.828078571618667259e-03
4.242887864786575557e-03
4.242887864786575557e-03
4.242887864786575557e-03
4.242887864786575557e-03
1.476352719430421533e-02
2.025219533891654475e-02
2.025219533891654475e-02
2.025219533891654475e-02
2.025219533891654475e-02
2.025219533891654475e-02
2.025219533891654475e-02
2.025219533891654475e-02
2.025219533891654475e-02
2.791144440851057659e-03
9.926520836384584729e-04
9.926520836384584729e-04
9.926520836384584729e-04
9.926520836384584729e-04
0.000000000000000000e+00
0.000000000000000000e+00
0.000000000000000000e+00
0.000000000000000000e+00
0.000000000000000000e+00
0.000000000000000000e+00
0.000000000000000000e+00
2.037861299842348185e-03
0.000000000000000000e+00
1.220187141271815434e-02
1.220187141271815434e-02
1.220187141271815434e-02
1.220187141271815434e-02
1.220187141271815434e-02
1.220187141271815434e-02
1.220187141271815434e-02
1.220187141271815434e-02
1.220187141271815434e-02
1.220187141271815434e-02
1.220187141271815434e-02
1.220187141271815434e-02
1.220187141271815434e-02
1.220187141271815434e-02
1.220187141271815434e-02
1.220187141271815434e-02
1.220187141271815434e-02
1.220187141271815434e-02
1.220187141271815434e-02
1.220187141271815434e-02
2.433976489335551701e-03
1.554321290161628667e-03
1.554321290161628667e-03
6.132743948622376359e-03
6.132743948622376359e-03
6.132743948622376359e-03
6.132743948622376359e-03
6.132743948622376359e-03
6.132743948622376359e-03
6.132743948622376359e-03
6.132743948622376359e-03
6.132743948622376359e-03
6.132743948622376359e-03
6.132743948622376359e-03
6.132743948622376359e-03
0.000000000000000000e+00
0.000000000000000000e+00
0.000000000000000000e+00
0.000000000000000000e+00
0.000000000000000000e+00
0.000000000000000000e+00
4.056703793841839184e-02
9.979858960420881150e-03
9.979858960420881150e-03
9.979858960420881150e-03
9.979858960420881150e-03
9.979858960420881150e-03
9.979858960420881150e-03
9.979858960420881150e-03
9.979858960420881150e-03
9.979858960420881150e-03
9.979858960420881150e-03
9.979858960420881150e-03
9.979858960420881150e-03
9.979858960420881150e-03
9.979858960420881150e-03
2.828078571618667259e-03
2.828078571618667259e-03
2.828078571618667259e-03
2.828078571618667259e-03
2.828078571618667259e-03
2.828078571618667259e-03
2.828078571618667259e-03
2.828078571618667259e-03
2.828078571618667259e-03
2.828078571618667259e-03
2.828078571618667259e-03
2.828078571618667259e-03
2.828078571618667259e-03
2.828078571618667259e-03
8.566299913224764348e-03
1.408899257379962397e-02
1.408899257379962397e-02
1.408899257379962397e-02
1.408899257379962397e-02
1.408899257379962397e-02
1.408899257379962397e-02
1.408899257379962397e-02
1.408899257379962397e-02
1.408899257379962397e-02
1.408899257379962397e-02
1.408899257379962397e-02
1.408899257379962397e-02
3.567209348664304464e-03
5.667954133548529227e-03
5.667954133548529227e-03
5.667954133548529227e-03
5.667954133548529227e-03
5.667954133548529227e-03
5.667954133548529227e-03
5.667954133548529227e-03
5.667954133548529227e-03
2.273284826905736574e-03
1.082042323124054843e-02
1.082042323124054843e-02
1.082042323124054843e-02
1.082042323124054843e-02
1.472548872142849345e-02
1.857027817137737666e-02
1.857027817137737666e-02
2.048370023701989468e-03
2.048370023701989468e-03
2.048370023701989468e-03
0.000000000000000000e+00
2.048370023701989468e-03
2.048370023701989468e-03
2.048370023701989468e-03
2.048370023701989468e-03
2.048370023701989468e-03
4.096488702687433106e-03
2.048370023701989468e-03
3.567209348664304464e-03
3.567209348664304464e-03
3.891366565922361759e-03
0.000000000000000000e+00
0.000000000000000000e+00
0.000000000000000000e+00
0.000000000000000000e+00
0.000000000000000000e+00
0.000000000000000000e+00
0.000000000000000000e+00
0.000000000000000000e+00
0.000000000000000000e+00
0.000000000000000000e+00
0.000000000000000000e+00
1.141946241932183075e-02
1.141946241932183075e-02
1.472548872142849345e-02
1.472548872142849345e-02
1.472548872142849345e-02
1.472548872142849345e-02
1.472548872142849345e-02
1.472548872142849345e-02
1.472548872142849345e-02
1.472548872142849345e-02
1.472548872142849345e-02
1.472548872142849345e-02
0.000000000000000000e+00
0.000000000000000000e+00
0.000000000000000000e+00
0.000000000000000000e+00
0.000000000000000000e+00
0.000000000000000000e+00
0.000000000000000000e+00
0.000000000000000000e+00
0.000000000000000000e+00
0.000000000000000000e+00
0.000000000000000000e+00
2.179543372076690050e-02
2.179543372076690050e-02
2.179543372076690050e-02
2.179543372076690050e-02
2.179543372076690050e-02
2.179543372076690050e-02
2.179543372076690050e-02
2.179543372076690050e-02
2.179543372076690050e-02
2.179543372076690050e-02
2.179543372076690050e-02
2.179543372076690050e-02
2.179543372076690050e-02
2.179543372076690050e-02
2.179543372076690050e-02
2.179543372076690050e-02
2.179543372076690050e-02
2.179543372076690050e-02
2.179543372076690050e-02
0.000000000000000000e+00
0.000000000000000000e+00
0.000000000000000000e+00
0.000000000000000000e+00
0.000000000000000000e+00
0.000000000000000000e+00
0.000000000000000000e+00
0.000000000000000000e+00
0.000000000000000000e+00
3.181310571243783306e-03
2.108880466519902006e-02
2.108880466519902006e-02
2.108880466519902006e-02
2.108880466519902006e-02
2.108880466519902006e-02
2.108880466519902006e-02
2.108880466519902006e-02
2.108880466519902006e-02
0.000000000000000000e+00
4.065674430121372571e-03
4.065674430121372571e-03
4.065674430121372571e-03
4.065674430121372571e-03
4.065674430121372571e-03
4.065674430121372571e-03
4.065674430121372571e-03
4.065674430121372571e-03
4.065674430121372571e-03
4.065674430121372571e-03
4.065674430121372571e-03
4.065674430121372571e-03
4.065674430121372571e-03
4.065674430121372571e-03
4.065674430121372571e-03
4.065674430121372571e-03
4.065674430121372571e-03
4.065674430121372571e-03
4.065674430121372571e-03
4.065674430121372571e-03
4.065674430121372571e-03
4.065674430121372571e-03
9.669744888614769524e-03
1.077704217523542396e-02
1.077704217523542396e-02
0.000000000000000000e+00
0.000000000000000000e+00
0.000000000000000000e+00
2.433976489335551701e-03
2.033233325328998291e-03
9.967092281926270836e-03
9.967092281926270836e-03
9.967092281926270836e-03
9.967092281926270836e-03
9.967092281926270836e-03
9.967092281926270836e-03
3.181310571243783306e-03
3.181310571243783306e-03
3.181310571243783306e-03
3.181310571243783306e-03
3.181310571243783306e-03
3.181310571243783306e-03
3.181310571243783306e-03
3.181310571243783306e-03
3.181310571243783306e-03
3.181310571243783306e-03
3.181310571243783306e-03
3.181310571243783306e-03
4.096488702687433106e-03
9.669744888614769524e-03
9.669744888614769524e-03
9.669744888614769524e-03
9.669744888614769524e-03
9.669744888614769524e-03
9.669744888614769524e-03
9.669744888614769524e-03
9.669744888614769524e-03
9.669744888614769524e-03
9.669744888614769524e-03
9.669744888614769524e-03
9.669744888614769524e-03
9.669744888614769524e-03
9.669744888614769524e-03
9.669744888614769524e-03
9.669744888614769524e-03
9.669744888614769524e-03
9.669744888614769524e-03
9.669744888614769524e-03
9.669744888614769524e-03
9.669744888614769524e-03
9.669744888614769524e-03
1.287389477626644033e-02
1.287389477626644033e-02
1.287389477626644033e-02
1.287389477626644033e-02
1.287389477626644033e-02
1.287389477626644033e-02
1.287389477626644033e-02
1.287389477626644033e-02
1.287389477626644033e-02
1.287389477626644033e-02
1.287389477626644033e-02
1.287389477626644033e-02
1.287389477626644033e-02
1.287389477626644033e-02
1.287389477626644033e-02
1.508264860202219396e-03
1.508264860202219396e-03
1.508264860202219396e-03
1.508264860202219396e-03
1.508264860202219396e-03
1.508264860202219396e-03
1.508264860202219396e-03
1.508264860202219396e-03
1.508264860202219396e-03
1.508264860202219396e-03
1.508264860202219396e-03
1.508264860202219396e-03
1.508264860202219396e-03
1.508264860202219396e-03
1.508264860202219396e-03
1.508264860202219396e-03
1.508264860202219396e-03
1.508264860202219396e-03
1.508264860202219396e-03
1.508264860202219396e-03
1.508264860202219396e-03
1.508264860202219396e-03
1.508264860202219396e-03
1.508264860202219396e-03
1.508264860202219396e-03
1.508264860202219396e-03
1.508264860202219396e-03
2.431637180673007752e-03
2.840041020776605529e-02
2.840041020776605529e-02
2.840041020776605529e-02
2.840041020776605529e-02
2.840041020776605529e-02
2.840041020776605529e-02
2.840041020776605529e-02
2.840041020776605529e-02
2.840041020776605529e-02
2.840041020776605529e-02
2.840041020776605529e-02
2.840041020776605529e-02
2.526995377478050316e-03
2.526995377478050316e-03
2.526995377478050316e-03
2.526995377478050316e-03
2.526995377478050316e-03
2.526995377478050316e-03
2.526995377478050316e-03
2.526995377478050316e-03
2.526995377478050316e-03
2.526995377478050316e-03
2.526995377478050316e-03
2.526995377478050316e-03
2.526995377478050316e-03
2.526995377478050316e-03
2.526995377478050316e-03
2.086648050529678507e-03
0.000000000000000000e+00
0.000000000000000000e+00
0.000000000000000000e+00
0.000000000000000000e+00
7.341356095918180787e-03
1.839719095338664123e-02
9.549096091193838912e-03
1.839719095338664123e-02
3.394849401512257166e-03
1.145057287850765465e-02
1.145057287850765465e-02
6.693256773204767432e-03
6.693256773204767432e-03
6.693256773204767432e-03
6.693256773204767432e-03
6.693256773204767432e-03
6.693256773204767432e-03
6.693256773204767432e-03
6.693256773204767432e-03
6.693256773204767432e-03
6.693256773204767432e-03
6.693256773204767432e-03
6.693256773204767432e-03
6.693256773204767432e-03
6.693256773204767432e-03
6.693256773204767432e-03
6.693256773204767432e-03
6.693256773204767432e-03
6.693256773204767432e-03
6.693256773204767432e-03
6.693256773204767432e-03
6.693256773204767432e-03
6.693256773204767432e-03
6.693256773204767432e-03
6.693256773204767432e-03
6.693256773204767432e-03
8.004330131978074775e-03
1.137657445239518249e-02
1.137657445239518249e-02
0.000000000000000000e+00
0.000000000000000000e+00
0.000000000000000000e+00
0.000000000000000000e+00
0.000000000000000000e+00
2.086648050529678507e-03
2.086648050529678507e-03
2.086648050529678507e-03
2.086648050529678507e-03
2.086648050529678507e-03
2.086648050529678507e-03
2.086648050529678507e-03
2.086648050529678507e-03
2.086648050529678507e-03
2.086648050529678507e-03
2.086648050529678507e-03
2.086648050529678507e-03
2.086648050529678507e-03
2.086648050529678507e-03
2.086648050529678507e-03
2.086648050529678507e-03
2.086648050529678507e-03
2.086648050529678507e-03
2.086648050529678507e-03
2.086648050529678507e-03
2.086648050529678507e-03
2.086648050529678507e-03
2.086648050529678507e-03
2.086648050529678507e-03
2.086648050529678507e-03
2.086648050529678507e-03
4.946731590617476151e-03
2.596888439917003754e-03
2.596888439917003754e-03
2.596888439917003754e-03
2.596888439917003754e-03
2.596888439917003754e-03
2.596888439917003754e-03
2.596888439917003754e-03
2.596888439917003754e-03
2.596888439917003754e-03
2.596888439917003754e-03
2.596888439917003754e-03
2.596888439917003754e-03
2.596888439917003754e-03
2.596888439917003754e-03
2.596888439917003754e-03
2.596888439917003754e-03
2.596888439917003754e-03
2.596888439917003754e-03
2.250527479528514896e-02
2.250527479528514896e-02
2.250527479528514896e-02
2.250527479528514896e-02
2.250527479528514896e-02
2.250527479528514896e-02
2.250527479528514896e-02
2.250527479528514896e-02
2.250527479528514896e-02
2.250527479528514896e-02
2.250527479528514896e-02
2.250527479528514896e-02
2.250527479528514896e-02
2.250527479528514896e-02
2.250527479528514896e-02
2.250527479528514896e-02
2.250527479528514896e-02
8.601988159096470021e-03
8.601988159096470021e-03
8.601988159096470021e-03
8.601988159096470021e-03
8.601988159096470021e-03
8.601988159096470021e-03
8.601988159096470021e-03
8.601988159096470021e-03
8.601988159096470021e-03
8.601988159096470021e-03
8.601988159096470021e-03
3.678593281823482487e-03
9.237037398866833685e-03
9.237037398866833685e-03
1.981007838738607987e-03
3.394849401512257166e-03
3.394849401512257166e-03
3.394849401512257166e-03
4.003997353648368861e-03
4.003997353648368861e-03
4.003997353648368861e-03
4.003997353648368861e-03
4.003997353648368861e-03
4.003997353648368861e-03
4.003997353648368861e-03
4.003997353648368861e-03
4.003997353648368861e-03
4.003997353648368861e-03
4.003997353648368861e-03
4.003997353648368861e-03
4.003997353648368861e-03
4.003997353648368861e-03
4.003997353648368861e-03
4.003997353648368861e-03
4.003997353648368861e-03
4.003997353648368861e-03
4.003997353648368861e-03
4.003997353648368861e-03
4.003997353648368861e-03
4.003997353648368861e-03
4.003997353648368861e-03
4.003997353648368861e-03
4.003997353648368861e-03
3.622303559670509571e-02
1.424510207957182563e-02
1.424510207957182563e-02
1.424510207957182563e-02
1.424510207957182563e-02
2.123339808899605847e-03
2.123339808899605847e-03
2.123339808899605847e-03
2.123339808899605847e-03
2.123339808899605847e-03
2.123339808899605847e-03
2.123339808899605847e-03
2.123339808899605847e-03
2.123339808899605847e-03
2.123339808899605847e-03
2.123339808899605847e-03
5.884228500123943155e-03
5.884228500123943155e-03
5.884228500123943155e-03
5.884228500123943155e-03
5.884228500123943155e-03
5.884228500123943155e-03
5.884228500123943155e-03
5.884228500123943155e-03
5.884228500123943155e-03
5.884228500123943155e-03
5.884228500123943155e-03
5.884228500123943155e-03
5.884228500123943155e-03
5.884228500123943155e-03
5.884228500123943155e-03
5.884228500123943155e-03
5.884228500123943155e-03
3.236541979552447212e-02
3.236541979552447212e-02
3.236541979552447212e-02
3.236541979552447212e-02
3.236541979552447212e-02
3.141190773761490251e-02
3.236541979552447212e-02
3.236541979552447212e-02
3.236541979552447212e-02
1.218719210051535592e-02
2.731935078092220196e-03
2.731935078092220196e-03
2.731935078092220196e-03
2.731935078092220196e-03
2.731935078092220196e-03
2.731935078092220196e-03
2.731935078092220196e-03
2.731935078092220196e-03
2.731935078092220196e-03
2.731935078092220196e-03
2.731935078092220196e-03
2.731935078092220196e-03
2.731935078092220196e-03
2.731935078092220196e-03
3.261418741268045946e-03
3.261418741268045946e-03
3.261418741268045946e-03
3.261418741268045946e-03
3.261418741268045946e-03
3.261418741268045946e-03
3.261418741268045946e-03
3.261418741268045946e-03
3.261418741268045946e-03
3.261418741268045946e-03
3.261418741268045946e-03
3.261418741268045946e-03
3.261418741268045946e-03
5.800037182496337561e-03
5.800037182496337561e-03
5.800037182496337561e-03
5.800037182496337561e-03
5.800037182496337561e-03
5.800037182496337561e-03
5.800037182496337561e-03
5.800037182496337561e-03
5.800037182496337561e-03
5.800037182496337561e-03
5.800037182496337561e-03
7.693217871049297385e-03
7.693217871049297385e-03
7.693217871049297385e-03
7.693217871049297385e-03
7.693217871049297385e-03
7.693217871049297385e-03
7.693217871049297385e-03
7.693217871049297385e-03
7.693217871049297385e-03
7.693217871049297385e-03
7.693217871049297385e-03
3.622303559670509571e-02
3.622303559670509571e-02
3.622303559670509571e-02
3.622303559670509571e-02
3.622303559670509571e-02
3.622303559670509571e-02
3.622303559670509571e-02
3.622303559670509571e-02
9.660036657747773231e-03
2.683513919872248035e-03
2.683513919872248035e-03
1.465476362917148695e-02
1.946862993953401774e-02
1.946862993953401774e-02
1.946862993953401774e-02
1.946862993953401774e-02
1.946862993953401774e-02
1.946862993953401774e-02
1.946862993953401774e-02
1.946862993953401774e-02
7.715901558949597380e-03
4.954150154329712251e-04
4.954150154329712251e-04
4.954150154329712251e-04
4.954150154329712251e-04
4.954150154329712251e-04
4.954150154329712251e-04
4.954150154329712251e-04
4.954150154329712251e-04
2.376004690480307616e-03
2.376004690480307616e-03
2.376004690480307616e-03
2.376004690480307616e-03
2.376004690480307616e-03
2.376004690480307616e-03
2.376004690480307616e-03
2.376004690480307616e-03
2.376004690480307616e-03
2.376004690480307616e-03
2.376004690480307616e-03
2.376004690480307616e-03
2.376004690480307616e-03
2.376004690480307616e-03
2.376004690480307616e-03
2.376004690480307616e-03
2.376004690480307616e-03
2.376004690480307616e-03
2.376004690480307616e-03
0.000000000000000000e+00
0.000000000000000000e+00
0.000000000000000000e+00
0.000000000000000000e+00
0.000000000000000000e+00
0.000000000000000000e+00
0.000000000000000000e+00
0.000000000000000000e+00
0.000000000000000000e+00
0.000000000000000000e+00
0.000000000000000000e+00
0.000000000000000000e+00
0.000000000000000000e+00
0.000000000000000000e+00
0.000000000000000000e+00
0.000000000000000000e+00
0.000000000000000000e+00
1.218719210051535592e-02
1.218719210051535592e-02
1.981007838738607987e-03
1.981007838738607987e-03
1.981007838738607987e-03
1.981007838738607987e-03
1.981007838738607987e-03
1.981007838738607987e-03
1.981007838738607987e-03
1.981007838738607987e-03
3.916802494849943401e-04
3.916802494849943401e-04
3.916802494849943401e-04
3.916802494849943401e-04
3.916802494849943401e-04
3.916802494849943401e-04
3.916802494849943401e-04
3.916802494849943401e-04
3.916802494849943401e-04
3.916802494849943401e-04
3.916802494849943401e-04
1.870101615086428026e-02
3.468491067702440811e-02
3.468491067702440811e-02
3.468491067702440811e-02
3.468491067702440811e-02
3.468491067702440811e-02
3.468491067702440811e-02
1.749195887663779767e-03
1.831962553706778171e-02
1.831962553706778171e-02
1.831962553706778171e-02
1.831962553706778171e-02
1.831962553706778171e-02
1.831962553706778171e-02
1.831962553706778171e-02
1.831962553706778171e-02
1.831962553706778171e-02
1.831962553706778171e-02
9.660036657747773231e-03
9.660036657747773231e-03
9.660036657747773231e-03
9.660036657747773231e-03
9.660036657747773231e-03
9.660036657747773231e-03
9.660036657747773231e-03
9.660036657747773231e-03
9.660036657747773231e-03
9.660036657747773231e-03
1.104491271553707799e-02
1.280096534276607689e-02
1.280096534276607689e-02
1.280096534276607689e-02
1.280096534276607689e-02
1.870101615086428026e-02
1.870101615086428026e-02
1.870101615086428026e-02
1.870101615086428026e-02
1.870101615086428026e-02
1.870101615086428026e-02
1.870101615086428026e-02
1.870101615086428026e-02
1.870101615086428026e-02
1.870101615086428026e-02
1.870101615086428026e-02
1.870101615086428026e-02
1.870101615086428026e-02
1.870101615086428026e-02
1.870101615086428026e-02
1.870101615086428026e-02
1.870101615086428026e-02
1.870101615086428026e-02
1.870101615086428026e-02
1.870101615086428026e-02
1.870101615086428026e-02
1.870101615086428026e-02
1.870101615086428026e-02
1.870101615086428026e-02
1.870101615086428026e-02
1.870101615086428026e-02
1.267733803437196861e-02
8.758737736443438296e-03
8.758737736443438296e-03
8.758737736443438296e-03
8.758737736443438296e-03
8.758737736443438296e-03
8.758737736443438296e-03
8.758737736443438296e-03
8.758737736443438296e-03
8.758737736443438296e-03
8.758737736443438296e-03
8.939212309962753580e-03
8.939212309962753580e-03
8.939212309962753580e-03
8.939212309962753580e-03
8.939212309962753580e-03
8.939212309962753580e-03
8.939212309962753580e-03
8.939212309962753580e-03
8.939212309962753580e-03
8.939212309962753580e-03
8.939212309962753580e-03
8.939212309962753580e-03
8.939212309962753580e-03
8.939212309962753580e-03
8.939212309962753580e-03
8.939212309962753580e-03
8.939212309962753580e-03
8.939212309962753580e-03
8.939212309962753580e-03
8.939212309962753580e-03
8.939212309962753580e-03
8.939212309962753580e-03
8.939212309962753580e-03
8.939212309962753580e-03
8.939212309962753580e-03
8.939212309962753580e-03
8.939212309962753580e-03
1.380856683104137459e-03
6.206728292271421372e-03
6.206728292271421372e-03
1.061901259236246869e-02
1.415616547810109307e-03
1.415616547810109307e-03
1.415616547810109307e-03
1.415616547810109307e-03
1.415616547810109307e-03
1.415616547810109307e-03
1.415616547810109307e-03
1.415616547810109307e-03
6.181139755471611041e-03
0.000000000000000000e+00
0.000000000000000000e+00
1.311100557668232018e-02
6.001466073292117606e-03
6.001466073292117606e-03
6.001466073292117606e-03
6.001466073292117606e-03
6.001466073292117606e-03
6.001466073292117606e-03
6.001466073292117606e-03
6.001466073292117606e-03
1.853110417157326911e-02
1.779120642341426584e-02
1.779120642341426584e-02
1.779120642341426584e-02
1.779120642341426584e-02
1.779120642341426584e-02
1.779120642341426584e-02
1.779120642341426584e-02
1.779120642341426584e-02
3.505760616032655569e-02
5.949534314972026311e-02
5.949534314972026311e-02
6.034080005821749158e-03
6.034080005821749158e-03
6.034080005821749158e-03
6.034080005821749158e-03
6.034080005821749158e-03
6.034080005821749158e-03
6.034080005821749158e-03
6.034080005821749158e-03
6.034080005821749158e-03
6.034080005821749158e-03
6.034080005821749158e-03
6.034080005821749158e-03
6.034080005821749158e-03
6.034080005821749158e-03
6.034080005821749158e-03
6.034080005821749158e-03
6.034080005821749158e-03
6.034080005821749158e-03
6.034080005821749158e-03
6.034080005821749158e-03
6.034080005821749158e-03
6.034080005821749158e-03
6.034080005821749158e-03
6.034080005821749158e-03
6.034080005821749158e-03
0.000000000000000000e+00
0.000000000000000000e+00
0.000000000000000000e+00
0.000000000000000000e+00
0.000000000000000000e+00
0.000000000000000000e+00
0.000000000000000000e+00
0.000000000000000000e+00
0.000000000000000000e+00
0.000000000000000000e+00
0.000000000000000000e+00
0.000000000000000000e+00
1.601374203447645389e-02
1.601374203447645389e-02
1.601374203447645389e-02
1.601374203447645389e-02
1.601374203447645389e-02
1.601374203447645389e-02
0.000000000000000000e+00
0.000000000000000000e+00
0.000000000000000000e+00
0.000000000000000000e+00
0.000000000000000000e+00
0.000000000000000000e+00
0.000000000000000000e+00
0.000000000000000000e+00
0.000000000000000000e+00
0.000000000000000000e+00
0.000000000000000000e+00
3.250218789503074492e-03
1.443731145761142573e-02
1.443731145761142573e-02
1.443731145761142573e-02
1.443731145761142573e-02
1.443731145761142573e-02
1.443731145761142573e-02
1.061901259236246869e-02
1.061901259236246869e-02
1.061901259236246869e-02
1.061901259236246869e-02
6.181139755471611041e-03
6.181139755471611041e-03
0.000000000000000000e+00
6.181139755471611041e-03
6.181139755471611041e-03
6.181139755471611041e-03
8.570365141792919347e-03
8.570365141792919347e-03
8.570365141792919347e-03
8.570365141792919347e-03
8.570365141792919347e-03
8.570365141792919347e-03
8.570365141792919347e-03
8.570365141792919347e-03
8.570365141792919347e-03
8.570365141792919347e-03
8.570365141792919347e-03
1.366739305586757436e-02
1.398230588940477075e-02
1.398230588940477075e-02
1.398230588940477075e-02
1.398230588940477075e-02
2.676573759796435983e-02
2.194967828617276628e-02
2.194967828617276628e-02
2.194967828617276628e-02
2.194967828617276628e-02
2.194967828617276628e-02
2.194967828617276628e-02
2.194967828617276628e-02
2.194967828617276628e-02
2.194967828617276628e-02
2.194967828617276628e-02
2.194967828617276628e-02
2.194967828617276628e-02
2.570517143382348643e-02
4.120147478885184678e-02
4.120147478885184678e-02
4.120147478885184678e-02
4.120147478885184678e-02
4.120147478885184678e-02
4.120147478885184678e-02
4.120147478885184678e-02
4.120147478885184678e-02
7.374325674137116073e-04
7.374325674137116073e-04
7.374325674137116073e-04
7.374325674137116073e-04
7.374325674137116073e-04
7.374325674137116073e-04
7.374325674137116073e-04
7.374325674137116073e-04
7.374325674137116073e-04
7.374325674137116073e-04
7.374325674137116073e-04
3.250218789503074492e-03
3.250218789503074492e-03
3.250218789503074492e-03
3.250218789503074492e-03
1.184051506247882010e-02
2.111159492467084425e-02
2.111159492467084425e-02
2.111159492467084425e-02
2.111159492467084425e-02
2.111159492467084425e-02
2.111159492467084425e-02
1.129856002207027532e-02
1.222137135444163226e-02
1.222137135444163226e-02
0.000000000000000000e+00
9.118595599646660244e-05
9.118595599646660244e-05
9.118595599646660244e-05
9.118595599646660244e-05
9.118595599646660244e-05
9.118595599646660244e-05
9.118595599646660244e-05
9.118595599646660244e-05
9.118595599646660244e-05
9.118595599646660244e-05
9.118595599646660244e-05
9.118595599646660244e-05
0.000000000000000000e+00
0.000000000000000000e+00
0.000000000000000000e+00
0.000000000000000000e+00
0.000000000000000000e+00
0.000000000000000000e+00
0.000000000000000000e+00
0.000000000000000000e+00
0.000000000000000000e+00
0.000000000000000000e+00
0.000000000000000000e+00
0.000000000000000000e+00
0.000000000000000000e+00
0.000000000000000000e+00
0.000000000000000000e+00
0.000000000000000000e+00
0.000000000000000000e+00
0.000000000000000000e+00
0.000000000000000000e+00
0.000000000000000000e+00
0.000000000000000000e+00
1.366739305586757436e-02
1.531579476971915155e-01
1.531579476971915155e-01
1.531579476971915155e-01
1.531579476971915155e-01
1.531579476971915155e-01
1.531579476971915155e-01
0.000000000000000000e+00
0.000000000000000000e+00
0.000000000000000000e+00
0.000000000000000000e+00
0.000000000000000000e+00
0.000000000000000000e+00
0.000000000000000000e+00
0.000000000000000000e+00
0.000000000000000000e+00
0.000000000000000000e+00
0.000000000000000000e+00
0.000000000000000000e+00
0.000000000000000000e+00
4.111195126002977797e-03
4.111195126002977797e-03
4.111195126002977797e-03
4.111195126002977797e-03
4.111195126002977797e-03
4.111195126002977797e-03
4.111195126002977797e-03
4.111195126002977797e-03
4.111195126002977797e-03
4.111195126002977797e-03
4.111195126002977797e-03
4.111195126002977797e-03
4.111195126002977797e-03
4.111195126002977797e-03
4.111195126002977797e-03
6.033340117966470156e-02
2.570517143382348643e-02
2.570517143382348643e-02
2.570517143382348643e-02
0.000000000000000000e+00
0.000000000000000000e+00
0.000000000000000000e+00
2.270832019746497378e-03
2.270832019746497378e-03
2.270832019746497378e-03
2.270832019746497378e-03
2.270832019746497378e-03
2.270832019746497378e-03
2.270832019746497378e-03
2.270832019746497378e-03
2.270832019746497378e-03
2.270832019746497378e-03
2.270832019746497378e-03
2.270832019746497378e-03
2.270832019746497378e-03
1.526958488124037332e-02
3.089425552808048800e-02
3.089425552808048800e-02
3.089425552808048800e-02
3.089425552808048800e-02
3.089425552808048800e-02
3.089425552808048800e-02
9.034712105324855039e-03
9.034712105324855039e-03
9.034712105324855039e-03
9.034712105324855039e-03
9.034712105324855039e-03
9.034712105324855039e-03
9.034712105324855039e-03
9.034712105324855039e-03
9.034712105324855039e-03
9.034712105324855039e-03
9.034712105324855039e-03
1.074415684380383186e-02
1.771573513868226427e-03
1.771573513868226427e-03
1.771573513868226427e-03
1.771573513868226427e-03
1.771573513868226427e-03
1.771573513868226427e-03
1.771573513868226427e-03
1.771573513868226427e-03
1.771573513868226427e-03
1.771573513868226427e-03
1.771573513868226427e-03
1.771573513868226427e-03
1.771573513868226427e-03
1.771573513868226427e-03
1.771573513868226427e-03
1.771573513868226427e-03
1.771573513868226427e-03
1.771573513868226427e-03
0.000000000000000000e+00
0.000000000000000000e+00
0.000000000000000000e+00
0.000000000000000000e+00
0.000000000000000000e+00
2.998975944469729933e-03
4.288342842549301009e-02
4.288342842549301009e-02
4.288342842549301009e-02
4.288342842549301009e-02
4.288342842549301009e-02
4.288342842549301009e-02
1.321999431465536654e-02
3.326029051585929069e-02
3.326029051585929069e-02
3.326029051585929069e-02
3.326029051585929069e-02
3.703490990313636471e-03
3.703490990313636471e-03
3.703490990313636471e-03
3.703490990313636471e-03
3.703490990313636471e-03
3.703490990313636471e-03
3.703490990313636471e-03
3.703490990313636471e-03
3.703490990313636471e-03
3.703490990313636471e-03
3.703490990313636471e-03
3.782197598901507109e-03
3.782197598901507109e-03
3.782197598901507109e-03
3.782197598901507109e-03
3.782197598901507109e-03
3.782197598901507109e-03
3.782197598901507109e-03
3.782197598901507109e-03
3.782197598901507109e-03
3.782197598901507109e-03
3.782197598901507109e-03
6.033340117966470156e-02
6.033340117966470156e-02
6.033340117966470156e-02
6.033340117966470156e-02
6.033340117966470156e-02
6.033340117966470156e-02
6.033340117966470156e-02
6.033340117966470156e-02
6.033340117966470156e-02
6.033340117966470156e-02
6.033340117966470156e-02
6.033340117966470156e-02
6.033340117966470156e-02
6.033340117966470156e-02
6.033340117966470156e-02
6.033340117966470156e-02
1.798943533173632365e-04
1.783022009711149325e-02
1.798943533173632365e-04
1.798943533173632365e-04
1.798943533173632365e-04
1.798943533173632365e-04
1.798943533173632365e-04
1.798943533173632365e-04
1.798943533173632365e-04
1.783022009711149325e-02
2.977712848909111476e-02
2.921585733122610690e-02
2.921585733122610690e-02
2.921585733122610690e-02
2.921585733122610690e-02
2.921585733122610690e-02
2.921585733122610690e-02
2.034000256079222455e-02
2.034000256079222455e-02
2.034000256079222455e-02
2.034000256079222455e-02
2.034000256079222455e-02
2.034000256079222455e-02
2.034000256079222455e-02
2.034000256079222455e-02
2.034000256079222455e-02
2.034000256079222455e-02
2.034000256079222455e-02
2.034000256079222455e-02
2.034000256079222455e-02
2.034000256079222455e-02
2.034000256079222455e-02
2.034000256079222455e-02
2.034000256079222455e-02
0.000000000000000000e+00
0.000000000000000000e+00
0.000000000000000000e+00
0.000000000000000000e+00
0.000000000000000000e+00
0.000000000000000000e+00
1.424146910471314233e-02
6.879156782995556182e-04
6.879156782995556182e-04
6.879156782995556182e-04
6.879156782995556182e-04
1.129856002207027532e-02
6.879156782995556182e-04
2.468505876727798611e-03
2.468505876727798611e-03
2.468505876727798611e-03
2.468505876727798611e-03
2.468505876727798611e-03
2.468505876727798611e-03
2.468505876727798611e-03
2.468505876727798611e-03
2.468505876727798611e-03
2.468505876727798611e-03
2.468505876727798611e-03
2.468505876727798611e-03
2.468505876727798611e-03
2.468505876727798611e-03
2.468505876727798611e-03
2.468505876727798611e-03
2.468505876727798611e-03
2.468505876727798611e-03
2.468505876727798611e-03
2.468505876727798611e-03
2.468505876727798611e-03
2.468505876727798611e-03
2.468505876727798611e-03
1.063414016099486874e-02
1.063414016099486874e-02
1.063414016099486874e-02
1.063414016099486874e-02
1.063414016099486874e-02
1.063414016099486874e-02
1.063414016099486874e-02
1.063414016099486874e-02
1.063414016099486874e-02
1.063414016099486874e-02
1.063414016099486874e-02
1.321999431465536654e-02
7.188281402016096985e-03
7.188281402016096985e-03
7.188281402016096985e-03
7.188281402016096985e-03
7.188281402016096985e-03
7.188281402016096985e-03
7.188281402016096985e-03
7.188281402016096985e-03
1.555838834913870691e-02
1.257516257882871497e-02
1.257516257882871497e-02
1.257516257882871497e-02
1.257516257882871497e-02
1.257516257882871497e-02
1.257516257882871497e-02
1.257516257882871497e-02
1.257516257882871497e-02
1.257516257882871497e-02
1.257516257882871497e-02
1.257516257882871497e-02
1.257516257882871497e-02
0.000000000000000000e+00
8.960504594652758670e-03
8.960504594652758670e-03
8.960504594652758670e-03
8.960504594652758670e-03
8.960504594652758670e-03
8.960504594652758670e-03
8.960504594652758670e-03
8.960504594652758670e-03
8.628936671040249654e-03
8.628936671040249654e-03
8.628936671040249654e-03
8.628936671040249654e-03
8.628936671040249654e-03
8.628936671040249654e-03
8.628936671040249654e-03
8.628936671040249654e-03
8.628936671040249654e-03
7.236632450583126153e-03
8.628936671040249654e-03
4.256124777072433328e-03
4.256124777072433328e-03
4.256124777072433328e-03
4.256124777072433328e-03
4.256124777072433328e-03
4.256124777072433328e-03
4.256124777072433328e-03
4.256124777072433328e-03
4.256124777072433328e-03
4.256124777072433328e-03
4.256124777072433328e-03
4.256124777072433328e-03
4.256124777072433328e-03
4.256124777072433328e-03
4.256124777072433328e-03
2.223457123395536708e-02
4.256124777072433328e-03
1.441561148803687659e-02
6.874415658657226022e-03
6.874415658657226022e-03
1.164109647659421903e-02
1.431958339442595922e-02
1.431958339442595922e-02
1.431958339442595922e-02
1.431958339442595922e-02
1.431958339442595922e-02
1.431958339442595922e-02
1.431958339442595922e-02
1.431958339442595922e-02
1.431958339442595922e-02
1.431958339442595922e-02
1.431958339442595922e-02
1.431958339442595922e-02
1.431958339442595922e-02
1.431958339442595922e-02
1.431958339442595922e-02
1.431958339442595922e-02
1.431958339442595922e-02
1.431958339442595922e-02
1.431958339442595922e-02
1.431958339442595922e-02
1.431958339442595922e-02
1.431958339442595922e-02
1.431958339442595922e-02
1.431958339442595922e-02
1.431958339442595922e-02
1.431958339442595922e-02
1.431958339442595922e-02
1.431958339442595922e-02
2.977712848909111476e-02
2.977712848909111476e-02
2.977712848909111476e-02
2.977712848909111476e-02
2.977712848909111476e-02
2.977712848909111476e-02
2.977712848909111476e-02
2.977712848909111476e-02
2.977712848909111476e-02
2.977712848909111476e-02
2.977712848909111476e-02
2.977712848909111476e-02
2.977712848909111476e-02
2.977712848909111476e-02
2.977712848909111476e-02
2.977712848909111476e-02
2.977712848909111476e-02
2.977712848909111476e-02
2.879512584005507886e-03
6.922563813954079985e-03
6.922563813954079985e-03
6.922563813954079985e-03
6.922563813954079985e-03
6.922563813954079985e-03
6.922563813954079985e-03
6.922563813954079985e-03
6.922563813954079985e-03
1.519891765875559971e-02
1.667805304137694872e-02
1.667805304137694872e-02
1.667805304137694872e-02
1.667805304137694872e-02
5.085740574016415182e-03
5.085740574016415182e-03
5.085740574016415182e-03
5.085740574016415182e-03
5.085740574016415182e-03
5.085740574016415182e-03
5.085740574016415182e-03
5.085740574016415182e-03
5.085740574016415182e-03
5.085740574016415182e-03
5.085740574016415182e-03
5.085740574016415182e-03
5.085740574016415182e-03
1.424146910471314233e-02
1.424146910471314233e-02
3.521790631341781969e-02
3.521790631341781969e-02
3.521790631341781969e-02
3.521790631341781969e-02
3.521790631341781969e-02
3.521790631341781969e-02
3.521790631341781969e-02
3.521790631341781969e-02
3.521790631341781969e-02
3.521790631341781969e-02
3.521790631341781969e-02
8.293352351804556336e-03
8.293352351804556336e-03
8.293352351804556336e-03
8.293352351804556336e-03
8.293352351804556336e-03
8.293352351804556336e-03
8.293352351804556336e-03
8.293352351804556336e-03
8.293352351804556336e-03
8.293352351804556336e-03
8.293352351804556336e-03
8.293352351804556336e-03
8.293352351804556336e-03
8.293352351804556336e-03
8.293352351804556336e-03
8.293352351804556336e-03
8.293352351804556336e-03
8.293352351804556336e-03
8.293352351804556336e-03
6.564150757697074937e-04
3.583291613829590189e-03
3.583291613829590189e-03
1.223267401522981981e-02
3.344517753340281625e-03
3.344517753340281625e-03
3.344517753340281625e-03
3.344517753340281625e-03
0.000000000000000000e+00
1.844386384659153213e-03
1.844386384659153213e-03
1.844386384659153213e-03
1.844386384659153213e-03
1.844386384659153213e-03
1.844386384659153213e-03
1.844386384659153213e-03
1.844386384659153213e-03
5.109605384268454432e-03
4.934167885744033394e-03
4.934167885744033394e-03
4.934167885744033394e-03
4.934167885744033394e-03
1.249203919856169966e-04
0.000000000000000000e+00
0.000000000000000000e+00
0.000000000000000000e+00
0.000000000000000000e+00
0.000000000000000000e+00
0.000000000000000000e+00
1.358925360968337576e-02
1.227915782778318669e-04
1.227915782778318669e-04
2.879512584005507886e-03
2.879512584005507886e-03
2.879512584005507886e-03
2.879512584005507886e-03
1.829133197315170600e-02
0.000000000000000000e+00
0.000000000000000000e+00
3.016762963072506382e-03
3.016762963072506382e-03
3.016762963072506382e-03
3.016762963072506382e-03
3.016762963072506382e-03
3.016762963072506382e-03
3.016762963072506382e-03
3.016762963072506382e-03
3.016762963072506382e-03
3.016762963072506382e-03
3.016762963072506382e-03
0.000000000000000000e+00
1.082874854558514392e-02
1.082874854558514392e-02
1.082874854558514392e-02
1.082874854558514392e-02
1.082874854558514392e-02
1.082874854558514392e-02
1.082874854558514392e-02
1.082874854558514392e-02
1.082874854558514392e-02
1.082874854558514392e-02
1.082874854558514392e-02
1.082874854558514392e-02
1.082874854558514392e-02
1.082874854558514392e-02
1.082874854558514392e-02
1.082874854558514392e-02
1.082874854558514392e-02
1.082874854558514392e-02
1.082874854558514392e-02
1.082874854558514392e-02
1.082874854558514392e-02
1.082874854558514392e-02
1.082874854558514392e-02
1.082874854558514392e-02
1.218201335949445916e-03
2.696031415679246441e-03
2.696031415679246441e-03
4.124156714570093724e-02
4.124156714570093724e-02
4.124156714570093724e-02
4.124156714570093724e-02
4.124156714570093724e-02
4.124156714570093724e-02
4.124156714570093724e-02
4.124156714570093724e-02
4.124156714570093724e-02
4.124156714570093724e-02
4.124156714570093724e-02
4.124156714570093724e-02
4.124156714570093724e-02
4.124156714570093724e-02
4.124156714570093724e-02
4.124156714570093724e-02
4.124156714570093724e-02
4.124156714570093724e-02
4.124156714570093724e-02
4.124156714570093724e-02
4.124156714570093724e-02
6.564150757697074937e-04
6.564150757697074937e-04
6.564150757697074937e-04
6.564150757697074937e-04
6.564150757697074937e-04
6.564150757697074937e-04
6.564150757697074937e-04
6.564150757697074937e-04
0.000000000000000000e+00
0.000000000000000000e+00
2.269666743076787993e-02
2.673712947284944547e-02
2.673712947284944547e-02
2.673712947284944547e-02
2.673712947284944547e-02
2.673712947284944547e-02
2.673712947284944547e-02
2.673712947284944547e-02
2.673712947284944547e-02
0.000000000000000000e+00
0.000000000000000000e+00
0.000000000000000000e+00
0.000000000000000000e+00
0.000000000000000000e+00
0.000000000000000000e+00
0.000000000000000000e+00
0.000000000000000000e+00
0.000000000000000000e+00
4.044526046792485362e-03
2.223995793672113239e-02
2.223995793672113239e-02
2.223995793672113239e-02
2.223995793672113239e-02
2.223995793672113239e-02
2.223995793672113239e-02
0.000000000000000000e+00
2.814732666237369438e-03
2.814732666237369438e-03
2.814732666237369438e-03
2.814732666237369438e-03
2.814732666237369438e-03
2.814732666237369438e-03
2.814732666237369438e-03
2.814732666237369438e-03
2.814732666237369438e-03
2.814732666237369438e-03
2.814732666237369438e-03
2.814732666237369438e-03
5.109605384268454432e-03
5.109605384268454432e-03
5.109605384268454432e-03
5.109605384268454432e-03
5.109605384268454432e-03
5.109605384268454432e-03
1.137748425169075872e-02
1.441561148803687659e-02
1.441561148803687659e-02
1.441561148803687659e-02
1.441561148803687659e-02
1.441561148803687659e-02
1.441561148803687659e-02
1.441561148803687659e-02
1.249203919856169966e-04
1.249203919856169966e-04
1.249203919856169966e-04
1.249203919856169966e-04
1.249203919856169966e-04
1.249203919856169966e-04
1.249203919856169966e-04
1.249203919856169966e-04
1.249203919856169966e-04
1.249203919856169966e-04
1.249203919856169966e-04
1.249203919856169966e-04
1.249203919856169966e-04
1.249203919856169966e-04
1.249203919856169966e-04
1.249203919856169966e-04
1.257032817694925166e-03
1.257032817694925166e-03
1.257032817694925166e-03
1.257032817694925166e-03
1.257032817694925166e-03
1.257032817694925166e-03
1.257032817694925166e-03
1.257032817694925166e-03
1.257032817694925166e-03
1.257032817694925166e-03
1.257032817694925166e-03
1.953285800378712703e-02
1.953285800378712703e-02
1.953285800378712703e-02
1.953285800378712703e-02
1.953285800378712703e-02
1.953285800378712703e-02
1.953285800378712703e-02
1.829133197315170600e-02
1.829133197315170600e-02
1.829133197315170600e-02
1.829133197315170600e-02
1.829133197315170600e-02
1.829133197315170600e-02
1.829133197315170600e-02
1.829133197315170600e-02
1.829133197315170600e-02
1.829133197315170600e-02
1.829133197315170600e-02
1.829133197315170600e-02
1.829133197315170600e-02
1.829133197315170600e-02
2.746308079141720438e-05
1.218201335949445916e-03
1.218201335949445916e-03
1.218201335949445916e-03
1.023646358539040055e-02
1.185822190010512277e-02
1.185822190010512277e-02
1.369933881683319150e-02
1.273633244461251125e-02
1.273633244461251125e-02
1.273633244461251125e-02
1.273633244461251125e-02
2.998975944469729933e-03
5.856197701643556242e-03
5.856197701643556242e-03
0.000000000000000000e+00
0.000000000000000000e+00
0.000000000000000000e+00
0.000000000000000000e+00
0.000000000000000000e+00
0.000000000000000000e+00
0.000000000000000000e+00
0.000000000000000000e+00
0.000000000000000000e+00
0.000000000000000000e+00
0.000000000000000000e+00
0.000000000000000000e+00
0.000000000000000000e+00
0.000000000000000000e+00
0.000000000000000000e+00
0.000000000000000000e+00
0.000000000000000000e+00
0.000000000000000000e+00
0.000000000000000000e+00
2.269666743076787993e-02
2.269666743076787993e-02
2.269666743076787993e-02
2.269666743076787993e-02
2.315047968381830218e-02
1.926583574924558423e-02
1.926583574924558423e-02
1.926583574924558423e-02
1.926583574924558423e-02
1.926583574924558423e-02
1.926583574924558423e-02
1.926583574924558423e-02
1.926583574924558423e-02
1.926583574924558423e-02
1.926583574924558423e-02
1.137748425169075872e-02
1.137748425169075872e-02
1.137748425169075872e-02
1.137748425169075872e-02
1.137748425169075872e-02
1.137748425169075872e-02
1.137748425169075872e-02
1.137748425169075872e-02
1.137748425169075872e-02
1.137748425169075872e-02
1.137748425169075872e-02
1.137748425169075872e-02
1.137748425169075872e-02
1.137748425169075872e-02
1.137748425169075872e-02
1.137748425169075872e-02
1.137748425169075872e-02
1.137748425169075872e-02
0.000000000000000000e+00
0.000000000000000000e+00
0.000000000000000000e+00
6.319094455541914880e-03
6.319094455541914880e-03
6.319094455541914880e-03
6.319094455541914880e-03
6.319094455541914880e-03
6.319094455541914880e-03
6.319094455541914880e-03
6.319094455541914880e-03
6.319094455541914880e-03
6.319094455541914880e-03
6.319094455541914880e-03
0.000000000000000000e+00
7.080537732386541633e-03
7.080537732386541633e-03
7.080537732386541633e-03
7.080537732386541633e-03
7.080537732386541633e-03
7.080537732386541633e-03
4.381617119202226192e-03
1.358925360968337576e-02
1.358925360968337576e-02
1.358925360968337576e-02
1.358925360968337576e-02
1.358925360968337576e-02
2.746308079141720438e-05
2.746308079141720438e-05
2.746308079141720438e-05
2.746308079141720438e-05
1.369933881683319150e-02
1.369933881683319150e-02
1.369933881683319150e-02
1.369933881683319150e-02
1.369933881683319150e-02
1.369933881683319150e-02
2.998975944469729933e-03
2.315047968381830218e-02
2.315047968381830218e-02
2.315047968381830218e-02
2.315047968381830218e-02
2.315047968381830218e-02
2.315047968381830218e-02
2.315047968381830218e-02
2.315047968381830218e-02
2.315047968381830218e-02
2.315047968381830218e-02
2.315047968381830218e-02
2.315047968381830218e-02
2.315047968381830218e-02
2.315047968381830218e-02
2.725763304515667687e-02
1.171141202149272170e-02
1.171141202149272170e-02
1.171141202149272170e-02
1.171141202149272170e-02
1.171141202149272170e-02
1.171141202149272170e-02
1.171141202149272170e-02
1.171141202149272170e-02
1.171141202149272170e-02
1.171141202149272170e-02
0.000000000000000000e+00
4.694347642023385817e-04
4.694347642023385817e-04
4.694347642023385817e-04
4.694347642023385817e-04
4.694347642023385817e-04
4.694347642023385817e-04
2.187614699470667636e-03
1.353599670186575628e-02
1.353599670186575628e-02
3.519307685575875921e-02
1.353599670186575628e-02
1.353599670186575628e-02
1.353599670186575628e-02
2.187614699470667636e-03
1.353599670186575628e-02
4.514938106953274299e-02
0.000000000000000000e+00
0.000000000000000000e+00
1.885752370901418867e-02
1.885752370901418867e-02
1.885752370901418867e-02
1.885752370901418867e-02
1.885752370901418867e-02
1.885752370901418867e-02
1.885752370901418867e-02
1.885752370901418867e-02
1.885752370901418867e-02
1.885752370901418867e-02
1.885752370901418867e-02
1.885752370901418867e-02
1.885752370901418867e-02
1.885752370901418867e-02
1.885752370901418867e-02
1.885752370901418867e-02
1.885752370901418867e-02
1.885752370901418867e-02
1.885752370901418867e-02
1.885752370901418867e-02
1.885752370901418867e-02
1.885752370901418867e-02
1.885752370901418867e-02
1.554851202376642504e-02
0.000000000000000000e+00
0.000000000000000000e+00
7.795850791194351356e-03
7.795850791194351356e-03
7.795850791194351356e-03
7.795850791194351356e-03
7.795850791194351356e-03
7.795850791194351356e-03
7.795850791194351356e-03
7.795850791194351356e-03
7.795850791194351356e-03
7.795850791194351356e-03
7.795850791194351356e-03
7.795850791194351356e-03
7.795850791194351356e-03
7.795850791194351356e-03
7.795850791194351356e-03
7.795850791194351356e-03
7.795850791194351356e-03
3.802195783275640756e-02
4.194447156630942697e-02
4.194447156630942697e-02
4.381617119202226192e-03
4.381617119202226192e-03
4.381617119202226192e-03
4.381617119202226192e-03
3.802195783275640756e-02
3.802195783275640756e-02
3.802195783275640756e-02
3.802195783275640756e-02
2.997116515162856834e-02
3.802195783275640756e-02
1.728362294030900970e-02
1.728362294030900970e-02
1.728362294030900970e-02
1.728362294030900970e-02
1.728362294030900970e-02
1.728362294030900970e-02
1.728362294030900970e-02
1.728362294030900970e-02
1.728362294030900970e-02
1.728362294030900970e-02
1.728362294030900970e-02
1.728362294030900970e-02
1.728362294030900970e-02
1.728362294030900970e-02
1.728362294030900970e-02
1.728362294030900970e-02
1.728362294030900970e-02
1.728362294030900970e-02
1.728362294030900970e-02
1.728362294030900970e-02
1.728362294030900970e-02
1.728362294030900970e-02
1.728362294030900970e-02
3.280004686732269914e-02
1.643772395173154557e-02
1.643772395173154557e-02
1.643772395173154557e-02
1.643772395173154557e-02
1.643772395173154557e-02
1.023646358539040055e-02
1.084092252110520349e-02
1.084092252110520349e-02
1.084092252110520349e-02
1.084092252110520349e-02
6.171245951260407800e-03
1.743147005085560891e-02
1.743147005085560891e-02
1.743147005085560891e-02
1.743147005085560891e-02
1.743147005085560891e-02
1.743147005085560891e-02
1.743147005085560891e-02
1.743147005085560891e-02
1.743147005085560891e-02
1.743147005085560891e-02
1.743147005085560891e-02
1.743147005085560891e-02
1.743147005085560891e-02
1.743147005085560891e-02
2.631481138435654357e-02
1.743147005085560891e-02
1.472749488792515944e-02
1.472749488792515944e-02
1.472749488792515944e-02
1.472749488792515944e-02
1.472749488792515944e-02
1.472749488792515944e-02
1.472749488792515944e-02
1.472749488792515944e-02
1.472749488792515944e-02
1.472749488792515944e-02
1.472749488792515944e-02
1.472749488792515944e-02
1.472749488792515944e-02
1.472749488792515944e-02
1.472749488792515944e-02
3.519307685575875921e-02
1.104491271553707799e-02
7.656265204157374805e-03
7.656265204157374805e-03
7.656265204157374805e-03
7.656265204157374805e-03
5.951653951873689570e-03
5.251489507035181012e-03
5.251489507035181012e-03
5.251489507035181012e-03
5.251489507035181012e-03
5.251489507035181012e-03
5.251489507035181012e-03
4.514938106953274299e-02
4.514938106953274299e-02
4.514938106953274299e-02
4.514938106953274299e-02
4.514938106953274299e-02
4.514938106953274299e-02
4.514938106953274299e-02
4.514938106953274299e-02
5.100883171861287854e-03
1.554851202376642504e-02
5.100883171861287854e-03
5.100883171861287854e-03
5.100883171861287854e-03
5.100883171861287854e-03
5.100883171861287854e-03
5.100883171861287854e-03
5.100883171861287854e-03
5.100883171861287854e-03
5.100883171861287854e-03
8.629098344783711974e-03
8.629098344783711974e-03
8.629098344783711974e-03
8.629098344783711974e-03
8.629098344783711974e-03
8.629098344783711974e-03
8.629098344783711974e-03
8.629098344783711974e-03
8.629098344783711974e-03
8.629098344783711974e-03
8.629098344783711974e-03
8.629098344783711974e-03
8.629098344783711974e-03
3.925875756858245025e-03
1.738187117407348796e-04
1.738187117407348796e-04
2.187614699470667636e-03
2.187614699470667636e-03
2.187614699470667636e-03
2.187614699470667636e-03
7.645168716358982479e-03
0.000000000000000000e+00
0.000000000000000000e+00
0.000000000000000000e+00
0.000000000000000000e+00
0.000000000000000000e+00
0.000000000000000000e+00
2.100314413588318368e-03
4.675546885453725357e-04
4.675546885453725357e-04
4.675546885453725357e-04
4.675546885453725357e-04
4.675546885453725357e-04
4.675546885453725357e-04
2.997116515162856834e-02
7.989201556598921061e-03
4.718913941238299793e-04
4.718913941238299793e-04
4.718913941238299793e-04
4.718913941238299793e-04
4.718913941238299793e-04
4.718913941238299793e-04
4.718913941238299793e-04
4.718913941238299793e-04
4.718913941238299793e-04
4.718913941238299793e-04
4.718913941238299793e-04
4.718913941238299793e-04
4.718913941238299793e-04
4.718913941238299793e-04
8.470703765119465614e-03
8.470703765119465614e-03
8.470703765119465614e-03
8.470703765119465614e-03
8.470703765119465614e-03
8.470703765119465614e-03
8.470703765119465614e-03
8.470703765119465614e-03
8.470703765119465614e-03
8.470703765119465614e-03
8.470703765119465614e-03
3.211031118834291407e-03
6.773621079494104510e-03
6.773621079494104510e-03
6.773621079494104510e-03
6.773621079494104510e-03
1.267542923174509902e-02
6.670338728574761768e-03
6.670338728574761768e-03
2.182845612666969339e-03
2.182845612666969339e-03
2.182845612666969339e-03
2.182845612666969339e-03
2.182845612666969339e-03
2.182845612666969339e-03
2.182845612666969339e-03
2.182845612666969339e-03
2.182845612666969339e-03
2.182845612666969339e-03
2.182845612666969339e-03
2.182845612666969339e-03
2.182845612666969339e-03
2.182845612666969339e-03
2.182845612666969339e-03
0.000000000000000000e+00
0.000000000000000000e+00
0.000000000000000000e+00
0.000000000000000000e+00
0.000000000000000000e+00
0.000000000000000000e+00
0.000000000000000000e+00
0.000000000000000000e+00
0.000000000000000000e+00
0.000000000000000000e+00
0.000000000000000000e+00
0.000000000000000000e+00
0.000000000000000000e+00
7.405427341273159922e-03
1.860491353914109358e-02
1.860491353914109358e-02
1.860491353914109358e-02
1.860491353914109358e-02
1.860491353914109358e-02
1.860491353914109358e-02
2.273284826905736574e-03
1.107429939953473398e-03
1.107429939953473398e-03
7.645168716358982479e-03
7.645168716358982479e-03
7.645168716358982479e-03
7.645168716358982479e-03
7.645168716358982479e-03
7.645168716358982479e-03
7.645168716358982479e-03
7.645168716358982479e-03
2.100314413588318368e-03
2.100314413588318368e-03
2.100314413588318368e-03
2.100314413588318368e-03
2.100314413588318368e-03
2.100314413588318368e-03
0.000000000000000000e+00
0.000000000000000000e+00
0.000000000000000000e+00
7.061485239976752169e-03
7.061485239976752169e-03
7.061485239976752169e-03
7.061485239976752169e-03
7.061485239976752169e-03
7.061485239976752169e-03
7.061485239976752169e-03
7.061485239976752169e-03
7.061485239976752169e-03
7.061485239976752169e-03
7.061485239976752169e-03
7.061485239976752169e-03
7.061485239976752169e-03
7.061485239976752169e-03
7.061485239976752169e-03
7.061485239976752169e-03
7.061485239976752169e-03
4.727584217402745065e-03
4.727584217402745065e-03
4.727584217402745065e-03
4.727584217402745065e-03
4.727584217402745065e-03
4.727584217402745065e-03
4.727584217402745065e-03
4.727584217402745065e-03
4.727584217402745065e-03
4.727584217402745065e-03
4.727584217402745065e-03
3.211031118834291407e-03
3.211031118834291407e-03
3.211031118834291407e-03
3.211031118834291407e-03
3.211031118834291407e-03
3.211031118834291407e-03
1.267542923174509902e-02
1.267542923174509902e-02
8.834722100041348183e-03
1.267542923174509902e-02
1.267542923174509902e-02
1.267542923174509902e-02
0.000000000000000000e+00
8.215055679494034577e-03
8.215055679494034577e-03
8.215055679494034577e-03
8.215055679494034577e-03
1.478239370212396965e-02
1.478239370212396965e-02
1.478239370212396965e-02
1.478239370212396965e-02
1.478239370212396965e-02
1.478239370212396965e-02
1.478239370212396965e-02
1.478239370212396965e-02
1.478239370212396965e-02
1.478239370212396965e-02
1.478239370212396965e-02
1.478239370212396965e-02
1.478239370212396965e-02
1.478239370212396965e-02
1.478239370212396965e-02
1.478239370212396965e-02
1.478239370212396965e-02
1.478239370212396965e-02
1.478239370212396965e-02
1.295569999114651663e-02
4.182603526102334629e-02
4.182603526102334629e-02
1.084528342060522670e-02
1.084528342060522670e-02
1.084528342060522670e-02
1.084528342060522670e-02
1.084528342060522670e-02
1.084528342060522670e-02
1.084528342060522670e-02
1.084528342060522670e-02
1.084528342060522670e-02
1.084528342060522670e-02
1.084528342060522670e-02
1.084528342060522670e-02
1.084528342060522670e-02
8.504855718500889394e-03
9.563607701208055173e-03
9.563607701208055173e-03
7.011676051037510696e-03
0.000000000000000000e+00
1.062189244140678696e-02
1.062189244140678696e-02
1.062189244140678696e-02
1.062189244140678696e-02
1.062189244140678696e-02
1.062189244140678696e-02
1.062189244140678696e-02
1.062189244140678696e-02
1.062189244140678696e-02
1.062189244140678696e-02
1.062189244140678696e-02
1.062189244140678696e-02
1.062189244140678696e-02
0.000000000000000000e+00
4.719691261785872310e-02
7.011676051037510696e-03
7.011676051037510696e-03
7.011676051037510696e-03
0.000000000000000000e+00
3.836518562669788499e-03
3.836518562669788499e-03
3.836518562669788499e-03
3.836518562669788499e-03
3.836518562669788499e-03
3.836518562669788499e-03
3.836518562669788499e-03
3.836518562669788499e-03
3.836518562669788499e-03
3.836518562669788499e-03
3.836518562669788499e-03
3.836518562669788499e-03
3.836518562669788499e-03
3.836518562669788499e-03
3.836518562669788499e-03
3.836518562669788499e-03
3.836518562669788499e-03
3.836518562669788499e-03
3.836518562669788499e-03
3.836518562669788499e-03
1.736235667091189788e-02
1.743473471001743061e-02
1.743473471001743061e-02
1.743473471001743061e-02
1.743473471001743061e-02
1.743473471001743061e-02
1.743473471001743061e-02
1.743473471001743061e-02
1.743473471001743061e-02
2.631481138435654357e-02
2.631481138435654357e-02
2.631481138435654357e-02
2.631481138435654357e-02
2.631481138435654357e-02
2.631481138435654357e-02
2.631481138435654357e-02
8.187546718541811527e-03
1.590312050145359628e-03
1.590312050145359628e-03
1.590312050145359628e-03
1.590312050145359628e-03
1.590312050145359628e-03
1.590312050145359628e-03
8.834722100041348183e-03
9.559483646855625183e-03
9.559483646855625183e-03
9.559483646855625183e-03
9.559483646855625183e-03
9.559483646855625183e-03
9.559483646855625183e-03
9.559483646855625183e-03
9.559483646855625183e-03
9.559483646855625183e-03
9.559483646855625183e-03
9.559483646855625183e-03
9.559483646855625183e-03
9.559483646855625183e-03
4.157222388804884849e-05
4.157222388804884849e-05
4.157222388804884849e-05
4.157222388804884849e-05
4.157222388804884849e-05
4.157222388804884849e-05
4.157222388804884849e-05
4.157222388804884849e-05
4.157222388804884849e-05
4.157222388804884849e-05
4.157222388804884849e-05
4.157222388804884849e-05
4.157222388804884849e-05
4.157222388804884849e-05
4.157222388804884849e-05
6.309565756686069671e-02
6.032709673638694120e-02
6.032709673638694120e-02
6.032709673638694120e-02
6.032709673638694120e-02
6.032709673638694120e-02
6.032709673638694120e-02
7.405427341273159922e-03
1.628034725449288740e-03
1.628034725449288740e-03
1.628034725449288740e-03
1.628034725449288740e-03
1.628034725449288740e-03
1.628034725449288740e-03
1.628034725449288740e-03
1.628034725449288740e-03
1.628034725449288740e-03
1.628034725449288740e-03
1.628034725449288740e-03
1.628034725449288740e-03
1.295569999114651663e-02
1.295569999114651663e-02
1.295569999114651663e-02
1.295569999114651663e-02
1.295569999114651663e-02
1.295569999114651663e-02
1.295569999114651663e-02
1.295569999114651663e-02
1.133533036598033221e-02
8.270803233459650232e-04
8.270803233459650232e-04
8.504855718500889394e-03
8.504855718500889394e-03
8.504855718500889394e-03
8.504855718500889394e-03
8.504855718500889394e-03
8.504855718500889394e-03
8.504855718500889394e-03
8.504855718500889394e-03
0.000000000000000000e+00
1.137971780806472898e-02
1.137971780806472898e-02
1.137971780806472898e-02
1.137971780806472898e-02
1.137971780806472898e-02
1.137971780806472898e-02
1.137971780806472898e-02
1.137971780806472898e-02
1.137971780806472898e-02
1.137971780806472898e-02
1.137971780806472898e-02
1.137971780806472898e-02
2.355922571825710271e-02
1.757621872217186854e-01
1.757621872217186854e-01
1.757621872217186854e-01
1.757621872217186854e-01
9.112526885901224907e-03
9.112526885901224907e-03
9.112526885901224907e-03
9.112526885901224907e-03
9.112526885901224907e-03
9.112526885901224907e-03
9.112526885901224907e-03
9.112526885901224907e-03
9.112526885901224907e-03
9.112526885901224907e-03
9.112526885901224907e-03
1.527519872763943853e-02
1.527519872763943853e-02
1.527519872763943853e-02
1.527519872763943853e-02
1.527519872763943853e-02
1.527519872763943853e-02
1.527519872763943853e-02
1.527519872763943853e-02
1.527519872763943853e-02
1.527519872763943853e-02
1.527519872763943853e-02
1.764852548823265740e-02
1.764852548823265740e-02
1.764852548823265740e-02
1.764852548823265740e-02
1.764852548823265740e-02
1.764852548823265740e-02
1.764852548823265740e-02
1.764852548823265740e-02
1.764852548823265740e-02
1.764852548823265740e-02
1.764852548823265740e-02
5.054219538069284427e-04
4.007945030936503096e-03
4.007945030936503096e-03
1.148975584159753899e-02
1.479201846348449090e-02
1.039760082688485215e-02
1.039760082688485215e-02
1.039760082688485215e-02
1.479201846348449090e-02
1.148975584159753899e-02
1.148975584159753899e-02
1.148975584159753899e-02
1.148975584159753899e-02
0.000000000000000000e+00
2.396229726565838117e-02
2.396229726565838117e-02
2.396229726565838117e-02
2.396229726565838117e-02
2.396229726565838117e-02
2.396229726565838117e-02
2.396229726565838117e-02
2.396229726565838117e-02
2.396229726565838117e-02
2.396229726565838117e-02
2.396229726565838117e-02
2.396229726565838117e-02
2.396229726565838117e-02
2.396229726565838117e-02
2.396229726565838117e-02
2.396229726565838117e-02
2.396229726565838117e-02
2.396229726565838117e-02
6.309565756686069671e-02
6.309565756686069671e-02
6.309565756686069671e-02
6.309565756686069671e-02
1.222151196784757694e-04
1.317616687574997125e-03
1.317616687574997125e-03
0.000000000000000000e+00
0.000000000000000000e+00
0.000000000000000000e+00
0.000000000000000000e+00
0.000000000000000000e+00
0.000000000000000000e+00
1.275236121686595383e-03
1.121851460119164569e-02
1.121851460119164569e-02
7.641644576224727176e-03
7.641644576224727176e-03
7.641644576224727176e-03
7.641644576224727176e-03
7.641644576224727176e-03
7.641644576224727176e-03
7.641644576224727176e-03
7.641644576224727176e-03
7.641644576224727176e-03
7.641644576224727176e-03
7.641644576224727176e-03
7.641644576224727176e-03
7.641644576224727176e-03
7.641644576224727176e-03
7.641644576224727176e-03
7.641644576224727176e-03
7.641644576224727176e-03
7.641644576224727176e-03
7.641644576224727176e-03
4.719691261785872310e-02
4.719691261785872310e-02
4.719691261785872310e-02
4.719691261785872310e-02
4.719691261785872310e-02
4.719691261785872310e-02
2.355922571825710271e-02
2.355922571825710271e-02
2.355922571825710271e-02
2.355922571825710271e-02
2.355922571825710271e-02
2.355922571825710271e-02
1.425849104113868261e-02
7.347215270531478118e-03
7.347215270531478118e-03
7.347215270531478118e-03
7.347215270531478118e-03
7.347215270531478118e-03
7.347215270531478118e-03
7.347215270531478118e-03
7.347215270531478118e-03
7.347215270531478118e-03
7.347215270531478118e-03
7.347215270531478118e-03
7.347215270531478118e-03
5.054219538069284427e-04
5.054219538069284427e-04
5.054219538069284427e-04
5.054219538069284427e-04
5.054219538069284427e-04
5.054219538069284427e-04
5.054219538069284427e-04
5.054219538069284427e-04
5.054219538069284427e-04
5.054219538069284427e-04
5.054219538069284427e-04
5.054219538069284427e-04
5.054219538069284427e-04
5.054219538069284427e-04
2.053062943255507672e-02
2.053062943255507672e-02
2.053062943255507672e-02
2.053062943255507672e-02
2.053062943255507672e-02
2.053062943255507672e-02
2.053062943255507672e-02
2.053062943255507672e-02
2.053062943255507672e-02
2.053062943255507672e-02
2.053062943255507672e-02
2.995551025058942538e-02
2.995551025058942538e-02
2.995551025058942538e-02
2.995551025058942538e-02
2.995551025058942538e-02
2.995551025058942538e-02
2.995551025058942538e-02
2.995551025058942538e-02
2.995551025058942538e-02
2.995551025058942538e-02
2.995551025058942538e-02
1.222151196784757694e-04
1.222151196784757694e-04
1.222151196784757694e-04
1.222151196784757694e-04
1.222151196784757694e-04
1.222151196784757694e-04
1.222151196784757694e-04
1.222151196784757694e-04
1.222151196784757694e-04
1.222151196784757694e-04
1.222151196784757694e-04
1.222151196784757694e-04
1.222151196784757694e-04
1.222151196784757694e-04
1.222151196784757694e-04
1.222151196784757694e-04
1.222151196784757694e-04
1.222151196784757694e-04
1.222151196784757694e-04
1.222151196784757694e-04
1.222151196784757694e-04
1.222151196784757694e-04
1.222151196784757694e-04
1.222151196784757694e-04
1.294914272636643951e-02
1.275236121686595383e-03
4.639838264830611729e-03
4.639838264830611729e-03
4.639838264830611729e-03
4.639838264830611729e-03
4.639838264830611729e-03
1.399805756316059926e-02
1.679747790050567860e-02
1.679747790050567860e-02
1.423546885928462374e-02
6.975025193714130822e-03
6.975025193714130822e-03
6.975025193714130822e-03
6.975025193714130822e-03
6.975025193714130822e-03
6.975025193714130822e-03
6.975025193714130822e-03
6.975025193714130822e-03
3.812518957345594206e-01
4.204064320957568227e-03
4.204064320957568227e-03
0.000000000000000000e+00
1.084135183208143928e-02
1.084135183208143928e-02
1.084135183208143928e-02
1.084135183208143928e-02
3.739668520565557486e-03
1.802997296048985433e-03
1.802997296048985433e-03
1.802997296048985433e-03
1.802997296048985433e-03
1.802997296048985433e-03
1.802997296048985433e-03
0.000000000000000000e+00
0.000000000000000000e+00
0.000000000000000000e+00
0.000000000000000000e+00
0.000000000000000000e+00
0.000000000000000000e+00
0.000000000000000000e+00
0.000000000000000000e+00
0.000000000000000000e+00
0.000000000000000000e+00
0.000000000000000000e+00
9.867072369547381580e-03
2.061958949276180685e-03
2.061958949276180685e-03
2.061958949276180685e-03
2.061958949276180685e-03
2.061958949276180685e-03
2.061958949276180685e-03
2.061958949276180685e-03
2.061958949276180685e-03
2.061958949276180685e-03
2.061958949276180685e-03
2.061958949276180685e-03
2.061958949276180685e-03
2.447511105081318951e-03
2.207156572481542081e-02
2.207156572481542081e-02
2.207156572481542081e-02
2.207156572481542081e-02
2.207156572481542081e-02
2.207156572481542081e-02
7.292002423639499034e-03
6.099496421880906336e-03
6.099496421880906336e-03
1.399805756316059926e-02
0.000000000000000000e+00
0.000000000000000000e+00
0.000000000000000000e+00
0.000000000000000000e+00
0.000000000000000000e+00
0.000000000000000000e+00
0.000000000000000000e+00
0.000000000000000000e+00
1.266697928079748908e-03
1.266697928079748908e-03
1.266697928079748908e-03
1.266697928079748908e-03
1.266697928079748908e-03
1.266697928079748908e-03
1.266697928079748908e-03
0.000000000000000000e+00
1.266697928079748908e-03
0.000000000000000000e+00
4.392691353457377906e-02
4.392691353457377906e-02
4.392691353457377906e-02
4.392691353457377906e-02
4.392691353457377906e-02
4.392691353457377906e-02
4.392691353457377906e-02
4.392691353457377906e-02
4.392691353457377906e-02
4.392691353457377906e-02
4.392691353457377906e-02
4.392691353457377906e-02
2.281191632673125122e-02
2.281191632673125122e-02
2.281191632673125122e-02
2.281191632673125122e-02
2.281191632673125122e-02
2.281191632673125122e-02
2.281191632673125122e-02
2.281191632673125122e-02
2.281191632673125122e-02
2.281191632673125122e-02
2.281191632673125122e-02
2.281191632673125122e-02
2.281191632673125122e-02
1.904276117598515230e-03
1.648493817559488648e-03
1.648493817559488648e-03
4.382709970094435595e-03
2.420123864662363650e-02
2.420123864662363650e-02
0.000000000000000000e+00
0.000000000000000000e+00
0.000000000000000000e+00
0.000000000000000000e+00
0.000000000000000000e+00
0.000000000000000000e+00
0.000000000000000000e+00
0.000000000000000000e+00
0.000000000000000000e+00
0.000000000000000000e+00
0.000000000000000000e+00
0.000000000000000000e+00
0.000000000000000000e+00
0.000000000000000000e+00
0.000000000000000000e+00
0.000000000000000000e+00
0.000000000000000000e+00
0.000000000000000000e+00
2.195296816344356750e-02
5.286794281953322711e-03
5.286794281953322711e-03
5.286794281953322711e-03
5.286794281953322711e-03
5.286794281953322711e-03
5.286794281953322711e-03
5.286794281953322711e-03
5.286794281953322711e-03
1.425241243174069257e-02
5.263675775926639558e-03
5.263675775926639558e-03
5.263675775926639558e-03
5.263675775926639558e-03
5.263675775926639558e-03
5.263675775926639558e-03
5.263675775926639558e-03
5.263675775926639558e-03
2.447511105081318951e-03
2.447511105081318951e-03
2.447511105081318951e-03
2.447511105081318951e-03
2.447511105081318951e-03
2.447511105081318951e-03
2.447511105081318951e-03
2.447511105081318951e-03
2.447511105081318951e-03
2.447511105081318951e-03
2.447511105081318951e-03
2.447511105081318951e-03
2.447511105081318951e-03
2.447511105081318951e-03
2.447511105081318951e-03
2.447511105081318951e-03
2.447511105081318951e-03
2.447511105081318951e-03
1.271022925167153948e-03
0.000000000000000000e+00
0.000000000000000000e+00
0.000000000000000000e+00
0.000000000000000000e+00
0.000000000000000000e+00
0.000000000000000000e+00
7.292002423639499034e-03
7.292002423639499034e-03
7.292002423639499034e-03
7.292002423639499034e-03
7.292002423639499034e-03
7.292002423639499034e-03
7.292002423639499034e-03
7.292002423639499034e-03
7.292002423639499034e-03
7.292002423639499034e-03
7.292002423639499034e-03
7.292002423639499034e-03
7.292002423639499034e-03
7.292002423639499034e-03
7.292002423639499034e-03
7.292002423639499034e-03
7.292002423639499034e-03
7.292002423639499034e-03
3.739668520565557486e-03
3.739668520565557486e-03
3.739668520565557486e-03
3.739668520565557486e-03
4.990481349829523072e-02
3.395415486869908517e-02
3.395415486869908517e-02
1.904276117598515230e-03
1.904276117598515230e-03
1.904276117598515230e-03
1.904276117598515230e-03
1.904276117598515230e-03
1.904276117598515230e-03
1.904276117598515230e-03
1.904276117598515230e-03
4.382709970094435595e-03
4.382709970094435595e-03
4.382709970094435595e-03
4.382709970094435595e-03
4.382709970094435595e-03
4.382709970094435595e-03
4.382709970094435595e-03
4.382709970094435595e-03
0.000000000000000000e+00
5.317215620966497976e-03
0.000000000000000000e+00
0.000000000000000000e+00
0.000000000000000000e+00
0.000000000000000000e+00
0.000000000000000000e+00
5.317724020217311567e-03
1.104329853488485863e-02
1.104329853488485863e-02
4.990481349829523072e-02
4.990481349829523072e-02
4.990481349829523072e-02
4.990481349829523072e-02
4.990481349829523072e-02
4.990481349829523072e-02
4.990481349829523072e-02
4.990481349829523072e-02
4.990481349829523072e-02
4.990481349829523072e-02
4.990481349829523072e-02
4.990481349829523072e-02
0.000000000000000000e+00
0.000000000000000000e+00
0.000000000000000000e+00
0.000000000000000000e+00
0.000000000000000000e+00
0.000000000000000000e+00
0.000000000000000000e+00
1.406367089052809084e-02
1.406367089052809084e-02
1.406367089052809084e-02
1.406367089052809084e-02
1.406367089052809084e-02
1.406367089052809084e-02
1.406367089052809084e-02
1.406367089052809084e-02
1.406367089052809084e-02
1.406367089052809084e-02
1.657337631820426970e-03
1.657337631820426970e-03
1.657337631820426970e-03
1.657337631820426970e-03
1.657337631820426970e-03
1.657337631820426970e-03
1.657337631820426970e-03
1.657337631820426970e-03
1.657337631820426970e-03
1.657337631820426970e-03
1.657337631820426970e-03
5.317724020217311567e-03
5.317724020217311567e-03
5.317724020217311567e-03
5.317724020217311567e-03
5.317724020217311567e-03
5.317724020217311567e-03
5.317724020217311567e-03
5.317724020217311567e-03
5.317724020217311567e-03
5.317724020217311567e-03
7.890994295477503709e-03
0.000000000000000000e+00
0.000000000000000000e+00
3.891319186012253545e-02
1.590897938254202254e-02
1.590897938254202254e-02
1.590897938254202254e-02
1.590897938254202254e-02
1.590897938254202254e-02
1.590897938254202254e-02
1.590897938254202254e-02
1.590897938254202254e-02
1.590897938254202254e-02
1.590897938254202254e-02
1.590897938254202254e-02
1.590897938254202254e-02
1.590897938254202254e-02
1.590897938254202254e-02
0.000000000000000000e+00
1.693150271903149165e-02
1.693150271903149165e-02
1.693150271903149165e-02
1.693150271903149165e-02
1.693150271903149165e-02
1.693150271903149165e-02
1.693150271903149165e-02
1.693150271903149165e-02
1.693150271903149165e-02
1.693150271903149165e-02
1.693150271903149165e-02
2.033233325328998291e-03
2.033233325328998291e-03
2.033233325328998291e-03
2.033233325328998291e-03
2.033233325328998291e-03
2.033233325328998291e-03
2.033233325328998291e-03
2.033233325328998291e-03
0.000000000000000000e+00
0.000000000000000000e+00
1.106397742133669211e-02
1.106397742133669211e-02
1.106397742133669211e-02
1.106397742133669211e-02
1.106397742133669211e-02
1.106397742133669211e-02
1.106397742133669211e-02
1.106397742133669211e-02
1.106397742133669211e-02
1.106397742133669211e-02
1.106397742133669211e-02
1.106397742133669211e-02
1.106397742133669211e-02
1.106397742133669211e-02
1.106397742133669211e-02
0.000000000000000000e+00
0.000000000000000000e+00
0.000000000000000000e+00
0.000000000000000000e+00
0.000000000000000000e+00
0.000000000000000000e+00
0.000000000000000000e+00
0.000000000000000000e+00
0.000000000000000000e+00
0.000000000000000000e+00
0.000000000000000000e+00
0.000000000000000000e+00
0.000000000000000000e+00
0.000000000000000000e+00
0.000000000000000000e+00
0.000000000000000000e+00
0.000000000000000000e+00
0.000000000000000000e+00
0.000000000000000000e+00
0.000000000000000000e+00
0.000000000000000000e+00
0.000000000000000000e+00
0.000000000000000000e+00
0.000000000000000000e+00
1.282570373178975633e-02
1.267559518338925821e-02
1.407358557903596458e-02
1.407358557903596458e-02
1.407358557903596458e-02
1.267559518338925821e-02
7.890994295477503709e-03
7.890994295477503709e-03
7.890994295477503709e-03
7.890994295477503709e-03
7.890994295477503709e-03
7.890994295477503709e-03
7.890994295477503709e-03
7.890994295477503709e-03
7.890994295477503709e-03
7.890994295477503709e-03
0.000000000000000000e+00
1.878146044258941633e-02
1.878146044258941633e-02
1.878146044258941633e-02
1.878146044258941633e-02
1.878146044258941633e-02
1.878146044258941633e-02
1.878146044258941633e-02
1.878146044258941633e-02
1.878146044258941633e-02
1.878146044258941633e-02
2.696521400635935786e-03
2.696521400635935786e-03
2.696521400635935786e-03
2.696521400635935786e-03
2.696521400635935786e-03
2.696521400635935786e-03
2.696521400635935786e-03
2.696521400635935786e-03
2.696521400635935786e-03
2.696521400635935786e-03
2.696521400635935786e-03
4.123629750332300642e-02
0.000000000000000000e+00
0.000000000000000000e+00
0.000000000000000000e+00
0.000000000000000000e+00
2.082389244512285881e-03
2.082389244512285881e-03
2.082389244512285881e-03
2.082389244512285881e-03
2.082389244512285881e-03
2.082389244512285881e-03
2.082389244512285881e-03
2.082389244512285881e-03
2.082389244512285881e-03
2.082389244512285881e-03
2.082389244512285881e-03
2.082389244512285881e-03
2.082389244512285881e-03
2.082389244512285881e-03
2.431618761937073630e-04
2.431618761937073630e-04
2.431618761937073630e-04
2.431618761937073630e-04
2.431618761937073630e-04
2.431618761937073630e-04
2.431618761937073630e-04
2.431618761937073630e-04
2.431618761937073630e-04
2.431618761937073630e-04
2.431618761937073630e-04
2.431618761937073630e-04
2.431618761937073630e-04
2.431618761937073630e-04
2.431618761937073630e-04
1.023646358539040055e-02
1.023646358539040055e-02
1.023646358539040055e-02
1.023646358539040055e-02
1.023646358539040055e-02
1.023646358539040055e-02
1.023646358539040055e-02
1.282570373178975633e-02
1.358818443782247934e-02
1.358818443782247934e-02
1.891969644906941680e-02
3.262521344899214915e-02
3.262521344899214915e-02
3.262521344899214915e-02
3.262521344899214915e-02
3.262521344899214915e-02
3.262521344899214915e-02
1.985082758571076952e-02
1.694636008455012097e-02
1.694636008455012097e-02
3.678593281823482487e-03
3.678593281823482487e-03
3.678593281823482487e-03
3.678593281823482487e-03
3.678593281823482487e-03
3.678593281823482487e-03
3.678593281823482487e-03
3.678593281823482487e-03
1.670382840282464906e-02
1.670382840282464906e-02
1.670382840282464906e-02
1.670382840282464906e-02
1.670382840282464906e-02
1.670382840282464906e-02
1.670382840282464906e-02
1.670382840282464906e-02
1.670382840282464906e-02
1.670382840282464906e-02
1.670382840282464906e-02
1.670382840282464906e-02
1.670382840282464906e-02
1.670382840282464906e-02
1.670382840282464906e-02
1.075645892241376168e-02
0.000000000000000000e+00
0.000000000000000000e+00
0.000000000000000000e+00
0.000000000000000000e+00
0.000000000000000000e+00
0.000000000000000000e+00
0.000000000000000000e+00
0.000000000000000000e+00
0.000000000000000000e+00
0.000000000000000000e+00
0.000000000000000000e+00
0.000000000000000000e+00
0.000000000000000000e+00
0.000000000000000000e+00
0.000000000000000000e+00
5.139919810886316859e-02
5.139919810886316859e-02
5.139919810886316859e-02
5.139919810886316859e-02
5.139919810886316859e-02
5.139919810886316859e-02
5.139919810886316859e-02
5.139919810886316859e-02
5.139919810886316859e-02
5.139919810886316859e-02
5.139919810886316859e-02
5.139919810886316859e-02
5.139919810886316859e-02
0.000000000000000000e+00
0.000000000000000000e+00
0.000000000000000000e+00
0.000000000000000000e+00
4.123629750332300642e-02
3.330759970989667640e-02
3.330759970989667640e-02
3.330759970989667640e-02
3.330759970989667640e-02
3.330759970989667640e-02
3.330759970989667640e-02
1.985082758571076952e-02
1.985082758571076952e-02
1.985082758571076952e-02
1.985082758571076952e-02
1.985082758571076952e-02
1.985082758571076952e-02
1.985082758571076952e-02
1.985082758571076952e-02
2.256854789864858740e-02
1.466916327249117094e-02
1.466916327249117094e-02
1.466916327249117094e-02
1.466916327249117094e-02
1.466916327249117094e-02
1.466916327249117094e-02
1.466916327249117094e-02
1.466916327249117094e-02
2.154243297110555386e-02
2.202611111307844691e-02
2.202611111307844691e-02
2.202611111307844691e-02
2.202611111307844691e-02
2.202611111307844691e-02
2.202611111307844691e-02
2.202611111307844691e-02
2.202611111307844691e-02
1.941146776663058016e-02
8.187546718541811527e-03
8.187546718541811527e-03
8.187546718541811527e-03
9.299399277345580389e-03
9.299399277345580389e-03
9.299399277345580389e-03
9.299399277345580389e-03
9.299399277345580389e-03
9.299399277345580389e-03
9.299399277345580389e-03
9.299399277345580389e-03
9.299399277345580389e-03
9.299399277345580389e-03
9.299399277345580389e-03
9.299399277345580389e-03
9.299399277345580389e-03
9.299399277345580389e-03
9.299399277345580389e-03
9.299399277345580389e-03
9.299399277345580389e-03
9.299399277345580389e-03
9.299399277345580389e-03
9.299399277345580389e-03
9.299399277345580389e-03
5.814677126663385376e-03
8.719095822866233109e-03
8.719095822866233109e-03
1.547771613891038350e-03
1.547771613891038350e-03
1.547771613891038350e-03
1.547771613891038350e-03
1.547771613891038350e-03
1.547771613891038350e-03
1.547771613891038350e-03
1.547771613891038350e-03
1.547771613891038350e-03
1.547771613891038350e-03
1.547771613891038350e-03
1.547771613891038350e-03
1.547771613891038350e-03
1.098184322389655215e-02
1.098184322389655215e-02
1.098184322389655215e-02
1.098184322389655215e-02
1.098184322389655215e-02
1.098184322389655215e-02
1.098184322389655215e-02
1.098184322389655215e-02
1.098184322389655215e-02
1.098184322389655215e-02
1.098184322389655215e-02
1.098184322389655215e-02
1.098184322389655215e-02
1.098184322389655215e-02
1.098184322389655215e-02
1.098184322389655215e-02
1.098184322389655215e-02
1.098184322389655215e-02
1.098184322389655215e-02
0.000000000000000000e+00
4.612206177352070474e-02
1.532751348854161869e-03
1.532751348854161869e-03
1.532751348854161869e-03
1.532751348854161869e-03
1.727571659842812649e-02
1.727571659842812649e-02
1.727571659842812649e-02
1.727571659842812649e-02
1.727571659842812649e-02
1.727571659842812649e-02
1.727571659842812649e-02
1.727571659842812649e-02
1.727571659842812649e-02
1.727571659842812649e-02
1.727571659842812649e-02
1.727571659842812649e-02
1.727571659842812649e-02
1.727571659842812649e-02
1.727571659842812649e-02
1.727571659842812649e-02
1.727571659842812649e-02
1.727571659842812649e-02
1.727571659842812649e-02
1.727571659842812649e-02
1.727571659842812649e-02
1.727571659842812649e-02
1.727571659842812649e-02
1.727571659842812649e-02
1.727571659842812649e-02
1.727571659842812649e-02
1.727571659842812649e-02
1.450859044208032723e-02
1.355127094092857705e-02
1.355127094092857705e-02
1.355127094092857705e-02
1.355127094092857705e-02
1.355127094092857705e-02
1.355127094092857705e-02
1.355127094092857705e-02
1.355127094092857705e-02
5.814677126663385376e-03
5.814677126663385376e-03
5.814677126663385376e-03
5.814677126663385376e-03
5.814677126663385376e-03
5.814677126663385376e-03
5.814677126663385376e-03
5.814677126663385376e-03
5.814677126663385376e-03
5.814677126663385376e-03
1.735446393733174834e-03
0.000000000000000000e+00
0.000000000000000000e+00
1.075645892241376168e-02
1.211330124341468591e-02
1.211330124341468591e-02
1.211330124341468591e-02
1.211330124341468591e-02
1.211330124341468591e-02
1.211330124341468591e-02
1.211330124341468591e-02
1.211330124341468591e-02
1.104101169702632022e-02
1.854367255546722016e-03
1.854367255546722016e-03
1.854367255546722016e-03
1.854367255546722016e-03
1.854367255546722016e-03
1.854367255546722016e-03
2.413699113073295138e-03
1.547286561205221678e-02
1.547286561205221678e-02
1.547286561205221678e-02
1.547286561205221678e-02
1.547286561205221678e-02
1.547286561205221678e-02
1.547286561205221678e-02
1.547286561205221678e-02
4.612206177352070474e-02
4.795718254950728093e-03
4.795718254950728093e-03
4.795718254950728093e-03
4.795718254950728093e-03
4.795718254950728093e-03
4.795718254950728093e-03
4.795718254950728093e-03
4.795718254950728093e-03
4.795718254950728093e-03
4.795718254950728093e-03
4.795718254950728093e-03
4.795718254950728093e-03
4.795718254950728093e-03
4.795718254950728093e-03
1.028234255816506048e-03
1.028234255816506048e-03
1.028234255816506048e-03
1.028234255816506048e-03
1.028234255816506048e-03
1.028234255816506048e-03
1.028234255816506048e-03
1.028234255816506048e-03
1.028234255816506048e-03
1.028234255816506048e-03
1.028234255816506048e-03
3.072715734441131344e-02
6.162762524762410016e-02
6.162762524762410016e-02
1.128014293577811120e-02
1.128014293577811120e-02
1.128014293577811120e-02
1.128014293577811120e-02
1.128014293577811120e-02
1.128014293577811120e-02
1.128014293577811120e-02
1.128014293577811120e-02
1.128014293577811120e-02
1.128014293577811120e-02
1.128014293577811120e-02
1.128014293577811120e-02
1.128014293577811120e-02
1.128014293577811120e-02
1.128014293577811120e-02
1.735446393733174834e-03
1.735446393733174834e-03
1.735446393733174834e-03
1.735446393733174834e-03
1.735446393733174834e-03
1.735446393733174834e-03
1.735446393733174834e-03
1.735446393733174834e-03
8.521453144414195893e-03
1.407976407416452956e-05
1.407976407416452956e-05
1.407976407416452956e-05
1.407976407416452956e-05
1.407976407416452956e-05
1.407976407416452956e-05
1.407976407416452956e-05
1.407976407416452956e-05
1.407976407416452956e-05
1.407976407416452956e-05
1.407976407416452956e-05
1.407976407416452956e-05
1.407976407416452956e-05
1.407976407416452956e-05
1.407976407416452956e-05
1.407976407416452956e-05
1.407976407416452956e-05
1.407976407416452956e-05
3.119126553334440610e-02
3.119126553334440610e-02
3.119126553334440610e-02
0.000000000000000000e+00
3.119126553334440610e-02
2.174735860579710828e-02
3.905359477811939928e-03
3.905359477811939928e-03
8.685295962643568152e-03
9.536014915485955049e-03
9.536014915485955049e-03
2.413699113073295138e-03
2.413699113073295138e-03
1.956440840369579742e-02
2.588053402521984028e-02
2.588053402521984028e-02
2.588053402521984028e-02
2.588053402521984028e-02
2.588053402521984028e-02
2.588053402521984028e-02
2.588053402521984028e-02
2.588053402521984028e-02
2.588053402521984028e-02
2.588053402521984028e-02
0.000000000000000000e+00
0.000000000000000000e+00
0.000000000000000000e+00
0.000000000000000000e+00
0.000000000000000000e+00
0.000000000000000000e+00
0.000000000000000000e+00
0.000000000000000000e+00
0.000000000000000000e+00
1.976873369480000239e-02
2.416769370248273915e-02
2.416769370248273915e-02
2.416769370248273915e-02
2.416769370248273915e-02
2.416769370248273915e-02
2.416769370248273915e-02
2.416769370248273915e-02
2.416769370248273915e-02
3.072715734441131344e-02
3.072715734441131344e-02
3.072715734441131344e-02
3.072715734441131344e-02
3.072715734441131344e-02
3.072715734441131344e-02
3.072715734441131344e-02
3.072715734441131344e-02
3.072715734441131344e-02
3.072715734441131344e-02
2.111529257593199385e-02
1.784832209715864551e-02
1.784832209715864551e-02
1.784832209715864551e-02
1.784832209715864551e-02
1.923370223314737823e-02
0.000000000000000000e+00
0.000000000000000000e+00
0.000000000000000000e+00
0.000000000000000000e+00
1.457752151813295274e-02
0.000000000000000000e+00
0.000000000000000000e+00
0.000000000000000000e+00
0.000000000000000000e+00
2.174735860579710828e-02
2.174735860579710828e-02
2.174735860579710828e-02
2.174735860579710828e-02
2.174735860579710828e-02
1.241483073634204633e-02
7.247587851895692657e-03
7.247587851895692657e-03
7.247587851895692657e-03
7.247587851895692657e-03
7.247587851895692657e-03
7.247587851895692657e-03
8.685295962643568152e-03
8.685295962643568152e-03
8.685295962643568152e-03
8.685295962643568152e-03
8.685295962643568152e-03
8.685295962643568152e-03
8.685295962643568152e-03
8.685295962643568152e-03
8.685295962643568152e-03
8.685295962643568152e-03
8.685295962643568152e-03
8.685295962643568152e-03
8.685295962643568152e-03
8.685295962643568152e-03
8.685295962643568152e-03
8.685295962643568152e-03
8.685295962643568152e-03
8.685295962643568152e-03
8.685295962643568152e-03
8.685295962643568152e-03
8.685295962643568152e-03
8.685295962643568152e-03
8.685295962643568152e-03
8.685295962643568152e-03
1.110262313681706185e-02
1.175983384497280432e-02
1.175983384497280432e-02
1.295723081166647375e-02
1.476924680611013847e-02
1.476924680611013847e-02
7.798330867132375471e-03
7.798330867132375471e-03
7.798330867132375471e-03
7.798330867132375471e-03
7.798330867132375471e-03
7.798330867132375471e-03
7.798330867132375471e-03
7.798330867132375471e-03
7.798330867132375471e-03
7.798330867132375471e-03
7.798330867132375471e-03
7.798330867132375471e-03
7.798330867132375471e-03
2.111529257593199385e-02
2.111529257593199385e-02
2.111529257593199385e-02
2.111529257593199385e-02
2.111529257593199385e-02
2.111529257593199385e-02
0.000000000000000000e+00
0.000000000000000000e+00
0.000000000000000000e+00
0.000000000000000000e+00
0.000000000000000000e+00
0.000000000000000000e+00
0.000000000000000000e+00
0.000000000000000000e+00
0.000000000000000000e+00
0.000000000000000000e+00
0.000000000000000000e+00
0.000000000000000000e+00
0.000000000000000000e+00
1.271022925167153948e-03
1.271022925167153948e-03
1.271022925167153948e-03
1.271022925167153948e-03
1.271022925167153948e-03
1.271022925167153948e-03
1.271022925167153948e-03
1.271022925167153948e-03
1.271022925167153948e-03
1.271022925167153948e-03
5.486203120101926928e-03
5.486203120101926928e-03
5.486203120101926928e-03
5.486203120101926928e-03
5.486203120101926928e-03
5.486203120101926928e-03
5.486203120101926928e-03
5.486203120101926928e-03
5.486203120101926928e-03
5.486203120101926928e-03
5.486203120101926928e-03
5.486203120101926928e-03
5.486203120101926928e-03
5.486203120101926928e-03
5.486203120101926928e-03
3.658380549659816933e-02
2.189101287177564609e-02
2.189101287177564609e-02
2.189101287177564609e-02
2.189101287177564609e-02
2.189101287177564609e-02
2.189101287177564609e-02
2.189101287177564609e-02
2.189101287177564609e-02
2.189101287177564609e-02
2.189101287177564609e-02
2.189101287177564609e-02
2.189101287177564609e-02
2.189101287177564609e-02
2.189101287177564609e-02
2.189101287177564609e-02
2.189101287177564609e-02
2.189101287177564609e-02
2.189101287177564609e-02
2.189101287177564609e-02
2.189101287177564609e-02
2.189101287177564609e-02
2.189101287177564609e-02
2.189101287177564609e-02
2.189101287177564609e-02
2.213358153063756453e-02
2.308854089929793241e-02
2.308854089929793241e-02
3.122539767519582135e-02
7.746245689048186257e-03
7.746245689048186257e-03
7.746245689048186257e-03
7.746245689048186257e-03
7.746245689048186257e-03
7.746245689048186257e-03
7.746245689048186257e-03
7.746245689048186257e-03
7.746245689048186257e-03
7.746245689048186257e-03
7.746245689048186257e-03
7.746245689048186257e-03
7.746245689048186257e-03
7.746245689048186257e-03
7.746245689048186257e-03
7.746245689048186257e-03
0.000000000000000000e+00
0.000000000000000000e+00
0.000000000000000000e+00
6.345973338478706413e-03
6.475653675350200728e-03
1.748469194148602121e-02
1.748469194148602121e-02
1.748469194148602121e-02
1.748469194148602121e-02
1.748469194148602121e-02
1.748469194148602121e-02
1.748469194148602121e-02
1.748469194148602121e-02
1.748469194148602121e-02
6.475653675350200728e-03
7.792336181661095422e-03
7.792336181661095422e-03
7.792336181661095422e-03
7.792336181661095422e-03
7.792336181661095422e-03
7.792336181661095422e-03
7.792336181661095422e-03
7.792336181661095422e-03
7.792336181661095422e-03
7.792336181661095422e-03
7.792336181661095422e-03
9.956146565079055516e-03
2.946742305726850544e-03
2.946742305726850544e-03
2.946742305726850544e-03
2.946742305726850544e-03
2.946742305726850544e-03
2.946742305726850544e-03
2.946742305726850544e-03
2.946742305726850544e-03
2.946742305726850544e-03
2.946742305726850544e-03
2.946742305726850544e-03
2.946742305726850544e-03
9.342090552427328651e-03
9.618353771300248989e-03
9.618353771300248989e-03
9.618353771300248989e-03
9.618353771300248989e-03
9.618353771300248989e-03
9.618353771300248989e-03
9.618353771300248989e-03
9.618353771300248989e-03
9.618353771300248989e-03
9.618353771300248989e-03
4.754974307212023535e-03
2.999385408178760135e-02
2.999385408178760135e-02
0.000000000000000000e+00
0.000000000000000000e+00
0.000000000000000000e+00
0.000000000000000000e+00
2.080370194525782077e-02
2.080370194525782077e-02
2.080370194525782077e-02
2.080370194525782077e-02
2.080370194525782077e-02
2.080370194525782077e-02
1.279289923770618453e-02
0.000000000000000000e+00
0.000000000000000000e+00
0.000000000000000000e+00
0.000000000000000000e+00
0.000000000000000000e+00
0.000000000000000000e+00
8.233523702237698083e-03
3.540203595482384769e-03
3.540203595482384769e-03
3.253713179611317924e-02
1.526958488124037332e-02
1.526958488124037332e-02
1.526958488124037332e-02
0.000000000000000000e+00
1.885197409283437134e-03
1.885197409283437134e-03
1.885197409283437134e-03
1.885197409283437134e-03
1.885197409283437134e-03
1.885197409283437134e-03
1.251217139913113514e-02
2.695858245426586367e-03
2.695858245426586367e-03
2.695858245426586367e-03
2.695858245426586367e-03
1.352892941654728828e-02
0.000000000000000000e+00
0.000000000000000000e+00
0.000000000000000000e+00
0.000000000000000000e+00
1.630401171471449612e-02
2.006340005835839657e-02
2.006340005835839657e-02
2.006340005835839657e-02
2.006340005835839657e-02
2.006340005835839657e-02
2.006340005835839657e-02
2.006340005835839657e-02
2.006340005835839657e-02
2.006340005835839657e-02
2.006340005835839657e-02
2.006340005835839657e-02
2.006340005835839657e-02
2.006340005835839657e-02
2.006340005835839657e-02
2.006340005835839657e-02
2.006340005835839657e-02
1.263903746257085542e-02
1.491973011051415422e-02
1.491973011051415422e-02
1.491973011051415422e-02
1.491973011051415422e-02
0.000000000000000000e+00
3.025909098401420930e-02
3.025909098401420930e-02
7.280502966900936380e-03
1.290443346547520687e-02
1.290443346547520687e-02
1.290443346547520687e-02
1.290443346547520687e-02
1.290443346547520687e-02
1.290443346547520687e-02
1.290443346547520687e-02
1.290443346547520687e-02
1.648763578910735980e-02
1.648763578910735980e-02
1.648763578910735980e-02
1.648763578910735980e-02
1.648763578910735980e-02
1.648763578910735980e-02
1.648763578910735980e-02
1.648763578910735980e-02
1.648763578910735980e-02
1.648763578910735980e-02
1.648763578910735980e-02
1.648763578910735980e-02
1.648763578910735980e-02
1.648763578910735980e-02
1.648763578910735980e-02
1.648763578910735980e-02
1.648763578910735980e-02
1.648763578910735980e-02
1.648763578910735980e-02
1.648763578910735980e-02
1.648763578910735980e-02
4.752154648353042014e-03
0.000000000000000000e+00
0.000000000000000000e+00
1.344281422014776024e-02
2.063625914062806183e-02
2.063625914062806183e-02
2.063625914062806183e-02
2.063625914062806183e-02
2.063625914062806183e-02
2.063625914062806183e-02
2.063625914062806183e-02
2.063625914062806183e-02
2.063625914062806183e-02
2.063625914062806183e-02
2.063625914062806183e-02
2.063625914062806183e-02
2.063625914062806183e-02
2.063625914062806183e-02
3.608272342920956863e-03
5.530979225142360154e-04
5.530979225142360154e-04
5.530979225142360154e-04
5.530979225142360154e-04
5.530979225142360154e-04
5.530979225142360154e-04
5.530979225142360154e-04
5.530979225142360154e-04
5.530979225142360154e-04
5.530979225142360154e-04
5.530979225142360154e-04
5.530979225142360154e-04
5.530979225142360154e-04
5.530979225142360154e-04
5.530979225142360154e-04
5.530979225142360154e-04
5.530979225142360154e-04
5.530979225142360154e-04
5.530979225142360154e-04
5.530979225142360154e-04
5.530979225142360154e-04
5.530979225142360154e-04
5.530979225142360154e-04
5.530979225142360154e-04
5.530979225142360154e-04
5.530979225142360154e-04
5.530979225142360154e-04
5.530979225142360154e-04
1.963303255407349360e-02
1.647550370859189942e-02
1.647550370859189942e-02
1.647550370859189942e-02
1.647550370859189942e-02
1.647550370859189942e-02
1.647550370859189942e-02
1.647550370859189942e-02
1.647550370859189942e-02
1.647550370859189942e-02
1.647550370859189942e-02
1.647550370859189942e-02
1.647550370859189942e-02
1.647550370859189942e-02
1.647550370859189942e-02
1.647550370859189942e-02
1.647550370859189942e-02
1.647550370859189942e-02
1.647550370859189942e-02
1.647550370859189942e-02
1.647550370859189942e-02
1.647550370859189942e-02
1.647550370859189942e-02
1.647550370859189942e-02
1.647550370859189942e-02
7.441542157330174705e-03
3.971811855757026444e-02
3.971811855757026444e-02
1.853110417157326911e-02
1.853110417157326911e-02
1.806008817780539386e-02
1.806008817780539386e-02
1.806008817780539386e-02
1.806008817780539386e-02
1.806008817780539386e-02
0.000000000000000000e+00
1.806008817780539386e-02
1.900459449747245524e-02
1.615065467211085793e-04
1.615065467211085793e-04
1.615065467211085793e-04
1.615065467211085793e-04
1.615065467211085793e-04
1.615065467211085793e-04
1.615065467211085793e-04
1.615065467211085793e-04
1.615065467211085793e-04
1.615065467211085793e-04
1.615065467211085793e-04
1.615065467211085793e-04
1.615065467211085793e-04
1.615065467211085793e-04
1.615065467211085793e-04
1.615065467211085793e-04
0.000000000000000000e+00
1.357076542738858659e-03
1.357076542738858659e-03
1.357076542738858659e-03
1.357076542738858659e-03
1.357076542738858659e-03
1.357076542738858659e-03
1.357076542738858659e-03
1.357076542738858659e-03
1.357076542738858659e-03
1.357076542738858659e-03
6.243889102832966831e-03
8.729802109443428326e-03
8.729802109443428326e-03
8.729802109443428326e-03
8.729802109443428326e-03
8.729802109443428326e-03
8.729802109443428326e-03
8.729802109443428326e-03
8.729802109443428326e-03
0.000000000000000000e+00
0.000000000000000000e+00
0.000000000000000000e+00
0.000000000000000000e+00
0.000000000000000000e+00
0.000000000000000000e+00
1.503252467980696096e-02
1.503252467980696096e-02
1.503252467980696096e-02
1.503252467980696096e-02
1.503252467980696096e-02
1.503252467980696096e-02
4.284298709727246343e-03
2.954672807936089413e-02
2.954672807936089413e-02
2.954672807936089413e-02
2.954672807936089413e-02
2.954672807936089413e-02
2.954672807936089413e-02
3.657525132119639893e-03
1.965215205170077820e-02
1.965215205170077820e-02
2.770977090941704676e-02
2.090310759795664317e-02
2.090310759795664317e-02
2.090310759795664317e-02
2.090310759795664317e-02
2.090310759795664317e-02
2.090310759795664317e-02
2.090310759795664317e-02
2.090310759795664317e-02
2.402063321275643010e-02
7.331563809167688725e-03
7.331563809167688725e-03
7.331563809167688725e-03
7.331563809167688725e-03
7.331563809167688725e-03
7.331563809167688725e-03
7.331563809167688725e-03
7.331563809167688725e-03
7.331563809167688725e-03
7.331563809167688725e-03
0.000000000000000000e+00
0.000000000000000000e+00
0.000000000000000000e+00
4.308209869944172599e-03
1.837546011393246248e-01
1.837546011393246248e-01
1.837546011393246248e-01
1.837546011393246248e-01
1.837546011393246248e-01
1.837546011393246248e-01
1.837546011393246248e-01
1.837546011393246248e-01
9.713550081308554990e-03
0.000000000000000000e+00
0.000000000000000000e+00
0.000000000000000000e+00
0.000000000000000000e+00
0.000000000000000000e+00
0.000000000000000000e+00
0.000000000000000000e+00
0.000000000000000000e+00
0.000000000000000000e+00
0.000000000000000000e+00
0.000000000000000000e+00
3.750382058835246158e-03
3.750382058835246158e-03
3.750382058835246158e-03
3.750382058835246158e-03
3.750382058835246158e-03
3.750382058835246158e-03
3.750382058835246158e-03
3.750382058835246158e-03
3.750382058835246158e-03
3.750382058835246158e-03
3.750382058835246158e-03
6.670116285682496128e-03
1.272424890117029514e-02
1.272424890117029514e-02
1.272424890117029514e-02
1.272424890117029514e-02
1.272424890117029514e-02
1.272424890117029514e-02
3.479374369182688942e-02
1.272424890117029514e-02
2.099501754385433119e-04
3.502054309452302429e-03
3.502054309452302429e-03
3.502054309452302429e-03
3.502054309452302429e-03
3.502054309452302429e-03
3.502054309452302429e-03
3.502054309452302429e-03
3.502054309452302429e-03
3.502054309452302429e-03
3.502054309452302429e-03
3.502054309452302429e-03
3.502054309452302429e-03
3.502054309452302429e-03
3.502054309452302429e-03
3.502054309452302429e-03
3.502054309452302429e-03
3.502054309452302429e-03
3.502054309452302429e-03
3.502054309452302429e-03
3.502054309452302429e-03
3.502054309452302429e-03
3.502054309452302429e-03
0.000000000000000000e+00
0.000000000000000000e+00
0.000000000000000000e+00
0.000000000000000000e+00
0.000000000000000000e+00
0.000000000000000000e+00
0.000000000000000000e+00
0.000000000000000000e+00
8.150022521466428888e-03
8.150022521466428888e-03
8.150022521466428888e-03
8.150022521466428888e-03
8.150022521466428888e-03
8.150022521466428888e-03
8.150022521466428888e-03
8.150022521466428888e-03
1.733399854670540641e-02
1.733399854670540641e-02
1.733399854670540641e-02
1.733399854670540641e-02
1.733399854670540641e-02
1.733399854670540641e-02
1.733399854670540641e-02
1.733399854670540641e-02
1.733399854670540641e-02
1.733399854670540641e-02
1.733399854670540641e-02
1.733399854670540641e-02
1.733399854670540641e-02
2.172310261403005358e-02
2.172310261403005358e-02
2.172310261403005358e-02
2.172310261403005358e-02
2.172310261403005358e-02
2.172310261403005358e-02
2.172310261403005358e-02
2.172310261403005358e-02
2.172310261403005358e-02
2.172310261403005358e-02
2.172310261403005358e-02
1.060729372832579925e-02
2.172310261403005358e-02
3.065286084814375540e-03
3.065286084814375540e-03
3.065286084814375540e-03
3.065286084814375540e-03
3.065286084814375540e-03
3.065286084814375540e-03
3.065286084814375540e-03
3.065286084814375540e-03
3.065286084814375540e-03
3.065286084814375540e-03
3.065286084814375540e-03
3.065286084814375540e-03
3.065286084814375540e-03
1.627615780127305081e-02
3.673812963327444114e-02
3.673812963327444114e-02
3.673812963327444114e-02
3.673812963327444114e-02
1.305771461752341066e-02
1.784049333232008358e-02
1.784049333232008358e-02
1.641879462921651267e-02
1.641879462921651267e-02
1.641879462921651267e-02
1.641879462921651267e-02
1.641879462921651267e-02
1.641879462921651267e-02
1.641879462921651267e-02
1.641879462921651267e-02
1.641879462921651267e-02
1.641879462921651267e-02
1.641879462921651267e-02
1.641879462921651267e-02
1.641879462921651267e-02
1.641879462921651267e-02
1.641879462921651267e-02
0.000000000000000000e+00
0.000000000000000000e+00
0.000000000000000000e+00
2.063192887266150286e-02
2.628709658168990049e-02
2.628709658168990049e-02
2.628709658168990049e-02
2.628709658168990049e-02
2.628709658168990049e-02
2.628709658168990049e-02
0.000000000000000000e+00
0.000000000000000000e+00
0.000000000000000000e+00
0.000000000000000000e+00
0.000000000000000000e+00
0.000000000000000000e+00
0.000000000000000000e+00
0.000000000000000000e+00
0.000000000000000000e+00
0.000000000000000000e+00
0.000000000000000000e+00
0.000000000000000000e+00
0.000000000000000000e+00
0.000000000000000000e+00
0.000000000000000000e+00
0.000000000000000000e+00
0.000000000000000000e+00
0.000000000000000000e+00
0.000000000000000000e+00
0.000000000000000000e+00
0.000000000000000000e+00
0.000000000000000000e+00
0.000000000000000000e+00
0.000000000000000000e+00
0.000000000000000000e+00
0.000000000000000000e+00
0.000000000000000000e+00
0.000000000000000000e+00
0.000000000000000000e+00
0.000000000000000000e+00
0.000000000000000000e+00
3.082323825292984220e-03
3.082323825292984220e-03
3.082323825292984220e-03
3.082323825292984220e-03
3.082323825292984220e-03
3.082323825292984220e-03
3.082323825292984220e-03
6.663054477007990251e-02
3.082323825292984220e-03
0.000000000000000000e+00
8.801686787486596303e-03
8.801686787486596303e-03
8.801686787486596303e-03
8.801686787486596303e-03
8.801686787486596303e-03
8.801686787486596303e-03
8.801686787486596303e-03
8.801686787486596303e-03
8.801686787486596303e-03
8.801686787486596303e-03
1.460768628569609215e-03
1.962516416626202808e-03
1.962516416626202808e-03
1.962516416626202808e-03
1.962516416626202808e-03
1.962516416626202808e-03
1.962516416626202808e-03
1.962516416626202808e-03
1.962516416626202808e-03
3.873865611346871338e-03
8.064853797221910314e-03
8.064853797221910314e-03
8.064853797221910314e-03
8.064853797221910314e-03
8.064853797221910314e-03
8.064853797221910314e-03
8.064853797221910314e-03
8.064853797221910314e-03
8.064853797221910314e-03
8.064853797221910314e-03
8.064853797221910314e-03
8.064853797221910314e-03
8.879596175422293028e-03
9.577470137389453367e-03
9.577470137389453367e-03
9.577470137389453367e-03
9.577470137389453367e-03
9.577470137389453367e-03
9.577470137389453367e-03
9.577470137389453367e-03
9.577470137389453367e-03
1.256169515114806748e-02
1.256169515114806748e-02
1.256169515114806748e-02
1.256169515114806748e-02
1.256169515114806748e-02
1.256169515114806748e-02
1.256169515114806748e-02
1.256169515114806748e-02
1.256169515114806748e-02
1.256169515114806748e-02
1.256169515114806748e-02
1.256169515114806748e-02
1.256169515114806748e-02
1.256169515114806748e-02
1.256169515114806748e-02
3.269311029761384334e-03
1.514415212844454420e-02
1.514415212844454420e-02
1.514415212844454420e-02
1.514415212844454420e-02
7.556522406433945939e-03
1.521681929132115202e-03
1.521681929132115202e-03
1.521681929132115202e-03
1.521681929132115202e-03
1.521681929132115202e-03
1.521681929132115202e-03
1.521681929132115202e-03
1.521681929132115202e-03
1.521681929132115202e-03
1.521681929132115202e-03
1.521681929132115202e-03
1.521681929132115202e-03
1.521681929132115202e-03
1.521681929132115202e-03
1.029157906305998987e-01
7.268088437880006192e-02
7.268088437880006192e-02
7.268088437880006192e-02
7.268088437880006192e-02
3.299638158818186257e-02
2.571222989379151613e-02
2.571222989379151613e-02
2.571222989379151613e-02
2.571222989379151613e-02
0.000000000000000000e+00
2.759876786019454901e-03
2.759876786019454901e-03
2.759876786019454901e-03
2.759876786019454901e-03
1.399244101102097189e-02
3.900025376579564838e-04
3.900025376579564838e-04
3.900025376579564838e-04
3.900025376579564838e-04
3.900025376579564838e-04
3.900025376579564838e-04
3.900025376579564838e-04
3.900025376579564838e-04
3.200230024841173304e-02
2.308181418473932711e-02
2.308181418473932711e-02
2.308181418473932711e-02
2.308181418473932711e-02
2.308181418473932711e-02
2.308181418473932711e-02
2.308181418473932711e-02
2.308181418473932711e-02
2.308181418473932711e-02
2.308181418473932711e-02
0.000000000000000000e+00
2.282611186953141264e-03
2.282611186953141264e-03
2.282611186953141264e-03
2.282611186953141264e-03
0.000000000000000000e+00
2.282611186953141264e-03
2.282611186953141264e-03
2.282611186953141264e-03
2.282611186953141264e-03
2.282611186953141264e-03
2.282611186953141264e-03
2.282611186953141264e-03
2.282611186953141264e-03
2.282611186953141264e-03
1.215878856079901336e-02
1.911935152881703154e-02
1.911935152881703154e-02
1.466098435052646046e-02
1.466098435052646046e-02
1.466098435052646046e-02
1.466098435052646046e-02
1.466098435052646046e-02
1.466098435052646046e-02
1.466098435052646046e-02
1.466098435052646046e-02
1.466098435052646046e-02
1.466098435052646046e-02
1.466098435052646046e-02
0.000000000000000000e+00
3.292507886901007135e-03
3.292507886901007135e-03
3.292507886901007135e-03
3.292507886901007135e-03
8.194379109485732879e-03
8.194379109485732879e-03
8.194379109485732879e-03
8.194379109485732879e-03
8.194379109485732879e-03
8.194379109485732879e-03
8.194379109485732879e-03
8.194379109485732879e-03
8.194379109485732879e-03
8.194379109485732879e-03
8.194379109485732879e-03
8.194379109485732879e-03
8.194379109485732879e-03
8.194379109485732879e-03
8.194379109485732879e-03
8.194379109485732879e-03
8.194379109485732879e-03
8.194379109485732879e-03
8.194379109485732879e-03
5.067954963627672310e-02
1.029157906305998987e-01
1.029157906305998987e-01
1.029157906305998987e-01
1.029157906305998987e-01
1.029157906305998987e-01
1.029157906305998987e-01
1.029157906305998987e-01
7.820735736920599729e-03
1.595303659976520655e-02
1.595303659976520655e-02
1.595303659976520655e-02
1.595303659976520655e-02
1.595303659976520655e-02
1.595303659976520655e-02
1.595303659976520655e-02
1.595303659976520655e-02
1.595303659976520655e-02
1.595303659976520655e-02
1.595303659976520655e-02
1.595303659976520655e-02
1.595303659976520655e-02
1.595303659976520655e-02
1.687265628721751343e-02
1.254451547693417011e-02
1.254451547693417011e-02
1.254451547693417011e-02
1.254451547693417011e-02
1.254451547693417011e-02
1.254451547693417011e-02
1.254451547693417011e-02
1.254451547693417011e-02
1.254451547693417011e-02
1.254451547693417011e-02
1.254451547693417011e-02
1.254451547693417011e-02
1.437347611985477112e-03
1.437347611985477112e-03
1.437347611985477112e-03
1.437347611985477112e-03
1.437347611985477112e-03
1.437347611985477112e-03
1.437347611985477112e-03
1.437347611985477112e-03
1.437347611985477112e-03
1.437347611985477112e-03
1.437347611985477112e-03
1.437347611985477112e-03
1.437347611985477112e-03
0.000000000000000000e+00
5.833542065128300910e-03
5.833542065128300910e-03
5.833542065128300910e-03
5.833542065128300910e-03
5.833542065128300910e-03
5.833542065128300910e-03
5.833542065128300910e-03
5.833542065128300910e-03
5.833542065128300910e-03
5.833542065128300910e-03
4.022940159284372173e-03
3.300934486037963508e-03
3.300934486037963508e-03
3.300934486037963508e-03
3.300934486037963508e-03
3.300934486037963508e-03
3.300934486037963508e-03
3.300934486037963508e-03
3.300934486037963508e-03
3.300934486037963508e-03
3.300934486037963508e-03
3.300934486037963508e-03
3.300934486037963508e-03
3.300934486037963508e-03
3.300934486037963508e-03
8.973010593193447501e-03
5.544218882560784066e-03
5.544218882560784066e-03
1.948351365947434974e-03
5.544218882560784066e-03
5.544218882560784066e-03
5.544218882560784066e-03
5.544218882560784066e-03
5.544218882560784066e-03
5.544218882560784066e-03
5.544218882560784066e-03
5.544218882560784066e-03
5.544218882560784066e-03
5.544218882560784066e-03
5.544218882560784066e-03
5.544218882560784066e-03
5.544218882560784066e-03
5.544218882560784066e-03
5.544218882560784066e-03
3.313574647682400454e-02
2.941366446518388009e-02
2.941366446518388009e-02
2.941366446518388009e-02
2.941366446518388009e-02
4.308209869944172599e-03
4.308209869944172599e-03
4.308209869944172599e-03
4.308209869944172599e-03
4.308209869944172599e-03
4.308209869944172599e-03
4.308209869944172599e-03
4.308209869944172599e-03
4.308209869944172599e-03
4.308209869944172599e-03
4.308209869944172599e-03
4.308209869944172599e-03
4.308209869944172599e-03
4.308209869944172599e-03
4.308209869944172599e-03
4.308209869944172599e-03
4.308209869944172599e-03
4.308209869944172599e-03
2.195296816344356750e-02
2.195296816344356750e-02
1.696660041991204099e-02
1.336172013640519150e-02
1.336172013640519150e-02
1.336172013640519150e-02
1.336172013640519150e-02
1.336172013640519150e-02
1.336172013640519150e-02
1.545028011106221568e-03
1.357631230686156577e-02
1.357631230686156577e-02
1.357631230686156577e-02
1.357631230686156577e-02
1.357631230686156577e-02
1.357631230686156577e-02
1.357631230686156577e-02
1.357631230686156577e-02
1.357631230686156577e-02
1.357631230686156577e-02
1.357631230686156577e-02
1.357631230686156577e-02
1.357631230686156577e-02
1.357631230686156577e-02
1.357631230686156577e-02
1.357631230686156577e-02
1.357631230686156577e-02
1.357631230686156577e-02
1.357631230686156577e-02
1.357631230686156577e-02
1.357631230686156577e-02
1.357631230686156577e-02
0.000000000000000000e+00
2.352723667135489874e-02
2.352723667135489874e-02
2.352723667135489874e-02
2.352723667135489874e-02
2.352723667135489874e-02
2.352723667135489874e-02
2.352723667135489874e-02
2.352723667135489874e-02
2.352723667135489874e-02
2.352723667135489874e-02
2.352723667135489874e-02
1.215878856079901336e-02
8.815524003135196893e-03
8.815524003135196893e-03
8.815524003135196893e-03
8.815524003135196893e-03
8.815524003135196893e-03
8.815524003135196893e-03
8.815524003135196893e-03
8.815524003135196893e-03
8.815524003135196893e-03
8.815524003135196893e-03
2.318306874418535422e-03
1.420445977780373722e-02
1.420445977780373722e-02
1.420445977780373722e-02
1.420445977780373722e-02
1.420445977780373722e-02
1.420445977780373722e-02
1.420445977780373722e-02
1.420445977780373722e-02
1.687265628721751343e-02
7.802377655175329885e-03
7.802377655175329885e-03
7.802377655175329885e-03
7.802377655175329885e-03
7.802377655175329885e-03
7.802377655175329885e-03
7.802377655175329885e-03
7.802377655175329885e-03
0.000000000000000000e+00
0.000000000000000000e+00
0.000000000000000000e+00
0.000000000000000000e+00
0.000000000000000000e+00
0.000000000000000000e+00
0.000000000000000000e+00
0.000000000000000000e+00
0.000000000000000000e+00
0.000000000000000000e+00
5.206716750362824081e-03
1.368450014551594472e-04
1.368450014551594472e-04
1.368450014551594472e-04
1.368450014551594472e-04
1.368450014551594472e-04
1.368450014551594472e-04
1.368450014551594472e-04
1.368450014551594472e-04
1.368450014551594472e-04
1.368450014551594472e-04
1.368450014551594472e-04
1.368450014551594472e-04
3.942229746333810944e-03
1.320687932961707098e-02
1.320687932961707098e-02
1.320687932961707098e-02
1.320687932961707098e-02
1.320687932961707098e-02
1.320687932961707098e-02
1.251217139913113514e-02
7.988397097276946426e-03
7.988397097276946426e-03
2.668774693414862915e-03
1.134831059068469247e-02
1.134831059068469247e-02
9.996861805070889409e-03
1.879523837381501944e-02
1.879523837381501944e-02
1.879523837381501944e-02
1.879523837381501944e-02
1.879523837381501944e-02
1.879523837381501944e-02
4.123629750332300642e-02
3.304933138818135635e-02
2.312079488684641582e-02
2.312079488684641582e-02
2.312079488684641582e-02
2.312079488684641582e-02
2.312079488684641582e-02
2.312079488684641582e-02
1.039336885014916292e-02
1.607496477549988844e-03
1.607496477549988844e-03
1.607496477549988844e-03
1.607496477549988844e-03
1.607496477549988844e-03
1.607496477549988844e-03
1.607496477549988844e-03
1.607496477549988844e-03
3.755835384548942939e-03
3.010541981675052270e-03
3.010541981675052270e-03
1.399244101102097189e-02
1.399244101102097189e-02
2.924029232008128719e-03
2.563403489344466893e-02
2.563403489344466893e-02
2.563403489344466893e-02
2.563403489344466893e-02
2.563403489344466893e-02
2.563403489344466893e-02
8.230267873213785446e-03
7.868306766794286311e-03
7.868306766794286311e-03
1.249386371579615761e-02
1.945961863119238452e-02
1.945961863119238452e-02
1.945961863119238452e-02
1.945961863119238452e-02
1.945961863119238452e-02
1.945961863119238452e-02
0.000000000000000000e+00
0.000000000000000000e+00
0.000000000000000000e+00
0.000000000000000000e+00
0.000000000000000000e+00
0.000000000000000000e+00
0.000000000000000000e+00
0.000000000000000000e+00
0.000000000000000000e+00
0.000000000000000000e+00
0.000000000000000000e+00
0.000000000000000000e+00
0.000000000000000000e+00
0.000000000000000000e+00
0.000000000000000000e+00
0.000000000000000000e+00
0.000000000000000000e+00
1.100567641697796500e-02
2.224137581679939187e-03
2.224137581679939187e-03
2.224137581679939187e-03
2.224137581679939187e-03
2.224137581679939187e-03
2.224137581679939187e-03
2.224137581679939187e-03
2.224137581679939187e-03
8.418973435809476782e-03
5.531103148403293014e-03
5.531103148403293014e-03
7.492478356308146514e-03
5.628445784936203858e-03
5.628445784936203858e-03
5.628445784936203858e-03
5.628445784936203858e-03
7.639115385171734059e-03
5.628445784936203858e-03
6.816563965945343119e-03
6.816563965945343119e-03
6.816563965945343119e-03
6.816563965945343119e-03
6.816563965945343119e-03
6.816563965945343119e-03
6.816563965945343119e-03
6.816563965945343119e-03
6.816563965945343119e-03
6.816563965945343119e-03
6.816563965945343119e-03
6.816563965945343119e-03
6.816563965945343119e-03
0.000000000000000000e+00
0.000000000000000000e+00
0.000000000000000000e+00
1.905408139350693586e-02
2.328654707471813565e-02
2.328654707471813565e-02
3.456550502495271682e-02
4.279349991537684250e-02
4.279349991537684250e-02
4.662893202355837367e-03
8.057523634251063591e-03
8.057523634251063591e-03
4.022940159284372173e-03
4.022940159284372173e-03
4.022940159284372173e-03
4.022940159284372173e-03
4.022940159284372173e-03
4.022940159284372173e-03
4.022940159284372173e-03
4.022940159284372173e-03
4.022940159284372173e-03
4.022940159284372173e-03
4.022940159284372173e-03
4.022940159284372173e-03
4.022940159284372173e-03
4.022940159284372173e-03
4.022940159284372173e-03
4.022940159284372173e-03
4.022940159284372173e-03
4.022940159284372173e-03
4.022940159284372173e-03
4.022940159284372173e-03
4.022940159284372173e-03
4.022940159284372173e-03
4.022940159284372173e-03
4.022940159284372173e-03
4.022940159284372173e-03
4.022940159284372173e-03
4.022940159284372173e-03
4.022940159284372173e-03
0.000000000000000000e+00
0.000000000000000000e+00
1.930411983219245883e-02
1.721157482991684260e-03
1.721157482991684260e-03
1.721157482991684260e-03
1.721157482991684260e-03
1.721157482991684260e-03
1.721157482991684260e-03
1.311100557668232018e-02
1.311100557668232018e-02
1.311100557668232018e-02
1.311100557668232018e-02
1.251217139913113514e-02
1.251217139913113514e-02
1.251217139913113514e-02
4.344729963390641866e-03
0.000000000000000000e+00
0.000000000000000000e+00
0.000000000000000000e+00
0.000000000000000000e+00
7.542076602619939181e-03
1.017645370097988028e-02
1.017645370097988028e-02
1.017645370097988028e-02
1.017645370097988028e-02
1.017645370097988028e-02
1.017645370097988028e-02
0.000000000000000000e+00
2.722775934124824562e-03
2.722775934124824562e-03
2.722775934124824562e-03
2.722775934124824562e-03
2.722775934124824562e-03
2.722775934124824562e-03
2.722775934124824562e-03
2.722775934124824562e-03
2.722775934124824562e-03
2.722775934124824562e-03
2.722775934124824562e-03
2.722775934124824562e-03
2.722775934124824562e-03
2.722775934124824562e-03
0.000000000000000000e+00
0.000000000000000000e+00
0.000000000000000000e+00
0.000000000000000000e+00
0.000000000000000000e+00
5.680336495940462548e-03
3.345053871783932459e-02
3.345053871783932459e-02
3.345053871783932459e-02
3.345053871783932459e-02
3.345053871783932459e-02
3.345053871783932459e-02
2.924370577804610502e-02
2.907465069402461258e-02
2.907465069402461258e-02
2.907465069402461258e-02
2.907465069402461258e-02
2.907465069402461258e-02
2.907465069402461258e-02
2.907465069402461258e-02
2.907465069402461258e-02
2.907465069402461258e-02
2.907465069402461258e-02
2.907465069402461258e-02
2.907465069402461258e-02
2.348676491060651406e-03
1.515863000628370205e-02
1.515863000628370205e-02
1.515863000628370205e-02
1.515863000628370205e-02
1.515863000628370205e-02
1.515863000628370205e-02
1.515863000628370205e-02
1.515863000628370205e-02
1.515863000628370205e-02
1.515863000628370205e-02
1.515863000628370205e-02
1.515863000628370205e-02
1.515863000628370205e-02
1.515863000628370205e-02
7.602325690329215721e-03
7.602325690329215721e-03
7.602325690329215721e-03
7.602325690329215721e-03
7.602325690329215721e-03
7.602325690329215721e-03
7.602325690329215721e-03
7.602325690329215721e-03
7.602325690329215721e-03
7.602325690329215721e-03
7.602325690329215721e-03
1.150453749749217811e-02
1.262109111560893310e-02
1.262109111560893310e-02
1.262109111560893310e-02
1.262109111560893310e-02
1.262109111560893310e-02
1.262109111560893310e-02
2.035598938762691462e-02
1.262109111560893310e-02
1.304734316001349669e-02
1.304734316001349669e-02
1.304734316001349669e-02
1.304734316001349669e-02
1.304734316001349669e-02
1.304734316001349669e-02
1.304734316001349669e-02
1.304734316001349669e-02
1.304734316001349669e-02
1.304734316001349669e-02
1.304734316001349669e-02
0.000000000000000000e+00
5.541263085249253234e-03
5.541263085249253234e-03
5.541263085249253234e-03
5.541263085249253234e-03
5.541263085249253234e-03
5.541263085249253234e-03
5.541263085249253234e-03
5.541263085249253234e-03
5.541263085249253234e-03
5.541263085249253234e-03
5.541263085249253234e-03
5.541263085249253234e-03
5.541263085249253234e-03
5.541263085249253234e-03
5.541263085249253234e-03
5.541263085249253234e-03
2.980652858733611431e-03
0.000000000000000000e+00
0.000000000000000000e+00
0.000000000000000000e+00
0.000000000000000000e+00
3.185119523645136425e-02
7.252777299720965243e-03
7.252777299720965243e-03
7.252777299720965243e-03
7.252777299720965243e-03
7.252777299720965243e-03
7.252777299720965243e-03
1.555838834913870691e-02
1.555838834913870691e-02
6.177786648232988498e-05
6.177786648232988498e-05
6.177786648232988498e-05
6.177786648232988498e-05
6.177786648232988498e-05
6.177786648232988498e-05
6.177786648232988498e-05
6.177786648232988498e-05
6.177786648232988498e-05
6.177786648232988498e-05
6.177786648232988498e-05
0.000000000000000000e+00
1.496800117007971408e-02
1.496800117007971408e-02
1.496800117007971408e-02
1.496800117007971408e-02
1.496800117007971408e-02
1.496800117007971408e-02
1.496800117007971408e-02
1.496800117007971408e-02
1.254287825546650942e-02
1.254287825546650942e-02
1.254287825546650942e-02
1.254287825546650942e-02
1.254287825546650942e-02
1.254287825546650942e-02
1.254287825546650942e-02
1.254287825546650942e-02
1.254287825546650942e-02
1.254287825546650942e-02
1.254287825546650942e-02
1.254287825546650942e-02
1.254287825546650942e-02
0.000000000000000000e+00
0.000000000000000000e+00
0.000000000000000000e+00
0.000000000000000000e+00
0.000000000000000000e+00
0.000000000000000000e+00
0.000000000000000000e+00
0.000000000000000000e+00
0.000000000000000000e+00
0.000000000000000000e+00
0.000000000000000000e+00
7.799064675379766736e-04
7.799064675379766736e-04
7.799064675379766736e-04
7.799064675379766736e-04
7.799064675379766736e-04
7.799064675379766736e-04
7.799064675379766736e-04
7.799064675379766736e-04
7.799064675379766736e-04
7.799064675379766736e-04
7.799064675379766736e-04
0.000000000000000000e+00
1.247810531706290867e-02
1.247810531706290867e-02
1.247810531706290867e-02
1.247810531706290867e-02
1.247810531706290867e-02
1.247810531706290867e-02
1.247810531706290867e-02
1.247810531706290867e-02
1.247810531706290867e-02
1.247810531706290867e-02
1.247810531706290867e-02
1.247810531706290867e-02
1.247810531706290867e-02
1.247810531706290867e-02
1.247810531706290867e-02
1.247810531706290867e-02
1.247810531706290867e-02
1.247810531706290867e-02
1.247810531706290867e-02
1.247810531706290867e-02
1.247810531706290867e-02
1.247810531706290867e-02
1.247810531706290867e-02
1.247810531706290867e-02
1.247810531706290867e-02
1.247810531706290867e-02
1.247810531706290867e-02
1.247810531706290867e-02
3.318983169545311994e-03
1.679056220100834038e-02
1.679056220100834038e-02
1.679056220100834038e-02
1.679056220100834038e-02
1.679056220100834038e-02
1.679056220100834038e-02
1.679056220100834038e-02
1.679056220100834038e-02
1.679056220100834038e-02
1.679056220100834038e-02
1.679056220100834038e-02
1.679056220100834038e-02
1.679056220100834038e-02
1.679056220100834038e-02
1.679056220100834038e-02
1.679056220100834038e-02
1.679056220100834038e-02
1.679056220100834038e-02
1.121908901244847217e-03
1.121908901244847217e-03
1.121908901244847217e-03
1.121908901244847217e-03
1.121908901244847217e-03
1.121908901244847217e-03
1.121908901244847217e-03
1.121908901244847217e-03
1.121908901244847217e-03
1.121908901244847217e-03
1.121908901244847217e-03
1.121908901244847217e-03
1.121908901244847217e-03
1.121908901244847217e-03
1.121908901244847217e-03
5.883435182337145609e-03
5.814498468844929435e-03
5.814498468844929435e-03
5.814498468844929435e-03
5.814498468844929435e-03
5.814498468844929435e-03
5.814498468844929435e-03
1.659141877482810459e-02
4.149767803691940642e-03
4.149767803691940642e-03
4.149767803691940642e-03
4.149767803691940642e-03
4.149767803691940642e-03
4.149767803691940642e-03
4.149767803691940642e-03
4.149767803691940642e-03
4.149767803691940642e-03
4.149767803691940642e-03
4.149767803691940642e-03
4.149767803691940642e-03
4.149767803691940642e-03
4.149767803691940642e-03
4.149767803691940642e-03
4.149767803691940642e-03
4.149767803691940642e-03
4.149767803691940642e-03
4.149767803691940642e-03
4.149767803691940642e-03
4.149767803691940642e-03
4.149767803691940642e-03
4.149767803691940642e-03
4.149767803691940642e-03
4.149767803691940642e-03
4.149767803691940642e-03
4.149767803691940642e-03
4.149767803691940642e-03
2.364159522423055562e-03
1.250092315146103528e-02
1.250092315146103528e-02
1.250092315146103528e-02
1.250092315146103528e-02
1.250092315146103528e-02
1.250092315146103528e-02
5.540239787462998208e-03
3.195433328711368582e-03
5.540239787462998208e-03
5.540239787462998208e-03
5.540239787462998208e-03
5.540239787462998208e-03
5.540239787462998208e-03
5.540239787462998208e-03
5.540239787462998208e-03
5.540239787462998208e-03
5.540239787462998208e-03
3.195433328711368582e-03
2.770804169803876491e-02
4.833268957404939989e-03
4.833268957404939989e-03
4.833268957404939989e-03
4.833268957404939989e-03
4.833268957404939989e-03
4.833268957404939989e-03
4.833268957404939989e-03
4.833268957404939989e-03
4.833268957404939989e-03
4.833268957404939989e-03
1.104055108467136628e-02
5.261251570816868374e-03
5.261251570816868374e-03
5.261251570816868374e-03
5.261251570816868374e-03
5.261251570816868374e-03
5.261251570816868374e-03
5.261251570816868374e-03
5.261251570816868374e-03
5.261251570816868374e-03
5.261251570816868374e-03
5.261251570816868374e-03
5.261251570816868374e-03
5.261251570816868374e-03
5.261251570816868374e-03
5.261251570816868374e-03
5.261251570816868374e-03
5.261251570816868374e-03
5.261251570816868374e-03
5.261251570816868374e-03
5.261251570816868374e-03
1.680512783697139410e-03
1.515356921286365767e-02
1.515356921286365767e-02
1.515356921286365767e-02
1.515356921286365767e-02
1.515356921286365767e-02
1.515356921286365767e-02
1.515356921286365767e-02
1.515356921286365767e-02
1.515356921286365767e-02
1.515356921286365767e-02
1.063073039407854206e-02
4.610859460511495395e-03
4.610859460511495395e-03
4.610859460511495395e-03
4.610859460511495395e-03
1.948351365947434974e-03
0.000000000000000000e+00
1.146104053986207565e-02
1.146104053986207565e-02
1.146104053986207565e-02
1.146104053986207565e-02
1.146104053986207565e-02
1.146104053986207565e-02
1.621158841033081693e-02
1.425241243174069257e-02
5.616079424521996932e-03
2.359417671939065524e-03
2.359417671939065524e-03
2.359417671939065524e-03
2.359417671939065524e-03
2.008664113038948276e-03
2.359417671939065524e-03
1.334477761392026396e-02
1.295588616185727217e-02
1.295588616185727217e-02
1.295588616185727217e-02
1.295588616185727217e-02
1.451936385346344963e-02
2.895674515562686284e-03
2.895674515562686284e-03
2.895674515562686284e-03
2.895674515562686284e-03
2.895674515562686284e-03
2.895674515562686284e-03
2.895674515562686284e-03
2.895674515562686284e-03
1.085393720870865032e-02
8.921186437950832286e-04
8.921186437950832286e-04
8.921186437950832286e-04
8.921186437950832286e-04
8.921186437950832286e-04
8.921186437950832286e-04
4.303471296962770726e-02
1.630401171471449612e-02
1.630401171471449612e-02
1.630401171471449612e-02
1.630401171471449612e-02
1.630401171471449612e-02
2.411604770998217184e-02
1.609886645924875348e-02
1.609886645924875348e-02
1.609886645924875348e-02
1.609886645924875348e-02
1.609886645924875348e-02
1.609886645924875348e-02
1.609886645924875348e-02
1.609886645924875348e-02
1.609886645924875348e-02
1.609886645924875348e-02
1.609886645924875348e-02
1.609886645924875348e-02
1.609886645924875348e-02
1.609886645924875348e-02
1.609886645924875348e-02
1.609886645924875348e-02
1.609886645924875348e-02
1.609886645924875348e-02
1.609886645924875348e-02
1.609886645924875348e-02
1.041925499373133092e-02
2.001767486837878474e-02
2.001767486837878474e-02
2.001767486837878474e-02
2.001767486837878474e-02
2.001767486837878474e-02
2.001767486837878474e-02
2.001767486837878474e-02
2.001767486837878474e-02
3.221082221203304483e-03
3.221082221203304483e-03
3.221082221203304483e-03
3.221082221203304483e-03
3.221082221203304483e-03
3.221082221203304483e-03
3.221082221203304483e-03
3.221082221203304483e-03
3.221082221203304483e-03
3.221082221203304483e-03
3.221082221203304483e-03
3.221082221203304483e-03
3.221082221203304483e-03
3.221082221203304483e-03
3.221082221203304483e-03
3.679102374154247148e-03
9.357139222737521564e-03
9.357139222737521564e-03
9.357139222737521564e-03
9.357139222737521564e-03
9.357139222737521564e-03
9.357139222737521564e-03
9.357139222737521564e-03
9.357139222737521564e-03
2.436921590690034611e-02
9.509962298934611716e-03
9.509962298934611716e-03
9.509962298934611716e-03
9.509962298934611716e-03
9.509962298934611716e-03
9.509962298934611716e-03
2.431637180673007752e-03
2.431637180673007752e-03
2.436921590690034611e-02
2.436921590690034611e-02
2.436921590690034611e-02
2.436921590690034611e-02
2.436921590690034611e-02
2.436921590690034611e-02
2.436921590690034611e-02
2.436921590690034611e-02
0.000000000000000000e+00
0.000000000000000000e+00
0.000000000000000000e+00
0.000000000000000000e+00
0.000000000000000000e+00
0.000000000000000000e+00
0.000000000000000000e+00
0.000000000000000000e+00
2.886644005585795991e-03
2.238646356933964021e-02
2.238646356933964021e-02
2.238646356933964021e-02
2.238646356933964021e-02
2.238646356933964021e-02
2.238646356933964021e-02
2.238646356933964021e-02
2.238646356933964021e-02
1.635760012282954159e-02
1.951949404305077657e-02
1.951949404305077657e-02
1.951949404305077657e-02
1.951949404305077657e-02
1.951949404305077657e-02
1.951949404305077657e-02
4.431598101237077536e-02
3.132406637171390035e-02
3.132406637171390035e-02
3.132406637171390035e-02
3.132406637171390035e-02
0.000000000000000000e+00
0.000000000000000000e+00
0.000000000000000000e+00
0.000000000000000000e+00
0.000000000000000000e+00
0.000000000000000000e+00
0.000000000000000000e+00
0.000000000000000000e+00
0.000000000000000000e+00
0.000000000000000000e+00
0.000000000000000000e+00
0.000000000000000000e+00
0.000000000000000000e+00
0.000000000000000000e+00
0.000000000000000000e+00
2.239281933886706419e-02
9.381459422693297009e-03
9.381459422693297009e-03
9.381459422693297009e-03
9.381459422693297009e-03
9.381459422693297009e-03
9.381459422693297009e-03
9.381459422693297009e-03
9.381459422693297009e-03
8.898178000279246755e-03
8.898178000279246755e-03
8.898178000279246755e-03
8.898178000279246755e-03
8.898178000279246755e-03
8.898178000279246755e-03
8.898178000279246755e-03
8.898178000279246755e-03
8.898178000279246755e-03
8.898178000279246755e-03
8.898178000279246755e-03
1.062041425814456508e-03
7.150737459496731355e-03
7.150737459496731355e-03
7.150737459496731355e-03
7.150737459496731355e-03
7.150737459496731355e-03
7.150737459496731355e-03
7.150737459496731355e-03
7.150737459496731355e-03
7.150737459496731355e-03
7.150737459496731355e-03
7.150737459496731355e-03
7.150737459496731355e-03
7.150737459496731355e-03
7.150737459496731355e-03
9.772682114453498312e-03
9.772682114453498312e-03
9.772682114453498312e-03
9.772682114453498312e-03
9.772682114453498312e-03
9.772682114453498312e-03
9.772682114453498312e-03
9.772682114453498312e-03
9.772682114453498312e-03
9.772682114453498312e-03
9.772682114453498312e-03
1.859894579901958181e-02
1.859894579901958181e-02
1.859894579901958181e-02
1.859894579901958181e-02
1.859894579901958181e-02
1.859894579901958181e-02
1.859894579901958181e-02
1.859894579901958181e-02
1.859894579901958181e-02
1.859894579901958181e-02
1.859894579901958181e-02
1.859894579901958181e-02
1.859894579901958181e-02
1.859894579901958181e-02
1.859894579901958181e-02
1.859894579901958181e-02
1.859894579901958181e-02
1.859894579901958181e-02
1.859894579901958181e-02
1.859894579901958181e-02
1.859894579901958181e-02
0.000000000000000000e+00
3.140634511127404944e-03
3.140634511127404944e-03
3.140634511127404944e-03
3.140634511127404944e-03
3.140634511127404944e-03
3.140634511127404944e-03
3.140634511127404944e-03
3.140634511127404944e-03
3.140634511127404944e-03
3.140634511127404944e-03
1.282515577647480066e-02
1.772986506510266722e-02
1.772986506510266722e-02
1.772986506510266722e-02
1.772986506510266722e-02
1.772986506510266722e-02
1.772986506510266722e-02
9.670551612380917997e-03
1.805656761519582737e-02
1.805656761519582737e-02
1.805656761519582737e-02
1.805656761519582737e-02
1.805656761519582737e-02
1.805656761519582737e-02
1.106638601498345642e-02
1.106638601498345642e-02
1.106638601498345642e-02
1.106638601498345642e-02
1.106638601498345642e-02
1.106638601498345642e-02
3.802825122376353104e-03
3.802825122376353104e-03
3.802825122376353104e-03
3.802825122376353104e-03
3.802825122376353104e-03
3.802825122376353104e-03
3.802825122376353104e-03
3.802825122376353104e-03
3.802825122376353104e-03
3.802825122376353104e-03
3.802825122376353104e-03
3.802825122376353104e-03
3.802825122376353104e-03
3.802825122376353104e-03
3.802825122376353104e-03
7.681947668480675062e-03
3.044601303410449794e-02
3.044601303410449794e-02
1.133276962333535677e-02
1.133276962333535677e-02
1.133276962333535677e-02
1.133276962333535677e-02
1.133276962333535677e-02
1.133276962333535677e-02
1.133276962333535677e-02
1.133276962333535677e-02
1.133276962333535677e-02
1.133276962333535677e-02
1.133276962333535677e-02
1.133276962333535677e-02
1.133276962333535677e-02
1.133276962333535677e-02
1.133276962333535677e-02
1.133276962333535677e-02
1.133276962333535677e-02
1.133276962333535677e-02
1.133276962333535677e-02
1.133276962333535677e-02
1.133276962333535677e-02
1.133276962333535677e-02
1.133276962333535677e-02
1.133276962333535677e-02
1.133276962333535677e-02
1.025949483905527586e-02
1.872268925177243346e-02
1.872268925177243346e-02
1.872268925177243346e-02
1.872268925177243346e-02
1.872268925177243346e-02
1.872268925177243346e-02
1.872268925177243346e-02
1.872268925177243346e-02
1.872268925177243346e-02
1.872268925177243346e-02
1.872268925177243346e-02
1.872268925177243346e-02
1.791139028141922399e-02
3.779151864393237668e-03
3.779151864393237668e-03
5.349055243117235674e-03
5.801313774284881652e-03
5.801313774284881652e-03
5.801313774284881652e-03
5.801313774284881652e-03
0.000000000000000000e+00
0.000000000000000000e+00
0.000000000000000000e+00
0.000000000000000000e+00
0.000000000000000000e+00
0.000000000000000000e+00
1.511914571608830027e-02
1.511914571608830027e-02
1.511914571608830027e-02
1.511914571608830027e-02
1.511914571608830027e-02
1.511914571608830027e-02
1.511914571608830027e-02
1.511914571608830027e-02
1.511914571608830027e-02
1.511914571608830027e-02
9.258131518444312827e-03
1.503592320737745687e-02
1.503592320737745687e-02
6.255952766658958060e-03
9.203433368148506918e-03
9.203433368148506918e-03
9.203433368148506918e-03
9.203433368148506918e-03
9.203433368148506918e-03
9.203433368148506918e-03
9.203433368148506918e-03
9.203433368148506918e-03
9.203433368148506918e-03
9.203433368148506918e-03
1.418865909270278745e-02
1.819995157363395871e-02
1.819995157363395871e-02
1.819995157363395871e-02
1.819995157363395871e-02
1.819995157363395871e-02
1.819995157363395871e-02
1.819995157363395871e-02
1.819995157363395871e-02
1.819995157363395871e-02
1.819995157363395871e-02
1.819995157363395871e-02
1.819995157363395871e-02
7.214375586376845818e-03
1.280030199018200934e-02
1.280030199018200934e-02
1.280030199018200934e-02
1.280030199018200934e-02
1.280030199018200934e-02
1.280030199018200934e-02
1.280030199018200934e-02
1.280030199018200934e-02
1.280030199018200934e-02
1.280030199018200934e-02
2.672879739332800417e-02
1.136376474649288502e-02
1.136376474649288502e-02
1.136376474649288502e-02
1.136376474649288502e-02
1.136376474649288502e-02
1.136376474649288502e-02
1.136376474649288502e-02
1.136376474649288502e-02
2.303033821809200021e-02
1.136376474649288502e-02
1.244247831566389767e-02
1.295565763339043448e-02
1.295565763339043448e-02
1.295565763339043448e-02
1.295565763339043448e-02
1.295565763339043448e-02
1.295565763339043448e-02
2.163008725124557739e-03
8.605663109127997812e-03
8.605663109127997812e-03
8.605663109127997812e-03
8.605663109127997812e-03
2.168562557765605150e-02
2.168562557765605150e-02
2.168562557765605150e-02
2.168562557765605150e-02
2.168562557765605150e-02
2.168562557765605150e-02
2.168562557765605150e-02
2.168562557765605150e-02
2.168562557765605150e-02
2.168562557765605150e-02
2.168562557765605150e-02
3.630941416400101842e-03
3.630941416400101842e-03
3.630941416400101842e-03
1.758556088203228670e-03
3.630941416400101842e-03
3.630941416400101842e-03
3.630941416400101842e-03
1.900459449747245524e-02
1.900459449747245524e-02
1.900459449747245524e-02
1.900459449747245524e-02
2.668774693414862915e-03
2.668774693414862915e-03
2.668774693414862915e-03
2.668774693414862915e-03
2.668774693414862915e-03
2.668774693414862915e-03
2.668774693414862915e-03
2.668774693414862915e-03
2.668774693414862915e-03
2.668774693414862915e-03
3.776772726095243421e-02
3.776772726095243421e-02
3.776772726095243421e-02
3.776772726095243421e-02
3.776772726095243421e-02
3.776772726095243421e-02
3.776772726095243421e-02
3.776772726095243421e-02
3.776772726095243421e-02
3.776772726095243421e-02
3.776772726095243421e-02
1.652467145373134286e-04
1.652467145373134286e-04
1.652467145373134286e-04
1.652467145373134286e-04
1.652467145373134286e-04
1.652467145373134286e-04
1.652467145373134286e-04
1.652467145373134286e-04
1.652467145373134286e-04
1.652467145373134286e-04
1.652467145373134286e-04
1.652467145373134286e-04
1.652467145373134286e-04
1.652467145373134286e-04
1.652467145373134286e-04
4.839742471622197201e-03
4.839742471622197201e-03
4.839742471622197201e-03
4.839742471622197201e-03
4.839742471622197201e-03
4.839742471622197201e-03
4.839742471622197201e-03
4.839742471622197201e-03
4.839742471622197201e-03
4.839742471622197201e-03
4.839742471622197201e-03
6.931825973414326540e-03
3.956547881284836268e-03
3.956547881284836268e-03
3.956547881284836268e-03
3.956547881284836268e-03
3.956547881284836268e-03
3.956547881284836268e-03
3.956547881284836268e-03
3.956547881284836268e-03
3.873865611346871338e-03
3.873865611346871338e-03
3.873865611346871338e-03
3.873865611346871338e-03
3.873865611346871338e-03
3.873865611346871338e-03
3.873865611346871338e-03
3.873865611346871338e-03
2.138618411130086688e-02
2.303033821809200021e-02
3.505760616032655569e-02
3.505760616032655569e-02
3.505760616032655569e-02
3.505760616032655569e-02
3.505760616032655569e-02
3.505760616032655569e-02
3.505760616032655569e-02
3.505760616032655569e-02
1.219086699634200355e-02
4.249974320553012198e-03
4.249974320553012198e-03
4.249974320553012198e-03
4.249974320553012198e-03
4.249974320553012198e-03
4.249974320553012198e-03
1.130432257880063622e-02
2.605614942194521555e-02
2.605614942194521555e-02
2.605614942194521555e-02
2.605614942194521555e-02
2.924029232008128719e-03
2.924029232008128719e-03
2.924029232008128719e-03
2.924029232008128719e-03
2.924029232008128719e-03
2.924029232008128719e-03
2.924029232008128719e-03
2.924029232008128719e-03
2.924029232008128719e-03
2.924029232008128719e-03
2.924029232008128719e-03
2.924029232008128719e-03
1.995939959595760538e-02
1.995939959595760538e-02
1.995939959595760538e-02
1.995939959595760538e-02
1.995939959595760538e-02
1.995939959595760538e-02
1.995939959595760538e-02
1.995939959595760538e-02
1.995939959595760538e-02
1.995939959595760538e-02
1.995939959595760538e-02
1.659141877482810459e-02
1.659141877482810459e-02
3.306306330227554244e-03
4.200745194412662704e-03
4.200745194412662704e-03
4.200745194412662704e-03
4.200745194412662704e-03
4.200745194412662704e-03
4.200745194412662704e-03
6.255952766658958060e-03
6.255952766658958060e-03
6.255952766658958060e-03
6.255952766658958060e-03
6.255952766658958060e-03
6.255952766658958060e-03
6.255952766658958060e-03
6.255952766658958060e-03
4.467971538113293777e-03
9.376021012630452248e-03
9.376021012630452248e-03
9.376021012630452248e-03
9.376021012630452248e-03
9.376021012630452248e-03
9.376021012630452248e-03
9.376021012630452248e-03
9.376021012630452248e-03
9.376021012630452248e-03
9.376021012630452248e-03
3.042268475670050973e-02
2.835331946134126216e-02
2.835331946134126216e-02
2.835331946134126216e-02
2.835331946134126216e-02
2.835331946134126216e-02
2.835331946134126216e-02
2.835331946134126216e-02
2.835331946134126216e-02
2.835331946134126216e-02
2.835331946134126216e-02
2.835331946134126216e-02
2.835331946134126216e-02
0.000000000000000000e+00
0.000000000000000000e+00
0.000000000000000000e+00
1.315068437403559172e-02
1.315068437403559172e-02
1.315068437403559172e-02
1.315068437403559172e-02
1.315068437403559172e-02
1.315068437403559172e-02
1.315068437403559172e-02
1.315068437403559172e-02
1.315068437403559172e-02
1.315068437403559172e-02
1.315068437403559172e-02
1.315068437403559172e-02
1.315068437403559172e-02
1.234814074173299324e-02
3.301068127152530923e-02
3.301068127152530923e-02
0.000000000000000000e+00
0.000000000000000000e+00
0.000000000000000000e+00
0.000000000000000000e+00
0.000000000000000000e+00
0.000000000000000000e+00
0.000000000000000000e+00
0.000000000000000000e+00
0.000000000000000000e+00
1.244247831566389767e-02
1.244247831566389767e-02
7.114391305902147654e-03
1.244247831566389767e-02
7.901806988856155747e-03
7.901806988856155747e-03
7.901806988856155747e-03
7.901806988856155747e-03
7.901806988856155747e-03
7.901806988856155747e-03
7.901806988856155747e-03
7.901806988856155747e-03
7.901806988856155747e-03
7.901806988856155747e-03
7.901806988856155747e-03
6.352882712654287813e-03
2.401255982307187731e-02
2.401255982307187731e-02
7.598602650212793637e-03
4.751035240976213617e-04
4.751035240976213617e-04
4.751035240976213617e-04
4.751035240976213617e-04
4.751035240976213617e-04
4.751035240976213617e-04
4.751035240976213617e-04
4.751035240976213617e-04
2.253836352462077613e-02
2.253836352462077613e-02
2.253836352462077613e-02
2.253836352462077613e-02
2.253836352462077613e-02
2.253836352462077613e-02
2.253836352462077613e-02
2.253836352462077613e-02
2.253836352462077613e-02
2.253836352462077613e-02
2.253836352462077613e-02
2.253836352462077613e-02
2.253836352462077613e-02
2.253836352462077613e-02
2.253836352462077613e-02
2.174181546631095280e-02
0.000000000000000000e+00
0.000000000000000000e+00
1.956149638009260349e-03
1.956149638009260349e-03
1.956149638009260349e-03
1.956149638009260349e-03
1.956149638009260349e-03
1.956149638009260349e-03
1.956149638009260349e-03
1.956149638009260349e-03
1.956149638009260349e-03
1.956149638009260349e-03
1.956149638009260349e-03
1.956149638009260349e-03
1.956149638009260349e-03
1.956149638009260349e-03
1.956149638009260349e-03
1.956149638009260349e-03
1.956149638009260349e-03
1.956149638009260349e-03
1.956149638009260349e-03
1.956149638009260349e-03
1.956149638009260349e-03
6.086757857300593294e-03
7.515491888782744462e-03
7.515491888782744462e-03
7.515491888782744462e-03
7.515491888782744462e-03
7.515491888782744462e-03
7.515491888782744462e-03
7.515491888782744462e-03
7.515491888782744462e-03
7.515491888782744462e-03
7.515491888782744462e-03
1.621158841033081693e-02
1.621158841033081693e-02
1.621158841033081693e-02
1.621158841033081693e-02
1.549985974868814398e-02
1.661019310138362598e-02
1.661019310138362598e-02
1.661019310138362598e-02
1.661019310138362598e-02
1.661019310138362598e-02
1.661019310138362598e-02
1.661019310138362598e-02
1.661019310138362598e-02
1.661019310138362598e-02
1.661019310138362598e-02
1.661019310138362598e-02
1.661019310138362598e-02
1.661019310138362598e-02
1.661019310138362598e-02
1.661019310138362598e-02
1.661019310138362598e-02
1.433109224517584504e-02
1.229693612641662029e-03
1.229693612641662029e-03
1.229693612641662029e-03
1.229693612641662029e-03
1.229693612641662029e-03
1.229693612641662029e-03
1.130432257880063622e-02
0.000000000000000000e+00
0.000000000000000000e+00
0.000000000000000000e+00
0.000000000000000000e+00
0.000000000000000000e+00
0.000000000000000000e+00
0.000000000000000000e+00
0.000000000000000000e+00
3.077159148860688850e-02
2.040921474669128710e-02
2.040921474669128710e-02
2.040921474669128710e-02
2.040921474669128710e-02
2.040921474669128710e-02
2.040921474669128710e-02
2.040921474669128710e-02
2.040921474669128710e-02
2.040921474669128710e-02
2.040921474669128710e-02
2.040921474669128710e-02
2.040921474669128710e-02
2.040921474669128710e-02
2.040921474669128710e-02
2.782097702695938957e-04
2.782097702695938957e-04
2.782097702695938957e-04
2.782097702695938957e-04
2.782097702695938957e-04
2.782097702695938957e-04
2.782097702695938957e-04
2.782097702695938957e-04
2.782097702695938957e-04
2.782097702695938957e-04
2.782097702695938957e-04
2.782097702695938957e-04
2.782097702695938957e-04
2.256614591607849357e-02
1.272560773475228148e-02
1.272560773475228148e-02
1.272560773475228148e-02
1.272560773475228148e-02
1.272560773475228148e-02
1.272560773475228148e-02
1.272560773475228148e-02
1.272560773475228148e-02
1.272560773475228148e-02
1.272560773475228148e-02
1.201455850663788946e-02
1.033134027842226403e-02
1.033134027842226403e-02
1.033134027842226403e-02
1.033134027842226403e-02
1.033134027842226403e-02
1.033134027842226403e-02
1.033134027842226403e-02
1.033134027842226403e-02
1.033134027842226403e-02
1.033134027842226403e-02
1.033134027842226403e-02
1.033134027842226403e-02
1.033134027842226403e-02
1.033134027842226403e-02
1.033134027842226403e-02
1.033134027842226403e-02
1.033134027842226403e-02
1.033134027842226403e-02
1.033134027842226403e-02
1.033134027842226403e-02
0.000000000000000000e+00
0.000000000000000000e+00
0.000000000000000000e+00
0.000000000000000000e+00
0.000000000000000000e+00
0.000000000000000000e+00
0.000000000000000000e+00
0.000000000000000000e+00
0.000000000000000000e+00
0.000000000000000000e+00
0.000000000000000000e+00
0.000000000000000000e+00
0.000000000000000000e+00
7.027104537940748533e-04
1.418865909270278745e-02
8.232966684690302267e-03
1.377190628830343190e-02
1.377190628830343190e-02
1.377190628830343190e-02
1.377190628830343190e-02
1.377190628830343190e-02
1.377190628830343190e-02
9.439413367933758778e-03
9.632884036574158176e-03
9.632884036574158176e-03
9.632884036574158176e-03
9.632884036574158176e-03
9.632884036574158176e-03
9.632884036574158176e-03
9.632884036574158176e-03
9.632884036574158176e-03
9.632884036574158176e-03
9.632884036574158176e-03
9.632884036574158176e-03
9.632884036574158176e-03
9.632884036574158176e-03
9.632884036574158176e-03
9.632884036574158176e-03
9.632884036574158176e-03
3.979627990271097232e-02
2.022530122289458929e-02
2.022530122289458929e-02
2.022530122289458929e-02
2.022530122289458929e-02
0.000000000000000000e+00
1.762249451144735305e-03
1.762249451144735305e-03
1.762249451144735305e-03
1.762249451144735305e-03
1.762249451144735305e-03
1.762249451144735305e-03
1.762249451144735305e-03
1.762249451144735305e-03
1.762249451144735305e-03
1.762249451144735305e-03
1.113608613617265118e-02
1.113608613617265118e-02
1.113608613617265118e-02
1.113608613617265118e-02
1.113608613617265118e-02
0.000000000000000000e+00
4.943247153436904247e-03
4.943247153436904247e-03
4.943247153436904247e-03
4.943247153436904247e-03
4.943247153436904247e-03
4.943247153436904247e-03
4.943247153436904247e-03
4.943247153436904247e-03
0.000000000000000000e+00
2.623251785137249367e-02
2.623251785137249367e-02
2.623251785137249367e-02
2.623251785137249367e-02
2.623251785137249367e-02
2.623251785137249367e-02
2.623251785137249367e-02
2.623251785137249367e-02
2.623251785137249367e-02
2.623251785137249367e-02
2.623251785137249367e-02
2.623251785137249367e-02
2.623251785137249367e-02
2.623251785137249367e-02
3.280004686732269914e-02
3.280004686732269914e-02
3.280004686732269914e-02
3.280004686732269914e-02
3.280004686732269914e-02
3.280004686732269914e-02
1.247243810880647443e-03
1.247243810880647443e-03
1.247243810880647443e-03
1.247243810880647443e-03
1.247243810880647443e-03
1.247243810880647443e-03
1.247243810880647443e-03
1.247243810880647443e-03
1.247243810880647443e-03
1.247243810880647443e-03
1.247243810880647443e-03
1.247243810880647443e-03
1.247243810880647443e-03
1.247243810880647443e-03
1.247243810880647443e-03
1.425832139193269953e-04
0.000000000000000000e+00
0.000000000000000000e+00
0.000000000000000000e+00
0.000000000000000000e+00
0.000000000000000000e+00
0.000000000000000000e+00
0.000000000000000000e+00
0.000000000000000000e+00
0.000000000000000000e+00
0.000000000000000000e+00
0.000000000000000000e+00
0.000000000000000000e+00
0.000000000000000000e+00
0.000000000000000000e+00
0.000000000000000000e+00
0.000000000000000000e+00
0.000000000000000000e+00
8.463008357410614288e-03
1.512399251134016048e-02
1.512399251134016048e-02
1.512399251134016048e-02
1.512399251134016048e-02
1.512399251134016048e-02
1.512399251134016048e-02
1.779222976283253033e-03
2.860171307924921913e-02
2.860171307924921913e-02
2.860171307924921913e-02
2.860171307924921913e-02
2.860171307924921913e-02
2.860171307924921913e-02
6.199791785225018323e-03
6.199791785225018323e-03
6.199791785225018323e-03
6.199791785225018323e-03
6.199791785225018323e-03
6.199791785225018323e-03
6.199791785225018323e-03
6.199791785225018323e-03
6.199791785225018323e-03
6.199791785225018323e-03
6.199791785225018323e-03
6.199791785225018323e-03
6.199791785225018323e-03
6.199791785225018323e-03
6.199791785225018323e-03
6.199791785225018323e-03
6.199791785225018323e-03
3.307204434566746176e-02
4.983466977664074461e-03
4.983466977664074461e-03
4.983466977664074461e-03
4.983466977664074461e-03
4.983466977664074461e-03
4.983466977664074461e-03
4.983466977664074461e-03
4.983466977664074461e-03
4.983466977664074461e-03
4.983466977664074461e-03
4.983466977664074461e-03
4.983466977664074461e-03
4.983466977664074461e-03
4.983466977664074461e-03
1.790615565979414986e-02
1.790615565979414986e-02
1.790615565979414986e-02
1.790615565979414986e-02
1.790615565979414986e-02
1.790615565979414986e-02
1.790615565979414986e-02
1.790615565979414986e-02
1.790615565979414986e-02
1.790615565979414986e-02
1.790615565979414986e-02
1.622433160044653086e-02
4.447387682518229128e-03
4.447387682518229128e-03
4.447387682518229128e-03
4.447387682518229128e-03
4.447387682518229128e-03
4.447387682518229128e-03
4.447387682518229128e-03
4.447387682518229128e-03
2.632900770411689823e-02
1.514388693310072566e-02
1.514388693310072566e-02
4.506754493358561958e-02
3.600064113114991721e-02
3.600064113114991721e-02
4.332749303740925963e-03
4.332749303740925963e-03
4.332749303740925963e-03
4.332749303740925963e-03
4.332749303740925963e-03
4.332749303740925963e-03
4.332749303740925963e-03
4.332749303740925963e-03
4.332749303740925963e-03
4.332749303740925963e-03
4.332749303740925963e-03
4.332749303740925963e-03
4.332749303740925963e-03
5.289598032404693034e-02
0.000000000000000000e+00
0.000000000000000000e+00
0.000000000000000000e+00
0.000000000000000000e+00
0.000000000000000000e+00
0.000000000000000000e+00
0.000000000000000000e+00
0.000000000000000000e+00
0.000000000000000000e+00
0.000000000000000000e+00
3.231566638568549726e-02
7.169526084721660961e-03
7.169526084721660961e-03
7.169526084721660961e-03
7.169526084721660961e-03
7.169526084721660961e-03
7.169526084721660961e-03
0.000000000000000000e+00
0.000000000000000000e+00
6.254861536203997451e-03
1.234814074173299324e-02
1.074415684380383186e-02
1.074415684380383186e-02
1.074415684380383186e-02
1.074415684380383186e-02
1.074415684380383186e-02
1.074415684380383186e-02
1.074415684380383186e-02
1.074415684380383186e-02
1.762898611156554773e-02
2.239092147333148278e-02
2.239092147333148278e-02
2.239092147333148278e-02
2.239092147333148278e-02
2.239092147333148278e-02
2.239092147333148278e-02
2.239092147333148278e-02
2.239092147333148278e-02
1.624201950954655069e-02
0.000000000000000000e+00
0.000000000000000000e+00
2.296092914421870440e-02
2.296092914421870440e-02
2.296092914421870440e-02
2.296092914421870440e-02
2.296092914421870440e-02
2.296092914421870440e-02
2.296092914421870440e-02
2.296092914421870440e-02
2.296092914421870440e-02
2.296092914421870440e-02
2.296092914421870440e-02
2.296092914421870440e-02
2.296092914421870440e-02
2.296092914421870440e-02
2.296092914421870440e-02
2.296092914421870440e-02
2.296092914421870440e-02
2.296092914421870440e-02
2.296092914421870440e-02
2.296092914421870440e-02
2.296092914421870440e-02
1.691706542363383831e-02
6.271792167304040839e-04
6.271792167304040839e-04
6.271792167304040839e-04
6.271792167304040839e-04
6.271792167304040839e-04
6.271792167304040839e-04
6.271792167304040839e-04
6.271792167304040839e-04
6.271792167304040839e-04
6.271792167304040839e-04
3.338284047551599854e-02
3.338284047551599854e-02
0.000000000000000000e+00
1.398276168217490491e-02
1.398276168217490491e-02
1.398276168217490491e-02
1.398276168217490491e-02
1.398276168217490491e-02
1.398276168217490491e-02
1.398276168217490491e-02
1.398276168217490491e-02
1.065981671605720216e-02
1.673409987793143469e-02
1.673409987793143469e-02
1.673409987793143469e-02
1.673409987793143469e-02
1.673409987793143469e-02
1.673409987793143469e-02
1.673409987793143469e-02
1.673409987793143469e-02
1.673409987793143469e-02
1.673409987793143469e-02
2.434111687582286854e-02
2.434111687582286854e-02
2.434111687582286854e-02
2.434111687582286854e-02
2.434111687582286854e-02
2.434111687582286854e-02
2.434111687582286854e-02
2.434111687582286854e-02
2.434111687582286854e-02
2.434111687582286854e-02
2.434111687582286854e-02
2.434111687582286854e-02
2.434111687582286854e-02
2.434111687582286854e-02
2.434111687582286854e-02
2.434111687582286854e-02
2.434111687582286854e-02
5.137998137031643368e-03
2.073295553271497366e-02
2.073295553271497366e-02
2.073295553271497366e-02
2.073295553271497366e-02
2.073295553271497366e-02
2.073295553271497366e-02
2.073295553271497366e-02
2.073295553271497366e-02
2.073295553271497366e-02
2.073295553271497366e-02
2.073295553271497366e-02
2.073295553271497366e-02
2.073295553271497366e-02
2.073295553271497366e-02
2.073295553271497366e-02
2.073295553271497366e-02
2.073295553271497366e-02
2.073295553271497366e-02
2.073295553271497366e-02
2.073295553271497366e-02
2.073295553271497366e-02
2.073295553271497366e-02
4.477463279000754026e-03
0.000000000000000000e+00
0.000000000000000000e+00
0.000000000000000000e+00
0.000000000000000000e+00
1.076781956091298238e-02
1.973031434167246342e-02
1.973031434167246342e-02
1.973031434167246342e-02
1.973031434167246342e-02
1.973031434167246342e-02
1.973031434167246342e-02
1.973031434167246342e-02
1.973031434167246342e-02
1.973031434167246342e-02
1.973031434167246342e-02
1.973031434167246342e-02
1.973031434167246342e-02
2.052845311416389915e-02
0.000000000000000000e+00
0.000000000000000000e+00
0.000000000000000000e+00
0.000000000000000000e+00
1.818692949290857952e-02
1.940743284374737065e-03
1.940743284374737065e-03
1.940743284374737065e-03
1.940743284374737065e-03
1.940743284374737065e-03
1.940743284374737065e-03
1.940743284374737065e-03
1.940743284374737065e-03
1.940743284374737065e-03
1.940743284374737065e-03
1.940743284374737065e-03
1.940743284374737065e-03
1.940743284374737065e-03
1.940743284374737065e-03
1.940743284374737065e-03
1.940743284374737065e-03
3.540657008855831872e-02
2.312146503578444562e-02
2.312146503578444562e-02
2.312146503578444562e-02
2.312146503578444562e-02
2.312146503578444562e-02
2.312146503578444562e-02
1.930411983219245883e-02
1.930411983219245883e-02
1.930411983219245883e-02
1.930411983219245883e-02
1.760576190545819555e-02
1.598904017421948209e-02
1.598904017421948209e-02
1.598904017421948209e-02
1.598904017421948209e-02
1.598904017421948209e-02
1.598904017421948209e-02
1.598904017421948209e-02
1.598904017421948209e-02
2.438672104699656992e-02
2.438672104699656992e-02
2.438672104699656992e-02
2.438672104699656992e-02
2.438672104699656992e-02
2.438672104699656992e-02
2.438672104699656992e-02
2.438672104699656992e-02
2.438672104699656992e-02
2.438672104699656992e-02
2.438672104699656992e-02
0.000000000000000000e+00
1.948887573711071200e-02
1.948887573711071200e-02
1.760576190545819555e-02
1.948887573711071200e-02
1.720814200984569636e-02
2.461865105565246709e-02
2.461865105565246709e-02
2.461865105565246709e-02
2.461865105565246709e-02
1.328522792759480667e-02
8.715396305037849400e-03
8.715396305037849400e-03
8.715396305037849400e-03
8.715396305037849400e-03
8.715396305037849400e-03
8.715396305037849400e-03
8.715396305037849400e-03
8.715396305037849400e-03
4.700670776461617767e-03
4.700670776461617767e-03
4.700670776461617767e-03
4.700670776461617767e-03
4.700670776461617767e-03
4.700670776461617767e-03
4.700670776461617767e-03
4.700670776461617767e-03
4.700670776461617767e-03
4.700670776461617767e-03
4.700670776461617767e-03
4.700670776461617767e-03
4.700670776461617767e-03
4.700670776461617767e-03
4.700670776461617767e-03
4.700670776461617767e-03
4.700670776461617767e-03
4.700670776461617767e-03
4.700670776461617767e-03
4.700670776461617767e-03
4.700670776461617767e-03
4.700670776461617767e-03
4.700670776461617767e-03
4.700670776461617767e-03
4.700670776461617767e-03
4.700670776461617767e-03
4.700670776461617767e-03
1.731868254671869306e-02
2.718739819051011006e-03
2.718739819051011006e-03
2.718739819051011006e-03
2.718739819051011006e-03
2.718739819051011006e-03
2.718739819051011006e-03
1.652115149279718281e-02
0.000000000000000000e+00
0.000000000000000000e+00
5.758924587293321080e-03
1.239925800353799089e-03
1.239925800353799089e-03
1.239925800353799089e-03
1.239925800353799089e-03
5.380737539072926942e-03
2.052845311416389915e-02
2.052845311416389915e-02
2.052845311416389915e-02
5.822243504787740420e-04
3.908962820403155333e-03
3.908962820403155333e-03
3.547624792484388532e-03
1.269781388308547504e-02
1.269781388308547504e-02
1.269781388308547504e-02
1.269781388308547504e-02
1.269781388308547504e-02
1.269781388308547504e-02
1.269781388308547504e-02
1.269781388308547504e-02
4.429421065143484583e-03
0.000000000000000000e+00
0.000000000000000000e+00
0.000000000000000000e+00
0.000000000000000000e+00
0.000000000000000000e+00
0.000000000000000000e+00
3.253713179611317924e-02
3.253713179611317924e-02
8.879596175422293028e-03
8.879596175422293028e-03
0.000000000000000000e+00
0.000000000000000000e+00
0.000000000000000000e+00
0.000000000000000000e+00
0.000000000000000000e+00
0.000000000000000000e+00
0.000000000000000000e+00
0.000000000000000000e+00
0.000000000000000000e+00
0.000000000000000000e+00
6.860870454157932431e-03
6.860870454157932431e-03
6.860870454157932431e-03
6.860870454157932431e-03
6.860870454157932431e-03
6.860870454157932431e-03
6.860870454157932431e-03
7.123098057414367981e-03
6.860870454157932431e-03
6.860870454157932431e-03
6.860870454157932431e-03
6.860870454157932431e-03
6.860870454157932431e-03
6.860870454157932431e-03
6.860870454157932431e-03
1.105426612958494183e-02
4.529391833024545150e-02
4.529391833024545150e-02
4.529391833024545150e-02
4.529391833024545150e-02
4.529391833024545150e-02
4.529391833024545150e-02
9.158601863200461352e-03
1.617840270442072112e-02
1.617840270442072112e-02
1.617840270442072112e-02
1.617840270442072112e-02
1.617840270442072112e-02
1.617840270442072112e-02
7.736503766149504559e-03
5.600267596892094697e-03
5.600267596892094697e-03
2.019400265419715734e-02
3.587316432964342272e-02
3.587316432964342272e-02
3.587316432964342272e-02
3.587316432964342272e-02
6.111361794507911768e-03
4.907120991905519584e-03
4.907120991905519584e-03
5.991532483168220645e-03
1.941311710282749101e-03
1.941311710282749101e-03
5.380737539072926942e-03
5.380737539072926942e-03
5.380737539072926942e-03
5.380737539072926942e-03
5.380737539072926942e-03
5.380737539072926942e-03
5.380737539072926942e-03
5.380737539072926942e-03
1.039031434347462146e-02
1.039031434347462146e-02
1.039031434347462146e-02
1.039031434347462146e-02
1.039031434347462146e-02
1.039031434347462146e-02
1.039031434347462146e-02
1.039031434347462146e-02
1.039031434347462146e-02
1.039031434347462146e-02
1.039031434347462146e-02
1.039031434347462146e-02
1.039031434347462146e-02
1.039031434347462146e-02
1.039031434347462146e-02
1.423349994953691279e-02
1.257553623637992606e-02
1.257553623637992606e-02
1.257553623637992606e-02
1.257553623637992606e-02
1.257553623637992606e-02
1.257553623637992606e-02
1.257553623637992606e-02
1.257553623637992606e-02
1.257553623637992606e-02
1.257553623637992606e-02
1.257553623637992606e-02
1.257553623637992606e-02
1.257553623637992606e-02
1.257553623637992606e-02
0.000000000000000000e+00
0.000000000000000000e+00
0.000000000000000000e+00
0.000000000000000000e+00
0.000000000000000000e+00
8.441371143228196261e-03
7.466031630196806775e-03
7.466031630196806775e-03
7.466031630196806775e-03
7.466031630196806775e-03
7.466031630196806775e-03
7.466031630196806775e-03
7.466031630196806775e-03
7.466031630196806775e-03
2.738273472408738266e-03
7.466031630196806775e-03
7.466031630196806775e-03
7.466031630196806775e-03
9.257744681253692390e-03
2.614024837182913220e-03
2.614024837182913220e-03
2.614024837182913220e-03
2.614024837182913220e-03
2.614024837182913220e-03
2.614024837182913220e-03
2.614024837182913220e-03
2.614024837182913220e-03
4.949388004137937613e-02
3.374407525911676115e-02
3.374407525911676115e-02
3.374407525911676115e-02
3.374407525911676115e-02
3.374407525911676115e-02
3.374407525911676115e-02
3.374407525911676115e-02
3.374407525911676115e-02
3.374407525911676115e-02
3.374407525911676115e-02
3.374407525911676115e-02
3.374407525911676115e-02
2.046449747108091907e-04
2.904591600670777211e-03
2.904591600670777211e-03
2.904591600670777211e-03
2.904591600670777211e-03
2.904591600670777211e-03
2.904591600670777211e-03
2.904591600670777211e-03
2.904591600670777211e-03
0.000000000000000000e+00
1.198061812471632771e-02
1.198061812471632771e-02
1.198061812471632771e-02
1.198061812471632771e-02
1.198061812471632771e-02
1.198061812471632771e-02
1.198061812471632771e-02
1.198061812471632771e-02
1.198061812471632771e-02
1.198061812471632771e-02
1.198061812471632771e-02
1.198061812471632771e-02
2.716724253944911155e-02
5.835518091056933303e-03
5.835518091056933303e-03
5.835518091056933303e-03
5.835518091056933303e-03
5.835518091056933303e-03
5.835518091056933303e-03
5.835518091056933303e-03
5.835518091056933303e-03
5.835518091056933303e-03
5.835518091056933303e-03
3.367264277350897044e-03
3.367264277350897044e-03
3.367264277350897044e-03
3.367264277350897044e-03
3.367264277350897044e-03
3.367264277350897044e-03
3.367264277350897044e-03
3.367264277350897044e-03
3.367264277350897044e-03
3.367264277350897044e-03
3.367264277350897044e-03
3.367264277350897044e-03
3.367264277350897044e-03
7.413156126199463812e-03
3.922483577328969573e-02
3.922483577328969573e-02
3.922483577328969573e-02
3.922483577328969573e-02
3.922483577328969573e-02
3.922483577328969573e-02
3.922483577328969573e-02
3.922483577328969573e-02
3.447324956318274011e-03
2.323888069013009799e-03
2.323888069013009799e-03
2.323888069013009799e-03
2.323888069013009799e-03
3.277952705810925106e-03
1.049088444604190026e-02
1.049088444604190026e-02
1.280366624460333412e-02
5.063151171675195003e-03
5.063151171675195003e-03
5.063151171675195003e-03
5.063151171675195003e-03
0.000000000000000000e+00
0.000000000000000000e+00
0.000000000000000000e+00
0.000000000000000000e+00
0.000000000000000000e+00
0.000000000000000000e+00
0.000000000000000000e+00
0.000000000000000000e+00
0.000000000000000000e+00
0.000000000000000000e+00
0.000000000000000000e+00
0.000000000000000000e+00
0.000000000000000000e+00
0.000000000000000000e+00
0.000000000000000000e+00
1.701998907579525128e-02
1.701998907579525128e-02
1.701998907579525128e-02
1.701998907579525128e-02
1.701998907579525128e-02
1.701998907579525128e-02
1.701998907579525128e-02
1.701998907579525128e-02
1.701998907579525128e-02
1.701998907579525128e-02
1.701998907579525128e-02
1.701998907579525128e-02
1.701998907579525128e-02
1.701998907579525128e-02
1.701998907579525128e-02
5.967504132344171423e-03
5.527880955210953944e-04
5.527880955210953944e-04
5.527880955210953944e-04
5.527880955210953944e-04
1.066940210652158119e-02
8.324282278761505754e-03
8.324282278761505754e-03
8.324282278761505754e-03
8.324282278761505754e-03
8.324282278761505754e-03
8.324282278761505754e-03
8.324282278761505754e-03
8.324282278761505754e-03
2.121045466366041493e-02
1.711903189047065885e-02
1.711903189047065885e-02
1.711903189047065885e-02
1.711903189047065885e-02
2.774717599228394664e-03
2.127916021071775930e-03
2.127916021071775930e-03
1.734184710666698609e-03
1.734184710666698609e-03
1.734184710666698609e-03
1.734184710666698609e-03
1.734184710666698609e-03
1.734184710666698609e-03
1.734184710666698609e-03
1.734184710666698609e-03
1.734184710666698609e-03
1.734184710666698609e-03
1.734184710666698609e-03
1.734184710666698609e-03
1.734184710666698609e-03
1.734184710666698609e-03
1.734184710666698609e-03
1.734184710666698609e-03
1.734184710666698609e-03
0.000000000000000000e+00
1.376564717771634576e-02
1.376564717771634576e-02
1.376564717771634576e-02
1.376564717771634576e-02
1.376564717771634576e-02
1.376564717771634576e-02
1.376564717771634576e-02
1.376564717771634576e-02
1.376564717771634576e-02
1.376564717771634576e-02
2.639168422611312334e-02
6.031364779637447479e-03
6.031364779637447479e-03
6.031364779637447479e-03
6.031364779637447479e-03
6.031364779637447479e-03
6.031364779637447479e-03
6.031364779637447479e-03
6.031364779637447479e-03
6.031364779637447479e-03
6.031364779637447479e-03
1.095907238244376788e-02
6.818587972221207272e-03
6.818587972221207272e-03
6.818587972221207272e-03
6.818587972221207272e-03
6.818587972221207272e-03
6.818587972221207272e-03
0.000000000000000000e+00
0.000000000000000000e+00
0.000000000000000000e+00
0.000000000000000000e+00
0.000000000000000000e+00
0.000000000000000000e+00
0.000000000000000000e+00
3.535925412435427483e-03
3.535925412435427483e-03
3.535925412435427483e-03
3.535925412435427483e-03
3.535925412435427483e-03
3.535925412435427483e-03
3.535925412435427483e-03
3.535925412435427483e-03
3.535925412435427483e-03
3.535925412435427483e-03
3.535925412435427483e-03
3.535925412435427483e-03
3.535925412435427483e-03
2.230202046840095743e-03
1.325281146926742502e-02
1.325281146926742502e-02
1.325281146926742502e-02
1.325281146926742502e-02
0.000000000000000000e+00
0.000000000000000000e+00
0.000000000000000000e+00
0.000000000000000000e+00
0.000000000000000000e+00
0.000000000000000000e+00
0.000000000000000000e+00
1.178694228545612045e-02
3.464448274747077700e-02
3.464448274747077700e-02
3.464448274747077700e-02
3.464448274747077700e-02
3.464448274747077700e-02
3.464448274747077700e-02
3.464448274747077700e-02
3.464448274747077700e-02
1.479799958220098929e-03
1.276060323647859075e-02
1.276060323647859075e-02
1.276060323647859075e-02
1.276060323647859075e-02
0.000000000000000000e+00
7.037554489291935646e-03
7.037554489291935646e-03
7.037554489291935646e-03
7.037554489291935646e-03
2.223457123395536708e-02
4.252366288925371086e-03
4.252366288925371086e-03
4.252366288925371086e-03
4.252366288925371086e-03
4.252366288925371086e-03
4.252366288925371086e-03
4.252366288925371086e-03
4.252366288925371086e-03
4.252366288925371086e-03
4.252366288925371086e-03
4.252366288925371086e-03
1.164550961201122909e-03
1.992714284668557420e-02
1.992714284668557420e-02
1.992714284668557420e-02
1.992714284668557420e-02
1.992714284668557420e-02
1.992714284668557420e-02
1.992714284668557420e-02
1.992714284668557420e-02
1.992714284668557420e-02
1.992714284668557420e-02
1.992714284668557420e-02
1.992714284668557420e-02
1.992714284668557420e-02
1.992714284668557420e-02
1.992714284668557420e-02
1.992714284668557420e-02
1.992714284668557420e-02
1.992714284668557420e-02
1.992714284668557420e-02
1.992714284668557420e-02
1.992714284668557420e-02
1.992714284668557420e-02
1.992714284668557420e-02
1.992714284668557420e-02
1.992714284668557420e-02
1.992714284668557420e-02
1.992714284668557420e-02
1.992714284668557420e-02
1.459164011894344061e-04
1.459164011894344061e-04
1.459164011894344061e-04
1.459164011894344061e-04
1.459164011894344061e-04
1.459164011894344061e-04
1.459164011894344061e-04
1.459164011894344061e-04
1.459164011894344061e-04
1.459164011894344061e-04
1.459164011894344061e-04
1.803664372114005543e-02
0.000000000000000000e+00
0.000000000000000000e+00
2.289205913926949457e-02
5.975436033477912051e-03
5.975436033477912051e-03
1.840443187247656166e-03
1.840443187247656166e-03
1.840443187247656166e-03
1.840443187247656166e-03
1.840443187247656166e-03
1.840443187247656166e-03
1.840443187247656166e-03
1.840443187247656166e-03
1.840443187247656166e-03
1.840443187247656166e-03
1.840443187247656166e-03
1.840443187247656166e-03
1.840443187247656166e-03
1.840443187247656166e-03
1.840443187247656166e-03
1.840443187247656166e-03
1.840443187247656166e-03
7.321009588626463394e-03
1.619125109837061746e-02
1.619125109837061746e-02
1.619125109837061746e-02
1.619125109837061746e-02
7.680384998524989425e-03
2.140724364446728450e-02
2.140724364446728450e-02
2.140724364446728450e-02
2.140724364446728450e-02
2.940863854477018813e-02
2.940863854477018813e-02
2.940863854477018813e-02
2.940863854477018813e-02
2.940863854477018813e-02
2.940863854477018813e-02
2.940863854477018813e-02
0.000000000000000000e+00
2.940863854477018813e-02
2.021772841391323433e-02
0.000000000000000000e+00
0.000000000000000000e+00
0.000000000000000000e+00
0.000000000000000000e+00
0.000000000000000000e+00
0.000000000000000000e+00
0.000000000000000000e+00
0.000000000000000000e+00
0.000000000000000000e+00
0.000000000000000000e+00
0.000000000000000000e+00
0.000000000000000000e+00
0.000000000000000000e+00
0.000000000000000000e+00
6.171245951260407800e-03
6.171245951260407800e-03
6.171245951260407800e-03
6.171245951260407800e-03
1.561930362568415397e-03
3.587787101315147078e-03
3.587787101315147078e-03
3.587787101315147078e-03
3.587787101315147078e-03
3.587787101315147078e-03
3.587787101315147078e-03
3.587787101315147078e-03
3.587787101315147078e-03
3.587787101315147078e-03
3.587787101315147078e-03
0.000000000000000000e+00
3.225320110585743957e-03
3.225320110585743957e-03
3.225320110585743957e-03
3.225320110585743957e-03
3.225320110585743957e-03
3.225320110585743957e-03
3.225320110585743957e-03
3.225320110585743957e-03
3.225320110585743957e-03
3.225320110585743957e-03
3.225320110585743957e-03
3.225320110585743957e-03
3.225320110585743957e-03
3.225320110585743957e-03
9.860359078706399868e-03
9.860359078706399868e-03
9.860359078706399868e-03
9.860359078706399868e-03
9.860359078706399868e-03
9.860359078706399868e-03
9.860359078706399868e-03
9.860359078706399868e-03
9.860359078706399868e-03
9.860359078706399868e-03
9.860359078706399868e-03
9.860359078706399868e-03
9.860359078706399868e-03
9.860359078706399868e-03
9.860359078706399868e-03
1.930243106090627492e-02
1.930243106090627492e-02
1.930243106090627492e-02
1.930243106090627492e-02
1.930243106090627492e-02
1.930243106090627492e-02
1.930243106090627492e-02
1.930243106090627492e-02
1.930243106090627492e-02
1.930243106090627492e-02
1.930243106090627492e-02
7.809222004320585768e-03
5.037285772333972671e-03
5.037285772333972671e-03
5.037285772333972671e-03
5.037285772333972671e-03
1.502223544371890243e-03
6.500274450510231880e-03
6.500274450510231880e-03
6.500274450510231880e-03
6.500274450510231880e-03
6.500274450510231880e-03
6.500274450510231880e-03
6.500274450510231880e-03
6.500274450510231880e-03
1.460768628569609215e-03
1.460768628569609215e-03
1.460768628569609215e-03
1.460768628569609215e-03
1.460768628569609215e-03
1.460768628569609215e-03
1.460768628569609215e-03
1.460768628569609215e-03
1.460768628569609215e-03
1.460768628569609215e-03
1.460768628569609215e-03
1.460768628569609215e-03
1.460768628569609215e-03
1.460768628569609215e-03
1.460768628569609215e-03
1.460768628569609215e-03
1.460768628569609215e-03
1.460768628569609215e-03
1.567839367961130007e-03
0.000000000000000000e+00
0.000000000000000000e+00
0.000000000000000000e+00
0.000000000000000000e+00
0.000000000000000000e+00
0.000000000000000000e+00
0.000000000000000000e+00
0.000000000000000000e+00
0.000000000000000000e+00
0.000000000000000000e+00
3.325239817810195231e-03
3.325239817810195231e-03
3.325239817810195231e-03
3.325239817810195231e-03
3.325239817810195231e-03
3.325239817810195231e-03
3.325239817810195231e-03
3.325239817810195231e-03
3.325239817810195231e-03
3.325239817810195231e-03
3.325239817810195231e-03
3.427128941762252589e-03
1.696660041991204099e-02
1.696660041991204099e-02
1.696660041991204099e-02
4.066330176641059363e-03
4.497959168933046530e-03
4.497959168933046530e-03
4.497959168933046530e-03
4.497959168933046530e-03
2.256614591607849357e-02
2.256614591607849357e-02
3.200230024841173304e-02
3.200230024841173304e-02
7.985674592364752633e-03
4.729379499542521632e-03
4.729379499542521632e-03
4.729379499542521632e-03
4.729379499542521632e-03
4.729379499542521632e-03
4.729379499542521632e-03
1.803664372114005543e-02
1.803664372114005543e-02
1.803664372114005543e-02
1.803664372114005543e-02
1.803664372114005543e-02
1.803664372114005543e-02
1.803664372114005543e-02
1.803664372114005543e-02
1.803664372114005543e-02
1.803664372114005543e-02
1.803664372114005543e-02
1.803664372114005543e-02
1.803664372114005543e-02
1.803664372114005543e-02
1.803664372114005543e-02
1.803664372114005543e-02
1.803664372114005543e-02
1.803664372114005543e-02
2.043446262885920042e-03
2.493511984442521590e-02
2.493511984442521590e-02
3.318008070181544672e-02
3.239975527264649102e-02
3.239975527264649102e-02
3.071226193919120596e-03
0.000000000000000000e+00
0.000000000000000000e+00
0.000000000000000000e+00
0.000000000000000000e+00
0.000000000000000000e+00
0.000000000000000000e+00
1.150453749749217811e-02
1.150453749749217811e-02
1.150453749749217811e-02
1.150453749749217811e-02
1.150453749749217811e-02
1.150453749749217811e-02
1.150453749749217811e-02
1.150453749749217811e-02
1.150453749749217811e-02
1.150453749749217811e-02
3.755835384548942939e-03
3.755835384548942939e-03
3.755835384548942939e-03
3.755835384548942939e-03
3.755835384548942939e-03
3.755835384548942939e-03
3.755835384548942939e-03
3.755835384548942939e-03
4.322158803791005532e-03
3.742522701398539806e-03
3.742522701398539806e-03
3.742522701398539806e-03
3.742522701398539806e-03
3.742522701398539806e-03
3.742522701398539806e-03
3.742522701398539806e-03
3.742522701398539806e-03
3.742522701398539806e-03
3.742522701398539806e-03
3.742522701398539806e-03
3.742522701398539806e-03
6.809081471805698491e-03
2.117755935196683967e-02
2.117755935196683967e-02
2.117755935196683967e-02
2.117755935196683967e-02
2.117755935196683967e-02
2.117755935196683967e-02
2.117755935196683967e-02
2.117755935196683967e-02
0.000000000000000000e+00
2.427467072838083995e-02
2.427467072838083995e-02
2.427467072838083995e-02
2.427467072838083995e-02
2.427467072838083995e-02
2.427467072838083995e-02
2.427467072838083995e-02
2.427467072838083995e-02
1.485210638002331524e-02
2.427467072838083995e-02
2.281559908067576012e-02
2.065973284147972280e-02
2.065973284147972280e-02
2.065973284147972280e-02
2.065973284147972280e-02
3.604407538452863297e-02
3.461214632733421864e-02
3.461214632733421864e-02
0.000000000000000000e+00
0.000000000000000000e+00
0.000000000000000000e+00
0.000000000000000000e+00
0.000000000000000000e+00
0.000000000000000000e+00
2.561735610567212468e-02
3.122539767519582135e-02
3.122539767519582135e-02
3.122539767519582135e-02
3.547624792484388532e-03
3.547624792484388532e-03
3.547624792484388532e-03
3.547624792484388532e-03
3.547624792484388532e-03
3.547624792484388532e-03
3.547624792484388532e-03
3.547624792484388532e-03
3.547624792484388532e-03
3.547624792484388532e-03
1.878738420225601474e-02
1.988968909662917894e-02
1.988968909662917894e-02
1.988968909662917894e-02
1.988968909662917894e-02
1.988968909662917894e-02
1.988968909662917894e-02
1.988968909662917894e-02
1.988968909662917894e-02
1.988968909662917894e-02
1.988968909662917894e-02
1.988968909662917894e-02
1.988968909662917894e-02
3.735252980760217500e-03
3.735252980760217500e-03
3.735252980760217500e-03
3.735252980760217500e-03
3.735252980760217500e-03
3.735252980760217500e-03
3.735252980760217500e-03
3.735252980760217500e-03
3.735252980760217500e-03
3.735252980760217500e-03
3.735252980760217500e-03
3.735252980760217500e-03
3.735252980760217500e-03
1.643015781424734395e-02
8.995424627858667962e-03
8.995424627858667962e-03
8.995424627858667962e-03
8.995424627858667962e-03
8.995424627858667962e-03
8.995424627858667962e-03
8.995424627858667962e-03
8.995424627858667962e-03
3.608417040053875369e-02
2.205600113484868993e-02
2.205600113484868993e-02
2.205600113484868993e-02
2.205600113484868993e-02
2.675514251965944567e-03
4.341324995859926344e-04
4.341324995859926344e-04
4.341324995859926344e-04
4.341324995859926344e-04
2.545755499267289557e-02
6.013932224595151116e-03
6.013932224595151116e-03
6.013932224595151116e-03
6.013932224595151116e-03
6.013932224595151116e-03
6.013932224595151116e-03
6.013932224595151116e-03
6.013932224595151116e-03
6.013932224595151116e-03
6.013932224595151116e-03
6.662088160783743128e-04
6.662088160783743128e-04
6.662088160783743128e-04
7.425297545159586718e-03
6.662088160783743128e-04
6.662088160783743128e-04
6.662088160783743128e-04
6.662088160783743128e-04
6.662088160783743128e-04
5.930636750032090843e-02
2.260068618505259221e-03
2.260068618505259221e-03
2.260068618505259221e-03
2.260068618505259221e-03
2.260068618505259221e-03
2.260068618505259221e-03
2.531398255660953500e-02
3.975484647508066745e-03
3.975484647508066745e-03
3.975484647508066745e-03
3.975484647508066745e-03
3.975484647508066745e-03
3.975484647508066745e-03
6.044122626413000327e-03
1.900398465408390973e-05
1.900398465408390973e-05
1.900398465408390973e-05
1.900398465408390973e-05
1.900398465408390973e-05
1.900398465408390973e-05
1.900398465408390973e-05
1.900398465408390973e-05
2.548072263977419274e-02
2.548072263977419274e-02
2.548072263977419274e-02
2.548072263977419274e-02
2.548072263977419274e-02
2.548072263977419274e-02
2.548072263977419274e-02
2.548072263977419274e-02
2.548072263977419274e-02
2.548072263977419274e-02
2.548072263977419274e-02
2.548072263977419274e-02
2.548072263977419274e-02
2.548072263977419274e-02
2.548072263977419274e-02
8.294013002902778098e-03
6.154013872338116517e-03
6.154013872338116517e-03
6.154013872338116517e-03
6.154013872338116517e-03
6.154013872338116517e-03
6.154013872338116517e-03
0.000000000000000000e+00
1.590808400456226318e-02
1.590808400456226318e-02
0.000000000000000000e+00
1.590808400456226318e-02
1.590808400456226318e-02
1.590808400456226318e-02
0.000000000000000000e+00
2.942180713932011568e-02
2.281559908067576012e-02
2.281559908067576012e-02
2.281559908067576012e-02
2.281559908067576012e-02
2.281559908067576012e-02
2.281559908067576012e-02
2.281559908067576012e-02
1.012643991808494064e-02
3.397704059444345802e-03
3.397704059444345802e-03
1.851210272744695587e-02
3.604407538452863297e-02
3.604407538452863297e-02
3.604407538452863297e-02
3.604407538452863297e-02
3.604407538452863297e-02
3.009432343754679315e-02
3.009432343754679315e-02
3.009432343754679315e-02
3.009432343754679315e-02
3.009432343754679315e-02
3.009432343754679315e-02
3.009432343754679315e-02
3.009432343754679315e-02
3.009432343754679315e-02
3.009432343754679315e-02
3.009432343754679315e-02
3.009432343754679315e-02
3.009432343754679315e-02
3.009432343754679315e-02
3.009432343754679315e-02
3.009432343754679315e-02
3.009432343754679315e-02
3.009432343754679315e-02
3.009432343754679315e-02
3.009432343754679315e-02
3.009432343754679315e-02
3.009432343754679315e-02
3.009432343754679315e-02
3.009432343754679315e-02
3.009432343754679315e-02
1.131903983960263170e-02
8.253047263285262850e-03
8.253047263285262850e-03
1.679358340420155846e-02
4.661215072577334570e-03
4.661215072577334570e-03
4.661215072577334570e-03
4.661215072577334570e-03
4.661215072577334570e-03
4.661215072577334570e-03
4.661215072577334570e-03
4.661215072577334570e-03
4.661215072577334570e-03
4.661215072577334570e-03
4.661215072577334570e-03
4.661215072577334570e-03
4.661215072577334570e-03
4.661215072577334570e-03
1.392693158674476739e-02
3.907599369995705396e-03
3.907599369995705396e-03
3.907599369995705396e-03
3.907599369995705396e-03
3.907599369995705396e-03
3.907599369995705396e-03
4.949388004137937613e-02
4.949388004137937613e-02
4.197253007740363653e-03
1.519891765875559971e-02
1.519891765875559971e-02
1.519891765875559971e-02
1.169032562543206172e-02
2.378919514999173687e-03
2.378919514999173687e-03
2.378919514999173687e-03
2.378919514999173687e-03
2.378919514999173687e-03
2.378919514999173687e-03
2.378919514999173687e-03
2.378919514999173687e-03
2.653673880802426277e-02
1.809715272213351794e-02
1.809715272213351794e-02
1.809715272213351794e-02
1.809715272213351794e-02
1.809715272213351794e-02
1.809715272213351794e-02
3.447324956318274011e-03
3.447324956318274011e-03
3.447324956318274011e-03
3.447324956318274011e-03
3.447324956318274011e-03
3.447324956318274011e-03
3.447324956318274011e-03
3.447324956318274011e-03
3.447324956318274011e-03
3.447324956318274011e-03
3.447324956318274011e-03
3.447324956318274011e-03
3.447324956318274011e-03
3.447324956318274011e-03
3.447324956318274011e-03
3.447324956318274011e-03
3.447324956318274011e-03
3.447324956318274011e-03
3.447324956318274011e-03
3.447324956318274011e-03
3.447324956318274011e-03
3.447324956318274011e-03
3.447324956318274011e-03
3.447324956318274011e-03
3.447324956318274011e-03
3.447324956318274011e-03
3.447324956318274011e-03
3.447324956318274011e-03
3.162148384419890927e-03
5.625164144176066257e-03
5.625164144176066257e-03
5.625164144176066257e-03
5.625164144176066257e-03
5.625164144176066257e-03
5.625164144176066257e-03
5.625164144176066257e-03
5.625164144176066257e-03
1.485210638002331524e-02
7.558160918206384589e-03
3.608417040053875369e-02
1.101930225343373572e-02
1.148677509319389820e-02
1.148677509319389820e-02
1.148677509319389820e-02
1.148677509319389820e-02
1.148677509319389820e-02
1.148677509319389820e-02
1.148677509319389820e-02
1.148677509319389820e-02
1.380879395297864107e-03
1.380879395297864107e-03
1.380879395297864107e-03
1.380879395297864107e-03
1.380879395297864107e-03
1.380879395297864107e-03
1.380879395297864107e-03
1.380879395297864107e-03
1.380879395297864107e-03
1.380879395297864107e-03
1.380879395297864107e-03
1.380879395297864107e-03
1.380879395297864107e-03
1.380879395297864107e-03
1.380879395297864107e-03
0.000000000000000000e+00
0.000000000000000000e+00
2.041188271722720396e-02
1.666955273177620628e-02
1.666955273177620628e-02
2.466124806143549144e-03
0.000000000000000000e+00
0.000000000000000000e+00
1.848886562396243050e-02
6.297629332800628969e-03
6.297629332800628969e-03
6.297629332800628969e-03
6.297629332800628969e-03
6.297629332800628969e-03
6.297629332800628969e-03
6.297629332800628969e-03
6.297629332800628969e-03
6.297629332800628969e-03
6.297629332800628969e-03
8.643817762435499971e-03
1.656043122778285900e-02
1.656043122778285900e-02
1.656043122778285900e-02
1.656043122778285900e-02
9.637255347694344623e-03
2.078540986476265159e-02
2.078540986476265159e-02
2.078540986476265159e-02
2.078540986476265159e-02
2.078540986476265159e-02
2.078540986476265159e-02
2.078540986476265159e-02
2.078540986476265159e-02
1.135785629774467738e-02
3.713836345563542064e-03
3.713836345563542064e-03
3.713836345563542064e-03
3.713836345563542064e-03
3.713836345563542064e-03
3.713836345563542064e-03
3.713836345563542064e-03
3.713836345563542064e-03
7.236632450583126153e-03
9.474236432314951661e-03
8.330057586920838406e-03
8.330057586920838406e-03
8.330057586920838406e-03
8.330057586920838406e-03
8.330057586920838406e-03
8.330057586920838406e-03
8.330057586920838406e-03
8.330057586920838406e-03
8.330057586920838406e-03
8.330057586920838406e-03
4.755608736624009764e-03
4.539672552511486020e-03
4.539672552511486020e-03
4.539672552511486020e-03
4.539672552511486020e-03
4.539672552511486020e-03
4.539672552511486020e-03
4.539672552511486020e-03
4.539672552511486020e-03
4.539672552511486020e-03
4.539672552511486020e-03
5.289598032404693034e-02
4.915369655890941547e-02
4.915369655890941547e-02
4.915369655890941547e-02
4.915369655890941547e-02
4.915369655890941547e-02
4.915369655890941547e-02
4.915369655890941547e-02
4.915369655890941547e-02
4.915369655890941547e-02
4.915369655890941547e-02
1.182380632489114271e-02
7.649278020303652880e-04
7.649278020303652880e-04
5.845187798206920651e-03
3.381946919597104018e-03
3.381946919597104018e-03
3.381946919597104018e-03
3.381946919597104018e-03
8.076373147435806157e-03
1.408780636560359213e-02
1.408780636560359213e-02
1.408780636560359213e-02
1.408780636560359213e-02
1.408780636560359213e-02
1.408780636560359213e-02
1.408780636560359213e-02
1.408780636560359213e-02
1.408780636560359213e-02
1.408780636560359213e-02
1.408780636560359213e-02
1.408780636560359213e-02
6.271762931766625832e-03
2.005739426097996603e-02
2.005739426097996603e-02
7.680384998524989425e-03
0.000000000000000000e+00
0.000000000000000000e+00
0.000000000000000000e+00
0.000000000000000000e+00
0.000000000000000000e+00
0.000000000000000000e+00
5.091903339726158717e-03
5.091903339726158717e-03
5.091903339726158717e-03
5.091903339726158717e-03
5.091903339726158717e-03
5.091903339726158717e-03
5.091903339726158717e-03
5.091903339726158717e-03
5.091903339726158717e-03
5.091903339726158717e-03
5.091903339726158717e-03
5.091903339726158717e-03
5.091903339726158717e-03
5.091903339726158717e-03
5.091903339726158717e-03
5.091903339726158717e-03
5.091903339726158717e-03
5.091903339726158717e-03
5.091903339726158717e-03
5.091903339726158717e-03
5.091903339726158717e-03
4.506754493358561958e-02
4.506754493358561958e-02
4.506754493358561958e-02
4.506754493358561958e-02
4.506754493358561958e-02
4.506754493358561958e-02
4.506754493358561958e-02
4.506754493358561958e-02
4.506754493358561958e-02
4.506754493358561958e-02
8.643817762435499971e-03
2.328911521181626157e-02
2.328911521181626157e-02
2.328911521181626157e-02
2.328911521181626157e-02
2.328911521181626157e-02
2.328911521181626157e-02
0.000000000000000000e+00
6.564303730975580044e-03
6.564303730975580044e-03
6.564303730975580044e-03
6.564303730975580044e-03
6.564303730975580044e-03
6.564303730975580044e-03
6.564303730975580044e-03
6.564303730975580044e-03
6.564303730975580044e-03
6.254221403443085275e-03
9.509190875103218019e-03
9.509190875103218019e-03
9.509190875103218019e-03
9.509190875103218019e-03
9.509190875103218019e-03
9.509190875103218019e-03
9.509190875103218019e-03
9.509190875103218019e-03
9.509190875103218019e-03
9.509190875103218019e-03
9.509190875103218019e-03
9.509190875103218019e-03
2.327390458706389900e-02
9.193888782674347962e-03
9.193888782674347962e-03
9.193888782674347962e-03
9.193888782674347962e-03
9.193888782674347962e-03
9.193888782674347962e-03
9.193888782674347962e-03
9.193888782674347962e-03
3.206820763110002082e-02
3.206820763110002082e-02
3.206820763110002082e-02
3.206820763110002082e-02
3.206820763110002082e-02
3.206820763110002082e-02
3.206820763110002082e-02
3.206820763110002082e-02
3.206820763110002082e-02
3.206820763110002082e-02
3.206820763110002082e-02
3.186047038425993821e-02
2.043253583861991129e-02
3.292965041642968022e-02
2.043253583861991129e-02
2.043253583861991129e-02
2.043253583861991129e-02
2.043253583861991129e-02
2.043253583861991129e-02
2.043253583861991129e-02
2.043253583861991129e-02
2.666592751067748887e-02
4.550035024993951370e-03
4.550035024993951370e-03
4.550035024993951370e-03
4.550035024993951370e-03
4.550035024993951370e-03
4.550035024993951370e-03
4.550035024993951370e-03
4.550035024993951370e-03
4.550035024993951370e-03
4.550035024993951370e-03
1.100567641697796500e-02
0.000000000000000000e+00
0.000000000000000000e+00
1.829582309340287150e-02
1.937771490786752496e-02
1.937771490786752496e-02
1.937771490786752496e-02
1.937771490786752496e-02
1.937771490786752496e-02
1.937771490786752496e-02
1.937771490786752496e-02
1.937771490786752496e-02
0.000000000000000000e+00
6.973821793723314344e-03
6.973821793723314344e-03
6.973821793723314344e-03
6.973821793723314344e-03
6.973821793723314344e-03
6.973821793723314344e-03
6.973821793723314344e-03
6.973821793723314344e-03
6.394159944908179433e-03
0.000000000000000000e+00
0.000000000000000000e+00
5.360089997307716618e-03
8.749379923923852193e-03
8.749379923923852193e-03
8.749379923923852193e-03
8.749379923923852193e-03
8.749379923923852193e-03
8.749379923923852193e-03
8.749379923923852193e-03
8.749379923923852193e-03
1.330551727277194674e-02
1.330551727277194674e-02
1.330551727277194674e-02
1.330551727277194674e-02
1.330551727277194674e-02
1.330551727277194674e-02
1.330551727277194674e-02
1.330551727277194674e-02
1.330551727277194674e-02
1.330551727277194674e-02
1.330551727277194674e-02
1.330551727277194674e-02
1.330551727277194674e-02
1.330551727277194674e-02
1.330551727277194674e-02
1.330551727277194674e-02
1.330551727277194674e-02
1.330551727277194674e-02
1.330551727277194674e-02
1.330551727277194674e-02
1.330551727277194674e-02
6.810536095572691968e-03
0.000000000000000000e+00
0.000000000000000000e+00
0.000000000000000000e+00
0.000000000000000000e+00
1.117198678106119149e-02
0.000000000000000000e+00
0.000000000000000000e+00
0.000000000000000000e+00
0.000000000000000000e+00
0.000000000000000000e+00
0.000000000000000000e+00
1.495117963923717902e-02
3.077159148860688850e-02
3.077159148860688850e-02
3.077159148860688850e-02
0.000000000000000000e+00
1.263183684092520666e-02
1.263183684092520666e-02
1.263183684092520666e-02
1.263183684092520666e-02
1.263183684092520666e-02
1.263183684092520666e-02
1.263183684092520666e-02
1.263183684092520666e-02
1.263183684092520666e-02
1.263183684092520666e-02
1.153099223142722667e-02
0.000000000000000000e+00
0.000000000000000000e+00
0.000000000000000000e+00
0.000000000000000000e+00
0.000000000000000000e+00
0.000000000000000000e+00
0.000000000000000000e+00
0.000000000000000000e+00
0.000000000000000000e+00
0.000000000000000000e+00
0.000000000000000000e+00
0.000000000000000000e+00
8.252077128474406484e-03
0.000000000000000000e+00
0.000000000000000000e+00
0.000000000000000000e+00
0.000000000000000000e+00
0.000000000000000000e+00
0.000000000000000000e+00
6.135153977437087826e-03
1.089622725694095774e-02
1.089622725694095774e-02
1.089622725694095774e-02
1.089622725694095774e-02
8.943251929599108779e-03
7.129292095161151276e-03
7.129292095161151276e-03
7.129292095161151276e-03
7.129292095161151276e-03
7.129292095161151276e-03
7.129292095161151276e-03
7.129292095161151276e-03
7.129292095161151276e-03
7.129292095161151276e-03
7.129292095161151276e-03
7.129292095161151276e-03
7.129292095161151276e-03
7.129292095161151276e-03
7.129292095161151276e-03
7.129292095161151276e-03
7.129292095161151276e-03
7.129292095161151276e-03
7.129292095161151276e-03
7.129292095161151276e-03
7.129292095161151276e-03
7.129292095161151276e-03
7.129292095161151276e-03
7.129292095161151276e-03
7.129292095161151276e-03
7.129292095161151276e-03
7.129292095161151276e-03
7.129292095161151276e-03
7.129292095161151276e-03
7.129292095161151276e-03
7.129292095161151276e-03
1.006193933865937723e-02
1.006193933865937723e-02
1.006193933865937723e-02
6.135153977437087826e-03
1.006193933865937723e-02
1.006193933865937723e-02
1.006193933865937723e-02
0.000000000000000000e+00
0.000000000000000000e+00
0.000000000000000000e+00
0.000000000000000000e+00
0.000000000000000000e+00
0.000000000000000000e+00
0.000000000000000000e+00
0.000000000000000000e+00
0.000000000000000000e+00
0.000000000000000000e+00
0.000000000000000000e+00
0.000000000000000000e+00
0.000000000000000000e+00
0.000000000000000000e+00
0.000000000000000000e+00
0.000000000000000000e+00
0.000000000000000000e+00
0.000000000000000000e+00
0.000000000000000000e+00
0.000000000000000000e+00
0.000000000000000000e+00
0.000000000000000000e+00
0.000000000000000000e+00
0.000000000000000000e+00
2.466124806143549144e-03
1.369429196584674713e-02
1.369429196584674713e-02
1.369429196584674713e-02
1.369429196584674713e-02
1.369429196584674713e-02
1.369429196584674713e-02
1.369429196584674713e-02
1.369429196584674713e-02
1.369429196584674713e-02
1.369429196584674713e-02
1.369429196584674713e-02
1.369429196584674713e-02
1.369429196584674713e-02
1.369429196584674713e-02
1.369429196584674713e-02
1.369429196584674713e-02
1.369429196584674713e-02
1.369429196584674713e-02
2.054414110878232443e-03
1.313069609987187712e-02
1.313069609987187712e-02
1.433919632408086481e-03
1.313069609987187712e-02
1.313069609987187712e-02
1.313069609987187712e-02
1.313069609987187712e-02
1.313069609987187712e-02
1.313069609987187712e-02
1.313069609987187712e-02
1.313069609987187712e-02
1.313069609987187712e-02
0.000000000000000000e+00
1.494047106706436825e-02
1.494047106706436825e-02
1.494047106706436825e-02
1.494047106706436825e-02
1.494047106706436825e-02
1.494047106706436825e-02
5.084759102482407436e-03
6.069481646960057410e-03
6.069481646960057410e-03
6.069481646960057410e-03
6.069481646960057410e-03
6.069481646960057410e-03
6.069481646960057410e-03
6.069481646960057410e-03
6.069481646960057410e-03
6.069481646960057410e-03
6.069481646960057410e-03
1.117198678106119149e-02
1.651497351038006857e-03
1.651497351038006857e-03
1.651497351038006857e-03
1.651497351038006857e-03
1.651497351038006857e-03
1.651497351038006857e-03
1.651497351038006857e-03
1.651497351038006857e-03
1.191203340304547182e-03
4.769984664022198020e-03
4.769984664022198020e-03
4.769984664022198020e-03
4.769984664022198020e-03
4.769984664022198020e-03
4.769984664022198020e-03
8.506016887906931931e-03
2.326729668762623354e-02
2.326729668762623354e-02
1.164617360118572024e-02
1.164617360118572024e-02
1.164617360118572024e-02
1.164617360118572024e-02
1.164617360118572024e-02
1.164617360118572024e-02
1.164617360118572024e-02
1.164617360118572024e-02
1.164617360118572024e-02
1.164617360118572024e-02
1.164617360118572024e-02
2.452604137029543857e-02
9.393231833481782006e-03
9.393231833481782006e-03
9.393231833481782006e-03
9.393231833481782006e-03
9.393231833481782006e-03
9.393231833481782006e-03
1.193667175850308265e-02
2.649975938444695811e-03
2.649975938444695811e-03
2.649975938444695811e-03
2.649975938444695811e-03
2.649975938444695811e-03
2.649975938444695811e-03
1.891969644906941680e-02
1.891969644906941680e-02
1.891969644906941680e-02
1.891969644906941680e-02
1.413587044076678942e-03
3.890684971300453852e-03
1.413587044076678942e-03
1.413587044076678942e-03
1.413587044076678942e-03
6.782955484352880086e-03
3.890684971300453852e-03
1.836739380454415621e-02
1.072261794197252281e-02
1.072261794197252281e-02
3.015192323147623463e-02
0.000000000000000000e+00
0.000000000000000000e+00
0.000000000000000000e+00
0.000000000000000000e+00
0.000000000000000000e+00
0.000000000000000000e+00
0.000000000000000000e+00
0.000000000000000000e+00
2.259690634910408499e-03
3.181013893178210455e-02
3.181013893178210455e-02
1.439943961105104656e-02
1.439943961105104656e-02
1.439943961105104656e-02
1.439943961105104656e-02
1.439943961105104656e-02
1.439943961105104656e-02
1.439943961105104656e-02
1.439943961105104656e-02
1.439943961105104656e-02
1.439943961105104656e-02
1.439943961105104656e-02
1.583772672724719681e-04
3.409491051549122347e-03
3.409491051549122347e-03
3.409491051549122347e-03
3.409491051549122347e-03
3.409491051549122347e-03
3.409491051549122347e-03
8.643817762435499971e-03
5.845187798206920651e-03
1.551383549905972770e-02
1.353936772112544241e-02
1.551383549905972770e-02
5.809707443990034734e-04
5.809707443990034734e-04
5.809707443990034734e-04
5.809707443990034734e-04
5.809707443990034734e-04
5.809707443990034734e-04
5.809707443990034734e-04
5.809707443990034734e-04
5.809707443990034734e-04
5.809707443990034734e-04
5.809707443990034734e-04
1.265876066625762873e-02
2.110175960021155525e-02
2.110175960021155525e-02
2.110175960021155525e-02
2.110175960021155525e-02
3.370204577853715133e-02
7.045132481159453383e-03
7.045132481159453383e-03
7.045132481159453383e-03
7.045132481159453383e-03
7.045132481159453383e-03
7.045132481159453383e-03
7.045132481159453383e-03
7.045132481159453383e-03
7.045132481159453383e-03
7.045132481159453383e-03
7.045132481159453383e-03
7.045132481159453383e-03
6.394159944908179433e-03
6.577217753548138604e-03
6.577217753548138604e-03
6.577217753548138604e-03
6.577217753548138604e-03
6.577217753548138604e-03
6.577217753548138604e-03
6.577217753548138604e-03
6.577217753548138604e-03
6.577217753548138604e-03
6.577217753548138604e-03
2.285150966357890265e-02
2.790292372867772454e-03
2.790292372867772454e-03
2.790292372867772454e-03
2.790292372867772454e-03
1.332753066016486090e-02
1.332753066016486090e-02
1.332753066016486090e-02
4.651205407305960063e-03
1.332753066016486090e-02
5.135585091216352850e-03
2.644660908501105662e-02
2.644660908501105662e-02
2.644660908501105662e-02
2.644660908501105662e-02
2.644660908501105662e-02
2.644660908501105662e-02
2.644660908501105662e-02
2.644660908501105662e-02
2.671884088811906158e-02
2.671884088811906158e-02
2.671884088811906158e-02
2.671884088811906158e-02
2.671884088811906158e-02
2.671884088811906158e-02
2.671884088811906158e-02
2.671884088811906158e-02
2.671884088811906158e-02
2.671884088811906158e-02
2.671884088811906158e-02
2.306581498018984815e-03
2.671884088811906158e-02
1.601153609319047599e-02
1.080110157636775779e-02
1.080110157636775779e-02
1.080110157636775779e-02
1.080110157636775779e-02
1.080110157636775779e-02
1.080110157636775779e-02
0.000000000000000000e+00
0.000000000000000000e+00
0.000000000000000000e+00
0.000000000000000000e+00
0.000000000000000000e+00
2.006566019257514238e-02
1.868418307566516905e-03
1.868418307566516905e-03
1.095907238244376788e-02
1.095907238244376788e-02
1.095907238244376788e-02
1.095907238244376788e-02
1.095907238244376788e-02
1.095907238244376788e-02
1.924948813769429556e-02
1.924948813769429556e-02
1.924948813769429556e-02
1.924948813769429556e-02
1.924948813769429556e-02
1.924948813769429556e-02
1.924948813769429556e-02
1.924948813769429556e-02
1.924948813769429556e-02
1.924948813769429556e-02
1.924948813769429556e-02
1.924948813769429556e-02
1.924948813769429556e-02
2.283585903494661853e-02
1.857005429010856815e-02
1.857005429010856815e-02
1.864159518279443623e-02
2.425265335003038217e-02
2.425265335003038217e-02
2.425265335003038217e-02
2.425265335003038217e-02
2.425265335003038217e-02
2.425265335003038217e-02
7.405427341273159922e-03
7.405427341273159922e-03
7.405427341273159922e-03
9.724213777106988782e-03
9.504963191607613410e-03
9.504963191607613410e-03
9.504963191607613410e-03
9.504963191607613410e-03
9.504963191607613410e-03
9.504963191607613410e-03
9.504963191607613410e-03
9.504963191607613410e-03
9.504963191607613410e-03
9.504963191607613410e-03
2.098365733469178662e-03
2.411604770998217184e-02
2.411604770998217184e-02
2.411604770998217184e-02
9.563894095337178991e-03
3.824713330232163214e-03
3.824713330232163214e-03
3.824713330232163214e-03
3.824713330232163214e-03
3.824713330232163214e-03
3.824713330232163214e-03
3.824713330232163214e-03
3.824713330232163214e-03
1.070077312570422330e-02
3.824713330232163214e-03
3.824713330232163214e-03
3.824713330232163214e-03
0.000000000000000000e+00
0.000000000000000000e+00
0.000000000000000000e+00
0.000000000000000000e+00
0.000000000000000000e+00
2.607315821192574337e-02
2.607315821192574337e-02
2.607315821192574337e-02
2.607315821192574337e-02
2.607315821192574337e-02
2.607315821192574337e-02
2.607315821192574337e-02
0.000000000000000000e+00
2.607315821192574337e-02
2.607315821192574337e-02
2.607315821192574337e-02
2.025914311830295453e-02
2.025914311830295453e-02
2.025914311830295453e-02
2.025914311830295453e-02
3.838703715035590713e-02
2.958736046600233052e-02
2.958736046600233052e-02
2.958736046600233052e-02
2.958736046600233052e-02
2.958736046600233052e-02
2.958736046600233052e-02
2.958736046600233052e-02
2.958736046600233052e-02
2.958736046600233052e-02
2.958736046600233052e-02
1.025949483905527586e-02
1.025949483905527586e-02
2.154198888716879826e-02
0.000000000000000000e+00
0.000000000000000000e+00
0.000000000000000000e+00
0.000000000000000000e+00
0.000000000000000000e+00
0.000000000000000000e+00
0.000000000000000000e+00
0.000000000000000000e+00
7.706288682283165235e-03
8.076373147435806157e-03
8.076373147435806157e-03
8.076373147435806157e-03
8.076373147435806157e-03
8.076373147435806157e-03
2.327390458706389900e-02
1.407131364059121745e-02
1.407131364059121745e-02
2.386696097188170489e-05
1.113558935585743856e-02
1.113558935585743856e-02
3.033476052105128079e-02
2.591037934891331912e-03
2.591037934891331912e-03
2.591037934891331912e-03
2.591037934891331912e-03
2.591037934891331912e-03
2.591037934891331912e-03
2.591037934891331912e-03
2.591037934891331912e-03
2.591037934891331912e-03
2.591037934891331912e-03
1.208486552575801891e-03
1.208486552575801891e-03
1.208486552575801891e-03
1.208486552575801891e-03
1.208486552575801891e-03
1.208486552575801891e-03
1.208486552575801891e-03
1.208486552575801891e-03
1.208486552575801891e-03
1.208486552575801891e-03
1.208486552575801891e-03
9.781688740841381485e-03
1.410568980398798494e-02
1.410568980398798494e-02
1.410568980398798494e-02
1.410568980398798494e-02
1.410568980398798494e-02
1.410568980398798494e-02
2.163008725124557739e-03
2.163008725124557739e-03
2.163008725124557739e-03
2.163008725124557739e-03
2.163008725124557739e-03
2.163008725124557739e-03
2.163008725124557739e-03
2.163008725124557739e-03
1.088261592669621152e-03
1.088261592669621152e-03
1.088261592669621152e-03
1.088261592669621152e-03
1.088261592669621152e-03
1.088261592669621152e-03
1.088261592669621152e-03
1.088261592669621152e-03
1.088261592669621152e-03
1.088261592669621152e-03
1.088261592669621152e-03
0.000000000000000000e+00
7.352626363827514250e-03
7.352626363827514250e-03
7.352626363827514250e-03
7.352626363827514250e-03
7.352626363827514250e-03
7.352626363827514250e-03
7.352626363827514250e-03
7.352626363827514250e-03
7.352626363827514250e-03
7.352626363827514250e-03
7.352626363827514250e-03
7.352626363827514250e-03
7.352626363827514250e-03
7.352626363827514250e-03
2.189834366104424432e-02
2.189834366104424432e-02
2.189834366104424432e-02
2.189834366104424432e-02
2.189834366104424432e-02
2.189834366104424432e-02
2.189834366104424432e-02
2.189834366104424432e-02
2.189834366104424432e-02
2.189834366104424432e-02
2.189834366104424432e-02
2.189834366104424432e-02
2.189834366104424432e-02
2.189834366104424432e-02
2.189834366104424432e-02
2.189834366104424432e-02
2.189834366104424432e-02
2.189834366104424432e-02
2.189834366104424432e-02
1.587051002033777053e-02
3.854732105939324971e-02
3.854732105939324971e-02
3.854732105939324971e-02
3.854732105939324971e-02
3.854732105939324971e-02
3.854732105939324971e-02
3.854732105939324971e-02
3.854732105939324971e-02
4.519599247854023255e-02
1.254731469356710691e-02
1.254731469356710691e-02
1.254731469356710691e-02
1.254731469356710691e-02
1.254731469356710691e-02
1.254731469356710691e-02
1.254731469356710691e-02
1.254731469356710691e-02
3.500290169233782889e-03
3.500290169233782889e-03
3.500290169233782889e-03
3.500290169233782889e-03
3.500290169233782889e-03
3.500290169233782889e-03
3.500290169233782889e-03
3.500290169233782889e-03
3.500290169233782889e-03
3.500290169233782889e-03
3.500290169233782889e-03
3.500290169233782889e-03
3.500290169233782889e-03
3.500290169233782889e-03
3.500290169233782889e-03
3.500290169233782889e-03
3.500290169233782889e-03
3.050720837852435169e-02
1.525691980933756818e-02
1.525691980933756818e-02
1.525691980933756818e-02
1.525691980933756818e-02
1.525691980933756818e-02
1.525691980933756818e-02
1.525691980933756818e-02
1.525691980933756818e-02
4.066330176641059363e-03
8.318052347183309270e-03
8.318052347183309270e-03
8.318052347183309270e-03
8.318052347183309270e-03
8.318052347183309270e-03
8.318052347183309270e-03
3.231566638568549726e-02
1.265876066625762873e-02
1.265876066625762873e-02
1.265876066625762873e-02
1.265876066625762873e-02
1.265876066625762873e-02
4.662893202355837367e-03
4.662893202355837367e-03
4.662893202355837367e-03
4.662893202355837367e-03
4.662893202355837367e-03
4.662893202355837367e-03
4.662893202355837367e-03
4.662893202355837367e-03
4.662893202355837367e-03
4.662893202355837367e-03
0.000000000000000000e+00
0.000000000000000000e+00
0.000000000000000000e+00
0.000000000000000000e+00
0.000000000000000000e+00
0.000000000000000000e+00
0.000000000000000000e+00
0.000000000000000000e+00
0.000000000000000000e+00
0.000000000000000000e+00
0.000000000000000000e+00
0.000000000000000000e+00
0.000000000000000000e+00
0.000000000000000000e+00
0.000000000000000000e+00
0.000000000000000000e+00
0.000000000000000000e+00
0.000000000000000000e+00
0.000000000000000000e+00
0.000000000000000000e+00
0.000000000000000000e+00
2.394533431997089221e-02
6.739102236969143379e-03
6.739102236969143379e-03
6.739102236969143379e-03
6.739102236969143379e-03
6.739102236969143379e-03
6.739102236969143379e-03
6.739102236969143379e-03
6.739102236969143379e-03
6.739102236969143379e-03
6.739102236969143379e-03
6.739102236969143379e-03
6.739102236969143379e-03
6.739102236969143379e-03
6.739102236969143379e-03
6.739102236969143379e-03
6.739102236969143379e-03
3.298692917677367720e-02
1.757483917676888954e-02
1.757483917676888954e-02
5.615343840664080953e-03
1.788807051366852335e-02
1.788807051366852335e-02
1.788807051366852335e-02
1.788807051366852335e-02
1.788807051366852335e-02
1.788807051366852335e-02
6.291543780658870148e-03
4.073065222252282395e-03
4.073065222252282395e-03
4.073065222252282395e-03
4.073065222252282395e-03
4.073065222252282395e-03
4.073065222252282395e-03
4.073065222252282395e-03
4.073065222252282395e-03
4.073065222252282395e-03
4.073065222252282395e-03
0.000000000000000000e+00
0.000000000000000000e+00
0.000000000000000000e+00
0.000000000000000000e+00
1.828125715179767380e-02
9.026731421305676187e-04
9.026731421305676187e-04
9.026731421305676187e-04
9.026731421305676187e-04
9.026731421305676187e-04
9.026731421305676187e-04
9.026731421305676187e-04
9.026731421305676187e-04
9.026731421305676187e-04
9.026731421305676187e-04
9.026731421305676187e-04
9.026731421305676187e-04
9.026731421305676187e-04
9.026731421305676187e-04
9.026731421305676187e-04
9.026731421305676187e-04
0.000000000000000000e+00
1.059847040159994647e-02
1.384113451934829327e-02
1.384113451934829327e-02
1.384113451934829327e-02
1.384113451934829327e-02
9.269445989740878952e-03
9.269445989740878952e-03
9.269445989740878952e-03
4.885050180884412639e-03
9.269445989740878952e-03
9.269445989740878952e-03
9.269445989740878952e-03
9.269445989740878952e-03
9.269445989740878952e-03
7.923305844167392517e-03
9.269445989740878952e-03
9.269445989740878952e-03
9.269445989740878952e-03
1.211223739539528041e-02
9.655031141222653046e-03
9.655031141222653046e-03
1.335075377236111770e-02
2.331920768005449080e-03
2.331920768005449080e-03
2.331920768005449080e-03
2.331920768005449080e-03
2.331920768005449080e-03
2.331920768005449080e-03
2.331920768005449080e-03
2.331920768005449080e-03
0.000000000000000000e+00
0.000000000000000000e+00
0.000000000000000000e+00
2.639627446862422683e-04
2.639627446862422683e-04
2.639627446862422683e-04
2.639627446862422683e-04
2.639627446862422683e-04
2.639627446862422683e-04
2.639627446862422683e-04
2.639627446862422683e-04
2.639627446862422683e-04
2.639627446862422683e-04
2.639627446862422683e-04
0.000000000000000000e+00
0.000000000000000000e+00
2.355157909861370358e-02
2.121045466366041493e-02
2.121045466366041493e-02
2.121045466366041493e-02
2.121045466366041493e-02
2.121045466366041493e-02
2.217987583638227414e-03
1.016070388252398628e-02
1.016070388252398628e-02
3.987029703183063434e-03
5.018588784526078692e-03
5.018588784526078692e-03
5.018588784526078692e-03
5.018588784526078692e-03
5.018588784526078692e-03
5.018588784526078692e-03
5.018588784526078692e-03
5.018588784526078692e-03
5.018588784526078692e-03
5.018588784526078692e-03
5.018588784526078692e-03
5.018588784526078692e-03
5.018588784526078692e-03
5.018588784526078692e-03
5.018588784526078692e-03
5.018588784526078692e-03
5.018588784526078692e-03
5.018588784526078692e-03
5.018588784526078692e-03
5.018588784526078692e-03
5.018588784526078692e-03
5.018588784526078692e-03
5.018588784526078692e-03
5.018588784526078692e-03
5.018588784526078692e-03
5.018588784526078692e-03
5.018588784526078692e-03
5.018588784526078692e-03
0.000000000000000000e+00
0.000000000000000000e+00
0.000000000000000000e+00
0.000000000000000000e+00
0.000000000000000000e+00
6.026803839914838916e-03
0.000000000000000000e+00
0.000000000000000000e+00
0.000000000000000000e+00
0.000000000000000000e+00
0.000000000000000000e+00
1.654554227897543292e-02
7.975831695162038243e-03
7.975831695162038243e-03
7.975831695162038243e-03
7.975831695162038243e-03
7.975831695162038243e-03
7.975831695162038243e-03
7.975831695162038243e-03
7.975831695162038243e-03
9.927794096021047218e-03
4.387088965529858248e-03
4.387088965529858248e-03
1.398633330534834740e-02
4.387088965529858248e-03
1.399322936652538929e-02
7.706970656340851079e-03
7.706970656340851079e-03
7.706970656340851079e-03
7.706970656340851079e-03
2.054414110878232443e-03
2.054414110878232443e-03
1.791139028141922399e-02
1.085959432527417411e-02
1.085959432527417411e-02
1.085959432527417411e-02
1.085959432527417411e-02
1.085959432527417411e-02
1.085959432527417411e-02
1.085959432527417411e-02
1.085959432527417411e-02
1.211223739539528041e-02
1.211223739539528041e-02
1.211223739539528041e-02
1.211223739539528041e-02
1.211223739539528041e-02
1.211223739539528041e-02
1.211223739539528041e-02
1.211223739539528041e-02
1.211223739539528041e-02
1.211223739539528041e-02
7.221714508002961483e-03
8.609778693046279225e-04
8.609778693046279225e-04
8.609778693046279225e-04
8.609778693046279225e-04
8.609778693046279225e-04
8.609778693046279225e-04
8.609778693046279225e-04
8.609778693046279225e-04
8.609778693046279225e-04
8.609778693046279225e-04
2.455417089401254298e-03
2.103723253453984587e-02
2.103723253453984587e-02
2.103723253453984587e-02
2.103723253453984587e-02
2.103723253453984587e-02
2.103723253453984587e-02
2.103723253453984587e-02
2.103723253453984587e-02
1.393961053424052493e-02
1.393961053424052493e-02
1.393961053424052493e-02
1.393961053424052493e-02
1.393961053424052493e-02
1.393961053424052493e-02
1.393961053424052493e-02
1.393961053424052493e-02
1.393961053424052493e-02
1.393961053424052493e-02
1.393961053424052493e-02
1.393961053424052493e-02
1.393961053424052493e-02
2.502112287502659179e-03
1.169167165915161203e-03
1.169167165915161203e-03
0.000000000000000000e+00
9.885257826027313982e-03
9.885257826027313982e-03
9.885257826027313982e-03
9.885257826027313982e-03
9.885257826027313982e-03
9.885257826027313982e-03
9.885257826027313982e-03
9.885257826027313982e-03
1.910940607378368641e-02
4.829030419666895807e-02
4.829030419666895807e-02
4.829030419666895807e-02
4.829030419666895807e-02
0.000000000000000000e+00
0.000000000000000000e+00
9.556918877629660969e-03
1.705938876849361074e-02
1.705938876849361074e-02
1.705938876849361074e-02
1.705938876849361074e-02
1.705938876849361074e-02
1.705938876849361074e-02
1.705938876849361074e-02
1.705938876849361074e-02
1.174905142305445772e-02
2.430436357844486042e-02
2.430436357844486042e-02
2.430436357844486042e-02
2.430436357844486042e-02
2.430436357844486042e-02
2.430436357844486042e-02
2.285150966357890265e-02
2.285150966357890265e-02
2.285150966357890265e-02
2.285150966357890265e-02
2.285150966357890265e-02
2.285150966357890265e-02
1.131444687449916463e-02
1.609195228115506415e-02
1.609195228115506415e-02
0.000000000000000000e+00
0.000000000000000000e+00
0.000000000000000000e+00
0.000000000000000000e+00
0.000000000000000000e+00
7.494045928470578592e-03
4.224389734080916982e-03
4.224389734080916982e-03
4.224389734080916982e-03
4.224389734080916982e-03
4.224389734080916982e-03
4.224389734080916982e-03
5.363007564274565805e-03
2.191314000422139516e-02
2.191314000422139516e-02
2.191314000422139516e-02
2.191314000422139516e-02
2.910850739905228995e-02
6.809512190455332264e-03
6.809512190455332264e-03
0.000000000000000000e+00
1.062155341810729937e-02
1.062155341810729937e-02
1.062155341810729937e-02
1.062155341810729937e-02
1.062155341810729937e-02
1.062155341810729937e-02
8.548484005532376931e-03
8.548484005532376931e-03
8.548484005532376931e-03
8.548484005532376931e-03
8.548484005532376931e-03
8.548484005532376931e-03
8.548484005532376931e-03
8.548484005532376931e-03
8.548484005532376931e-03
8.548484005532376931e-03
8.548484005532376931e-03
2.217978595004636844e-02
4.039995695333574444e-02
4.039995695333574444e-02
1.059847040159994647e-02
1.823798437280836626e-02
1.823798437280836626e-02
1.823798437280836626e-02
1.823798437280836626e-02
1.823798437280836626e-02
1.823798437280836626e-02
1.215878856079901336e-02
1.215878856079901336e-02
1.215878856079901336e-02
1.215878856079901336e-02
1.215878856079901336e-02
0.000000000000000000e+00
0.000000000000000000e+00
0.000000000000000000e+00
0.000000000000000000e+00
0.000000000000000000e+00
0.000000000000000000e+00
0.000000000000000000e+00
0.000000000000000000e+00
0.000000000000000000e+00
0.000000000000000000e+00
3.812518957345594206e-01
3.812518957345594206e-01
3.812518957345594206e-01
3.812518957345594206e-01
3.812518957345594206e-01
3.812518957345594206e-01
3.812518957345594206e-01
3.812518957345594206e-01
3.812518957345594206e-01
3.812518957345594206e-01
0.000000000000000000e+00
0.000000000000000000e+00
0.000000000000000000e+00
0.000000000000000000e+00
0.000000000000000000e+00
0.000000000000000000e+00
0.000000000000000000e+00
0.000000000000000000e+00
0.000000000000000000e+00
4.488098087215847002e-04
4.488098087215847002e-04
4.488098087215847002e-04
4.488098087215847002e-04
4.488098087215847002e-04
4.488098087215847002e-04
4.488098087215847002e-04
4.488098087215847002e-04
4.488098087215847002e-04
4.488098087215847002e-04
4.488098087215847002e-04
4.488098087215847002e-04
4.488098087215847002e-04
4.488098087215847002e-04
4.488098087215847002e-04
4.488098087215847002e-04
4.488098087215847002e-04
4.488098087215847002e-04
4.488098087215847002e-04
4.488098087215847002e-04
4.488098087215847002e-04
0.000000000000000000e+00
0.000000000000000000e+00
0.000000000000000000e+00
0.000000000000000000e+00
1.799455969854112797e-02
1.799455969854112797e-02
1.799455969854112797e-02
1.799455969854112797e-02
1.799455969854112797e-02
1.799455969854112797e-02
1.799455969854112797e-02
1.799455969854112797e-02
1.799455969854112797e-02
1.799455969854112797e-02
1.799455969854112797e-02
1.799455969854112797e-02
1.799455969854112797e-02
0.000000000000000000e+00
4.777705855983254476e-04
4.777705855983254476e-04
4.777705855983254476e-04
4.777705855983254476e-04
4.777705855983254476e-04
4.777705855983254476e-04
4.777705855983254476e-04
4.777705855983254476e-04
4.777705855983254476e-04
4.777705855983254476e-04
4.777705855983254476e-04
4.777705855983254476e-04
4.777705855983254476e-04
4.777705855983254476e-04
8.943251929599108779e-03
8.943251929599108779e-03
0.000000000000000000e+00
2.021772841391323433e-02
2.021772841391323433e-02
2.021772841391323433e-02
2.021772841391323433e-02
2.021772841391323433e-02
2.021772841391323433e-02
2.021772841391323433e-02
4.486819764794662893e-03
3.660205314342464527e-03
3.660205314342464527e-03
9.670551612380917997e-03
9.670551612380917997e-03
9.670551612380917997e-03
9.670551612380917997e-03
2.216566067932261228e-02
7.096553085885306048e-04
7.096553085885306048e-04
7.096553085885306048e-04
7.096553085885306048e-04
7.096553085885306048e-04
7.096553085885306048e-04
7.096553085885306048e-04
7.096553085885306048e-04
7.096553085885306048e-04
7.096553085885306048e-04
7.096553085885306048e-04
7.096553085885306048e-04
3.317111225871194335e-03
8.174141880097390150e-03
8.174141880097390150e-03
0.000000000000000000e+00
0.000000000000000000e+00
0.000000000000000000e+00
2.530675444226840667e-03
1.247733697194554001e-02
2.530675444226840667e-03
2.530675444226840667e-03
2.530675444226840667e-03
2.530675444226840667e-03
2.530675444226840667e-03
2.530675444226840667e-03
2.530675444226840667e-03
2.530675444226840667e-03
2.530675444226840667e-03
2.530675444226840667e-03
2.530675444226840667e-03
2.530675444226840667e-03
2.530675444226840667e-03
2.530675444226840667e-03
2.530675444226840667e-03
2.530675444226840667e-03
2.530675444226840667e-03
2.530675444226840667e-03
2.530675444226840667e-03
2.530675444226840667e-03
2.530675444226840667e-03
2.530675444226840667e-03
2.530675444226840667e-03
2.530675444226840667e-03
2.530675444226840667e-03
2.530675444226840667e-03
2.530675444226840667e-03
2.530675444226840667e-03
2.530675444226840667e-03
0.000000000000000000e+00
0.000000000000000000e+00
0.000000000000000000e+00
0.000000000000000000e+00
0.000000000000000000e+00
1.209243564219583678e-02
1.209243564219583678e-02
1.209243564219583678e-02
1.209243564219583678e-02
1.209243564219583678e-02
1.209243564219583678e-02
1.209243564219583678e-02
1.209243564219583678e-02
1.209243564219583678e-02
1.209243564219583678e-02
1.209243564219583678e-02
1.912859777806221254e-02
4.962084548151004387e-02
4.962084548151004387e-02
0.000000000000000000e+00
5.466161064993550235e-03
5.466161064993550235e-03
5.466161064993550235e-03
5.466161064993550235e-03
5.466161064993550235e-03
5.466161064993550235e-03
4.329087757407272877e-03
1.817752421680491129e-02
1.817752421680491129e-02
1.817752421680491129e-02
1.817752421680491129e-02
6.360315755303236340e-02
6.360315755303236340e-02
6.360315755303236340e-02
6.360315755303236340e-02
6.360315755303236340e-02
6.360315755303236340e-02
6.360315755303236340e-02
6.360315755303236340e-02
6.360315755303236340e-02
6.360315755303236340e-02
6.360315755303236340e-02
6.360315755303236340e-02
6.360315755303236340e-02
6.360315755303236340e-02
6.360315755303236340e-02
6.360315755303236340e-02
6.360315755303236340e-02
6.360315755303236340e-02
6.360315755303236340e-02
6.360315755303236340e-02
6.360315755303236340e-02
9.621133005966354956e-02
6.360315755303236340e-02
9.946302553191253837e-03
1.502223544371890243e-03
1.502223544371890243e-03
1.502223544371890243e-03
1.502223544371890243e-03
1.502223544371890243e-03
1.502223544371890243e-03
1.502223544371890243e-03
1.502223544371890243e-03
1.502223544371890243e-03
1.502223544371890243e-03
1.502223544371890243e-03
1.502223544371890243e-03
1.502223544371890243e-03
1.679358340420155846e-02
1.679358340420155846e-02
0.000000000000000000e+00
0.000000000000000000e+00
0.000000000000000000e+00
0.000000000000000000e+00
0.000000000000000000e+00
0.000000000000000000e+00
0.000000000000000000e+00
0.000000000000000000e+00
0.000000000000000000e+00
0.000000000000000000e+00
1.832540190203488240e-02
4.230109775066099968e-03
4.230109775066099968e-03
8.649512659461105341e-03
7.020712329659489076e-03
7.020712329659489076e-03
7.020712329659489076e-03
7.020712329659489076e-03
7.020712329659489076e-03
7.020712329659489076e-03
7.020712329659489076e-03
7.020712329659489076e-03
1.433109224517584504e-02
1.669674508294898344e-02
1.669674508294898344e-02
1.669674508294898344e-02
1.669674508294898344e-02
4.425442192012280992e-03
7.125148000809091928e-03
7.125148000809091928e-03
7.125148000809091928e-03
7.125148000809091928e-03
7.125148000809091928e-03
7.125148000809091928e-03
7.125148000809091928e-03
7.125148000809091928e-03
7.125148000809091928e-03
7.125148000809091928e-03
1.350423258727137055e-03
0.000000000000000000e+00
0.000000000000000000e+00
0.000000000000000000e+00
2.349229019778165204e-03
9.627455058358687714e-03
9.627455058358687714e-03
9.627455058358687714e-03
9.627455058358687714e-03
9.627455058358687714e-03
9.627455058358687714e-03
9.627455058358687714e-03
9.627455058358687714e-03
9.627455058358687714e-03
9.627455058358687714e-03
9.627455058358687714e-03
9.627455058358687714e-03
2.547502306444232936e-02
5.673566081750357898e-02
5.673566081750357898e-02
5.673566081750357898e-02
5.673566081750357898e-02
0.000000000000000000e+00
0.000000000000000000e+00
0.000000000000000000e+00
0.000000000000000000e+00
3.247814042701484185e-03
2.006566019257514238e-02
2.006566019257514238e-02
2.006566019257514238e-02
2.006566019257514238e-02
2.006566019257514238e-02
1.280366624460333412e-02
1.280366624460333412e-02
1.280366624460333412e-02
1.280366624460333412e-02
1.280366624460333412e-02
1.280366624460333412e-02
1.265346752668812351e-02
1.265346752668812351e-02
1.265346752668812351e-02
1.265346752668812351e-02
1.265346752668812351e-02
1.265346752668812351e-02
1.265346752668812351e-02
1.265346752668812351e-02
1.265346752668812351e-02
1.265346752668812351e-02
1.265346752668812351e-02
1.265346752668812351e-02
1.265346752668812351e-02
5.289598032404693034e-02
5.289598032404693034e-02
5.289598032404693034e-02
3.914693669427712214e-02
3.914693669427712214e-02
3.914693669427712214e-02
3.914693669427712214e-02
3.914693669427712214e-02
3.914693669427712214e-02
3.914693669427712214e-02
3.914693669427712214e-02
3.914693669427712214e-02
3.914693669427712214e-02
3.914693669427712214e-02
1.012456140707249574e-03
1.618675688381835190e-02
1.618675688381835190e-02
1.618675688381835190e-02
1.618675688381835190e-02
1.618675688381835190e-02
1.618675688381835190e-02
0.000000000000000000e+00
1.344281422014776024e-02
1.344281422014776024e-02
1.123755757965433328e-04
0.000000000000000000e+00
0.000000000000000000e+00
0.000000000000000000e+00
2.280443651165292573e-02
2.280443651165292573e-02
2.280443651165292573e-02
2.280443651165292573e-02
2.280443651165292573e-02
2.280443651165292573e-02
2.280443651165292573e-02
2.280443651165292573e-02
2.613594284829873216e-02
1.504164141536798970e-02
1.504164141536798970e-02
9.286254434126688453e-03
7.736503766149504559e-03
7.736503766149504559e-03
7.736503766149504559e-03
7.736503766149504559e-03
7.736503766149504559e-03
7.736503766149504559e-03
7.736503766149504559e-03
7.736503766149504559e-03
7.736503766149504559e-03
7.736503766149504559e-03
7.736503766149504559e-03
1.664812682575101191e-02
1.631282945043696295e-02
1.631282945043696295e-02
1.233803426092606494e-02
6.990677754627891254e-03
6.990677754627891254e-03
6.990677754627891254e-03
6.990677754627891254e-03
6.990677754627891254e-03
6.990677754627891254e-03
0.000000000000000000e+00
0.000000000000000000e+00
0.000000000000000000e+00
1.642380680965506348e-03
8.656878050811499335e-04
8.656878050811499335e-04
8.656878050811499335e-04
8.656878050811499335e-04
8.656878050811499335e-04
8.656878050811499335e-04
8.656878050811499335e-04
8.656878050811499335e-04
8.656878050811499335e-04
8.656878050811499335e-04
8.656878050811499335e-04
8.656878050811499335e-04
8.656878050811499335e-04
8.656878050811499335e-04
8.656878050811499335e-04
8.656878050811499335e-04
8.656878050811499335e-04
8.656878050811499335e-04
8.656878050811499335e-04
8.656878050811499335e-04
8.656878050811499335e-04
8.656878050811499335e-04
1.545028011106221568e-03
1.545028011106221568e-03
1.545028011106221568e-03
1.545028011106221568e-03
1.545028011106221568e-03
1.545028011106221568e-03
1.545028011106221568e-03
1.545028011106221568e-03
0.000000000000000000e+00
0.000000000000000000e+00
0.000000000000000000e+00
0.000000000000000000e+00
0.000000000000000000e+00
0.000000000000000000e+00
0.000000000000000000e+00
3.427128941762252589e-03
3.427128941762252589e-03
1.786925638132419100e-02
1.287572658425045410e-02
1.287572658425045410e-02
8.930070897789743611e-03
1.373691085518701296e-02
1.373691085518701296e-02
1.373691085518701296e-02
1.373691085518701296e-02
0.000000000000000000e+00
0.000000000000000000e+00
2.642789419409119402e-03
2.642789419409119402e-03
2.642789419409119402e-03
2.642789419409119402e-03
2.642789419409119402e-03
2.642789419409119402e-03
2.642789419409119402e-03
2.642789419409119402e-03
2.642789419409119402e-03
2.642789419409119402e-03
2.642789419409119402e-03
4.613340070314293079e-02
1.365587398907358412e-02
1.365587398907358412e-02
1.365587398907358412e-02
1.365587398907358412e-02
1.365587398907358412e-02
1.365587398907358412e-02
4.036106369932590011e-03
5.626898958840380327e-03
5.626898958840380327e-03
1.109726777199754148e-02
0.000000000000000000e+00
0.000000000000000000e+00
0.000000000000000000e+00
1.012456140707249574e-03
1.012456140707249574e-03
1.012456140707249574e-03
1.012456140707249574e-03
1.012456140707249574e-03
1.012456140707249574e-03
5.151173327086701684e-03
2.044230306525509494e-02
2.044230306525509494e-02
2.044230306525509494e-02
2.044230306525509494e-02
2.044230306525509494e-02
2.044230306525509494e-02
2.044230306525509494e-02
2.044230306525509494e-02
2.044230306525509494e-02
2.044230306525509494e-02
2.044230306525509494e-02
2.044230306525509494e-02
9.338582302516028073e-04
2.866834189326009693e-03
2.866834189326009693e-03
2.866834189326009693e-03
2.866834189326009693e-03
2.866834189326009693e-03
2.866834189326009693e-03
0.000000000000000000e+00
0.000000000000000000e+00
0.000000000000000000e+00
0.000000000000000000e+00
0.000000000000000000e+00
0.000000000000000000e+00
0.000000000000000000e+00
0.000000000000000000e+00
1.123755757965433328e-04
1.123755757965433328e-04
1.123755757965433328e-04
1.123755757965433328e-04
1.123755757965433328e-04
1.123755757965433328e-04
1.123755757965433328e-04
1.123755757965433328e-04
9.380137892053172846e-03
1.392813722176916395e-02
1.392813722176916395e-02
1.392813722176916395e-02
1.392813722176916395e-02
1.392813722176916395e-02
1.392813722176916395e-02
1.891188194227770222e-02
3.587834915994379554e-03
3.587834915994379554e-03
3.587834915994379554e-03
3.587834915994379554e-03
3.587834915994379554e-03
3.587834915994379554e-03
9.245351528620413678e-04
1.050787132202274377e-03
1.050787132202274377e-03
1.050787132202274377e-03
1.050787132202274377e-03
1.050787132202274377e-03
1.050787132202274377e-03
1.050787132202274377e-03
1.050787132202274377e-03
1.050787132202274377e-03
1.050787132202274377e-03
1.050787132202274377e-03
1.050787132202274377e-03
1.050787132202274377e-03
1.050787132202274377e-03
1.050787132202274377e-03
1.050787132202274377e-03
3.134090662942864633e-03
3.134090662942864633e-03
3.134090662942864633e-03
3.134090662942864633e-03
3.134090662942864633e-03
3.134090662942864633e-03
3.134090662942864633e-03
3.134090662942864633e-03
3.134090662942864633e-03
3.134090662942864633e-03
3.134090662942864633e-03
3.416385651069821922e-02
1.063050515239661112e-02
1.063050515239661112e-02
1.063050515239661112e-02
1.063050515239661112e-02
1.063050515239661112e-02
1.063050515239661112e-02
1.063050515239661112e-02
1.063050515239661112e-02
1.063050515239661112e-02
1.063050515239661112e-02
1.063050515239661112e-02
1.063050515239661112e-02
1.063050515239661112e-02
1.063050515239661112e-02
1.063050515239661112e-02
1.063050515239661112e-02
9.239865739359431202e-03
5.772446085284376437e-03
5.772446085284376437e-03
5.772446085284376437e-03
5.772446085284376437e-03
1.012643991808494064e-02
1.012643991808494064e-02
1.012643991808494064e-02
1.012643991808494064e-02
1.012643991808494064e-02
1.012643991808494064e-02
1.012643991808494064e-02
1.012643991808494064e-02
1.012643991808494064e-02
1.012643991808494064e-02
1.012643991808494064e-02
1.012643991808494064e-02
1.012643991808494064e-02
1.012643991808494064e-02
1.012643991808494064e-02
1.012643991808494064e-02
1.012643991808494064e-02
1.012643991808494064e-02
1.012643991808494064e-02
1.012643991808494064e-02
1.114236663670339737e-02
1.114236663670339737e-02
1.114236663670339737e-02
1.114236663670339737e-02
1.114236663670339737e-02
1.114236663670339737e-02
1.114236663670339737e-02
1.114236663670339737e-02
1.114236663670339737e-02
1.114236663670339737e-02
1.114236663670339737e-02
1.114236663670339737e-02
1.114236663670339737e-02
1.968359298520822032e-02
2.570436975252487870e-03
2.570436975252487870e-03
2.570436975252487870e-03
2.570436975252487870e-03
2.570436975252487870e-03
2.570436975252487870e-03
2.570436975252487870e-03
2.570436975252487870e-03
2.570436975252487870e-03
2.570436975252487870e-03
2.570436975252487870e-03
2.570436975252487870e-03
2.570436975252487870e-03
2.570436975252487870e-03
2.570436975252487870e-03
2.570436975252487870e-03
1.646133092631219680e-02
0.000000000000000000e+00
0.000000000000000000e+00
0.000000000000000000e+00
0.000000000000000000e+00
0.000000000000000000e+00
0.000000000000000000e+00
0.000000000000000000e+00
0.000000000000000000e+00
2.650199909262812570e-02
2.650199909262812570e-02
2.650199909262812570e-02
2.650199909262812570e-02
2.650199909262812570e-02
2.650199909262812570e-02
2.650199909262812570e-02
2.650199909262812570e-02
2.650199909262812570e-02
2.650199909262812570e-02
2.650199909262812570e-02
8.734055259275333091e-03
2.420746436531540438e-02
2.420746436531540438e-02
2.420746436531540438e-02
2.420746436531540438e-02
2.420746436531540438e-02
2.420746436531540438e-02
2.420746436531540438e-02
2.420746436531540438e-02
2.420746436531540438e-02
2.420746436531540438e-02
0.000000000000000000e+00
0.000000000000000000e+00
0.000000000000000000e+00
0.000000000000000000e+00
0.000000000000000000e+00
0.000000000000000000e+00
0.000000000000000000e+00
0.000000000000000000e+00
0.000000000000000000e+00
1.208103043588410266e-02
4.486819764794662893e-03
4.486819764794662893e-03
4.486819764794662893e-03
4.486819764794662893e-03
4.486819764794662893e-03
4.486819764794662893e-03
4.486819764794662893e-03
4.486819764794662893e-03
4.486819764794662893e-03
4.486819764794662893e-03
4.486819764794662893e-03
4.486819764794662893e-03
4.486819764794662893e-03
1.551931389701495783e-03
1.001005631665309765e-02
1.001005631665309765e-02
8.681179912958667672e-03
1.046718062156312516e-02
1.046718062156312516e-02
1.046718062156312516e-02
1.046718062156312516e-02
1.046718062156312516e-02
1.046718062156312516e-02
1.677153728730920029e-02
1.896003171369030002e-02
1.896003171369030002e-02
1.896003171369030002e-02
1.896003171369030002e-02
1.896003171369030002e-02
1.896003171369030002e-02
4.380387561830316120e-03
6.782955484352880086e-03
4.380387561830316120e-03
0.000000000000000000e+00
0.000000000000000000e+00
0.000000000000000000e+00
1.186566377766174428e-02
1.893417042601229852e-02
1.893417042601229852e-02
1.893417042601229852e-02
1.893417042601229852e-02
1.893417042601229852e-02
1.893417042601229852e-02
1.664812682575101191e-02
2.330304396854608259e-02
2.330304396854608259e-02
2.330304396854608259e-02
2.330304396854608259e-02
2.330304396854608259e-02
2.330304396854608259e-02
1.294914272636643951e-02
1.294914272636643951e-02
3.381586786594593941e-02
2.042375712290356304e-02
2.042375712290356304e-02
2.042375712290356304e-02
2.042375712290356304e-02
1.567839367961130007e-03
1.567839367961130007e-03
1.567839367961130007e-03
1.567839367961130007e-03
1.567839367961130007e-03
1.567839367961130007e-03
1.567839367961130007e-03
1.567839367961130007e-03
6.320486208304157937e-03
6.320486208304157937e-03
6.320486208304157937e-03
6.320486208304157937e-03
6.320486208304157937e-03
6.320486208304157937e-03
6.320486208304157937e-03
6.320486208304157937e-03
6.320486208304157937e-03
6.320486208304157937e-03
6.320486208304157937e-03
6.320486208304157937e-03
6.320486208304157937e-03
6.320486208304157937e-03
6.320486208304157937e-03
1.450893759511923294e-02
3.809865305847360845e-03
3.809865305847360845e-03
3.809865305847360845e-03
3.809865305847360845e-03
3.809865305847360845e-03
3.809865305847360845e-03
3.809865305847360845e-03
3.809865305847360845e-03
3.588872359350250840e-03
0.000000000000000000e+00
0.000000000000000000e+00
0.000000000000000000e+00
0.000000000000000000e+00
0.000000000000000000e+00
0.000000000000000000e+00
0.000000000000000000e+00
0.000000000000000000e+00
0.000000000000000000e+00
0.000000000000000000e+00
2.098365733469178662e-03
2.098365733469178662e-03
2.098365733469178662e-03
2.098365733469178662e-03
2.098365733469178662e-03
2.098365733469178662e-03
2.098365733469178662e-03
2.098365733469178662e-03
2.098365733469178662e-03
2.098365733469178662e-03
5.360089997307716618e-03
5.360089997307716618e-03
2.289643172507042218e-02
1.425110142952547287e-02
1.425110142952547287e-02
1.425110142952547287e-02
1.425110142952547287e-02
1.425110142952547287e-02
1.425110142952547287e-02
1.425110142952547287e-02
1.425110142952547287e-02
1.425110142952547287e-02
1.425110142952547287e-02
1.425110142952547287e-02
1.425110142952547287e-02
1.425110142952547287e-02
1.425110142952547287e-02
0.000000000000000000e+00
0.000000000000000000e+00
0.000000000000000000e+00
1.189409983682593319e-02
1.189409983682593319e-02
1.189409983682593319e-02
1.189409983682593319e-02
1.189409983682593319e-02
1.189409983682593319e-02
1.189409983682593319e-02
1.189409983682593319e-02
1.065981671605720216e-02
1.065981671605720216e-02
1.065981671605720216e-02
1.065981671605720216e-02
1.065981671605720216e-02
1.065981671605720216e-02
1.065981671605720216e-02
1.065981671605720216e-02
2.774717599228394664e-03
2.774717599228394664e-03
2.774717599228394664e-03
2.774717599228394664e-03
2.774717599228394664e-03
2.774717599228394664e-03
2.774717599228394664e-03
2.774717599228394664e-03
2.774717599228394664e-03
2.774717599228394664e-03
2.774717599228394664e-03
2.774717599228394664e-03
2.774717599228394664e-03
2.774717599228394664e-03
2.219078136682739802e-02
1.064113930945776061e-02
1.064113930945776061e-02
1.064113930945776061e-02
1.064113930945776061e-02
1.064113930945776061e-02
1.064113930945776061e-02
1.064113930945776061e-02
1.064113930945776061e-02
5.239295971803017982e-03
5.239295971803017982e-03
5.239295971803017982e-03
5.239295971803017982e-03
5.239295971803017982e-03
5.239295971803017982e-03
5.239295971803017982e-03
5.239295971803017982e-03
5.239295971803017982e-03
5.239295971803017982e-03
5.239295971803017982e-03
1.208103043588410266e-02
1.208103043588410266e-02
9.834278115660620087e-03
1.245303337154697078e-02
1.245303337154697078e-02
1.245303337154697078e-02
1.245303337154697078e-02
1.245303337154697078e-02
1.245303337154697078e-02
1.245303337154697078e-02
1.245303337154697078e-02
1.245303337154697078e-02
1.245303337154697078e-02
1.245303337154697078e-02
1.245303337154697078e-02
2.536239090326820531e-02
1.829112089456037121e-02
1.829112089456037121e-02
0.000000000000000000e+00
0.000000000000000000e+00
0.000000000000000000e+00
0.000000000000000000e+00
0.000000000000000000e+00
0.000000000000000000e+00
0.000000000000000000e+00
0.000000000000000000e+00
0.000000000000000000e+00
0.000000000000000000e+00
0.000000000000000000e+00
0.000000000000000000e+00
0.000000000000000000e+00
9.338582302516028073e-04
9.338582302516028073e-04
9.338582302516028073e-04
9.338582302516028073e-04
3.385327623441013178e-02
3.385327623441013178e-02
3.385327623441013178e-02
3.385327623441013178e-02
3.385327623441013178e-02
3.385327623441013178e-02
3.385327623441013178e-02
3.385327623441013178e-02
3.385327623441013178e-02
3.385327623441013178e-02
3.385327623441013178e-02
6.111361794507911768e-03
6.111361794507911768e-03
6.111361794507911768e-03
6.111361794507911768e-03
6.111361794507911768e-03
6.111361794507911768e-03
6.111361794507911768e-03
6.111361794507911768e-03
1.754907495063352070e-03
1.861582207741173389e-02
1.861582207741173389e-02
1.861582207741173389e-02
1.861582207741173389e-02
1.861582207741173389e-02
1.861582207741173389e-02
1.861582207741173389e-02
1.861582207741173389e-02
1.861582207741173389e-02
1.861582207741173389e-02
0.000000000000000000e+00
0.000000000000000000e+00
3.143963191216535974e-02
3.560124226885164750e-03
3.560124226885164750e-03
3.560124226885164750e-03
3.560124226885164750e-03
1.716070387449575643e-02
5.522450241881817455e-03
5.522450241881817455e-03
5.522450241881817455e-03
5.522450241881817455e-03
5.522450241881817455e-03
5.522450241881817455e-03
4.229014277818091139e-02
4.229014277818091139e-02
4.229014277818091139e-02
4.229014277818091139e-02
4.229014277818091139e-02
4.229014277818091139e-02
4.229014277818091139e-02
4.229014277818091139e-02
4.229014277818091139e-02
4.229014277818091139e-02
4.229014277818091139e-02
6.175182018386568723e-03
3.265045596542985856e-03
3.265045596542985856e-03
3.265045596542985856e-03
3.265045596542985856e-03
3.265045596542985856e-03
3.265045596542985856e-03
3.265045596542985856e-03
3.265045596542985856e-03
0.000000000000000000e+00
0.000000000000000000e+00
0.000000000000000000e+00
0.000000000000000000e+00
0.000000000000000000e+00
0.000000000000000000e+00
0.000000000000000000e+00
0.000000000000000000e+00
0.000000000000000000e+00
0.000000000000000000e+00
0.000000000000000000e+00
0.000000000000000000e+00
0.000000000000000000e+00
0.000000000000000000e+00
0.000000000000000000e+00
3.762828288732885545e-04
3.762828288732885545e-04
3.762828288732885545e-04
3.762828288732885545e-04
3.762828288732885545e-04
3.762828288732885545e-04
3.762828288732885545e-04
3.762828288732885545e-04
3.762828288732885545e-04
3.762828288732885545e-04
3.762828288732885545e-04
3.762828288732885545e-04
3.762828288732885545e-04
3.762828288732885545e-04
3.762828288732885545e-04
3.762828288732885545e-04
3.762828288732885545e-04
2.772825559944041077e-02
3.762828288732885545e-04
3.762828288732885545e-04
3.762828288732885545e-04
3.762828288732885545e-04
3.762828288732885545e-04
3.762828288732885545e-04
3.762828288732885545e-04
2.577684949533176617e-02
1.889863942770375962e-02
1.889863942770375962e-02
1.889863942770375962e-02
1.889863942770375962e-02
1.889863942770375962e-02
1.889863942770375962e-02
8.577815961280490023e-03
5.089856565870856490e-03
5.089856565870856490e-03
5.089856565870856490e-03
5.089856565870856490e-03
5.089856565870856490e-03
5.089856565870856490e-03
1.891188194227770222e-02
1.891188194227770222e-02
1.891188194227770222e-02
1.891188194227770222e-02
1.891188194227770222e-02
1.891188194227770222e-02
1.280040849307432886e-02
1.280040849307432886e-02
1.280040849307432886e-02
1.280040849307432886e-02
1.280040849307432886e-02
1.280040849307432886e-02
1.280040849307432886e-02
1.280040849307432886e-02
1.280040849307432886e-02
1.280040849307432886e-02
1.280040849307432886e-02
6.585220449898374767e-03
2.047161421481458535e-02
2.047161421481458535e-02
2.047161421481458535e-02
2.047161421481458535e-02
2.047161421481458535e-02
2.047161421481458535e-02
1.840485736888515479e-03
1.518164941671471500e-02
1.518164941671471500e-02
1.518164941671471500e-02
1.518164941671471500e-02
1.518164941671471500e-02
1.518164941671471500e-02
0.000000000000000000e+00
2.452604137029543857e-02
2.452604137029543857e-02
2.452604137029543857e-02
9.246616807325308204e-03
0.000000000000000000e+00
0.000000000000000000e+00
4.197253007740363653e-03
4.197253007740363653e-03
1.227047920231730607e-02
4.815676485885334208e-03
4.815676485885334208e-03
1.851370001801697779e-02
7.117629910390579212e-03
7.117629910390579212e-03
7.117629910390579212e-03
7.117629910390579212e-03
7.117629910390579212e-03
7.117629910390579212e-03
0.000000000000000000e+00
0.000000000000000000e+00
1.003875308257136736e-02
1.003875308257136736e-02
1.003875308257136736e-02
0.000000000000000000e+00
1.003875308257136736e-02
0.000000000000000000e+00
0.000000000000000000e+00
1.274424794101516531e-02
1.274424794101516531e-02
1.274424794101516531e-02
1.274424794101516531e-02
3.051835810266766147e-03
1.562756785930806760e-02
1.562756785930806760e-02
1.562756785930806760e-02
1.562756785930806760e-02
5.706634068993124941e-03
5.706634068993124941e-03
5.706634068993124941e-03
5.706634068993124941e-03
5.706634068993124941e-03
5.706634068993124941e-03
5.706634068993124941e-03
5.706634068993124941e-03
5.706634068993124941e-03
5.706634068993124941e-03
5.706634068993124941e-03
5.706634068993124941e-03
5.706634068993124941e-03
5.706634068993124941e-03
5.706634068993124941e-03
5.706634068993124941e-03
5.706634068993124941e-03
5.219133720369255498e-03
5.219133720369255498e-03
5.219133720369255498e-03
5.219133720369255498e-03
5.219133720369255498e-03
5.219133720369255498e-03
5.219133720369255498e-03
5.219133720369255498e-03
5.219133720369255498e-03
5.219133720369255498e-03
5.219133720369255498e-03
5.219133720369255498e-03
5.219133720369255498e-03
5.219133720369255498e-03
5.219133720369255498e-03
5.219133720369255498e-03
5.219133720369255498e-03
5.219133720369255498e-03
5.219133720369255498e-03
5.219133720369255498e-03
5.219133720369255498e-03
1.771396358384258202e-03
1.632714750990281807e-02
1.632714750990281807e-02
1.423349994953691279e-02
4.514198880288474575e-02
4.514198880288474575e-02
4.514198880288474575e-02
4.514198880288474575e-02
1.642720699300394618e-02
1.017899422475198115e-03
1.017899422475198115e-03
1.017899422475198115e-03
1.017899422475198115e-03
1.753809524901906933e-02
1.174317990838003728e-02
1.174317990838003728e-02
1.174317990838003728e-02
1.174317990838003728e-02
0.000000000000000000e+00
4.140983248732680276e-03
4.140983248732680276e-03
1.071793895910948605e-02
1.619196183382068388e-02
1.619196183382068388e-02
4.146608761404187507e-03
1.037649426976863104e-02
1.037649426976863104e-02
8.263343340681687105e-03
6.407738276242107289e-02
6.407738276242107289e-02
6.407738276242107289e-02
6.407738276242107289e-02
6.407738276242107289e-02
6.407738276242107289e-02
6.407738276242107289e-02
6.407738276242107289e-02
8.566299913224764348e-03
8.566299913224764348e-03
8.566299913224764348e-03
8.566299913224764348e-03
2.215850055172838198e-03
6.737378314709168044e-03
6.737378314709168044e-03
4.806145139972233839e-03
6.737378314709168044e-03
8.346533778739629802e-03
2.273178998961931582e-02
2.273178998961931582e-02
2.273178998961931582e-02
2.273178998961931582e-02
1.665574474937792093e-02
8.549102145475507772e-03
8.549102145475507772e-03
8.549102145475507772e-03
8.549102145475507772e-03
8.549102145475507772e-03
8.549102145475507772e-03
8.549102145475507772e-03
8.549102145475507772e-03
8.549102145475507772e-03
8.549102145475507772e-03
3.942229746333810944e-03
1.291064264293984021e-03
1.291064264293984021e-03
5.879862910082381440e-03
2.230202046840095743e-03
2.230202046840095743e-03
2.230202046840095743e-03
0.000000000000000000e+00
0.000000000000000000e+00
0.000000000000000000e+00
0.000000000000000000e+00
0.000000000000000000e+00
0.000000000000000000e+00
1.459137441301343839e-02
1.459137441301343839e-02
1.459137441301343839e-02
1.459137441301343839e-02
1.459137441301343839e-02
1.459137441301343839e-02
1.631098310848175205e-03
1.642720699300394618e-02
1.642720699300394618e-02
1.642720699300394618e-02
8.577815961280490023e-03
1.584063652048861223e-02
1.584063652048861223e-02
3.307204434566746176e-02
1.089547633116723889e-02
1.089547633116723889e-02
1.089547633116723889e-02
1.089547633116723889e-02
1.089547633116723889e-02
1.089547633116723889e-02
6.328946818538848038e-03
3.003627975357046204e-02
3.003627975357046204e-02
8.990474700261407923e-03
1.236004752969569777e-02
1.236004752969569777e-02
1.739028769800318383e-02
1.236004752969569777e-02
1.236004752969569777e-02
1.236004752969569777e-02
1.889399489409364016e-02
9.233756420620829047e-03
9.233756420620829047e-03
9.233756420620829047e-03
9.233756420620829047e-03
9.233756420620829047e-03
9.233756420620829047e-03
0.000000000000000000e+00
9.233756420620829047e-03
9.233756420620829047e-03
9.233756420620829047e-03
9.233756420620829047e-03
9.233756420620829047e-03
0.000000000000000000e+00
0.000000000000000000e+00
0.000000000000000000e+00
0.000000000000000000e+00
0.000000000000000000e+00
0.000000000000000000e+00
0.000000000000000000e+00
0.000000000000000000e+00
0.000000000000000000e+00
0.000000000000000000e+00
0.000000000000000000e+00
0.000000000000000000e+00
0.000000000000000000e+00
6.328946818538848038e-03
1.258758388856313915e-02
1.258758388856313915e-02
1.258758388856313915e-02
1.258758388856313915e-02
8.647666491885171516e-03
9.559849373934479339e-03
9.559849373934479339e-03
9.559849373934479339e-03
9.559849373934479339e-03
2.318306874418535422e-03
1.236489968945493970e-02
1.236489968945493970e-02
1.236489968945493970e-02
1.236489968945493970e-02
1.236489968945493970e-02
1.236489968945493970e-02
1.236489968945493970e-02
1.236489968945493970e-02
6.824583051617851871e-03
6.824583051617851871e-03
6.824583051617851871e-03
6.824583051617851871e-03
6.824583051617851871e-03
6.824583051617851871e-03
6.824583051617851871e-03
6.824583051617851871e-03
6.824583051617851871e-03
6.824583051617851871e-03
6.824583051617851871e-03
0.000000000000000000e+00
2.193543616129801921e-02
2.193543616129801921e-02
2.193543616129801921e-02
2.193543616129801921e-02
2.193543616129801921e-02
2.193543616129801921e-02
2.193543616129801921e-02
2.193543616129801921e-02
2.791912018877290569e-02
3.347386475669773126e-02
3.347386475669773126e-02
3.347386475669773126e-02
3.347386475669773126e-02
3.347386475669773126e-02
3.347386475669773126e-02
3.347386475669773126e-02
3.347386475669773126e-02
3.347386475669773126e-02
3.347386475669773126e-02
3.347386475669773126e-02
3.347386475669773126e-02
9.331566303459045558e-03
9.331566303459045558e-03
9.331566303459045558e-03
9.331566303459045558e-03
9.331566303459045558e-03
9.331566303459045558e-03
9.331566303459045558e-03
9.331566303459045558e-03
9.331566303459045558e-03
9.331566303459045558e-03
9.331566303459045558e-03
2.450428221498045754e-03
2.450428221498045754e-03
2.450428221498045754e-03
2.450428221498045754e-03
2.450428221498045754e-03
2.450428221498045754e-03
2.450428221498045754e-03
2.450428221498045754e-03
2.450428221498045754e-03
2.450428221498045754e-03
2.450428221498045754e-03
1.761444935172465712e-02
7.985674592364752633e-03
7.985674592364752633e-03
7.985674592364752633e-03
1.631098310848175205e-03
1.631098310848175205e-03
1.631098310848175205e-03
1.631098310848175205e-03
1.631098310848175205e-03
1.631098310848175205e-03
1.631098310848175205e-03
1.631098310848175205e-03
2.041260650741567872e-02
1.403705297046491628e-02
1.403705297046491628e-02
1.403705297046491628e-02
1.403705297046491628e-02
1.403705297046491628e-02
1.403705297046491628e-02
1.403705297046491628e-02
1.403705297046491628e-02
1.403705297046491628e-02
1.403705297046491628e-02
1.403705297046491628e-02
1.403705297046491628e-02
1.403705297046491628e-02
1.403705297046491628e-02
1.265528531531986099e-03
1.470171588772020005e-02
1.470171588772020005e-02
1.470171588772020005e-02
1.470171588772020005e-02
1.470171588772020005e-02
1.470171588772020005e-02
0.000000000000000000e+00
0.000000000000000000e+00
0.000000000000000000e+00
0.000000000000000000e+00
0.000000000000000000e+00
0.000000000000000000e+00
0.000000000000000000e+00
0.000000000000000000e+00
0.000000000000000000e+00
0.000000000000000000e+00
0.000000000000000000e+00
0.000000000000000000e+00
0.000000000000000000e+00
0.000000000000000000e+00
6.387376431933564601e-03
5.072533365830602953e-04
5.072533365830602953e-04
5.072533365830602953e-04
5.072533365830602953e-04
4.806145139972233839e-03
1.082365323677612727e-02
1.082365323677612727e-02
1.082365323677612727e-02
1.082365323677612727e-02
1.121642301889711445e-02
3.267027561448880915e-03
3.267027561448880915e-03
3.267027561448880915e-03
3.267027561448880915e-03
3.267027561448880915e-03
3.267027561448880915e-03
3.267027561448880915e-03
3.267027561448880915e-03
0.000000000000000000e+00
7.972896343003146868e-03
7.972896343003146868e-03
7.972896343003146868e-03
7.972896343003146868e-03
1.423349994953691279e-02
8.797515349928824308e-03
1.517277562973586361e-02
1.517277562973586361e-02
1.517277562973586361e-02
1.517277562973586361e-02
6.328946818538848038e-03
6.328946818538848038e-03
6.328946818538848038e-03
6.328946818538848038e-03
6.328946818538848038e-03
6.328946818538848038e-03
6.328946818538848038e-03
6.328946818538848038e-03
6.328946818538848038e-03
6.328946818538848038e-03
6.328946818538848038e-03
6.328946818538848038e-03
6.328946818538848038e-03
6.328946818538848038e-03
6.328946818538848038e-03
1.393994186373772107e-02
1.393994186373772107e-02
1.393994186373772107e-02
1.393994186373772107e-02
1.393994186373772107e-02
1.393994186373772107e-02
1.393994186373772107e-02
1.393994186373772107e-02
1.393994186373772107e-02
1.393994186373772107e-02
1.393994186373772107e-02
1.202289650208612478e-03
1.202289650208612478e-03
1.202289650208612478e-03
1.202289650208612478e-03
1.202289650208612478e-03
1.202289650208612478e-03
1.202289650208612478e-03
1.202289650208612478e-03
1.202289650208612478e-03
1.202289650208612478e-03
1.202289650208612478e-03
1.293517649513915672e-02
0.000000000000000000e+00
0.000000000000000000e+00
0.000000000000000000e+00
0.000000000000000000e+00
9.781688740841381485e-03
9.781688740841381485e-03
9.781688740841381485e-03
9.781688740841381485e-03
7.390202312609003149e-03
7.390202312609003149e-03
7.390202312609003149e-03
7.390202312609003149e-03
7.390202312609003149e-03
7.390202312609003149e-03
7.390202312609003149e-03
7.390202312609003149e-03
7.390202312609003149e-03
7.390202312609003149e-03
7.390202312609003149e-03
7.390202312609003149e-03
7.390202312609003149e-03
7.390202312609003149e-03
7.390202312609003149e-03
7.390202312609003149e-03
7.390202312609003149e-03
4.800803664171694740e-02
6.682588583251549211e-03
6.682588583251549211e-03
6.682588583251549211e-03
6.682588583251549211e-03
6.682588583251549211e-03
6.682588583251549211e-03
3.069209480781753645e-03
4.373261488000458996e+00
4.373261488000458996e+00
4.373261488000458996e+00
4.373261488000458996e+00
1.959924964347193113e-02
0.000000000000000000e+00
0.000000000000000000e+00
9.485370786455762189e-04
0.000000000000000000e+00
0.000000000000000000e+00
0.000000000000000000e+00
0.000000000000000000e+00
4.510344184512060650e-02
4.303471296962770726e-02
2.041188271722720396e-02
2.259690634910408499e-03
9.485370786455762189e-04
9.485370786455762189e-04
9.485370786455762189e-04
9.485370786455762189e-04
9.485370786455762189e-04
9.485370786455762189e-04
9.485370786455762189e-04
9.485370786455762189e-04
1.652115149279718281e-02
1.219086699634200355e-02
5.003754755017869420e-03
5.003754755017869420e-03
5.003754755017869420e-03
5.003754755017869420e-03
5.003754755017869420e-03
5.003754755017869420e-03
5.003754755017869420e-03
5.003754755017869420e-03
5.003754755017869420e-03
5.003754755017869420e-03
5.003754755017869420e-03
5.003754755017869420e-03
5.003754755017869420e-03
5.003754755017869420e-03
5.003754755017869420e-03
5.003754755017869420e-03
5.003754755017869420e-03
4.493501760642623112e-03
1.328466411613062580e-02
1.328466411613062580e-02
1.328466411613062580e-02
1.328466411613062580e-02
1.328466411613062580e-02
1.328466411613062580e-02
1.328466411613062580e-02
1.328466411613062580e-02
1.328466411613062580e-02
1.328466411613062580e-02
4.651205407305960063e-03
3.317111225871194335e-03
3.133222824920006699e-02
6.810536095572691968e-03
6.810536095572691968e-03
6.810536095572691968e-03
0.000000000000000000e+00
9.007141289416590495e-04
9.007141289416590495e-04
1.763234052612880354e-02
9.007141289416590495e-04
9.007141289416590495e-04
9.007141289416590495e-04
9.007141289416590495e-04
9.007141289416590495e-04
9.007141289416590495e-04
9.007141289416590495e-04
9.007141289416590495e-04
9.007141289416590495e-04
3.588872359350250840e-03
1.171000718360400150e-02
1.171000718360400150e-02
1.171000718360400150e-02
1.171000718360400150e-02
1.171000718360400150e-02
1.171000718360400150e-02
1.171000718360400150e-02
1.171000718360400150e-02
8.843314393931950984e-03
8.843314393931950984e-03
8.843314393931950984e-03
8.843314393931950984e-03
8.843314393931950984e-03
8.843314393931950984e-03
8.843314393931950984e-03
8.843314393931950984e-03
8.843314393931950984e-03
2.786049166448602375e-03
8.843314393931950984e-03
9.342090552427328651e-03
9.342090552427328651e-03
9.342090552427328651e-03
9.342090552427328651e-03
9.342090552427328651e-03
9.342090552427328651e-03
0.000000000000000000e+00
0.000000000000000000e+00
0.000000000000000000e+00
0.000000000000000000e+00
0.000000000000000000e+00
0.000000000000000000e+00
0.000000000000000000e+00
0.000000000000000000e+00
0.000000000000000000e+00
0.000000000000000000e+00
0.000000000000000000e+00
0.000000000000000000e+00
0.000000000000000000e+00
1.735951784575920712e-02
8.374909366728997689e-03
8.374909366728997689e-03
8.374909366728997689e-03
8.374909366728997689e-03
8.374909366728997689e-03
8.374909366728997689e-03
8.374909366728997689e-03
8.374909366728997689e-03
8.374909366728997689e-03
8.374909366728997689e-03
8.374909366728997689e-03
8.374909366728997689e-03
8.374909366728997689e-03
8.374909366728997689e-03
8.374909366728997689e-03
8.374909366728997689e-03
0.000000000000000000e+00
0.000000000000000000e+00
0.000000000000000000e+00
5.349055243117235674e-03
6.086757857300593294e-03
2.300436271034086988e-02
1.112261280798908410e-02
1.112261280798908410e-02
0.000000000000000000e+00
0.000000000000000000e+00
0.000000000000000000e+00
0.000000000000000000e+00
0.000000000000000000e+00
0.000000000000000000e+00
0.000000000000000000e+00
0.000000000000000000e+00
6.279437264931522593e-03
0.000000000000000000e+00
0.000000000000000000e+00
1.991486022319714083e-02
1.538300257281415397e-03
1.538300257281415397e-03
4.350220535651025400e-03
1.538300257281415397e-03
1.538300257281415397e-03
1.538300257281415397e-03
5.987453732708448821e-03
2.746208252751898907e-02
2.746208252751898907e-02
2.746208252751898907e-02
2.746208252751898907e-02
0.000000000000000000e+00
0.000000000000000000e+00
0.000000000000000000e+00
0.000000000000000000e+00
0.000000000000000000e+00
0.000000000000000000e+00
0.000000000000000000e+00
2.509656986186341310e-02
1.728183114459031292e-02
1.728183114459031292e-02
5.179355426002071362e-03
5.179355426002071362e-03
5.179355426002071362e-03
5.179355426002071362e-03
5.179355426002071362e-03
5.179355426002071362e-03
5.179355426002071362e-03
5.179355426002071362e-03
5.179355426002071362e-03
5.179355426002071362e-03
5.179355426002071362e-03
5.179355426002071362e-03
5.179355426002071362e-03
5.179355426002071362e-03
5.179355426002071362e-03
5.179355426002071362e-03
5.179355426002071362e-03
1.912845805620617609e-02
0.000000000000000000e+00
0.000000000000000000e+00
3.937679085614703180e-03
1.480386836170456515e-02
1.480386836170456515e-02
1.480386836170456515e-02
1.480386836170456515e-02
6.463196777031612709e-03
1.373841243089204273e-02
1.373841243089204273e-02
1.373841243089204273e-02
1.373841243089204273e-02
1.373841243089204273e-02
1.373841243089204273e-02
1.373841243089204273e-02
1.373841243089204273e-02
5.845187798206920651e-03
5.845187798206920651e-03
5.845187798206920651e-03
0.000000000000000000e+00
3.247814042701484185e-03
2.291028120631906362e-02
3.287293720298516304e-03
3.287293720298516304e-03
3.287293720298516304e-03
3.287293720298516304e-03
3.287293720298516304e-03
3.287293720298516304e-03
3.287293720298516304e-03
3.287293720298516304e-03
3.287293720298516304e-03
3.287293720298516304e-03
3.287293720298516304e-03
3.287293720298516304e-03
3.287293720298516304e-03
3.287293720298516304e-03
3.287293720298516304e-03
3.287293720298516304e-03
3.287293720298516304e-03
3.287293720298516304e-03
3.287293720298516304e-03
3.287293720298516304e-03
3.287293720298516304e-03
3.287293720298516304e-03
3.287293720298516304e-03
3.287293720298516304e-03
3.287293720298516304e-03
3.287293720298516304e-03
5.641935044756862978e-03
1.334477761392026396e-02
1.334477761392026396e-02
1.334477761392026396e-02
1.334477761392026396e-02
1.334477761392026396e-02
6.387376431933564601e-03
6.387376431933564601e-03
6.387376431933564601e-03
6.387376431933564601e-03
6.387376431933564601e-03
6.387376431933564601e-03
6.387376431933564601e-03
6.387376431933564601e-03
4.467971538113293777e-03
4.467971538113293777e-03
4.467971538113293777e-03
4.467971538113293777e-03
1.878738420225601474e-02
1.878738420225601474e-02
7.158225922908096131e-03
1.800749749853772577e-02
1.800749749853772577e-02
1.800749749853772577e-02
1.800749749853772577e-02
1.800749749853772577e-02
1.800749749853772577e-02
4.156277177981277521e-02
4.156277177981277521e-02
4.156277177981277521e-02
4.156277177981277521e-02
4.156277177981277521e-02
4.156277177981277521e-02
4.156277177981277521e-02
4.156277177981277521e-02
4.156277177981277521e-02
4.156277177981277521e-02
4.156277177981277521e-02
4.156277177981277521e-02
4.156277177981277521e-02
2.743248326687448488e-02
4.156277177981277521e-02
8.838535299553289953e-03
8.818569934630099069e-03
8.818569934630099069e-03
8.818569934630099069e-03
8.818569934630099069e-03
8.818569934630099069e-03
8.818569934630099069e-03
8.818569934630099069e-03
8.818569934630099069e-03
8.818569934630099069e-03
8.818569934630099069e-03
8.818569934630099069e-03
8.818569934630099069e-03
0.000000000000000000e+00
0.000000000000000000e+00
0.000000000000000000e+00
0.000000000000000000e+00
5.758924587293321080e-03
5.758924587293321080e-03
5.758924587293321080e-03
5.758924587293321080e-03
5.758924587293321080e-03
5.758924587293321080e-03
1.783729762548990141e-02
1.170705752380631244e-02
1.170705752380631244e-02
5.000379208109050934e-03
2.942180713932011568e-02
2.942180713932011568e-02
2.942180713932011568e-02
1.641793422245177436e-02
1.641793422245177436e-02
1.641793422245177436e-02
1.641793422245177436e-02
1.641793422245177436e-02
1.641793422245177436e-02
1.641793422245177436e-02
1.641793422245177436e-02
1.641793422245177436e-02
1.641793422245177436e-02
1.641793422245177436e-02
2.814462470479202338e-02
0.000000000000000000e+00
0.000000000000000000e+00
5.349055243117235674e-03
2.300436271034086988e-02
2.300436271034086988e-02
2.300436271034086988e-02
2.300436271034086988e-02
2.300436271034086988e-02
2.300436271034086988e-02
2.300436271034086988e-02
2.300436271034086988e-02
2.300436271034086988e-02
2.300436271034086988e-02
2.300436271034086988e-02
2.300436271034086988e-02
2.300436271034086988e-02
2.300436271034086988e-02
2.300436271034086988e-02
2.300436271034086988e-02
2.300436271034086988e-02
2.300436271034086988e-02
2.300436271034086988e-02
2.300436271034086988e-02
2.300436271034086988e-02
2.300436271034086988e-02
2.300436271034086988e-02
2.300436271034086988e-02
2.300436271034086988e-02
2.300436271034086988e-02
6.785356383085267701e-03
1.058980272291602798e-02
1.058980272291602798e-02
1.058980272291602798e-02
1.058980272291602798e-02
1.058980272291602798e-02
1.058980272291602798e-02
1.058980272291602798e-02
1.058980272291602798e-02
5.615343840664080953e-03
5.615343840664080953e-03
5.615343840664080953e-03
5.615343840664080953e-03
3.260960816595716207e-03
1.312355117854396673e-02
1.312355117854396673e-02
1.312355117854396673e-02
1.312355117854396673e-02
1.312355117854396673e-02
1.312355117854396673e-02
1.312355117854396673e-02
1.312355117854396673e-02
1.312355117854396673e-02
1.312355117854396673e-02
1.312355117854396673e-02
1.312355117854396673e-02
1.193667175850308265e-02
2.192886113842242284e-03
2.192886113842242284e-03
4.011441444892944325e-02
9.035241104518306832e-04
9.035241104518306832e-04
9.035241104518306832e-04
9.035241104518306832e-04
9.035241104518306832e-04
9.035241104518306832e-04
0.000000000000000000e+00
0.000000000000000000e+00
0.000000000000000000e+00
4.806145139972233839e-03
4.806145139972233839e-03
2.555575904502249002e-02
2.199590805824533368e-02
2.199590805824533368e-02
2.199590805824533368e-02
2.199590805824533368e-02
1.897701812600896196e-02
1.897701812600896196e-02
1.897701812600896196e-02
1.897701812600896196e-02
1.897701812600896196e-02
2.154198888716879826e-02
1.897701812600896196e-02
1.897701812600896196e-02
1.897701812600896196e-02
7.158225922908096131e-03
7.158225922908096131e-03
7.158225922908096131e-03
7.158225922908096131e-03
3.036512389642106124e-04
3.036512389642106124e-04
3.036512389642106124e-04
3.036512389642106124e-04
3.036512389642106124e-04
3.036512389642106124e-04
3.036512389642106124e-04
3.036512389642106124e-04
3.036512389642106124e-04
3.036512389642106124e-04
3.036512389642106124e-04
3.036512389642106124e-04
3.036512389642106124e-04
3.036512389642106124e-04
3.036512389642106124e-04
3.036512389642106124e-04
3.036512389642106124e-04
3.036512389642106124e-04
3.036512389642106124e-04
3.036512389642106124e-04
3.036512389642106124e-04
1.366864575242085055e-03
1.366864575242085055e-03
1.366864575242085055e-03
1.366864575242085055e-03
1.366864575242085055e-03
1.366864575242085055e-03
1.366864575242085055e-03
1.366864575242085055e-03
1.366864575242085055e-03
1.366864575242085055e-03
1.366864575242085055e-03
1.366864575242085055e-03
1.366864575242085055e-03
1.366864575242085055e-03
1.366864575242085055e-03
1.366864575242085055e-03
1.366864575242085055e-03
2.213358153063756453e-02
3.163922589418483727e-02
3.163922589418483727e-02
1.892407936269946064e-02
1.892407936269946064e-02
1.892407936269946064e-02
1.892407936269946064e-02
1.892407936269946064e-02
1.892407936269946064e-02
1.892407936269946064e-02
1.892407936269946064e-02
1.892407936269946064e-02
1.892407936269946064e-02
1.892407936269946064e-02
1.892407936269946064e-02
1.892407936269946064e-02
1.892407936269946064e-02
1.892407936269946064e-02
1.892407936269946064e-02
1.892407936269946064e-02
4.098592424175923413e-03
4.974326177325227687e-03
4.974326177325227687e-03
1.075280249765898748e-02
3.701383440780851419e-04
3.701383440780851419e-04
1.216442179112633666e-03
1.148794614591244073e-02
1.148794614591244073e-02
1.148794614591244073e-02
1.148794614591244073e-02
1.148794614591244073e-02
1.148794614591244073e-02
0.000000000000000000e+00
6.753315984968514922e-03
6.753315984968514922e-03
6.753315984968514922e-03
6.753315984968514922e-03
2.744498259196486920e-02
2.744498259196486920e-02
2.744498259196486920e-02
2.744498259196486920e-02
2.744498259196486920e-02
2.744498259196486920e-02
2.744498259196486920e-02
2.744498259196486920e-02
2.744498259196486920e-02
2.744498259196486920e-02
2.744498259196486920e-02
2.744498259196486920e-02
2.744498259196486920e-02
2.125895534704678666e-02
9.636844580412209926e-03
9.636844580412209926e-03
9.636844580412209926e-03
9.636844580412209926e-03
9.636844580412209926e-03
9.636844580412209926e-03
9.636844580412209926e-03
9.636844580412209926e-03
9.713550081308554990e-03
8.667764458264611699e-03
8.667764458264611699e-03
8.667764458264611699e-03
8.667764458264611699e-03
8.667764458264611699e-03
8.667764458264611699e-03
8.667764458264611699e-03
8.667764458264611699e-03
0.000000000000000000e+00
1.551027943316480966e-02
1.551027943316480966e-02
1.551027943316480966e-02
1.551027943316480966e-02
1.551027943316480966e-02
1.551027943316480966e-02
1.551027943316480966e-02
1.551027943316480966e-02
1.551027943316480966e-02
1.551027943316480966e-02
1.424609248146668653e-03
1.424609248146668653e-03
1.424609248146668653e-03
1.424609248146668653e-03
1.424609248146668653e-03
1.424609248146668653e-03
1.424609248146668653e-03
1.424609248146668653e-03
1.424609248146668653e-03
1.424609248146668653e-03
1.424609248146668653e-03
1.424609248146668653e-03
1.424609248146668653e-03
1.424609248146668653e-03
1.424609248146668653e-03
1.424609248146668653e-03
1.424609248146668653e-03
1.424609248146668653e-03
1.424609248146668653e-03
7.114391305902147654e-03
7.114391305902147654e-03
0.000000000000000000e+00
0.000000000000000000e+00
0.000000000000000000e+00
0.000000000000000000e+00
0.000000000000000000e+00
0.000000000000000000e+00
0.000000000000000000e+00
0.000000000000000000e+00
4.975952111674313526e-03
2.232608031921743189e-02
2.232608031921743189e-02
2.232608031921743189e-02
2.232608031921743189e-02
9.576340415460090835e-03
9.576340415460090835e-03
9.576340415460090835e-03
9.576340415460090835e-03
9.576340415460090835e-03
9.576340415460090835e-03
9.576340415460090835e-03
9.576340415460090835e-03
9.576340415460090835e-03
9.576340415460090835e-03
9.576340415460090835e-03
9.576340415460090835e-03
9.576340415460090835e-03
9.576340415460090835e-03
9.576340415460090835e-03
9.576340415460090835e-03
9.576340415460090835e-03
9.576340415460090835e-03
9.576340415460090835e-03
7.513836404211756163e-04
7.513836404211756163e-04
7.513836404211756163e-04
7.513836404211756163e-04
7.513836404211756163e-04
7.513836404211756163e-04
7.513836404211756163e-04
7.513836404211756163e-04
7.513836404211756163e-04
7.513836404211756163e-04
7.513836404211756163e-04
7.513836404211756163e-04
7.513836404211756163e-04
7.513836404211756163e-04
7.513836404211756163e-04
7.513836404211756163e-04
7.513836404211756163e-04
7.513836404211756163e-04
7.513836404211756163e-04
7.513836404211756163e-04
7.513836404211756163e-04
7.963685384183325638e-03
0.000000000000000000e+00
0.000000000000000000e+00
0.000000000000000000e+00
0.000000000000000000e+00
0.000000000000000000e+00
0.000000000000000000e+00
4.123761908822060063e-02
5.883435182337145609e-03
5.883435182337145609e-03
5.883435182337145609e-03
5.883435182337145609e-03
5.883435182337145609e-03
4.433108809056161316e-03
4.433108809056161316e-03
4.433108809056161316e-03
4.433108809056161316e-03
4.433108809056161316e-03
4.433108809056161316e-03
4.433108809056161316e-03
4.433108809056161316e-03
4.433108809056161316e-03
4.433108809056161316e-03
4.433108809056161316e-03
4.433108809056161316e-03
4.433108809056161316e-03
3.185119523645136425e-02
4.653806519014569432e-02
4.653806519014569432e-02
4.123761908822060063e-02
4.123761908822060063e-02
4.559995014224142718e-02
3.062627293585312716e-02
3.062627293585312716e-02
4.050621858390007421e-03
1.788237534878891642e-03
1.788237534878891642e-03
7.809222004320585768e-03
7.809222004320585768e-03
7.809222004320585768e-03
7.809222004320585768e-03
7.809222004320585768e-03
7.809222004320585768e-03
7.809222004320585768e-03
7.809222004320585768e-03
7.809222004320585768e-03
7.809222004320585768e-03
1.316658098230602363e-02
1.316658098230602363e-02
1.316658098230602363e-02
1.316658098230602363e-02
1.316658098230602363e-02
1.316658098230602363e-02
1.316658098230602363e-02
1.316658098230602363e-02
1.316658098230602363e-02
1.316658098230602363e-02
1.316658098230602363e-02
1.652115149279718281e-02
1.977569166108405878e-03
1.646778335509251762e-02
1.646778335509251762e-02
1.646778335509251762e-02
1.646778335509251762e-02
0.000000000000000000e+00
0.000000000000000000e+00
0.000000000000000000e+00
0.000000000000000000e+00
2.108544778792690103e-02
1.853468799024360000e-02
1.853468799024360000e-02
4.109750187332549334e-03
1.853468799024360000e-02
1.197219189538050246e-02
1.197219189538050246e-02
1.197219189538050246e-02
1.197219189538050246e-02
1.197219189538050246e-02
1.197219189538050246e-02
1.197219189538050246e-02
1.197219189538050246e-02
1.197219189538050246e-02
1.197219189538050246e-02
1.197219189538050246e-02
1.197219189538050246e-02
1.197219189538050246e-02
1.197219189538050246e-02
1.197219189538050246e-02
1.197219189538050246e-02
1.197219189538050246e-02
1.197219189538050246e-02
1.197219189538050246e-02
1.197219189538050246e-02
1.197219189538050246e-02
1.197219189538050246e-02
1.197219189538050246e-02
2.213358153063756453e-02
2.213358153063756453e-02
2.213358153063756453e-02
2.213358153063756453e-02
2.213358153063756453e-02
2.213358153063756453e-02
2.213358153063756453e-02
2.213358153063756453e-02
2.213358153063756453e-02
1.963303255407349360e-02
1.963303255407349360e-02
1.963303255407349360e-02
1.963303255407349360e-02
1.963303255407349360e-02
1.963303255407349360e-02
0.000000000000000000e+00
1.350423258727137055e-03
1.350423258727137055e-03
1.350423258727137055e-03
1.350423258727137055e-03
1.350423258727137055e-03
7.274542027205816754e-03
7.274542027205816754e-03
7.274542027205816754e-03
7.274542027205816754e-03
7.274542027205816754e-03
7.274542027205816754e-03
7.274542027205816754e-03
7.274542027205816754e-03
7.274542027205816754e-03
7.274542027205816754e-03
7.274542027205816754e-03
7.274542027205816754e-03
7.274542027205816754e-03
7.274542027205816754e-03
7.274542027205816754e-03
7.274542027205816754e-03
7.274542027205816754e-03
7.274542027205816754e-03
7.274542027205816754e-03
7.274542027205816754e-03
7.274542027205816754e-03
0.000000000000000000e+00
0.000000000000000000e+00
0.000000000000000000e+00
0.000000000000000000e+00
7.520447490946551190e-03
8.836668180204119635e-03
8.836668180204119635e-03
8.836668180204119635e-03
8.836668180204119635e-03
8.836668180204119635e-03
8.836668180204119635e-03
8.836668180204119635e-03
8.836668180204119635e-03
7.963685384183325638e-03
7.963685384183325638e-03
7.963685384183325638e-03
7.963685384183325638e-03
0.000000000000000000e+00
0.000000000000000000e+00
3.731014650330371531e-03
1.075093729361382457e-02
1.075093729361382457e-02
1.075093729361382457e-02
1.075093729361382457e-02
4.282066819426396526e-02
2.253201633554514655e-03
2.253201633554514655e-03
0.000000000000000000e+00
0.000000000000000000e+00
0.000000000000000000e+00
0.000000000000000000e+00
1.398633330534834740e-02
1.398633330534834740e-02
1.398633330534834740e-02
1.560749292607651120e-02
1.886716616438702905e-03
1.886716616438702905e-03
1.886716616438702905e-03
1.886716616438702905e-03
3.729295748351930430e-04
3.729295748351930430e-04
3.729295748351930430e-04
3.729295748351930430e-04
3.729295748351930430e-04
3.729295748351930430e-04
3.729295748351930430e-04
3.729295748351930430e-04
3.729295748351930430e-04
3.729295748351930430e-04
3.729295748351930430e-04
1.502661709714322167e-04
9.245351528620413678e-04
9.245351528620413678e-04
9.245351528620413678e-04
9.245351528620413678e-04
9.245351528620413678e-04
1.281659063661376788e-02
1.041925499373133092e-02
1.898467684958395074e-02
1.898467684958395074e-02
5.206716750362824081e-03
0.000000000000000000e+00
0.000000000000000000e+00
0.000000000000000000e+00
0.000000000000000000e+00
8.153552620592368835e-03
3.916392936979090113e-03
3.916392936979090113e-03
3.916392936979090113e-03
3.916392936979090113e-03
3.916392936979090113e-03
3.916392936979090113e-03
3.916392936979090113e-03
3.916392936979090113e-03
9.628895223522433364e-03
0.000000000000000000e+00
0.000000000000000000e+00
0.000000000000000000e+00
0.000000000000000000e+00
2.435854629887561004e-02
1.085853900492297040e-02
1.085853900492297040e-02
1.085853900492297040e-02
1.085853900492297040e-02
1.085853900492297040e-02
1.085853900492297040e-02
9.034703205543368615e-03
0.000000000000000000e+00
0.000000000000000000e+00
0.000000000000000000e+00
2.679768108672327120e-03
2.679768108672327120e-03
2.679768108672327120e-03
2.679768108672327120e-03
2.679768108672327120e-03
2.679768108672327120e-03
2.679768108672327120e-03
2.679768108672327120e-03
0.000000000000000000e+00
2.704239258289861062e-03
2.704239258289861062e-03
2.704239258289861062e-03
2.704239258289861062e-03
2.704239258289861062e-03
2.704239258289861062e-03
2.704239258289861062e-03
2.704239258289861062e-03
4.768303783216997112e-03
1.224907761854383739e-03
1.224907761854383739e-03
1.224907761854383739e-03
1.224907761854383739e-03
1.224907761854383739e-03
1.224907761854383739e-03
1.224907761854383739e-03
1.224907761854383739e-03
1.224907761854383739e-03
1.224907761854383739e-03
0.000000000000000000e+00
0.000000000000000000e+00
0.000000000000000000e+00
0.000000000000000000e+00
0.000000000000000000e+00
0.000000000000000000e+00
4.690623944963470855e-03
3.321305101854102500e-03
3.321305101854102500e-03
1.399322936652538929e-02
1.399322936652538929e-02
1.399322936652538929e-02
1.399322936652538929e-02
1.399322936652538929e-02
1.399322936652538929e-02
1.399322936652538929e-02
1.399322936652538929e-02
1.399322936652538929e-02
1.399322936652538929e-02
1.114733115160995540e-02
2.844914203593514740e-02
2.844914203593514740e-02
2.844914203593514740e-02
2.844914203593514740e-02
2.844914203593514740e-02
2.844914203593514740e-02
2.844914203593514740e-02
2.844914203593514740e-02
1.547460945598637047e-02
4.473477678004311557e-03
4.473477678004311557e-03
4.473477678004311557e-03
4.473477678004311557e-03
0.000000000000000000e+00
0.000000000000000000e+00
0.000000000000000000e+00
0.000000000000000000e+00
0.000000000000000000e+00
0.000000000000000000e+00
0.000000000000000000e+00
0.000000000000000000e+00
0.000000000000000000e+00
0.000000000000000000e+00
0.000000000000000000e+00
5.641935044756862978e-03
5.340913775212255367e-04
5.340913775212255367e-04
1.522366058517432910e-02
2.906885208445242081e-03
2.906885208445242081e-03
2.906885208445242081e-03
2.906885208445242081e-03
0.000000000000000000e+00
0.000000000000000000e+00
2.492234734958102046e-03
1.202148876720737780e-02
1.202148876720737780e-02
1.202148876720737780e-02
1.202148876720737780e-02
1.202148876720737780e-02
1.202148876720737780e-02
0.000000000000000000e+00
0.000000000000000000e+00
0.000000000000000000e+00
0.000000000000000000e+00
0.000000000000000000e+00
1.247733697194554001e-02
1.515591916535762723e-02
1.515591916535762723e-02
1.515591916535762723e-02
1.515591916535762723e-02
1.851370001801697779e-02
1.851370001801697779e-02
1.851370001801697779e-02
1.851370001801697779e-02
1.851370001801697779e-02
1.851370001801697779e-02
5.381007965492303445e-03
7.670871013167899176e-03
7.670871013167899176e-03
1.463209232066101789e-02
8.745664128266395984e-03
8.745664128266395984e-03
1.263080951904544747e-03
0.000000000000000000e+00
0.000000000000000000e+00
1.242102565699496064e-03
2.977496312363739090e-03
2.977496312363739090e-03
2.977496312363739090e-03
2.977496312363739090e-03
2.977496312363739090e-03
2.977496312363739090e-03
2.977496312363739090e-03
2.977496312363739090e-03
2.977496312363739090e-03
2.977496312363739090e-03
2.977496312363739090e-03
2.977496312363739090e-03
2.977496312363739090e-03
2.977496312363739090e-03
1.568834644127418965e-02
4.451440003842437737e-03
4.451440003842437737e-03
4.451440003842437737e-03
4.451440003842437737e-03
4.451440003842437737e-03
4.451440003842437737e-03
4.451440003842437737e-03
4.451440003842437737e-03
4.451440003842437737e-03
4.451440003842437737e-03
2.842049533847814530e-02
1.435860905035419612e-02
1.435860905035419612e-02
1.131903983960263170e-02
5.976788488669963241e-03
5.976788488669963241e-03
5.976788488669963241e-03
5.976788488669963241e-03
5.976788488669963241e-03
5.976788488669963241e-03
5.976788488669963241e-03
5.976788488669963241e-03
5.976788488669963241e-03
5.976788488669963241e-03
5.976788488669963241e-03
5.976788488669963241e-03
5.976788488669963241e-03
5.976788488669963241e-03
5.976788488669963241e-03
5.976788488669963241e-03
5.976788488669963241e-03
5.976788488669963241e-03
5.976788488669963241e-03
5.976788488669963241e-03
5.976788488669963241e-03
5.976788488669963241e-03
4.507770961683670724e-02
4.769677879374895069e-02
4.769677879374895069e-02
1.851210272744695587e-02
1.182380632489114271e-02
1.182380632489114271e-02
1.182380632489114271e-02
7.074474309669425386e-03
1.564336592621015567e-03
1.564336592621015567e-03
1.564336592621015567e-03
1.564336592621015567e-03
1.174880126704312163e-04
1.072348200294166894e-02
1.072348200294166894e-02
1.072348200294166894e-02
1.072348200294166894e-02
1.072348200294166894e-02
1.072348200294166894e-02
1.072348200294166894e-02
1.072348200294166894e-02
1.072348200294166894e-02
1.072348200294166894e-02
1.259972219856119249e-02
1.477990028648476506e-02
1.477990028648476506e-02
0.000000000000000000e+00
2.536922447271954678e-02
2.536922447271954678e-02
2.536922447271954678e-02
2.536922447271954678e-02
2.536922447271954678e-02
2.536922447271954678e-02
4.170687586578579291e-03
7.928545203585112694e-03
7.928545203585112694e-03
7.928545203585112694e-03
7.928545203585112694e-03
7.928545203585112694e-03
7.928545203585112694e-03
7.928545203585112694e-03
7.928545203585112694e-03
7.928545203585112694e-03
7.928545203585112694e-03
1.764562896758804442e-02
8.864126573230443965e-03
8.864126573230443965e-03
8.864126573230443965e-03
8.864126573230443965e-03
1.679355273629878562e-02
1.975500052898827505e-02
1.975500052898827505e-02
1.975500052898827505e-02
1.975500052898827505e-02
3.251194612098155107e-02
4.385123799596764987e-02
4.385123799596764987e-02
4.385123799596764987e-02
4.385123799596764987e-02
4.385123799596764987e-02
4.385123799596764987e-02
4.385123799596764987e-02
4.385123799596764987e-02
1.931473334189325475e-03
0.000000000000000000e+00
0.000000000000000000e+00
3.041289215398765636e-03
2.080900024223285814e-03
2.080900024223285814e-03
2.080900024223285814e-03
2.080900024223285814e-03
2.080900024223285814e-03
2.080900024223285814e-03
2.080900024223285814e-03
2.080900024223285814e-03
2.080900024223285814e-03
2.080900024223285814e-03
2.080900024223285814e-03
2.080900024223285814e-03
2.080900024223285814e-03
2.080900024223285814e-03
2.080900024223285814e-03
2.080900024223285814e-03
1.489643467971623995e-02
1.489643467971623995e-02
1.489643467971623995e-02
1.489643467971623995e-02
1.489643467971623995e-02
1.489643467971623995e-02
1.489643467971623995e-02
1.489643467971623995e-02
1.489643467971623995e-02
1.489643467971623995e-02
1.489643467971623995e-02
2.043463268552009673e-02
2.757399216221978911e-03
2.757399216221978911e-03
3.813999971077567091e-03
3.178291954070684711e-02
3.178291954070684711e-02
3.178291954070684711e-02
3.178291954070684711e-02
2.059429352234255425e-02
2.059429352234255425e-02
2.059429352234255425e-02
2.059429352234255425e-02
2.059429352234255425e-02
2.059429352234255425e-02
2.059429352234255425e-02
2.059429352234255425e-02
2.059429352234255425e-02
2.059429352234255425e-02
2.059429352234255425e-02
2.059429352234255425e-02
2.059429352234255425e-02
2.729751273696135599e-02
1.814089264666653850e-02
1.814089264666653850e-02
1.814089264666653850e-02
1.814089264666653850e-02
1.814089264666653850e-02
1.814089264666653850e-02
3.318983169545311994e-03
3.318983169545311994e-03
5.797741400545084432e-03
5.797741400545084432e-03
0.000000000000000000e+00
7.361207056964092117e-03
7.361207056964092117e-03
7.361207056964092117e-03
7.361207056964092117e-03
7.361207056964092117e-03
7.361207056964092117e-03
7.361207056964092117e-03
7.361207056964092117e-03
7.361207056964092117e-03
7.361207056964092117e-03
7.361207056964092117e-03
7.361207056964092117e-03
7.361207056964092117e-03
7.361207056964092117e-03
9.003022128935982832e-03
9.474236432314951661e-03
9.474236432314951661e-03
9.474236432314951661e-03
9.474236432314951661e-03
9.474236432314951661e-03
3.090517804906059082e-02
3.298692917677367720e-02
3.298692917677367720e-02
3.298692917677367720e-02
5.641935044756862978e-03
5.641935044756862978e-03
5.641935044756862978e-03
1.177566190772055127e-02
6.891578423703981389e-03
6.891578423703981389e-03
1.889175163713928754e-02
1.806151880750416980e-02
1.806151880750416980e-02
1.806151880750416980e-02
1.806151880750416980e-02
9.628895223522433364e-03
9.628895223522433364e-03
9.628895223522433364e-03
9.628895223522433364e-03
9.628895223522433364e-03
9.628895223522433364e-03
1.575972528381673621e-02
1.575972528381673621e-02
1.575972528381673621e-02
1.575972528381673621e-02
1.575972528381673621e-02
1.575972528381673621e-02
1.575972528381673621e-02
1.575972528381673621e-02
1.575972528381673621e-02
1.575972528381673621e-02
1.575972528381673621e-02
7.805352622616321123e-03
1.959924964347193113e-02
1.225253269865052286e-02
2.028735651751000998e-02
2.028735651751000998e-02
1.274829287807568936e-05
1.274829287807568936e-05
1.274829287807568936e-05
1.274829287807568936e-05
1.274829287807568936e-05
1.274829287807568936e-05
1.274829287807568936e-05
1.274829287807568936e-05
1.274829287807568936e-05
1.274829287807568936e-05
1.274829287807568936e-05
1.274829287807568936e-05
1.274829287807568936e-05
1.398847518151733783e-02
2.531398255660953500e-02
2.531398255660953500e-02
2.531398255660953500e-02
6.279437264931522593e-03
6.279437264931522593e-03
6.279437264931522593e-03
6.279437264931522593e-03
6.279437264931522593e-03
6.279437264931522593e-03
6.279437264931522593e-03
6.279437264931522593e-03
6.279437264931522593e-03
6.279437264931522593e-03
2.686309342558993590e-02
2.610871293699789514e-02
2.610871293699789514e-02
2.610871293699789514e-02
2.610871293699789514e-02
2.610871293699789514e-02
2.610871293699789514e-02
3.653525638409678422e-02
1.000012755065147682e-02
1.000012755065147682e-02
1.000012755065147682e-02
1.000012755065147682e-02
1.000012755065147682e-02
1.000012755065147682e-02
1.000012755065147682e-02
1.000012755065147682e-02
1.000012755065147682e-02
1.000012755065147682e-02
1.923835650424952914e-02
1.717013522088236405e-02
1.717013522088236405e-02
1.717013522088236405e-02
1.717013522088236405e-02
1.717013522088236405e-02
1.717013522088236405e-02
1.717013522088236405e-02
1.717013522088236405e-02
1.717013522088236405e-02
1.717013522088236405e-02
1.679355273629878562e-02
1.140268356562269998e-02
1.140268356562269998e-02
1.140268356562269998e-02
1.140268356562269998e-02
1.140268356562269998e-02
1.140268356562269998e-02
2.514520415446171858e-02
2.514520415446171858e-02
2.514520415446171858e-02
2.514520415446171858e-02
2.514520415446171858e-02
2.514520415446171858e-02
2.514520415446171858e-02
2.514520415446171858e-02
2.514520415446171858e-02
2.514520415446171858e-02
2.514520415446171858e-02
0.000000000000000000e+00
0.000000000000000000e+00
0.000000000000000000e+00
1.786925638132419100e-02
1.786925638132419100e-02
1.786925638132419100e-02
1.786925638132419100e-02
1.786925638132419100e-02
1.786925638132419100e-02
1.786925638132419100e-02
1.786925638132419100e-02
9.556918877629660969e-03
9.556918877629660969e-03
7.492478356308146514e-03
7.492478356308146514e-03
0.000000000000000000e+00
0.000000000000000000e+00
0.000000000000000000e+00
6.868319892911620844e-03
1.820885143727478872e-03
1.820885143727478872e-03
1.820885143727478872e-03
1.820885143727478872e-03
1.820885143727478872e-03
1.820885143727478872e-03
1.820885143727478872e-03
1.820885143727478872e-03
1.820885143727478872e-03
1.820885143727478872e-03
8.915126319494566867e-03
1.987780966913347408e-02
1.987780966913347408e-02
1.987780966913347408e-02
1.987780966913347408e-02
1.987780966913347408e-02
1.987780966913347408e-02
1.987780966913347408e-02
1.987780966913347408e-02
0.000000000000000000e+00
1.654554227897543292e-02
1.033996960133985905e-02
0.000000000000000000e+00
0.000000000000000000e+00
8.252077128474406484e-03
8.252077128474406484e-03
8.252077128474406484e-03
8.252077128474406484e-03
1.986758203582597321e-03
1.986758203582597321e-03
1.986758203582597321e-03
1.986758203582597321e-03
1.986758203582597321e-03
1.986758203582597321e-03
1.986758203582597321e-03
1.986758203582597321e-03
1.986758203582597321e-03
1.986758203582597321e-03
1.986758203582597321e-03
1.974174966337237033e-02
1.243222857802677578e-02
1.243222857802677578e-02
7.666460625058920146e-04
1.269067111358645680e-02
1.269067111358645680e-02
1.269067111358645680e-02
1.269067111358645680e-02
1.912845805620617609e-02
1.912845805620617609e-02
1.912845805620617609e-02
1.912845805620617609e-02
1.912845805620617609e-02
1.912845805620617609e-02
1.912845805620617609e-02
1.912845805620617609e-02
1.912845805620617609e-02
1.912845805620617609e-02
0.000000000000000000e+00
2.772825559944041077e-02
5.875640495923485987e-03
5.879862910082381440e-03
5.879862910082381440e-03
5.879862910082381440e-03
5.879862910082381440e-03
5.879862910082381440e-03
9.565606248390572802e-03
6.662919519427360285e-03
6.662919519427360285e-03
6.662919519427360285e-03
6.662919519427360285e-03
9.257744681253692390e-03
9.257744681253692390e-03
1.367926005279797297e-02
5.616079424521996932e-03
5.616079424521996932e-03
5.616079424521996932e-03
5.616079424521996932e-03
5.616079424521996932e-03
5.616079424521996932e-03
5.616079424521996932e-03
5.616079424521996932e-03
5.616079424521996932e-03
1.029330289603655815e-02
5.000380706415131354e-02
5.000380706415131354e-02
5.000380706415131354e-02
5.000380706415131354e-02
5.000380706415131354e-02
5.000380706415131354e-02
5.000380706415131354e-02
5.000380706415131354e-02
5.000380706415131354e-02
5.000380706415131354e-02
3.499360721118192474e-03
3.583833193602222605e-03
3.583833193602222605e-03
0.000000000000000000e+00
0.000000000000000000e+00
0.000000000000000000e+00
0.000000000000000000e+00
0.000000000000000000e+00
4.675099331227688775e-03
4.675099331227688775e-03
4.675099331227688775e-03
4.675099331227688775e-03
4.675099331227688775e-03
4.675099331227688775e-03
4.675099331227688775e-03
4.675099331227688775e-03
4.675099331227688775e-03
4.675099331227688775e-03
4.675099331227688775e-03
1.461650901153846958e-02
1.461650901153846958e-02
1.461650901153846958e-02
1.461650901153846958e-02
1.461650901153846958e-02
1.461650901153846958e-02
1.461650901153846958e-02
1.461650901153846958e-02
1.461650901153846958e-02
1.461650901153846958e-02
1.461650901153846958e-02
1.461650901153846958e-02
1.461650901153846958e-02
1.461650901153846958e-02
1.461650901153846958e-02
2.138618411130086688e-02
2.138618411130086688e-02
0.000000000000000000e+00
0.000000000000000000e+00
1.606313365556233733e-02
1.074647856246254037e-02
1.074647856246254037e-02
5.080769942026267492e-03
1.316754811202783086e-02
1.316754811202783086e-02
1.028330503450967937e-02
2.545755499267289557e-02
1.385649015255006195e-02
1.385649015255006195e-02
1.398847518151733783e-02
1.398847518151733783e-02
1.398847518151733783e-02
1.398847518151733783e-02
1.398847518151733783e-02
1.398847518151733783e-02
1.398847518151733783e-02
1.398847518151733783e-02
0.000000000000000000e+00
4.092337117108695715e-03
4.092337117108695715e-03
4.092337117108695715e-03
4.092337117108695715e-03
0.000000000000000000e+00
0.000000000000000000e+00
1.090566190311106562e-02
1.090566190311106562e-02
1.425832139193269953e-04
1.425832139193269953e-04
1.425832139193269953e-04
1.425832139193269953e-04
1.167322871903729575e-02
1.898602015411750971e-02
1.898602015411750971e-02
1.898602015411750971e-02
1.898602015411750971e-02
1.898602015411750971e-02
1.898602015411750971e-02
1.898602015411750971e-02
1.898602015411750971e-02
2.918122000070389258e-02
3.054800831248914716e-02
3.054800831248914716e-02
3.054800831248914716e-02
3.054800831248914716e-02
3.054800831248914716e-02
3.054800831248914716e-02
3.054800831248914716e-02
3.054800831248914716e-02
3.054800831248914716e-02
3.054800831248914716e-02
2.086499103075729541e-02
4.109750187332549334e-03
4.109750187332549334e-03
4.109750187332549334e-03
2.828051098712096052e-03
2.828051098712096052e-03
2.828051098712096052e-03
2.828051098712096052e-03
2.828051098712096052e-03
2.828051098712096052e-03
2.828051098712096052e-03
2.828051098712096052e-03
2.828051098712096052e-03
2.828051098712096052e-03
2.828051098712096052e-03
2.175140815704537656e-03
2.783234869002930781e-02
2.783234869002930781e-02
2.783234869002930781e-02
2.783234869002930781e-02
2.783234869002930781e-02
2.783234869002930781e-02
1.247733697194554001e-02
1.247733697194554001e-02
3.670736410880606759e-02
2.421508570217752870e-02
2.421508570217752870e-02
2.421508570217752870e-02
2.421508570217752870e-02
2.421508570217752870e-02
2.421508570217752870e-02
2.421508570217752870e-02
2.421508570217752870e-02
2.421508570217752870e-02
2.421508570217752870e-02
2.421508570217752870e-02
2.421508570217752870e-02
2.421508570217752870e-02
2.421508570217752870e-02
2.421508570217752870e-02
2.421508570217752870e-02
2.427363387590398061e-02
1.476352719430421533e-02
1.476352719430421533e-02
1.476352719430421533e-02
1.832540190203488240e-02
1.876370784428729038e-02
1.876370784428729038e-02
1.244036540470276619e-03
1.244036540470276619e-03
1.244036540470276619e-03
1.244036540470276619e-03
1.244036540470276619e-03
1.244036540470276619e-03
1.244036540470276619e-03
1.244036540470276619e-03
1.244036540470276619e-03
1.244036540470276619e-03
1.244036540470276619e-03
0.000000000000000000e+00
0.000000000000000000e+00
0.000000000000000000e+00
0.000000000000000000e+00
0.000000000000000000e+00
0.000000000000000000e+00
0.000000000000000000e+00
0.000000000000000000e+00
0.000000000000000000e+00
0.000000000000000000e+00
0.000000000000000000e+00
0.000000000000000000e+00
0.000000000000000000e+00
0.000000000000000000e+00
9.637255347694344623e-03
1.222234491895635503e-02
1.222234491895635503e-02
2.103496683564021544e-02
0.000000000000000000e+00
0.000000000000000000e+00
7.456783959820300310e-03
2.840027314302745812e-02
2.840027314302745812e-02
2.840027314302745812e-02
2.840027314302745812e-02
2.840027314302745812e-02
2.840027314302745812e-02
1.174880126704312163e-04
1.174880126704312163e-04
1.174880126704312163e-04
1.174880126704312163e-04
1.174880126704312163e-04
1.174880126704312163e-04
1.174880126704312163e-04
1.174880126704312163e-04
1.174880126704312163e-04
1.174880126704312163e-04
0.000000000000000000e+00
0.000000000000000000e+00
0.000000000000000000e+00
0.000000000000000000e+00
7.299343808108471436e-03
9.998320252105433528e-03
9.998320252105433528e-03
9.998320252105433528e-03
9.998320252105433528e-03
9.998320252105433528e-03
9.998320252105433528e-03
9.998320252105433528e-03
9.998320252105433528e-03
2.726207233371129302e-03
0.000000000000000000e+00
0.000000000000000000e+00
0.000000000000000000e+00
0.000000000000000000e+00
1.193667175850308265e-02
0.000000000000000000e+00
0.000000000000000000e+00
0.000000000000000000e+00
0.000000000000000000e+00
0.000000000000000000e+00
0.000000000000000000e+00
0.000000000000000000e+00
0.000000000000000000e+00
0.000000000000000000e+00
0.000000000000000000e+00
0.000000000000000000e+00
2.163455433099766359e-02
3.042268475670050973e-02
3.042268475670050973e-02
3.042268475670050973e-02
3.042268475670050973e-02
3.042268475670050973e-02
5.206716750362824081e-03
5.206716750362824081e-03
5.206716750362824081e-03
5.206716750362824081e-03
5.206716750362824081e-03
5.206716750362824081e-03
5.206716750362824081e-03
2.106070454966193009e-02
1.063131335816497672e-02
1.063131335816497672e-02
2.101647237040188756e-02
1.341891473091402429e-02
1.341891473091402429e-02
1.341891473091402429e-02
1.341891473091402429e-02
1.207151478106120897e-02
2.222432842605846781e-02
2.222432842605846781e-02
2.222432842605846781e-02
2.222432842605846781e-02
2.222432842605846781e-02
2.222432842605846781e-02
2.222432842605846781e-02
2.222432842605846781e-02
0.000000000000000000e+00
0.000000000000000000e+00
3.499360721118192474e-03
4.085594384366033477e-03
4.085594384366033477e-03
4.085594384366033477e-03
4.085594384366033477e-03
8.441371143228196261e-03
8.441371143228196261e-03
2.417618629012031548e-02
1.086606211977481432e-02
1.086606211977481432e-02
1.086606211977481432e-02
1.086606211977481432e-02
1.086606211977481432e-02
1.086606211977481432e-02
1.086606211977481432e-02
1.086606211977481432e-02
6.026101697345391354e-03
2.145503011644686944e-03
2.145503011644686944e-03
2.145503011644686944e-03
2.145503011644686944e-03
2.145503011644686944e-03
2.145503011644686944e-03
2.145503011644686944e-03
2.145503011644686944e-03
2.145503011644686944e-03
2.145503011644686944e-03
0.000000000000000000e+00
0.000000000000000000e+00
0.000000000000000000e+00
0.000000000000000000e+00
0.000000000000000000e+00
1.606313365556233733e-02
1.871894737284451188e-03
1.871894737284451188e-03
1.871894737284451188e-03
1.871894737284451188e-03
1.871894737284451188e-03
1.871894737284451188e-03
1.871894737284451188e-03
1.871894737284451188e-03
3.731684727264947959e-02
3.731684727264947959e-02
3.731684727264947959e-02
3.731684727264947959e-02
3.731684727264947959e-02
3.731684727264947959e-02
3.731684727264947959e-02
3.731684727264947959e-02
3.731684727264947959e-02
3.731684727264947959e-02
3.731684727264947959e-02
3.731684727264947959e-02
3.731684727264947959e-02
3.731684727264947959e-02
3.731684727264947959e-02
3.731684727264947959e-02
3.731684727264947959e-02
2.287384786311212961e-02
7.530145388325910731e-03
7.530145388325910731e-03
7.530145388325910731e-03
7.530145388325910731e-03
7.530145388325910731e-03
7.530145388325910731e-03
4.593020809426047631e-03
5.648300604222644336e-03
5.648300604222644336e-03
5.648300604222644336e-03
5.648300604222644336e-03
5.648300604222644336e-03
5.648300604222644336e-03
5.648300604222644336e-03
5.648300604222644336e-03
3.657525132119639893e-03
8.065154991859883882e-03
8.065154991859883882e-03
3.021367610500748542e-03
6.358186802360228651e-03
6.358186802360228651e-03
7.618222996543974959e-03
8.185770022163967041e-03
8.185770022163967041e-03
8.185770022163967041e-03
2.364159522423055562e-03
1.552958213989398539e-02
1.552958213989398539e-02
1.552958213989398539e-02
1.552958213989398539e-02
0.000000000000000000e+00
9.239865739359431202e-03
8.412839108072008021e-03
3.947048017378571028e-02
3.947048017378571028e-02
9.956146565079055516e-03
9.956146565079055516e-03
9.956146565079055516e-03
9.956146565079055516e-03
9.956146565079055516e-03
9.956146565079055516e-03
9.956146565079055516e-03
9.956146565079055516e-03
6.579651743216344099e-03
5.784644064932212629e-03
5.784644064932212629e-03
5.784644064932212629e-03
5.784644064932212629e-03
5.784644064932212629e-03
5.784644064932212629e-03
5.784644064932212629e-03
5.784644064932212629e-03
5.784644064932212629e-03
5.784644064932212629e-03
4.056703793841839184e-02
4.056703793841839184e-02
2.327390458706389900e-02
2.902561149230448168e-02
1.876870752290909702e-02
1.876870752290909702e-02
1.876870752290909702e-02
1.876870752290909702e-02
1.876870752290909702e-02
1.876870752290909702e-02
1.876870752290909702e-02
1.876870752290909702e-02
1.876870752290909702e-02
1.876870752290909702e-02
1.876870752290909702e-02
1.876870752290909702e-02
0.000000000000000000e+00
1.376506177145233982e-02
1.376506177145233982e-02
1.549985974868814398e-02
1.549985974868814398e-02
1.549985974868814398e-02
1.549985974868814398e-02
1.549985974868814398e-02
1.549985974868814398e-02
1.549985974868814398e-02
1.549985974868814398e-02
1.679355273629878562e-02
8.724608773791338312e-03
1.533486476006007751e-02
1.533486476006007751e-02
1.533486476006007751e-02
1.533486476006007751e-02
1.533486476006007751e-02
1.533486476006007751e-02
1.533486476006007751e-02
1.533486476006007751e-02
1.533486476006007751e-02
1.533486476006007751e-02
1.533486476006007751e-02
1.533486476006007751e-02
1.533486476006007751e-02
1.533486476006007751e-02
9.286254434126688453e-03
2.350953272644106321e-02
2.350953272644106321e-02
2.350953272644106321e-02
2.350953272644106321e-02
2.350953272644106321e-02
2.350953272644106321e-02
2.350953272644106321e-02
2.350953272644106321e-02
2.120702378076424685e-03
1.555347516089485710e-02
1.555347516089485710e-02
1.085393720870865032e-02
1.085393720870865032e-02
1.085393720870865032e-02
1.085393720870865032e-02
2.726207233371129302e-03
2.726207233371129302e-03
2.726207233371129302e-03
2.726207233371129302e-03
2.726207233371129302e-03
2.726207233371129302e-03
2.726207233371129302e-03
2.726207233371129302e-03
2.726207233371129302e-03
2.726207233371129302e-03
2.726207233371129302e-03
2.726207233371129302e-03
2.726207233371129302e-03
2.726207233371129302e-03
6.809081471805698491e-03
1.211389449024907923e-02
1.211389449024907923e-02
1.905309630574934798e-02
2.192798560078207393e-02
2.192798560078207393e-02
2.192798560078207393e-02
2.192798560078207393e-02
2.192798560078207393e-02
2.192798560078207393e-02
2.192798560078207393e-02
2.192798560078207393e-02
2.192798560078207393e-02
2.192798560078207393e-02
1.659776667796037872e-02
1.922132158981406866e-02
1.922132158981406866e-02
1.922132158981406866e-02
1.922132158981406866e-02
1.922132158981406866e-02
1.922132158981406866e-02
1.922132158981406866e-02
1.922132158981406866e-02
5.557660402701705693e-02
5.557660402701705693e-02
5.557660402701705693e-02
5.557660402701705693e-02
5.557660402701705693e-02
5.557660402701705693e-02
5.557660402701705693e-02
5.557660402701705693e-02
5.557660402701705693e-02
5.557660402701705693e-02
5.557660402701705693e-02
5.557660402701705693e-02
5.557660402701705693e-02
5.557660402701705693e-02
5.557660402701705693e-02
5.557660402701705693e-02
5.557660402701705693e-02
5.557660402701705693e-02
5.557660402701705693e-02
5.557660402701705693e-02
5.557660402701705693e-02
1.282515577647480066e-02
7.759743226218545134e-03
7.759743226218545134e-03
5.145075457476253750e-03
5.199955150408668188e-03
5.199955150408668188e-03
1.287193598529602244e-03
2.636097364999833229e-02
2.636097364999833229e-02
2.636097364999833229e-02
2.636097364999833229e-02
2.636097364999833229e-02
2.636097364999833229e-02
6.665897977318312705e-03
9.047559899703482011e-03
9.047559899703482011e-03
9.047559899703482011e-03
9.047559899703482011e-03
9.047559899703482011e-03
9.047559899703482011e-03
9.047559899703482011e-03
9.047559899703482011e-03
9.047559899703482011e-03
9.047559899703482011e-03
9.047559899703482011e-03
9.047559899703482011e-03
9.047559899703482011e-03
9.047559899703482011e-03
2.547502306444232936e-02
2.547502306444232936e-02
2.547502306444232936e-02
2.547502306444232936e-02
2.547502306444232936e-02
2.547502306444232936e-02
2.547502306444232936e-02
2.547502306444232936e-02
2.547502306444232936e-02
2.547502306444232936e-02
2.547502306444232936e-02
2.547502306444232936e-02
2.547502306444232936e-02
2.547502306444232936e-02
2.547502306444232936e-02
2.547502306444232936e-02
8.930070897789743611e-03
8.930070897789743611e-03
8.930070897789743611e-03
8.930070897789743611e-03
8.930070897789743611e-03
8.930070897789743611e-03
8.930070897789743611e-03
8.930070897789743611e-03
8.930070897789743611e-03
8.930070897789743611e-03
1.321999431465536654e-02
0.000000000000000000e+00
1.006554161501626958e-02
1.006554161501626958e-02
1.006554161501626958e-02
1.006554161501626958e-02
1.006554161501626958e-02
1.006554161501626958e-02
1.006554161501626958e-02
1.006554161501626958e-02
1.006554161501626958e-02
1.006554161501626958e-02
1.006554161501626958e-02
1.006554161501626958e-02
1.006554161501626958e-02
1.006554161501626958e-02
1.006554161501626958e-02
1.006554161501626958e-02
1.006554161501626958e-02
1.006554161501626958e-02
1.006554161501626958e-02
1.006554161501626958e-02
1.006554161501626958e-02
1.006554161501626958e-02
1.368584110864289397e-02
1.368584110864289397e-02
1.368584110864289397e-02
1.368584110864289397e-02
1.368584110864289397e-02
1.368584110864289397e-02
1.368584110864289397e-02
1.368584110864289397e-02
1.368584110864289397e-02
1.368584110864289397e-02
1.368584110864289397e-02
0.000000000000000000e+00
1.223267401522981981e-02
1.223267401522981981e-02
1.223267401522981981e-02
1.223267401522981981e-02
1.223267401522981981e-02
6.134355895411000570e-02
1.263093000641437452e-02
1.263093000641437452e-02
1.263093000641437452e-02
1.263093000641437452e-02
1.263093000641437452e-02
1.263093000641437452e-02
1.263093000641437452e-02
1.263093000641437452e-02
1.263093000641437452e-02
1.263093000641437452e-02
1.263093000641437452e-02
1.263093000641437452e-02
1.263093000641437452e-02
1.263093000641437452e-02
9.946302553191253837e-03
9.946302553191253837e-03
9.946302553191253837e-03
9.946302553191253837e-03
9.946302553191253837e-03
9.946302553191253837e-03
9.946302553191253837e-03
9.946302553191253837e-03
2.686309342558993590e-02
2.686309342558993590e-02
2.686309342558993590e-02
2.686309342558993590e-02
2.686309342558993590e-02
2.686309342558993590e-02
2.686309342558993590e-02
2.686309342558993590e-02
1.568834644127418965e-02
1.568834644127418965e-02
2.364159522423055562e-03
2.364159522423055562e-03
2.364159522423055562e-03
9.159745356768249011e-03
9.159745356768249011e-03
9.159745356768249011e-03
9.159745356768249011e-03
9.159745356768249011e-03
9.159745356768249011e-03
9.159745356768249011e-03
9.159745356768249011e-03
9.159745356768249011e-03
9.159745356768249011e-03
9.159745356768249011e-03
9.159745356768249011e-03
9.159745356768249011e-03
7.330044419461351907e-03
7.330044419461351907e-03
7.330044419461351907e-03
7.330044419461351907e-03
7.330044419461351907e-03
7.330044419461351907e-03
7.330044419461351907e-03
7.330044419461351907e-03
7.330044419461351907e-03
7.330044419461351907e-03
7.330044419461351907e-03
7.330044419461351907e-03
7.330044419461351907e-03
0.000000000000000000e+00
1.850166870275800346e-02
1.850166870275800346e-02
0.000000000000000000e+00
1.850166870275800346e-02
0.000000000000000000e+00
1.850166870275800346e-02
1.850166870275800346e-02
1.850166870275800346e-02
4.493501760642623112e-03
1.148015259960466147e-02
1.148015259960466147e-02
0.000000000000000000e+00
0.000000000000000000e+00
0.000000000000000000e+00
0.000000000000000000e+00
0.000000000000000000e+00
0.000000000000000000e+00
0.000000000000000000e+00
1.387233549769134600e-02
1.543726230107656926e-03
1.543726230107656926e-03
1.543726230107656926e-03
1.543726230107656926e-03
9.286254434126688453e-03
1.764562896758804442e-02
1.764562896758804442e-02
1.764562896758804442e-02
1.764562896758804442e-02
1.764562896758804442e-02
1.764562896758804442e-02
9.104557142096758940e-03
9.104557142096758940e-03
9.104557142096758940e-03
9.104557142096758940e-03
9.104557142096758940e-03
9.104557142096758940e-03
9.104557142096758940e-03
9.104557142096758940e-03
9.104557142096758940e-03
9.104557142096758940e-03
9.104557142096758940e-03
5.269594575184088567e-03
1.524700403566008576e-02
1.524700403566008576e-02
1.524700403566008576e-02
1.524700403566008576e-02
1.524700403566008576e-02
1.524700403566008576e-02
1.524700403566008576e-02
1.524700403566008576e-02
1.524700403566008576e-02
1.524700403566008576e-02
0.000000000000000000e+00
0.000000000000000000e+00
0.000000000000000000e+00
0.000000000000000000e+00
0.000000000000000000e+00
0.000000000000000000e+00
0.000000000000000000e+00
0.000000000000000000e+00
0.000000000000000000e+00
1.105569523268584708e-02
4.079229873128722289e-03
4.079229873128722289e-03
4.079229873128722289e-03
4.079229873128722289e-03
4.079229873128722289e-03
4.079229873128722289e-03
1.905426469868556384e-03
4.284298709727246343e-03
0.000000000000000000e+00
0.000000000000000000e+00
1.053874561685304821e-03
4.398484159287527643e-04
4.398484159287527643e-04
4.398484159287527643e-04
4.398484159287527643e-04
4.398484159287527643e-04
4.398484159287527643e-04
4.398484159287527643e-04
4.398484159287527643e-04
2.217978595004636844e-02
2.217978595004636844e-02
2.217978595004636844e-02
2.217978595004636844e-02
2.217978595004636844e-02
2.217978595004636844e-02
2.217978595004636844e-02
2.217978595004636844e-02
2.217978595004636844e-02
2.217978595004636844e-02
2.217978595004636844e-02
2.217978595004636844e-02
2.217978595004636844e-02
2.217978595004636844e-02
2.217978595004636844e-02
2.217978595004636844e-02
1.175814948130069967e-02
4.504370243663684444e-03
4.504370243663684444e-03
4.504370243663684444e-03
4.504370243663684444e-03
1.530169707940970750e-02
0.000000000000000000e+00
0.000000000000000000e+00
0.000000000000000000e+00
0.000000000000000000e+00
1.591723319549318352e-02
1.914810155861984900e-02
1.298490975970382870e-02
1.298490975970382870e-02
1.298490975970382870e-02
1.914810155861984900e-02
2.002228183357333824e-02
1.914810155861984900e-02
1.451936385346344963e-02
0.000000000000000000e+00
0.000000000000000000e+00
4.477463279000754026e-03
3.811787445419731338e-04
3.811787445419731338e-04
3.811787445419731338e-04
3.811787445419731338e-04
3.811787445419731338e-04
3.811787445419731338e-04
3.811787445419731338e-04
3.811787445419731338e-04
3.811787445419731338e-04
3.811787445419731338e-04
3.811787445419731338e-04
3.811787445419731338e-04
0.000000000000000000e+00
1.977569166108405878e-03
1.977569166108405878e-03
1.977569166108405878e-03
1.977569166108405878e-03
1.977569166108405878e-03
7.757916668114404413e-04
1.438010686390138980e-02
1.438010686390138980e-02
9.466723120463061856e-04
1.953133781540839636e-02
1.953133781540839636e-02
1.953133781540839636e-02
1.953133781540839636e-02
1.953133781540839636e-02
1.953133781540839636e-02
1.953133781540839636e-02
1.953133781540839636e-02
1.953133781540839636e-02
1.953133781540839636e-02
2.743248326687448488e-02
0.000000000000000000e+00
0.000000000000000000e+00
1.277566257605828280e-02
2.716079800817345637e-04
2.716079800817345637e-04
2.716079800817345637e-04
2.716079800817345637e-04
2.716079800817345637e-04
2.716079800817345637e-04
2.716079800817345637e-04
2.716079800817345637e-04
0.000000000000000000e+00
0.000000000000000000e+00
0.000000000000000000e+00
0.000000000000000000e+00
3.239269804556960900e-03
0.000000000000000000e+00
3.239269804556960900e-03
3.239269804556960900e-03
3.239269804556960900e-03
3.239269804556960900e-03
3.239269804556960900e-03
4.690623944963470855e-03
4.690623944963470855e-03
4.690623944963470855e-03
4.690623944963470855e-03
4.690623944963470855e-03
4.690623944963470855e-03
4.690623944963470855e-03
4.690623944963470855e-03
4.690623944963470855e-03
4.690623944963470855e-03
1.105426612958494183e-02
1.105426612958494183e-02
1.105426612958494183e-02
1.105426612958494183e-02
1.105426612958494183e-02
1.105426612958494183e-02
2.008664113038948276e-03
2.008664113038948276e-03
2.008664113038948276e-03
2.008664113038948276e-03
2.008664113038948276e-03
0.000000000000000000e+00
0.000000000000000000e+00
0.000000000000000000e+00
0.000000000000000000e+00
0.000000000000000000e+00
1.463209232066101789e-02
9.555189256176007881e-03
9.555189256176007881e-03
4.075044199339741650e-03
4.075044199339741650e-03
4.075044199339741650e-03
4.075044199339741650e-03
4.075044199339741650e-03
4.075044199339741650e-03
4.075044199339741650e-03
4.075044199339741650e-03
4.075044199339741650e-03
4.075044199339741650e-03
4.075044199339741650e-03
4.075044199339741650e-03
4.075044199339741650e-03
2.989639645328952267e-02
4.329087757407272877e-03
4.329087757407272877e-03
4.329087757407272877e-03
3.477717258160035411e-03
1.172122345758601705e-02
1.172122345758601705e-02
1.172122345758601705e-02
1.172122345758601705e-02
3.942229746333810944e-03
3.942229746333810944e-03
3.942229746333810944e-03
1.758556088203228670e-03
1.758556088203228670e-03
1.758556088203228670e-03
1.758556088203228670e-03
1.758556088203228670e-03
1.758556088203228670e-03
1.258223281475346136e-02
1.258223281475346136e-02
1.258223281475346136e-02
1.258223281475346136e-02
1.258223281475346136e-02
1.258223281475346136e-02
1.258223281475346136e-02
1.258223281475346136e-02
1.258223281475346136e-02
1.258223281475346136e-02
1.258223281475346136e-02
1.258223281475346136e-02
1.258223281475346136e-02
1.337650771290674681e-03
1.258223281475346136e-02
6.476792442701897155e-03
6.476792442701897155e-03
6.476792442701897155e-03
6.476792442701897155e-03
6.476792442701897155e-03
6.476792442701897155e-03
6.476792442701897155e-03
6.476792442701897155e-03
6.476792442701897155e-03
6.476792442701897155e-03
6.476792442701897155e-03
6.476792442701897155e-03
6.476792442701897155e-03
6.476792442701897155e-03
6.476792442701897155e-03
6.476792442701897155e-03
6.476792442701897155e-03
6.476792442701897155e-03
6.476792442701897155e-03
6.476792442701897155e-03
6.476792442701897155e-03
6.476792442701897155e-03
6.476792442701897155e-03
6.476792442701897155e-03
6.476792442701897155e-03
8.004330131978074775e-03
0.000000000000000000e+00
0.000000000000000000e+00
0.000000000000000000e+00
0.000000000000000000e+00
8.053029039418742319e-03
8.053029039418742319e-03
8.053029039418742319e-03
8.053029039418742319e-03
8.053029039418742319e-03
8.053029039418742319e-03
8.053029039418742319e-03
8.053029039418742319e-03
5.930636750032090843e-02
5.930636750032090843e-02
5.930636750032090843e-02
5.930636750032090843e-02
5.084759102482407436e-03
5.084759102482407436e-03
3.363687050902797182e-02
4.806905413211395861e-02
4.806905413211395861e-02
4.806905413211395861e-02
4.806905413211395861e-02
4.806905413211395861e-02
4.806905413211395861e-02
4.806905413211395861e-02
4.806905413211395861e-02
4.806905413211395861e-02
4.806905413211395861e-02
4.806905413211395861e-02
4.806905413211395861e-02
4.806905413211395861e-02
4.806905413211395861e-02
4.806905413211395861e-02
4.806905413211395861e-02
9.080642835727728221e-03
1.273848239964597839e-02
1.273848239964597839e-02
7.666460625058920146e-04
1.334493353999690463e-02
1.334493353999690463e-02
1.334493353999690463e-02
1.334493353999690463e-02
0.000000000000000000e+00
1.629929704407715937e-02
1.629929704407715937e-02
0.000000000000000000e+00
2.382812472760705014e-02
2.382812472760705014e-02
2.382812472760705014e-02
2.382812472760705014e-02
2.382812472760705014e-02
2.382812472760705014e-02
2.382812472760705014e-02
2.382812472760705014e-02
2.382812472760705014e-02
2.382812472760705014e-02
2.382812472760705014e-02
2.382812472760705014e-02
2.382812472760705014e-02
2.382812472760705014e-02
1.577339832431011793e-02
3.168524849895939903e-03
3.168524849895939903e-03
3.168524849895939903e-03
3.168524849895939903e-03
3.168524849895939903e-03
3.168524849895939903e-03
3.168524849895939903e-03
3.168524849895939903e-03
2.565780752384213409e-02
2.565780752384213409e-02
2.565780752384213409e-02
2.565780752384213409e-02
2.565780752384213409e-02
2.565780752384213409e-02
2.565780752384213409e-02
2.565780752384213409e-02
2.565780752384213409e-02
2.565780752384213409e-02
2.565780752384213409e-02
0.000000000000000000e+00
0.000000000000000000e+00
0.000000000000000000e+00
0.000000000000000000e+00
0.000000000000000000e+00
0.000000000000000000e+00
6.901186879664605173e-03
9.996861805070889409e-03
1.451936385346344963e-02
1.451936385346344963e-02
1.451936385346344963e-02
0.000000000000000000e+00
0.000000000000000000e+00
0.000000000000000000e+00
0.000000000000000000e+00
0.000000000000000000e+00
0.000000000000000000e+00
0.000000000000000000e+00
0.000000000000000000e+00
0.000000000000000000e+00
0.000000000000000000e+00
0.000000000000000000e+00
0.000000000000000000e+00
1.505050607051700972e-03
1.289397754361942122e-03
1.289397754361942122e-03
1.289397754361942122e-03
1.289397754361942122e-03
1.289397754361942122e-03
1.289397754361942122e-03
2.043463268552009673e-02
5.737466546289208408e-03
5.737466546289208408e-03
5.737466546289208408e-03
5.737466546289208408e-03
5.737466546289208408e-03
5.737466546289208408e-03
5.737466546289208408e-03
5.737466546289208408e-03
1.279289923770618453e-02
1.279289923770618453e-02
1.279289923770618453e-02
1.279289923770618453e-02
1.279289923770618453e-02
1.279289923770618453e-02
1.279289923770618453e-02
1.279289923770618453e-02
1.279289923770618453e-02
1.279289923770618453e-02
1.279289923770618453e-02
1.279289923770618453e-02
7.022978890404987622e-03
1.917046646695841133e-03
1.917046646695841133e-03
1.178213536309541225e-02
1.101059658534123825e-02
1.101059658534123825e-02
0.000000000000000000e+00
2.596080786501123085e-03
2.596080786501123085e-03
2.596080786501123085e-03
2.596080786501123085e-03
2.596080786501123085e-03
2.596080786501123085e-03
2.596080786501123085e-03
2.596080786501123085e-03
2.596080786501123085e-03
2.596080786501123085e-03
1.850660833338773703e-03
1.536584640492935985e-02
1.536584640492935985e-02
1.536584640492935985e-02
1.536584640492935985e-02
1.536584640492935985e-02
1.536584640492935985e-02
2.233154901997073949e-02
0.000000000000000000e+00
0.000000000000000000e+00
0.000000000000000000e+00
0.000000000000000000e+00
0.000000000000000000e+00
0.000000000000000000e+00
2.736785221712123226e-02
8.915126319494566867e-03
8.915126319494566867e-03
8.915126319494566867e-03
1.550030020459546715e-02
3.106118950629355234e-04
3.106118950629355234e-04
3.106118950629355234e-04
3.106118950629355234e-04
2.842049533847814530e-02
2.596818811812563049e-02
2.596818811812563049e-02
2.596818811812563049e-02
2.596818811812563049e-02
2.596818811812563049e-02
2.596818811812563049e-02
2.596818811812563049e-02
2.596818811812563049e-02
0.000000000000000000e+00
0.000000000000000000e+00
0.000000000000000000e+00
0.000000000000000000e+00
1.219640357818679334e-02
6.134355895411000570e-02
1.825158736898295497e-02
1.825158736898295497e-02
1.825158736898295497e-02
1.825158736898295497e-02
1.825158736898295497e-02
1.825158736898295497e-02
1.825158736898295497e-02
1.825158736898295497e-02
1.825158736898295497e-02
1.825158736898295497e-02
1.825158736898295497e-02
2.791912018877290569e-02
2.791912018877290569e-02
8.663474863435447273e-03
8.663474863435447273e-03
1.343698950614241258e-02
0.000000000000000000e+00
0.000000000000000000e+00
0.000000000000000000e+00
0.000000000000000000e+00
1.483999527449150931e-02
6.525671035032391300e-04
6.525671035032391300e-04
6.525671035032391300e-04
6.525671035032391300e-04
6.525671035032391300e-04
6.525671035032391300e-04
0.000000000000000000e+00
0.000000000000000000e+00
6.898931621476638888e-03
6.132019657612967391e-03
6.132019657612967391e-03
6.132019657612967391e-03
6.132019657612967391e-03
6.132019657612967391e-03
6.132019657612967391e-03
4.167356610098946201e-02
8.838535299553289953e-03
8.838535299553289953e-03
8.838535299553289953e-03
1.833991234899276339e-03
1.246233820636479667e-02
1.246233820636479667e-02
1.246233820636479667e-02
1.246233820636479667e-02
1.246233820636479667e-02
1.246233820636479667e-02
1.246233820636479667e-02
1.246233820636479667e-02
0.000000000000000000e+00
1.000515310256425844e-02
1.000515310256425844e-02
1.000515310256425844e-02
1.000515310256425844e-02
1.000515310256425844e-02
1.000515310256425844e-02
1.000515310256425844e-02
1.000515310256425844e-02
1.000515310256425844e-02
1.000515310256425844e-02
1.000515310256425844e-02
1.000515310256425844e-02
4.322158803791005532e-03
4.322158803791005532e-03
1.263080951904544747e-03
1.263080951904544747e-03
1.263080951904544747e-03
1.263080951904544747e-03
1.263080951904544747e-03
1.263080951904544747e-03
1.263080951904544747e-03
1.263080951904544747e-03
6.855352861122898135e-03
2.073790431142945312e-02
2.073790431142945312e-02
2.073790431142945312e-02
2.073790431142945312e-02
2.073790431142945312e-02
2.073790431142945312e-02
2.073790431142945312e-02
2.073790431142945312e-02
2.073790431142945312e-02
2.073790431142945312e-02
9.434349222003615004e-03
2.203880444451042711e-02
2.203880444451042711e-02
2.203880444451042711e-02
2.203880444451042711e-02
2.203880444451042711e-02
2.203880444451042711e-02
2.203880444451042711e-02
2.203880444451042711e-02
2.203880444451042711e-02
2.203880444451042711e-02
1.075645892241376168e-02
2.154243297110555386e-02
2.154243297110555386e-02
1.733260153475376861e-02
1.630129039218053411e-02
1.630129039218053411e-02
1.630129039218053411e-02
1.630129039218053411e-02
1.630129039218053411e-02
1.630129039218053411e-02
2.600187028067801019e-03
1.804039069773303097e-02
1.804039069773303097e-02
1.804039069773303097e-02
1.804039069773303097e-02
1.804039069773303097e-02
1.804039069773303097e-02
1.804039069773303097e-02
1.804039069773303097e-02
1.804039069773303097e-02
1.804039069773303097e-02
1.805365419872377239e-02
4.494565397867594618e-03
4.494565397867594618e-03
4.494565397867594618e-03
4.494565397867594618e-03
4.494565397867594618e-03
4.494565397867594618e-03
2.379177891931915853e-02
3.381586786594593941e-02
1.227047920231730607e-02
1.387233549769134600e-02
3.279312409845267905e-03
2.469832983952032629e-02
2.469832983952032629e-02
2.469832983952032629e-02
2.469832983952032629e-02
2.469832983952032629e-02
2.469832983952032629e-02
2.469832983952032629e-02
2.469832983952032629e-02
2.469832983952032629e-02
2.469832983952032629e-02
2.667444365587953378e-02
2.233154901997073949e-02
1.033996960133985905e-02
1.514444340140198766e-03
1.514444340140198766e-03
1.864159518279443623e-02
1.864159518279443623e-02
1.864159518279443623e-02
1.864159518279443623e-02
2.743230590276670572e-02
1.775236712815503326e-02
1.775236712815503326e-02
5.652272261030034245e-03
5.652272261030034245e-03
5.652272261030034245e-03
5.652272261030034245e-03
5.652272261030034245e-03
5.652272261030034245e-03
5.652272261030034245e-03
5.652272261030034245e-03
5.652272261030034245e-03
5.652272261030034245e-03
5.652272261030034245e-03
5.652272261030034245e-03
5.652272261030034245e-03
1.049335704830911715e-02
1.882674520377711214e-02
1.882674520377711214e-02
1.882674520377711214e-02
1.882674520377711214e-02
1.882674520377711214e-02
1.882674520377711214e-02
1.882674520377711214e-02
1.882674520377711214e-02
1.882674520377711214e-02
1.882674520377711214e-02
1.852815885991381667e-02
1.404013543686699790e-02
1.404013543686699790e-02
1.404013543686699790e-02
1.404013543686699790e-02
1.356866696958662112e-02
4.829324986846865258e-04
4.829324986846865258e-04
1.624201950954655069e-02
4.829324986846865258e-04
2.019400265419715734e-02
2.019400265419715734e-02
2.019400265419715734e-02
2.019400265419715734e-02
2.019400265419715734e-02
2.019400265419715734e-02
2.019400265419715734e-02
2.019400265419715734e-02
7.463851550052121551e-03
1.328768307301286464e-02
1.328768307301286464e-02
1.328768307301286464e-02
1.328768307301286464e-02
1.328768307301286464e-02
1.328768307301286464e-02
6.811453122058127793e-03
3.064897046279806136e-02
3.064897046279806136e-02
3.064897046279806136e-02
3.064897046279806136e-02
3.064897046279806136e-02
3.064897046279806136e-02
3.064897046279806136e-02
3.064897046279806136e-02
3.064897046279806136e-02
3.064897046279806136e-02
3.064897046279806136e-02
3.064897046279806136e-02
1.066940210652158119e-02
1.066940210652158119e-02
1.066940210652158119e-02
1.066940210652158119e-02
0.000000000000000000e+00
0.000000000000000000e+00
0.000000000000000000e+00
0.000000000000000000e+00
0.000000000000000000e+00
0.000000000000000000e+00
0.000000000000000000e+00
0.000000000000000000e+00
0.000000000000000000e+00
4.817331486408353049e-03
0.000000000000000000e+00
8.941681208826263508e-03
1.686006760720520914e-02
1.686006760720520914e-02
1.686006760720520914e-02
1.686006760720520914e-02
1.686006760720520914e-02
1.686006760720520914e-02
1.686006760720520914e-02
1.686006760720520914e-02
1.686006760720520914e-02
1.686006760720520914e-02
3.038206675921027722e-02
1.116157739607150090e-02
1.116157739607150090e-02
3.071226193919120596e-03
3.071226193919120596e-03
3.071226193919120596e-03
3.071226193919120596e-03
3.071226193919120596e-03
3.071226193919120596e-03
3.071226193919120596e-03
3.071226193919120596e-03
9.769092753391862838e-03
4.784275762652751007e-03
4.784275762652751007e-03
4.784275762652751007e-03
4.784275762652751007e-03
4.784275762652751007e-03
4.784275762652751007e-03
8.647666491885171516e-03
9.146962312515704088e-03
9.146962312515704088e-03
9.146962312515704088e-03
9.146962312515704088e-03
1.566431879966989973e-03
4.170687586578579291e-03
2.081216421194769482e-03
0.000000000000000000e+00
2.081216421194769482e-03
2.081216421194769482e-03
2.081216421194769482e-03
2.081216421194769482e-03
2.081216421194769482e-03
2.081216421194769482e-03
2.081216421194769482e-03
2.081216421194769482e-03
2.081216421194769482e-03
0.000000000000000000e+00
1.566431879966989973e-03
1.566431879966989973e-03
8.046058111294733875e-03
8.046058111294733875e-03
8.046058111294733875e-03
8.046058111294733875e-03
8.046058111294733875e-03
8.046058111294733875e-03
8.046058111294733875e-03
8.046058111294733875e-03
8.046058111294733875e-03
8.046058111294733875e-03
8.046058111294733875e-03
2.873156908849565025e-03
4.181723250072201525e-02
4.181723250072201525e-02
4.181723250072201525e-02
4.181723250072201525e-02
4.181723250072201525e-02
4.181723250072201525e-02
4.181723250072201525e-02
4.181723250072201525e-02
1.658223677328259094e-02
2.248826181280641490e-02
2.248826181280641490e-02
2.248826181280641490e-02
2.248826181280641490e-02
2.248826181280641490e-02
2.248826181280641490e-02
2.718174289921603676e-02
1.913095404530852899e-03
1.913095404530852899e-03
1.913095404530852899e-03
1.913095404530852899e-03
1.913095404530852899e-03
1.913095404530852899e-03
0.000000000000000000e+00
0.000000000000000000e+00
0.000000000000000000e+00
1.362350376558043273e-02
2.043446262885920042e-03
2.043446262885920042e-03
2.043446262885920042e-03
3.979627990271097232e-02
4.559995014224142718e-02
4.559995014224142718e-02
4.559995014224142718e-02
3.250394082022284303e-02
0.000000000000000000e+00
0.000000000000000000e+00
3.731014650330371531e-03
1.296836589937401182e-02
1.296836589937401182e-02
1.296836589937401182e-02
1.296836589937401182e-02
1.296836589937401182e-02
1.296836589937401182e-02
1.296836589937401182e-02
1.296836589937401182e-02
2.433822114874358358e-02
1.924753743486271387e-02
1.229715239510316763e-02
1.805355250308386455e-03
1.805355250308386455e-03
1.805355250308386455e-03
1.805355250308386455e-03
1.805355250308386455e-03
1.805355250308386455e-03
1.805355250308386455e-03
1.805355250308386455e-03
0.000000000000000000e+00
0.000000000000000000e+00
0.000000000000000000e+00
0.000000000000000000e+00
0.000000000000000000e+00
0.000000000000000000e+00
0.000000000000000000e+00
0.000000000000000000e+00
0.000000000000000000e+00
0.000000000000000000e+00
0.000000000000000000e+00
0.000000000000000000e+00
0.000000000000000000e+00
0.000000000000000000e+00
0.000000000000000000e+00
0.000000000000000000e+00
0.000000000000000000e+00
0.000000000000000000e+00
0.000000000000000000e+00
0.000000000000000000e+00
9.434349222003615004e-03
0.000000000000000000e+00
0.000000000000000000e+00
0.000000000000000000e+00
0.000000000000000000e+00
0.000000000000000000e+00
0.000000000000000000e+00
0.000000000000000000e+00
0.000000000000000000e+00
0.000000000000000000e+00
0.000000000000000000e+00
0.000000000000000000e+00
0.000000000000000000e+00
0.000000000000000000e+00
5.146874460561918531e-03
5.146874460561918531e-03
5.146874460561918531e-03
5.146874460561918531e-03
5.146874460561918531e-03
5.146874460561918531e-03
2.125895534704678666e-02
2.125895534704678666e-02
2.125895534704678666e-02
2.125895534704678666e-02
9.246616807325308204e-03
9.246616807325308204e-03
9.246616807325308204e-03
9.246616807325308204e-03
9.246616807325308204e-03
9.246616807325308204e-03
9.246616807325308204e-03
9.246616807325308204e-03
9.246616807325308204e-03
9.246616807325308204e-03
1.201455850663788946e-02
1.201455850663788946e-02
3.579475421415726898e-03
5.875640495923485987e-03
5.875640495923485987e-03
5.875640495923485987e-03
5.875640495923485987e-03
5.875640495923485987e-03
5.875640495923485987e-03
5.875640495923485987e-03
4.069303703454379625e-03
5.991532483168220645e-03
1.583772672724719681e-04
1.583772672724719681e-04
1.583772672724719681e-04
1.583772672724719681e-04
1.039336885014916292e-02
1.039336885014916292e-02
1.751681252330658176e-02
1.133533036598033221e-02
1.133533036598033221e-02
1.133533036598033221e-02
8.577815961280490023e-03
8.577815961280490023e-03
8.577815961280490023e-03
1.401140650289639869e-02
3.984843957451402949e-03
3.984843957451402949e-03
3.984843957451402949e-03
3.984843957451402949e-03
3.984843957451402949e-03
3.984843957451402949e-03
0.000000000000000000e+00
1.349562888500171857e-02
1.349562888500171857e-02
1.349562888500171857e-02
1.349562888500171857e-02
1.349562888500171857e-02
1.349562888500171857e-02
1.349562888500171857e-02
1.349562888500171857e-02
1.349562888500171857e-02
1.349562888500171857e-02
0.000000000000000000e+00
0.000000000000000000e+00
9.075074924050009068e-03
1.893709082382765904e-02
1.893709082382765904e-02
0.000000000000000000e+00
5.068967301719485077e-03
5.068967301719485077e-03
5.068967301719485077e-03
5.068967301719485077e-03
5.068967301719485077e-03
5.068967301719485077e-03
5.068967301719485077e-03
5.068967301719485077e-03
1.889175163713928754e-02
4.025596988871376958e+00
4.025596988871376958e+00
4.025596988871376958e+00
4.025596988871376958e+00
1.822402641158028455e-02
1.822402641158028455e-02
1.822402641158028455e-02
1.822402641158028455e-02
1.822402641158028455e-02
1.822402641158028455e-02
1.822402641158028455e-02
1.822402641158028455e-02
1.822402641158028455e-02
1.822402641158028455e-02
1.822402641158028455e-02
2.175140815704537656e-03
1.697867977195476746e-02
1.697867977195476746e-02
0.000000000000000000e+00
0.000000000000000000e+00
0.000000000000000000e+00
0.000000000000000000e+00
0.000000000000000000e+00
0.000000000000000000e+00
0.000000000000000000e+00
0.000000000000000000e+00
0.000000000000000000e+00
0.000000000000000000e+00
0.000000000000000000e+00
4.490978714119345759e-03
1.680512783697139410e-03
1.680512783697139410e-03
1.680512783697139410e-03
1.143415425440094235e-03
2.435854629887561004e-02
1.888710467568515544e-02
9.741858442798649251e-03
9.741858442798649251e-03
9.741858442798649251e-03
9.741858442798649251e-03
9.741858442798649251e-03
9.741858442798649251e-03
4.050621858390007421e-03
7.145499938769311887e-01
7.145499938769311887e-01
7.145499938769311887e-01
7.145499938769311887e-01
7.145499938769311887e-01
7.145499938769311887e-01
3.982357318439346677e-03
1.475099617577149171e-02
1.475099617577149171e-02
1.475099617577149171e-02
1.475099617577149171e-02
2.910850739905228995e-02
2.910850739905228995e-02
2.910850739905228995e-02
2.910850739905228995e-02
2.910850739905228995e-02
2.910850739905228995e-02
2.910850739905228995e-02
2.910850739905228995e-02
2.910850739905228995e-02
2.910850739905228995e-02
1.284956652944388954e-02
7.976678021236062455e-03
7.976678021236062455e-03
8.209333649106092526e-04
5.045113664078199056e-04
5.045113664078199056e-04
5.045113664078199056e-04
5.045113664078199056e-04
3.633127988011701504e-02
1.923370223314737823e-02
5.664625220113347209e-03
5.664625220113347209e-03
5.664625220113347209e-03
5.664625220113347209e-03
5.664625220113347209e-03
5.664625220113347209e-03
5.664625220113347209e-03
5.664625220113347209e-03
5.664625220113347209e-03
5.664625220113347209e-03
5.664625220113347209e-03
5.664625220113347209e-03
5.664625220113347209e-03
1.923835650424952914e-02
8.667065843981927586e-03
8.667065843981927586e-03
8.667065843981927586e-03
8.667065843981927586e-03
8.667065843981927586e-03
8.667065843981927586e-03
0.000000000000000000e+00
0.000000000000000000e+00
0.000000000000000000e+00
0.000000000000000000e+00
0.000000000000000000e+00
0.000000000000000000e+00
0.000000000000000000e+00
0.000000000000000000e+00
0.000000000000000000e+00
0.000000000000000000e+00
5.665803268724885731e-03
1.267014881607339766e-03
1.267014881607339766e-03
1.267014881607339766e-03
1.267014881607339766e-03
1.267014881607339766e-03
1.267014881607339766e-03
1.143966750727291697e-02
8.062300467723895747e-03
8.062300467723895747e-03
8.062300467723895747e-03
8.062300467723895747e-03
8.062300467723895747e-03
8.062300467723895747e-03
8.062300467723895747e-03
8.062300467723895747e-03
3.169929807628414642e-02
1.123422888891735180e-02
1.123422888891735180e-02
1.123422888891735180e-02
1.123422888891735180e-02
0.000000000000000000e+00
5.033945389648732290e-03
5.033945389648732290e-03
5.033945389648732290e-03
5.033945389648732290e-03
5.033945389648732290e-03
5.033945389648732290e-03
5.033945389648732290e-03
5.033945389648732290e-03
5.033945389648732290e-03
5.033945389648732290e-03
1.428033787372780077e-02
9.036776696352749605e-03
9.036776696352749605e-03
9.036776696352749605e-03
9.036776696352749605e-03
9.036776696352749605e-03
9.036776696352749605e-03
9.036776696352749605e-03
9.036776696352749605e-03
9.036776696352749605e-03
9.036776696352749605e-03
9.036776696352749605e-03
9.036776696352749605e-03
9.036776696352749605e-03
9.036776696352749605e-03
0.000000000000000000e+00
1.132739869245350840e-02
1.132739869245350840e-02
1.132739869245350840e-02
1.132739869245350840e-02
1.132739869245350840e-02
1.132739869245350840e-02
1.132739869245350840e-02
1.132739869245350840e-02
7.123098057414367981e-03
6.824115880344598824e-03
4.344729963390641866e-03
4.344729963390641866e-03
4.344729963390641866e-03
1.526314119743600942e-02
3.076827796815502763e-03
3.076827796815502763e-03
3.076827796815502763e-03
3.076827796815502763e-03
3.076827796815502763e-03
3.076827796815502763e-03
4.329693123221346231e-03
9.696134836646368854e-03
9.696134836646368854e-03
9.696134836646368854e-03
9.696134836646368854e-03
9.696134836646368854e-03
9.696134836646368854e-03
7.348565203762944496e-03
5.356802600625332292e-05
5.356802600625332292e-05
5.356802600625332292e-05
5.356802600625332292e-05
2.602273616987526086e-02
1.681426722164914775e-02
1.681426722164914775e-02
0.000000000000000000e+00
0.000000000000000000e+00
0.000000000000000000e+00
7.049431969857095776e-03
2.318720621628158132e-02
2.318720621628158132e-02
2.318720621628158132e-02
2.318720621628158132e-02
2.318720621628158132e-02
2.318720621628158132e-02
2.318720621628158132e-02
2.318720621628158132e-02
2.963084684265389693e-02
4.507770961683670724e-02
4.493501760642623112e-03
0.000000000000000000e+00
0.000000000000000000e+00
0.000000000000000000e+00
0.000000000000000000e+00
0.000000000000000000e+00
0.000000000000000000e+00
1.551931389701495783e-03
1.411723605022500820e-02
1.411723605022500820e-02
2.103279672381343918e-02
1.411723605022500820e-02
1.007076207194966717e-02
7.432358477479339941e-03
7.432358477479339941e-03
1.921678412320114437e-02
1.017862451406719750e-02
1.017862451406719750e-02
1.017862451406719750e-02
1.017862451406719750e-02
1.017862451406719750e-02
1.017862451406719750e-02
5.381007965492303445e-03
5.381007965492303445e-03
5.381007965492303445e-03
5.381007965492303445e-03
5.381007965492303445e-03
5.381007965492303445e-03
5.381007965492303445e-03
5.381007965492303445e-03
5.381007965492303445e-03
5.381007965492303445e-03
3.541648763213492077e-03
5.045674822517305994e-03
5.045674822517305994e-03
5.045674822517305994e-03
5.045674822517305994e-03
5.045674822517305994e-03
5.045674822517305994e-03
5.045674822517305994e-03
5.045674822517305994e-03
1.035001983754604490e-02
1.035001983754604490e-02
1.035001983754604490e-02
1.035001983754604490e-02
1.035001983754604490e-02
1.035001983754604490e-02
1.035001983754604490e-02
1.035001983754604490e-02
1.035001983754604490e-02
1.035001983754604490e-02
1.035001983754604490e-02
1.035001983754604490e-02
1.035001983754604490e-02
2.086499103075729541e-02
1.627098536057821482e-02
3.021367610500748542e-03
3.021367610500748542e-03
1.627098536057821482e-02
1.627098536057821482e-02
1.627098536057821482e-02
3.479374369182688942e-02
4.135922669826732484e-03
0.000000000000000000e+00
0.000000000000000000e+00
0.000000000000000000e+00
0.000000000000000000e+00
4.293871769229894511e-03
0.000000000000000000e+00
0.000000000000000000e+00
0.000000000000000000e+00
0.000000000000000000e+00
0.000000000000000000e+00
0.000000000000000000e+00
6.579651743216344099e-03
7.155253713384645067e-03
7.155253713384645067e-03
7.155253713384645067e-03
7.155253713384645067e-03
1.026826980648541492e-02
1.026826980648541492e-02
1.026826980648541492e-02
1.026826980648541492e-02
1.026826980648541492e-02
1.026826980648541492e-02
1.026826980648541492e-02
1.026826980648541492e-02
1.026826980648541492e-02
1.026826980648541492e-02
1.026826980648541492e-02
2.054950581118553717e-03
1.205096095289618155e-02
1.205096095289618155e-02
1.205096095289618155e-02
1.205096095289618155e-02
1.874115394881958278e-03
1.874115394881958278e-03
1.874115394881958278e-03
1.874115394881958278e-03
1.874115394881958278e-03
1.874115394881958278e-03
1.874115394881958278e-03
1.874115394881958278e-03
1.874115394881958278e-03
1.874115394881958278e-03
1.874115394881958278e-03
3.676813117469738493e-03
1.081076474744259788e-02
1.081076474744259788e-02
1.081076474744259788e-02
1.081076474744259788e-02
0.000000000000000000e+00
0.000000000000000000e+00
1.392693158674476739e-02
1.392693158674476739e-02
1.392693158674476739e-02
1.392693158674476739e-02
0.000000000000000000e+00
0.000000000000000000e+00
1.234704136758967528e-02
6.333470162835148042e-03
6.333470162835148042e-03
6.333470162835148042e-03
6.333470162835148042e-03
6.333470162835148042e-03
6.333470162835148042e-03
0.000000000000000000e+00
0.000000000000000000e+00
0.000000000000000000e+00
0.000000000000000000e+00
4.704007530080990670e-04
3.680540489087787029e-04
4.704007530080990670e-04
4.704007530080990670e-04
4.704007530080990670e-04
4.704007530080990670e-04
4.704007530080990670e-04
3.680540489087787029e-04
3.680540489087787029e-04
3.680540489087787029e-04
0.000000000000000000e+00
0.000000000000000000e+00
0.000000000000000000e+00
0.000000000000000000e+00
0.000000000000000000e+00
0.000000000000000000e+00
0.000000000000000000e+00
0.000000000000000000e+00
0.000000000000000000e+00
0.000000000000000000e+00
0.000000000000000000e+00
0.000000000000000000e+00
0.000000000000000000e+00
4.829389385288140706e-03
7.413156126199463812e-03
7.413156126199463812e-03
7.413156126199463812e-03
7.413156126199463812e-03
7.413156126199463812e-03
3.279312409845267905e-03
3.279312409845267905e-03
3.279312409845267905e-03
3.279312409845267905e-03
3.279312409845267905e-03
3.279312409845267905e-03
2.187984665606357813e-03
2.187984665606357813e-03
2.187984665606357813e-03
2.187984665606357813e-03
2.187984665606357813e-03
2.187984665606357813e-03
2.187984665606357813e-03
2.187984665606357813e-03
2.187984665606357813e-03
2.187984665606357813e-03
2.187984665606357813e-03
0.000000000000000000e+00
0.000000000000000000e+00
6.420248465525734208e-03
1.322705422995307375e-03
1.322705422995307375e-03
1.322705422995307375e-03
1.322705422995307375e-03
1.322705422995307375e-03
1.322705422995307375e-03
1.322705422995307375e-03
1.322705422995307375e-03
5.443696723130742390e-03
3.859093197955680565e-03
3.859093197955680565e-03
3.859093197955680565e-03
3.859093197955680565e-03
3.859093197955680565e-03
3.859093197955680565e-03
2.289205913926949457e-02
3.318008070181544672e-02
3.318008070181544672e-02
3.318008070181544672e-02
0.000000000000000000e+00
0.000000000000000000e+00
0.000000000000000000e+00
0.000000000000000000e+00
1.071193489884029668e-02
0.000000000000000000e+00
0.000000000000000000e+00
0.000000000000000000e+00
0.000000000000000000e+00
0.000000000000000000e+00
0.000000000000000000e+00
4.135922669826732484e-03
1.045049466902475688e-02
1.045049466902475688e-02
4.499588849236372742e-03
1.233270789727266767e-02
1.233270789727266767e-02
1.233270789727266767e-02
1.233270789727266767e-02
1.719193426207521469e-02
0.000000000000000000e+00
0.000000000000000000e+00
0.000000000000000000e+00
0.000000000000000000e+00
0.000000000000000000e+00
0.000000000000000000e+00
1.931473334189325475e-03
1.931473334189325475e-03
8.700564453538802909e-03
1.931473334189325475e-03
1.931473334189325475e-03
1.931473334189325475e-03
1.931473334189325475e-03
1.931473334189325475e-03
1.807268598960110745e-02
2.495213645751458501e-02
2.495213645751458501e-02
1.264831054029715712e-02
4.146608761404187507e-03
4.146608761404187507e-03
4.146608761404187507e-03
3.350935093233871342e-02
1.219640357818679334e-02
1.219640357818679334e-02
1.219640357818679334e-02
1.642380680965506348e-03
1.642380680965506348e-03
1.642380680965506348e-03
1.642380680965506348e-03
0.000000000000000000e+00
0.000000000000000000e+00
0.000000000000000000e+00
0.000000000000000000e+00
0.000000000000000000e+00
0.000000000000000000e+00
0.000000000000000000e+00
0.000000000000000000e+00
0.000000000000000000e+00
0.000000000000000000e+00
0.000000000000000000e+00
0.000000000000000000e+00
2.054950581118553717e-03
2.054950581118553717e-03
2.054950581118553717e-03
2.054950581118553717e-03
2.054950581118553717e-03
2.054950581118553717e-03
2.054950581118553717e-03
2.054950581118553717e-03
2.054950581118553717e-03
2.054950581118553717e-03
2.027861346613300114e-02
1.906535486554676931e-02
1.906535486554676931e-02
1.906535486554676931e-02
1.906535486554676931e-02
1.906535486554676931e-02
1.906535486554676931e-02
1.906535486554676931e-02
1.906535486554676931e-02
1.906535486554676931e-02
1.906535486554676931e-02
1.906535486554676931e-02
1.906535486554676931e-02
1.906535486554676931e-02
1.906535486554676931e-02
1.906535486554676931e-02
1.906535486554676931e-02
6.663054477007990251e-02
6.663054477007990251e-02
6.663054477007990251e-02
8.973010593193447501e-03
8.973010593193447501e-03
8.973010593193447501e-03
8.973010593193447501e-03
8.973010593193447501e-03
8.973010593193447501e-03
2.245133657189407259e-02
1.104959695457851700e-02
1.104959695457851700e-02
1.104959695457851700e-02
1.104959695457851700e-02
1.104959695457851700e-02
1.104959695457851700e-02
1.104959695457851700e-02
1.104959695457851700e-02
1.104959695457851700e-02
1.104959695457851700e-02
1.104959695457851700e-02
1.104959695457851700e-02
1.302813452626592171e-02
8.503217691395741420e-03
8.503217691395741420e-03
8.503217691395741420e-03
8.503217691395741420e-03
8.503217691395741420e-03
8.503217691395741420e-03
5.389049985148040324e-03
6.855352861122898135e-03
6.868319892911620844e-03
6.868319892911620844e-03
1.164109647659421903e-02
1.164109647659421903e-02
8.655901275220950764e-03
1.117942357419376108e-02
1.117942357419376108e-02
1.117942357419376108e-02
1.117942357419376108e-02
0.000000000000000000e+00
0.000000000000000000e+00
0.000000000000000000e+00
0.000000000000000000e+00
2.100600659498003467e-02
2.267041076447464179e-02
2.267041076447464179e-02
2.267041076447464179e-02
2.267041076447464179e-02
2.267041076447464179e-02
2.267041076447464179e-02
2.267041076447464179e-02
2.267041076447464179e-02
2.267041076447464179e-02
2.267041076447464179e-02
2.267041076447464179e-02
2.267041076447464179e-02
0.000000000000000000e+00
0.000000000000000000e+00
0.000000000000000000e+00
0.000000000000000000e+00
0.000000000000000000e+00
0.000000000000000000e+00
0.000000000000000000e+00
0.000000000000000000e+00
2.536239090326820531e-02
2.536239090326820531e-02
2.536239090326820531e-02
2.536239090326820531e-02
2.536239090326820531e-02
2.536239090326820531e-02
2.536239090326820531e-02
2.536239090326820531e-02
3.907418066459986995e-03
1.505648017836369763e-02
1.505648017836369763e-02
3.540657008855831872e-02
2.433822114874358358e-02
2.433822114874358358e-02
2.433822114874358358e-02
2.433822114874358358e-02
2.433822114874358358e-02
2.433822114874358358e-02
2.433822114874358358e-02
2.433822114874358358e-02
2.433822114874358358e-02
1.635760012282954159e-02
9.717102715103456516e-04
9.717102715103456516e-04
1.921678412320114437e-02
1.921678412320114437e-02
1.921678412320114437e-02
1.921678412320114437e-02
2.175140815704537656e-03
2.175140815704537656e-03
2.175140815704537656e-03
2.175140815704537656e-03
2.175140815704537656e-03
2.175140815704537656e-03
2.175140815704537656e-03
3.658380549659816933e-02
1.852589492406935684e-02
1.852589492406935684e-02
1.852589492406935684e-02
1.852589492406935684e-02
3.627613612246075037e-03
5.861349244952862754e-03
5.861349244952862754e-03
1.530169707940970750e-02
1.530169707940970750e-02
1.530169707940970750e-02
1.530169707940970750e-02
1.530169707940970750e-02
1.530169707940970750e-02
3.576872260958125806e-03
8.209333649106092526e-04
8.209333649106092526e-04
8.209333649106092526e-04
8.209333649106092526e-04
8.209333649106092526e-04
0.000000000000000000e+00
7.221714508002961483e-03
7.221714508002961483e-03
7.221714508002961483e-03
1.463209232066101789e-02
1.463209232066101789e-02
1.463209232066101789e-02
1.463209232066101789e-02
1.463209232066101789e-02
1.463209232066101789e-02
1.463209232066101789e-02
1.463209232066101789e-02
1.463209232066101789e-02
1.250636297166951398e-02
1.250636297166951398e-02
1.250636297166951398e-02
1.250636297166951398e-02
1.250636297166951398e-02
1.250636297166951398e-02
1.250636297166951398e-02
1.250636297166951398e-02
1.250636297166951398e-02
1.250636297166951398e-02
1.250636297166951398e-02
1.661197919957885238e-02
5.496188210523241142e-03
5.496188210523241142e-03
5.496188210523241142e-03
5.496188210523241142e-03
5.496188210523241142e-03
5.496188210523241142e-03
1.880201380058620390e-03
9.075074924050009068e-03
9.075074924050009068e-03
9.075074924050009068e-03
9.075074924050009068e-03
9.075074924050009068e-03
2.974013159256270328e-02
1.526314119743600942e-02
1.287193598529602244e-03
1.287193598529602244e-03
1.287193598529602244e-03
1.287193598529602244e-03
8.700564453538802909e-03
8.700564453538802909e-03
1.849942345732595909e-04
1.849942345732595909e-04
1.849942345732595909e-04
1.849942345732595909e-04
1.849942345732595909e-04
1.849942345732595909e-04
1.849942345732595909e-04
1.849942345732595909e-04
1.849942345732595909e-04
1.849942345732595909e-04
1.849942345732595909e-04
1.849942345732595909e-04
1.849942345732595909e-04
1.849942345732595909e-04
1.849942345732595909e-04
1.849942345732595909e-04
1.849942345732595909e-04
1.849942345732595909e-04
1.849942345732595909e-04
1.849942345732595909e-04
1.849942345732595909e-04
1.849942345732595909e-04
1.849942345732595909e-04
1.849942345732595909e-04
1.849942345732595909e-04
0.000000000000000000e+00
7.715901558949597380e-03
7.715901558949597380e-03
7.715901558949597380e-03
4.050621858390007421e-03
4.050621858390007421e-03
4.050621858390007421e-03
4.050621858390007421e-03
4.050621858390007421e-03
2.066786318869761122e-02
6.885870882201714557e-04
6.885870882201714557e-04
6.885870882201714557e-04
6.885870882201714557e-04
6.885870882201714557e-04
6.885870882201714557e-04
6.885870882201714557e-04
6.885870882201714557e-04
1.801301092817998023e-03
0.000000000000000000e+00
0.000000000000000000e+00
2.169484017480102171e-03
9.846998758989932571e-03
9.846998758989932571e-03
9.846998758989932571e-03
9.846998758989932571e-03
9.846998758989932571e-03
9.846998758989932571e-03
9.846998758989932571e-03
9.846998758989932571e-03
9.846998758989932571e-03
9.846998758989932571e-03
9.846998758989932571e-03
9.846998758989932571e-03
9.846998758989932571e-03
9.846998758989932571e-03
9.846998758989932571e-03
9.846998758989932571e-03
9.846998758989932571e-03
9.846998758989932571e-03
2.729751273696135599e-02
2.729751273696135599e-02
2.729751273696135599e-02
2.729751273696135599e-02
2.729751273696135599e-02
2.729751273696135599e-02
2.729751273696135599e-02
1.702734141953084895e-02
2.081512448242892402e-02
2.081512448242892402e-02
2.081512448242892402e-02
2.081512448242892402e-02
2.081512448242892402e-02
2.081512448242892402e-02
2.081512448242892402e-02
2.081512448242892402e-02
2.081512448242892402e-02
2.081512448242892402e-02
2.081512448242892402e-02
2.081512448242892402e-02
2.081512448242892402e-02
3.345904229812990058e-03
7.782981644108438908e-03
7.782981644108438908e-03
7.782981644108438908e-03
7.782981644108438908e-03
7.782981644108438908e-03
7.782981644108438908e-03
7.782981644108438908e-03
7.782981644108438908e-03
7.722656792902753489e-03
1.443334619528544678e-03
1.443334619528544678e-03
1.443334619528544678e-03
1.443334619528544678e-03
1.823728736412483925e-02
1.823728736412483925e-02
1.823728736412483925e-02
1.823728736412483925e-02
1.823728736412483925e-02
1.823728736412483925e-02
1.823728736412483925e-02
1.823728736412483925e-02
1.823728736412483925e-02
1.823728736412483925e-02
1.823728736412483925e-02
1.433109224517584504e-02
1.433109224517584504e-02
1.433109224517584504e-02
4.135922669826732484e-03
4.135922669826732484e-03
4.135922669826732484e-03
4.754974307212023535e-03
4.754974307212023535e-03
4.754974307212023535e-03
4.754974307212023535e-03
4.754974307212023535e-03
4.754974307212023535e-03
4.754974307212023535e-03
4.754974307212023535e-03
3.169929807628414642e-02
2.044197785935234282e-02
2.044197785935234282e-02
2.044197785935234282e-02
2.044197785935234282e-02
2.044197785935234282e-02
2.044197785935234282e-02
0.000000000000000000e+00
5.689654001125581985e-03
5.689654001125581985e-03
5.689654001125581985e-03
5.689654001125581985e-03
5.689654001125581985e-03
5.689654001125581985e-03
5.689654001125581985e-03
5.689654001125581985e-03
5.689654001125581985e-03
5.689654001125581985e-03
1.553870734920820805e-02
6.496561788685216617e-03
6.496561788685216617e-03
6.496561788685216617e-03
6.496561788685216617e-03
6.496561788685216617e-03
6.496561788685216617e-03
6.687882426421236023e-03
6.496561788685216617e-03
0.000000000000000000e+00
0.000000000000000000e+00
2.691238033235769482e-03
9.948766935166498764e-05
9.948766935166498764e-05
9.948766935166498764e-05
9.948766935166498764e-05
9.948766935166498764e-05
9.948766935166498764e-05
9.948766935166498764e-05
9.948766935166498764e-05
9.948766935166498764e-05
9.948766935166498764e-05
8.882810866344145392e-03
2.620591084549405043e-03
2.620591084549405043e-03
2.620591084549405043e-03
2.620591084549405043e-03
2.620591084549405043e-03
2.620591084549405043e-03
2.620591084549405043e-03
2.620591084549405043e-03
2.620591084549405043e-03
2.620591084549405043e-03
2.620591084549405043e-03
2.620591084549405043e-03
2.850269540813875693e-02
2.850269540813875693e-02
2.850269540813875693e-02
2.850269540813875693e-02
2.850269540813875693e-02
2.850269540813875693e-02
2.850269540813875693e-02
2.850269540813875693e-02
2.850269540813875693e-02
2.850269540813875693e-02
2.850269540813875693e-02
2.850269540813875693e-02
2.850269540813875693e-02
3.248350824790412900e-02
3.248350824790412900e-02
3.248350824790412900e-02
3.248350824790412900e-02
3.248350824790412900e-02
3.248350824790412900e-02
3.248350824790412900e-02
3.248350824790412900e-02
3.248350824790412900e-02
3.248350824790412900e-02
3.248350824790412900e-02
5.389049985148040324e-03
5.389049985148040324e-03
8.941681208826263508e-03
8.941681208826263508e-03
8.941681208826263508e-03
8.941681208826263508e-03
0.000000000000000000e+00
0.000000000000000000e+00
0.000000000000000000e+00
1.131903983960263170e-02
1.141518299963500006e-03
2.833587342188032075e-03
2.833587342188032075e-03
2.833587342188032075e-03
2.833587342188032075e-03
2.833587342188032075e-03
2.833587342188032075e-03
2.833587342188032075e-03
2.833587342188032075e-03
2.833587342188032075e-03
2.833587342188032075e-03
2.833587342188032075e-03
2.833587342188032075e-03
2.833587342188032075e-03
2.833587342188032075e-03
2.833587342188032075e-03
2.833587342188032075e-03
2.833587342188032075e-03
2.833587342188032075e-03
4.182153148022031003e-02
1.705706519574297017e-02
2.417162691221343140e-02
1.705706519574297017e-02
9.724213777106988782e-03
1.901148140727473802e-04
1.901148140727473802e-04
1.577339832431011793e-02
2.743230590276670572e-02
4.167356610098946201e-02
4.167356610098946201e-02
4.167356610098946201e-02
4.167356610098946201e-02
4.167356610098946201e-02
4.167356610098946201e-02
9.945639351608560885e-03
2.718093541821347322e-03
2.718093541821347322e-03
2.718093541821347322e-03
2.718093541821347322e-03
2.958983601804751271e-02
3.456550502495271682e-02
3.456550502495271682e-02
3.456550502495271682e-02
3.456550502495271682e-02
3.456550502495271682e-02
3.456550502495271682e-02
3.456550502495271682e-02
4.637249144471698031e-03
1.495117963923717902e-02
1.495117963923717902e-02
1.495117963923717902e-02
1.495117963923717902e-02
1.495117963923717902e-02
0.000000000000000000e+00
0.000000000000000000e+00
0.000000000000000000e+00
0.000000000000000000e+00
2.948952508046361054e-02
1.244349260081008962e-02
1.244349260081008962e-02
1.244349260081008962e-02
1.244349260081008962e-02
1.244349260081008962e-02
1.244349260081008962e-02
1.244349260081008962e-02
1.244349260081008962e-02
1.403766344610832446e-02
8.880071320668127266e-03
8.880071320668127266e-03
8.880071320668127266e-03
8.880071320668127266e-03
1.176465139389871670e-02
1.846740567187579729e-02
1.846740567187579729e-02
0.000000000000000000e+00
0.000000000000000000e+00
0.000000000000000000e+00
3.185119523645136425e-02
3.185119523645136425e-02
3.185119523645136425e-02
1.263903746257085542e-02
1.263903746257085542e-02
1.263903746257085542e-02
1.263903746257085542e-02
1.263903746257085542e-02
1.263903746257085542e-02
1.263903746257085542e-02
1.263903746257085542e-02
1.807268598960110745e-02
1.801301092817998023e-03
1.801301092817998023e-03
1.801301092817998023e-03
0.000000000000000000e+00
0.000000000000000000e+00
2.417618629012031548e-02
2.417618629012031548e-02
1.264831054029715712e-02
1.264831054029715712e-02
1.264831054029715712e-02
1.264831054029715712e-02
1.264831054029715712e-02
1.264831054029715712e-02
7.839000260427995623e-03
6.353811340450207963e-03
6.353811340450207963e-03
6.353811340450207963e-03
6.353811340450207963e-03
6.353811340450207963e-03
6.353811340450207963e-03
6.353811340450207963e-03
6.353811340450207963e-03
6.353811340450207963e-03
6.353811340450207963e-03
6.353811340450207963e-03
6.353811340450207963e-03
1.208017852199785164e-02
1.380856683104137459e-03
1.380856683104137459e-03
1.380856683104137459e-03
1.380856683104137459e-03
1.380856683104137459e-03
1.380856683104137459e-03
1.380856683104137459e-03
1.380856683104137459e-03
1.380856683104137459e-03
1.356866696958662112e-02
1.356866696958662112e-02
1.356866696958662112e-02
1.356866696958662112e-02
5.757124008642485781e-03
6.271762931766625832e-03
6.271762931766625832e-03
6.271762931766625832e-03
6.271762931766625832e-03
6.271762931766625832e-03
1.739564515180315810e-02
7.874205554104604654e-03
7.874205554104604654e-03
7.874205554104604654e-03
7.874205554104604654e-03
3.060270612457789696e-03
6.293514487320536407e-03
6.293514487320536407e-03
1.896803540727423978e-02
1.896803540727423978e-02
1.896803540727423978e-02
1.896803540727423978e-02
1.896803540727423978e-02
1.896803540727423978e-02
1.896803540727423978e-02
1.896803540727423978e-02
1.896803540727423978e-02
1.896803540727423978e-02
1.896803540727423978e-02
4.098592424175923413e-03
0.000000000000000000e+00
0.000000000000000000e+00
0.000000000000000000e+00
0.000000000000000000e+00
0.000000000000000000e+00
0.000000000000000000e+00
0.000000000000000000e+00
0.000000000000000000e+00
0.000000000000000000e+00
0.000000000000000000e+00
0.000000000000000000e+00
0.000000000000000000e+00
9.034703205543368615e-03
9.034703205543368615e-03
9.034703205543368615e-03
9.034703205543368615e-03
9.034703205543368615e-03
9.034703205543368615e-03
9.034703205543368615e-03
9.034703205543368615e-03
9.034703205543368615e-03
9.034703205543368615e-03
9.034703205543368615e-03
9.034703205543368615e-03
2.974013159256270328e-02
2.974013159256270328e-02
1.140472327771373424e-02
5.312618704084313276e-03
5.312618704084313276e-03
5.312618704084313276e-03
5.312618704084313276e-03
2.552732997384224954e-03
0.000000000000000000e+00
0.000000000000000000e+00
0.000000000000000000e+00
4.596303580330324094e-03
4.596303580330324094e-03
4.596303580330324094e-03
4.596303580330324094e-03
4.596303580330324094e-03
4.596303580330324094e-03
4.596303580330324094e-03
4.596303580330324094e-03
0.000000000000000000e+00
0.000000000000000000e+00
0.000000000000000000e+00
0.000000000000000000e+00
2.046449747108091907e-04
2.046449747108091907e-04
3.658380549659816933e-02
3.658380549659816933e-02
3.658380549659816933e-02
2.475412672468704604e-03
3.627613612246075037e-03
3.627613612246075037e-03
3.627613612246075037e-03
2.552732997384224954e-03
2.552732997384224954e-03
2.552732997384224954e-03
2.552732997384224954e-03
2.552732997384224954e-03
2.552732997384224954e-03
2.552732997384224954e-03
2.552732997384224954e-03
1.113402853835510596e-02
2.502112287502659179e-03
2.502112287502659179e-03
2.502112287502659179e-03
2.502112287502659179e-03
2.502112287502659179e-03
2.502112287502659179e-03
2.502112287502659179e-03
2.502112287502659179e-03
2.502112287502659179e-03
2.502112287502659179e-03
2.502112287502659179e-03
2.578095136308339655e-02
2.843776344794062775e-03
2.843776344794062775e-03
2.843776344794062775e-03
2.843776344794062775e-03
2.843776344794062775e-03
2.843776344794062775e-03
1.766203932269742351e-03
3.048404632519862659e-03
3.048404632519862659e-03
3.048404632519862659e-03
3.048404632519862659e-03
3.048404632519862659e-03
3.048404632519862659e-03
3.048404632519862659e-03
3.048404632519862659e-03
6.809081471805698491e-03
1.905309630574934798e-02
1.905309630574934798e-02
1.905309630574934798e-02
1.905309630574934798e-02
1.905309630574934798e-02
1.905309630574934798e-02
9.621133005966354956e-02
6.537506556480905673e-02
6.537506556480905673e-02
6.537506556480905673e-02
6.537506556480905673e-02
6.537506556480905673e-02
6.537506556480905673e-02
6.537506556480905673e-02
6.537506556480905673e-02
1.060729372832579925e-02
3.937679085614703180e-03
2.451501496487347442e-02
2.451501496487347442e-02
6.687882426421236023e-03
1.851210272744695587e-02
8.346533778739629802e-03
2.189774645145810706e-03
2.189774645145810706e-03
2.189774645145810706e-03
2.189774645145810706e-03
2.189774645145810706e-03
2.189774645145810706e-03
0.000000000000000000e+00
0.000000000000000000e+00
0.000000000000000000e+00
0.000000000000000000e+00
1.421384138545734059e-03
4.658013616993713843e-03
4.658013616993713843e-03
9.662855925350532019e-03
3.576872260958125806e-03
1.560749292607651120e-02
9.955562781595055435e-03
9.955562781595055435e-03
9.955562781595055435e-03
9.955562781595055435e-03
0.000000000000000000e+00
0.000000000000000000e+00
0.000000000000000000e+00
0.000000000000000000e+00
0.000000000000000000e+00
0.000000000000000000e+00
0.000000000000000000e+00
0.000000000000000000e+00
0.000000000000000000e+00
1.828125715179767380e-02
1.828125715179767380e-02
1.828125715179767380e-02
1.828125715179767380e-02
1.828125715179767380e-02
1.828125715179767380e-02
1.828125715179767380e-02
1.828125715179767380e-02
1.118210682837269057e-02
5.401173920152450326e-03
5.401173920152450326e-03
8.882810866344145392e-03
0.000000000000000000e+00
0.000000000000000000e+00
0.000000000000000000e+00
0.000000000000000000e+00
0.000000000000000000e+00
0.000000000000000000e+00
0.000000000000000000e+00
0.000000000000000000e+00
0.000000000000000000e+00
0.000000000000000000e+00
3.196991455557356837e-02
3.038206675921027722e-02
3.038206675921027722e-02
3.038206675921027722e-02
3.038206675921027722e-02
3.038206675921027722e-02
6.028435755305109646e-03
6.504837896341888158e-03
6.504837896341888158e-03
1.118210682837269057e-02
1.118210682837269057e-02
1.118210682837269057e-02
1.118210682837269057e-02
1.118210682837269057e-02
1.118210682837269057e-02
1.118210682837269057e-02
1.118210682837269057e-02
1.118210682837269057e-02
1.118210682837269057e-02
8.882810866344145392e-03
8.882810866344145392e-03
8.882810866344145392e-03
8.882810866344145392e-03
8.882810866344145392e-03
8.882810866344145392e-03
8.882810866344145392e-03
8.882810866344145392e-03
8.882810866344145392e-03
5.307579035771156639e-03
5.856804265886994890e-03
5.856804265886994890e-03
5.856804265886994890e-03
5.856804265886994890e-03
5.856804265886994890e-03
5.856804265886994890e-03
5.856804265886994890e-03
5.856804265886994890e-03
5.856804265886994890e-03
5.856804265886994890e-03
0.000000000000000000e+00
0.000000000000000000e+00
2.786123122778423437e-03
2.786123122778423437e-03
2.463434892100034579e-02
2.463434892100034579e-02
2.463434892100034579e-02
2.463434892100034579e-02
2.463434892100034579e-02
2.463434892100034579e-02
2.463434892100034579e-02
2.463434892100034579e-02
2.463434892100034579e-02
2.463434892100034579e-02
2.463434892100034579e-02
1.140472327771373424e-02
1.140472327771373424e-02
1.140472327771373424e-02
1.140472327771373424e-02
1.140472327771373424e-02
1.140472327771373424e-02
2.041260650741567872e-02
2.041260650741567872e-02
2.148526405733345787e-03
0.000000000000000000e+00
0.000000000000000000e+00
0.000000000000000000e+00
0.000000000000000000e+00
0.000000000000000000e+00
1.771396358384258202e-03
1.771396358384258202e-03
1.771396358384258202e-03
1.771396358384258202e-03
1.771396358384258202e-03
1.771396358384258202e-03
1.771396358384258202e-03
1.771396358384258202e-03
1.771396358384258202e-03
1.771396358384258202e-03
0.000000000000000000e+00
6.784319599506404182e-03
6.784319599506404182e-03
6.784319599506404182e-03
6.784319599506404182e-03
6.784319599506404182e-03
6.784319599506404182e-03
2.427363387590398061e-02
2.427363387590398061e-02
1.425849104113868261e-02
1.425849104113868261e-02
1.456604499721182895e-02
4.011441444892944325e-02
4.011441444892944325e-02
4.011441444892944325e-02
4.011441444892944325e-02
4.011441444892944325e-02
8.990474700261407923e-03
8.990474700261407923e-03
8.990474700261407923e-03
8.990474700261407923e-03
8.464207211252073627e-04
0.000000000000000000e+00
0.000000000000000000e+00
0.000000000000000000e+00
0.000000000000000000e+00
0.000000000000000000e+00
0.000000000000000000e+00
1.783729762548990141e-02
2.093091694003119257e-02
2.093091694003119257e-02
2.093091694003119257e-02
2.093091694003119257e-02
2.093091694003119257e-02
2.093091694003119257e-02
4.593020809426047631e-03
1.348041124628525725e-02
1.348041124628525725e-02
9.619014578042152722e-03
3.002506757975340751e-02
3.002506757975340751e-02
3.002506757975340751e-02
3.002506757975340751e-02
3.002506757975340751e-02
3.002506757975340751e-02
3.002506757975340751e-02
3.002506757975340751e-02
5.259905130693073166e-03
1.295723081166647375e-02
1.295723081166647375e-02
1.295723081166647375e-02
1.295723081166647375e-02
1.295723081166647375e-02
0.000000000000000000e+00
2.203653348493551933e-02
2.203653348493551933e-02
2.203653348493551933e-02
2.203653348493551933e-02
2.203653348493551933e-02
2.203653348493551933e-02
1.697645698449099308e-02
5.241801629928708080e-03
5.241801629928708080e-03
2.820537590882175785e-03
1.241379619371999962e-02
1.241379619371999962e-02
1.241379619371999962e-02
1.241379619371999962e-02
1.241379619371999962e-02
1.241379619371999962e-02
1.241379619371999962e-02
1.241379619371999962e-02
2.791144440851057659e-03
2.791144440851057659e-03
2.791144440851057659e-03
7.441542157330174705e-03
7.441542157330174705e-03
7.441542157330174705e-03
7.441542157330174705e-03
7.441542157330174705e-03
7.441542157330174705e-03
7.441542157330174705e-03
7.441542157330174705e-03
7.441542157330174705e-03
7.441542157330174705e-03
7.441542157330174705e-03
7.441542157330174705e-03
7.441542157330174705e-03
7.441542157330174705e-03
3.937679085614703180e-03
3.937679085614703180e-03
3.937679085614703180e-03
9.785724839833328734e-03
2.989639645328952267e-02
2.989639645328952267e-02
2.989639645328952267e-02
2.405396108182398726e-02
5.080769942026267492e-03
5.080769942026267492e-03
5.080769942026267492e-03
5.080769942026267492e-03
5.080769942026267492e-03
5.080769942026267492e-03
5.080769942026267492e-03
5.080769942026267492e-03
5.080769942026267492e-03
3.475309762519752238e-02
2.252037766749559120e-02
2.252037766749559120e-02
2.252037766749559120e-02
2.252037766749559120e-02
2.252037766749559120e-02
2.252037766749559120e-02
2.252037766749559120e-02
2.252037766749559120e-02
2.102347244553709818e-02
2.068273128645095604e-02
2.068273128645095604e-02
2.068273128645095604e-02
2.068273128645095604e-02
1.185439772685647694e-02
1.219118641969845060e-03
1.219118641969845060e-03
1.219118641969845060e-03
1.219118641969845060e-03
1.219118641969845060e-03
1.219118641969845060e-03
0.000000000000000000e+00
0.000000000000000000e+00
0.000000000000000000e+00
0.000000000000000000e+00
0.000000000000000000e+00
4.098592424175923413e-03
3.162148384419890927e-03
3.162148384419890927e-03
1.199823377765526881e-02
1.740794995271267853e-02
1.740794995271267853e-02
1.740794995271267853e-02
1.740794995271267853e-02
5.994761218306614466e-03
2.365237635881194123e-02
2.365237635881194123e-02
2.365237635881194123e-02
2.365237635881194123e-02
0.000000000000000000e+00
0.000000000000000000e+00
0.000000000000000000e+00
0.000000000000000000e+00
1.033996960133985905e-02
1.033996960133985905e-02
1.033996960133985905e-02
1.033996960133985905e-02
1.033996960133985905e-02
1.828465697410660423e-02
1.185439772685647694e-02
1.104491271553707799e-02
1.559828295900564203e-02
5.951653951873689570e-03
6.585220449898374767e-03
0.000000000000000000e+00
0.000000000000000000e+00
0.000000000000000000e+00
0.000000000000000000e+00
1.606313365556233733e-02
4.835016529370083499e-03
4.739007458075240875e-03
4.739007458075240875e-03
7.805352622616321123e-03
6.785356383085267701e-03
6.785356383085267701e-03
6.785356383085267701e-03
0.000000000000000000e+00
0.000000000000000000e+00
0.000000000000000000e+00
0.000000000000000000e+00
0.000000000000000000e+00
0.000000000000000000e+00
0.000000000000000000e+00
0.000000000000000000e+00
0.000000000000000000e+00
0.000000000000000000e+00
0.000000000000000000e+00
0.000000000000000000e+00
4.835016529370083499e-03
4.835016529370083499e-03
4.835016529370083499e-03
4.835016529370083499e-03
4.835016529370083499e-03
4.835016529370083499e-03
4.835016529370083499e-03
4.835016529370083499e-03
2.169484017480102171e-03
2.169484017480102171e-03
0.000000000000000000e+00
2.434887883713529166e-03
2.434887883713529166e-03
2.434887883713529166e-03
2.434887883713529166e-03
5.994761218306614466e-03
0.000000000000000000e+00
3.035971554753146701e-02
3.434584240822298462e-02
3.434584240822298462e-02
3.434584240822298462e-02
3.434584240822298462e-02
3.434584240822298462e-02
3.434584240822298462e-02
3.434584240822298462e-02
3.434584240822298462e-02
3.434584240822298462e-02
3.434584240822298462e-02
3.434584240822298462e-02
3.434584240822298462e-02
0.000000000000000000e+00
5.363007564274565805e-03
5.363007564274565805e-03
5.363007564274565805e-03
5.363007564274565805e-03
5.363007564274565805e-03
5.363007564274565805e-03
5.363007564274565805e-03
5.363007564274565805e-03
4.530123609564903377e-03
1.281659063661376788e-02
1.281659063661376788e-02
1.281659063661376788e-02
1.281659063661376788e-02
1.281659063661376788e-02
1.367926005279797297e-02
1.367926005279797297e-02
1.367926005279797297e-02
1.367926005279797297e-02
1.306150689517627736e-02
1.367926005279797297e-02
3.657525132119639893e-03
3.657525132119639893e-03
3.657525132119639893e-03
3.657525132119639893e-03
3.657525132119639893e-03
2.355157909861370358e-02
2.355157909861370358e-02
3.169929807628414642e-02
1.901114832468639784e-02
1.156068966257097451e-02
1.156068966257097451e-02
1.156068966257097451e-02
1.156068966257097451e-02
1.156068966257097451e-02
1.156068966257097451e-02
1.156068966257097451e-02
1.156068966257097451e-02
1.156068966257097451e-02
1.156068966257097451e-02
3.731014650330371531e-03
2.842049533847814530e-02
4.282066819426396526e-02
2.928494071328540185e-02
2.928494071328540185e-02
2.928494071328540185e-02
2.928494071328540185e-02
2.025059661857527005e-02
2.025059661857527005e-02
1.160426691905772426e-02
1.160426691905772426e-02
3.170883224145593896e-04
1.242102565699496064e-03
2.555575904502249002e-02
2.555575904502249002e-02
2.555575904502249002e-02
2.555575904502249002e-02
2.555575904502249002e-02
2.555575904502249002e-02
2.555575904502249002e-02
2.555575904502249002e-02
2.555575904502249002e-02
2.555575904502249002e-02
5.170536334429817055e-03
5.170536334429817055e-03
5.170536334429817055e-03
5.170536334429817055e-03
5.170536334429817055e-03
5.170536334429817055e-03
5.170536334429817055e-03
5.170536334429817055e-03
5.170536334429817055e-03
5.170536334429817055e-03
5.170536334429817055e-03
5.170536334429817055e-03
5.170536334429817055e-03
0.000000000000000000e+00
6.700307556053062934e-03
6.700307556053062934e-03
6.700307556053062934e-03
6.700307556053062934e-03
6.700307556053062934e-03
6.700307556053062934e-03
1.551931389701495783e-03
1.680714614474292795e-02
1.680714614474292795e-02
1.680714614474292795e-02
2.814462470479202338e-02
1.680714614474292795e-02
1.680714614474292795e-02
1.680714614474292795e-02
2.103279672381343918e-02
2.408781851096576318e-02
2.408781851096576318e-02
0.000000000000000000e+00
0.000000000000000000e+00
0.000000000000000000e+00
0.000000000000000000e+00
9.031970516875719585e-03
1.749195887663779767e-03
1.749195887663779767e-03
1.749195887663779767e-03
0.000000000000000000e+00
0.000000000000000000e+00
0.000000000000000000e+00
0.000000000000000000e+00
0.000000000000000000e+00
0.000000000000000000e+00
1.479799958220098929e-03
1.479799958220098929e-03
1.479799958220098929e-03
1.479799958220098929e-03
1.479799958220098929e-03
1.479799958220098929e-03
6.931093856493498670e-03
6.931093856493498670e-03
6.931093856493498670e-03
6.931093856493498670e-03
6.931093856493498670e-03
6.931093856493498670e-03
6.931093856493498670e-03
6.931093856493498670e-03
6.931093856493498670e-03
6.931093856493498670e-03
6.931093856493498670e-03
6.931093856493498670e-03
6.931093856493498670e-03
6.931093856493498670e-03
6.931093856493498670e-03
4.933229314940236129e-03
4.933229314940236129e-03
4.933229314940236129e-03
4.933229314940236129e-03
4.933229314940236129e-03
4.933229314940236129e-03
4.933229314940236129e-03
4.933229314940236129e-03
4.933229314940236129e-03
4.933229314940236129e-03
4.933229314940236129e-03
4.933229314940236129e-03
4.933229314940236129e-03
4.933229314940236129e-03
4.933229314940236129e-03
4.933229314940236129e-03
4.933229314940236129e-03
4.933229314940236129e-03
4.933229314940236129e-03
4.933229314940236129e-03
4.933229314940236129e-03
4.933229314940236129e-03
4.933229314940236129e-03
4.933229314940236129e-03
4.933229314940236129e-03
0.000000000000000000e+00
0.000000000000000000e+00
0.000000000000000000e+00
6.579651743216344099e-03
6.463196777031612709e-03
6.463196777031612709e-03
2.131462748831415566e-02
3.080058462524019533e-02
3.080058462524019533e-02
6.125521308033343715e-02
3.080058462524019533e-02
3.080058462524019533e-02
3.080058462524019533e-02
0.000000000000000000e+00
0.000000000000000000e+00
0.000000000000000000e+00
0.000000000000000000e+00
3.907418066459986995e-03
1.203235755227773790e-02
1.203235755227773790e-02
1.203235755227773790e-02
1.203235755227773790e-02
1.358664019395603925e-02
1.529321392615527221e-02
1.529321392615527221e-02
1.529321392615527221e-02
1.529321392615527221e-02
1.529321392615527221e-02
1.529321392615527221e-02
1.529321392615527221e-02
1.529321392615527221e-02
1.529321392615527221e-02
1.529321392615527221e-02
1.529321392615527221e-02
1.529321392615527221e-02
1.529321392615527221e-02
1.529321392615527221e-02
1.529321392615527221e-02
1.529321392615527221e-02
4.975952111674313526e-03
3.258426601184829380e-03
3.258426601184829380e-03
3.258426601184829380e-03
3.258426601184829380e-03
1.289730136961463047e-02
1.289730136961463047e-02
1.807268598960110745e-02
2.820537590882175785e-03
2.820537590882175785e-03
2.820537590882175785e-03
2.820537590882175785e-03
2.820537590882175785e-03
2.820537590882175785e-03
1.632356461754328608e-02
4.295791214584540607e-02
4.295791214584540607e-02
4.295791214584540607e-02
4.295791214584540607e-02
4.295791214584540607e-02
4.295791214584540607e-02
4.295791214584540607e-02
4.295791214584540607e-02
4.295791214584540607e-02
4.295791214584540607e-02
4.295791214584540607e-02
4.295791214584540607e-02
4.295791214584540607e-02
4.295791214584540607e-02
1.625733218726906071e-02
1.625733218726906071e-02
1.625733218726906071e-02
1.625733218726906071e-02
1.625733218726906071e-02
1.625733218726906071e-02
1.625733218726906071e-02
1.625733218726906071e-02
1.625733218726906071e-02
1.625733218726906071e-02
1.625733218726906071e-02
1.034219828394930193e-02
2.103679890455685542e-02
2.103679890455685542e-02
1.399805756316059926e-02
1.912859777806221254e-02
1.912859777806221254e-02
1.912859777806221254e-02
1.912859777806221254e-02
1.912859777806221254e-02
1.912859777806221254e-02
1.912859777806221254e-02
1.912859777806221254e-02
1.114733115160995540e-02
1.114733115160995540e-02
1.974174966337237033e-02
4.018466221279766264e-03
4.018466221279766264e-03
4.018466221279766264e-03
4.018466221279766264e-03
4.018466221279766264e-03
4.018466221279766264e-03
0.000000000000000000e+00
4.018466221279766264e-03
4.329693123221346231e-03
4.329693123221346231e-03
4.329693123221346231e-03
4.329693123221346231e-03
5.475278871561358764e-03
5.475278871561358764e-03
5.475278871561358764e-03
5.475278871561358764e-03
5.475278871561358764e-03
5.475278871561358764e-03
5.475278871561358764e-03
5.475278871561358764e-03
5.475278871561358764e-03
5.475278871561358764e-03
5.475278871561358764e-03
7.348565203762944496e-03
7.348565203762944496e-03
7.348565203762944496e-03
7.348565203762944496e-03
7.348565203762944496e-03
7.348565203762944496e-03
2.561735610567212468e-02
2.561735610567212468e-02
3.891213117450336052e-03
3.891213117450336052e-03
3.891213117450336052e-03
3.891213117450336052e-03
3.891213117450336052e-03
3.891213117450336052e-03
3.891213117450336052e-03
3.891213117450336052e-03
3.891213117450336052e-03
3.891213117450336052e-03
3.891213117450336052e-03
3.251194612098155107e-02
2.830118163044526361e-02
2.830118163044526361e-02
1.118957543216393333e-02
2.327900251807580798e-02
2.327900251807580798e-02
2.327900251807580798e-02
2.327900251807580798e-02
0.000000000000000000e+00
0.000000000000000000e+00
0.000000000000000000e+00
2.672879739332800417e-02
2.672879739332800417e-02
8.244121817119601237e-03
0.000000000000000000e+00
0.000000000000000000e+00
0.000000000000000000e+00
0.000000000000000000e+00
0.000000000000000000e+00
0.000000000000000000e+00
0.000000000000000000e+00
0.000000000000000000e+00
0.000000000000000000e+00
0.000000000000000000e+00
2.652696077356716045e-02
2.652696077356716045e-02
2.652696077356716045e-02
2.652696077356716045e-02
2.652696077356716045e-02
2.652696077356716045e-02
2.652696077356716045e-02
2.652696077356716045e-02
2.652696077356716045e-02
2.652696077356716045e-02
2.652696077356716045e-02
2.652696077356716045e-02
2.652696077356716045e-02
2.652696077356716045e-02
2.652696077356716045e-02
2.652696077356716045e-02
2.652696077356716045e-02
2.609687327097444734e-02
4.168393271307373459e-05
4.168393271307373459e-05
3.907418066459986995e-03
3.907418066459986995e-03
3.907418066459986995e-03
0.000000000000000000e+00
0.000000000000000000e+00
0.000000000000000000e+00
0.000000000000000000e+00
0.000000000000000000e+00
3.477717258160035411e-03
7.666460625058920146e-04
1.505050607051700972e-03
1.505050607051700972e-03
1.505050607051700972e-03
1.505050607051700972e-03
1.433919632408086481e-03
2.243144533263108018e-03
1.003849935925319944e-02
1.003849935925319944e-02
1.003849935925319944e-02
1.003849935925319944e-02
1.003849935925319944e-02
1.003849935925319944e-02
1.905426469868556384e-03
1.905426469868556384e-03
2.363831459969886663e-03
3.536490108403196240e-04
3.536490108403196240e-04
3.536490108403196240e-04
3.536490108403196240e-04
3.536490108403196240e-04
3.536490108403196240e-04
3.536490108403196240e-04
3.536490108403196240e-04
2.578095136308339655e-02
2.578095136308339655e-02
2.578095136308339655e-02
2.578095136308339655e-02
6.986056912752464793e-03
6.986056912752464793e-03
6.986056912752464793e-03
6.986056912752464793e-03
6.986056912752464793e-03
6.986056912752464793e-03
6.986056912752464793e-03
6.986056912752464793e-03
6.986056912752464793e-03
6.986056912752464793e-03
6.986056912752464793e-03
2.043463268552009673e-02
2.043463268552009673e-02
2.043463268552009673e-02
2.043463268552009673e-02
2.043463268552009673e-02
0.000000000000000000e+00
1.448968513020787007e-03
1.448968513020787007e-03
1.448968513020787007e-03
1.448968513020787007e-03
1.448968513020787007e-03
1.448968513020787007e-03
1.448968513020787007e-03
1.448968513020787007e-03
1.448968513020787007e-03
1.448968513020787007e-03
7.680384998524989425e-03
7.680384998524989425e-03
7.680384998524989425e-03
2.361336767720972549e-02
2.550969294592185521e-02
2.550969294592185521e-02
0.000000000000000000e+00
1.063073039407854206e-02
1.063073039407854206e-02
1.063073039407854206e-02
1.063073039407854206e-02
1.063073039407854206e-02
1.063073039407854206e-02
1.063073039407854206e-02
1.387576161878086196e-02
3.250394082022284303e-02
3.000443032128238124e-02
3.475309762519752238e-02
3.363731217085685378e-03
2.102347244553709818e-02
9.945639351608560885e-03
1.592413913699946768e-02
1.592413913699946768e-02
1.592413913699946768e-02
1.592413913699946768e-02
1.592413913699946768e-02
1.592413913699946768e-02
1.077852451338775532e-02
8.445526429795402468e-03
8.445526429795402468e-03
8.445526429795402468e-03
8.445526429795402468e-03
8.445526429795402468e-03
8.445526429795402468e-03
8.445526429795402468e-03
8.445526429795402468e-03
8.445526429795402468e-03
8.445526429795402468e-03
8.445526429795402468e-03
8.445526429795402468e-03
0.000000000000000000e+00
2.440782273701604804e-02
2.440782273701604804e-02
2.440782273701604804e-02
2.440782273701604804e-02
2.440782273701604804e-02
2.440782273701604804e-02
2.440782273701604804e-02
2.440782273701604804e-02
2.440782273701604804e-02
2.440782273701604804e-02
7.839000260427995623e-03
7.839000260427995623e-03
7.839000260427995623e-03
7.839000260427995623e-03
3.979627990271097232e-02
1.580131862402638912e-03
6.415031846490164280e-03
6.415031846490164280e-03
6.415031846490164280e-03
6.415031846490164280e-03
6.415031846490164280e-03
6.415031846490164280e-03
1.372650990147446411e-02
4.806676477313678885e-04
4.806676477313678885e-04
4.806676477313678885e-04
4.806676477313678885e-04
4.806676477313678885e-04
4.806676477313678885e-04
4.806676477313678885e-04
4.806676477313678885e-04
4.806676477313678885e-04
4.806676477313678885e-04
4.806676477313678885e-04
4.806676477313678885e-04
4.806676477313678885e-04
4.806676477313678885e-04
1.169032562543206172e-02
1.169032562543206172e-02
1.151630531359664790e-02
1.151630531359664790e-02
1.151630531359664790e-02
1.151630531359664790e-02
1.151630531359664790e-02
1.151630531359664790e-02
1.151630531359664790e-02
1.151630531359664790e-02
1.151630531359664790e-02
1.151630531359664790e-02
1.151630531359664790e-02
8.412839108072008021e-03
3.640734267406105142e-03
3.640734267406105142e-03
3.640734267406105142e-03
3.640734267406105142e-03
5.780175689908847309e-03
1.898851925988761027e-02
1.898851925988761027e-02
1.898851925988761027e-02
1.898851925988761027e-02
1.898851925988761027e-02
1.898851925988761027e-02
1.779222976283253033e-03
1.779222976283253033e-03
1.779222976283253033e-03
1.779222976283253033e-03
1.779222976283253033e-03
1.779222976283253033e-03
1.888710467568515544e-02
1.888710467568515544e-02
1.888710467568515544e-02
1.888710467568515544e-02
0.000000000000000000e+00
0.000000000000000000e+00
0.000000000000000000e+00
0.000000000000000000e+00
0.000000000000000000e+00
0.000000000000000000e+00
0.000000000000000000e+00
0.000000000000000000e+00
0.000000000000000000e+00
1.091209552027173554e-02
1.450859044208032723e-02
1.450859044208032723e-02
1.450859044208032723e-02
2.239281933886706419e-02
2.239281933886706419e-02
2.239281933886706419e-02
2.239281933886706419e-02
2.010821187406192090e-02
1.762656825601396687e-04
1.762656825601396687e-04
1.762656825601396687e-04
1.762656825601396687e-04
1.762656825601396687e-04
1.762656825601396687e-04
1.762656825601396687e-04
1.762656825601396687e-04
1.762656825601396687e-04
1.762656825601396687e-04
5.007709620129602995e-03
1.131444687449916463e-02
1.131444687449916463e-02
1.131444687449916463e-02
6.610234832892159310e-03
1.842584249145988104e-02
1.842584249145988104e-02
1.842584249145988104e-02
1.842584249145988104e-02
1.842584249145988104e-02
1.842584249145988104e-02
1.842584249145988104e-02
1.842584249145988104e-02
1.842584249145988104e-02
1.842584249145988104e-02
1.842584249145988104e-02
1.842584249145988104e-02
1.842584249145988104e-02
1.842584249145988104e-02
1.842584249145988104e-02
1.842584249145988104e-02
1.842584249145988104e-02
1.842584249145988104e-02
0.000000000000000000e+00
1.842584249145988104e-02
1.842584249145988104e-02
1.842584249145988104e-02
1.842584249145988104e-02
1.842584249145988104e-02
0.000000000000000000e+00
0.000000000000000000e+00
0.000000000000000000e+00
0.000000000000000000e+00
0.000000000000000000e+00
1.635760012282954159e-02
1.635760012282954159e-02
1.635760012282954159e-02
3.000769541902073220e-02
3.354567205665944483e-03
5.822243504787740420e-04
5.822243504787740420e-04
5.822243504787740420e-04
5.822243504787740420e-04
5.822243504787740420e-04
5.574594661947538873e-03
4.183356763178337767e-02
4.183356763178337767e-02
4.183356763178337767e-02
4.183356763178337767e-02
4.183356763178337767e-02
4.183356763178337767e-02
1.104190329997758839e-02
0.000000000000000000e+00
0.000000000000000000e+00
6.387676737672215097e-03
8.230267873213785446e-03
3.033476052105128079e-02
3.033476052105128079e-02
3.033476052105128079e-02
3.033476052105128079e-02
2.578391938333396850e-03
3.245126247634777528e-02
3.245126247634777528e-02
3.245126247634777528e-02
3.245126247634777528e-02
3.245126247634777528e-02
3.245126247634777528e-02
3.354567205665944483e-03
3.354567205665944483e-03
3.354567205665944483e-03
3.354567205665944483e-03
3.354567205665944483e-03
3.354567205665944483e-03
0.000000000000000000e+00
1.082520878017671426e-02
1.082520878017671426e-02
1.082520878017671426e-02
1.082520878017671426e-02
2.056745779104000860e-02
2.818596622748754943e-03
2.818596622748754943e-03
2.818596622748754943e-03
2.818596622748754943e-03
2.818596622748754943e-03
2.818596622748754943e-03
2.818596622748754943e-03
2.818596622748754943e-03
2.818596622748754943e-03
2.818596622748754943e-03
2.818596622748754943e-03
2.818596622748754943e-03
2.818596622748754943e-03
2.818596622748754943e-03
3.925875756858245025e-03
5.078409076931093835e-02
5.078409076931093835e-02
5.078409076931093835e-02
5.078409076931093835e-02
8.463008357410614288e-03
8.463008357410614288e-03
8.463008357410614288e-03
8.463008357410614288e-03
8.463008357410614288e-03
8.463008357410614288e-03
8.463008357410614288e-03
1.330436553927457320e-02
8.463008357410614288e-03
8.463008357410614288e-03
8.463008357410614288e-03
8.463008357410614288e-03
8.463008357410614288e-03
8.463008357410614288e-03
8.463008357410614288e-03
8.463008357410614288e-03
1.101930225343373572e-02
1.101930225343373572e-02
0.000000000000000000e+00
0.000000000000000000e+00
0.000000000000000000e+00
0.000000000000000000e+00
0.000000000000000000e+00
0.000000000000000000e+00
0.000000000000000000e+00
0.000000000000000000e+00
0.000000000000000000e+00
1.880201380058620390e-03
1.880201380058620390e-03
1.880201380058620390e-03
1.880201380058620390e-03
8.346533778739629802e-03
8.346533778739629802e-03
8.346533778739629802e-03
1.406869910094862494e-02
3.676813117469738493e-03
2.681040469119849376e-02
1.449580582268916902e-02
1.449580582268916902e-02
3.035971554753146701e-02
3.035971554753146701e-02
3.035971554753146701e-02
3.035971554753146701e-02
0.000000000000000000e+00
0.000000000000000000e+00
0.000000000000000000e+00
0.000000000000000000e+00
0.000000000000000000e+00
2.138746609959525299e-02
3.819694207994049715e-03
3.819694207994049715e-03
0.000000000000000000e+00
0.000000000000000000e+00
0.000000000000000000e+00
0.000000000000000000e+00
0.000000000000000000e+00
3.700226753037555525e-03
0.000000000000000000e+00
0.000000000000000000e+00
0.000000000000000000e+00
0.000000000000000000e+00
0.000000000000000000e+00
0.000000000000000000e+00
0.000000000000000000e+00
1.080089945446522336e-02
1.265528531531986099e-03
1.265528531531986099e-03
1.265528531531986099e-03
1.602126920551188646e-02
1.602126920551188646e-02
1.602126920551188646e-02
1.602126920551188646e-02
1.602126920551188646e-02
1.602126920551188646e-02
1.602126920551188646e-02
1.602126920551188646e-02
1.602126920551188646e-02
1.602126920551188646e-02
1.602126920551188646e-02
1.641742788468989389e-03
5.382755027398417220e-03
5.382755027398417220e-03
5.382755027398417220e-03
5.382755027398417220e-03
1.832540190203488240e-02
1.832540190203488240e-02
1.832540190203488240e-02
1.832540190203488240e-02
1.832540190203488240e-02
1.117198678106119149e-02
3.137649910108469224e-03
9.545597973080495804e-03
9.545597973080495804e-03
2.108544778792690103e-02
2.108544778792690103e-02
1.456604499721182895e-02
1.456604499721182895e-02
3.820406134357485356e-02
1.667265997648917364e-02
1.667265997648917364e-02
1.667265997648917364e-02
1.667265997648917364e-02
2.332453512259354683e-02
2.291028120631906362e-02
1.058667867200150129e-03
1.832276293899553696e-02
1.832276293899553696e-02
1.832276293899553696e-02
1.832276293899553696e-02
1.832276293899553696e-02
1.832276293899553696e-02
5.443696723130742390e-03
1.951663242567511615e-03
1.951663242567511615e-03
1.226688117305338790e-02
1.732960566385978798e-02
1.732960566385978798e-02
0.000000000000000000e+00
0.000000000000000000e+00
4.613340070314293079e-02
4.613340070314293079e-02
4.613340070314293079e-02
4.613340070314293079e-02
9.662855925350532019e-03
9.662855925350532019e-03
3.051835810266766147e-03
3.051835810266766147e-03
3.051835810266766147e-03
3.051835810266766147e-03
3.051835810266766147e-03
3.051835810266766147e-03
3.051835810266766147e-03
3.051835810266766147e-03
0.000000000000000000e+00
1.433356652401141830e-02
1.433356652401141830e-02
1.433356652401141830e-02
1.433356652401141830e-02
5.347202230919281644e-03
1.433356652401141830e-02
1.433356652401141830e-02
1.433356652401141830e-02
1.395794328317480695e-02
1.661197919957885238e-02
1.661197919957885238e-02
1.661197919957885238e-02
1.661197919957885238e-02
1.661197919957885238e-02
1.181914487888058307e-02
0.000000000000000000e+00
0.000000000000000000e+00
9.877282162016405749e-04
4.440213199753580142e-03
7.598602650212793637e-03
7.598602650212793637e-03
7.598602650212793637e-03
7.598602650212793637e-03
2.421924754726436941e-03
4.440213199753580142e-03
0.000000000000000000e+00
7.343183267453493035e-03
7.343183267453493035e-03
4.429421065143484583e-03
2.129241955133805847e-02
2.129241955133805847e-02
0.000000000000000000e+00
0.000000000000000000e+00
0.000000000000000000e+00
0.000000000000000000e+00
0.000000000000000000e+00
0.000000000000000000e+00
0.000000000000000000e+00
2.318092177799429068e-02
1.919677579134544329e-02
1.919677579134544329e-02
1.522366058517432910e-02
1.522366058517432910e-02
1.522366058517432910e-02
1.522366058517432910e-02
1.522366058517432910e-02
1.522366058517432910e-02
1.702734141953084895e-02
2.386281840461798587e-02
2.027224858175656619e-02
2.027224858175656619e-02
3.268262976307542700e-02
9.688320113707925285e-02
9.688320113707925285e-02
9.688320113707925285e-02
9.688320113707925285e-02
9.688320113707925285e-02
9.688320113707925285e-02
6.387676737672215097e-03
6.387676737672215097e-03
6.387676737672215097e-03
6.387676737672215097e-03
6.387676737672215097e-03
6.387676737672215097e-03
6.059922694515031778e-04
1.610719198418702341e-02
1.610719198418702341e-02
1.610719198418702341e-02
1.610719198418702341e-02
1.610719198418702341e-02
1.610719198418702341e-02
1.610719198418702341e-02
1.610719198418702341e-02
1.610719198418702341e-02
1.610719198418702341e-02
6.898931621476638888e-03
6.898931621476638888e-03
6.898931621476638888e-03
6.898931621476638888e-03
4.429421065143484583e-03
4.429421065143484583e-03
4.429421065143484583e-03
4.429421065143484583e-03
4.429421065143484583e-03
2.101647237040188756e-02
2.062297313062920814e-02
2.062297313062920814e-02
2.062297313062920814e-02
2.062297313062920814e-02
9.769092753391862838e-03
9.769092753391862838e-03
9.769092753391862838e-03
9.769092753391862838e-03
1.139139366532460063e-02
1.259972219856119249e-02
1.259972219856119249e-02
1.259972219856119249e-02
1.259972219856119249e-02
1.259972219856119249e-02
1.275275672896478314e-02
5.050309731878815586e-03
5.050309731878815586e-03
5.050309731878815586e-03
5.050309731878815586e-03
0.000000000000000000e+00
0.000000000000000000e+00
0.000000000000000000e+00
0.000000000000000000e+00
2.217987583638227414e-03
5.680336495940462548e-03
5.680336495940462548e-03
5.680336495940462548e-03
1.450063866158851980e-02
1.450063866158851980e-02
1.450063866158851980e-02
1.450063866158851980e-02
1.450063866158851980e-02
1.450063866158851980e-02
1.450063866158851980e-02
1.450063866158851980e-02
1.450063866158851980e-02
1.450063866158851980e-02
1.450063866158851980e-02
1.450063866158851980e-02
1.450063866158851980e-02
1.450063866158851980e-02
1.450063866158851980e-02
1.450063866158851980e-02
1.450063866158851980e-02
1.450063866158851980e-02
1.450063866158851980e-02
1.450063866158851980e-02
1.450063866158851980e-02
7.223876623386327189e-02
5.220222254377623189e-02
5.220222254377623189e-02
5.220222254377623189e-02
5.220222254377623189e-02
5.220222254377623189e-02
5.220222254377623189e-02
5.220222254377623189e-02
5.220222254377623189e-02
2.738273472408738266e-03
2.738273472408738266e-03
2.738273472408738266e-03
2.738273472408738266e-03
2.738273472408738266e-03
0.000000000000000000e+00
0.000000000000000000e+00
0.000000000000000000e+00
0.000000000000000000e+00
0.000000000000000000e+00
0.000000000000000000e+00
0.000000000000000000e+00
0.000000000000000000e+00
0.000000000000000000e+00
0.000000000000000000e+00
0.000000000000000000e+00
0.000000000000000000e+00
0.000000000000000000e+00
2.010057963606097856e-02
9.445032593558885109e-03
9.445032593558885109e-03
2.736785221712123226e-02
2.736785221712123226e-02
1.406869910094862494e-02
1.406869910094862494e-02
1.406869910094862494e-02
1.406869910094862494e-02
2.106772719421611678e-02
0.000000000000000000e+00
0.000000000000000000e+00
0.000000000000000000e+00
0.000000000000000000e+00
0.000000000000000000e+00
0.000000000000000000e+00
0.000000000000000000e+00
0.000000000000000000e+00
1.805365419872377239e-02
1.742984814782485431e-02
1.742984814782485431e-02
1.751681252330658176e-02
1.751681252330658176e-02
1.751681252330658176e-02
1.751681252330658176e-02
1.104055108467136628e-02
1.104055108467136628e-02
1.627650173454043767e-02
0.000000000000000000e+00
0.000000000000000000e+00
2.437269653068688605e-02
2.437269653068688605e-02
2.437269653068688605e-02
2.437269653068688605e-02
2.437269653068688605e-02
2.437269653068688605e-02
2.437269653068688605e-02
2.437269653068688605e-02
2.437269653068688605e-02
2.437269653068688605e-02
2.437269653068688605e-02
2.437269653068688605e-02
2.437269653068688605e-02
2.437269653068688605e-02
2.437269653068688605e-02
2.437269653068688605e-02
2.437269653068688605e-02
4.820671480493546324e-03
2.437269653068688605e-02
2.035598938762691462e-02
3.330100447141989568e-03
2.287384786311212961e-02
2.287384786311212961e-02
2.287384786311212961e-02
3.379447625075006345e-02
1.316110282124135188e-02
1.316110282124135188e-02
1.316110282124135188e-02
1.316110282124135188e-02
1.316110282124135188e-02
1.316110282124135188e-02
1.316110282124135188e-02
1.316110282124135188e-02
1.316110282124135188e-02
1.316110282124135188e-02
1.506139537718597168e-02
0.000000000000000000e+00
1.226688117305338790e-02
1.180592552082563272e-02
1.180592552082563272e-02
1.180592552082563272e-02
1.180592552082563272e-02
1.180592552082563272e-02
1.180592552082563272e-02
1.180592552082563272e-02
1.180592552082563272e-02
1.180592552082563272e-02
1.180592552082563272e-02
1.180592552082563272e-02
1.180592552082563272e-02
1.860575321556729236e-02
2.015553765620680532e-02
2.015553765620680532e-02
2.015553765620680532e-02
2.015553765620680532e-02
2.015553765620680532e-02
2.015553765620680532e-02
4.359636428009661807e-02
1.719193426207521469e-02
1.719193426207521469e-02
1.719193426207521469e-02
1.719193426207521469e-02
1.719193426207521469e-02
9.031970516875719585e-03
9.031970516875719585e-03
9.031970516875719585e-03
9.031970516875719585e-03
0.000000000000000000e+00
0.000000000000000000e+00
0.000000000000000000e+00
0.000000000000000000e+00
0.000000000000000000e+00
2.832279844377244386e-03
2.832279844377244386e-03
2.832279844377244386e-03
2.832279844377244386e-03
2.832279844377244386e-03
2.832279844377244386e-03
2.832279844377244386e-03
2.832279844377244386e-03
2.832279844377244386e-03
2.832279844377244386e-03
2.832279844377244386e-03
2.832279844377244386e-03
2.832279844377244386e-03
1.783729762548990141e-02
1.890283976009866571e-02
1.890283976009866571e-02
1.890283976009866571e-02
1.890283976009866571e-02
1.890283976009866571e-02
1.890283976009866571e-02
1.890283976009866571e-02
1.890283976009866571e-02
1.890283976009866571e-02
1.890283976009866571e-02
1.890283976009866571e-02
0.000000000000000000e+00
0.000000000000000000e+00
0.000000000000000000e+00
3.231566638568549726e-02
3.231566638568549726e-02
3.231566638568549726e-02
3.231566638568549726e-02
3.231566638568549726e-02
0.000000000000000000e+00
0.000000000000000000e+00
1.601153609319047599e-02
2.424251665125865939e-03
2.424251665125865939e-03
9.003022128935982832e-03
9.003022128935982832e-03
2.716724253944911155e-02
2.716724253944911155e-02
2.716724253944911155e-02
2.716724253944911155e-02
5.269594575184088567e-03
5.269594575184088567e-03
1.106335042928500469e-02
1.189828603011524287e-02
1.189828603011524287e-02
1.189828603011524287e-02
1.189828603011524287e-02
1.189828603011524287e-02
1.189828603011524287e-02
2.332453512259354683e-02
2.332453512259354683e-02
0.000000000000000000e+00
0.000000000000000000e+00
0.000000000000000000e+00
3.813999971077567091e-03
1.791872587676454631e-02
1.791872587676454631e-02
1.791872587676454631e-02
1.791872587676454631e-02
1.791872587676454631e-02
1.791872587676454631e-02
4.626133431068226950e-04
4.626133431068226950e-04
4.626133431068226950e-04
4.626133431068226950e-04
4.626133431068226950e-04
4.626133431068226950e-04
4.626133431068226950e-04
4.626133431068226950e-04
4.626133431068226950e-04
4.626133431068226950e-04
4.626133431068226950e-04
4.626133431068226950e-04
4.626133431068226950e-04
0.000000000000000000e+00
2.770977090941704676e-02
5.594002584488201590e-03
0.000000000000000000e+00
0.000000000000000000e+00
0.000000000000000000e+00
0.000000000000000000e+00
0.000000000000000000e+00
0.000000000000000000e+00
0.000000000000000000e+00
0.000000000000000000e+00
0.000000000000000000e+00
1.658223677328259094e-02
1.658223677328259094e-02
1.658223677328259094e-02
1.658223677328259094e-02
1.395794328317480695e-02
1.395794328317480695e-02
1.395794328317480695e-02
1.395794328317480695e-02
1.818692949290857952e-02
1.818692949290857952e-02
1.818692949290857952e-02
1.818692949290857952e-02
1.224357941252804220e-02
5.588536073995614174e-03
5.588536073995614174e-03
5.588536073995614174e-03
5.588536073995614174e-03
5.588536073995614174e-03
5.588536073995614174e-03
5.588536073995614174e-03
5.588536073995614174e-03
1.697645698449099308e-02
1.697645698449099308e-02
1.697645698449099308e-02
1.697645698449099308e-02
1.697645698449099308e-02
1.697645698449099308e-02
1.697645698449099308e-02
1.697645698449099308e-02
1.697645698449099308e-02
1.697645698449099308e-02
1.697645698449099308e-02
1.697645698449099308e-02
2.003437812411594174e-02
1.089994357733088106e-03
1.089994357733088106e-03
1.089994357733088106e-03
1.089994357733088106e-03
1.089994357733088106e-03
1.089994357733088106e-03
1.089994357733088106e-03
1.089994357733088106e-03
1.089994357733088106e-03
1.089994357733088106e-03
1.089994357733088106e-03
1.089994357733088106e-03
2.667444365587953378e-02
2.667444365587953378e-02
2.667444365587953378e-02
2.667444365587953378e-02
2.472392279797274231e-02
2.472392279797274231e-02
2.472392279797274231e-02
2.472392279797274231e-02
2.472392279797274231e-02
2.472392279797274231e-02
2.472392279797274231e-02
2.472392279797274231e-02
2.472392279797274231e-02
2.472392279797274231e-02
2.472392279797274231e-02
2.764842968663984088e-03
7.316625552838577212e-03
7.316625552838577212e-03
7.316625552838577212e-03
7.316625552838577212e-03
7.316625552838577212e-03
7.316625552838577212e-03
7.316625552838577212e-03
7.316625552838577212e-03
1.282515577647480066e-02
1.282515577647480066e-02
1.282515577647480066e-02
2.653673880802426277e-02
2.653673880802426277e-02
2.653673880802426277e-02
2.653673880802426277e-02
2.014689351121670344e-02
1.736956475674933387e-02
1.736956475674933387e-02
1.028330503450967937e-02
2.181677383272239909e-02
2.181677383272239909e-02
2.041188271722720396e-02
2.041188271722720396e-02
2.041188271722720396e-02
0.000000000000000000e+00
0.000000000000000000e+00
0.000000000000000000e+00
0.000000000000000000e+00
0.000000000000000000e+00
0.000000000000000000e+00
3.604135316867513195e-03
7.722656792902753489e-03
7.722656792902753489e-03
7.722656792902753489e-03
1.974174966337237033e-02
1.181570050610139533e-02
4.139217263969706927e-03
4.139217263969706927e-03
4.139217263969706927e-03
4.139217263969706927e-03
4.139217263969706927e-03
4.139217263969706927e-03
1.076781956091298238e-02
1.085618335374855491e-03
1.085618335374855491e-03
1.085618335374855491e-03
1.085618335374855491e-03
1.085618335374855491e-03
1.085618335374855491e-03
7.923305844167392517e-03
0.000000000000000000e+00
0.000000000000000000e+00
1.483999527449150931e-02
0.000000000000000000e+00
0.000000000000000000e+00
1.302813452626592171e-02
2.014689351121670344e-02
3.813999971077567091e-03
0.000000000000000000e+00
0.000000000000000000e+00
0.000000000000000000e+00
0.000000000000000000e+00
1.511897799157255542e-02
4.647486350796060234e-02
4.647486350796060234e-02
4.647486350796060234e-02
4.647486350796060234e-02
1.143415425440094235e-03
1.143415425440094235e-03
1.143415425440094235e-03
1.143415425440094235e-03
1.143415425440094235e-03
1.143415425440094235e-03
1.143415425440094235e-03
1.143415425440094235e-03
1.143415425440094235e-03
1.143415425440094235e-03
2.101647237040188756e-02
2.101647237040188756e-02
2.101647237040188756e-02
2.957116508314332204e-02
2.509656986186341310e-02
5.436097246034830507e-03
0.000000000000000000e+00
1.455040774138525138e-02
3.137649910108469224e-03
3.137649910108469224e-03
3.137649910108469224e-03
0.000000000000000000e+00
0.000000000000000000e+00
0.000000000000000000e+00
7.280502966900936380e-03
7.280502966900936380e-03
7.280502966900936380e-03
7.280502966900936380e-03
7.280502966900936380e-03
7.280502966900936380e-03
2.491255523654921367e-02
2.663509281979871066e-02
2.663509281979871066e-02
7.223876623386327189e-02
7.223876623386327189e-02
7.223876623386327189e-02
7.223876623386327189e-02
2.948952508046361054e-02
2.948952508046361054e-02
0.000000000000000000e+00
0.000000000000000000e+00
0.000000000000000000e+00
6.421943275954763650e-03
1.284956652944388954e-02
4.593020809426047631e-03
2.557968741733988990e-04
0.000000000000000000e+00
0.000000000000000000e+00
0.000000000000000000e+00
6.591545218930528090e-03
6.591545218930528090e-03
6.591545218930528090e-03
2.000801119044638698e-03
6.591545218930528090e-03
2.241811717208529176e-02
6.591545218930528090e-03
6.591545218930528090e-03
6.591545218930528090e-03
6.591545218930528090e-03
6.591545218930528090e-03
7.757916668114404413e-04
1.555466156817010906e-02
1.555466156817010906e-02
1.555466156817010906e-02
1.555466156817010906e-02
0.000000000000000000e+00
0.000000000000000000e+00
4.645670463348849054e-03
7.322242008049022026e-03
7.322242008049022026e-03
0.000000000000000000e+00
0.000000000000000000e+00
0.000000000000000000e+00
0.000000000000000000e+00
0.000000000000000000e+00
0.000000000000000000e+00
2.676573759796435983e-02
2.676573759796435983e-02
2.676573759796435983e-02
2.676573759796435983e-02
0.000000000000000000e+00
3.345904229812990058e-03
1.442248761447539017e-02
2.632266747660164455e-02
2.632266747660164455e-02
2.632266747660164455e-02
2.632266747660164455e-02
1.538167106096014446e-02
2.003999585406850484e-02
2.003999585406850484e-02
2.003999585406850484e-02
2.003999585406850484e-02
2.003999585406850484e-02
2.003999585406850484e-02
0.000000000000000000e+00
0.000000000000000000e+00
3.330100447141989568e-03
3.330100447141989568e-03
3.330100447141989568e-03
3.330100447141989568e-03
2.557968741733988990e-04
2.557968741733988990e-04
2.557968741733988990e-04
2.557968741733988990e-04
7.757916668114404413e-04
7.757916668114404413e-04
7.757916668114404413e-04
7.757916668114404413e-04
7.757916668114404413e-04
0.000000000000000000e+00
0.000000000000000000e+00
0.000000000000000000e+00
0.000000000000000000e+00
0.000000000000000000e+00
0.000000000000000000e+00
0.000000000000000000e+00
0.000000000000000000e+00
1.643946030810851042e-02
1.643946030810851042e-02
1.643946030810851042e-02
1.643946030810851042e-02
1.643946030810851042e-02
1.643946030810851042e-02
1.643946030810851042e-02
1.643946030810851042e-02
1.643946030810851042e-02
1.643946030810851042e-02
1.643946030810851042e-02
0.000000000000000000e+00
0.000000000000000000e+00
1.632356461754328608e-02
1.632356461754328608e-02
2.148526405733345787e-03
2.963084684265389693e-02
2.963084684265389693e-02
2.963084684265389693e-02
2.160644178312818089e-02
1.465741715282536592e-02
2.160644178312818089e-02
2.160644178312818089e-02
2.160644178312818089e-02
2.160644178312818089e-02
2.160644178312818089e-02
2.160644178312818089e-02
2.160644178312818089e-02
2.160644178312818089e-02
2.160644178312818089e-02
2.160644178312818089e-02
2.160644178312818089e-02
2.160644178312818089e-02
2.160644178312818089e-02
2.160644178312818089e-02
2.160644178312818089e-02
2.160644178312818089e-02
2.160644178312818089e-02
1.465741715282536592e-02
2.310515053399778487e-02
2.310515053399778487e-02
2.310515053399778487e-02
2.310515053399778487e-02
2.310515053399778487e-02
2.310515053399778487e-02
2.310515053399778487e-02
2.310515053399778487e-02
2.310515053399778487e-02
2.310515053399778487e-02
2.310515053399778487e-02
2.310515053399778487e-02
2.310515053399778487e-02
2.523376760140237651e-02
3.987029703183063434e-03
3.987029703183063434e-03
3.987029703183063434e-03
3.987029703183063434e-03
3.987029703183063434e-03
5.307579035771156639e-03
1.731250670312906893e-03
1.731250670312906893e-03
1.731250670312906893e-03
1.731250670312906893e-03
1.731250670312906893e-03
1.731250670312906893e-03
1.731250670312906893e-03
1.731250670312906893e-03
1.731250670312906893e-03
1.731250670312906893e-03
1.731250670312906893e-03
1.731250670312906893e-03
1.731250670312906893e-03
1.731250670312906893e-03
1.731250670312906893e-03
1.731250670312906893e-03
1.833991234899276339e-03
1.833991234899276339e-03
1.387576161878086196e-02
0.000000000000000000e+00
0.000000000000000000e+00
1.076650928801424316e-02
0.000000000000000000e+00
0.000000000000000000e+00
0.000000000000000000e+00
0.000000000000000000e+00
0.000000000000000000e+00
0.000000000000000000e+00
9.945639351608560885e-03
1.762898611156554773e-02
1.762898611156554773e-02
0.000000000000000000e+00
0.000000000000000000e+00
1.735951784575920712e-02
1.735951784575920712e-02
0.000000000000000000e+00
0.000000000000000000e+00
0.000000000000000000e+00
0.000000000000000000e+00
3.646538956587965646e-02
1.612395245398564811e-02
1.612395245398564811e-02
1.612395245398564811e-02
1.612395245398564811e-02
1.612395245398564811e-02
1.612395245398564811e-02
1.612395245398564811e-02
1.612395245398564811e-02
1.612395245398564811e-02
1.612395245398564811e-02
1.428033787372780077e-02
1.428033787372780077e-02
4.499588849236372742e-03
4.499588849236372742e-03
4.499588849236372742e-03
4.499588849236372742e-03
4.499588849236372742e-03
4.499588849236372742e-03
0.000000000000000000e+00
8.271673202177649842e-03
8.271673202177649842e-03
8.271673202177649842e-03
8.271673202177649842e-03
8.271673202177649842e-03
8.271673202177649842e-03
8.271673202177649842e-03
8.271673202177649842e-03
1.884822425970772777e-02
3.541937236782944504e-02
3.541937236782944504e-02
3.541937236782944504e-02
3.541937236782944504e-02
3.541937236782944504e-02
3.541937236782944504e-02
1.167322871903729575e-02
1.167322871903729575e-02
0.000000000000000000e+00
0.000000000000000000e+00
0.000000000000000000e+00
5.226479152484537387e-04
8.146382813649637872e-03
8.146382813649637872e-03
2.578391938333396850e-03
0.000000000000000000e+00
1.760390063678272249e-02
2.491255523654921367e-02
2.491255523654921367e-02
2.491255523654921367e-02
2.491255523654921367e-02
2.491255523654921367e-02
2.691238033235769482e-03
2.691238033235769482e-03
1.687265628721751343e-02
1.687265628721751343e-02
1.687265628721751343e-02
1.687265628721751343e-02
1.687265628721751343e-02
1.687265628721751343e-02
1.687265628721751343e-02
4.108252419794200874e-03
2.718174289921603676e-02
1.175814948130069967e-02
1.175814948130069967e-02
1.175814948130069967e-02
1.175814948130069967e-02
1.175814948130069967e-02
1.175814948130069967e-02
1.591723319549318352e-02
2.002228183357333824e-02
2.002228183357333824e-02
2.190690985406968869e-02
1.076650928801424316e-02
1.191203340304547182e-03
1.191203340304547182e-03
1.191203340304547182e-03
1.191203340304547182e-03
2.609687327097444734e-02
2.386281840461798587e-02
1.293517649513915672e-02
1.293517649513915672e-02
1.293517649513915672e-02
1.293517649513915672e-02
1.293517649513915672e-02
1.293517649513915672e-02
1.293517649513915672e-02
1.293517649513915672e-02
1.293517649513915672e-02
1.293517649513915672e-02
0.000000000000000000e+00
0.000000000000000000e+00
0.000000000000000000e+00
0.000000000000000000e+00
0.000000000000000000e+00
0.000000000000000000e+00
0.000000000000000000e+00
0.000000000000000000e+00
0.000000000000000000e+00
0.000000000000000000e+00
0.000000000000000000e+00
2.106772719421611678e-02
2.106772719421611678e-02
1.229715239510316763e-02
1.229715239510316763e-02
2.368395558351355998e-02
2.475412672468704604e-03
2.475412672468704604e-03
2.475412672468704604e-03
8.655901275220950764e-03
8.655901275220950764e-03
8.655901275220950764e-03
8.655901275220950764e-03
8.655901275220950764e-03
8.655901275220950764e-03
1.760390063678272249e-02
9.565606248390572802e-03
9.565606248390572802e-03
9.565606248390572802e-03
9.565606248390572802e-03
9.565606248390572802e-03
8.180541196331511319e-03
6.862801822401917370e-03
6.862801822401917370e-03
6.862801822401917370e-03
6.862801822401917370e-03
6.862801822401917370e-03
6.862801822401917370e-03
3.251194612098155107e-02
0.000000000000000000e+00
0.000000000000000000e+00
0.000000000000000000e+00
0.000000000000000000e+00
0.000000000000000000e+00
0.000000000000000000e+00
0.000000000000000000e+00
0.000000000000000000e+00
9.439413367933758778e-03
9.439413367933758778e-03
0.000000000000000000e+00
0.000000000000000000e+00
0.000000000000000000e+00
0.000000000000000000e+00
2.072708121505250148e-02
1.635532995644125437e-02
1.635532995644125437e-02
1.635532995644125437e-02
1.635532995644125437e-02
1.635532995644125437e-02
1.635532995644125437e-02
1.896824741951062820e-02
4.510344184512060650e-02
4.510344184512060650e-02
4.510344184512060650e-02
4.752154648353042014e-03
4.752154648353042014e-03
4.752154648353042014e-03
4.752154648353042014e-03
4.752154648353042014e-03
4.752154648353042014e-03
4.752154648353042014e-03
4.752154648353042014e-03
4.752154648353042014e-03
4.752154648353042014e-03
2.869191782373616516e-03
0.000000000000000000e+00
0.000000000000000000e+00
0.000000000000000000e+00
0.000000000000000000e+00
1.177566190772055127e-02
3.182158418742384726e-02
3.182158418742384726e-02
3.182158418742384726e-02
3.182158418742384726e-02
3.170883224145593896e-04
3.170883224145593896e-04
7.643552962564749420e-02
1.909467562359073306e-02
1.909467562359073306e-02
1.909467562359073306e-02
1.909467562359073306e-02
1.909467562359073306e-02
1.909467562359073306e-02
5.574594661947538873e-03
0.000000000000000000e+00
0.000000000000000000e+00
0.000000000000000000e+00
0.000000000000000000e+00
0.000000000000000000e+00
0.000000000000000000e+00
0.000000000000000000e+00
0.000000000000000000e+00
0.000000000000000000e+00
0.000000000000000000e+00
8.506016887906931931e-03
8.506016887906931931e-03
8.506016887906931931e-03
8.506016887906931931e-03
8.506016887906931931e-03
8.506016887906931931e-03
8.506016887906931931e-03
8.506016887906931931e-03
1.306150689517627736e-02
0.000000000000000000e+00
2.365934042358019615e-02
2.365934042358019615e-02
2.365934042358019615e-02
2.365934042358019615e-02
2.365934042358019615e-02
2.365934042358019615e-02
2.365934042358019615e-02
2.365934042358019615e-02
2.365934042358019615e-02
2.365934042358019615e-02
0.000000000000000000e+00
0.000000000000000000e+00
3.989601839200136724e-02
1.302273171598552701e-02
1.302273171598552701e-02
2.594592442018044814e-02
1.421384138545734059e-03
1.421384138545734059e-03
1.421384138545734059e-03
1.421384138545734059e-03
1.421384138545734059e-03
1.421384138545734059e-03
1.421384138545734059e-03
1.421384138545734059e-03
1.421384138545734059e-03
7.049431969857095776e-03
7.049431969857095776e-03
7.049431969857095776e-03
7.049431969857095776e-03
1.029330289603655815e-02
1.029330289603655815e-02
3.548397789105072614e-02
2.681040469119849376e-02
2.681040469119849376e-02
2.681040469119849376e-02
2.681040469119849376e-02
2.681040469119849376e-02
2.386696097188170489e-05
1.335075377236111770e-02
0.000000000000000000e+00
7.715901529387266498e-03
7.715901529387266498e-03
7.715901529387266498e-03
7.715901529387266498e-03
7.715901529387266498e-03
7.715901529387266498e-03
7.715901529387266498e-03
7.715901529387266498e-03
7.715901529387266498e-03
7.715901529387266498e-03
2.104681365812256441e-02
2.957116508314332204e-02
9.158601863200461352e-03
9.158601863200461352e-03
9.158601863200461352e-03
9.158601863200461352e-03
8.681179912958667672e-03
1.900838507197773544e-03
1.900838507197773544e-03
1.177566190772055127e-02
1.177566190772055127e-02
1.177566190772055127e-02
1.387576161878086196e-02
1.387576161878086196e-02
1.387576161878086196e-02
1.387576161878086196e-02
1.387576161878086196e-02
8.647666491885171516e-03
1.760390063678272249e-02
2.609687327097444734e-02
2.609687327097444734e-02
2.609687327097444734e-02
2.086499103075729541e-02
2.114893653124864589e-02
1.914358794324641164e-02
1.914358794324641164e-02
1.914358794324641164e-02
1.914358794324641164e-02
1.914358794324641164e-02
1.914358794324641164e-02
1.914358794324641164e-02
1.914358794324641164e-02
7.494045928470578592e-03
7.494045928470578592e-03
7.494045928470578592e-03
7.494045928470578592e-03
0.000000000000000000e+00
0.000000000000000000e+00
0.000000000000000000e+00
0.000000000000000000e+00
0.000000000000000000e+00
0.000000000000000000e+00
0.000000000000000000e+00
0.000000000000000000e+00
0.000000000000000000e+00
0.000000000000000000e+00
0.000000000000000000e+00
0.000000000000000000e+00
0.000000000000000000e+00
0.000000000000000000e+00
0.000000000000000000e+00
0.000000000000000000e+00
3.196991455557356837e-02
3.196991455557356837e-02
2.394533431997089221e-02
1.754907495063352070e-03
1.754907495063352070e-03
1.754907495063352070e-03
1.754907495063352070e-03
1.754907495063352070e-03
1.754907495063352070e-03
1.754907495063352070e-03
2.245133657189407259e-02
6.026803839914838916e-03
0.000000000000000000e+00
0.000000000000000000e+00
2.421924754726436941e-03
2.421924754726436941e-03
0.000000000000000000e+00
0.000000000000000000e+00
0.000000000000000000e+00
0.000000000000000000e+00
0.000000000000000000e+00
0.000000000000000000e+00
0.000000000000000000e+00
0.000000000000000000e+00
0.000000000000000000e+00
0.000000000000000000e+00
0.000000000000000000e+00
0.000000000000000000e+00
0.000000000000000000e+00
0.000000000000000000e+00
0.000000000000000000e+00
2.493367300891284957e-02
1.602225082582981342e-03
1.602225082582981342e-03
1.602225082582981342e-03
1.602225082582981342e-03
1.602225082582981342e-03
1.602225082582981342e-03
4.829389385288140706e-03
4.829389385288140706e-03
2.505871695591661494e-02
3.894181402264811770e-02
3.894181402264811770e-02
6.811453122058127793e-03
6.811453122058127793e-03
6.811453122058127793e-03
6.811453122058127793e-03
8.870320158372163588e-03
3.325690189298563526e-02
3.325690189298563526e-02
0.000000000000000000e+00
0.000000000000000000e+00
6.125521308033343715e-02
2.131462748831415566e-02
2.131462748831415566e-02
1.118957543216393333e-02
2.654542296319765959e-02
2.654542296319765959e-02
0.000000000000000000e+00
0.000000000000000000e+00
0.000000000000000000e+00
0.000000000000000000e+00
4.637249144471698031e-03
4.637249144471698031e-03
4.637249144471698031e-03
4.637249144471698031e-03
4.637249144471698031e-03
4.637249144471698031e-03
1.603816956745125755e-02
1.368088529644930461e-02
1.368088529644930461e-02
1.368088529644930461e-02
1.368088529644930461e-02
1.368088529644930461e-02
1.368088529644930461e-02
3.370204577853715133e-02
3.370204577853715133e-02
0.000000000000000000e+00
0.000000000000000000e+00
1.733260153475376861e-02
1.733260153475376861e-02
1.733260153475376861e-02
1.733260153475376861e-02
2.138746609959525299e-02
0.000000000000000000e+00
0.000000000000000000e+00
0.000000000000000000e+00
0.000000000000000000e+00
2.902561149230448168e-02
8.233523702237698083e-03
2.902561149230448168e-02
2.902561149230448168e-02
0.000000000000000000e+00
0.000000000000000000e+00
1.901114832468639784e-02
1.901114832468639784e-02
1.753809524901906933e-02
1.628040716151353887e-02
1.628040716151353887e-02
1.109726777199754148e-02
1.109726777199754148e-02
9.563894095337178991e-03
9.563894095337178991e-03
9.927794096021047218e-03
1.663028327586531241e-02
1.663028327586531241e-02
1.622433160044653086e-02
1.622433160044653086e-02
1.143966750727291697e-02
0.000000000000000000e+00
0.000000000000000000e+00
0.000000000000000000e+00
0.000000000000000000e+00
0.000000000000000000e+00
0.000000000000000000e+00
0.000000000000000000e+00
0.000000000000000000e+00
0.000000000000000000e+00
0.000000000000000000e+00
1.277566257605828280e-02
1.277566257605828280e-02
9.785724839833328734e-03
9.785724839833328734e-03
9.785724839833328734e-03
9.785724839833328734e-03
1.135785629774467738e-02
0.000000000000000000e+00
0.000000000000000000e+00
0.000000000000000000e+00
0.000000000000000000e+00
0.000000000000000000e+00
0.000000000000000000e+00
7.989201556598921061e-03
7.989201556598921061e-03
2.306121432411242095e-02
1.225253269865052286e-02
1.225253269865052286e-02
1.225253269865052286e-02
1.225253269865052286e-02
1.225253269865052286e-02
1.225253269865052286e-02
1.225253269865052286e-02
3.022606550381865334e-02
9.809692841346176820e-03
9.809692841346176820e-03
9.809692841346176820e-03
9.809692841346176820e-03
9.809692841346176820e-03
9.809692841346176820e-03
9.809692841346176820e-03
9.809692841346176820e-03
9.809692841346176820e-03
9.809692841346176820e-03
9.809692841346176820e-03
9.809692841346176820e-03
2.128581186122579377e-02
2.010057963606097856e-02
0.000000000000000000e+00
0.000000000000000000e+00
2.254576361647787561e-02
6.258738632557054281e-03
6.258738632557054281e-03
6.258738632557054281e-03
6.258738632557054281e-03
6.258738632557054281e-03
6.258738632557054281e-03
6.258738632557054281e-03
6.258738632557054281e-03
0.000000000000000000e+00
2.047949842167256368e-03
2.047949842167256368e-03
5.194678599279767620e-03
2.047949842167256368e-03
2.047949842167256368e-03
2.047949842167256368e-03
2.047949842167256368e-03
2.047949842167256368e-03
0.000000000000000000e+00
3.891366565922361759e-03
3.891366565922361759e-03
3.891366565922361759e-03
3.891366565922361759e-03
4.635467653283485701e-02
3.739342569384795489e-03
3.739342569384795489e-03
3.739342569384795489e-03
3.739342569384795489e-03
3.739342569384795489e-03
3.739342569384795489e-03
0.000000000000000000e+00
2.106070454966193009e-02
2.106070454966193009e-02
2.106070454966193009e-02
2.106070454966193009e-02
2.106070454966193009e-02
7.639115385171734059e-03
1.302813452626592171e-02
8.232966684690302267e-03
8.232966684690302267e-03
8.232966684690302267e-03
8.232966684690302267e-03
8.232966684690302267e-03
8.232966684690302267e-03
8.232966684690302267e-03
8.232966684690302267e-03
1.587051002033777053e-02
4.817331486408353049e-03
3.208277389866229408e-03
7.842265214090532585e-04
7.842265214090532585e-04
7.842265214090532585e-04
7.842265214090532585e-04
9.080642835727728221e-03
1.181570050610139533e-02
1.181570050610139533e-02
1.181570050610139533e-02
1.181570050610139533e-02
1.181570050610139533e-02
1.023681106455355712e-02
0.000000000000000000e+00
0.000000000000000000e+00
0.000000000000000000e+00
0.000000000000000000e+00
0.000000000000000000e+00
0.000000000000000000e+00
1.746100446423051386e-02
4.944800469135435424e-03
4.944800469135435424e-03
3.620884527759666432e-02
1.112435177887516162e-02
1.112435177887516162e-02
1.075280249765898748e-02
4.490978714119345759e-03
1.181914487888058307e-02
0.000000000000000000e+00
1.181914487888058307e-02
1.181914487888058307e-02
0.000000000000000000e+00
0.000000000000000000e+00
1.587051002033777053e-02
2.128581186122579377e-02
2.128581186122579377e-02
2.128581186122579377e-02
2.128581186122579377e-02
2.128581186122579377e-02
2.128581186122579377e-02
6.059922694515031778e-04
4.192377407306625663e-03
4.192377407306625663e-03
8.034746106098566293e-03
1.891591599268415249e-03
1.891591599268415249e-03
7.805352622616321123e-03
3.620884527759666432e-02
3.620884527759666432e-02
3.620884527759666432e-02
3.620884527759666432e-02
3.620884527759666432e-02
3.620884527759666432e-02
3.620884527759666432e-02
3.620884527759666432e-02
2.163455433099766359e-02
2.163455433099766359e-02
2.163455433099766359e-02
2.163455433099766359e-02
8.244121817119601237e-03
1.411396914387030854e-02
1.411396914387030854e-02
2.594592442018044814e-02
2.594592442018044814e-02
8.595651505762752151e-03
1.186566377766174428e-02
1.186566377766174428e-02
1.186566377766174428e-02
8.034746106098566293e-03
7.713815469662843073e-03
7.713815469662843073e-03
2.666592751067748887e-02
2.666592751067748887e-02
2.666592751067748887e-02
2.666592751067748887e-02
2.666592751067748887e-02
2.666592751067748887e-02
0.000000000000000000e+00
0.000000000000000000e+00
0.000000000000000000e+00
2.140265944833573755e-02
2.140265944833573755e-02
2.140265944833573755e-02
2.140265944833573755e-02
1.075280249765898748e-02
6.059922694515031778e-04
0.000000000000000000e+00
0.000000000000000000e+00
0.000000000000000000e+00
0.000000000000000000e+00
0.000000000000000000e+00
2.837405113929947209e-02
2.492234734958102046e-03
8.034746106098566293e-03
8.034746106098566293e-03
8.034746106098566293e-03
8.034746106098566293e-03
8.034746106098566293e-03
2.958983601804751271e-02
3.060066438224669574e-02
3.060066438224669574e-02
3.060066438224669574e-02
3.060066438224669574e-02
3.304933138818135635e-02
2.989213548218049715e-02
2.989213548218049715e-02
3.633127988011701504e-02
3.633127988011701504e-02
3.633127988011701504e-02
3.633127988011701504e-02
3.838703715035590713e-02
3.838703715035590713e-02
1.664812682575101191e-02
5.151173327086701684e-03
5.151173327086701684e-03
6.585220449898374767e-03
6.585220449898374767e-03
7.142167110523989747e-03
1.687736483188150005e-02
6.028435755305109646e-03
6.028435755305109646e-03
6.028435755305109646e-03
6.028435755305109646e-03
6.028435755305109646e-03
0.000000000000000000e+00
0.000000000000000000e+00
0.000000000000000000e+00
0.000000000000000000e+00
0.000000000000000000e+00
0.000000000000000000e+00
0.000000000000000000e+00
0.000000000000000000e+00
3.548397789105072614e-02
5.137998137031643368e-03
5.967504132344171423e-03
5.967504132344171423e-03
5.967504132344171423e-03
1.070077312570422330e-02
8.681179912958667672e-03
8.681179912958667672e-03
8.681179912958667672e-03
1.791139028141922399e-02
5.259905130693073166e-03
5.259905130693073166e-03
5.259905130693073166e-03
5.259905130693073166e-03
3.700320413581908996e-02
1.977314187264012438e-02
1.977314187264012438e-02
1.977314187264012438e-02
1.977314187264012438e-02
1.977314187264012438e-02
1.977314187264012438e-02
1.977314187264012438e-02
1.977314187264012438e-02
1.977314187264012438e-02
1.977314187264012438e-02
1.977314187264012438e-02
1.977314187264012438e-02
1.085317883287876747e-02
4.146135129400590515e-03
4.146135129400590515e-03
4.146135129400590515e-03
4.146135129400590515e-03
4.146135129400590515e-03
4.146135129400590515e-03
4.146135129400590515e-03
4.146135129400590515e-03
4.146135129400590515e-03
4.146135129400590515e-03
4.146135129400590515e-03
4.146135129400590515e-03
4.146135129400590515e-03
4.146135129400590515e-03
3.604135316867513195e-03
3.604135316867513195e-03
3.604135316867513195e-03
3.604135316867513195e-03
0.000000000000000000e+00
0.000000000000000000e+00
0.000000000000000000e+00
0.000000000000000000e+00
0.000000000000000000e+00
0.000000000000000000e+00
0.000000000000000000e+00
0.000000000000000000e+00
0.000000000000000000e+00
0.000000000000000000e+00
1.545939640930188083e-02
1.085317883287876747e-02
0.000000000000000000e+00
0.000000000000000000e+00
0.000000000000000000e+00
0.000000000000000000e+00
8.435870356415327200e-04
1.992696744960893284e-03
1.992696744960893284e-03
1.992696744960893284e-03
1.992696744960893284e-03
1.992696744960893284e-03
1.992696744960893284e-03
1.992696744960893284e-03
1.992696744960893284e-03
2.918963510298949043e-03
0.000000000000000000e+00
0.000000000000000000e+00
3.891319186012253545e-02
3.891319186012253545e-02
7.321009588626463394e-03
1.939881167418606609e-03
1.939881167418606609e-03
1.939881167418606609e-03
1.939881167418606609e-03
0.000000000000000000e+00
0.000000000000000000e+00
1.724447889451122956e-02
1.724447889451122956e-02
1.724447889451122956e-02
1.724447889451122956e-02
1.724447889451122956e-02
1.724447889451122956e-02
1.724447889451122956e-02
1.724447889451122956e-02
1.724447889451122956e-02
1.724447889451122956e-02
1.724447889451122956e-02
1.724447889451122956e-02
1.724447889451122956e-02
1.724447889451122956e-02
1.724447889451122956e-02
4.044526046792485362e-03
4.044526046792485362e-03
4.044526046792485362e-03
4.044526046792485362e-03
9.927794096021047218e-03
0.000000000000000000e+00
0.000000000000000000e+00
3.121276886817947287e-03
2.625949186464167709e-02
2.625949186464167709e-02
2.625949186464167709e-02
2.625949186464167709e-02
2.625949186464167709e-02
2.625949186464167709e-02
2.625949186464167709e-02
2.625949186464167709e-02
2.625949186464167709e-02
2.625949186464167709e-02
2.625949186464167709e-02
2.625949186464167709e-02
2.625949186464167709e-02
2.625949186464167709e-02
1.153496486422724877e-02
4.413785195420094100e-03
4.413785195420094100e-03
4.413785195420094100e-03
4.413785195420094100e-03
4.413785195420094100e-03
4.413785195420094100e-03
4.413785195420094100e-03
4.413785195420094100e-03
0.000000000000000000e+00
0.000000000000000000e+00
0.000000000000000000e+00
0.000000000000000000e+00
0.000000000000000000e+00
0.000000000000000000e+00
0.000000000000000000e+00
0.000000000000000000e+00
0.000000000000000000e+00
0.000000000000000000e+00
0.000000000000000000e+00
0.000000000000000000e+00
0.000000000000000000e+00
0.000000000000000000e+00
0.000000000000000000e+00
0.000000000000000000e+00
0.000000000000000000e+00
8.464207211252073627e-04
0.000000000000000000e+00
0.000000000000000000e+00
1.739028769800318383e-02
2.306581498018984815e-03
2.306581498018984815e-03
2.306581498018984815e-03
1.233803426092606494e-02
1.233803426092606494e-02
1.233803426092606494e-02
1.233803426092606494e-02
1.233803426092606494e-02
1.233803426092606494e-02
0.000000000000000000e+00
0.000000000000000000e+00
5.036962659185986041e-03
2.562503529253426938e-03
2.562503529253426938e-03
2.594140056871765271e-02
1.150585156845609913e-02
1.150585156845609913e-02
1.150585156845609913e-02
1.150585156845609913e-02
1.150585156845609913e-02
1.150585156845609913e-02
0.000000000000000000e+00
1.601153609319047599e-02
2.924370577804610502e-02
2.924370577804610502e-02
3.799577350856627594e-02
3.069209480781753645e-03
5.698600966054404721e-03
1.294313476332243501e-02
1.294313476332243501e-02
1.592613738201653292e-02
1.511897799157255542e-02
5.036962659185986041e-03
5.473015189328915737e-03
5.473015189328915737e-03
5.473015189328915737e-03
5.473015189328915737e-03
5.473015189328915737e-03
5.473015189328915737e-03
5.473015189328915737e-03
5.473015189328915737e-03
1.275275672896478314e-02
6.665897977318312705e-03
1.884822425970772777e-02
1.884822425970772777e-02
1.884822425970772777e-02
1.884822425970772777e-02
4.425442192012280992e-03
4.425442192012280992e-03
4.425442192012280992e-03
4.425442192012280992e-03
1.275275672896478314e-02
1.275275672896478314e-02
1.275275672896478314e-02
6.044122626413000327e-03
6.044122626413000327e-03
2.493367300891284957e-02
2.207647436591352735e-02
2.207647436591352735e-02
1.772944367380697300e-02
0.000000000000000000e+00
0.000000000000000000e+00
2.602273616987526086e-02
2.012845275170673312e-02
2.012845275170673312e-02
8.464207211252073627e-04
1.248274792657911615e-02
0.000000000000000000e+00
2.577684949533176617e-02
1.754815514210325555e-02
1.754815514210325555e-02
2.148526405733345787e-03
2.306121432411242095e-02
9.961269810374265982e-03
9.961269810374265982e-03
9.961269810374265982e-03
9.961269810374265982e-03
9.961269810374265982e-03
9.961269810374265982e-03
9.482954004211244237e-03
2.505871695591661494e-02
1.178694228545612045e-02
1.178694228545612045e-02
1.178694228545612045e-02
1.178694228545612045e-02
1.178694228545612045e-02
1.178694228545612045e-02
2.053961925941900912e-02
2.283585903494661853e-02
2.283585903494661853e-02
2.283585903494661853e-02
0.000000000000000000e+00
0.000000000000000000e+00
1.076781956091298238e-02
1.076781956091298238e-02
1.076781956091298238e-02
1.076781956091298238e-02
1.076781956091298238e-02
1.076781956091298238e-02
1.076781956091298238e-02
1.076781956091298238e-02
1.076781956091298238e-02
1.643015781424734395e-02
1.643015781424734395e-02
1.643015781424734395e-02
1.643015781424734395e-02
3.675658543259593958e-02
0.000000000000000000e+00
0.000000000000000000e+00
0.000000000000000000e+00
0.000000000000000000e+00
0.000000000000000000e+00
0.000000000000000000e+00
0.000000000000000000e+00
1.033561114117756565e-04
3.675658543259593958e-02
3.675658543259593958e-02
3.675658543259593958e-02
3.675658543259593958e-02
3.675658543259593958e-02
3.675658543259593958e-02
3.675658543259593958e-02
0.000000000000000000e+00
0.000000000000000000e+00
0.000000000000000000e+00
2.200682076784680336e-02
2.402063321275643010e-02
2.402063321275643010e-02
2.402063321275643010e-02
4.066330176641059363e-03
2.837405113929947209e-02
2.837405113929947209e-02
2.386696097188170489e-05
7.163289039418074908e-04
2.200682076784680336e-02
2.200682076784680336e-02
2.200682076784680336e-02
2.243087287115922909e-02
2.089525148606324184e-02
2.089525148606324184e-02
2.089525148606324184e-02
2.089525148606324184e-02
2.089525148606324184e-02
2.089525148606324184e-02
2.089525148606324184e-02
2.089525148606324184e-02
2.089525148606324184e-02
2.089525148606324184e-02
2.768111838491013610e-02
2.768111838491013610e-02
2.768111838491013610e-02
2.768111838491013610e-02
2.768111838491013610e-02
2.768111838491013610e-02
2.768111838491013610e-02
2.768111838491013610e-02
2.768111838491013610e-02
2.768111838491013610e-02
2.768111838491013610e-02
2.349229019778165204e-03
2.349229019778165204e-03
2.349229019778165204e-03
2.349229019778165204e-03
2.349229019778165204e-03
2.349229019778165204e-03
3.608272342920956863e-03
3.608272342920956863e-03
3.608272342920956863e-03
3.608272342920956863e-03
3.159280790308356072e-03
5.780175689908847309e-03
0.000000000000000000e+00
1.425585787356009257e-02
1.425585787356009257e-02
1.742088925165249935e-02
2.318092177799429068e-02
0.000000000000000000e+00
5.145075457476253750e-03
5.145075457476253750e-03
5.145075457476253750e-03
5.145075457476253750e-03
5.145075457476253750e-03
5.145075457476253750e-03
5.145075457476253750e-03
1.852815885991381667e-02
1.742088925165249935e-02
7.074474309669425386e-03
7.074474309669425386e-03
7.074474309669425386e-03
7.074474309669425386e-03
7.074474309669425386e-03
7.074474309669425386e-03
7.074474309669425386e-03
7.074474309669425386e-03
7.074474309669425386e-03
7.074474309669425386e-03
7.074474309669425386e-03
7.074474309669425386e-03
7.558160918206384589e-03
7.558160918206384589e-03
7.558160918206384589e-03
7.558160918206384589e-03
0.000000000000000000e+00
0.000000000000000000e+00
0.000000000000000000e+00
0.000000000000000000e+00
1.731868254671869306e-02
4.299020236692189037e-03
4.299020236692189037e-03
4.914493486183892437e-03
3.159280790308356072e-03
6.972695502287583162e-03
1.726214270728063105e-02
1.726214270728063105e-02
1.726214270728063105e-02
1.726214270728063105e-02
1.790335065102646034e-02
3.167781245393172518e-02
3.167781245393172518e-02
3.167781245393172518e-02
3.167781245393172518e-02
3.223471898249767424e-03
3.223471898249767424e-03
3.223471898249767424e-03
3.223471898249767424e-03
3.223471898249767424e-03
3.223471898249767424e-03
3.223471898249767424e-03
3.223471898249767424e-03
3.223471898249767424e-03
3.223471898249767424e-03
3.223471898249767424e-03
3.223471898249767424e-03
3.223471898249767424e-03
3.223471898249767424e-03
3.223471898249767424e-03
3.000324490730046402e-03
1.541767713427988438e-03
1.541767713427988438e-03
1.429804592756662648e-02
1.455040774138525138e-02
5.436097246034830507e-03
5.436097246034830507e-03
1.691169752462674467e-02
5.436097246034830507e-03
1.691169752462674467e-02
9.619014578042152722e-03
9.619014578042152722e-03
2.306121432411242095e-02
2.306121432411242095e-02
2.306121432411242095e-02
0.000000000000000000e+00
0.000000000000000000e+00
0.000000000000000000e+00
1.731868254671869306e-02
0.000000000000000000e+00
0.000000000000000000e+00
0.000000000000000000e+00
7.166259132978612667e-02
2.276210518471341246e-02
2.276210518471341246e-02
2.276210518471341246e-02
2.276210518471341246e-02
2.276210518471341246e-02
2.276210518471341246e-02
2.276210518471341246e-02
2.276210518471341246e-02
3.260960816595716207e-03
3.260960816595716207e-03
7.456783959820300310e-03
7.456783959820300310e-03
7.456783959820300310e-03
7.456783959820300310e-03
7.456783959820300310e-03
7.456783959820300310e-03
8.734055259275333091e-03
8.734055259275333091e-03
1.761444935172465712e-02
1.761444935172465712e-02
1.852815885991381667e-02
6.619691516076894357e-03
6.619691516076894357e-03
6.619691516076894357e-03
6.610234832892159310e-03
6.610234832892159310e-03
6.610234832892159310e-03
6.610234832892159310e-03
2.451320285034656529e-02
1.777880440100558512e-02
1.777880440100558512e-02
2.379177891931915853e-02
2.379177891931915853e-02
2.379177891931915853e-02
2.379177891931915853e-02
2.348676491060651406e-03
2.451320285034656529e-02
0.000000000000000000e+00
0.000000000000000000e+00
0.000000000000000000e+00
0.000000000000000000e+00
0.000000000000000000e+00
0.000000000000000000e+00
0.000000000000000000e+00
0.000000000000000000e+00
0.000000000000000000e+00
0.000000000000000000e+00
0.000000000000000000e+00
0.000000000000000000e+00
0.000000000000000000e+00
0.000000000000000000e+00
0.000000000000000000e+00
1.118957543216393333e-02
1.118957543216393333e-02
1.118957543216393333e-02
1.118957543216393333e-02
1.118957543216393333e-02
1.118957543216393333e-02
1.118957543216393333e-02
0.000000000000000000e+00
0.000000000000000000e+00
0.000000000000000000e+00
0.000000000000000000e+00
0.000000000000000000e+00
0.000000000000000000e+00
1.207151478106120897e-02
1.207151478106120897e-02
1.207151478106120897e-02
1.207151478106120897e-02
1.207151478106120897e-02
1.207151478106120897e-02
1.207151478106120897e-02
1.207151478106120897e-02
0.000000000000000000e+00
0.000000000000000000e+00
0.000000000000000000e+00
0.000000000000000000e+00
2.958983601804751271e-02
1.652751551009377928e-02
1.652751551009377928e-02
1.652751551009377928e-02
1.652751551009377928e-02
1.652751551009377928e-02
1.652751551009377928e-02
1.652751551009377928e-02
1.652751551009377928e-02
1.652751551009377928e-02
1.652751551009377928e-02
1.652751551009377928e-02
1.652751551009377928e-02
1.652751551009377928e-02
1.652751551009377928e-02
1.652751551009377928e-02
1.652751551009377928e-02
1.652751551009377928e-02
1.652751551009377928e-02
1.652751551009377928e-02
9.621133005966354956e-02
9.621133005966354956e-02
0.000000000000000000e+00
1.086658884094702897e-02
1.086658884094702897e-02
1.086658884094702897e-02
1.086658884094702897e-02
1.086658884094702897e-02
1.086658884094702897e-02
1.086658884094702897e-02
1.086658884094702897e-02
1.086658884094702897e-02
1.086658884094702897e-02
1.086658884094702897e-02
1.086658884094702897e-02
1.400816000630968755e-02
1.400816000630968755e-02
1.400816000630968755e-02
1.400816000630968755e-02
1.400816000630968755e-02
1.400816000630968755e-02
1.400816000630968755e-02
1.400816000630968755e-02
1.400816000630968755e-02
1.400816000630968755e-02
1.400816000630968755e-02
8.669307512710988650e-02
1.790335065102646034e-02
1.790335065102646034e-02
1.790335065102646034e-02
1.790335065102646034e-02
1.790335065102646034e-02
3.925875756858245025e-03
3.925875756858245025e-03
3.925875756858245025e-03
3.925875756858245025e-03
3.925875756858245025e-03
0.000000000000000000e+00
3.668004485576130836e-03
3.668004485576130836e-03
1.537911773931400616e-03
3.668004485576130836e-03
1.372650990147446411e-02
2.061396788239308261e-02
2.061396788239308261e-02
1.049335704830911715e-02
1.049335704830911715e-02
1.141518299963500006e-03
1.141518299963500006e-03
1.141518299963500006e-03
1.141518299963500006e-03
1.141518299963500006e-03
1.141518299963500006e-03
1.141518299963500006e-03
1.141518299963500006e-03
1.141518299963500006e-03
1.141518299963500006e-03
1.141518299963500006e-03
1.141518299963500006e-03
1.141518299963500006e-03
1.141518299963500006e-03
5.135585091216352850e-03
5.135585091216352850e-03
1.337650771290674681e-03
3.222818214950766078e-03
6.460049725074461235e-03
6.460049725074461235e-03
6.460049725074461235e-03
6.460049725074461235e-03
6.460049725074461235e-03
6.460049725074461235e-03
6.460049725074461235e-03
6.460049725074461235e-03
6.460049725074461235e-03
6.460049725074461235e-03
6.460049725074461235e-03
6.460049725074461235e-03
6.460049725074461235e-03
6.460049725074461235e-03
0.000000000000000000e+00
0.000000000000000000e+00
0.000000000000000000e+00
8.822367829644612788e-03
1.217358698075175424e-02
1.217358698075175424e-02
1.217358698075175424e-02
1.217358698075175424e-02
1.217358698075175424e-02
1.217358698075175424e-02
8.669307512710988650e-02
8.669307512710988650e-02
8.669307512710988650e-02
8.669307512710988650e-02
8.669307512710988650e-02
8.669307512710988650e-02
8.669307512710988650e-02
8.669307512710988650e-02
8.418973435809476782e-03
3.291351157685875467e-02
3.291351157685875467e-02
3.291351157685875467e-02
3.291351157685875467e-02
3.291351157685875467e-02
3.291351157685875467e-02
1.001215540121771488e-03
0.000000000000000000e+00
1.583573499962298570e-02
1.583573499962298570e-02
1.583573499962298570e-02
1.583573499962298570e-02
1.583573499962298570e-02
1.583573499962298570e-02
1.583573499962298570e-02
1.583573499962298570e-02
1.583573499962298570e-02
1.583573499962298570e-02
1.583573499962298570e-02
1.372650990147446411e-02
1.372650990147446411e-02
1.372650990147446411e-02
8.595651505762752151e-03
3.306306330227554244e-03
7.011410624192001943e-03
1.687252733781260949e-02
1.687252733781260949e-02
1.687252733781260949e-02
1.687252733781260949e-02
1.687252733781260949e-02
1.687252733781260949e-02
1.687252733781260949e-02
1.687252733781260949e-02
1.759137806833804482e-02
1.793101375321927080e-02
1.793101375321927080e-02
1.793101375321927080e-02
1.793101375321927080e-02
1.793101375321927080e-02
1.793101375321927080e-02
1.793101375321927080e-02
1.793101375321927080e-02
1.793101375321927080e-02
1.793101375321927080e-02
1.793101375321927080e-02
1.793101375321927080e-02
1.793101375321927080e-02
1.793101375321927080e-02
0.000000000000000000e+00
0.000000000000000000e+00
0.000000000000000000e+00
0.000000000000000000e+00
0.000000000000000000e+00
0.000000000000000000e+00
0.000000000000000000e+00
0.000000000000000000e+00
1.665574474937792093e-02
3.732469242365896861e-03
3.732469242365896861e-03
3.732469242365896861e-03
3.732469242365896861e-03
1.896824741951062820e-02
1.896824741951062820e-02
1.896824741951062820e-02
1.896824741951062820e-02
1.896824741951062820e-02
1.896824741951062820e-02
1.860575321556729236e-02
1.860575321556729236e-02
1.860575321556729236e-02
1.860575321556729236e-02
1.860575321556729236e-02
1.860575321556729236e-02
4.359636428009661807e-02
4.359636428009661807e-02
6.836344809647424900e-03
1.702839562381029681e-02
1.702839562381029681e-02
1.001215540121771488e-03
1.001215540121771488e-03
8.595651505762752151e-03
2.174181546631095280e-02
2.174181546631095280e-02
2.174181546631095280e-02
2.174181546631095280e-02
2.174181546631095280e-02
2.174181546631095280e-02
2.174181546631095280e-02
2.174181546631095280e-02
2.174181546631095280e-02
2.174181546631095280e-02
2.174181546631095280e-02
2.174181546631095280e-02
2.174181546631095280e-02
2.174181546631095280e-02
3.044755371603385247e-02
6.342574763551677743e-03
6.342574763551677743e-03
7.556522406433945939e-03
7.556522406433945939e-03
7.556522406433945939e-03
7.556522406433945939e-03
7.556522406433945939e-03
7.556522406433945939e-03
2.028028680958036262e-02
4.894929047071056721e-02
4.894929047071056721e-02
9.380137892053172846e-03
9.380137892053172846e-03
9.380137892053172846e-03
9.380137892053172846e-03
1.091209552027173554e-02
1.091209552027173554e-02
1.091209552027173554e-02
1.091209552027173554e-02
1.091209552027173554e-02
1.091209552027173554e-02
1.534779811594590843e-02
1.534779811594590843e-02
1.534779811594590843e-02
1.534779811594590843e-02
1.534779811594590843e-02
1.534779811594590843e-02
1.534779811594590843e-02
1.534779811594590843e-02
1.534779811594590843e-02
1.534779811594590843e-02
1.534779811594590843e-02
8.870320158372163588e-03
8.870320158372163588e-03
8.870320158372163588e-03
8.870320158372163588e-03
8.870320158372163588e-03
8.870320158372163588e-03
8.870320158372163588e-03
8.870320158372163588e-03
8.870320158372163588e-03
8.870320158372163588e-03
5.914056153303279793e-03
6.420248465525734208e-03
6.420248465525734208e-03
6.420248465525734208e-03
6.420248465525734208e-03
6.420248465525734208e-03
6.420248465525734208e-03
6.420248465525734208e-03
6.420248465525734208e-03
6.420248465525734208e-03
2.639168422611312334e-02
2.639168422611312334e-02
1.831560959622638429e-02
2.028028680958036262e-02
2.028028680958036262e-02
2.028028680958036262e-02
2.028028680958036262e-02
2.028028680958036262e-02
2.028028680958036262e-02
2.028028680958036262e-02
2.468574781586246186e-02
3.044755371603385247e-02
3.044755371603385247e-02
3.044755371603385247e-02
3.044755371603385247e-02
3.044755371603385247e-02
1.687736483188150005e-02
1.262931417902467268e-02
1.262931417902467268e-02
1.262931417902467268e-02
1.262931417902467268e-02
1.262931417902467268e-02
1.262931417902467268e-02
1.262931417902467268e-02
1.262931417902467268e-02
1.262931417902467268e-02
1.262931417902467268e-02
1.262931417902467268e-02
1.262931417902467268e-02
7.027104537940748533e-04
7.027104537940748533e-04
2.869191782373616516e-03
2.869191782373616516e-03
2.869191782373616516e-03
2.869191782373616516e-03
2.869191782373616516e-03
2.869191782373616516e-03
2.602273616987526086e-02
2.602273616987526086e-02
2.602273616987526086e-02
2.602273616987526086e-02
2.602273616987526086e-02
4.455054985817739205e-02
1.216442179112633666e-03
0.000000000000000000e+00
0.000000000000000000e+00
0.000000000000000000e+00
0.000000000000000000e+00
6.597987162397516911e-03
5.694749506156617305e-03
5.694749506156617305e-03
1.328522792759480667e-02
1.328522792759480667e-02
1.328522792759480667e-02
1.328522792759480667e-02
1.033561114117756565e-04
4.822887222832095209e-04
4.822887222832095209e-04
4.822887222832095209e-04
4.822887222832095209e-04
9.867072369547381580e-03
9.867072369547381580e-03
9.867072369547381580e-03
9.867072369547381580e-03
3.143963191216535974e-02
3.143963191216535974e-02
3.143963191216535974e-02
3.143963191216535974e-02
3.143963191216535974e-02
3.143963191216535974e-02
2.468574781586246186e-02
2.468574781586246186e-02
1.071793895910948605e-02
1.071793895910948605e-02
1.071793895910948605e-02
1.071793895910948605e-02
1.071793895910948605e-02
1.071793895910948605e-02
1.071793895910948605e-02
1.071793895910948605e-02
1.914644474653711195e-02
2.996955404503245067e-03
2.996955404503245067e-03
2.996955404503245067e-03
2.996955404503245067e-03
2.996955404503245067e-03
2.996955404503245067e-03
2.996955404503245067e-03
2.996955404503245067e-03
1.567679081139133207e-02
1.998381714706551349e-02
1.998381714706551349e-02
1.998381714706551349e-02
1.998381714706551349e-02
1.998381714706551349e-02
1.998381714706551349e-02
0.000000000000000000e+00
0.000000000000000000e+00
0.000000000000000000e+00
0.000000000000000000e+00
1.584890257454240822e-02
2.458472764791983390e-03
2.458472764791983390e-03
2.458472764791983390e-03
2.458472764791983390e-03
2.458472764791983390e-03
2.458472764791983390e-03
2.458472764791983390e-03
2.458472764791983390e-03
2.458472764791983390e-03
2.458472764791983390e-03
2.458472764791983390e-03
2.458472764791983390e-03
2.458472764791983390e-03
2.458472764791983390e-03
1.121642301889711445e-02
1.121642301889711445e-02
6.670116285682496128e-03
6.670116285682496128e-03
6.670116285682496128e-03
6.670116285682496128e-03
6.670116285682496128e-03
6.670116285682496128e-03
0.000000000000000000e+00
1.597811444026522171e-02
1.597811444026522171e-02
1.597811444026522171e-02
1.597811444026522171e-02
1.597811444026522171e-02
1.597811444026522171e-02
0.000000000000000000e+00
0.000000000000000000e+00
8.519872268764931700e-03
1.003070494298129341e-02
1.003070494298129341e-02
1.003070494298129341e-02
1.003070494298129341e-02
1.003070494298129341e-02
1.003070494298129341e-02
1.720814200984569636e-02
2.337944351799882414e-03
2.337944351799882414e-03
2.337944351799882414e-03
2.337944351799882414e-03
0.000000000000000000e+00
0.000000000000000000e+00
0.000000000000000000e+00
3.416385651069821922e-02
3.820406134357485356e-02
3.820406134357485356e-02
3.820406134357485356e-02
2.008405423592982304e-03
5.665803268724885731e-03
0.000000000000000000e+00
0.000000000000000000e+00
0.000000000000000000e+00
0.000000000000000000e+00
0.000000000000000000e+00
1.403766344610832446e-02
9.252444964172254482e-04
9.252444964172254482e-04
9.252444964172254482e-04
9.252444964172254482e-04
5.067954963627672310e-02
5.067954963627672310e-02
5.007709620129602995e-03
5.007709620129602995e-03
5.007709620129602995e-03
5.007709620129602995e-03
1.241483073634204633e-02
1.032681924452806370e-02
1.032681924452806370e-02
1.789351086470760202e-02
8.519872268764931700e-03
1.352855857683790512e-02
1.098282658055949393e-02
1.098282658055949393e-02
1.098282658055949393e-02
1.098282658055949393e-02
8.587471246378177575e-03
0.000000000000000000e+00
0.000000000000000000e+00
0.000000000000000000e+00
0.000000000000000000e+00
0.000000000000000000e+00
2.008405423592982304e-03
2.008405423592982304e-03
1.831560959622638429e-02
1.831560959622638429e-02
1.831560959622638429e-02
1.831560959622638429e-02
3.794563323362598346e-03
1.567679081139133207e-02
1.352855857683790512e-02
0.000000000000000000e+00
0.000000000000000000e+00
0.000000000000000000e+00
0.000000000000000000e+00
5.594002584488201590e-03
5.594002584488201590e-03
5.594002584488201590e-03
5.594002584488201590e-03
2.099501754385433119e-04
2.099501754385433119e-04
2.099501754385433119e-04
2.099501754385433119e-04
5.854970677535398585e-03
1.174905142305445772e-02
1.174905142305445772e-02
1.174905142305445772e-02
2.104681365812256441e-02
2.104681365812256441e-02
2.104681365812256441e-02
2.104681365812256441e-02
0.000000000000000000e+00
0.000000000000000000e+00
0.000000000000000000e+00
0.000000000000000000e+00
0.000000000000000000e+00
0.000000000000000000e+00
0.000000000000000000e+00
1.305771461752341066e-02
1.305771461752341066e-02
1.481931997151554083e-02
1.305771461752341066e-02
1.305771461752341066e-02
1.305771461752341066e-02
1.481931997151554083e-02
1.100567641697796500e-02
1.285518509359302730e-02
1.789351086470760202e-02
4.108252419794200874e-03
4.108252419794200874e-03
4.108252419794200874e-03
4.108252419794200874e-03
4.108252419794200874e-03
4.108252419794200874e-03
4.108252419794200874e-03
4.108252419794200874e-03
4.108252419794200874e-03
4.108252419794200874e-03
3.700320413581908996e-02
3.700320413581908996e-02
0.000000000000000000e+00
2.477572897190612883e-02
2.477572897190612883e-02
7.596869393136267481e-03
6.381835249550655079e-03
6.381835249550655079e-03
6.381835249550655079e-03
6.381835249550655079e-03
6.381835249550655079e-03
6.381835249550655079e-03
7.080132443786455766e-03
6.381835249550655079e-03
0.000000000000000000e+00
1.518188612499264158e-02
1.518188612499264158e-02
2.223748516569254083e-02
1.518188612499264158e-02
1.518188612499264158e-02
1.518188612499264158e-02
1.518188612499264158e-02
1.518188612499264158e-02
0.000000000000000000e+00
0.000000000000000000e+00
7.520447490946551190e-03
7.520447490946551190e-03
5.757984286022023619e-03
2.164781908158848814e-02
2.164781908158848814e-02
2.164781908158848814e-02
2.164781908158848814e-02
2.164781908158848814e-02
2.164781908158848814e-02
2.164781908158848814e-02
2.164781908158848814e-02
0.000000000000000000e+00
1.176465139389871670e-02
3.588872359350250840e-03
1.537911773931400616e-03
6.836344809647424900e-03
6.836344809647424900e-03
6.836344809647424900e-03
6.836344809647424900e-03
6.836344809647424900e-03
6.836344809647424900e-03
6.836344809647424900e-03
6.836344809647424900e-03
6.836344809647424900e-03
6.836344809647424900e-03
1.199307522377120599e-01
1.199307522377120599e-01
1.199307522377120599e-01
1.199307522377120599e-01
1.199307522377120599e-01
1.199307522377120599e-01
1.199307522377120599e-01
1.199307522377120599e-01
1.199307522377120599e-01
1.199307522377120599e-01
1.199307522377120599e-01
1.199307522377120599e-01
1.199307522377120599e-01
1.199307522377120599e-01
1.199307522377120599e-01
1.627615780127305081e-02
1.627615780127305081e-02
1.627615780127305081e-02
1.627615780127305081e-02
1.627615780127305081e-02
1.627615780127305081e-02
2.521235892884966193e-03
0.000000000000000000e+00
7.142167110523989747e-03
3.065033861175660637e-02
2.594140056871765271e-02
2.594140056871765271e-02
2.594140056871765271e-02
5.757984286022023619e-03
5.757984286022023619e-03
5.757984286022023619e-03
5.757984286022023619e-03
5.757984286022023619e-03
5.757984286022023619e-03
5.757984286022023619e-03
5.757984286022023619e-03
5.757984286022023619e-03
5.757984286022023619e-03
5.757984286022023619e-03
5.757984286022023619e-03
7.163289039418074908e-04
7.163289039418074908e-04
7.163289039418074908e-04
7.163289039418074908e-04
7.163289039418074908e-04
7.163289039418074908e-04
1.077852451338775532e-02
1.077852451338775532e-02
1.055941028673198058e-03
1.592613738201653292e-02
4.635467653283485701e-02
4.635467653283485701e-02
4.635467653283485701e-02
4.635467653283485701e-02
4.635467653283485701e-02
4.635467653283485701e-02
2.443523507222391047e-02
1.058057327739512360e-02
1.058057327739512360e-02
1.058057327739512360e-02
1.058057327739512360e-02
1.058057327739512360e-02
1.058057327739512360e-02
1.058057327739512360e-02
1.058057327739512360e-02
1.058057327739512360e-02
1.058057327739512360e-02
3.852971110951898016e-03
0.000000000000000000e+00
0.000000000000000000e+00
0.000000000000000000e+00
0.000000000000000000e+00
0.000000000000000000e+00
6.254221403443085275e-03
6.254221403443085275e-03
1.687736483188150005e-02
8.263343340681687105e-03
8.263343340681687105e-03
8.263343340681687105e-03
8.263343340681687105e-03
1.104101169702632022e-02
1.104101169702632022e-02
1.104101169702632022e-02
1.104101169702632022e-02
2.786049166448602375e-03
2.217030470173961005e-03
2.217030470173961005e-03
2.217030470173961005e-03
2.217030470173961005e-03
2.217030470173961005e-03
2.217030470173961005e-03
2.217030470173961005e-03
2.217030470173961005e-03
2.217030470173961005e-03
2.217030470173961005e-03
2.217030470173961005e-03
2.217030470173961005e-03
2.217030470173961005e-03
2.217030470173961005e-03
2.217030470173961005e-03
2.217030470173961005e-03
2.217030470173961005e-03
1.860589064341863774e-02
3.893141843353987996e-02
3.893141843353987996e-02
3.893141843353987996e-02
3.893141843353987996e-02
3.893141843353987996e-02
3.893141843353987996e-02
7.681947668480675062e-03
7.681947668480675062e-03
7.681947668480675062e-03
7.681947668480675062e-03
7.681947668480675062e-03
7.681947668480675062e-03
7.681947668480675062e-03
7.681947668480675062e-03
8.294013002902778098e-03
6.517234977329256808e-03
6.517234977329256808e-03
3.852971110951898016e-03
3.852971110951898016e-03
3.852971110951898016e-03
3.852971110951898016e-03
3.852971110951898016e-03
3.852971110951898016e-03
3.852971110951898016e-03
3.852971110951898016e-03
3.852971110951898016e-03
3.852971110951898016e-03
1.276541892307921783e-02
2.418471869740678945e-02
2.418471869740678945e-02
9.824101217310594880e-03
9.824101217310594880e-03
9.824101217310594880e-03
9.824101217310594880e-03
9.824101217310594880e-03
9.824101217310594880e-03
9.824101217310594880e-03
9.824101217310594880e-03
9.824101217310594880e-03
9.824101217310594880e-03
9.824101217310594880e-03
1.034219828394930193e-02
1.034219828394930193e-02
1.034219828394930193e-02
1.034219828394930193e-02
1.034219828394930193e-02
1.034219828394930193e-02
1.034219828394930193e-02
1.034219828394930193e-02
9.877282162016405749e-04
9.877282162016405749e-04
3.313574647682400454e-02
3.313574647682400454e-02
3.313574647682400454e-02
3.313574647682400454e-02
3.313574647682400454e-02
3.313574647682400454e-02
3.646538956587965646e-02
1.276541892307921783e-02
1.276541892307921783e-02
1.276541892307921783e-02
1.724389433008036978e-03
1.724389433008036978e-03
1.724389433008036978e-03
1.724389433008036978e-03
1.724389433008036978e-03
1.724389433008036978e-03
1.724389433008036978e-03
1.724389433008036978e-03
1.724389433008036978e-03
1.724389433008036978e-03
1.724389433008036978e-03
1.724389433008036978e-03
1.724389433008036978e-03
1.724389433008036978e-03
1.724389433008036978e-03
2.219078136682739802e-02
2.219078136682739802e-02
2.429465729661639192e-02
4.182153148022031003e-02
4.182153148022031003e-02
4.182153148022031003e-02
0.000000000000000000e+00
0.000000000000000000e+00
0.000000000000000000e+00
0.000000000000000000e+00
0.000000000000000000e+00
0.000000000000000000e+00
0.000000000000000000e+00
0.000000000000000000e+00
0.000000000000000000e+00
1.968359298520822032e-02
6.445406075816091131e-03
6.445406075816091131e-03
6.445406075816091131e-03
6.445406075816091131e-03
1.991486022319714083e-02
1.584890257454240822e-02
2.269923904559921143e-02
2.256854789864858740e-02
2.056745779104000860e-02
2.056745779104000860e-02
2.056745779104000860e-02
2.056745779104000860e-02
2.056745779104000860e-02
2.056745779104000860e-02
6.522371314542232956e-02
6.522371314542232956e-02
1.840485736888515479e-03
1.840485736888515479e-03
1.840485736888515479e-03
1.840485736888515479e-03
3.646538956587965646e-02
4.477463279000754026e-03
4.477463279000754026e-03
4.477463279000754026e-03
1.362350376558043273e-02
1.362350376558043273e-02
1.362350376558043273e-02
1.362350376558043273e-02
2.053961925941900912e-02
2.053961925941900912e-02
2.053961925941900912e-02
2.053961925941900912e-02
2.318306874418535422e-03
3.121276886817947287e-03
3.121276886817947287e-03
3.121276886817947287e-03
3.121276886817947287e-03
3.697252487442323488e-02
2.239669459610959049e-02
2.239669459610959049e-02
2.217987583638227414e-03
2.217987583638227414e-03
2.217987583638227414e-03
1.560749292607651120e-02
1.560749292607651120e-02
1.560749292607651120e-02
1.691706542363383831e-02
1.691706542363383831e-02
1.611205445942328479e-02
5.711324727056877638e-03
5.711324727056877638e-03
8.468869778159995171e-03
1.547460945598637047e-02
3.299638158818186257e-02
3.697252487442323488e-02
1.384238820722342609e-03
2.262783730380659147e-03
2.262783730380659147e-03
2.262783730380659147e-03
2.262783730380659147e-03
2.262783730380659147e-03
2.262783730380659147e-03
2.262783730380659147e-03
2.262783730380659147e-03
1.772944367380697300e-02
1.256702266473155166e-02
1.256702266473155166e-02
1.256702266473155166e-02
1.256702266473155166e-02
1.459703924362700835e-02
7.112471503558467911e-03
7.112471503558467911e-03
3.321056160128582624e-02
2.146632347561491794e-02
2.146632347561491794e-02
2.146632347561491794e-02
2.146632347561491794e-02
1.234704136758967528e-02
2.380560403706531367e-02
2.380560403706531367e-02
5.914056153303279793e-03
5.914056153303279793e-03
0.000000000000000000e+00
1.249386371579615761e-02
1.241483073634204633e-02
2.318176670329020334e-02
4.431598101237077536e-02
4.431598101237077536e-02
4.431598101237077536e-02
3.022606550381865334e-02
3.022606550381865334e-02
1.249411779644647030e-02
8.468869778159995171e-03
3.299638158818186257e-02
6.731509141306810974e-03
1.384238820722342609e-03
1.459703924362700835e-02
1.459703924362700835e-02
1.459703924362700835e-02
1.459703924362700835e-02
1.459703924362700835e-02
1.459703924362700835e-02
1.459703924362700835e-02
1.459703924362700835e-02
2.756700952138184391e-02
3.321056160128582624e-02
1.234704136758967528e-02
1.234704136758967528e-02
1.234704136758967528e-02
4.036106369932590011e-03
4.036106369932590011e-03
4.036106369932590011e-03
4.036106369932590011e-03
4.036106369932590011e-03
4.036106369932590011e-03
4.036106369932590011e-03
4.036106369932590011e-03
2.223748516569254083e-02
0.000000000000000000e+00
0.000000000000000000e+00
2.120702378076424685e-03
7.299343808108471436e-03
4.768303783216997112e-03
4.768303783216997112e-03
2.369506340255067220e-02
4.293871769229894511e-03
1.249411779644647030e-02
1.249411779644647030e-02
0.000000000000000000e+00
0.000000000000000000e+00
0.000000000000000000e+00
0.000000000000000000e+00
0.000000000000000000e+00
0.000000000000000000e+00
0.000000000000000000e+00
0.000000000000000000e+00
2.429465729661639192e-02
2.429465729661639192e-02
2.429465729661639192e-02
2.429465729661639192e-02
0.000000000000000000e+00
0.000000000000000000e+00
9.095826751640624305e-03
5.854970677535398585e-03
5.854970677535398585e-03
5.854970677535398585e-03
2.756700952138184391e-02
2.756700952138184391e-02
2.756700952138184391e-02
2.756700952138184391e-02
1.450893759511923294e-02
1.450893759511923294e-02
2.120702378076424685e-03
2.368395558351355998e-02
2.368395558351355998e-02
2.368395558351355998e-02
2.368395558351355998e-02
2.368395558351355998e-02
2.368395558351355998e-02
2.368395558351355998e-02
2.368395558351355998e-02
2.368395558351355998e-02
2.368395558351355998e-02
2.241811717208529176e-02
1.352855857683790512e-02
5.994761218306614466e-03
2.361336767720972549e-02
0.000000000000000000e+00
0.000000000000000000e+00
1.889175163713928754e-02
1.352284425693599419e-02
1.750872286002419986e-03
1.750872286002419986e-03
3.363687050902797182e-02
3.363687050902797182e-02
2.493367300891284957e-02
9.095826751640624305e-03
9.095826751640624305e-03
9.095826751640624305e-03
9.095826751640624305e-03
6.789267067285875527e-03
8.755777272522587140e-03
8.755777272522587140e-03
1.914644474653711195e-02
1.914644474653711195e-02
1.580131862402638912e-03
2.521317287209005626e-03
2.521317287209005626e-03
1.199823377765526881e-02
3.174711091413880137e-03
3.174711091413880137e-03
2.000801119044638698e-03
7.340569741421408556e-03
6.421943275954763650e-03
2.361336767720972549e-02
1.352284425693599419e-02
6.914478100958195740e-03
6.914478100958195740e-03
6.914478100958195740e-03
6.914478100958195740e-03
6.914478100958195740e-03
6.914478100958195740e-03
1.545939640930188083e-02
1.545939640930188083e-02
1.545939640930188083e-02
1.545939640930188083e-02
4.530123609564903377e-03
2.723619993393642993e-03
2.723619993393642993e-03
2.723619993393642993e-03
2.723619993393642993e-03
0.000000000000000000e+00
0.000000000000000000e+00
0.000000000000000000e+00
8.797515349928824308e-03
8.797515349928824308e-03
8.797515349928824308e-03
8.797515349928824308e-03
8.797515349928824308e-03
8.797515349928824308e-03
1.580131862402638912e-03
8.244121817119601237e-03
1.199823377765526881e-02
1.199823377765526881e-02
1.199823377765526881e-02
4.838412767798264472e-03
3.000324490730046402e-03
0.000000000000000000e+00
0.000000000000000000e+00
4.838412767798264472e-03
4.838412767798264472e-03
4.838412767798264472e-03
4.838412767798264472e-03
4.838412767798264472e-03
4.838412767798264472e-03
6.597987162397516911e-03
7.340569741421408556e-03
1.712925613227035335e-02
4.563397478814360843e-03
4.563397478814360843e-03
0.000000000000000000e+00
6.620038201446306649e-03
6.620038201446306649e-03
5.036962659185986041e-03
1.272905166399203834e-02
1.272905166399203834e-02
1.272905166399203834e-02
1.272905166399203834e-02
1.272905166399203834e-02
1.272905166399203834e-02
1.272905166399203834e-02
1.272905166399203834e-02
1.272905166399203834e-02
1.272905166399203834e-02
1.272905166399203834e-02
1.739564515180315810e-02
1.613878496563358675e-02
1.613878496563358675e-02
6.901186879664605173e-03
6.901186879664605173e-03
6.901186879664605173e-03
6.901186879664605173e-03
6.901186879664605173e-03
6.901186879664605173e-03
6.901186879664605173e-03
6.901186879664605173e-03
0.000000000000000000e+00
8.294013002902778098e-03
8.294013002902778098e-03
8.294013002902778098e-03
6.597987162397516911e-03
6.597987162397516911e-03
6.597987162397516911e-03
4.914493486183892437e-03
2.950066152037038227e-03
2.950066152037038227e-03
1.055941028673198058e-03
1.055941028673198058e-03
1.139139366532460063e-02
1.139139366532460063e-02
1.139139366532460063e-02
1.139139366532460063e-02
1.139139366532460063e-02
1.139139366532460063e-02
8.838208409353669193e-03
1.712925613227035335e-02
3.653525638409678422e-02
3.653525638409678422e-02
3.222818214950766078e-03
3.222818214950766078e-03
0.000000000000000000e+00
0.000000000000000000e+00
0.000000000000000000e+00
0.000000000000000000e+00
0.000000000000000000e+00
1.343698950614241258e-02
1.343698950614241258e-02
1.343698950614241258e-02
1.343698950614241258e-02
1.343698950614241258e-02
1.343698950614241258e-02
3.363731217085685378e-03
3.363731217085685378e-03
3.363731217085685378e-03
3.363731217085685378e-03
3.363731217085685378e-03
3.363731217085685378e-03
8.838208409353669193e-03
8.838208409353669193e-03
8.838208409353669193e-03
8.838208409353669193e-03
8.838208409353669193e-03
8.838208409353669193e-03
8.838208409353669193e-03
8.838208409353669193e-03
0.000000000000000000e+00
2.980652858733611431e-03
2.980652858733611431e-03
2.980652858733611431e-03
9.258131518444312827e-03
1.775564016551502491e-02
1.775564016551502491e-02
1.775564016551502491e-02
1.775564016551502491e-02
5.757124008642485781e-03
5.757124008642485781e-03
2.318176670329020334e-02
2.318176670329020334e-02
1.428914015594227177e-03
1.084011873421835206e-02
1.084011873421835206e-02
8.418973435809476782e-03
8.418973435809476782e-03
8.418973435809476782e-03
8.418973435809476782e-03
8.418973435809476782e-03
9.219628352638960245e-03
3.982357318439346677e-03
5.126289794167320413e-05
1.385081432303891802e-02
1.385081432303891802e-02
1.385081432303891802e-02
1.385081432303891802e-02
1.385081432303891802e-02
1.385081432303891802e-02
1.385081432303891802e-02
1.385081432303891802e-02
0.000000000000000000e+00
1.502661709714322167e-04
1.502661709714322167e-04
1.502661709714322167e-04
1.502661709714322167e-04
1.502661709714322167e-04
1.502661709714322167e-04
1.502661709714322167e-04
1.502661709714322167e-04
1.502661709714322167e-04
1.502661709714322167e-04
1.502661709714322167e-04
0.000000000000000000e+00
0.000000000000000000e+00
0.000000000000000000e+00
0.000000000000000000e+00
0.000000000000000000e+00
0.000000000000000000e+00
0.000000000000000000e+00
0.000000000000000000e+00
0.000000000000000000e+00
0.000000000000000000e+00
0.000000000000000000e+00
0.000000000000000000e+00
5.574594661947538873e-03
5.574594661947538873e-03
5.574594661947538873e-03
5.574594661947538873e-03
5.574594661947538873e-03
4.885050180884412639e-03
1.226688117305338790e-02
2.363831459969886663e-03
2.363831459969886663e-03
2.363831459969886663e-03
2.363831459969886663e-03
2.363831459969886663e-03
2.363831459969886663e-03
2.243144533263108018e-03
2.243144533263108018e-03
2.243144533263108018e-03
2.243144533263108018e-03
0.000000000000000000e+00
0.000000000000000000e+00
3.374782534800496638e-03
2.434527548483496166e-03
2.434527548483496166e-03
2.434527548483496166e-03
2.434527548483496166e-03
2.434527548483496166e-03
2.434527548483496166e-03
2.434527548483496166e-03
2.434527548483496166e-03
3.540657008855831872e-02
4.455054985817739205e-02
4.455054985817739205e-02
4.455054985817739205e-02
4.455054985817739205e-02
4.455054985817739205e-02
4.455054985817739205e-02
1.506139537718597168e-02
2.918963510298949043e-03
2.918963510298949043e-03
2.918963510298949043e-03
0.000000000000000000e+00
2.420958922371052330e-03
2.420958922371052330e-03
0.000000000000000000e+00
0.000000000000000000e+00
0.000000000000000000e+00
0.000000000000000000e+00
0.000000000000000000e+00
1.023681106455355712e-02
1.023681106455355712e-02
1.023681106455355712e-02
1.023681106455355712e-02
1.023681106455355712e-02
1.023681106455355712e-02
1.746100446423051386e-02
8.685211403361476137e-03
8.685211403361476137e-03
8.685211403361476137e-03
8.685211403361476137e-03
8.685211403361476137e-03
8.685211403361476137e-03
0.000000000000000000e+00
0.000000000000000000e+00
1.991486022319714083e-02
1.991486022319714083e-02
1.991486022319714083e-02
1.991486022319714083e-02
1.991486022319714083e-02
1.991486022319714083e-02
1.991486022319714083e-02
1.991486022319714083e-02
1.991486022319714083e-02
5.443696723130742390e-03
3.060270612457789696e-03
6.972695502287583162e-03
6.972695502287583162e-03
6.972695502287583162e-03
6.972695502287583162e-03
6.972695502287583162e-03
0.000000000000000000e+00
0.000000000000000000e+00
0.000000000000000000e+00
0.000000000000000000e+00
0.000000000000000000e+00
0.000000000000000000e+00
0.000000000000000000e+00
0.000000000000000000e+00
1.784949367549805779e-02
1.836739380454415621e-02
1.836739380454415621e-02
1.836739380454415621e-02
1.836739380454415621e-02
1.836739380454415621e-02
1.473152164215946885e-02
1.690126390029879182e-03
1.690126390029879182e-03
1.690126390029879182e-03
1.690126390029879182e-03
2.600187028067801019e-03
2.600187028067801019e-03
2.600187028067801019e-03
2.600187028067801019e-03
2.600187028067801019e-03
2.600187028067801019e-03
1.746100446423051386e-02
1.473152164215946885e-02
1.550030020459546715e-02
6.331963731388332191e-03
3.269311029761384334e-03
8.722381068181576241e-03
9.482954004211244237e-03
0.000000000000000000e+00
7.080132443786455766e-03
7.702778964895150293e-03
7.702778964895150293e-03
4.914493486183892437e-03
0.000000000000000000e+00
0.000000000000000000e+00
0.000000000000000000e+00
0.000000000000000000e+00
0.000000000000000000e+00
0.000000000000000000e+00
0.000000000000000000e+00
0.000000000000000000e+00
0.000000000000000000e+00
0.000000000000000000e+00
0.000000000000000000e+00
8.822367829644612788e-03
8.822367829644612788e-03
8.822367829644612788e-03
8.822367829644612788e-03
8.822367829644612788e-03
8.822367829644612788e-03
6.331963731388332191e-03
6.331963731388332191e-03
6.331963731388332191e-03
6.331963731388332191e-03
6.331963731388332191e-03
6.331963731388332191e-03
6.331963731388332191e-03
6.331963731388332191e-03
6.331963731388332191e-03
6.331963731388332191e-03
6.331963731388332191e-03
6.331963731388332191e-03
6.331963731388332191e-03
6.331963731388332191e-03
6.331963731388332191e-03
6.331963731388332191e-03
0.000000000000000000e+00
4.350220535651025400e-03
4.350220535651025400e-03
4.350220535651025400e-03
1.178213536309541225e-02
1.178213536309541225e-02
1.178213536309541225e-02
1.178213536309541225e-02
1.178213536309541225e-02
1.178213536309541225e-02
1.178213536309541225e-02
1.178213536309541225e-02
1.034913182471703047e-03
6.214129200109412207e-03
6.214129200109412207e-03
6.214129200109412207e-03
6.214129200109412207e-03
6.214129200109412207e-03
6.214129200109412207e-03
6.214129200109412207e-03
6.214129200109412207e-03
6.214129200109412207e-03
6.214129200109412207e-03
8.722381068181576241e-03
8.722381068181576241e-03
8.722381068181576241e-03
8.722381068181576241e-03
0.000000000000000000e+00
0.000000000000000000e+00
4.131641325788849156e-03
4.131641325788849156e-03
0.000000000000000000e+00
0.000000000000000000e+00
0.000000000000000000e+00
0.000000000000000000e+00
0.000000000000000000e+00
0.000000000000000000e+00
0.000000000000000000e+00
0.000000000000000000e+00
0.000000000000000000e+00
6.052739227727413004e-03
3.989601839200136724e-02
3.989601839200136724e-02
3.989601839200136724e-02
3.989601839200136724e-02
3.989601839200136724e-02
1.007076207194966717e-02
1.007076207194966717e-02
1.007076207194966717e-02
1.007076207194966717e-02
1.007076207194966717e-02
1.007076207194966717e-02
1.007076207194966717e-02
1.007076207194966717e-02
1.007076207194966717e-02
1.007076207194966717e-02
1.352284425693599419e-02
1.506139537718597168e-02
1.506139537718597168e-02
1.506139537718597168e-02
1.506139537718597168e-02
1.506139537718597168e-02
1.506139537718597168e-02
1.506139537718597168e-02
1.506139537718597168e-02
1.506139537718597168e-02
1.506139537718597168e-02
1.506139537718597168e-02
1.506139537718597168e-02
1.506139537718597168e-02
1.889399489409364016e-02
1.889399489409364016e-02
1.889399489409364016e-02
1.889399489409364016e-02
1.889399489409364016e-02
1.889399489409364016e-02
1.100980887417604519e-02
1.601436952274324158e-02
1.601436952274324158e-02
1.009704095698299268e-03
2.033516568562828676e-07
2.033516568562828676e-07
9.156111914615978203e-03
6.254861536203997451e-03
7.596869393136267481e-03
7.596869393136267481e-03
7.596869393136267481e-03
7.596869393136267481e-03
7.596869393136267481e-03
7.596869393136267481e-03
2.521235892884966193e-03
2.521235892884966193e-03
2.873156908849565025e-03
2.873156908849565025e-03
2.245133657189407259e-02
2.245133657189407259e-02
2.245133657189407259e-02
2.245133657189407259e-02
2.245133657189407259e-02
2.245133657189407259e-02
2.245133657189407259e-02
1.034913182471703047e-03
1.034913182471703047e-03
1.034913182471703047e-03
1.034913182471703047e-03
2.269923904559921143e-02
2.269923904559921143e-02
2.466124806143549144e-03
3.799577350856627594e-02
3.799577350856627594e-02
3.799577350856627594e-02
3.799577350856627594e-02
3.799577350856627594e-02
3.799577350856627594e-02
3.799577350856627594e-02
3.799577350856627594e-02
0.000000000000000000e+00
0.000000000000000000e+00
0.000000000000000000e+00
0.000000000000000000e+00
0.000000000000000000e+00
0.000000000000000000e+00
0.000000000000000000e+00
0.000000000000000000e+00
0.000000000000000000e+00
1.009704095698299268e-03
1.009704095698299268e-03
1.009704095698299268e-03
1.009704095698299268e-03
1.009704095698299268e-03
1.009704095698299268e-03
1.009704095698299268e-03
1.009704095698299268e-03
8.524270725628174325e-03
9.156111914615978203e-03
2.172930806979231008e-02
2.172930806979231008e-02
2.172930806979231008e-02
2.172930806979231008e-02
2.172930806979231008e-02
2.172930806979231008e-02
2.172930806979231008e-02
1.675450005103512607e-02
2.172930806979231008e-02
0.000000000000000000e+00
0.000000000000000000e+00
0.000000000000000000e+00
0.000000000000000000e+00
1.739564515180315810e-02
1.739564515180315810e-02
1.739564515180315810e-02
8.524270725628174325e-03
8.524270725628174325e-03
0.000000000000000000e+00
0.000000000000000000e+00
0.000000000000000000e+00
0.000000000000000000e+00
1.135785629774467738e-02
1.526372148601291834e-02
1.526372148601291834e-02
1.526372148601291834e-02
1.526372148601291834e-02
1.526372148601291834e-02
1.526372148601291834e-02
1.526372148601291834e-02
1.526372148601291834e-02
1.526372148601291834e-02
1.526372148601291834e-02
1.526372148601291834e-02
1.526372148601291834e-02
1.526372148601291834e-02
1.526372148601291834e-02
1.526372148601291834e-02
0.000000000000000000e+00
0.000000000000000000e+00
0.000000000000000000e+00
0.000000000000000000e+00
0.000000000000000000e+00
0.000000000000000000e+00
0.000000000000000000e+00
0.000000000000000000e+00
0.000000000000000000e+00
0.000000000000000000e+00
0.000000000000000000e+00
5.226479152484537387e-04
2.103496683564021544e-02
2.010821187406192090e-02
0.000000000000000000e+00
0.000000000000000000e+00
1.106335042928500469e-02
1.106335042928500469e-02
1.106335042928500469e-02
1.106335042928500469e-02
1.028330503450967937e-02
1.153496486422724877e-02
1.153496486422724877e-02
2.262728937092664191e-02
2.770804169803876491e-02
0.000000000000000000e+00
1.963100706030037820e-02
1.963100706030037820e-02
2.273284826905736574e-03
2.273284826905736574e-03
2.273284826905736574e-03
2.010821187406192090e-02
0.000000000000000000e+00
0.000000000000000000e+00
3.159028383128550509e-03
7.030886704117827492e-03
7.030886704117827492e-03
1.473152164215946885e-02
1.473152164215946885e-02
1.473152164215946885e-02
8.180541196331511319e-03
3.253104429239431911e-02
3.253104429239431911e-02
0.000000000000000000e+00
0.000000000000000000e+00
1.603816956745125755e-02
1.603816956745125755e-02
1.603816956745125755e-02
1.603816956745125755e-02
1.603816956745125755e-02
1.603816956745125755e-02
4.717488550530137686e-03
1.688841148002031157e-03
1.688841148002031157e-03
1.688841148002031157e-03
1.688841148002031157e-03
1.688841148002031157e-03
1.688841148002031157e-03
1.688841148002031157e-03
1.688841148002031157e-03
1.688841148002031157e-03
1.688841148002031157e-03
1.688841148002031157e-03
1.688841148002031157e-03
1.766203932269742351e-03
1.766203932269742351e-03
0.000000000000000000e+00
0.000000000000000000e+00
6.345973338478706413e-03
6.345973338478706413e-03
8.412839108072008021e-03
8.412839108072008021e-03
8.412839108072008021e-03
4.717488550530137686e-03
4.717488550530137686e-03
2.928327199398937132e-03
1.058667867200150129e-03
0.000000000000000000e+00
0.000000000000000000e+00
0.000000000000000000e+00
0.000000000000000000e+00
7.461543973008093536e-03
7.461543973008093536e-03
7.461543973008093536e-03
7.461543973008093536e-03
7.461543973008093536e-03
7.461543973008093536e-03
7.461543973008093536e-03
7.461543973008093536e-03
7.461543973008093536e-03
7.461543973008093536e-03
7.461543973008093536e-03
1.248274792657911615e-02
1.248274792657911615e-02
1.248274792657911615e-02
1.248274792657911615e-02
1.248274792657911615e-02
1.248274792657911615e-02
1.248274792657911615e-02
1.248274792657911615e-02
0.000000000000000000e+00
0.000000000000000000e+00
1.559828295900564203e-02
1.559828295900564203e-02
1.559828295900564203e-02
1.559828295900564203e-02
0.000000000000000000e+00
0.000000000000000000e+00
0.000000000000000000e+00
0.000000000000000000e+00
1.829582309340287150e-02
1.829582309340287150e-02
0.000000000000000000e+00
1.617080947284945530e-02
1.100980887417604519e-02
1.100980887417604519e-02
1.100980887417604519e-02
1.100980887417604519e-02
1.100980887417604519e-02
8.724608773791338312e-03
8.724608773791338312e-03
3.416385651069821922e-02
1.941146776663058016e-02
1.941146776663058016e-02
1.941146776663058016e-02
1.941146776663058016e-02
0.000000000000000000e+00
0.000000000000000000e+00
0.000000000000000000e+00
0.000000000000000000e+00
0.000000000000000000e+00
1.561930362568415397e-03
1.561930362568415397e-03
3.159028383128550509e-03
3.159028383128550509e-03
3.159028383128550509e-03
3.159028383128550509e-03
3.159028383128550509e-03
3.159028383128550509e-03
3.159028383128550509e-03
3.159028383128550509e-03
3.159028383128550509e-03
3.159028383128550509e-03
4.519599247854023255e-02
4.519599247854023255e-02
4.519599247854023255e-02
4.519599247854023255e-02
1.483999527449150931e-02
1.483999527449150931e-02
1.483999527449150931e-02
1.483999527449150931e-02
1.483999527449150931e-02
5.647379071829668196e-03
1.197621778199261557e-02
1.197621778199261557e-02
0.000000000000000000e+00
0.000000000000000000e+00
7.643552962564749420e-02
7.214375586376845818e-03
7.214375586376845818e-03
7.214375586376845818e-03
7.214375586376845818e-03
2.613594284829873216e-02
3.422505007310732480e-03
3.422505007310732480e-03
5.820258587135285731e-03
6.789267067285875527e-03
2.254576361647787561e-02
2.254576361647787561e-02
2.254576361647787561e-02
2.254576361647787561e-02
1.720814200984569636e-02
0.000000000000000000e+00
4.809918172100533310e-03
4.809918172100533310e-03
1.358664019395603925e-02
4.809918172100533310e-03
9.466723120463061856e-04
9.466723120463061856e-04
2.369506340255067220e-02
2.369506340255067220e-02
2.369506340255067220e-02
2.369506340255067220e-02
1.344619446116086282e-02
1.344619446116086282e-02
1.053874561685304821e-03
4.816490051828301727e-03
4.816490051828301727e-03
0.000000000000000000e+00
0.000000000000000000e+00
0.000000000000000000e+00
0.000000000000000000e+00
1.910940607378368641e-02
4.429782501861232423e-03
4.429782501861232423e-03
4.429782501861232423e-03
4.429782501861232423e-03
4.429782501861232423e-03
4.429782501861232423e-03
4.429782501861232423e-03
4.429782501861232423e-03
1.442248761447539017e-02
3.350935093233871342e-02
3.350935093233871342e-02
3.268262976307542700e-02
1.328508705869961906e-02
1.328508705869961906e-02
1.053874561685304821e-03
1.053874561685304821e-03
1.053874561685304821e-03
8.649512659461105341e-03
8.649512659461105341e-03
1.848886562396243050e-02
0.000000000000000000e+00
0.000000000000000000e+00
0.000000000000000000e+00
0.000000000000000000e+00
1.352892941654728828e-02
1.352892941654728828e-02
1.352892941654728828e-02
1.352892941654728828e-02
1.352892941654728828e-02
1.352892941654728828e-02
3.350841834788082212e-03
7.832636235297966683e-04
7.832636235297966683e-04
1.071193489884029668e-02
1.071193489884029668e-02
1.071193489884029668e-02
1.071193489884029668e-02
1.071193489884029668e-02
1.071193489884029668e-02
3.350841834788082212e-03
0.000000000000000000e+00
3.350841834788082212e-03
3.350841834788082212e-03
3.350841834788082212e-03
3.350841834788082212e-03
3.350841834788082212e-03
3.350841834788082212e-03
3.350841834788082212e-03
3.350841834788082212e-03
0.000000000000000000e+00
0.000000000000000000e+00
0.000000000000000000e+00
3.268262976307542700e-02
5.126289794167320413e-05
5.126289794167320413e-05
5.126289794167320413e-05
5.126289794167320413e-05
1.763234052612880354e-02
1.772944367380697300e-02
1.772944367380697300e-02
1.772944367380697300e-02
8.521453144414195893e-03
8.521453144414195893e-03
8.521453144414195893e-03
8.521453144414195893e-03
1.553870734920820805e-02
1.815446884776595118e-02
1.553870734920820805e-02
1.553870734920820805e-02
1.815446884776595118e-02
7.425297545159586718e-03
1.476170104524943648e-02
4.069303703454379625e-03
4.069303703454379625e-03
4.069303703454379625e-03
0.000000000000000000e+00
0.000000000000000000e+00
5.987453732708448821e-03
5.987453732708448821e-03
5.987453732708448821e-03
5.987453732708448821e-03
5.987453732708448821e-03
5.987453732708448821e-03
1.860589064341863774e-02
1.860589064341863774e-02
1.860589064341863774e-02
1.860589064341863774e-02
4.946731590617476151e-03
4.946731590617476151e-03
9.560691362855852637e-03
1.476170104524943648e-02
2.262728937092664191e-02
2.262728937092664191e-02
4.612206177352070474e-02
4.612206177352070474e-02
4.612206177352070474e-02
3.065033861175660637e-02
3.065033861175660637e-02
2.394533431997089221e-02
2.394533431997089221e-02
2.394533431997089221e-02
2.348676491060651406e-03
2.289205913926949457e-02
0.000000000000000000e+00
0.000000000000000000e+00
1.104190329997758839e-02
2.647488050104191554e-02
2.647488050104191554e-02
1.130432257880063622e-02
6.291543780658870148e-03
6.291543780658870148e-03
3.541648763213492077e-03
3.541648763213492077e-03
3.541648763213492077e-03
3.541648763213492077e-03
3.304933138818135635e-02
0.000000000000000000e+00
0.000000000000000000e+00
0.000000000000000000e+00
0.000000000000000000e+00
0.000000000000000000e+00
0.000000000000000000e+00
0.000000000000000000e+00
0.000000000000000000e+00
0.000000000000000000e+00
6.052739227727413004e-03
6.052739227727413004e-03
6.052739227727413004e-03
6.052739227727413004e-03
1.330436553927457320e-02
7.542076602619939181e-03
5.028344636446961669e-03
5.028344636446961669e-03
0.000000000000000000e+00
2.604108961458003867e-03
2.604108961458003867e-03
1.465476362917148695e-02
1.465476362917148695e-02
0.000000000000000000e+00
0.000000000000000000e+00
7.542076602619939181e-03
0.000000000000000000e+00
0.000000000000000000e+00
0.000000000000000000e+00
0.000000000000000000e+00
0.000000000000000000e+00
0.000000000000000000e+00
0.000000000000000000e+00
1.366739305586757436e-02
0.000000000000000000e+00
0.000000000000000000e+00
0.000000000000000000e+00
3.232494637081732673e-03
1.446521938450376701e-02
1.446521938450376701e-02
1.446521938450376701e-02
1.446521938450376701e-02
1.446521938450376701e-02
1.446521938450376701e-02
1.446521938450376701e-02
1.446521938450376701e-02
1.446521938450376701e-02
1.446521938450376701e-02
1.446521938450376701e-02
1.446521938450376701e-02
1.446521938450376701e-02
1.446521938450376701e-02
1.446521938450376701e-02
1.446521938450376701e-02
7.378869996420131874e-03
3.090517804906059082e-02
6.155618387437486461e-03
0.000000000000000000e+00
0.000000000000000000e+00
0.000000000000000000e+00
0.000000000000000000e+00
1.368257066873971792e-02
5.820258587135285731e-03
2.215850055172838198e-03
2.215850055172838198e-03
3.186047038425993821e-02
3.186047038425993821e-02
0.000000000000000000e+00
0.000000000000000000e+00
0.000000000000000000e+00
6.132053144327591701e-03
6.132053144327591701e-03
6.132053144327591701e-03
6.132053144327591701e-03
6.132053144327591701e-03
6.132053144327591701e-03
6.132053144327591701e-03
6.132053144327591701e-03
1.828465697410660423e-02
1.828465697410660423e-02
1.617080947284945530e-02
2.128379400387016979e-02
2.128379400387016979e-02
1.368257066873971792e-02
1.368257066873971792e-02
1.368257066873971792e-02
1.368257066873971792e-02
6.931825973414326540e-03
6.931825973414326540e-03
0.000000000000000000e+00
0.000000000000000000e+00
0.000000000000000000e+00
0.000000000000000000e+00
1.403766344610832446e-02
0.000000000000000000e+00
0.000000000000000000e+00
3.794563323362598346e-03
3.794563323362598346e-03
3.794563323362598346e-03
3.794563323362598346e-03
1.043372554606051585e-02
1.043372554606051585e-02
1.043372554606051585e-02
0.000000000000000000e+00
0.000000000000000000e+00
0.000000000000000000e+00
0.000000000000000000e+00
0.000000000000000000e+00
0.000000000000000000e+00
0.000000000000000000e+00
2.289643172507042218e-02
2.289643172507042218e-02
8.435870356415327200e-04
8.435870356415327200e-04
0.000000000000000000e+00
0.000000000000000000e+00
1.976873369480000239e-02
1.976873369480000239e-02
1.784949367549805779e-02
1.784949367549805779e-02
0.000000000000000000e+00
0.000000000000000000e+00
8.153552620592368835e-03
8.153552620592368835e-03
0.000000000000000000e+00
0.000000000000000000e+00
0.000000000000000000e+00
0.000000000000000000e+00
0.000000000000000000e+00
6.394159944908179433e-03
5.137998137031643368e-03
2.613594284829873216e-02
2.613594284829873216e-02
2.613594284829873216e-02
2.613594284829873216e-02
2.613594284829873216e-02
4.569011495060051192e-02
0.000000000000000000e+00
2.443523507222391047e-02
2.443523507222391047e-02
2.443523507222391047e-02
2.443523507222391047e-02
0.000000000000000000e+00
1.923835650424952914e-02
6.230379794333385825e-03
1.577353704233913981e-02
1.577353704233913981e-02
1.577353704233913981e-02
1.577353704233913981e-02
1.577353704233913981e-02
1.577353704233913981e-02
1.577353704233913981e-02
1.577353704233913981e-02
0.000000000000000000e+00
0.000000000000000000e+00
5.596244303987803898e-03
5.647379071829668196e-03
5.647379071829668196e-03
5.647379071829668196e-03
2.216566067932261228e-02
2.216566067932261228e-02
6.270077514354554377e-03
6.270077514354554377e-03
6.270077514354554377e-03
6.270077514354554377e-03
4.530123609564903377e-03
3.015192323147623463e-02
3.015192323147623463e-02
9.713550081308554990e-03
9.713550081308554990e-03
9.713550081308554990e-03
3.307204434566746176e-02
3.133222824920006699e-02
3.133222824920006699e-02
0.000000000000000000e+00
1.104190329997758839e-02
1.104190329997758839e-02
1.104190329997758839e-02
1.104190329997758839e-02
1.104190329997758839e-02
2.918122000070389258e-02
2.918122000070389258e-02
2.918122000070389258e-02
2.918122000070389258e-02
2.918122000070389258e-02
2.918122000070389258e-02
0.000000000000000000e+00
0.000000000000000000e+00
1.164550961201122909e-03
1.164550961201122909e-03
6.352882712654287813e-03
6.230379794333385825e-03
1.208017852199785164e-02
1.208017852199785164e-02
1.033561114117756565e-04
3.579475421415726898e-03
3.579475421415726898e-03
9.434349222003615004e-03
1.080089945446522336e-02
1.080089945446522336e-02
0.000000000000000000e+00
0.000000000000000000e+00
0.000000000000000000e+00
1.759137806833804482e-02
1.759137806833804482e-02
1.759137806833804482e-02
1.759137806833804482e-02
6.824115880344598824e-03
6.824115880344598824e-03
3.379447625075006345e-02
3.379447625075006345e-02
0.000000000000000000e+00
1.358664019395603925e-02
1.358664019395603925e-02
4.975952111674313526e-03
0.000000000000000000e+00
0.000000000000000000e+00
7.820735736920599729e-03
7.820735736920599729e-03
2.928327199398937132e-03
2.928327199398937132e-03
0.000000000000000000e+00
0.000000000000000000e+00
0.000000000000000000e+00
0.000000000000000000e+00
0.000000000000000000e+00
0.000000000000000000e+00
0.000000000000000000e+00
0.000000000000000000e+00
0.000000000000000000e+00
0.000000000000000000e+00
0.000000000000000000e+00
0.000000000000000000e+00
0.000000000000000000e+00
0.000000000000000000e+00
0.000000000000000000e+00
3.050720837852435169e-02
3.050720837852435169e-02
0.000000000000000000e+00
1.611254833811956444e-02
1.611254833811956444e-02
1.611254833811956444e-02
1.611254833811956444e-02
1.611254833811956444e-02
1.611254833811956444e-02
0.000000000000000000e+00
0.000000000000000000e+00
0.000000000000000000e+00
0.000000000000000000e+00
0.000000000000000000e+00
0.000000000000000000e+00
0.000000000000000000e+00
2.786036554429325782e-02
2.786036554429325782e-02
2.786036554429325782e-02
2.786036554429325782e-02
2.786036554429325782e-02
2.786036554429325782e-02
2.786036554429325782e-02
2.786036554429325782e-02
2.786036554429325782e-02
2.786036554429325782e-02
2.786036554429325782e-02
1.896840242886954978e-02
2.003437812411594174e-02
1.143966750727291697e-02
0.000000000000000000e+00
0.000000000000000000e+00
0.000000000000000000e+00
0.000000000000000000e+00
0.000000000000000000e+00
0.000000000000000000e+00
0.000000000000000000e+00
0.000000000000000000e+00
3.000443032128238124e-02
3.000443032128238124e-02
1.850660833338773703e-03
1.850660833338773703e-03
1.850660833338773703e-03
1.850660833338773703e-03
0.000000000000000000e+00
0.000000000000000000e+00
0.000000000000000000e+00
0.000000000000000000e+00
1.428914015594227177e-03
1.051826626211358438e-02
1.051826626211358438e-02
1.051826626211358438e-02
1.051826626211358438e-02
1.051826626211358438e-02
1.051826626211358438e-02
1.051826626211358438e-02
1.051826626211358438e-02
1.227047920231730607e-02
0.000000000000000000e+00
5.826788818057903815e-03
5.826788818057903815e-03
0.000000000000000000e+00
4.820671480493546324e-03
1.401140650289639869e-02
7.022978890404987622e-03
8.004330131978074775e-03
8.004330131978074775e-03
8.004330131978074775e-03
0.000000000000000000e+00
0.000000000000000000e+00
0.000000000000000000e+00
0.000000000000000000e+00
0.000000000000000000e+00
6.352882712654287813e-03
6.352882712654287813e-03
6.352882712654287813e-03
6.352882712654287813e-03
6.352882712654287813e-03
2.867861255859732467e-03
2.867861255859732467e-03
2.867861255859732467e-03
2.867861255859732467e-03
2.867861255859732467e-03
2.867861255859732467e-03
2.867861255859732467e-03
2.867861255859732467e-03
2.867861255859732467e-03
2.867861255859732467e-03
2.867861255859732467e-03
1.153099223142722667e-02
1.153099223142722667e-02
5.000379208109050934e-03
5.000379208109050934e-03
5.000379208109050934e-03
5.000379208109050934e-03
1.905408139350693586e-02
8.180541196331511319e-03
8.180541196331511319e-03
7.166259132978612667e-02
7.166259132978612667e-02
2.632900770411689823e-02
1.939871477036494637e-03
1.939871477036494637e-03
1.939871477036494637e-03
1.939871477036494637e-03
1.939871477036494637e-03
1.939871477036494637e-03
1.939871477036494637e-03
1.939871477036494637e-03
0.000000000000000000e+00
0.000000000000000000e+00
0.000000000000000000e+00
2.632900770411689823e-02
2.632900770411689823e-02
2.632900770411689823e-02
0.000000000000000000e+00
0.000000000000000000e+00
1.423546885928462374e-02
1.423546885928462374e-02
0.000000000000000000e+00
0.000000000000000000e+00
1.646133092631219680e-02
1.646133092631219680e-02
0.000000000000000000e+00
0.000000000000000000e+00
7.321009588626463394e-03
0.000000000000000000e+00
0.000000000000000000e+00
2.405396108182398726e-02
2.405396108182398726e-02
5.596244303987803898e-03
5.596244303987803898e-03
5.596244303987803898e-03
5.596244303987803898e-03
1.614334845510508390e-02
5.698600966054404721e-03
1.113402853835510596e-02
1.113402853835510596e-02
2.455417089401254298e-03
2.455417089401254298e-03
2.063192887266150286e-02
2.063192887266150286e-02
2.063192887266150286e-02
2.063192887266150286e-02
2.578391938333396850e-03
1.229838811810763342e-02
1.229838811810763342e-02
1.229838811810763342e-02
1.229838811810763342e-02
1.229838811810763342e-02
1.229838811810763342e-02
1.229838811810763342e-02
1.229838811810763342e-02
1.229838811810763342e-02
1.229838811810763342e-02
1.229838811810763342e-02
1.229838811810763342e-02
1.229838811810763342e-02
1.229838811810763342e-02
1.229838811810763342e-02
4.800803664171694740e-02
4.800803664171694740e-02
4.800803664171694740e-02
4.800803664171694740e-02
1.614334845510508390e-02
1.614334845510508390e-02
1.614334845510508390e-02
1.614334845510508390e-02
1.614334845510508390e-02
1.614334845510508390e-02
5.347202230919281644e-03
1.732446997088227594e-02
0.000000000000000000e+00
0.000000000000000000e+00
2.948514340102358425e-02
1.956440840369579742e-02
0.000000000000000000e+00
0.000000000000000000e+00
0.000000000000000000e+00
0.000000000000000000e+00
2.523376760140237651e-02
2.523376760140237651e-02
5.307579035771156639e-03
7.997330182229719572e-03
6.026101697345391354e-03
6.155618387437486461e-03
6.155618387437486461e-03
6.155618387437486461e-03
6.155618387437486461e-03
6.155618387437486461e-03
6.155618387437486461e-03
7.997330182229719572e-03
7.997330182229719572e-03
7.997330182229719572e-03
7.997330182229719572e-03
0.000000000000000000e+00
0.000000000000000000e+00
1.591723319549318352e-02
1.591723319549318352e-02
1.591723319549318352e-02
1.591723319549318352e-02
1.591723319549318352e-02
3.180021157107538327e-02
1.732446997088227594e-02
2.138746609959525299e-02
2.138746609959525299e-02
2.138746609959525299e-02
0.000000000000000000e+00
2.114893653124864589e-02
2.114893653124864589e-02
0.000000000000000000e+00
0.000000000000000000e+00
0.000000000000000000e+00
0.000000000000000000e+00
0.000000000000000000e+00
3.180021157107538327e-02
3.180021157107538327e-02
3.180021157107538327e-02
3.180021157107538327e-02
3.180021157107538327e-02
3.180021157107538327e-02
1.848886562396243050e-02
0.000000000000000000e+00
0.000000000000000000e+00
0.000000000000000000e+00
0.000000000000000000e+00
2.447828868474532030e-02
0.000000000000000000e+00
0.000000000000000000e+00
2.027861346613300114e-02
2.027861346613300114e-02
0.000000000000000000e+00
0.000000000000000000e+00
0.000000000000000000e+00
9.560691362855852637e-03
9.560691362855852637e-03
9.560691362855852637e-03
9.560691362855852637e-03
3.060270612457789696e-03
3.060270612457789696e-03
3.060270612457789696e-03
0.000000000000000000e+00
2.447828868474532030e-02
1.588503451611523315e-02
1.675450005103512607e-02
1.059847040159994647e-02
3.208277389866229408e-03
3.277952705810925106e-03
0.000000000000000000e+00
2.764842968663984088e-03
2.764842968663984088e-03
1.588503451611523315e-02
1.588503451611523315e-02
9.724213777106988782e-03
9.080642835727728221e-03
9.080642835727728221e-03
9.080642835727728221e-03
3.208277389866229408e-03
3.208277389866229408e-03
3.208277389866229408e-03
0.000000000000000000e+00
0.000000000000000000e+00
3.670736410880606759e-02
3.670736410880606759e-02
0.000000000000000000e+00
0.000000000000000000e+00
0.000000000000000000e+00
0.000000000000000000e+00
1.224357941252804220e-02
1.224357941252804220e-02
0.000000000000000000e+00
2.190690985406968869e-02
2.886644005585795991e-03
2.886644005585795991e-03
2.838204085884673059e-03
2.838204085884673059e-03
2.838204085884673059e-03
2.838204085884673059e-03
2.838204085884673059e-03
2.838204085884673059e-03
2.838204085884673059e-03
2.838204085884673059e-03
2.838204085884673059e-03
2.838204085884673059e-03
2.838204085884673059e-03
0.000000000000000000e+00
0.000000000000000000e+00
0.000000000000000000e+00
0.000000000000000000e+00
2.675514251965944567e-03
2.675514251965944567e-03
2.675514251965944567e-03
2.675514251965944567e-03
2.675514251965944567e-03
2.675514251965944567e-03
0.000000000000000000e+00
0.000000000000000000e+00
7.706288682283165235e-03
7.706288682283165235e-03
7.706288682283165235e-03
7.706288682283165235e-03
7.706288682283165235e-03
7.706288682283165235e-03
7.706288682283165235e-03
7.706288682283165235e-03
7.706288682283165235e-03
7.706288682283165235e-03
3.374782534800496638e-03
3.374782534800496638e-03
0.000000000000000000e+00
0.000000000000000000e+00
1.105569523268584708e-02
1.105569523268584708e-02
1.105569523268584708e-02
1.105569523268584708e-02
3.957427290885752458e-03
2.695355741102344743e-02
2.695355741102344743e-02
2.695355741102344743e-02
2.695355741102344743e-02
2.100600659498003467e-02
2.100600659498003467e-02
1.677153728730920029e-02
4.592763553482749790e-03
4.592763553482749790e-03
1.641742788468989389e-03
1.641742788468989389e-03
1.641742788468989389e-03
1.641742788468989389e-03
1.641742788468989389e-03
1.641742788468989389e-03
1.641742788468989389e-03
1.641742788468989389e-03
1.641742788468989389e-03
1.641742788468989389e-03
3.957427290885752458e-03
3.957427290885752458e-03
3.957427290885752458e-03
3.957427290885752458e-03
3.957427290885752458e-03
3.957427290885752458e-03
3.957427290885752458e-03
3.957427290885752458e-03
1.429804592756662648e-02
1.429804592756662648e-02
1.429804592756662648e-02
1.429804592756662648e-02
1.538167106096014446e-02
1.538167106096014446e-02
1.538167106096014446e-02
1.538167106096014446e-02
1.677153728730920029e-02
0.000000000000000000e+00
2.577684949533176617e-02
1.617080947284945530e-02
1.624309260935458132e-02
1.624309260935458132e-02
1.624309260935458132e-02
1.624309260935458132e-02
1.624309260935458132e-02
1.624309260935458132e-02
1.624309260935458132e-02
1.624309260935458132e-02
1.624309260935458132e-02
1.624309260935458132e-02
1.624309260935458132e-02
9.258131518444312827e-03
9.258131518444312827e-03
9.258131518444312827e-03
9.258131518444312827e-03
9.258131518444312827e-03
9.258131518444312827e-03
9.258131518444312827e-03
0.000000000000000000e+00
0.000000000000000000e+00
0.000000000000000000e+00
0.000000000000000000e+00
7.463851550052121551e-03
7.463851550052121551e-03
7.463851550052121551e-03
7.463851550052121551e-03
1.184051506247882010e-02
1.184051506247882010e-02
1.184051506247882010e-02
1.184051506247882010e-02
1.401140650289639869e-02
6.175182018386568723e-03
6.175182018386568723e-03
3.232494637081732673e-03
3.232494637081732673e-03
3.056071056883191781e-03
3.056071056883191781e-03
3.056071056883191781e-03
3.056071056883191781e-03
3.056071056883191781e-03
3.056071056883191781e-03
3.056071056883191781e-03
3.056071056883191781e-03
3.056071056883191781e-03
3.056071056883191781e-03
3.056071056883191781e-03
3.056071056883191781e-03
3.056071056883191781e-03
1.428914015594227177e-03
3.679102374154247148e-03
3.679102374154247148e-03
3.679102374154247148e-03
3.679102374154247148e-03
6.731509141306810974e-03
6.731509141306810974e-03
6.731509141306810974e-03
6.731509141306810974e-03
9.219628352638960245e-03
1.545089395887406722e-02
1.545089395887406722e-02
7.341356095918180787e-03
1.059585492162019166e-02
1.059585492162019166e-02
0.000000000000000000e+00
1.059585492162019166e-02
1.267733803437196861e-02
1.267733803437196861e-02
9.834278115660620087e-03
9.834278115660620087e-03
5.194678599279767620e-03
3.041289215398765636e-03
3.041289215398765636e-03
1.851873373021786827e-03
4.645670463348849054e-03
9.219628352638960245e-03
7.378869996420131874e-03
7.378869996420131874e-03
7.378869996420131874e-03
7.378869996420131874e-03
4.755608736624009764e-03
4.755608736624009764e-03
0.000000000000000000e+00
0.000000000000000000e+00
9.637255347694344623e-03
2.243087287115922909e-02
2.243087287115922909e-02
2.243087287115922909e-02
2.243087287115922909e-02
2.243087287115922909e-02
2.243087287115922909e-02
2.243087287115922909e-02
2.243087287115922909e-02
2.243087287115922909e-02
2.243087287115922909e-02
0.000000000000000000e+00
0.000000000000000000e+00
0.000000000000000000e+00
1.577339832431011793e-02
0.000000000000000000e+00
0.000000000000000000e+00
0.000000000000000000e+00
0.000000000000000000e+00
0.000000000000000000e+00
0.000000000000000000e+00
1.611205445942328479e-02
2.072708121505250148e-02
0.000000000000000000e+00
0.000000000000000000e+00
0.000000000000000000e+00
0.000000000000000000e+00
0.000000000000000000e+00
1.753809524901906933e-02
1.753809524901906933e-02
1.753809524901906933e-02
0.000000000000000000e+00
0.000000000000000000e+00
1.716070387449575643e-02
1.716070387449575643e-02
1.716070387449575643e-02
1.716070387449575643e-02
1.611205445942328479e-02
6.243889102832966831e-03
6.243889102832966831e-03
2.066786318869761122e-02
2.066786318869761122e-02
2.725763304515667687e-02
2.725763304515667687e-02
3.700226753037555525e-03
3.700226753037555525e-03
3.700226753037555525e-03
3.700226753037555525e-03
0.000000000000000000e+00
0.000000000000000000e+00
1.968359298520822032e-02
4.282066819426396526e-02
4.282066819426396526e-02
4.282066819426396526e-02
7.011410624192001943e-03
7.011410624192001943e-03
1.285518509359302730e-02
1.285518509359302730e-02
1.851873373021786827e-03
1.851873373021786827e-03
1.851873373021786827e-03
1.851873373021786827e-03
1.851873373021786827e-03
1.851873373021786827e-03
0.000000000000000000e+00
0.000000000000000000e+00
7.341356095918180787e-03
3.167893393587365141e-03
1.659776667796037872e-02
1.062041425814456508e-03
1.062041425814456508e-03
1.062041425814456508e-03
1.062041425814456508e-03
4.569011495060051192e-02
4.569011495060051192e-02
1.736235667091189788e-02
1.736235667091189788e-02
1.896840242886954978e-02
1.896840242886954978e-02
1.896840242886954978e-02
1.896840242886954978e-02
2.948514340102358425e-02
2.948514340102358425e-02
3.167893393587365141e-03
3.167893393587365141e-03
3.167893393587365141e-03
3.167893393587365141e-03
0.000000000000000000e+00
0.000000000000000000e+00
