2.181957754691309006e-03
3.552051055046627492e-02
3.552051055046627492e-02
3.552051055046627492e-02
3.552051055046627492e-02
5.477650477616378445e-03
6.049142267729898555e-03
6.049142267729898555e-03
3.068808833093239919e-03
1.547631131656512955e-02
1.547631131656512955e-02
5.487483945207293629e-02
1.888143270234622986e-02
1.888143270234622986e-02
1.888143270234622986e-02
1.888143270234622986e-02
1.888143270234622986e-02
1.888143270234622986e-02
1.888143270234622986e-02
1.888143270234622986e-02
1.888143270234622986e-02
1.888143270234622986e-02
9.885620382247656615e-03
9.885620382247656615e-03
9.885620382247656615e-03
9.885620382247656615e-03
9.885620382247656615e-03
9.885620382247656615e-03
9.885620382247656615e-03
9.885620382247656615e-03
9.885620382247656615e-03
9.885620382247656615e-03
9.885620382247656615e-03
7.767974237792150309e-04
7.767974237792150309e-04
7.767974237792150309e-04
7.767974237792150309e-04
7.767974237792150309e-04
7.767974237792150309e-04
7.767974237792150309e-04
7.767974237792150309e-04
7.767974237792150309e-04
7.767974237792150309e-04
7.767974237792150309e-04
7.767974237792150309e-04
7.767974237792150309e-04
9.468549397079795843e-03
1.496177112986353704e-02
1.496177112986353704e-02
1.496177112986353704e-02
1.496177112986353704e-02
2.181957754691309006e-03
2.181957754691309006e-03
2.181957754691309006e-03
2.181957754691309006e-03
2.181957754691309006e-03
2.181957754691309006e-03
2.181957754691309006e-03
2.181957754691309006e-03
9.394994249547468021e-03
9.394994249547468021e-03
9.394994249547468021e-03
9.394994249547468021e-03
9.394994249547468021e-03
9.394994249547468021e-03
9.394994249547468021e-03
9.394994249547468021e-03
9.394994249547468021e-03
9.394994249547468021e-03
9.394994249547468021e-03
9.394994249547468021e-03
9.394994249547468021e-03
9.394994249547468021e-03
9.394994249547468021e-03
9.394994249547468021e-03
9.394994249547468021e-03
1.149885481067368723e-02
1.394713054469592234e-02
1.394713054469592234e-02
1.394713054469592234e-02
1.394713054469592234e-02
5.477650477616378445e-03
5.477650477616378445e-03
5.477650477616378445e-03
5.477650477616378445e-03
5.477650477616378445e-03
5.477650477616378445e-03
5.477650477616378445e-03
5.477650477616378445e-03
5.477650477616378445e-03
5.477650477616378445e-03
3.068808833093239919e-03
3.068808833093239919e-03
3.068808833093239919e-03
3.068808833093239919e-03
3.068808833093239919e-03
3.068808833093239919e-03
3.068808833093239919e-03
3.068808833093239919e-03
3.068808833093239919e-03
3.068808833093239919e-03
6.037612467882899452e-03
6.037612467882899452e-03
6.037612467882899452e-03
6.037612467882899452e-03
6.037612467882899452e-03
6.037612467882899452e-03
6.037612467882899452e-03
6.037612467882899452e-03
6.037612467882899452e-03
6.037612467882899452e-03
6.037612467882899452e-03
6.037612467882899452e-03
6.037612467882899452e-03
8.332593996187230914e-03
8.332593996187230914e-03
8.332593996187230914e-03
7.894265286886912800e-03
8.332593996187230914e-03
8.332593996187230914e-03
8.332593996187230914e-03
2.538009654201285603e-02
1.519062155488493972e-02
1.519062155488493972e-02
1.519062155488493972e-02
1.519062155488493972e-02
1.519062155488493972e-02
1.519062155488493972e-02
1.519062155488493972e-02
1.519062155488493972e-02
1.519062155488493972e-02
1.519062155488493972e-02
7.235416108928296661e-03
9.468549397079795843e-03
9.468549397079795843e-03
9.468549397079795843e-03
2.026093649017917612e-03
2.026093649017917612e-03
2.026093649017917612e-03
2.026093649017917612e-03
2.026093649017917612e-03
2.026093649017917612e-03
2.026093649017917612e-03
2.026093649017917612e-03
2.026093649017917612e-03
2.026093649017917612e-03
2.026093649017917612e-03
8.928016624103781232e-03
1.149885481067368723e-02
1.149885481067368723e-02
1.149885481067368723e-02
1.149885481067368723e-02
1.149885481067368723e-02
1.950963694884643579e-02
2.175184714310749584e-03
2.175184714310749584e-03
2.175184714310749584e-03
2.175184714310749584e-03
2.175184714310749584e-03
2.175184714310749584e-03
2.175184714310749584e-03
2.175184714310749584e-03
2.175184714310749584e-03
2.175184714310749584e-03
2.175184714310749584e-03
2.175184714310749584e-03
2.175184714310749584e-03
2.175184714310749584e-03
2.175184714310749584e-03
2.175184714310749584e-03
2.175184714310749584e-03
2.175184714310749584e-03
2.175184714310749584e-03
2.175184714310749584e-03
2.175184714310749584e-03
2.175184714310749584e-03
2.175184714310749584e-03
2.175184714310749584e-03
2.175184714310749584e-03
2.175184714310749584e-03
2.175184714310749584e-03
2.175184714310749584e-03
2.175184714310749584e-03
2.175184714310749584e-03
2.175184714310749584e-03
2.175184714310749584e-03
7.894265286886912800e-03
7.894265286886912800e-03
7.894265286886912800e-03
7.894265286886912800e-03
7.894265286886912800e-03
9.248158511468009685e-03
9.248158511468009685e-03
9.248158511468009685e-03
9.248158511468009685e-03
9.248158511468009685e-03
9.248158511468009685e-03
9.248158511468009685e-03
9.248158511468009685e-03
9.248158511468009685e-03
9.248158511468009685e-03
9.248158511468009685e-03
9.248158511468009685e-03
9.248158511468009685e-03
9.248158511468009685e-03
9.248158511468009685e-03
9.248158511468009685e-03
9.248158511468009685e-03
1.153196712572569088e-02
1.153196712572569088e-02
1.153196712572569088e-02
1.153196712572569088e-02
1.153196712572569088e-02
1.153196712572569088e-02
1.153196712572569088e-02
1.153196712572569088e-02
1.153196712572569088e-02
1.153196712572569088e-02
1.153196712572569088e-02
1.153196712572569088e-02
1.153196712572569088e-02
1.153196712572569088e-02
1.153196712572569088e-02
1.896053064317440454e-04
5.421333637637067680e-03
5.421333637637067680e-03
5.421333637637067680e-03
5.421333637637067680e-03
5.421333637637067680e-03
5.421333637637067680e-03
8.928016624103781232e-03
8.928016624103781232e-03
8.928016624103781232e-03
8.928016624103781232e-03
8.928016624103781232e-03
8.928016624103781232e-03
7.841840107581266039e-03
2.771611414540812481e-03
2.771611414540812481e-03
1.649775055560037326e-02
1.649775055560037326e-02
1.649775055560037326e-02
1.649775055560037326e-02
1.649775055560037326e-02
1.649775055560037326e-02
1.649775055560037326e-02
2.405253810910453361e-03
1.649775055560037326e-02
4.201935733506168523e-03
6.131477910063722926e-03
6.131477910063722926e-03
6.131477910063722926e-03
6.131477910063722926e-03
6.131477910063722926e-03
6.131477910063722926e-03
3.598566907791818804e-03
3.749110910495458051e-03
3.749110910495458051e-03
3.749110910495458051e-03
3.749110910495458051e-03
3.749110910495458051e-03
3.749110910495458051e-03
3.749110910495458051e-03
3.749110910495458051e-03
3.749110910495458051e-03
3.749110910495458051e-03
3.749110910495458051e-03
3.749110910495458051e-03
5.363036883399042998e-04
6.018089016243439657e-03
6.018089016243439657e-03
6.018089016243439657e-03
6.018089016243439657e-03
6.018089016243439657e-03
6.018089016243439657e-03
6.018089016243439657e-03
6.018089016243439657e-03
0.000000000000000000e+00
0.000000000000000000e+00
0.000000000000000000e+00
0.000000000000000000e+00
0.000000000000000000e+00
0.000000000000000000e+00
0.000000000000000000e+00
0.000000000000000000e+00
0.000000000000000000e+00
0.000000000000000000e+00
0.000000000000000000e+00
0.000000000000000000e+00
0.000000000000000000e+00
1.109515101542080107e-02
1.109515101542080107e-02
1.109515101542080107e-02
1.109515101542080107e-02
1.109515101542080107e-02
1.109515101542080107e-02
1.109515101542080107e-02
1.109515101542080107e-02
1.109515101542080107e-02
1.109515101542080107e-02
1.109515101542080107e-02
1.109515101542080107e-02
1.109515101542080107e-02
1.109515101542080107e-02
1.109515101542080107e-02
1.109515101542080107e-02
1.109515101542080107e-02
5.756883933701474609e-03
5.756883933701474609e-03
5.756883933701474609e-03
5.756883933701474609e-03
5.756883933701474609e-03
5.756883933701474609e-03
5.756883933701474609e-03
5.756883933701474609e-03
5.756883933701474609e-03
5.756883933701474609e-03
5.756883933701474609e-03
4.201935733506168523e-03
4.201935733506168523e-03
4.201935733506168523e-03
4.201935733506168523e-03
1.896053064317440454e-04
2.759158734407701069e-02
2.759158734407701069e-02
2.759158734407701069e-02
2.759158734407701069e-02
2.759158734407701069e-02
2.759158734407701069e-02
2.759158734407701069e-02
2.759158734407701069e-02
1.622240026301570437e-02
3.214944113847573257e-03
3.214944113847573257e-03
3.214944113847573257e-03
3.214944113847573257e-03
3.214944113847573257e-03
3.214944113847573257e-03
3.214944113847573257e-03
3.214944113847573257e-03
3.214944113847573257e-03
3.214944113847573257e-03
3.214944113847573257e-03
3.214944113847573257e-03
7.841840107581266039e-03
3.073207932189264257e-03
3.073207932189264257e-03
3.073207932189264257e-03
3.073207932189264257e-03
3.073207932189264257e-03
3.073207932189264257e-03
3.073207932189264257e-03
3.073207932189264257e-03
3.073207932189264257e-03
3.073207932189264257e-03
2.405253810910453361e-03
2.405253810910453361e-03
2.405253810910453361e-03
9.062993839595058498e-03
3.233192935073020934e-03
3.233192935073020934e-03
3.485451707761030860e-03
1.907326907499071536e-02
1.907326907499071536e-02
1.907326907499071536e-02
1.907326907499071536e-02
1.907326907499071536e-02
1.907326907499071536e-02
2.156661010307170737e-03
2.156661010307170737e-03
2.156661010307170737e-03
2.156661010307170737e-03
2.156661010307170737e-03
2.156661010307170737e-03
2.156661010307170737e-03
2.156661010307170737e-03
2.156661010307170737e-03
2.156661010307170737e-03
2.156661010307170737e-03
2.156661010307170737e-03
2.156661010307170737e-03
2.156661010307170737e-03
2.156661010307170737e-03
2.156661010307170737e-03
2.156661010307170737e-03
2.156661010307170737e-03
2.156661010307170737e-03
2.156661010307170737e-03
2.156661010307170737e-03
5.935977610709777938e-04
5.935977610709777938e-04
5.935977610709777938e-04
5.935977610709777938e-04
5.935977610709777938e-04
5.935977610709777938e-04
5.935977610709777938e-04
5.935977610709777938e-04
5.935977610709777938e-04
5.935977610709777938e-04
5.935977610709777938e-04
5.935977610709777938e-04
5.935977610709777938e-04
9.100086100005847639e-03
4.391674091974921527e-03
4.391674091974921527e-03
4.391674091974921527e-03
4.391674091974921527e-03
4.391674091974921527e-03
4.391674091974921527e-03
4.391674091974921527e-03
4.391674091974921527e-03
0.000000000000000000e+00
0.000000000000000000e+00
0.000000000000000000e+00
1.601192355834166192e-02
9.686362971486370960e-03
9.686362971486370960e-03
9.686362971486370960e-03
9.686362971486370960e-03
7.268668467783438551e-03
7.268668467783438551e-03
7.268668467783438551e-03
7.268668467783438551e-03
7.268668467783438551e-03
7.268668467783438551e-03
7.268668467783438551e-03
7.268668467783438551e-03
7.268668467783438551e-03
7.268668467783438551e-03
7.268668467783438551e-03
7.268668467783438551e-03
7.268668467783438551e-03
7.268668467783438551e-03
7.268668467783438551e-03
7.268668467783438551e-03
7.268668467783438551e-03
7.268668467783438551e-03
7.268668467783438551e-03
4.688158558938578142e-03
1.412117330715694473e-02
1.412117330715694473e-02
1.412117330715694473e-02
1.412117330715694473e-02
1.793794042057170537e-02
1.793794042057170537e-02
1.793794042057170537e-02
1.793794042057170537e-02
1.793794042057170537e-02
1.793794042057170537e-02
1.793794042057170537e-02
1.793794042057170537e-02
1.793794042057170537e-02
1.793794042057170537e-02
1.793794042057170537e-02
1.793794042057170537e-02
1.793794042057170537e-02
0.000000000000000000e+00
0.000000000000000000e+00
0.000000000000000000e+00
0.000000000000000000e+00
0.000000000000000000e+00
0.000000000000000000e+00
0.000000000000000000e+00
0.000000000000000000e+00
8.848384303091504088e-03
8.848384303091504088e-03
8.848384303091504088e-03
8.848384303091504088e-03
8.848384303091504088e-03
8.848384303091504088e-03
8.848384303091504088e-03
2.092739942330193448e-02
8.848384303091504088e-03
1.234341525955678399e-02
1.027961376714130355e-02
1.027961376714130355e-02
1.343389487588486121e-02
9.951778497819986288e-03
9.951778497819986288e-03
1.601192355834166192e-02
1.601192355834166192e-02
1.601192355834166192e-02
1.601192355834166192e-02
1.601192355834166192e-02
1.601192355834166192e-02
2.905738702445009435e-03
2.612535841850178791e-04
2.612535841850178791e-04
2.612535841850178791e-04
2.612535841850178791e-04
2.612535841850178791e-04
2.612535841850178791e-04
2.612535841850178791e-04
2.612535841850178791e-04
2.612535841850178791e-04
2.612535841850178791e-04
2.612535841850178791e-04
2.612535841850178791e-04
2.612535841850178791e-04
2.612535841850178791e-04
2.612535841850178791e-04
2.612535841850178791e-04
2.612535841850178791e-04
2.612535841850178791e-04
2.612535841850178791e-04
2.612535841850178791e-04
1.716893979180847754e-02
0.000000000000000000e+00
0.000000000000000000e+00
8.356746386877087623e-03
1.403350953493789736e-02
1.403350953493789736e-02
1.939464019724573482e-02
1.403350953493789736e-02
1.403350953493789736e-02
1.403350953493789736e-02
1.403350953493789736e-02
1.403350953493789736e-02
1.234341525955678399e-02
1.234341525955678399e-02
1.234341525955678399e-02
1.234341525955678399e-02
1.234341525955678399e-02
1.234341525955678399e-02
1.234341525955678399e-02
1.234341525955678399e-02
1.234341525955678399e-02
1.234341525955678399e-02
1.234341525955678399e-02
1.234341525955678399e-02
2.738963642786231435e-04
1.333974437768805071e-03
1.333974437768805071e-03
1.343389487588486121e-02
1.343389487588486121e-02
1.343389487588486121e-02
1.343389487588486121e-02
1.343389487588486121e-02
1.343389487588486121e-02
1.343389487588486121e-02
1.343389487588486121e-02
1.343389487588486121e-02
1.343389487588486121e-02
1.343389487588486121e-02
1.343389487588486121e-02
2.240721896812592970e-02
2.240721896812592970e-02
2.240721896812592970e-02
2.240721896812592970e-02
2.240721896812592970e-02
2.240721896812592970e-02
2.240721896812592970e-02
2.240721896812592970e-02
2.240721896812592970e-02
2.240721896812592970e-02
2.240721896812592970e-02
2.240721896812592970e-02
2.240721896812592970e-02
2.240721896812592970e-02
2.240721896812592970e-02
2.240721896812592970e-02
2.240721896812592970e-02
7.379585089130284888e-03
2.543444433206181604e-03
2.543444433206181604e-03
2.543444433206181604e-03
2.543444433206181604e-03
2.543444433206181604e-03
2.543444433206181604e-03
3.018543695194100124e-02
1.005586769922767708e-02
1.005586769922767708e-02
1.005586769922767708e-02
1.005586769922767708e-02
1.005586769922767708e-02
1.005586769922767708e-02
1.005586769922767708e-02
1.005586769922767708e-02
8.523048958464046060e-03
1.393239479695140663e-02
1.393239479695140663e-02
1.393239479695140663e-02
1.393239479695140663e-02
1.393239479695140663e-02
1.393239479695140663e-02
1.393239479695140663e-02
1.393239479695140663e-02
0.000000000000000000e+00
0.000000000000000000e+00
0.000000000000000000e+00
0.000000000000000000e+00
0.000000000000000000e+00
0.000000000000000000e+00
0.000000000000000000e+00
0.000000000000000000e+00
0.000000000000000000e+00
0.000000000000000000e+00
0.000000000000000000e+00
9.726576753368305472e-04
7.700324231176055439e-03
7.700324231176055439e-03
2.738963642786231435e-04
2.738963642786231435e-04
2.738963642786231435e-04
2.738963642786231435e-04
2.738963642786231435e-04
2.738963642786231435e-04
2.738963642786231435e-04
2.738963642786231435e-04
2.209583447662695835e-02
1.157549753671009186e-02
1.157549753671009186e-02
1.157549753671009186e-02
1.157549753671009186e-02
1.157549753671009186e-02
1.157549753671009186e-02
1.157549753671009186e-02
1.157549753671009186e-02
1.157549753671009186e-02
1.157549753671009186e-02
1.157549753671009186e-02
1.157549753671009186e-02
1.157549753671009186e-02
1.157549753671009186e-02
5.559491239286644057e-03
2.709714062400642165e-03
2.709714062400642165e-03
2.709714062400642165e-03
2.709714062400642165e-03
2.709714062400642165e-03
2.709714062400642165e-03
2.709714062400642165e-03
2.709714062400642165e-03
5.919925401552289176e-03
2.053909308845805123e-02
2.053909308845805123e-02
7.232993060269432735e-03
1.608197611895403195e-02
1.608197611895403195e-02
4.286557261820977960e-03
5.050143126228271752e-03
5.050143126228271752e-03
5.050143126228271752e-03
5.050143126228271752e-03
5.050143126228271752e-03
5.050143126228271752e-03
5.050143126228271752e-03
5.050143126228271752e-03
5.050143126228271752e-03
5.050143126228271752e-03
1.737755266874517826e-03
1.238303120881523167e-03
1.238303120881523167e-03
1.238303120881523167e-03
1.238303120881523167e-03
1.238303120881523167e-03
1.238303120881523167e-03
6.086399005738842493e-04
6.086399005738842493e-04
6.086399005738842493e-04
6.086399005738842493e-04
6.086399005738842493e-04
6.086399005738842493e-04
6.086399005738842493e-04
6.086399005738842493e-04
6.086399005738842493e-04
6.086399005738842493e-04
6.086399005738842493e-04
8.523048958464046060e-03
8.523048958464046060e-03
8.523048958464046060e-03
8.523048958464046060e-03
8.523048958464046060e-03
8.523048958464046060e-03
8.523048958464046060e-03
8.523048958464046060e-03
1.002614095462155998e-02
3.647271837489360954e-03
3.647271837489360954e-03
3.647271837489360954e-03
3.647271837489360954e-03
2.092739942330193448e-02
0.000000000000000000e+00
0.000000000000000000e+00
7.232993060269432735e-03
7.232993060269432735e-03
7.232993060269432735e-03
7.232993060269432735e-03
7.232993060269432735e-03
7.232993060269432735e-03
7.232993060269432735e-03
7.232993060269432735e-03
7.232993060269432735e-03
7.232993060269432735e-03
7.232993060269432735e-03
7.232993060269432735e-03
7.232993060269432735e-03
7.232993060269432735e-03
7.232993060269432735e-03
7.232993060269432735e-03
7.232993060269432735e-03
7.232993060269432735e-03
2.114404187294705202e-03
3.909500222193043259e-03
3.909500222193043259e-03
4.265362641066281629e-03
2.040552866276576244e-03
2.040552866276576244e-03
2.040552866276576244e-03
2.040552866276576244e-03
2.040552866276576244e-03
2.040552866276576244e-03
2.040552866276576244e-03
2.040552866276576244e-03
2.040552866276576244e-03
2.040552866276576244e-03
2.040552866276576244e-03
2.040552866276576244e-03
2.040552866276576244e-03
2.040552866276576244e-03
2.040552866276576244e-03
2.040552866276576244e-03
2.040552866276576244e-03
2.040552866276576244e-03
3.995192246595826065e-03
3.643230274864692544e-03
3.643230274864692544e-03
3.643230274864692544e-03
3.643230274864692544e-03
3.643230274864692544e-03
3.643230274864692544e-03
1.341958434780486133e-02
2.126386353669073095e-02
2.126386353669073095e-02
1.661846324892283567e-04
2.761299277068115891e-03
2.761299277068115891e-03
2.761299277068115891e-03
2.761299277068115891e-03
2.761299277068115891e-03
2.761299277068115891e-03
5.229927455120195537e-03
2.814149608825242815e-02
2.814149608825242815e-02
2.814149608825242815e-02
2.814149608825242815e-02
2.814149608825242815e-02
2.814149608825242815e-02
2.814149608825242815e-02
2.814149608825242815e-02
3.170327340325730832e-03
3.170327340325730832e-03
3.170327340325730832e-03
3.170327340325730832e-03
3.170327340325730832e-03
3.170327340325730832e-03
3.170327340325730832e-03
3.170327340325730832e-03
3.170327340325730832e-03
3.170327340325730832e-03
3.170327340325730832e-03
1.202109124578032429e-02
1.202109124578032429e-02
1.202109124578032429e-02
1.202109124578032429e-02
1.202109124578032429e-02
1.202109124578032429e-02
1.202109124578032429e-02
1.202109124578032429e-02
1.202109124578032429e-02
1.202109124578032429e-02
1.202109124578032429e-02
1.202109124578032429e-02
1.202109124578032429e-02
1.202109124578032429e-02
1.202109124578032429e-02
1.202109124578032429e-02
1.202109124578032429e-02
1.002614095462155998e-02
1.002614095462155998e-02
1.002614095462155998e-02
1.002614095462155998e-02
1.002614095462155998e-02
1.002614095462155998e-02
9.726576753368305472e-04
2.286892046281365637e-02
2.286892046281365637e-02
2.286892046281365637e-02
2.286892046281365637e-02
2.286892046281365637e-02
2.286892046281365637e-02
3.950848358974738683e-02
3.950848358974738683e-02
3.950848358974738683e-02
3.950848358974738683e-02
3.950848358974738683e-02
3.950848358974738683e-02
3.950848358974738683e-02
3.950848358974738683e-02
3.950848358974738683e-02
3.950848358974738683e-02
3.950848358974738683e-02
3.950848358974738683e-02
3.950848358974738683e-02
6.186071317408661438e-03
6.186071317408661438e-03
6.186071317408661438e-03
6.186071317408661438e-03
6.186071317408661438e-03
6.186071317408661438e-03
6.186071317408661438e-03
6.186071317408661438e-03
6.186071317408661438e-03
6.186071317408661438e-03
6.186071317408661438e-03
6.186071317408661438e-03
6.186071317408661438e-03
6.186071317408661438e-03
6.186071317408661438e-03
6.186071317408661438e-03
6.186071317408661438e-03
6.186071317408661438e-03
6.186071317408661438e-03
4.650008404965873948e-03
2.114404187294705202e-03
2.114404187294705202e-03
2.114404187294705202e-03
9.265674215495085103e-03
7.977789961608242573e-04
7.977789961608242573e-04
3.995192246595826065e-03
3.995192246595826065e-03
3.995192246595826065e-03
3.995192246595826065e-03
3.995192246595826065e-03
3.995192246595826065e-03
3.995192246595826065e-03
3.995192246595826065e-03
3.995192246595826065e-03
3.995192246595826065e-03
1.944406125682229813e-02
1.587990944817867581e-02
1.587990944817867581e-02
2.459579630572276509e-04
2.955598321704296701e-03
2.955598321704296701e-03
2.955598321704296701e-03
2.955598321704296701e-03
2.955598321704296701e-03
2.955598321704296701e-03
2.955598321704296701e-03
2.955598321704296701e-03
2.225348255665718020e-03
1.487033169779882445e-02
1.487033169779882445e-02
1.487033169779882445e-02
1.487033169779882445e-02
1.487033169779882445e-02
1.487033169779882445e-02
1.487033169779882445e-02
1.487033169779882445e-02
3.096101254249644663e-02
9.211602266928686777e-02
9.211602266928686777e-02
9.211602266928686777e-02
9.211602266928686777e-02
9.211602266928686777e-02
9.211602266928686777e-02
1.221095018665012844e-03
4.546843153803931462e-03
4.546843153803931462e-03
5.919925401552289176e-03
7.238010081755008596e-03
7.238010081755008596e-03
7.238010081755008596e-03
7.238010081755008596e-03
7.238010081755008596e-03
7.238010081755008596e-03
7.238010081755008596e-03
7.238010081755008596e-03
7.238010081755008596e-03
7.238010081755008596e-03
7.238010081755008596e-03
7.238010081755008596e-03
9.265674215495085103e-03
9.265674215495085103e-03
9.265674215495085103e-03
9.265674215495085103e-03
9.265674215495085103e-03
9.265674215495085103e-03
9.265674215495085103e-03
9.265674215495085103e-03
4.699748665109384355e-03
4.699748665109384355e-03
4.699748665109384355e-03
4.699748665109384355e-03
4.699748665109384355e-03
4.699748665109384355e-03
4.699748665109384355e-03
4.699748665109384355e-03
4.699748665109384355e-03
4.699748665109384355e-03
4.699748665109384355e-03
4.699748665109384355e-03
4.699748665109384355e-03
1.741416880195087794e-02
1.514476236075283123e-02
1.741416880195087794e-02
1.615429381897850666e-02
1.741416880195087794e-02
1.741416880195087794e-02
1.741416880195087794e-02
1.741416880195087794e-02
1.741416880195087794e-02
0.000000000000000000e+00
1.741416880195087794e-02
1.514476236075283123e-02
1.615429381897850666e-02
6.172966162579090164e-03
4.310883018688534823e-03
4.310883018688534823e-03
4.310883018688534823e-03
4.310883018688534823e-03
5.760802163426702056e-04
5.760802163426702056e-04
5.760802163426702056e-04
5.760802163426702056e-04
5.760802163426702056e-04
5.760802163426702056e-04
5.760802163426702056e-04
5.760802163426702056e-04
5.760802163426702056e-04
5.760802163426702056e-04
5.760802163426702056e-04
5.760802163426702056e-04
5.760802163426702056e-04
5.760802163426702056e-04
5.760802163426702056e-04
1.944406125682229813e-02
4.688158558938578142e-03
2.792239943204682592e-02
2.792239943204682592e-02
2.792239943204682592e-02
2.792239943204682592e-02
2.792239943204682592e-02
2.792239943204682592e-02
2.792239943204682592e-02
2.792239943204682592e-02
2.792239943204682592e-02
2.792239943204682592e-02
2.792239943204682592e-02
2.792239943204682592e-02
2.792239943204682592e-02
2.792239943204682592e-02
2.792239943204682592e-02
2.792239943204682592e-02
2.792239943204682592e-02
2.792239943204682592e-02
2.792239943204682592e-02
3.485451707761030860e-03
3.485451707761030860e-03
3.485451707761030860e-03
3.485451707761030860e-03
3.485451707761030860e-03
3.485451707761030860e-03
3.543454718389123931e-03
3.164947659517639705e-02
3.164947659517639705e-02
3.164947659517639705e-02
3.164947659517639705e-02
3.164947659517639705e-02
3.164947659517639705e-02
4.650008404965873948e-03
1.584153929891477658e-03
1.584153929891477658e-03
1.384764555082290335e-02
1.666816644589861826e-02
1.666816644589861826e-02
1.666816644589861826e-02
1.666816644589861826e-02
0.000000000000000000e+00
0.000000000000000000e+00
0.000000000000000000e+00
8.516446819691759346e-03
1.108969972927869620e-02
1.108969972927869620e-02
1.108969972927869620e-02
1.108969972927869620e-02
1.108969972927869620e-02
1.108969972927869620e-02
1.108969972927869620e-02
1.108969972927869620e-02
1.108969972927869620e-02
1.108969972927869620e-02
1.108969972927869620e-02
1.108969972927869620e-02
2.448032467286193406e-03
1.055063401454876901e-03
1.055063401454876901e-03
1.055063401454876901e-03
1.055063401454876901e-03
5.265130777139203494e-03
5.265130777139203494e-03
5.265130777139203494e-03
5.265130777139203494e-03
5.265130777139203494e-03
5.265130777139203494e-03
5.265130777139203494e-03
5.265130777139203494e-03
5.265130777139203494e-03
5.265130777139203494e-03
5.265130777139203494e-03
5.265130777139203494e-03
5.265130777139203494e-03
1.221095018665012844e-03
4.764694197603135985e-03
4.764694197603135985e-03
4.764694197603135985e-03
4.764694197603135985e-03
4.764694197603135985e-03
4.764694197603135985e-03
1.007970815847418489e-02
1.886266666159874166e-03
1.886266666159874166e-03
9.025840660963561912e-03
1.886266666159874166e-03
1.886266666159874166e-03
1.886266666159874166e-03
1.886266666159874166e-03
1.886266666159874166e-03
1.886266666159874166e-03
1.886266666159874166e-03
1.886266666159874166e-03
1.886266666159874166e-03
1.886266666159874166e-03
1.886266666159874166e-03
1.886266666159874166e-03
1.886266666159874166e-03
2.797667026192527176e-02
2.797667026192527176e-02
2.797667026192527176e-02
2.797667026192527176e-02
2.797667026192527176e-02
2.797667026192527176e-02
2.797667026192527176e-02
2.797667026192527176e-02
2.797667026192527176e-02
2.797667026192527176e-02
2.797667026192527176e-02
6.520752844686883258e-03
6.520752844686883258e-03
6.520752844686883258e-03
6.520752844686883258e-03
6.520752844686883258e-03
6.520752844686883258e-03
6.520752844686883258e-03
6.520752844686883258e-03
6.520752844686883258e-03
6.520752844686883258e-03
6.520752844686883258e-03
6.520752844686883258e-03
6.520752844686883258e-03
6.520752844686883258e-03
6.520752844686883258e-03
2.129316303613483334e-03
3.696930375959803835e-03
3.696930375959803835e-03
3.696930375959803835e-03
3.696930375959803835e-03
3.696930375959803835e-03
3.696930375959803835e-03
3.696930375959803835e-03
3.696930375959803835e-03
3.696930375959803835e-03
3.696930375959803835e-03
3.696930375959803835e-03
3.696930375959803835e-03
3.696930375959803835e-03
3.696930375959803835e-03
3.696930375959803835e-03
3.696930375959803835e-03
2.459837562667958541e-02
0.000000000000000000e+00
0.000000000000000000e+00
3.543454718389123931e-03
3.543454718389123931e-03
3.543454718389123931e-03
3.543454718389123931e-03
3.543454718389123931e-03
3.543454718389123931e-03
5.293435943646214968e-03
1.121833808863612059e-02
1.121833808863612059e-02
1.121833808863612059e-02
1.121833808863612059e-02
1.567037195331191790e-02
6.995210026978443754e-03
6.995210026978443754e-03
6.995210026978443754e-03
6.995210026978443754e-03
2.459579630572276509e-04
2.278511374459063141e-02
2.278511374459063141e-02
5.184992571488933897e-04
5.184992571488933897e-04
5.184992571488933897e-04
5.184992571488933897e-04
5.184992571488933897e-04
5.184992571488933897e-04
5.184992571488933897e-04
1.927598041386845108e-03
5.184992571488933897e-04
5.184992571488933897e-04
5.184992571488933897e-04
5.184992571488933897e-04
5.184992571488933897e-04
5.184992571488933897e-04
5.184992571488933897e-04
2.459837562667958541e-02
2.459837562667958541e-02
2.459837562667958541e-02
2.459837562667958541e-02
2.459837562667958541e-02
2.459837562667958541e-02
2.459837562667958541e-02
2.459837562667958541e-02
2.459837562667958541e-02
2.459837562667958541e-02
4.226365104260280253e-03
4.226365104260280253e-03
4.226365104260280253e-03
4.226365104260280253e-03
4.226365104260280253e-03
4.226365104260280253e-03
4.226365104260280253e-03
4.226365104260280253e-03
4.226365104260280253e-03
4.226365104260280253e-03
4.226365104260280253e-03
4.226365104260280253e-03
4.226365104260280253e-03
4.226365104260280253e-03
4.226365104260280253e-03
4.226365104260280253e-03
4.226365104260280253e-03
0.000000000000000000e+00
1.225669232187789372e-02
1.225669232187789372e-02
1.225669232187789372e-02
1.225669232187789372e-02
1.621431545258277766e-03
6.192791702613271825e-03
6.192791702613271825e-03
6.192791702613271825e-03
6.192791702613271825e-03
6.192791702613271825e-03
6.192791702613271825e-03
4.142348063212111797e-02
6.192791702613271825e-03
2.103333587159399512e-02
2.103333587159399512e-02
2.103333587159399512e-02
2.103333587159399512e-02
2.103333587159399512e-02
2.103333587159399512e-02
2.103333587159399512e-02
2.103333587159399512e-02
2.103333587159399512e-02
2.103333587159399512e-02
2.103333587159399512e-02
2.103333587159399512e-02
2.103333587159399512e-02
2.103333587159399512e-02
2.103333587159399512e-02
2.103333587159399512e-02
2.103333587159399512e-02
2.103333587159399512e-02
2.103333587159399512e-02
2.103333587159399512e-02
2.103333587159399512e-02
9.480832878042999221e-03
9.480832878042999221e-03
9.480832878042999221e-03
9.480832878042999221e-03
9.480832878042999221e-03
9.480832878042999221e-03
9.480832878042999221e-03
9.480832878042999221e-03
9.480832878042999221e-03
9.480832878042999221e-03
9.480832878042999221e-03
4.897331274669971223e-03
2.630707455976864090e-02
2.630707455976864090e-02
2.630707455976864090e-02
2.630707455976864090e-02
2.630707455976864090e-02
2.630707455976864090e-02
3.466859904375942797e-02
2.495288567855383222e-02
2.495288567855383222e-02
2.897102116408261166e-02
1.444142862959523974e-02
1.444142862959523974e-02
1.444142862959523974e-02
1.444142862959523974e-02
1.444142862959523974e-02
1.444142862959523974e-02
1.444142862959523974e-02
1.444142862959523974e-02
1.444142862959523974e-02
1.444142862959523974e-02
1.444142862959523974e-02
1.444142862959523974e-02
1.444142862959523974e-02
1.444142862959523974e-02
1.444142862959523974e-02
1.444142862959523974e-02
1.444142862959523974e-02
1.444142862959523974e-02
2.169955015288245123e-02
1.526164428818020669e-02
1.526164428818020669e-02
1.526164428818020669e-02
1.526164428818020669e-02
1.526164428818020669e-02
1.526164428818020669e-02
1.526164428818020669e-02
1.526164428818020669e-02
1.526164428818020669e-02
1.526164428818020669e-02
1.526164428818020669e-02
1.526164428818020669e-02
1.526164428818020669e-02
1.526164428818020669e-02
1.526164428818020669e-02
1.526164428818020669e-02
1.526164428818020669e-02
1.526164428818020669e-02
0.000000000000000000e+00
0.000000000000000000e+00
0.000000000000000000e+00
0.000000000000000000e+00
0.000000000000000000e+00
0.000000000000000000e+00
0.000000000000000000e+00
0.000000000000000000e+00
0.000000000000000000e+00
9.340732966162820783e-03
9.340732966162820783e-03
9.340732966162820783e-03
5.185766969656877001e-03
9.340732966162820783e-03
9.376862552514450555e-03
9.340732966162820783e-03
9.340732966162820783e-03
9.340732966162820783e-03
0.000000000000000000e+00
9.279670050269360135e-03
9.279670050269360135e-03
9.279670050269360135e-03
9.279670050269360135e-03
9.279670050269360135e-03
9.279670050269360135e-03
9.279670050269360135e-03
9.279670050269360135e-03
9.279670050269360135e-03
9.279670050269360135e-03
9.279670050269360135e-03
9.279670050269360135e-03
9.279670050269360135e-03
9.279670050269360135e-03
2.434386568879388663e-03
2.434386568879388663e-03
2.434386568879388663e-03
2.434386568879388663e-03
2.434386568879388663e-03
2.434386568879388663e-03
2.434386568879388663e-03
2.434386568879388663e-03
2.434386568879388663e-03
2.434386568879388663e-03
2.434386568879388663e-03
2.434386568879388663e-03
2.434386568879388663e-03
2.434386568879388663e-03
2.434386568879388663e-03
2.434386568879388663e-03
2.434386568879388663e-03
1.625703193524903611e-02
1.625703193524903611e-02
1.625703193524903611e-02
1.625703193524903611e-02
1.625703193524903611e-02
1.625703193524903611e-02
1.625703193524903611e-02
1.625703193524903611e-02
1.625703193524903611e-02
1.625703193524903611e-02
1.625703193524903611e-02
1.625703193524903611e-02
1.625703193524903611e-02
1.079084038297491339e-02
1.079084038297491339e-02
1.079084038297491339e-02
1.079084038297491339e-02
1.079084038297491339e-02
1.079084038297491339e-02
1.079084038297491339e-02
1.079084038297491339e-02
1.079084038297491339e-02
1.079084038297491339e-02
1.079084038297491339e-02
0.000000000000000000e+00
1.458407424320263580e-02
1.458407424320263580e-02
1.458407424320263580e-02
1.458407424320263580e-02
1.458407424320263580e-02
1.458407424320263580e-02
1.458407424320263580e-02
1.458407424320263580e-02
1.458407424320263580e-02
1.458407424320263580e-02
1.458407424320263580e-02
1.458407424320263580e-02
3.096101254249644663e-02
0.000000000000000000e+00
0.000000000000000000e+00
0.000000000000000000e+00
0.000000000000000000e+00
2.183841366104195825e-02
1.105738676767792014e-02
1.105738676767792014e-02
9.726576753368305472e-04
9.726576753368305472e-04
9.726576753368305472e-04
3.151569710994956384e-03
1.426827885335982260e-02
1.426827885335982260e-02
1.426827885335982260e-02
1.426827885335982260e-02
1.426827885335982260e-02
1.426827885335982260e-02
1.426827885335982260e-02
1.426827885335982260e-02
1.426827885335982260e-02
1.426827885335982260e-02
1.927598041386845108e-03
4.397489748382304130e-03
5.540987764534101648e-03
5.540987764534101648e-03
5.540987764534101648e-03
5.540987764534101648e-03
5.540987764534101648e-03
5.540987764534101648e-03
3.021697550590839165e-02
3.021697550590839165e-02
3.021697550590839165e-02
1.269807761855757484e-03
3.021697550590839165e-02
3.021697550590839165e-02
3.021697550590839165e-02
3.021697550590839165e-02
3.021697550590839165e-02
1.269807761855757484e-03
1.303246080172301355e-02
4.722792454127128225e-03
4.722792454127128225e-03
4.722792454127128225e-03
4.722792454127128225e-03
4.722792454127128225e-03
4.722792454127128225e-03
4.722792454127128225e-03
4.722792454127128225e-03
1.298311934025424448e-02
9.661864669662937125e-03
9.661864669662937125e-03
9.661864669662937125e-03
9.661864669662937125e-03
0.000000000000000000e+00
0.000000000000000000e+00
0.000000000000000000e+00
0.000000000000000000e+00
0.000000000000000000e+00
0.000000000000000000e+00
0.000000000000000000e+00
0.000000000000000000e+00
0.000000000000000000e+00
0.000000000000000000e+00
0.000000000000000000e+00
2.169955015288245123e-02
2.169955015288245123e-02
2.695349427289958633e-02
2.695349427289958633e-02
2.695349427289958633e-02
2.695349427289958633e-02
2.695349427289958633e-02
2.695349427289958633e-02
2.695349427289958633e-02
4.585711714792275323e-02
2.695349427289958633e-02
6.419482699376631921e-03
6.419482699376631921e-03
6.419482699376631921e-03
6.419482699376631921e-03
6.419482699376631921e-03
6.419482699376631921e-03
6.419482699376631921e-03
6.419482699376631921e-03
6.419482699376631921e-03
6.419482699376631921e-03
6.419482699376631921e-03
6.419482699376631921e-03
6.419482699376631921e-03
1.093018853139507592e-02
2.183841366104195825e-02
2.183841366104195825e-02
2.183841366104195825e-02
6.504543456919771767e-03
1.093018853139507592e-02
6.504543456919771767e-03
6.504543456919771767e-03
6.504543456919771767e-03
6.504543456919771767e-03
6.504543456919771767e-03
9.932671860232805683e-03
1.082155124648026372e-02
1.082155124648026372e-02
1.082155124648026372e-02
1.082155124648026372e-02
4.397489748382304130e-03
4.397489748382304130e-03
4.397489748382304130e-03
4.397489748382304130e-03
4.397489748382304130e-03
4.397489748382304130e-03
4.397489748382304130e-03
4.397489748382304130e-03
4.220677386182969219e-03
4.220677386182969219e-03
4.220677386182969219e-03
4.220677386182969219e-03
4.220677386182969219e-03
4.220677386182969219e-03
4.220677386182969219e-03
4.220677386182969219e-03
4.220677386182969219e-03
4.220677386182969219e-03
4.220677386182969219e-03
4.220677386182969219e-03
4.220677386182969219e-03
1.511205179546504240e-02
3.065274003285737344e-03
3.065274003285737344e-03
3.065274003285737344e-03
3.065274003285737344e-03
3.065274003285737344e-03
3.065274003285737344e-03
3.065274003285737344e-03
3.065274003285737344e-03
2.949574006679548028e-04
3.065274003285737344e-03
1.298311934025424448e-02
1.298311934025424448e-02
1.298311934025424448e-02
1.298311934025424448e-02
1.298311934025424448e-02
1.298311934025424448e-02
1.298311934025424448e-02
1.298311934025424448e-02
1.298311934025424448e-02
1.298311934025424448e-02
1.656901820871300307e-02
3.099135313083683022e-02
3.099135313083683022e-02
3.099135313083683022e-02
3.099135313083683022e-02
3.099135313083683022e-02
3.099135313083683022e-02
1.801306084578956079e-02
1.400987862187974033e-02
1.400987862187974033e-02
1.400987862187974033e-02
1.400987862187974033e-02
1.400987862187974033e-02
1.400987862187974033e-02
1.400987862187974033e-02
1.400987862187974033e-02
0.000000000000000000e+00
0.000000000000000000e+00
0.000000000000000000e+00
0.000000000000000000e+00
0.000000000000000000e+00
0.000000000000000000e+00
0.000000000000000000e+00
0.000000000000000000e+00
0.000000000000000000e+00
1.731544610224299008e-02
1.731544610224299008e-02
1.731544610224299008e-02
1.731544610224299008e-02
1.731544610224299008e-02
1.731544610224299008e-02
1.731544610224299008e-02
1.731544610224299008e-02
1.731544610224299008e-02
1.731544610224299008e-02
1.731544610224299008e-02
1.731544610224299008e-02
1.731544610224299008e-02
2.905738702445009435e-03
2.905738702445009435e-03
2.905738702445009435e-03
2.905738702445009435e-03
2.905738702445009435e-03
2.905738702445009435e-03
2.905738702445009435e-03
2.905738702445009435e-03
1.802547828408856750e-03
1.802547828408856750e-03
1.802547828408856750e-03
1.802547828408856750e-03
1.802547828408856750e-03
1.802547828408856750e-03
1.802547828408856750e-03
1.802547828408856750e-03
1.802547828408856750e-03
1.802547828408856750e-03
1.802547828408856750e-03
9.932671860232805683e-03
9.932671860232805683e-03
9.932671860232805683e-03
9.932671860232805683e-03
9.932671860232805683e-03
9.932671860232805683e-03
1.303246080172301355e-02
2.221123711104207657e-02
2.221123711104207657e-02
2.221123711104207657e-02
2.221123711104207657e-02
1.190816414012581259e-02
1.144194080603039808e-02
1.144194080603039808e-02
1.921694914745063557e-02
1.779728535871021380e-02
1.779728535871021380e-02
4.388164709920640456e-03
1.673216838644325799e-03
1.673216838644325799e-03
1.673216838644325799e-03
1.673216838644325799e-03
1.673216838644325799e-03
1.673216838644325799e-03
1.673216838644325799e-03
1.673216838644325799e-03
1.673216838644325799e-03
1.673216838644325799e-03
1.673216838644325799e-03
1.673216838644325799e-03
7.314300243255566006e-03
1.474647924252823865e-02
1.474647924252823865e-02
1.474647924252823865e-02
1.474647924252823865e-02
1.474647924252823865e-02
1.474647924252823865e-02
1.474647924252823865e-02
1.474647924252823865e-02
0.000000000000000000e+00
7.356073446032181974e-03
7.356073446032181974e-03
7.356073446032181974e-03
7.356073446032181974e-03
7.356073446032181974e-03
7.356073446032181974e-03
7.356073446032181974e-03
7.356073446032181974e-03
0.000000000000000000e+00
0.000000000000000000e+00
0.000000000000000000e+00
1.190816414012581259e-02
1.190816414012581259e-02
1.190816414012581259e-02
1.190816414012581259e-02
1.190816414012581259e-02
1.190816414012581259e-02
1.190816414012581259e-02
1.190816414012581259e-02
1.190816414012581259e-02
1.190816414012581259e-02
1.190816414012581259e-02
1.190816414012581259e-02
1.190816414012581259e-02
1.190816414012581259e-02
3.809305598583543652e-03
3.809305598583543652e-03
3.809305598583543652e-03
3.809305598583543652e-03
3.809305598583543652e-03
3.809305598583543652e-03
3.809305598583543652e-03
3.809305598583543652e-03
3.809305598583543652e-03
3.809305598583543652e-03
3.809305598583543652e-03
3.809305598583543652e-03
3.809305598583543652e-03
3.809305598583543652e-03
3.809305598583543652e-03
3.809305598583543652e-03
3.809305598583543652e-03
3.809305598583543652e-03
3.809305598583543652e-03
3.809305598583543652e-03
3.809305598583543652e-03
3.809305598583543652e-03
3.809305598583543652e-03
1.025947678465972089e-02
1.025947678465972089e-02
1.025947678465972089e-02
1.025947678465972089e-02
1.025947678465972089e-02
1.025947678465972089e-02
1.025947678465972089e-02
1.025947678465972089e-02
1.025947678465972089e-02
1.025947678465972089e-02
1.025947678465972089e-02
1.025947678465972089e-02
1.025947678465972089e-02
0.000000000000000000e+00
7.280906672778286390e-03
7.280906672778286390e-03
7.280906672778286390e-03
7.280906672778286390e-03
7.280906672778286390e-03
7.280906672778286390e-03
7.280906672778286390e-03
7.280906672778286390e-03
7.280906672778286390e-03
7.280906672778286390e-03
3.845656217206563313e-03
3.845656217206563313e-03
3.845656217206563313e-03
3.845656217206563313e-03
3.845656217206563313e-03
3.845656217206563313e-03
3.845656217206563313e-03
3.845656217206563313e-03
3.845656217206563313e-03
3.845656217206563313e-03
3.845656217206563313e-03
1.215959149682463609e-02
1.642843207040562597e-03
1.642843207040562597e-03
1.642843207040562597e-03
1.642843207040562597e-03
1.642843207040562597e-03
1.642843207040562597e-03
1.107976638444909713e-02
1.107976638444909713e-02
1.107976638444909713e-02
1.107976638444909713e-02
1.107976638444909713e-02
1.107976638444909713e-02
1.107976638444909713e-02
1.107976638444909713e-02
1.107976638444909713e-02
1.107976638444909713e-02
1.107976638444909713e-02
1.029181008357384075e-02
1.306296632506594516e-02
1.306296632506594516e-02
1.306296632506594516e-02
1.306296632506594516e-02
1.306296632506594516e-02
1.306296632506594516e-02
1.306296632506594516e-02
1.306296632506594516e-02
1.306296632506594516e-02
1.306296632506594516e-02
0.000000000000000000e+00
5.803698302452027329e-03
5.803698302452027329e-03
5.803698302452027329e-03
5.803698302452027329e-03
5.803698302452027329e-03
5.803698302452027329e-03
6.688195594254806031e-03
6.688195594254806031e-03
6.688195594254806031e-03
6.688195594254806031e-03
6.688195594254806031e-03
6.688195594254806031e-03
6.688195594254806031e-03
6.688195594254806031e-03
6.688195594254806031e-03
6.688195594254806031e-03
6.688195594254806031e-03
6.688195594254806031e-03
6.688195594254806031e-03
6.688195594254806031e-03
6.688195594254806031e-03
6.688195594254806031e-03
6.688195594254806031e-03
6.688195594254806031e-03
6.688195594254806031e-03
9.622373873903482602e-03
9.622373873903482602e-03
9.622373873903482602e-03
9.622373873903482602e-03
9.622373873903482602e-03
9.622373873903482602e-03
9.622373873903482602e-03
9.622373873903482602e-03
9.622373873903482602e-03
9.622373873903482602e-03
9.622373873903482602e-03
9.622373873903482602e-03
9.622373873903482602e-03
9.622373873903482602e-03
9.622373873903482602e-03
9.622373873903482602e-03
9.622373873903482602e-03
9.622373873903482602e-03
9.622373873903482602e-03
9.622373873903482602e-03
9.622373873903482602e-03
9.622373873903482602e-03
9.622373873903482602e-03
9.620773488260124170e-03
3.604670414160901244e-03
3.604670414160901244e-03
3.604670414160901244e-03
3.604670414160901244e-03
3.604670414160901244e-03
3.604670414160901244e-03
3.604670414160901244e-03
3.604670414160901244e-03
3.604670414160901244e-03
3.604670414160901244e-03
1.538871174746262761e-02
1.538871174746262761e-02
1.538871174746262761e-02
1.538871174746262761e-02
1.538871174746262761e-02
1.538871174746262761e-02
1.538871174746262761e-02
1.538871174746262761e-02
1.538871174746262761e-02
1.538871174746262761e-02
1.538871174746262761e-02
1.538871174746262761e-02
1.538871174746262761e-02
1.636518360498596036e-03
0.000000000000000000e+00
0.000000000000000000e+00
0.000000000000000000e+00
0.000000000000000000e+00
3.057971650519359513e-02
9.348589168644245301e-03
9.348589168644245301e-03
9.348589168644245301e-03
9.348589168644245301e-03
1.921694914745063557e-02
9.676539787106967772e-03
9.676539787106967772e-03
9.676539787106967772e-03
9.676539787106967772e-03
9.676539787106967772e-03
9.676539787106967772e-03
9.676539787106967772e-03
9.676539787106967772e-03
9.346430833015072909e-03
1.839919986966924610e-03
1.839919986966924610e-03
1.839919986966924610e-03
1.839919986966924610e-03
1.839919986966924610e-03
1.839919986966924610e-03
1.839919986966924610e-03
1.839919986966924610e-03
1.317814608165443317e-02
1.498300681327421023e-02
1.498300681327421023e-02
1.498300681327421023e-02
1.498300681327421023e-02
1.498300681327421023e-02
1.498300681327421023e-02
1.498300681327421023e-02
1.498300681327421023e-02
9.620773488260124170e-03
9.620773488260124170e-03
9.620773488260124170e-03
9.620773488260124170e-03
1.636518360498596036e-03
1.636518360498596036e-03
1.685592326335059662e-02
1.685592326335059662e-02
1.685592326335059662e-02
1.685592326335059662e-02
1.685592326335059662e-02
1.685592326335059662e-02
1.685592326335059662e-02
1.685592326335059662e-02
1.685592326335059662e-02
1.685592326335059662e-02
1.685592326335059662e-02
1.685592326335059662e-02
1.685592326335059662e-02
1.685592326335059662e-02
1.685592326335059662e-02
1.663535589001342851e-02
7.141171423535434132e-03
7.141171423535434132e-03
7.141171423535434132e-03
7.141171423535434132e-03
6.651942890594391734e-03
4.946412013248822036e-03
4.946412013248822036e-03
4.946412013248822036e-03
4.946412013248822036e-03
4.946412013248822036e-03
4.946412013248822036e-03
0.000000000000000000e+00
4.946412013248822036e-03
3.057971650519359513e-02
3.057971650519359513e-02
3.057971650519359513e-02
3.057971650519359513e-02
3.057971650519359513e-02
3.057971650519359513e-02
2.884308626428088926e-02
1.782336896366710360e-02
1.782336896366710360e-02
4.202133672133546993e-03
4.202133672133546993e-03
4.202133672133546993e-03
4.202133672133546993e-03
4.202133672133546993e-03
4.202133672133546993e-03
4.202133672133546993e-03
4.202133672133546993e-03
4.202133672133546993e-03
4.202133672133546993e-03
4.202133672133546993e-03
4.202133672133546993e-03
4.202133672133546993e-03
0.000000000000000000e+00
8.509534767248506937e-03
8.509534767248506937e-03
8.509534767248506937e-03
8.509534767248506937e-03
8.509534767248506937e-03
8.509534767248506937e-03
8.509534767248506937e-03
8.509534767248506937e-03
8.509534767248506937e-03
8.509534767248506937e-03
7.407586991332413585e-03
1.209417877398682485e-02
1.209417877398682485e-02
1.209417877398682485e-02
1.209417877398682485e-02
2.485098087684135121e-02
1.252120390933272875e-02
1.252120390933272875e-02
1.252120390933272875e-02
1.252120390933272875e-02
2.688478558949499927e-02
1.767404638128677527e-02
1.767404638128677527e-02
1.767404638128677527e-02
1.767404638128677527e-02
1.767404638128677527e-02
1.767404638128677527e-02
1.767404638128677527e-02
1.767404638128677527e-02
0.000000000000000000e+00
2.884308626428088926e-02
2.884308626428088926e-02
2.884308626428088926e-02
2.884308626428088926e-02
2.884308626428088926e-02
2.884308626428088926e-02
2.884308626428088926e-02
2.884308626428088926e-02
2.884308626428088926e-02
2.884308626428088926e-02
0.000000000000000000e+00
0.000000000000000000e+00
1.679159594604574118e-02
1.890375379742925341e-02
1.890375379742925341e-02
1.890375379742925341e-02
1.890375379742925341e-02
2.639896979011628272e-02
2.639896979011628272e-02
2.639896979011628272e-02
2.639896979011628272e-02
2.639896979011628272e-02
2.639896979011628272e-02
2.639896979011628272e-02
2.639896979011628272e-02
2.639896979011628272e-02
2.639896979011628272e-02
2.639896979011628272e-02
0.000000000000000000e+00
3.430771352924791295e-02
3.430771352924791295e-02
3.430771352924791295e-02
3.430771352924791295e-02
3.430771352924791295e-02
3.430771352924791295e-02
1.002814499586023207e-02
1.002814499586023207e-02
1.002814499586023207e-02
1.002814499586023207e-02
1.002814499586023207e-02
1.002814499586023207e-02
1.002814499586023207e-02
1.002814499586023207e-02
1.002814499586023207e-02
1.002814499586023207e-02
1.002814499586023207e-02
1.002814499586023207e-02
1.002814499586023207e-02
0.000000000000000000e+00
0.000000000000000000e+00
0.000000000000000000e+00
0.000000000000000000e+00
0.000000000000000000e+00
0.000000000000000000e+00
0.000000000000000000e+00
0.000000000000000000e+00
0.000000000000000000e+00
0.000000000000000000e+00
0.000000000000000000e+00
0.000000000000000000e+00
0.000000000000000000e+00
0.000000000000000000e+00
0.000000000000000000e+00
0.000000000000000000e+00
2.848423398145641036e-02
1.361853595610519434e-02
1.361853595610519434e-02
1.953394825546788185e-02
1.953394825546788185e-02
1.953394825546788185e-02
1.953394825546788185e-02
1.953394825546788185e-02
1.953394825546788185e-02
1.953394825546788185e-02
1.953394825546788185e-02
1.953394825546788185e-02
1.953394825546788185e-02
1.953394825546788185e-02
1.953394825546788185e-02
1.953394825546788185e-02
1.953394825546788185e-02
1.953394825546788185e-02
1.139016638076380435e-02
0.000000000000000000e+00
0.000000000000000000e+00
1.300641231536899325e-02
1.300641231536899325e-02
1.300641231536899325e-02
1.300641231536899325e-02
1.300641231536899325e-02
1.300641231536899325e-02
1.300641231536899325e-02
1.300641231536899325e-02
1.300641231536899325e-02
1.300641231536899325e-02
1.300641231536899325e-02
2.205214570328284385e-02
2.205214570328284385e-02
2.205214570328284385e-02
2.205214570328284385e-02
2.205214570328284385e-02
2.205214570328284385e-02
2.205214570328284385e-02
2.205214570328284385e-02
2.205214570328284385e-02
2.205214570328284385e-02
2.205214570328284385e-02
2.205214570328284385e-02
2.205214570328284385e-02
2.205214570328284385e-02
2.205214570328284385e-02
2.205214570328284385e-02
2.205214570328284385e-02
2.205214570328284385e-02
2.205214570328284385e-02
5.101879808876654161e-03
2.349292633105107514e-04
2.349292633105107514e-04
2.349292633105107514e-04
2.349292633105107514e-04
1.714818803838498787e-02
2.349292633105107514e-04
2.349292633105107514e-04
2.349292633105107514e-04
2.349292633105107514e-04
2.349292633105107514e-04
2.938762721652310103e-02
2.284241733446387007e-02
2.284241733446387007e-02
2.284241733446387007e-02
2.284241733446387007e-02
2.284241733446387007e-02
2.284241733446387007e-02
2.284241733446387007e-02
2.284241733446387007e-02
2.284241733446387007e-02
2.284241733446387007e-02
2.988988126745896479e-03
6.617197027990458051e-03
6.617197027990458051e-03
6.617197027990458051e-03
6.617197027990458051e-03
6.617197027990458051e-03
6.617197027990458051e-03
6.617197027990458051e-03
6.617197027990458051e-03
0.000000000000000000e+00
0.000000000000000000e+00
0.000000000000000000e+00
0.000000000000000000e+00
0.000000000000000000e+00
0.000000000000000000e+00
0.000000000000000000e+00
3.108540961845385545e-02
3.108540961845385545e-02
3.108540961845385545e-02
3.108540961845385545e-02
3.108540961845385545e-02
3.108540961845385545e-02
3.108540961845385545e-02
3.108540961845385545e-02
3.108540961845385545e-02
3.108540961845385545e-02
3.108540961845385545e-02
1.510758375916259298e-02
1.510758375916259298e-02
1.510758375916259298e-02
1.510758375916259298e-02
1.510758375916259298e-02
1.510758375916259298e-02
1.510758375916259298e-02
1.510758375916259298e-02
1.510758375916259298e-02
1.510758375916259298e-02
1.510758375916259298e-02
1.510758375916259298e-02
1.510758375916259298e-02
1.510758375916259298e-02
1.510758375916259298e-02
5.185766969656877001e-03
9.376862552514450555e-03
9.376862552514450555e-03
9.376862552514450555e-03
9.376862552514450555e-03
2.239892980125602479e-02
1.336223307410255553e-03
1.336223307410255553e-03
1.336223307410255553e-03
1.336223307410255553e-03
1.840540330396697949e-03
1.840540330396697949e-03
1.840540330396697949e-03
1.840540330396697949e-03
1.840540330396697949e-03
1.840540330396697949e-03
1.840540330396697949e-03
1.840540330396697949e-03
1.840540330396697949e-03
1.840540330396697949e-03
1.840540330396697949e-03
1.840540330396697949e-03
1.840540330396697949e-03
3.309726087727539456e-02
2.848423398145641036e-02
2.848423398145641036e-02
2.848423398145641036e-02
1.714818803838498787e-02
1.951451158888336743e-02
2.157169825690217688e-02
2.157169825690217688e-02
2.485826396042511641e-02
2.314322424603559077e-03
2.314322424603559077e-03
2.314322424603559077e-03
2.314322424603559077e-03
2.314322424603559077e-03
2.314322424603559077e-03
2.314322424603559077e-03
2.314322424603559077e-03
2.314322424603559077e-03
2.314322424603559077e-03
2.314322424603559077e-03
2.314322424603559077e-03
2.314322424603559077e-03
2.314322424603559077e-03
2.314322424603559077e-03
2.314322424603559077e-03
1.156773237809390412e-02
3.695697271589944849e-02
3.695697271589944849e-02
1.901733008301057773e-04
1.277783919162197093e-02
1.277783919162197093e-02
1.277783919162197093e-02
1.277783919162197093e-02
1.277783919162197093e-02
1.277783919162197093e-02
3.807009692079419035e-03
3.807009692079419035e-03
3.807009692079419035e-03
3.807009692079419035e-03
3.807009692079419035e-03
3.807009692079419035e-03
3.807009692079419035e-03
3.807009692079419035e-03
3.807009692079419035e-03
3.807009692079419035e-03
3.807009692079419035e-03
3.807009692079419035e-03
3.807009692079419035e-03
2.239892980125602479e-02
1.167900915081435120e-02
1.167900915081435120e-02
1.167900915081435120e-02
1.167900915081435120e-02
3.309726087727539456e-02
3.309726087727539456e-02
3.309726087727539456e-02
3.309726087727539456e-02
3.309726087727539456e-02
3.309726087727539456e-02
3.309726087727539456e-02
3.309726087727539456e-02
3.309726087727539456e-02
3.309726087727539456e-02
1.550310767252811341e-02
8.203659709093463065e-03
8.203659709093463065e-03
8.203659709093463065e-03
8.203659709093463065e-03
8.203659709093463065e-03
8.203659709093463065e-03
8.203659709093463065e-03
8.203659709093463065e-03
8.203659709093463065e-03
8.203659709093463065e-03
3.879346737191541848e-03
2.553563012514750707e-02
2.553563012514750707e-02
0.000000000000000000e+00
0.000000000000000000e+00
0.000000000000000000e+00
0.000000000000000000e+00
0.000000000000000000e+00
0.000000000000000000e+00
0.000000000000000000e+00
0.000000000000000000e+00
0.000000000000000000e+00
0.000000000000000000e+00
0.000000000000000000e+00
0.000000000000000000e+00
0.000000000000000000e+00
0.000000000000000000e+00
0.000000000000000000e+00
0.000000000000000000e+00
0.000000000000000000e+00
0.000000000000000000e+00
0.000000000000000000e+00
0.000000000000000000e+00
0.000000000000000000e+00
0.000000000000000000e+00
1.951451158888336743e-02
1.951451158888336743e-02
1.951451158888336743e-02
1.156773237809390412e-02
1.156773237809390412e-02
1.156773237809390412e-02
1.156773237809390412e-02
1.156773237809390412e-02
1.156773237809390412e-02
1.156773237809390412e-02
1.156773237809390412e-02
0.000000000000000000e+00
1.620225171257836348e-03
1.425602320006592698e-02
1.425602320006592698e-02
1.425602320006592698e-02
1.425602320006592698e-02
0.000000000000000000e+00
0.000000000000000000e+00
0.000000000000000000e+00
0.000000000000000000e+00
0.000000000000000000e+00
0.000000000000000000e+00
0.000000000000000000e+00
0.000000000000000000e+00
1.921694914745063557e-02
1.921694914745063557e-02
1.921694914745063557e-02
1.511205179546504240e-02
1.511205179546504240e-02
4.657350769751029615e-03
9.964381111284514175e-03
9.964381111284514175e-03
7.394278467455083111e-03
7.394278467455083111e-03
7.394278467455083111e-03
7.394278467455083111e-03
7.394278467455083111e-03
7.394278467455083111e-03
7.394278467455083111e-03
7.394278467455083111e-03
7.394278467455083111e-03
7.394278467455083111e-03
7.394278467455083111e-03
7.394278467455083111e-03
7.394278467455083111e-03
1.317814608165443317e-02
1.317814608165443317e-02
1.317814608165443317e-02
1.317814608165443317e-02
5.936591762654814912e-03
6.753017695439835974e-03
6.753017695439835974e-03
8.979328364859597358e-03
8.323955153634784651e-03
8.323955153634784651e-03
8.323955153634784651e-03
8.323955153634784651e-03
8.323955153634784651e-03
8.323955153634784651e-03
6.166803054893627185e-03
6.166803054893627185e-03
6.166803054893627185e-03
6.166803054893627185e-03
6.166803054893627185e-03
6.166803054893627185e-03
6.166803054893627185e-03
6.166803054893627185e-03
6.166803054893627185e-03
6.166803054893627185e-03
6.166803054893627185e-03
6.166803054893627185e-03
6.166803054893627185e-03
0.000000000000000000e+00
1.116936809491096000e-02
1.116936809491096000e-02
1.116936809491096000e-02
1.116936809491096000e-02
1.116936809491096000e-02
1.116936809491096000e-02
1.116936809491096000e-02
1.116936809491096000e-02
1.116936809491096000e-02
1.116936809491096000e-02
1.116936809491096000e-02
1.116936809491096000e-02
1.116936809491096000e-02
1.116936809491096000e-02
1.116936809491096000e-02
1.116936809491096000e-02
8.611670258405519293e-03
8.611670258405519293e-03
8.611670258405519293e-03
8.611670258405519293e-03
8.611670258405519293e-03
8.611670258405519293e-03
8.611670258405519293e-03
8.611670258405519293e-03
8.611670258405519293e-03
8.611670258405519293e-03
8.611670258405519293e-03
7.379585089130284888e-03
7.379585089130284888e-03
7.379585089130284888e-03
7.379585089130284888e-03
9.836935015384012937e-02
9.836935015384012937e-02
9.836935015384012937e-02
9.836935015384012937e-02
9.836935015384012937e-02
9.836935015384012937e-02
9.836935015384012937e-02
9.836935015384012937e-02
9.836935015384012937e-02
9.836935015384012937e-02
9.836935015384012937e-02
9.836935015384012937e-02
9.836935015384012937e-02
9.836935015384012937e-02
9.836935015384012937e-02
9.836935015384012937e-02
9.836935015384012937e-02
9.836935015384012937e-02
9.836935015384012937e-02
6.145696335000293102e-03
6.145696335000293102e-03
6.145696335000293102e-03
6.145696335000293102e-03
6.145696335000293102e-03
6.145696335000293102e-03
6.145696335000293102e-03
6.145696335000293102e-03
6.145696335000293102e-03
6.145696335000293102e-03
6.145696335000293102e-03
1.146429262942838534e-02
1.146429262942838534e-02
1.146429262942838534e-02
1.146429262942838534e-02
1.146429262942838534e-02
1.146429262942838534e-02
1.146429262942838534e-02
1.146429262942838534e-02
1.146429262942838534e-02
1.146429262942838534e-02
1.146429262942838534e-02
5.190585797240397127e-03
1.122237212170731913e-02
1.122237212170731913e-02
1.122237212170731913e-02
1.122237212170731913e-02
1.122237212170731913e-02
1.122237212170731913e-02
0.000000000000000000e+00
0.000000000000000000e+00
0.000000000000000000e+00
0.000000000000000000e+00
0.000000000000000000e+00
0.000000000000000000e+00
0.000000000000000000e+00
0.000000000000000000e+00
0.000000000000000000e+00
0.000000000000000000e+00
0.000000000000000000e+00
0.000000000000000000e+00
0.000000000000000000e+00
0.000000000000000000e+00
0.000000000000000000e+00
0.000000000000000000e+00
0.000000000000000000e+00
0.000000000000000000e+00
0.000000000000000000e+00
0.000000000000000000e+00
0.000000000000000000e+00
0.000000000000000000e+00
3.096101254249644663e-02
3.096101254249644663e-02
3.096101254249644663e-02
3.096101254249644663e-02
3.096101254249644663e-02
3.096101254249644663e-02
3.096101254249644663e-02
3.096101254249644663e-02
3.096101254249644663e-02
3.096101254249644663e-02
3.096101254249644663e-02
3.096101254249644663e-02
3.096101254249644663e-02
5.190585797240397127e-03
5.190585797240397127e-03
5.190585797240397127e-03
5.190585797240397127e-03
2.939234146090114169e-03
2.939234146090114169e-03
2.939234146090114169e-03
2.939234146090114169e-03
2.939234146090114169e-03
2.939234146090114169e-03
2.939234146090114169e-03
2.939234146090114169e-03
2.939234146090114169e-03
2.939234146090114169e-03
2.939234146090114169e-03
2.939234146090114169e-03
2.939234146090114169e-03
2.939234146090114169e-03
2.939234146090114169e-03
2.939234146090114169e-03
2.939234146090114169e-03
7.710870770072508892e-04
7.710870770072508892e-04
7.710870770072508892e-04
7.710870770072508892e-04
7.710870770072508892e-04
7.710870770072508892e-04
7.710870770072508892e-04
7.710870770072508892e-04
7.710870770072508892e-04
7.710870770072508892e-04
7.710870770072508892e-04
7.710870770072508892e-04
7.710870770072508892e-04
0.000000000000000000e+00
0.000000000000000000e+00
0.000000000000000000e+00
0.000000000000000000e+00
0.000000000000000000e+00
0.000000000000000000e+00
0.000000000000000000e+00
0.000000000000000000e+00
0.000000000000000000e+00
0.000000000000000000e+00
0.000000000000000000e+00
0.000000000000000000e+00
0.000000000000000000e+00
0.000000000000000000e+00
0.000000000000000000e+00
0.000000000000000000e+00
0.000000000000000000e+00
0.000000000000000000e+00
0.000000000000000000e+00
5.229927455120195537e-03
5.229927455120195537e-03
5.229927455120195537e-03
5.229927455120195537e-03
5.936591762654814912e-03
1.337084740714986758e-02
1.337084740714986758e-02
1.337084740714986758e-02
1.337084740714986758e-02
1.337084740714986758e-02
1.337084740714986758e-02
1.337084740714986758e-02
1.337084740714986758e-02
1.337084740714986758e-02
1.337084740714986758e-02
1.337084740714986758e-02
1.337084740714986758e-02
1.337084740714986758e-02
1.337084740714986758e-02
1.337084740714986758e-02
1.337084740714986758e-02
1.337084740714986758e-02
1.337084740714986758e-02
1.337084740714986758e-02
1.337084740714986758e-02
1.248270962435431373e-03
3.961341352421202631e-03
3.961341352421202631e-03
1.348466544603782284e-02
9.523961466342609553e-03
9.523961466342609553e-03
1.212873393781552234e-02
1.212873393781552234e-02
1.212873393781552234e-02
1.212873393781552234e-02
1.212873393781552234e-02
1.212873393781552234e-02
1.212873393781552234e-02
1.212873393781552234e-02
1.212873393781552234e-02
1.212873393781552234e-02
1.212873393781552234e-02
1.212873393781552234e-02
1.212873393781552234e-02
2.010548723738914308e-04
2.010548723738914308e-04
2.010548723738914308e-04
2.010548723738914308e-04
2.010548723738914308e-04
2.010548723738914308e-04
2.010548723738914308e-04
2.010548723738914308e-04
2.010548723738914308e-04
2.010548723738914308e-04
2.010548723738914308e-04
1.944189775276804893e-02
1.040328199924938669e-02
1.040328199924938669e-02
1.040328199924938669e-02
1.040328199924938669e-02
1.040328199924938669e-02
1.040328199924938669e-02
0.000000000000000000e+00
0.000000000000000000e+00
6.730977259330902206e-03
1.104373332848926186e-02
1.104373332848926186e-02
1.104373332848926186e-02
1.104373332848926186e-02
3.885259460499785721e-03
2.311559176744060196e-02
2.311559176744060196e-02
0.000000000000000000e+00
0.000000000000000000e+00
0.000000000000000000e+00
0.000000000000000000e+00
9.148986794842738079e-03
9.016848820286178443e-03
9.016848820286178443e-03
9.016848820286178443e-03
9.016848820286178443e-03
1.467687733088476713e-02
1.248270962435431373e-03
1.248270962435431373e-03
1.248270962435431373e-03
3.166278287545730517e-03
3.166278287545730517e-03
3.166278287545730517e-03
3.166278287545730517e-03
3.166278287545730517e-03
3.166278287545730517e-03
3.166278287545730517e-03
3.166278287545730517e-03
3.166278287545730517e-03
3.166278287545730517e-03
3.166278287545730517e-03
3.166278287545730517e-03
3.166278287545730517e-03
3.166278287545730517e-03
3.166278287545730517e-03
6.730977259330902206e-03
8.453287104450233486e-03
8.453287104450233486e-03
8.453287104450233486e-03
8.453287104450233486e-03
8.453287104450233486e-03
8.453287104450233486e-03
1.620225171257836348e-03
1.620225171257836348e-03
1.620225171257836348e-03
1.620225171257836348e-03
1.620225171257836348e-03
1.620225171257836348e-03
1.620225171257836348e-03
1.620225171257836348e-03
1.620225171257836348e-03
1.620225171257836348e-03
1.620225171257836348e-03
1.620225171257836348e-03
1.620225171257836348e-03
1.620225171257836348e-03
1.620225171257836348e-03
1.620225171257836348e-03
1.620225171257836348e-03
1.620225171257836348e-03
1.620225171257836348e-03
9.267149625602167859e-03
1.620225171257836348e-03
1.620225171257836348e-03
1.620225171257836348e-03
1.620225171257836348e-03
9.780307113086037733e-04
3.885259460499785721e-03
3.885259460499785721e-03
3.885259460499785721e-03
3.885259460499785721e-03
3.885259460499785721e-03
1.312798841854169972e-02
3.007232224244953535e-04
1.312798841854169972e-02
1.312798841854169972e-02
1.312798841854169972e-02
1.312798841854169972e-02
1.312798841854169972e-02
3.007232224244953535e-04
3.007232224244953535e-04
3.007232224244953535e-04
3.007232224244953535e-04
3.007232224244953535e-04
1.467687733088476713e-02
1.467687733088476713e-02
1.467687733088476713e-02
1.467687733088476713e-02
1.467687733088476713e-02
1.467687733088476713e-02
1.467687733088476713e-02
1.467687733088476713e-02
2.291918124706539620e-02
0.000000000000000000e+00
0.000000000000000000e+00
1.110855660042148196e-02
1.110855660042148196e-02
1.110855660042148196e-02
1.110855660042148196e-02
1.110855660042148196e-02
1.110855660042148196e-02
1.110855660042148196e-02
1.110855660042148196e-02
1.110855660042148196e-02
1.110855660042148196e-02
1.110855660042148196e-02
1.110855660042148196e-02
1.110855660042148196e-02
1.131766436124051999e-02
1.131766436124051999e-02
1.131766436124051999e-02
1.131766436124051999e-02
1.131766436124051999e-02
1.131766436124051999e-02
1.131766436124051999e-02
1.131766436124051999e-02
1.131766436124051999e-02
1.131766436124051999e-02
1.131766436124051999e-02
1.131766436124051999e-02
1.131766436124051999e-02
1.131766436124051999e-02
1.131766436124051999e-02
1.131766436124051999e-02
1.131766436124051999e-02
1.077328269453983051e-02
3.829346370787605012e-03
3.829346370787605012e-03
3.829346370787605012e-03
3.829346370787605012e-03
1.430798668167255865e-02
1.228187399706967900e-02
1.228187399706967900e-02
1.228187399706967900e-02
1.228187399706967900e-02
1.228187399706967900e-02
1.228187399706967900e-02
1.228187399706967900e-02
1.228187399706967900e-02
0.000000000000000000e+00
0.000000000000000000e+00
0.000000000000000000e+00
9.587864157725577152e-03
0.000000000000000000e+00
0.000000000000000000e+00
0.000000000000000000e+00
0.000000000000000000e+00
0.000000000000000000e+00
0.000000000000000000e+00
0.000000000000000000e+00
0.000000000000000000e+00
9.780307113086037733e-04
9.979403342195993301e-03
9.979403342195993301e-03
1.077328269453983051e-02
1.077328269453983051e-02
1.077328269453983051e-02
1.077328269453983051e-02
1.077328269453983051e-02
1.077328269453983051e-02
4.585711714792275323e-02
1.056788043578083675e-02
0.000000000000000000e+00
0.000000000000000000e+00
2.372438575064686559e-04
4.353796306619103426e-03
4.353796306619103426e-03
4.353796306619103426e-03
4.353796306619103426e-03
4.353796306619103426e-03
4.353796306619103426e-03
4.353796306619103426e-03
4.353796306619103426e-03
0.000000000000000000e+00
7.640993945796573442e-03
7.640993945796573442e-03
7.640993945796573442e-03
7.640993945796573442e-03
7.640993945796573442e-03
7.640993945796573442e-03
7.640993945796573442e-03
7.640993945796573442e-03
7.640993945796573442e-03
7.640993945796573442e-03
7.640993945796573442e-03
7.640993945796573442e-03
7.640993945796573442e-03
7.640993945796573442e-03
7.640993945796573442e-03
7.640993945796573442e-03
7.640993945796573442e-03
7.640993945796573442e-03
7.640993945796573442e-03
7.640993945796573442e-03
7.640993945796573442e-03
7.640993945796573442e-03
7.640993945796573442e-03
7.640993945796573442e-03
7.640993945796573442e-03
7.640993945796573442e-03
7.640993945796573442e-03
7.640993945796573442e-03
7.640993945796573442e-03
7.640993945796573442e-03
2.629468732015325175e-02
1.205041215624069566e-02
1.205041215624069566e-02
1.205041215624069566e-02
1.205041215624069566e-02
1.205041215624069566e-02
1.205041215624069566e-02
1.038340180146994293e-02
1.038340180146994293e-02
1.038340180146994293e-02
1.038340180146994293e-02
1.038340180146994293e-02
1.038340180146994293e-02
1.038340180146994293e-02
1.038340180146994293e-02
1.038340180146994293e-02
1.038340180146994293e-02
1.038340180146994293e-02
1.038340180146994293e-02
1.038340180146994293e-02
1.038340180146994293e-02
1.038340180146994293e-02
1.038340180146994293e-02
1.038340180146994293e-02
3.325911688234901766e-03
1.694206154306594769e-02
1.694206154306594769e-02
1.694206154306594769e-02
1.694206154306594769e-02
1.694206154306594769e-02
1.694206154306594769e-02
0.000000000000000000e+00
0.000000000000000000e+00
0.000000000000000000e+00
0.000000000000000000e+00
0.000000000000000000e+00
0.000000000000000000e+00
0.000000000000000000e+00
1.488088629920268635e-02
1.751909479018188675e-03
1.751909479018188675e-03
1.751909479018188675e-03
1.751909479018188675e-03
1.751909479018188675e-03
1.751909479018188675e-03
3.640986403432216155e-03
7.823811627747869271e-03
7.823811627747869271e-03
7.823811627747869271e-03
7.823811627747869271e-03
7.823811627747869271e-03
7.823811627747869271e-03
7.823811627747869271e-03
7.823811627747869271e-03
1.056788043578083675e-02
1.056788043578083675e-02
1.056788043578083675e-02
1.056788043578083675e-02
1.056788043578083675e-02
1.056788043578083675e-02
1.056788043578083675e-02
1.056788043578083675e-02
1.056788043578083675e-02
1.056788043578083675e-02
1.864799713993373206e-03
1.864799713993373206e-03
1.864799713993373206e-03
1.864799713993373206e-03
1.864799713993373206e-03
1.864799713993373206e-03
1.864799713993373206e-03
1.864799713993373206e-03
1.864799713993373206e-03
1.864799713993373206e-03
1.864799713993373206e-03
1.864799713993373206e-03
1.864799713993373206e-03
0.000000000000000000e+00
0.000000000000000000e+00
0.000000000000000000e+00
0.000000000000000000e+00
0.000000000000000000e+00
0.000000000000000000e+00
0.000000000000000000e+00
0.000000000000000000e+00
0.000000000000000000e+00
0.000000000000000000e+00
1.674696863069797051e-02
1.674696863069797051e-02
1.674696863069797051e-02
1.674696863069797051e-02
1.674696863069797051e-02
1.674696863069797051e-02
1.674696863069797051e-02
1.674696863069797051e-02
1.674696863069797051e-02
1.674696863069797051e-02
1.674696863069797051e-02
5.038593035184419505e-02
7.636976925095412781e-03
7.636976925095412781e-03
7.636976925095412781e-03
7.636976925095412781e-03
1.378116361190181993e-02
2.294958542828655444e-03
2.294958542828655444e-03
2.294958542828655444e-03
2.294958542828655444e-03
2.294958542828655444e-03
2.294958542828655444e-03
0.000000000000000000e+00
8.179352821400035639e-03
8.179352821400035639e-03
8.179352821400035639e-03
8.179352821400035639e-03
8.179352821400035639e-03
8.179352821400035639e-03
8.179352821400035639e-03
8.179352821400035639e-03
8.179352821400035639e-03
8.179352821400035639e-03
8.179352821400035639e-03
8.179352821400035639e-03
8.179352821400035639e-03
8.179352821400035639e-03
8.179352821400035639e-03
8.179352821400035639e-03
8.179352821400035639e-03
8.179352821400035639e-03
8.179352821400035639e-03
8.179352821400035639e-03
8.179352821400035639e-03
8.179352821400035639e-03
8.179352821400035639e-03
8.179352821400035639e-03
8.179352821400035639e-03
8.179352821400035639e-03
8.179352821400035639e-03
8.179352821400035639e-03
8.179352821400035639e-03
8.179352821400035639e-03
8.179352821400035639e-03
8.179352821400035639e-03
1.258766033890658907e-02
4.930368887241045467e-03
4.930368887241045467e-03
4.930368887241045467e-03
4.930368887241045467e-03
4.930368887241045467e-03
4.930368887241045467e-03
4.930368887241045467e-03
4.930368887241045467e-03
4.930368887241045467e-03
4.930368887241045467e-03
3.946918587646862375e-03
1.080801652093800989e-02
1.080801652093800989e-02
1.080801652093800989e-02
1.080801652093800989e-02
1.080801652093800989e-02
1.080801652093800989e-02
1.080801652093800989e-02
1.080801652093800989e-02
1.744542742484690365e-02
1.942497247501348556e-02
1.942497247501348556e-02
1.942497247501348556e-02
1.942497247501348556e-02
1.942497247501348556e-02
1.942497247501348556e-02
1.942497247501348556e-02
1.942497247501348556e-02
2.963303194991589312e-03
1.192427834509782007e-02
1.192427834509782007e-02
1.192427834509782007e-02
1.192427834509782007e-02
1.192427834509782007e-02
1.192427834509782007e-02
1.548284853102800500e-02
3.225645049372256185e-02
3.225645049372256185e-02
3.163291609818492944e-02
1.837822508581841985e-02
1.837822508581841985e-02
1.837822508581841985e-02
1.837822508581841985e-02
5.668817040349779547e-03
8.236818970184108316e-03
8.236818970184108316e-03
8.236818970184108316e-03
8.236818970184108316e-03
8.236818970184108316e-03
8.236818970184108316e-03
8.236818970184108316e-03
8.236818970184108316e-03
8.236818970184108316e-03
8.236818970184108316e-03
8.236818970184108316e-03
8.236818970184108316e-03
8.236818970184108316e-03
8.236818970184108316e-03
8.236818970184108316e-03
8.236818970184108316e-03
8.236818970184108316e-03
8.236818970184108316e-03
1.637462218622619606e-02
5.255951440837624243e-03
5.255951440837624243e-03
5.255951440837624243e-03
5.255951440837624243e-03
5.255951440837624243e-03
5.255951440837624243e-03
5.255951440837624243e-03
5.255951440837624243e-03
5.255951440837624243e-03
5.255951440837624243e-03
5.255951440837624243e-03
5.255951440837624243e-03
5.255951440837624243e-03
5.255951440837624243e-03
5.255951440837624243e-03
5.255951440837624243e-03
5.255951440837624243e-03
5.255951440837624243e-03
3.942015937544859558e-03
9.687689419438171023e-03
9.687689419438171023e-03
9.687689419438171023e-03
9.687689419438171023e-03
9.687689419438171023e-03
9.687689419438171023e-03
9.687689419438171023e-03
9.687689419438171023e-03
9.687689419438171023e-03
9.687689419438171023e-03
3.664988808499304584e-02
2.670618549101821601e-02
2.670618549101821601e-02
2.670618549101821601e-02
2.670618549101821601e-02
2.670618549101821601e-02
2.670618549101821601e-02
2.670618549101821601e-02
2.670618549101821601e-02
2.670618549101821601e-02
2.670618549101821601e-02
2.670618549101821601e-02
2.670618549101821601e-02
1.945860161700229199e-02
1.789398716278266938e-02
1.789398716278266938e-02
1.789398716278266938e-02
1.789398716278266938e-02
1.789398716278266938e-02
1.789398716278266938e-02
1.789398716278266938e-02
1.789398716278266938e-02
8.726534286443351010e-03
1.272174259306041617e-02
1.272174259306041617e-02
1.272174259306041617e-02
1.272174259306041617e-02
1.272174259306041617e-02
1.272174259306041617e-02
1.272174259306041617e-02
1.272174259306041617e-02
2.546768641002903830e-02
1.316630955463071566e-02
1.316630955463071566e-02
1.316630955463071566e-02
1.316630955463071566e-02
1.316630955463071566e-02
1.316630955463071566e-02
5.584975321284753845e-03
1.087059135924472487e-02
1.087059135924472487e-02
1.087059135924472487e-02
1.087059135924472487e-02
1.087059135924472487e-02
1.087059135924472487e-02
2.546768641002903830e-02
2.546768641002903830e-02
2.546768641002903830e-02
2.546768641002903830e-02
5.559491239286644057e-03
5.559491239286644057e-03
1.183884403498972407e-02
1.230577007400878407e-02
1.230577007400878407e-02
1.230577007400878407e-02
1.230577007400878407e-02
2.273934368424775955e-03
2.273934368424775955e-03
2.273934368424775955e-03
2.273934368424775955e-03
2.273934368424775955e-03
2.273934368424775955e-03
2.273934368424775955e-03
2.273934368424775955e-03
2.273934368424775955e-03
2.273934368424775955e-03
2.273934368424775955e-03
2.273934368424775955e-03
2.273934368424775955e-03
2.050301135127771332e-02
0.000000000000000000e+00
0.000000000000000000e+00
0.000000000000000000e+00
0.000000000000000000e+00
1.044460518081052197e-02
3.759433017849571606e-03
3.759433017849571606e-03
3.759433017849571606e-03
3.759433017849571606e-03
3.759433017849571606e-03
3.759433017849571606e-03
3.759433017849571606e-03
3.759433017849571606e-03
3.759433017849571606e-03
3.759433017849571606e-03
3.759433017849571606e-03
3.759433017849571606e-03
3.759433017849571606e-03
3.759433017849571606e-03
3.759433017849571606e-03
3.759433017849571606e-03
3.759433017849571606e-03
3.759433017849571606e-03
0.000000000000000000e+00
0.000000000000000000e+00
0.000000000000000000e+00
0.000000000000000000e+00
7.736654900522029268e-03
3.633708696310264039e-03
3.633708696310264039e-03
3.633708696310264039e-03
3.633708696310264039e-03
3.633708696310264039e-03
3.633708696310264039e-03
3.633708696310264039e-03
3.633708696310264039e-03
3.633708696310264039e-03
3.633708696310264039e-03
3.633708696310264039e-03
3.633708696310264039e-03
3.494639709255667123e-03
8.541911802282125404e-03
8.541911802282125404e-03
1.280011946212440167e-03
1.317057384552634304e-02
1.317057384552634304e-02
1.317057384552634304e-02
1.317057384552634304e-02
2.466457380806039157e-02
2.466457380806039157e-02
2.466457380806039157e-02
2.466457380806039157e-02
2.466457380806039157e-02
2.466457380806039157e-02
2.466457380806039157e-02
2.466457380806039157e-02
2.466457380806039157e-02
2.466457380806039157e-02
2.466457380806039157e-02
8.726534286443351010e-03
8.726534286443351010e-03
8.726534286443351010e-03
8.726534286443351010e-03
1.031913313177636529e-02
1.031913313177636529e-02
1.031913313177636529e-02
1.031913313177636529e-02
1.031913313177636529e-02
1.031913313177636529e-02
1.031913313177636529e-02
1.031913313177636529e-02
1.031913313177636529e-02
1.031913313177636529e-02
1.031913313177636529e-02
6.859739050203650379e-03
7.309568195522062745e-03
7.309568195522062745e-03
1.538320327980396236e-03
0.000000000000000000e+00
0.000000000000000000e+00
0.000000000000000000e+00
0.000000000000000000e+00
0.000000000000000000e+00
0.000000000000000000e+00
4.990046105937908337e-03
2.342647717193137996e-02
2.342647717193137996e-02
2.342647717193137996e-02
2.342647717193137996e-02
2.342647717193137996e-02
2.342647717193137996e-02
1.744542742484690365e-02
0.000000000000000000e+00
0.000000000000000000e+00
0.000000000000000000e+00
0.000000000000000000e+00
0.000000000000000000e+00
0.000000000000000000e+00
0.000000000000000000e+00
0.000000000000000000e+00
0.000000000000000000e+00
0.000000000000000000e+00
5.180587105384384765e-03
1.452089617467594573e-02
1.452089617467594573e-02
1.452089617467594573e-02
1.452089617467594573e-02
1.452089617467594573e-02
1.452089617467594573e-02
1.452089617467594573e-02
1.452089617467594573e-02
1.452089617467594573e-02
1.452089617467594573e-02
1.225123998451547319e-02
3.091353473530972576e-02
3.091353473530972576e-02
1.460213714151441418e-02
1.460213714151441418e-02
1.460213714151441418e-02
1.460213714151441418e-02
1.460213714151441418e-02
1.460213714151441418e-02
1.460213714151441418e-02
1.460213714151441418e-02
1.460213714151441418e-02
1.460213714151441418e-02
1.460213714151441418e-02
9.423241915428181995e-04
4.585201796833812161e-03
4.585201796833812161e-03
4.585201796833812161e-03
4.585201796833812161e-03
4.585201796833812161e-03
4.585201796833812161e-03
4.585201796833812161e-03
4.585201796833812161e-03
7.455064754901521464e-03
5.584034334866494649e-03
5.584034334866494649e-03
5.584034334866494649e-03
5.584034334866494649e-03
5.584034334866494649e-03
5.584034334866494649e-03
5.584034334866494649e-03
5.584034334866494649e-03
5.584034334866494649e-03
5.584034334866494649e-03
5.584034334866494649e-03
5.584034334866494649e-03
1.426877476916263432e-03
1.189341124975084284e-02
1.189341124975084284e-02
1.189341124975084284e-02
1.189341124975084284e-02
1.189341124975084284e-02
1.189341124975084284e-02
1.189341124975084284e-02
1.189341124975084284e-02
1.189341124975084284e-02
1.189341124975084284e-02
1.050538668644242744e-02
0.000000000000000000e+00
1.050538668644242744e-02
1.050538668644242744e-02
1.050538668644242744e-02
1.050538668644242744e-02
1.050538668644242744e-02
1.050538668644242744e-02
1.050538668644242744e-02
1.050538668644242744e-02
1.050538668644242744e-02
0.000000000000000000e+00
5.856612110946763684e-03
5.487672496508519925e-03
5.487672496508519925e-03
5.487672496508519925e-03
5.487672496508519925e-03
5.487672496508519925e-03
5.487672496508519925e-03
5.487672496508519925e-03
5.487672496508519925e-03
2.048893291002677752e-02
2.048893291002677752e-02
2.048893291002677752e-02
2.048893291002677752e-02
2.048893291002677752e-02
2.048893291002677752e-02
2.048893291002677752e-02
2.048893291002677752e-02
2.048893291002677752e-02
2.048893291002677752e-02
2.048893291002677752e-02
2.048893291002677752e-02
2.048893291002677752e-02
2.048893291002677752e-02
2.048893291002677752e-02
5.123921962012110976e-02
1.385629111842968941e-02
1.385629111842968941e-02
1.385629111842968941e-02
1.385629111842968941e-02
1.385629111842968941e-02
1.385629111842968941e-02
1.385629111842968941e-02
1.385629111842968941e-02
1.385629111842968941e-02
1.385629111842968941e-02
1.385629111842968941e-02
1.385629111842968941e-02
1.385629111842968941e-02
1.385629111842968941e-02
1.385629111842968941e-02
1.385629111842968941e-02
1.385629111842968941e-02
1.385629111842968941e-02
1.385629111842968941e-02
1.385629111842968941e-02
1.206144821002550285e-02
7.197607094116387390e-03
7.197607094116387390e-03
7.197607094116387390e-03
7.197607094116387390e-03
0.000000000000000000e+00
1.455623900665336395e-02
1.455623900665336395e-02
1.455623900665336395e-02
1.455623900665336395e-02
1.455623900665336395e-02
1.455623900665336395e-02
1.824924663223816829e-02
3.044990380748078488e-03
3.044990380748078488e-03
3.044990380748078488e-03
3.044990380748078488e-03
3.044990380748078488e-03
3.044990380748078488e-03
3.044990380748078488e-03
3.044990380748078488e-03
3.044990380748078488e-03
3.044990380748078488e-03
3.044990380748078488e-03
3.044990380748078488e-03
3.044990380748078488e-03
3.044990380748078488e-03
1.711171677817277526e-02
1.795658939765131315e-02
1.795658939765131315e-02
0.000000000000000000e+00
6.179205588433623990e-03
6.179205588433623990e-03
6.179205588433623990e-03
6.179205588433623990e-03
6.179205588433623990e-03
6.179205588433623990e-03
6.179205588433623990e-03
6.179205588433623990e-03
6.179205588433623990e-03
6.179205588433623990e-03
1.195755856175457869e-02
9.167474129105263915e-04
9.167474129105263915e-04
9.167474129105263915e-04
9.167474129105263915e-04
9.167474129105263915e-04
9.167474129105263915e-04
9.167474129105263915e-04
9.167474129105263915e-04
6.915188539665758326e-03
8.045027583771289723e-03
8.045027583771289723e-03
1.436125379629224930e-04
3.173193749838964725e-03
3.173193749838964725e-03
3.173193749838964725e-03
3.173193749838964725e-03
3.173193749838964725e-03
3.173193749838964725e-03
3.173193749838964725e-03
3.173193749838964725e-03
3.173193749838964725e-03
3.173193749838964725e-03
3.162236880090717010e-03
5.868358597027608509e-03
5.868358597027608509e-03
5.868358597027608509e-03
5.868358597027608509e-03
5.868358597027608509e-03
5.868358597027608509e-03
5.868358597027608509e-03
5.868358597027608509e-03
2.215084609049888190e-03
5.327064162212582187e-03
5.327064162212582187e-03
5.327064162212582187e-03
5.327064162212582187e-03
6.730977259330902206e-03
6.057168895715201590e-03
0.000000000000000000e+00
0.000000000000000000e+00
0.000000000000000000e+00
0.000000000000000000e+00
2.096869063478872322e-02
3.429159753309415481e-03
3.429159753309415481e-03
3.429159753309415481e-03
3.429159753309415481e-03
0.000000000000000000e+00
2.124217280433865138e-02
2.124217280433865138e-02
2.124217280433865138e-02
2.124217280433865138e-02
2.124217280433865138e-02
2.124217280433865138e-02
2.124217280433865138e-02
2.124217280433865138e-02
2.124217280433865138e-02
2.124217280433865138e-02
3.131528869370186693e-03
3.131528869370186693e-03
3.131528869370186693e-03
3.131528869370186693e-03
3.131528869370186693e-03
3.131528869370186693e-03
3.131528869370186693e-03
1.587270775521968172e-02
3.131528869370186693e-03
1.945860161700229199e-02
1.945860161700229199e-02
0.000000000000000000e+00
0.000000000000000000e+00
0.000000000000000000e+00
0.000000000000000000e+00
0.000000000000000000e+00
0.000000000000000000e+00
8.841347207879652129e-03
2.241567323763668518e-02
2.241567323763668518e-02
2.241567323763668518e-02
2.241567323763668518e-02
3.427317112906073937e-02
0.000000000000000000e+00
0.000000000000000000e+00
0.000000000000000000e+00
0.000000000000000000e+00
0.000000000000000000e+00
0.000000000000000000e+00
0.000000000000000000e+00
0.000000000000000000e+00
0.000000000000000000e+00
0.000000000000000000e+00
0.000000000000000000e+00
0.000000000000000000e+00
0.000000000000000000e+00
0.000000000000000000e+00
0.000000000000000000e+00
0.000000000000000000e+00
0.000000000000000000e+00
0.000000000000000000e+00
0.000000000000000000e+00
0.000000000000000000e+00
0.000000000000000000e+00
0.000000000000000000e+00
0.000000000000000000e+00
0.000000000000000000e+00
0.000000000000000000e+00
0.000000000000000000e+00
0.000000000000000000e+00
0.000000000000000000e+00
0.000000000000000000e+00
0.000000000000000000e+00
0.000000000000000000e+00
5.930485704688655615e-03
1.706746508364580250e-02
1.706746508364580250e-02
1.706746508364580250e-02
1.706746508364580250e-02
1.706746508364580250e-02
1.706746508364580250e-02
1.706746508364580250e-02
1.706746508364580250e-02
1.706746508364580250e-02
1.706746508364580250e-02
1.706746508364580250e-02
1.706746508364580250e-02
0.000000000000000000e+00
0.000000000000000000e+00
0.000000000000000000e+00
0.000000000000000000e+00
0.000000000000000000e+00
0.000000000000000000e+00
0.000000000000000000e+00
0.000000000000000000e+00
0.000000000000000000e+00
0.000000000000000000e+00
0.000000000000000000e+00
0.000000000000000000e+00
0.000000000000000000e+00
1.010428519358376465e-02
1.010428519358376465e-02
1.010428519358376465e-02
1.010428519358376465e-02
1.010428519358376465e-02
1.010428519358376465e-02
1.010428519358376465e-02
1.010428519358376465e-02
1.010428519358376465e-02
1.010428519358376465e-02
1.010428519358376465e-02
2.450336858730311693e-03
7.736654900522029268e-03
7.736654900522029268e-03
7.736654900522029268e-03
7.736654900522029268e-03
7.736654900522029268e-03
7.736654900522029268e-03
7.736654900522029268e-03
1.523515018476826648e-03
1.406837612021889956e-02
1.406837612021889956e-02
1.406837612021889956e-02
1.406837612021889956e-02
1.406837612021889956e-02
1.406837612021889956e-02
4.065083250964210415e-02
6.313212192872785788e-03
6.313212192872785788e-03
6.313212192872785788e-03
6.313212192872785788e-03
6.313212192872785788e-03
6.313212192872785788e-03
6.313212192872785788e-03
6.313212192872785788e-03
0.000000000000000000e+00
5.479197052658919646e-03
5.479197052658919646e-03
5.479197052658919646e-03
5.479197052658919646e-03
5.479197052658919646e-03
5.479197052658919646e-03
5.479197052658919646e-03
5.479197052658919646e-03
5.479197052658919646e-03
5.479197052658919646e-03
2.024096411329555714e-02
1.370951424123038193e-02
1.370951424123038193e-02
1.370951424123038193e-02
1.370951424123038193e-02
1.370951424123038193e-02
1.370951424123038193e-02
1.370951424123038193e-02
1.370951424123038193e-02
1.370951424123038193e-02
1.370951424123038193e-02
1.370951424123038193e-02
1.370951424123038193e-02
1.370951424123038193e-02
1.370951424123038193e-02
1.168963319548515893e-02
1.168963319548515893e-02
1.168963319548515893e-02
1.168963319548515893e-02
1.168963319548515893e-02
1.168963319548515893e-02
1.168963319548515893e-02
1.168963319548515893e-02
1.168963319548515893e-02
1.168963319548515893e-02
1.168963319548515893e-02
1.168963319548515893e-02
1.168963319548515893e-02
1.168963319548515893e-02
1.168963319548515893e-02
1.168963319548515893e-02
1.168963319548515893e-02
1.168963319548515893e-02
1.168963319548515893e-02
1.168963319548515893e-02
1.168963319548515893e-02
1.385556037672677071e-02
3.716407007014195518e-02
3.716407007014195518e-02
3.716407007014195518e-02
3.716407007014195518e-02
3.716407007014195518e-02
3.716407007014195518e-02
3.716407007014195518e-02
3.716407007014195518e-02
2.611565411325773942e-03
2.611565411325773942e-03
2.611565411325773942e-03
2.611565411325773942e-03
2.611565411325773942e-03
2.611565411325773942e-03
2.611565411325773942e-03
2.611565411325773942e-03
2.611565411325773942e-03
2.611565411325773942e-03
2.611565411325773942e-03
3.180929275834112890e-02
2.183736987721542414e-02
2.183736987721542414e-02
2.183736987721542414e-02
2.183736987721542414e-02
2.183736987721542414e-02
2.183736987721542414e-02
2.183736987721542414e-02
2.183736987721542414e-02
2.183736987721542414e-02
2.183736987721542414e-02
2.183736987721542414e-02
2.183736987721542414e-02
0.000000000000000000e+00
1.148186322287059018e-02
1.148186322287059018e-02
1.148186322287059018e-02
1.148186322287059018e-02
1.148186322287059018e-02
1.148186322287059018e-02
1.148186322287059018e-02
1.148186322287059018e-02
1.148186322287059018e-02
1.148186322287059018e-02
1.148186322287059018e-02
1.148186322287059018e-02
1.148186322287059018e-02
1.148186322287059018e-02
1.148186322287059018e-02
1.148186322287059018e-02
1.148186322287059018e-02
1.148186322287059018e-02
1.148186322287059018e-02
1.148186322287059018e-02
1.148186322287059018e-02
1.148186322287059018e-02
1.148186322287059018e-02
1.148186322287059018e-02
1.148186322287059018e-02
1.148186322287059018e-02
1.148186322287059018e-02
1.148186322287059018e-02
1.148186322287059018e-02
1.148186322287059018e-02
3.720566932386437653e-02
1.073757756570561418e-02
1.073757756570561418e-02
4.836492306192318857e-05
5.098504302206321830e-03
5.098504302206321830e-03
5.098504302206321830e-03
5.098504302206321830e-03
5.098504302206321830e-03
5.098504302206321830e-03
5.098504302206321830e-03
5.098504302206321830e-03
5.098504302206321830e-03
5.098504302206321830e-03
5.098504302206321830e-03
5.098504302206321830e-03
7.049880577062288267e-03
4.439878872113492067e-03
4.439878872113492067e-03
1.066992141853058754e-02
1.066992141853058754e-02
1.066992141853058754e-02
1.066992141853058754e-02
1.066992141853058754e-02
1.066992141853058754e-02
1.066992141853058754e-02
1.066992141853058754e-02
1.066992141853058754e-02
1.066992141853058754e-02
1.066992141853058754e-02
1.066992141853058754e-02
1.066992141853058754e-02
0.000000000000000000e+00
0.000000000000000000e+00
0.000000000000000000e+00
0.000000000000000000e+00
0.000000000000000000e+00
0.000000000000000000e+00
0.000000000000000000e+00
0.000000000000000000e+00
0.000000000000000000e+00
7.002370447786055579e-03
1.455500355459296525e-03
1.455500355459296525e-03
1.455500355459296525e-03
1.455500355459296525e-03
1.455500355459296525e-03
1.455500355459296525e-03
1.411166088306824162e-02
0.000000000000000000e+00
0.000000000000000000e+00
2.554651480388592244e-02
2.647767452419796160e-03
2.647767452419796160e-03
2.647767452419796160e-03
2.647767452419796160e-03
2.647767452419796160e-03
2.647767452419796160e-03
2.412455034993325753e-02
8.357601694461685299e-03
8.357601694461685299e-03
8.357601694461685299e-03
8.357601694461685299e-03
1.096617413062411783e-02
2.972134092292260873e-02
2.972134092292260873e-02
6.651942890594391734e-03
6.651942890594391734e-03
2.062554092040825432e-02
8.823241409543939456e-03
8.823241409543939456e-03
8.823241409543939456e-03
8.823241409543939456e-03
8.823241409543939456e-03
8.823241409543939456e-03
2.871590318746466974e-02
1.138643305605633628e-02
1.138643305605633628e-02
1.138643305605633628e-02
1.138643305605633628e-02
0.000000000000000000e+00
1.251791650867784683e-02
1.251791650867784683e-02
1.251791650867784683e-02
1.251791650867784683e-02
1.251791650867784683e-02
1.251791650867784683e-02
1.251791650867784683e-02
1.251791650867784683e-02
1.251791650867784683e-02
1.251791650867784683e-02
2.291462528569859769e-02
1.548284853102800500e-02
1.548284853102800500e-02
1.548284853102800500e-02
1.548284853102800500e-02
1.548284853102800500e-02
2.579830419650549697e-02
1.148966182698534302e-02
1.148966182698534302e-02
0.000000000000000000e+00
0.000000000000000000e+00
0.000000000000000000e+00
0.000000000000000000e+00
0.000000000000000000e+00
5.728921887634518505e-03
5.728921887634518505e-03
5.728921887634518505e-03
5.728921887634518505e-03
5.728921887634518505e-03
5.728921887634518505e-03
5.728921887634518505e-03
5.728921887634518505e-03
5.728921887634518505e-03
5.728921887634518505e-03
5.728921887634518505e-03
5.728921887634518505e-03
5.728921887634518505e-03
5.728921887634518505e-03
5.728921887634518505e-03
5.728921887634518505e-03
5.728921887634518505e-03
5.728921887634518505e-03
5.728921887634518505e-03
1.221095018665012844e-03
1.221095018665012844e-03
1.221095018665012844e-03
3.789070496198260196e-02
0.000000000000000000e+00
0.000000000000000000e+00
1.391496365040012853e-02
1.206144821002550285e-02
1.206144821002550285e-02
1.206144821002550285e-02
1.391496365040012853e-02
4.238477656933157395e-02
3.026081412981364294e-02
3.026081412981364294e-02
3.026081412981364294e-02
3.026081412981364294e-02
2.871590318746466974e-02
5.548743952111363786e-03
5.548743952111363786e-03
5.548743952111363786e-03
5.548743952111363786e-03
5.548743952111363786e-03
5.548743952111363786e-03
5.548743952111363786e-03
5.548743952111363786e-03
5.548743952111363786e-03
5.548743952111363786e-03
5.548743952111363786e-03
5.548743952111363786e-03
3.789070496198260196e-02
3.789070496198260196e-02
3.789070496198260196e-02
3.789070496198260196e-02
3.789070496198260196e-02
3.789070496198260196e-02
3.789070496198260196e-02
3.789070496198260196e-02
1.925173114010148836e-03
5.663326468640539346e-03
5.663326468640539346e-03
5.663326468640539346e-03
5.663326468640539346e-03
5.663326468640539346e-03
5.663326468640539346e-03
8.540766228082822143e-04
7.716536294018501788e-03
7.716536294018501788e-03
7.716536294018501788e-03
7.716536294018501788e-03
7.716536294018501788e-03
7.716536294018501788e-03
7.716536294018501788e-03
7.716536294018501788e-03
4.240970914969647426e-02
4.240970914969647426e-02
4.240970914969647426e-02
1.554741573528552667e-03
4.240970914969647426e-02
4.240970914969647426e-02
4.240970914969647426e-02
1.146390235937826130e-01
5.734336586578933463e-04
5.734336586578933463e-04
5.734336586578933463e-04
5.734336586578933463e-04
5.734336586578933463e-04
5.734336586578933463e-04
2.271802150033376544e-02
1.485309111144143129e-02
1.485309111144143129e-02
1.485309111144143129e-02
1.485309111144143129e-02
1.485309111144143129e-02
1.485309111144143129e-02
1.485309111144143129e-02
1.485309111144143129e-02
1.485309111144143129e-02
1.485309111144143129e-02
6.944335464969207498e-03
1.688549859050812729e-02
1.688549859050812729e-02
1.688549859050812729e-02
1.688549859050812729e-02
1.688549859050812729e-02
1.688549859050812729e-02
1.688549859050812729e-02
1.688549859050812729e-02
3.841648371672436169e-02
1.600128399711735205e-03
1.600128399711735205e-03
1.600128399711735205e-03
1.600128399711735205e-03
1.600128399711735205e-03
1.600128399711735205e-03
1.600128399711735205e-03
1.600128399711735205e-03
1.600128399711735205e-03
1.600128399711735205e-03
6.809177139038107007e-03
1.729970965862631660e-02
1.729970965862631660e-02
1.729970965862631660e-02
1.729970965862631660e-02
6.172966162579090164e-03
1.575069103240836141e-02
1.575069103240836141e-02
2.107111518207264653e-02
8.713339887991358463e-04
8.713339887991358463e-04
8.713339887991358463e-04
8.713339887991358463e-04
8.713339887991358463e-04
8.713339887991358463e-04
8.713339887991358463e-04
8.713339887991358463e-04
8.713339887991358463e-04
8.713339887991358463e-04
0.000000000000000000e+00
0.000000000000000000e+00
0.000000000000000000e+00
9.713073852081057641e-03
8.905126836022712183e-03
8.905126836022712183e-03
8.905126836022712183e-03
8.905126836022712183e-03
8.905126836022712183e-03
8.905126836022712183e-03
8.905126836022712183e-03
8.905126836022712183e-03
8.905126836022712183e-03
8.905126836022712183e-03
8.905126836022712183e-03
8.905126836022712183e-03
4.526039284933469110e-03
2.040793579412683231e-02
2.040793579412683231e-02
2.040793579412683231e-02
2.040793579412683231e-02
2.040793579412683231e-02
2.040793579412683231e-02
0.000000000000000000e+00
0.000000000000000000e+00
6.295865248535636831e-03
6.295865248535636831e-03
6.295865248535636831e-03
6.295865248535636831e-03
6.295865248535636831e-03
6.295865248535636831e-03
6.295865248535636831e-03
6.295865248535636831e-03
6.295865248535636831e-03
6.295865248535636831e-03
6.295865248535636831e-03
6.295865248535636831e-03
6.295865248535636831e-03
2.897102116408261166e-02
2.897102116408261166e-02
2.897102116408261166e-02
2.897102116408261166e-02
2.897102116408261166e-02
2.897102116408261166e-02
2.897102116408261166e-02
2.897102116408261166e-02
2.897102116408261166e-02
2.897102116408261166e-02
2.897102116408261166e-02
2.897102116408261166e-02
2.897102116408261166e-02
2.897102116408261166e-02
2.897102116408261166e-02
2.897102116408261166e-02
2.897102116408261166e-02
2.897102116408261166e-02
2.897102116408261166e-02
2.897102116408261166e-02
1.419261257495380273e-03
2.200051214386461798e-02
2.200051214386461798e-02
2.200051214386461798e-02
2.200051214386461798e-02
2.200051214386461798e-02
2.200051214386461798e-02
2.200051214386461798e-02
2.200051214386461798e-02
1.005928556168537991e-02
1.005928556168537991e-02
1.005928556168537991e-02
1.005928556168537991e-02
1.005928556168537991e-02
1.005928556168537991e-02
1.005928556168537991e-02
1.005928556168537991e-02
1.005928556168537991e-02
1.005928556168537991e-02
1.005928556168537991e-02
1.005928556168537991e-02
1.005928556168537991e-02
1.005928556168537991e-02
1.005928556168537991e-02
1.005928556168537991e-02
1.005928556168537991e-02
1.005928556168537991e-02
1.005928556168537991e-02
1.005928556168537991e-02
1.005928556168537991e-02
0.000000000000000000e+00
1.033432644029289374e-02
1.033432644029289374e-02
1.033432644029289374e-02
1.033432644029289374e-02
1.033432644029289374e-02
1.033432644029289374e-02
6.944335464969207498e-03
6.944335464969207498e-03
6.944335464969207498e-03
6.944335464969207498e-03
3.841648371672436169e-02
3.841648371672436169e-02
3.841648371672436169e-02
3.841648371672436169e-02
3.841648371672436169e-02
3.841648371672436169e-02
3.841648371672436169e-02
3.841648371672436169e-02
1.698033430316651937e-02
1.810545605259658228e-02
1.810545605259658228e-02
1.810545605259658228e-02
1.810545605259658228e-02
1.810545605259658228e-02
1.810545605259658228e-02
1.810545605259658228e-02
1.810545605259658228e-02
1.810545605259658228e-02
1.810545605259658228e-02
1.810545605259658228e-02
1.810545605259658228e-02
1.810545605259658228e-02
1.810545605259658228e-02
2.149346427845506694e-04
2.149346427845506694e-04
2.149346427845506694e-04
2.149346427845506694e-04
2.149346427845506694e-04
2.149346427845506694e-04
2.149346427845506694e-04
2.149346427845506694e-04
2.149346427845506694e-04
2.149346427845506694e-04
2.149346427845506694e-04
2.149346427845506694e-04
2.149346427845506694e-04
2.149346427845506694e-04
2.149346427845506694e-04
1.017239541294225405e-02
9.062993839595058498e-03
9.062993839595058498e-03
9.062993839595058498e-03
9.062993839595058498e-03
9.062993839595058498e-03
9.062993839595058498e-03
9.062993839595058498e-03
1.961007225217224412e-02
5.478007984384089014e-03
5.478007984384089014e-03
5.478007984384089014e-03
5.478007984384089014e-03
6.065510453893286323e-03
2.050451536304271141e-02
2.050451536304271141e-02
2.050451536304271141e-02
2.050451536304271141e-02
2.050451536304271141e-02
2.050451536304271141e-02
2.050451536304271141e-02
2.050451536304271141e-02
2.050451536304271141e-02
2.050451536304271141e-02
2.050451536304271141e-02
2.050451536304271141e-02
2.050451536304271141e-02
2.050451536304271141e-02
0.000000000000000000e+00
1.897243601286532455e-04
1.897243601286532455e-04
1.897243601286532455e-04
1.897243601286532455e-04
1.897243601286532455e-04
1.897243601286532455e-04
1.573762207610347741e-02
1.946574469676738651e-03
1.946574469676738651e-03
1.946574469676738651e-03
1.946574469676738651e-03
1.946574469676738651e-03
1.946574469676738651e-03
1.259982004321515137e-02
2.232160223961788311e-03
2.232160223961788311e-03
2.232160223961788311e-03
2.232160223961788311e-03
2.232160223961788311e-03
2.232160223961788311e-03
2.232160223961788311e-03
2.232160223961788311e-03
2.232160223961788311e-03
2.232160223961788311e-03
2.232160223961788311e-03
2.232160223961788311e-03
2.232160223961788311e-03
2.232160223961788311e-03
1.193472959049491147e-02
2.232160223961788311e-03
1.419261257495380273e-03
1.419261257495380273e-03
6.784285565551057516e-03
6.784285565551057516e-03
6.784285565551057516e-03
6.784285565551057516e-03
6.784285565551057516e-03
6.784285565551057516e-03
6.784285565551057516e-03
6.784285565551057516e-03
6.784285565551057516e-03
6.784285565551057516e-03
6.784285565551057516e-03
6.784285565551057516e-03
6.784285565551057516e-03
6.784285565551057516e-03
6.784285565551057516e-03
1.479497548892552521e-02
2.280370671545515343e-02
2.280370671545515343e-02
2.280370671545515343e-02
2.280370671545515343e-02
2.280370671545515343e-02
2.280370671545515343e-02
2.280370671545515343e-02
2.280370671545515343e-02
2.280370671545515343e-02
2.280370671545515343e-02
2.280370671545515343e-02
2.280370671545515343e-02
2.280370671545515343e-02
2.280370671545515343e-02
2.280370671545515343e-02
2.280370671545515343e-02
2.280370671545515343e-02
2.280370671545515343e-02
0.000000000000000000e+00
0.000000000000000000e+00
0.000000000000000000e+00
0.000000000000000000e+00
0.000000000000000000e+00
0.000000000000000000e+00
0.000000000000000000e+00
0.000000000000000000e+00
0.000000000000000000e+00
8.984223119088851142e-03
6.167212309450554632e-03
6.167212309450554632e-03
6.167212309450554632e-03
6.167212309450554632e-03
6.167212309450554632e-03
6.167212309450554632e-03
6.167212309450554632e-03
6.167212309450554632e-03
6.167212309450554632e-03
6.167212309450554632e-03
6.167212309450554632e-03
6.167212309450554632e-03
1.494597585264027459e-02
0.000000000000000000e+00
0.000000000000000000e+00
0.000000000000000000e+00
0.000000000000000000e+00
0.000000000000000000e+00
0.000000000000000000e+00
0.000000000000000000e+00
0.000000000000000000e+00
0.000000000000000000e+00
0.000000000000000000e+00
6.596905870224387906e-04
6.596905870224387906e-04
6.596905870224387906e-04
6.596905870224387906e-04
6.596905870224387906e-04
6.596905870224387906e-04
6.596905870224387906e-04
6.596905870224387906e-04
6.596905870224387906e-04
6.596905870224387906e-04
6.596905870224387906e-04
6.596905870224387906e-04
6.596905870224387906e-04
6.596905870224387906e-04
6.596905870224387906e-04
6.596905870224387906e-04
6.596905870224387906e-04
6.596905870224387906e-04
6.596905870224387906e-04
1.197649436069192323e-02
1.197649436069192323e-02
1.197649436069192323e-02
1.197649436069192323e-02
1.197649436069192323e-02
1.197649436069192323e-02
1.197649436069192323e-02
1.197649436069192323e-02
1.197649436069192323e-02
1.197649436069192323e-02
1.197649436069192323e-02
1.197649436069192323e-02
1.197649436069192323e-02
1.437532626779509937e-02
1.437532626779509937e-02
1.437532626779509937e-02
1.437532626779509937e-02
1.437532626779509937e-02
1.437532626779509937e-02
1.437532626779509937e-02
1.437532626779509937e-02
1.437532626779509937e-02
1.437532626779509937e-02
1.437532626779509937e-02
1.437532626779509937e-02
1.437532626779509937e-02
1.437532626779509937e-02
1.437532626779509937e-02
1.437532626779509937e-02
1.437532626779509937e-02
1.736047576487459443e-02
2.249066773627978605e-02
2.249066773627978605e-02
1.987162763968900250e-02
1.987162763968900250e-02
1.987162763968900250e-02
2.426983880450495762e-02
1.987162763968900250e-02
1.987162763968900250e-02
1.987162763968900250e-02
1.987162763968900250e-02
1.987162763968900250e-02
1.987162763968900250e-02
1.987162763968900250e-02
1.987162763968900250e-02
1.987162763968900250e-02
1.987162763968900250e-02
1.987162763968900250e-02
1.987162763968900250e-02
1.987162763968900250e-02
1.987162763968900250e-02
1.987162763968900250e-02
1.987162763968900250e-02
1.987162763968900250e-02
0.000000000000000000e+00
9.125712479132656527e-03
9.125712479132656527e-03
9.125712479132656527e-03
9.125712479132656527e-03
9.125712479132656527e-03
9.125712479132656527e-03
2.020058709102038469e-02
0.000000000000000000e+00
0.000000000000000000e+00
1.590924810109579576e-02
3.935391932940970894e-03
3.935391932940970894e-03
3.935391932940970894e-03
3.935391932940970894e-03
3.935391932940970894e-03
3.935391932940970894e-03
3.935391932940970894e-03
3.935391932940970894e-03
2.879156910842025491e-02
5.639699430895614950e-03
5.639699430895614950e-03
5.639699430895614950e-03
5.639699430895614950e-03
5.639699430895614950e-03
5.639699430895614950e-03
5.639699430895614950e-03
5.639699430895614950e-03
5.639699430895614950e-03
5.639699430895614950e-03
5.639699430895614950e-03
5.639699430895614950e-03
5.639699430895614950e-03
5.639699430895614950e-03
5.639699430895614950e-03
5.639699430895614950e-03
6.849347820118979226e-03
6.575513550147803025e-03
6.575513550147803025e-03
6.575513550147803025e-03
6.575513550147803025e-03
6.575513550147803025e-03
6.575513550147803025e-03
6.575513550147803025e-03
6.575513550147803025e-03
6.575513550147803025e-03
6.575513550147803025e-03
6.548609734734722222e-03
2.764843440046385950e-03
2.764843440046385950e-03
0.000000000000000000e+00
7.665907679378577283e-03
7.665907679378577283e-03
7.665907679378577283e-03
7.665907679378577283e-03
7.665907679378577283e-03
7.665907679378577283e-03
2.020058709102038469e-02
2.020058709102038469e-02
2.020058709102038469e-02
2.020058709102038469e-02
2.020058709102038469e-02
2.020058709102038469e-02
2.020058709102038469e-02
2.020058709102038469e-02
2.020058709102038469e-02
2.020058709102038469e-02
2.020058709102038469e-02
2.020058709102038469e-02
2.020058709102038469e-02
2.020058709102038469e-02
2.020058709102038469e-02
2.020058709102038469e-02
2.020058709102038469e-02
2.020058709102038469e-02
2.020058709102038469e-02
2.020058709102038469e-02
2.020058709102038469e-02
2.020058709102038469e-02
2.020058709102038469e-02
2.020058709102038469e-02
2.020058709102038469e-02
2.020058709102038469e-02
1.853879149460559150e-02
1.853879149460559150e-02
1.853879149460559150e-02
1.853879149460559150e-02
1.853879149460559150e-02
1.853879149460559150e-02
1.853879149460559150e-02
1.853879149460559150e-02
1.853879149460559150e-02
1.853879149460559150e-02
1.853879149460559150e-02
1.853879149460559150e-02
1.853879149460559150e-02
1.853879149460559150e-02
1.853879149460559150e-02
1.853879149460559150e-02
1.853879149460559150e-02
1.853879149460559150e-02
1.853879149460559150e-02
1.853879149460559150e-02
1.853879149460559150e-02
1.348466544603782284e-02
1.348466544603782284e-02
1.348466544603782284e-02
1.348466544603782284e-02
1.348466544603782284e-02
1.348466544603782284e-02
1.348466544603782284e-02
1.348466544603782284e-02
3.233232156979613282e-03
1.128845430796998096e-02
1.128845430796998096e-02
1.128845430796998096e-02
1.128845430796998096e-02
1.128845430796998096e-02
1.128845430796998096e-02
1.128845430796998096e-02
1.128845430796998096e-02
1.128845430796998096e-02
1.128845430796998096e-02
1.128845430796998096e-02
1.128845430796998096e-02
3.078226022114906139e-03
4.015038285903257953e-03
4.015038285903257953e-03
4.015038285903257953e-03
4.015038285903257953e-03
1.064084289909948168e-02
1.200514338558075073e-02
1.200514338558075073e-02
1.200514338558075073e-02
1.200514338558075073e-02
1.200514338558075073e-02
1.200514338558075073e-02
1.200514338558075073e-02
1.200514338558075073e-02
2.050692097596465424e-02
3.746321889321019109e-03
3.746321889321019109e-03
3.746321889321019109e-03
3.746321889321019109e-03
3.746321889321019109e-03
3.746321889321019109e-03
3.746321889321019109e-03
3.746321889321019109e-03
3.746321889321019109e-03
3.746321889321019109e-03
6.719290323773645206e-03
7.662498285132290400e-03
7.662498285132290400e-03
7.662498285132290400e-03
7.662498285132290400e-03
7.662498285132290400e-03
7.662498285132290400e-03
7.662498285132290400e-03
7.662498285132290400e-03
7.662498285132290400e-03
7.662498285132290400e-03
3.041186339275105382e-03
6.915188539665758326e-03
6.915188539665758326e-03
6.915188539665758326e-03
6.915188539665758326e-03
6.915188539665758326e-03
6.915188539665758326e-03
6.915188539665758326e-03
1.764408091631619602e-02
1.637334525487086148e-02
1.637334525487086148e-02
1.637334525487086148e-02
1.637334525487086148e-02
1.637334525487086148e-02
1.637334525487086148e-02
1.637334525487086148e-02
1.637334525487086148e-02
1.637334525487086148e-02
1.637334525487086148e-02
0.000000000000000000e+00
0.000000000000000000e+00
0.000000000000000000e+00
7.232083165072938219e-03
9.291498810095406152e-03
9.291498810095406152e-03
9.291498810095406152e-03
9.291498810095406152e-03
9.291498810095406152e-03
9.291498810095406152e-03
9.291498810095406152e-03
9.291498810095406152e-03
9.291498810095406152e-03
9.291498810095406152e-03
9.824759024210118902e-03
2.462149022651964787e-03
2.462149022651964787e-03
2.462149022651964787e-03
2.462149022651964787e-03
2.073774472966556995e-02
2.216861828766750198e-03
2.216861828766750198e-03
2.216861828766750198e-03
2.216861828766750198e-03
2.216861828766750198e-03
2.216861828766750198e-03
2.216861828766750198e-03
2.216861828766750198e-03
2.216861828766750198e-03
2.216861828766750198e-03
2.216861828766750198e-03
2.216861828766750198e-03
1.276149360273644631e-02
2.670424837336001118e-03
1.779406492059510889e-02
1.779406492059510889e-02
1.779406492059510889e-02
1.779406492059510889e-02
1.779406492059510889e-02
2.670424837336001118e-03
2.670424837336001118e-03
2.670424837336001118e-03
2.670424837336001118e-03
2.670424837336001118e-03
1.613207641131776974e-03
1.563813135223339132e-02
1.563813135223339132e-02
1.784598319736947075e-02
2.390484482584197615e-02
2.390484482584197615e-02
2.390484482584197615e-02
2.390484482584197615e-02
4.373391570254784450e-02
8.188344834552335402e-03
8.188344834552335402e-03
8.188344834552335402e-03
8.188344834552335402e-03
8.188344834552335402e-03
8.188344834552335402e-03
8.188344834552335402e-03
8.188344834552335402e-03
8.188344834552335402e-03
8.188344834552335402e-03
8.188344834552335402e-03
8.188344834552335402e-03
8.188344834552335402e-03
8.188344834552335402e-03
0.000000000000000000e+00
9.545346173309366550e-03
9.545346173309366550e-03
4.700526950410679854e-03
4.700526950410679854e-03
4.700526950410679854e-03
4.700526950410679854e-03
4.700526950410679854e-03
4.700526950410679854e-03
4.700526950410679854e-03
4.700526950410679854e-03
4.700526950410679854e-03
4.700526950410679854e-03
4.700526950410679854e-03
4.700526950410679854e-03
4.700526950410679854e-03
4.700526950410679854e-03
4.700526950410679854e-03
0.000000000000000000e+00
0.000000000000000000e+00
0.000000000000000000e+00
0.000000000000000000e+00
0.000000000000000000e+00
0.000000000000000000e+00
0.000000000000000000e+00
6.812496786273557030e-03
1.451547059884954541e-02
1.451547059884954541e-02
1.451547059884954541e-02
1.451547059884954541e-02
1.451547059884954541e-02
1.451547059884954541e-02
4.740782715569865496e-02
4.619387588264885214e-02
4.619387588264885214e-02
4.619387588264885214e-02
4.619387588264885214e-02
4.619387588264885214e-02
4.619387588264885214e-02
4.619387588264885214e-02
4.619387588264885214e-02
0.000000000000000000e+00
8.578460049190885298e-03
8.578460049190885298e-03
8.578460049190885298e-03
8.578460049190885298e-03
8.578460049190885298e-03
8.578460049190885298e-03
8.578460049190885298e-03
8.578460049190885298e-03
8.578460049190885298e-03
8.578460049190885298e-03
8.578460049190885298e-03
8.578460049190885298e-03
8.578460049190885298e-03
8.578460049190885298e-03
1.901733008301057773e-04
1.371619561689937580e-02
1.371619561689937580e-02
2.502739930562156850e-02
2.146383493599024472e-02
2.146383493599024472e-02
2.146383493599024472e-02
2.146383493599024472e-02
2.146383493599024472e-02
2.146383493599024472e-02
2.146383493599024472e-02
2.146383493599024472e-02
2.146383493599024472e-02
2.146383493599024472e-02
2.146383493599024472e-02
2.146383493599024472e-02
2.146383493599024472e-02
2.146383493599024472e-02
2.146383493599024472e-02
2.146383493599024472e-02
5.603342989520723912e-03
2.002119108161123928e-02
2.002119108161123928e-02
2.002119108161123928e-02
2.002119108161123928e-02
2.002119108161123928e-02
2.002119108161123928e-02
2.002119108161123928e-02
2.002119108161123928e-02
1.097690135554973620e-03
1.097690135554973620e-03
1.097690135554973620e-03
1.097690135554973620e-03
1.097690135554973620e-03
1.097690135554973620e-03
1.097690135554973620e-03
1.097690135554973620e-03
1.097690135554973620e-03
1.097690135554973620e-03
1.097690135554973620e-03
1.097690135554973620e-03
1.097690135554973620e-03
3.036003440362644579e-03
1.203352322143422769e-02
1.203352322143422769e-02
1.203352322143422769e-02
1.203352322143422769e-02
1.112892459422339239e-03
2.213417863451324144e-02
2.213417863451324144e-02
2.213417863451324144e-02
2.213417863451324144e-02
2.213417863451324144e-02
2.213417863451324144e-02
2.213417863451324144e-02
2.213417863451324144e-02
1.446159826699331200e-02
2.894888905579315330e-02
2.894888905579315330e-02
2.894888905579315330e-02
2.894888905579315330e-02
9.259605479597339886e-03
9.259605479597339886e-03
9.259605479597339886e-03
9.259605479597339886e-03
9.259605479597339886e-03
9.259605479597339886e-03
9.259605479597339886e-03
9.259605479597339886e-03
9.259605479597339886e-03
9.259605479597339886e-03
9.259605479597339886e-03
9.259605479597339886e-03
9.259605479597339886e-03
1.007482868613259613e-02
1.008611728861079880e-02
1.008611728861079880e-02
1.008611728861079880e-02
1.008611728861079880e-02
1.008611728861079880e-02
1.008611728861079880e-02
1.008611728861079880e-02
1.008611728861079880e-02
7.208436781053158271e-03
7.208436781053158271e-03
7.208436781053158271e-03
7.208436781053158271e-03
7.208436781053158271e-03
7.208436781053158271e-03
7.208436781053158271e-03
7.208436781053158271e-03
7.208436781053158271e-03
7.208436781053158271e-03
7.208436781053158271e-03
7.208436781053158271e-03
7.208436781053158271e-03
1.856300868699334652e-02
0.000000000000000000e+00
1.171398657157414480e-02
7.950520691832865805e-02
1.171398657157414480e-02
1.171398657157414480e-02
1.171398657157414480e-02
0.000000000000000000e+00
1.276149360273644631e-02
1.276149360273644631e-02
1.276149360273644631e-02
1.276149360273644631e-02
4.526039284933469110e-03
4.526039284933469110e-03
4.526039284933469110e-03
4.526039284933469110e-03
4.526039284933469110e-03
4.526039284933469110e-03
4.526039284933469110e-03
4.526039284933469110e-03
4.526039284933469110e-03
4.526039284933469110e-03
8.382831505396514879e-03
1.561049756321122688e-02
1.561049756321122688e-02
1.561049756321122688e-02
1.561049756321122688e-02
1.561049756321122688e-02
1.561049756321122688e-02
1.561049756321122688e-02
1.561049756321122688e-02
1.561049756321122688e-02
1.561049756321122688e-02
1.561049756321122688e-02
1.561049756321122688e-02
1.112701595484393534e-02
2.805176005586870747e-02
2.805176005586870747e-02
2.805176005586870747e-02
2.805176005586870747e-02
5.559130672699744667e-03
1.250006569942934721e-02
5.559130672699744667e-03
5.559130672699744667e-03
5.559130672699744667e-03
5.559130672699744667e-03
5.559130672699744667e-03
5.559130672699744667e-03
5.559130672699744667e-03
5.559130672699744667e-03
5.559130672699744667e-03
5.559130672699744667e-03
5.559130672699744667e-03
1.501031160835221716e-04
7.118650449712154472e-03
7.118650449712154472e-03
7.118650449712154472e-03
7.118650449712154472e-03
3.700390869603455146e-02
1.688392731508940245e-02
1.688392731508940245e-02
1.688392731508940245e-02
1.688392731508940245e-02
1.688392731508940245e-02
1.688392731508940245e-02
1.688392731508940245e-02
1.688392731508940245e-02
3.159160315694917523e-03
2.118804165934393569e-03
2.118804165934393569e-03
2.118804165934393569e-03
2.118804165934393569e-03
3.085534584160255084e-02
1.768135030925817655e-02
1.768135030925817655e-02
2.236832132853965732e-02
1.942925377572849929e-02
1.942925377572849929e-02
1.942925377572849929e-02
1.942925377572849929e-02
8.451354877647566932e-03
8.451354877647566932e-03
8.451354877647566932e-03
8.451354877647566932e-03
8.451354877647566932e-03
8.451354877647566932e-03
8.451354877647566932e-03
8.451354877647566932e-03
8.451354877647566932e-03
8.451354877647566932e-03
8.451354877647566932e-03
8.451354877647566932e-03
8.451354877647566932e-03
8.451354877647566932e-03
8.451354877647566932e-03
6.148460241786541519e-02
8.451354877647566932e-03
8.451354877647566932e-03
8.451354877647566932e-03
0.000000000000000000e+00
0.000000000000000000e+00
0.000000000000000000e+00
0.000000000000000000e+00
0.000000000000000000e+00
0.000000000000000000e+00
2.127052278332453028e-02
1.663535589001342851e-02
1.663535589001342851e-02
1.663535589001342851e-02
1.663535589001342851e-02
1.663535589001342851e-02
4.738088269483224473e-03
3.315991568040418946e-02
3.315991568040418946e-02
3.315991568040418946e-02
3.315991568040418946e-02
6.531266183150928432e-03
1.134887477859961996e-01
1.134887477859961996e-01
1.134887477859961996e-01
1.134887477859961996e-01
1.134887477859961996e-01
1.134887477859961996e-01
1.134887477859961996e-01
1.134887477859961996e-01
1.535764697721454276e-02
1.535764697721454276e-02
1.535764697721454276e-02
1.535764697721454276e-02
1.535764697721454276e-02
1.535764697721454276e-02
1.535764697721454276e-02
1.535764697721454276e-02
1.535764697721454276e-02
5.489056156779980461e-03
1.535764697721454276e-02
1.002586343387625555e-02
1.766194324779221669e-02
1.766194324779221669e-02
1.766194324779221669e-02
1.766194324779221669e-02
1.674110442872052060e-02
1.766194324779221669e-02
2.224911841491465647e-02
1.343552885570655983e-02
1.343552885570655983e-02
1.343552885570655983e-02
1.343552885570655983e-02
1.343552885570655983e-02
1.343552885570655983e-02
1.343552885570655983e-02
1.343552885570655983e-02
0.000000000000000000e+00
1.373619960210089967e-02
1.373619960210089967e-02
1.373619960210089967e-02
1.373619960210089967e-02
1.373619960210089967e-02
1.373619960210089967e-02
1.373619960210089967e-02
1.373619960210089967e-02
7.073315446177027774e-03
1.501630190246734491e-02
1.501630190246734491e-02
1.501630190246734491e-02
1.501630190246734491e-02
1.501630190246734491e-02
1.501630190246734491e-02
0.000000000000000000e+00
0.000000000000000000e+00
0.000000000000000000e+00
1.374934754701443232e-02
1.019088266423905965e-02
1.019088266423905965e-02
1.019088266423905965e-02
1.019088266423905965e-02
1.019088266423905965e-02
1.019088266423905965e-02
1.019088266423905965e-02
1.019088266423905965e-02
1.978411348506245795e-03
3.290392132436546161e-03
3.290392132436546161e-03
1.859199098426598390e-02
1.189123296126754457e-02
1.189123296126754457e-02
1.189123296126754457e-02
1.189123296126754457e-02
1.189123296126754457e-02
1.189123296126754457e-02
3.101890363838758630e-02
3.101890363838758630e-02
3.101890363838758630e-02
3.101890363838758630e-02
3.101890363838758630e-02
3.101890363838758630e-02
3.101890363838758630e-02
3.101890363838758630e-02
3.101890363838758630e-02
3.101890363838758630e-02
3.101890363838758630e-02
1.477610357638544335e-02
9.086115533203180036e-03
9.086115533203180036e-03
9.086115533203180036e-03
9.086115533203180036e-03
1.053204916401034343e-03
1.053204916401034343e-03
1.053204916401034343e-03
1.053204916401034343e-03
1.053204916401034343e-03
1.053204916401034343e-03
1.053204916401034343e-03
1.053204916401034343e-03
1.053204916401034343e-03
1.053204916401034343e-03
1.053204916401034343e-03
1.053204916401034343e-03
1.053204916401034343e-03
1.053204916401034343e-03
1.053204916401034343e-03
1.053204916401034343e-03
1.053204916401034343e-03
1.053204916401034343e-03
1.053204916401034343e-03
0.000000000000000000e+00
1.276658135339342644e-02
1.276658135339342644e-02
1.276658135339342644e-02
1.276658135339342644e-02
1.373312967375486153e-03
1.373312967375486153e-03
1.373312967375486153e-03
1.373312967375486153e-03
1.373312967375486153e-03
1.373312967375486153e-03
1.373312967375486153e-03
1.373312967375486153e-03
1.373312967375486153e-03
1.373312967375486153e-03
1.373312967375486153e-03
1.373312967375486153e-03
1.373312967375486153e-03
1.373312967375486153e-03
1.373312967375486153e-03
0.000000000000000000e+00
4.029758810852467239e-03
4.029758810852467239e-03
4.029758810852467239e-03
4.029758810852467239e-03
1.567438521628978024e-02
2.141711746757446466e-02
2.141711746757446466e-02
2.141711746757446466e-02
2.141711746757446466e-02
1.045532708052903520e-02
1.045532708052903520e-02
1.045532708052903520e-02
1.045532708052903520e-02
1.045532708052903520e-02
1.045532708052903520e-02
1.045532708052903520e-02
1.045532708052903520e-02
1.045532708052903520e-02
1.045532708052903520e-02
1.045532708052903520e-02
1.045532708052903520e-02
1.045532708052903520e-02
1.925173114010148836e-03
1.925173114010148836e-03
1.925173114010148836e-03
1.925173114010148836e-03
1.925173114010148836e-03
1.925173114010148836e-03
3.158827562874908651e-02
5.020825653078509615e-02
5.020825653078509615e-02
5.020825653078509615e-02
5.020825653078509615e-02
7.073315446177027774e-03
7.073315446177027774e-03
7.073315446177027774e-03
7.073315446177027774e-03
7.073315446177027774e-03
7.073315446177027774e-03
7.073315446177027774e-03
7.073315446177027774e-03
7.073315446177027774e-03
7.073315446177027774e-03
1.606776809476443205e-02
7.482093472933664877e-03
7.482093472933664877e-03
7.482093472933664877e-03
7.482093472933664877e-03
0.000000000000000000e+00
0.000000000000000000e+00
0.000000000000000000e+00
0.000000000000000000e+00
0.000000000000000000e+00
0.000000000000000000e+00
0.000000000000000000e+00
0.000000000000000000e+00
0.000000000000000000e+00
1.809963508464803444e-02
2.185995126386293050e-02
2.185995126386293050e-02
2.185995126386293050e-02
2.185995126386293050e-02
2.185995126386293050e-02
2.185995126386293050e-02
2.185995126386293050e-02
2.185995126386293050e-02
2.185995126386293050e-02
2.185995126386293050e-02
2.185995126386293050e-02
2.185995126386293050e-02
2.185995126386293050e-02
2.185995126386293050e-02
2.185995126386293050e-02
2.185995126386293050e-02
2.185995126386293050e-02
2.185995126386293050e-02
2.185995126386293050e-02
2.185995126386293050e-02
2.185995126386293050e-02
2.185995126386293050e-02
2.185995126386293050e-02
2.185995126386293050e-02
2.185995126386293050e-02
2.185995126386293050e-02
2.185995126386293050e-02
2.185995126386293050e-02
2.185995126386293050e-02
2.185995126386293050e-02
2.185995126386293050e-02
2.185995126386293050e-02
2.185995126386293050e-02
2.185995126386293050e-02
2.185995126386293050e-02
2.185995126386293050e-02
2.185995126386293050e-02
2.185995126386293050e-02
2.185995126386293050e-02
2.185995126386293050e-02
1.331666210131246617e-03
1.331666210131246617e-03
1.331666210131246617e-03
1.331666210131246617e-03
1.331666210131246617e-03
1.331666210131246617e-03
1.331666210131246617e-03
1.331666210131246617e-03
1.331666210131246617e-03
1.331666210131246617e-03
1.331666210131246617e-03
0.000000000000000000e+00
5.575865953196670194e-03
5.575865953196670194e-03
5.575865953196670194e-03
5.575865953196670194e-03
5.575865953196670194e-03
5.575865953196670194e-03
5.575865953196670194e-03
5.575865953196670194e-03
7.973434432426700080e-03
2.474522836651144465e-03
2.474522836651144465e-03
2.474522836651144465e-03
2.474522836651144465e-03
2.474522836651144465e-03
2.474522836651144465e-03
2.474522836651144465e-03
2.474522836651144465e-03
1.339209434829467978e-02
1.027002206052460113e-02
1.027002206052460113e-02
1.027002206052460113e-02
1.027002206052460113e-02
1.027002206052460113e-02
1.027002206052460113e-02
1.027002206052460113e-02
1.027002206052460113e-02
0.000000000000000000e+00
3.591478644089298768e-03
3.591478644089298768e-03
3.591478644089298768e-03
3.591478644089298768e-03
3.591478644089298768e-03
3.591478644089298768e-03
1.446159826699331200e-02
5.565511420817006658e-03
5.565511420817006658e-03
5.565511420817006658e-03
5.565511420817006658e-03
5.565511420817006658e-03
5.565511420817006658e-03
5.565511420817006658e-03
5.565511420817006658e-03
2.947513932691032609e-02
1.366894714289143900e-02
1.366894714289143900e-02
1.366894714289143900e-02
1.366894714289143900e-02
1.366894714289143900e-02
1.366894714289143900e-02
1.366894714289143900e-02
1.366894714289143900e-02
3.805485290023481303e-03
9.657232346922990304e-03
9.657232346922990304e-03
9.657232346922990304e-03
9.657232346922990304e-03
9.657232346922990304e-03
9.657232346922990304e-03
9.657232346922990304e-03
9.657232346922990304e-03
9.657232346922990304e-03
9.657232346922990304e-03
3.234315892521971714e-02
2.010673780945341962e-03
2.010673780945341962e-03
2.010673780945341962e-03
2.010673780945341962e-03
2.010673780945341962e-03
2.010673780945341962e-03
2.010673780945341962e-03
2.010673780945341962e-03
2.010673780945341962e-03
2.010673780945341962e-03
0.000000000000000000e+00
2.489283313207051387e-02
2.489283313207051387e-02
2.489283313207051387e-02
2.489283313207051387e-02
2.489283313207051387e-02
2.489283313207051387e-02
5.694561432261107010e-03
2.169935933491877120e-03
2.169935933491877120e-03
6.916532210563246068e-03
4.627940995832636496e-03
4.627940995832636496e-03
4.627940995832636496e-03
4.627940995832636496e-03
4.627940995832636496e-03
4.627940995832636496e-03
4.627940995832636496e-03
4.627940995832636496e-03
1.537979966630596612e-03
1.537979966630596612e-03
1.537979966630596612e-03
1.537979966630596612e-03
1.537979966630596612e-03
1.537979966630596612e-03
1.537979966630596612e-03
1.537979966630596612e-03
1.537979966630596612e-03
1.537979966630596612e-03
1.537979966630596612e-03
2.173499245911353350e-02
2.952647674600952440e-03
2.952647674600952440e-03
2.952647674600952440e-03
2.952647674600952440e-03
2.952647674600952440e-03
2.952647674600952440e-03
2.952647674600952440e-03
2.952647674600952440e-03
2.952647674600952440e-03
2.952647674600952440e-03
1.938605254226013000e-02
6.115073454083025904e-03
6.115073454083025904e-03
6.115073454083025904e-03
6.115073454083025904e-03
6.115073454083025904e-03
6.115073454083025904e-03
6.115073454083025904e-03
6.115073454083025904e-03
6.115073454083025904e-03
6.115073454083025904e-03
6.115073454083025904e-03
6.115073454083025904e-03
6.115073454083025904e-03
6.115073454083025904e-03
6.115073454083025904e-03
6.115073454083025904e-03
6.115073454083025904e-03
6.115073454083025904e-03
6.115073454083025904e-03
6.115073454083025904e-03
6.115073454083025904e-03
6.115073454083025904e-03
6.115073454083025904e-03
6.115073454083025904e-03
1.527301875943924345e-02
2.240790887782136490e-02
2.240790887782136490e-02
1.789334887226276191e-02
7.018189168760550004e-03
7.018189168760550004e-03
7.018189168760550004e-03
7.018189168760550004e-03
7.018189168760550004e-03
7.018189168760550004e-03
7.018189168760550004e-03
7.018189168760550004e-03
7.674310631136628362e-03
7.474658224456037434e-03
7.474658224456037434e-03
7.474658224456037434e-03
7.474658224456037434e-03
7.474658224456037434e-03
7.474658224456037434e-03
7.474658224456037434e-03
7.474658224456037434e-03
8.899506604073404966e-05
4.662986593402002923e-03
4.662986593402002923e-03
4.662986593402002923e-03
4.662986593402002923e-03
4.662986593402002923e-03
4.662986593402002923e-03
4.662986593402002923e-03
4.662986593402002923e-03
4.662986593402002923e-03
4.662986593402002923e-03
4.662986593402002923e-03
4.662986593402002923e-03
0.000000000000000000e+00
4.493042540154944253e-03
4.493042540154944253e-03
4.493042540154944253e-03
4.493042540154944253e-03
4.493042540154944253e-03
4.493042540154944253e-03
0.000000000000000000e+00
7.060652465723785132e-02
0.000000000000000000e+00
0.000000000000000000e+00
7.060652465723785132e-02
7.060652465723785132e-02
7.060652465723785132e-02
4.238079162160163400e-03
9.945161952738478493e-04
9.945161952738478493e-04
9.945161952738478493e-04
9.945161952738478493e-04
9.945161952738478493e-04
9.945161952738478493e-04
9.945161952738478493e-04
9.945161952738478493e-04
9.945161952738478493e-04
9.945161952738478493e-04
9.945161952738478493e-04
9.945161952738478493e-04
9.945161952738478493e-04
9.945161952738478493e-04
9.945161952738478493e-04
9.945161952738478493e-04
9.945161952738478493e-04
9.945161952738478493e-04
3.875844834124256982e-02
4.042639480032829413e-02
4.042639480032829413e-02
4.042639480032829413e-02
4.042639480032829413e-02
1.241098099572754583e-02
2.096869063478872322e-02
2.096869063478872322e-02
2.096869063478872322e-02
7.494923184109558018e-03
1.266885565541834603e-02
1.266885565541834603e-02
1.266885565541834603e-02
1.266885565541834603e-02
1.266885565541834603e-02
1.266885565541834603e-02
1.266885565541834603e-02
1.266885565541834603e-02
4.968506082261636876e-03
1.361781216235693689e-02
1.361781216235693689e-02
1.361781216235693689e-02
1.361781216235693689e-02
2.129420857210428866e-03
0.000000000000000000e+00
0.000000000000000000e+00
0.000000000000000000e+00
0.000000000000000000e+00
0.000000000000000000e+00
0.000000000000000000e+00
0.000000000000000000e+00
0.000000000000000000e+00
1.063484638849759682e-02
1.090657522806991707e-02
1.090657522806991707e-02
1.090657522806991707e-02
1.090657522806991707e-02
2.947513932691032609e-02
2.947513932691032609e-02
9.784640553968214013e-03
1.542691099066659070e-02
1.542691099066659070e-02
4.247954703449291838e-03
1.769145257677786406e-03
1.769145257677786406e-03
1.769145257677786406e-03
1.769145257677786406e-03
1.769145257677786406e-03
1.769145257677786406e-03
1.769145257677786406e-03
1.769145257677786406e-03
1.769145257677786406e-03
1.769145257677786406e-03
1.769145257677786406e-03
1.769145257677786406e-03
1.769145257677786406e-03
1.769145257677786406e-03
1.769145257677786406e-03
1.769145257677786406e-03
1.016731360645382540e-02
1.538320327980396236e-03
1.538320327980396236e-03
1.538320327980396236e-03
3.427317112906073937e-02
4.150361890588592784e-02
4.150361890588592784e-02
1.948792509838341569e-02
9.508094657471108727e-03
9.508094657471108727e-03
9.508094657471108727e-03
9.508094657471108727e-03
3.086533959981573386e-02
1.021861198045026162e-02
1.021861198045026162e-02
1.021861198045026162e-02
1.021861198045026162e-02
1.021861198045026162e-02
1.021861198045026162e-02
1.021861198045026162e-02
1.021861198045026162e-02
1.021861198045026162e-02
1.021861198045026162e-02
1.021861198045026162e-02
1.021861198045026162e-02
1.021861198045026162e-02
1.021861198045026162e-02
1.021861198045026162e-02
1.021861198045026162e-02
1.021861198045026162e-02
1.021861198045026162e-02
1.021861198045026162e-02
1.021861198045026162e-02
1.021861198045026162e-02
1.021861198045026162e-02
8.965845414895159959e-03
0.000000000000000000e+00
0.000000000000000000e+00
2.514261619104927667e-02
2.514261619104927667e-02
2.514261619104927667e-02
2.514261619104927667e-02
2.514261619104927667e-02
2.514261619104927667e-02
2.514261619104927667e-02
2.514261619104927667e-02
2.514261619104927667e-02
2.514261619104927667e-02
2.514261619104927667e-02
0.000000000000000000e+00
2.878200993115594998e-03
2.878200993115594998e-03
2.878200993115594998e-03
2.878200993115594998e-03
2.878200993115594998e-03
2.878200993115594998e-03
2.878200993115594998e-03
2.878200993115594998e-03
2.878200993115594998e-03
2.878200993115594998e-03
2.878200993115594998e-03
2.878200993115594998e-03
5.148286693358172794e-02
1.824293578760284237e-02
1.824293578760284237e-02
1.824293578760284237e-02
1.824293578760284237e-02
1.824293578760284237e-02
1.824293578760284237e-02
1.824293578760284237e-02
1.824293578760284237e-02
0.000000000000000000e+00
0.000000000000000000e+00
1.991568374528477139e-02
9.497501932110444592e-03
9.497501932110444592e-03
9.497501932110444592e-03
9.497501932110444592e-03
9.497501932110444592e-03
9.497501932110444592e-03
1.667252517229884934e-02
4.984435635177151928e-03
4.984435635177151928e-03
4.984435635177151928e-03
4.984435635177151928e-03
4.984435635177151928e-03
4.984435635177151928e-03
4.984435635177151928e-03
4.984435635177151928e-03
5.182661135814369165e-03
1.190795341354710518e-02
1.190795341354710518e-02
1.190795341354710518e-02
1.190795341354710518e-02
1.190795341354710518e-02
1.190795341354710518e-02
1.771291245093241373e-02
4.191773604459703845e-03
4.191773604459703845e-03
4.191773604459703845e-03
4.191773604459703845e-03
4.191773604459703845e-03
4.191773604459703845e-03
4.191773604459703845e-03
4.191773604459703845e-03
4.191773604459703845e-03
4.191773604459703845e-03
4.191773604459703845e-03
4.191773604459703845e-03
4.191773604459703845e-03
4.191773604459703845e-03
4.191773604459703845e-03
4.191773604459703845e-03
4.191773604459703845e-03
4.191773604459703845e-03
2.412755127100772983e-03
8.190680034913088575e-03
8.190680034913088575e-03
8.190680034913088575e-03
8.190680034913088575e-03
8.190680034913088575e-03
8.190680034913088575e-03
8.190680034913088575e-03
8.190680034913088575e-03
1.519192591730973707e-02
6.623400575618125855e-03
6.623400575618125855e-03
8.970542184862250260e-03
8.970542184862250260e-03
8.970542184862250260e-03
8.970542184862250260e-03
8.970542184862250260e-03
8.970542184862250260e-03
8.970542184862250260e-03
8.970542184862250260e-03
8.970542184862250260e-03
8.970542184862250260e-03
8.970542184862250260e-03
2.422071131022108040e-02
1.104817313019869005e-02
1.104817313019869005e-02
1.104817313019869005e-02
1.104817313019869005e-02
2.271482152297753937e-02
3.765300990014402559e-03
3.765300990014402559e-03
0.000000000000000000e+00
0.000000000000000000e+00
0.000000000000000000e+00
0.000000000000000000e+00
0.000000000000000000e+00
0.000000000000000000e+00
8.965845414895159959e-03
1.110980174280409676e-02
1.110980174280409676e-02
1.110980174280409676e-02
1.110980174280409676e-02
1.110980174280409676e-02
1.110980174280409676e-02
6.179844504463426853e-04
6.179844504463426853e-04
6.179844504463426853e-04
6.179844504463426853e-04
6.179844504463426853e-04
6.179844504463426853e-04
6.179844504463426853e-04
6.179844504463426853e-04
6.179844504463426853e-04
6.179844504463426853e-04
6.179844504463426853e-04
6.179844504463426853e-04
6.179844504463426853e-04
6.341371708176122071e-03
1.477584566956846070e-02
1.477584566956846070e-02
1.477584566956846070e-02
1.477584566956846070e-02
1.477584566956846070e-02
1.477584566956846070e-02
1.477584566956846070e-02
1.477584566956846070e-02
9.955541101739299320e-03
1.460670685742708301e-02
9.955541101739299320e-03
9.955541101739299320e-03
9.955541101739299320e-03
1.460670685742708301e-02
1.460670685742708301e-02
1.460670685742708301e-02
1.460670685742708301e-02
1.460670685742708301e-02
1.460670685742708301e-02
1.460670685742708301e-02
1.344374373554237459e-02
2.244378049277567788e-02
2.244378049277567788e-02
2.244378049277567788e-02
2.244378049277567788e-02
3.432723851633227418e-03
3.895718311441829628e-03
3.895718311441829628e-03
3.895718311441829628e-03
3.895718311441829628e-03
3.895718311441829628e-03
3.895718311441829628e-03
3.895718311441829628e-03
3.895718311441829628e-03
1.289870780075894063e-02
4.215834097749323467e-02
4.215834097749323467e-02
1.189380376729750124e-02
1.327228236296002124e-02
1.327228236296002124e-02
7.049880577062288267e-03
7.049880577062288267e-03
7.049880577062288267e-03
7.049880577062288267e-03
7.049880577062288267e-03
7.049880577062288267e-03
7.049880577062288267e-03
7.049880577062288267e-03
9.713073852081057641e-03
9.713073852081057641e-03
1.241098099572754583e-02
1.241098099572754583e-02
0.000000000000000000e+00
1.067651233292268853e-02
1.067651233292268853e-02
1.067651233292268853e-02
1.067651233292268853e-02
1.067651233292268853e-02
1.067651233292268853e-02
1.067651233292268853e-02
1.067651233292268853e-02
1.067651233292268853e-02
1.067651233292268853e-02
1.067651233292268853e-02
1.067651233292268853e-02
0.000000000000000000e+00
8.784747561585768208e-03
8.784747561585768208e-03
8.784747561585768208e-03
8.784747561585768208e-03
8.784747561585768208e-03
8.784747561585768208e-03
8.784747561585768208e-03
8.784747561585768208e-03
8.784747561585768208e-03
8.784747561585768208e-03
8.312815775817399347e-04
2.159435154718937488e-02
2.159435154718937488e-02
2.159435154718937488e-02
2.159435154718937488e-02
2.159435154718937488e-02
2.159435154718937488e-02
2.477532940297095393e-02
2.477532940297095393e-02
2.477532940297095393e-02
2.477532940297095393e-02
2.477532940297095393e-02
2.477532940297095393e-02
2.477532940297095393e-02
2.477532940297095393e-02
2.477532940297095393e-02
2.477532940297095393e-02
2.477532940297095393e-02
2.477532940297095393e-02
2.477532940297095393e-02
2.477532940297095393e-02
2.477532940297095393e-02
2.477532940297095393e-02
2.477532940297095393e-02
2.477532940297095393e-02
2.477532940297095393e-02
5.694561432261107010e-03
5.694561432261107010e-03
5.694561432261107010e-03
5.694561432261107010e-03
5.694561432261107010e-03
5.694561432261107010e-03
5.694561432261107010e-03
5.694561432261107010e-03
5.694561432261107010e-03
5.694561432261107010e-03
5.694561432261107010e-03
5.694561432261107010e-03
5.713227033696331725e-03
5.713227033696331725e-03
5.713227033696331725e-03
5.713227033696331725e-03
5.713227033696331725e-03
5.713227033696331725e-03
5.713227033696331725e-03
5.713227033696331725e-03
5.713227033696331725e-03
5.713227033696331725e-03
5.713227033696331725e-03
0.000000000000000000e+00
8.237697822481251930e-03
8.237697822481251930e-03
8.237697822481251930e-03
8.237697822481251930e-03
8.237697822481251930e-03
8.237697822481251930e-03
1.077479911613851704e-02
4.920713715476691952e-03
4.920713715476691952e-03
2.605853036852816274e-02
3.141401046396111868e-02
3.141401046396111868e-02
6.087940180293288130e-03
0.000000000000000000e+00
0.000000000000000000e+00
0.000000000000000000e+00
0.000000000000000000e+00
0.000000000000000000e+00
0.000000000000000000e+00
4.454580985330181681e-03
4.698977703136222872e-02
4.698977703136222872e-02
4.698977703136222872e-02
4.698977703136222872e-02
1.210660465280369302e-02
0.000000000000000000e+00
0.000000000000000000e+00
2.225423224663274774e-03
0.000000000000000000e+00
0.000000000000000000e+00
1.488088629920268635e-02
1.488088629920268635e-02
1.488088629920268635e-02
1.488088629920268635e-02
2.012699352945355319e-02
6.007024690828339543e-03
6.007024690828339543e-03
5.810316890265116233e-03
5.810316890265116233e-03
5.810316890265116233e-03
5.810316890265116233e-03
5.810316890265116233e-03
5.810316890265116233e-03
5.810316890265116233e-03
5.810316890265116233e-03
5.810316890265116233e-03
5.810316890265116233e-03
5.810316890265116233e-03
5.635753142680624550e-03
4.763172206905274034e-04
4.763172206905274034e-04
8.789144650825373231e-03
8.668357357636418542e-03
8.668357357636418542e-03
8.668357357636418542e-03
8.668357357636418542e-03
8.668357357636418542e-03
8.668357357636418542e-03
8.474567520659719022e-03
8.474567520659719022e-03
8.474567520659719022e-03
8.474567520659719022e-03
8.474567520659719022e-03
8.474567520659719022e-03
8.474567520659719022e-03
8.474567520659719022e-03
8.474567520659719022e-03
8.474567520659719022e-03
8.474567520659719022e-03
8.474567520659719022e-03
8.474567520659719022e-03
8.474567520659719022e-03
8.474567520659719022e-03
8.474567520659719022e-03
8.474567520659719022e-03
8.864918645073469744e-03
8.864918645073469744e-03
8.864918645073469744e-03
8.864918645073469744e-03
8.864918645073469744e-03
8.864918645073469744e-03
8.864918645073469744e-03
8.864918645073469744e-03
8.864918645073469744e-03
8.864918645073469744e-03
8.864918645073469744e-03
8.864918645073469744e-03
8.864918645073469744e-03
8.864918645073469744e-03
8.864918645073469744e-03
8.864918645073469744e-03
8.864918645073469744e-03
1.674110442872052060e-02
1.077479911613851704e-02
1.077479911613851704e-02
1.077479911613851704e-02
1.077479911613851704e-02
1.077479911613851704e-02
1.077479911613851704e-02
1.077479911613851704e-02
1.077479911613851704e-02
1.077479911613851704e-02
1.077479911613851704e-02
1.077479911613851704e-02
1.077479911613851704e-02
1.077479911613851704e-02
1.077479911613851704e-02
1.077479911613851704e-02
1.077479911613851704e-02
1.681934386391422819e-04
1.681934386391422819e-04
1.681934386391422819e-04
1.681934386391422819e-04
1.681934386391422819e-04
1.681934386391422819e-04
1.681934386391422819e-04
1.681934386391422819e-04
1.681934386391422819e-04
1.681934386391422819e-04
1.681934386391422819e-04
1.681934386391422819e-04
1.681934386391422819e-04
7.681986452846819094e-03
4.842477166693255966e-03
7.387865834355829622e-03
7.387865834355829622e-03
7.387865834355829622e-03
4.842477166693255966e-03
1.431400186340460283e-02
1.108119564292443793e-02
1.108119564292443793e-02
1.108119564292443793e-02
1.108119564292443793e-02
1.108119564292443793e-02
1.108119564292443793e-02
3.069878728548266489e-01
0.000000000000000000e+00
0.000000000000000000e+00
0.000000000000000000e+00
0.000000000000000000e+00
0.000000000000000000e+00
0.000000000000000000e+00
1.807621732125783490e-02
1.807621732125783490e-02
1.807621732125783490e-02
1.807621732125783490e-02
1.807621732125783490e-02
1.807621732125783490e-02
1.807621732125783490e-02
1.807621732125783490e-02
1.807621732125783490e-02
1.807621732125783490e-02
1.807621732125783490e-02
1.807621732125783490e-02
1.807621732125783490e-02
1.807621732125783490e-02
1.807621732125783490e-02
1.807621732125783490e-02
1.807621732125783490e-02
1.807621732125783490e-02
1.807621732125783490e-02
1.807621732125783490e-02
1.807621732125783490e-02
1.807621732125783490e-02
1.807621732125783490e-02
1.807621732125783490e-02
1.807621732125783490e-02
2.548529445889268635e-02
1.519192591730973707e-02
1.289870780075894063e-02
3.366352435237601748e-02
3.366352435237601748e-02
3.366352435237601748e-02
3.366352435237601748e-02
1.439594883531539887e-02
7.920166403120104323e-03
7.920166403120104323e-03
7.920166403120104323e-03
7.920166403120104323e-03
7.920166403120104323e-03
7.920166403120104323e-03
7.920166403120104323e-03
7.920166403120104323e-03
7.920166403120104323e-03
7.920166403120104323e-03
7.920166403120104323e-03
7.920166403120104323e-03
7.635715479094962004e-04
6.946699342023785785e-03
6.946699342023785785e-03
6.946699342023785785e-03
6.946699342023785785e-03
0.000000000000000000e+00
0.000000000000000000e+00
0.000000000000000000e+00
0.000000000000000000e+00
0.000000000000000000e+00
1.636581156640816090e-02
1.183884403498972407e-02
1.183884403498972407e-02
1.183884403498972407e-02
1.183884403498972407e-02
1.183884403498972407e-02
1.183884403498972407e-02
1.183884403498972407e-02
1.183884403498972407e-02
1.183884403498972407e-02
0.000000000000000000e+00
0.000000000000000000e+00
0.000000000000000000e+00
0.000000000000000000e+00
0.000000000000000000e+00
0.000000000000000000e+00
0.000000000000000000e+00
0.000000000000000000e+00
0.000000000000000000e+00
0.000000000000000000e+00
0.000000000000000000e+00
0.000000000000000000e+00
0.000000000000000000e+00
1.277875743663577091e-02
2.168010574231529070e-02
2.168010574231529070e-02
2.168010574231529070e-02
2.168010574231529070e-02
2.168010574231529070e-02
2.168010574231529070e-02
2.168010574231529070e-02
2.168010574231529070e-02
2.168010574231529070e-02
2.168010574231529070e-02
2.774161900878896903e-03
1.634255462666944769e-02
1.634255462666944769e-02
1.634255462666944769e-02
1.634255462666944769e-02
5.199078699895609557e-03
5.199078699895609557e-03
5.199078699895609557e-03
5.199078699895609557e-03
5.199078699895609557e-03
5.199078699895609557e-03
5.199078699895609557e-03
5.199078699895609557e-03
5.199078699895609557e-03
5.199078699895609557e-03
5.199078699895609557e-03
5.199078699895609557e-03
5.199078699895609557e-03
5.199078699895609557e-03
5.199078699895609557e-03
5.199078699895609557e-03
5.199078699895609557e-03
5.199078699895609557e-03
5.199078699895609557e-03
0.000000000000000000e+00
0.000000000000000000e+00
0.000000000000000000e+00
0.000000000000000000e+00
0.000000000000000000e+00
0.000000000000000000e+00
0.000000000000000000e+00
1.191939384999772446e-03
2.004650198127009425e-02
2.004650198127009425e-02
2.004650198127009425e-02
2.004650198127009425e-02
2.004650198127009425e-02
2.004650198127009425e-02
4.128178723066339845e-02
3.601083256984180525e-02
3.601083256984180525e-02
3.601083256984180525e-02
3.601083256984180525e-02
3.156970651687415752e-02
7.335792447192935294e-03
7.335792447192935294e-03
7.335792447192935294e-03
7.335792447192935294e-03
7.335792447192935294e-03
7.335792447192935294e-03
7.335792447192935294e-03
7.335792447192935294e-03
7.335792447192935294e-03
7.335792447192935294e-03
7.335792447192935294e-03
7.335792447192935294e-03
7.335792447192935294e-03
7.335792447192935294e-03
1.301518650191933572e-02
1.301518650191933572e-02
1.301518650191933572e-02
1.301518650191933572e-02
1.301518650191933572e-02
1.301518650191933572e-02
1.301518650191933572e-02
1.301518650191933572e-02
1.301518650191933572e-02
1.301518650191933572e-02
1.301518650191933572e-02
1.301518650191933572e-02
1.301518650191933572e-02
5.537850673010611194e-03
5.537850673010611194e-03
5.537850673010611194e-03
5.537850673010611194e-03
5.537850673010611194e-03
5.537850673010611194e-03
5.537850673010611194e-03
5.537850673010611194e-03
5.537850673010611194e-03
5.537850673010611194e-03
5.537850673010611194e-03
1.599065453667353892e-03
3.432723851633227418e-03
1.746928146723767880e-02
5.330672914439617618e-03
5.330672914439617618e-03
5.330672914439617618e-03
5.330672914439617618e-03
5.330672914439617618e-03
5.330672914439617618e-03
1.519411052023905175e-02
1.519411052023905175e-02
1.519411052023905175e-02
1.519411052023905175e-02
1.519411052023905175e-02
1.519411052023905175e-02
1.519411052023905175e-02
1.519411052023905175e-02
1.519411052023905175e-02
1.519411052023905175e-02
1.519411052023905175e-02
1.519411052023905175e-02
1.519411052023905175e-02
1.519411052023905175e-02
1.519411052023905175e-02
0.000000000000000000e+00
4.454580985330181681e-03
4.454580985330181681e-03
4.454580985330181681e-03
4.454580985330181681e-03
4.454580985330181681e-03
1.392463616656980027e-02
1.426550339834829761e-02
1.392463616656980027e-02
1.392463616656980027e-02
1.392463616656980027e-02
1.392463616656980027e-02
1.392463616656980027e-02
1.392463616656980027e-02
1.392463616656980027e-02
1.392463616656980027e-02
1.392463616656980027e-02
1.392463616656980027e-02
1.392463616656980027e-02
1.392463616656980027e-02
1.392463616656980027e-02
1.392463616656980027e-02
1.392463616656980027e-02
1.426550339834829761e-02
1.534333206077803831e-02
1.251813901950918307e-03
1.251813901950918307e-03
1.251813901950918307e-03
1.251813901950918307e-03
1.251813901950918307e-03
1.251813901950918307e-03
1.251813901950918307e-03
1.251813901950918307e-03
2.741680279662243869e-02
4.453671343239956615e-02
4.453671343239956615e-02
4.453671343239956615e-02
4.453671343239956615e-02
4.453671343239956615e-02
4.453671343239956615e-02
4.453671343239956615e-02
4.453671343239956615e-02
8.294385951613851777e-04
1.067097879132973895e-02
1.067097879132973895e-02
1.399720161153616450e-02
1.399720161153616450e-02
1.399720161153616450e-02
1.399720161153616450e-02
1.399720161153616450e-02
1.399720161153616450e-02
1.399720161153616450e-02
1.399720161153616450e-02
1.399720161153616450e-02
1.399720161153616450e-02
1.399720161153616450e-02
6.395952533665107652e-03
1.345796563966591627e-02
1.345796563966591627e-02
1.345796563966591627e-02
1.345796563966591627e-02
1.345796563966591627e-02
1.345796563966591627e-02
1.345796563966591627e-02
1.345796563966591627e-02
2.346354239274164172e-02
4.402610129611294297e-03
4.402610129611294297e-03
4.402610129611294297e-03
4.402610129611294297e-03
1.746928146723767880e-02
7.153091384178789786e-03
7.153091384178789786e-03
7.153091384178789786e-03
7.153091384178789786e-03
1.464451203468191548e-02
1.298748714055686197e-02
1.298748714055686197e-02
1.298748714055686197e-02
1.298748714055686197e-02
3.901384781790400574e-03
4.416031515548916007e-03
4.416031515548916007e-03
4.416031515548916007e-03
4.416031515548916007e-03
4.416031515548916007e-03
4.416031515548916007e-03
4.416031515548916007e-03
4.416031515548916007e-03
4.416031515548916007e-03
4.416031515548916007e-03
4.416031515548916007e-03
4.416031515548916007e-03
4.416031515548916007e-03
4.416031515548916007e-03
4.416031515548916007e-03
4.416031515548916007e-03
4.416031515548916007e-03
4.416031515548916007e-03
2.987267364779346533e-03
4.572538875128338842e-03
4.572538875128338842e-03
4.572538875128338842e-03
4.572538875128338842e-03
4.572538875128338842e-03
4.572538875128338842e-03
4.572538875128338842e-03
4.572538875128338842e-03
5.159353139815494455e-03
5.159353139815494455e-03
5.159353139815494455e-03
5.159353139815494455e-03
5.159353139815494455e-03
5.159353139815494455e-03
5.159353139815494455e-03
5.159353139815494455e-03
5.159353139815494455e-03
5.159353139815494455e-03
5.159353139815494455e-03
2.500732830636800963e-02
6.813309491948409558e-04
6.813309491948409558e-04
6.813309491948409558e-04
6.813309491948409558e-04
1.101191107478819396e-02
6.809111298678401092e-03
6.809111298678401092e-03
6.809111298678401092e-03
6.809111298678401092e-03
6.809111298678401092e-03
6.809111298678401092e-03
6.809111298678401092e-03
6.809111298678401092e-03
1.613207641131776974e-03
1.613207641131776974e-03
1.613207641131776974e-03
1.613207641131776974e-03
1.613207641131776974e-03
1.613207641131776974e-03
1.613207641131776974e-03
1.613207641131776974e-03
1.613207641131776974e-03
1.613207641131776974e-03
1.613207641131776974e-03
1.613207641131776974e-03
1.613207641131776974e-03
1.613207641131776974e-03
3.326908131123644443e-03
3.326908131123644443e-03
3.326908131123644443e-03
3.326908131123644443e-03
3.326908131123644443e-03
3.326908131123644443e-03
3.326908131123644443e-03
3.326908131123644443e-03
3.326908131123644443e-03
3.326908131123644443e-03
3.326908131123644443e-03
8.881565512903942528e-03
1.138994156208523317e-02
1.138994156208523317e-02
1.138994156208523317e-02
1.138994156208523317e-02
1.138994156208523317e-02
1.138994156208523317e-02
1.138994156208523317e-02
1.138994156208523317e-02
1.138994156208523317e-02
1.138994156208523317e-02
1.044082301739118496e-03
1.044082301739118496e-03
1.044082301739118496e-03
1.044082301739118496e-03
1.044082301739118496e-03
1.044082301739118496e-03
1.044082301739118496e-03
1.044082301739118496e-03
1.044082301739118496e-03
1.044082301739118496e-03
1.044082301739118496e-03
0.000000000000000000e+00
0.000000000000000000e+00
0.000000000000000000e+00
0.000000000000000000e+00
0.000000000000000000e+00
0.000000000000000000e+00
0.000000000000000000e+00
6.391416525959942724e-03
6.391416525959942724e-03
6.391416525959942724e-03
6.391416525959942724e-03
6.391416525959942724e-03
6.391416525959942724e-03
6.391416525959942724e-03
6.391416525959942724e-03
6.391416525959942724e-03
6.391416525959942724e-03
6.391416525959942724e-03
6.391416525959942724e-03
6.391416525959942724e-03
6.391416525959942724e-03
6.391416525959942724e-03
6.391416525959942724e-03
6.391416525959942724e-03
6.391416525959942724e-03
6.391416525959942724e-03
6.391416525959942724e-03
6.391416525959942724e-03
6.391416525959942724e-03
6.391416525959942724e-03
5.762198471918051138e-03
7.378500060691223390e-03
7.378500060691223390e-03
7.378500060691223390e-03
7.378500060691223390e-03
7.378500060691223390e-03
7.378500060691223390e-03
2.596894210402787839e-03
7.378500060691223390e-03
1.978411348506245795e-03
6.548609734734722222e-03
6.548609734734722222e-03
6.548609734734722222e-03
6.859739050203650379e-03
2.839904554868973550e-03
2.839904554868973550e-03
2.839904554868973550e-03
2.839904554868973550e-03
2.839904554868973550e-03
2.839904554868973550e-03
0.000000000000000000e+00
0.000000000000000000e+00
0.000000000000000000e+00
0.000000000000000000e+00
0.000000000000000000e+00
0.000000000000000000e+00
0.000000000000000000e+00
0.000000000000000000e+00
0.000000000000000000e+00
0.000000000000000000e+00
0.000000000000000000e+00
0.000000000000000000e+00
0.000000000000000000e+00
0.000000000000000000e+00
0.000000000000000000e+00
0.000000000000000000e+00
0.000000000000000000e+00
0.000000000000000000e+00
0.000000000000000000e+00
0.000000000000000000e+00
0.000000000000000000e+00
0.000000000000000000e+00
0.000000000000000000e+00
1.226484727811857217e-02
1.226484727811857217e-02
1.226484727811857217e-02
1.226484727811857217e-02
1.226484727811857217e-02
1.226484727811857217e-02
1.226484727811857217e-02
1.226484727811857217e-02
1.226484727811857217e-02
1.226484727811857217e-02
1.226484727811857217e-02
1.226484727811857217e-02
1.226484727811857217e-02
1.226484727811857217e-02
1.226484727811857217e-02
1.226484727811857217e-02
1.226484727811857217e-02
1.226484727811857217e-02
1.226484727811857217e-02
1.226484727811857217e-02
1.226484727811857217e-02
1.226484727811857217e-02
1.226484727811857217e-02
1.226484727811857217e-02
1.226484727811857217e-02
1.226484727811857217e-02
1.226484727811857217e-02
1.226484727811857217e-02
1.226484727811857217e-02
1.226484727811857217e-02
1.226484727811857217e-02
1.226484727811857217e-02
1.226484727811857217e-02
2.062554092040825432e-02
2.062554092040825432e-02
2.062554092040825432e-02
2.062554092040825432e-02
6.679655925386303664e-03
5.018922989491745798e-03
5.018922989491745798e-03
1.257099786921455145e-02
1.257099786921455145e-02
1.257099786921455145e-02
1.257099786921455145e-02
1.257099786921455145e-02
1.257099786921455145e-02
1.257099786921455145e-02
1.257099786921455145e-02
1.257099786921455145e-02
1.257099786921455145e-02
1.257099786921455145e-02
3.048775510799494118e-02
1.864148349426743290e-02
1.864148349426743290e-02
1.864148349426743290e-02
1.864148349426743290e-02
1.020333991823805598e-03
3.846601118585415632e-03
3.846601118585415632e-03
3.846601118585415632e-03
3.846601118585415632e-03
3.846601118585415632e-03
3.846601118585415632e-03
3.846601118585415632e-03
3.846601118585415632e-03
3.846601118585415632e-03
3.846601118585415632e-03
3.846601118585415632e-03
3.846601118585415632e-03
1.464451203468191548e-02
1.464451203468191548e-02
1.464451203468191548e-02
1.464451203468191548e-02
1.464451203468191548e-02
1.464451203468191548e-02
7.171942614981991274e-03
1.170973029021123678e-02
1.170973029021123678e-02
1.170973029021123678e-02
1.170973029021123678e-02
9.653979180370940438e-03
8.191549188695185571e-03
8.191549188695185571e-03
8.191549188695185571e-03
8.191549188695185571e-03
1.337838457003264923e-03
4.300683788847592740e-03
4.300683788847592740e-03
4.300683788847592740e-03
4.300683788847592740e-03
8.737794710772500001e-03
0.000000000000000000e+00
0.000000000000000000e+00
0.000000000000000000e+00
0.000000000000000000e+00
0.000000000000000000e+00
0.000000000000000000e+00
0.000000000000000000e+00
0.000000000000000000e+00
3.331898757515322409e-03
3.331898757515322409e-03
3.331898757515322409e-03
3.331898757515322409e-03
3.331898757515322409e-03
3.331898757515322409e-03
3.331898757515322409e-03
3.331898757515322409e-03
3.331898757515322409e-03
3.331898757515322409e-03
3.331898757515322409e-03
3.331898757515322409e-03
3.331898757515322409e-03
3.331898757515322409e-03
3.331898757515322409e-03
3.331898757515322409e-03
3.331898757515322409e-03
0.000000000000000000e+00
0.000000000000000000e+00
0.000000000000000000e+00
0.000000000000000000e+00
0.000000000000000000e+00
2.027415519321635815e-02
2.027415519321635815e-02
2.027415519321635815e-02
2.027415519321635815e-02
2.027415519321635815e-02
2.027415519321635815e-02
2.027415519321635815e-02
2.027415519321635815e-02
2.027415519321635815e-02
2.027415519321635815e-02
2.027415519321635815e-02
2.027415519321635815e-02
2.027415519321635815e-02
2.027415519321635815e-02
2.027415519321635815e-02
0.000000000000000000e+00
0.000000000000000000e+00
0.000000000000000000e+00
1.289870780075894063e-02
1.289870780075894063e-02
1.289870780075894063e-02
7.088792189107011310e-03
1.268996853213867800e-02
1.268996853213867800e-02
1.268996853213867800e-02
1.268996853213867800e-02
1.268996853213867800e-02
1.268996853213867800e-02
1.268996853213867800e-02
1.268996853213867800e-02
1.268996853213867800e-02
1.268996853213867800e-02
7.239786218449652255e-03
6.573015276094657747e-04
6.573015276094657747e-04
2.436837560812511738e-02
2.343158772966216774e-03
2.343158772966216774e-03
2.343158772966216774e-03
2.343158772966216774e-03
2.343158772966216774e-03
2.343158772966216774e-03
2.343158772966216774e-03
2.343158772966216774e-03
2.771811665533639030e-02
3.640566872732638876e-02
3.640566872732638876e-02
3.640566872732638876e-02
3.640566872732638876e-02
3.640566872732638876e-02
3.640566872732638876e-02
2.186661912078746370e-02
4.898081043062676131e-03
4.898081043062676131e-03
4.898081043062676131e-03
4.898081043062676131e-03
4.898081043062676131e-03
4.898081043062676131e-03
4.898081043062676131e-03
4.898081043062676131e-03
4.898081043062676131e-03
4.898081043062676131e-03
8.965845414895159959e-03
1.872562929851782215e-02
4.566351917218292381e-03
4.566351917218292381e-03
4.566351917218292381e-03
4.566351917218292381e-03
1.345775077236211793e-02
1.345775077236211793e-02
1.345775077236211793e-02
1.345775077236211793e-02
1.345775077236211793e-02
1.345775077236211793e-02
1.345775077236211793e-02
1.345775077236211793e-02
1.345775077236211793e-02
1.345775077236211793e-02
1.345775077236211793e-02
1.345775077236211793e-02
1.345775077236211793e-02
0.000000000000000000e+00
2.518629574132651237e-03
2.518629574132651237e-03
2.518629574132651237e-03
2.518629574132651237e-03
2.518629574132651237e-03
2.518629574132651237e-03
2.518629574132651237e-03
2.518629574132651237e-03
2.518629574132651237e-03
2.518629574132651237e-03
4.133685007549237067e-02
3.034423820600945162e-02
3.034423820600945162e-02
3.034423820600945162e-02
3.034423820600945162e-02
3.034423820600945162e-02
3.034423820600945162e-02
1.716079529844700621e-02
3.565245317582920338e-03
7.239786218449652255e-03
7.239786218449652255e-03
3.565245317582920338e-03
3.336949170490345444e-03
2.436837560812511738e-02
2.436837560812511738e-02
2.436837560812511738e-02
1.595258052815149569e-02
1.835329704114763800e-03
1.835329704114763800e-03
1.835329704114763800e-03
1.835329704114763800e-03
7.189903927641942520e-03
7.189903927641942520e-03
7.189903927641942520e-03
7.189903927641942520e-03
7.189903927641942520e-03
7.189903927641942520e-03
7.189903927641942520e-03
7.189903927641942520e-03
7.189903927641942520e-03
7.189903927641942520e-03
7.189903927641942520e-03
7.189903927641942520e-03
7.189903927641942520e-03
7.189903927641942520e-03
7.189903927641942520e-03
1.610650876674844106e-02
1.795691867187479071e-02
1.795691867187479071e-02
1.795691867187479071e-02
1.795691867187479071e-02
1.795691867187479071e-02
1.795691867187479071e-02
3.273359452532765418e-02
3.273359452532765418e-02
3.273359452532765418e-02
3.273359452532765418e-02
3.273359452532765418e-02
3.273359452532765418e-02
3.273359452532765418e-02
3.273359452532765418e-02
3.273359452532765418e-02
3.273359452532765418e-02
3.273359452532765418e-02
3.629890966321419350e-03
7.854031595873932695e-03
7.854031595873932695e-03
7.854031595873932695e-03
7.854031595873932695e-03
7.854031595873932695e-03
7.854031595873932695e-03
4.987954121498650722e-03
2.213757226866619812e-02
2.213757226866619812e-02
2.213757226866619812e-02
2.213757226866619812e-02
2.213757226866619812e-02
2.213757226866619812e-02
6.032154198722179846e-03
1.007374045865169765e-02
1.007374045865169765e-02
1.007374045865169765e-02
1.007374045865169765e-02
1.007374045865169765e-02
1.007374045865169765e-02
4.849250755476217437e-03
8.633582061756888554e-03
8.633582061756888554e-03
2.848427069578638262e-04
2.367639418876512150e-02
2.367639418876512150e-02
2.367639418876512150e-02
2.367639418876512150e-02
1.426877476916263432e-03
1.426877476916263432e-03
1.426877476916263432e-03
1.426877476916263432e-03
1.426877476916263432e-03
1.426877476916263432e-03
1.426877476916263432e-03
1.426877476916263432e-03
1.426877476916263432e-03
1.426877476916263432e-03
1.426877476916263432e-03
1.426877476916263432e-03
0.000000000000000000e+00
0.000000000000000000e+00
0.000000000000000000e+00
0.000000000000000000e+00
0.000000000000000000e+00
0.000000000000000000e+00
2.229078646708563052e-02
1.328618796205703438e-02
1.328618796205703438e-02
1.328618796205703438e-02
1.328618796205703438e-02
0.000000000000000000e+00
5.060388981268273273e-02
5.060388981268273273e-02
5.060388981268273273e-02
5.060388981268273273e-02
5.060388981268273273e-02
5.060388981268273273e-02
5.060388981268273273e-02
5.060388981268273273e-02
5.060388981268273273e-02
5.060388981268273273e-02
5.060388981268273273e-02
5.060388981268273273e-02
6.718696151252120767e-03
6.718696151252120767e-03
6.718696151252120767e-03
6.718696151252120767e-03
6.718696151252120767e-03
6.718696151252120767e-03
6.718696151252120767e-03
6.718696151252120767e-03
6.718696151252120767e-03
6.718696151252120767e-03
6.718696151252120767e-03
0.000000000000000000e+00
3.139826741440802059e-03
3.139826741440802059e-03
2.007085996881750878e-02
6.087940180293288130e-03
6.087940180293288130e-03
6.087940180293288130e-03
6.087940180293288130e-03
6.087940180293288130e-03
0.000000000000000000e+00
0.000000000000000000e+00
0.000000000000000000e+00
0.000000000000000000e+00
0.000000000000000000e+00
2.054390749220511708e-02
2.396889639582660755e-02
2.396889639582660755e-02
2.396889639582660755e-02
2.396889639582660755e-02
6.530455123794604889e-03
2.325469373434836153e-03
2.325469373434836153e-03
2.325469373434836153e-03
2.325469373434836153e-03
2.325469373434836153e-03
2.325469373434836153e-03
2.325469373434836153e-03
2.325469373434836153e-03
2.325469373434836153e-03
2.325469373434836153e-03
2.325469373434836153e-03
2.325469373434836153e-03
2.325469373434836153e-03
2.325469373434836153e-03
1.297515609961998051e-02
1.610650876674844106e-02
1.610650876674844106e-02
1.610650876674844106e-02
1.674837275468717135e-02
1.674837275468717135e-02
1.674837275468717135e-02
1.674837275468717135e-02
1.674837275468717135e-02
1.674837275468717135e-02
1.674837275468717135e-02
1.674837275468717135e-02
1.674837275468717135e-02
1.674837275468717135e-02
1.674837275468717135e-02
1.006763066183634717e-02
1.006763066183634717e-02
1.006763066183634717e-02
1.006763066183634717e-02
1.006763066183634717e-02
1.006763066183634717e-02
1.006763066183634717e-02
1.006763066183634717e-02
1.006763066183634717e-02
1.006763066183634717e-02
1.006763066183634717e-02
1.006763066183634717e-02
1.006763066183634717e-02
1.006763066183634717e-02
1.006763066183634717e-02
1.006763066183634717e-02
1.006763066183634717e-02
0.000000000000000000e+00
2.012049830527510436e-02
2.012049830527510436e-02
2.012049830527510436e-02
2.012049830527510436e-02
2.012049830527510436e-02
2.012049830527510436e-02
2.012049830527510436e-02
2.012049830527510436e-02
2.012049830527510436e-02
2.012049830527510436e-02
0.000000000000000000e+00
0.000000000000000000e+00
0.000000000000000000e+00
0.000000000000000000e+00
0.000000000000000000e+00
0.000000000000000000e+00
0.000000000000000000e+00
0.000000000000000000e+00
1.101022449923822095e-02
8.536344814623593805e-03
8.536344814623593805e-03
8.536344814623593805e-03
8.536344814623593805e-03
8.536344814623593805e-03
8.536344814623593805e-03
8.536344814623593805e-03
8.536344814623593805e-03
1.824924663223816829e-02
1.824924663223816829e-02
1.851379181065953422e-02
1.678327814884771410e-02
1.678327814884771410e-02
1.678327814884771410e-02
1.678327814884771410e-02
2.129316303613483334e-03
2.129316303613483334e-03
2.129316303613483334e-03
2.129316303613483334e-03
2.129316303613483334e-03
2.129316303613483334e-03
2.129316303613483334e-03
2.129316303613483334e-03
6.790674870412974351e-03
2.523113270865368768e-03
2.523113270865368768e-03
3.078226022114906139e-03
3.078226022114906139e-03
3.078226022114906139e-03
3.078226022114906139e-03
3.078226022114906139e-03
3.078226022114906139e-03
3.895138048250694485e-02
3.992656620379832211e-02
3.992656620379832211e-02
3.992656620379832211e-02
3.992656620379832211e-02
0.000000000000000000e+00
2.931209949662587355e-02
2.931209949662587355e-02
2.931209949662587355e-02
2.931209949662587355e-02
2.931209949662587355e-02
2.931209949662587355e-02
2.931209949662587355e-02
2.931209949662587355e-02
2.931209949662587355e-02
2.931209949662587355e-02
2.931209949662587355e-02
2.931209949662587355e-02
7.467602196890930043e-03
2.565919836766805857e-03
2.565919836766805857e-03
2.565919836766805857e-03
2.565919836766805857e-03
2.565919836766805857e-03
2.565919836766805857e-03
2.565919836766805857e-03
2.565919836766805857e-03
2.565919836766805857e-03
2.565919836766805857e-03
2.565919836766805857e-03
2.565919836766805857e-03
2.565919836766805857e-03
2.565919836766805857e-03
2.565919836766805857e-03
2.565919836766805857e-03
2.565919836766805857e-03
2.565919836766805857e-03
2.565919836766805857e-03
2.565919836766805857e-03
4.740782715569865496e-02
1.789541221200965579e-02
1.789541221200965579e-02
2.711120979704959109e-03
3.849958312090218365e-03
3.849958312090218365e-03
3.849958312090218365e-03
3.849958312090218365e-03
3.849958312090218365e-03
3.849958312090218365e-03
3.849958312090218365e-03
3.849958312090218365e-03
3.849958312090218365e-03
3.849958312090218365e-03
3.849958312090218365e-03
3.849958312090218365e-03
3.849958312090218365e-03
3.849958312090218365e-03
3.849958312090218365e-03
3.849958312090218365e-03
0.000000000000000000e+00
1.012558667756052917e-02
1.012558667756052917e-02
1.012558667756052917e-02
1.012558667756052917e-02
1.012558667756052917e-02
1.012558667756052917e-02
4.987954121498650722e-03
1.800928481584263387e-03
1.800928481584263387e-03
1.800928481584263387e-03
1.800928481584263387e-03
1.800928481584263387e-03
1.800928481584263387e-03
1.800928481584263387e-03
1.800928481584263387e-03
1.800928481584263387e-03
1.800928481584263387e-03
1.800928481584263387e-03
1.800928481584263387e-03
2.406946961910981942e-03
2.406946961910981942e-03
2.406946961910981942e-03
2.406946961910981942e-03
2.406946961910981942e-03
2.406946961910981942e-03
2.406946961910981942e-03
2.406946961910981942e-03
2.406946961910981942e-03
2.406946961910981942e-03
2.406946961910981942e-03
2.406946961910981942e-03
2.406946961910981942e-03
4.075986237951791276e-03
1.014150657908931101e-02
1.014150657908931101e-02
1.014150657908931101e-02
1.014150657908931101e-02
1.014150657908931101e-02
1.014150657908931101e-02
1.014150657908931101e-02
1.014150657908931101e-02
8.090186227226790414e-03
2.114204537323028515e-02
2.114204537323028515e-02
2.101395459806858212e-02
3.142516494710453304e-03
3.142516494710453304e-03
3.142516494710453304e-03
3.142516494710453304e-03
3.142516494710453304e-03
3.142516494710453304e-03
6.320351495704109798e-03
6.320351495704109798e-03
6.320351495704109798e-03
6.320351495704109798e-03
6.320351495704109798e-03
6.320351495704109798e-03
6.320351495704109798e-03
6.320351495704109798e-03
6.320351495704109798e-03
6.320351495704109798e-03
6.320351495704109798e-03
1.978436579603485082e-02
1.768372565994092782e-03
1.768372565994092782e-03
1.768372565994092782e-03
1.768372565994092782e-03
1.161714371026790690e-02
1.237146616894286601e-02
1.237146616894286601e-02
1.237146616894286601e-02
1.237146616894286601e-02
1.237146616894286601e-02
1.237146616894286601e-02
0.000000000000000000e+00
2.174840886794714503e-02
2.174840886794714503e-02
2.174840886794714503e-02
2.174840886794714503e-02
2.174840886794714503e-02
2.174840886794714503e-02
8.392379856780029027e-03
3.974776850438122011e-03
3.974776850438122011e-03
3.974776850438122011e-03
3.974776850438122011e-03
1.297515609961998051e-02
0.000000000000000000e+00
0.000000000000000000e+00
7.906246643208285699e-03
1.154816482181846363e-02
1.154816482181846363e-02
1.133596246712344734e-03
1.133596246712344734e-03
1.133596246712344734e-03
1.133596246712344734e-03
1.133596246712344734e-03
1.133596246712344734e-03
1.133596246712344734e-03
1.133596246712344734e-03
1.133596246712344734e-03
1.133596246712344734e-03
1.133596246712344734e-03
0.000000000000000000e+00
0.000000000000000000e+00
0.000000000000000000e+00
6.341371708176122071e-03
6.341371708176122071e-03
6.341371708176122071e-03
6.341371708176122071e-03
6.341371708176122071e-03
6.341371708176122071e-03
9.844427286274167344e-04
6.341371708176122071e-03
6.341371708176122071e-03
6.341371708176122071e-03
9.301644404831020674e-04
4.968506082261636876e-03
4.968506082261636876e-03
4.968506082261636876e-03
7.145109216781871282e-03
7.145109216781871282e-03
7.145109216781871282e-03
7.145109216781871282e-03
7.145109216781871282e-03
7.145109216781871282e-03
7.145109216781871282e-03
7.145109216781871282e-03
7.145109216781871282e-03
7.145109216781871282e-03
7.145109216781871282e-03
1.978436579603485082e-02
4.058104287518846803e-02
4.058104287518846803e-02
4.058104287518846803e-02
4.058104287518846803e-02
3.005768529712333006e-02
4.911734257981942298e-03
4.911734257981942298e-03
4.911734257981942298e-03
4.911734257981942298e-03
4.911734257981942298e-03
4.911734257981942298e-03
4.911734257981942298e-03
4.911734257981942298e-03
4.911734257981942298e-03
4.911734257981942298e-03
5.011925025517087115e-03
1.914553171783664812e-02
1.914553171783664812e-02
1.914553171783664812e-02
1.914553171783664812e-02
5.363036883399042998e-04
5.363036883399042998e-04
2.325554042407695053e-03
2.345746688716930997e-02
2.345746688716930997e-02
2.345746688716930997e-02
2.345746688716930997e-02
2.345746688716930997e-02
2.345746688716930997e-02
2.345746688716930997e-02
2.345746688716930997e-02
2.345746688716930997e-02
2.345746688716930997e-02
1.164189090367539342e-02
3.232799860101850161e-03
3.232799860101850161e-03
3.232799860101850161e-03
3.232799860101850161e-03
3.232799860101850161e-03
3.232799860101850161e-03
3.232799860101850161e-03
3.232799860101850161e-03
2.990274764147463418e-03
2.990274764147463418e-03
2.990274764147463418e-03
2.990274764147463418e-03
2.990274764147463418e-03
2.990274764147463418e-03
2.990274764147463418e-03
2.990274764147463418e-03
2.990274764147463418e-03
2.990274764147463418e-03
2.990274764147463418e-03
2.990274764147463418e-03
2.990274764147463418e-03
2.990274764147463418e-03
2.990274764147463418e-03
1.004367507991529157e-02
1.004367507991529157e-02
1.004367507991529157e-02
1.004367507991529157e-02
1.004367507991529157e-02
1.004367507991529157e-02
1.004367507991529157e-02
1.004367507991529157e-02
1.004367507991529157e-02
1.004367507991529157e-02
1.004367507991529157e-02
1.004367507991529157e-02
1.004367507991529157e-02
1.004367507991529157e-02
1.004367507991529157e-02
1.004367507991529157e-02
1.004367507991529157e-02
1.494428367394253984e-02
5.535735614363166204e-03
5.535735614363166204e-03
5.535735614363166204e-03
5.535735614363166204e-03
5.535735614363166204e-03
5.535735614363166204e-03
9.844427286274167344e-04
6.526282976905273259e-03
1.411166088306824162e-02
1.411166088306824162e-02
1.411166088306824162e-02
1.411166088306824162e-02
1.411166088306824162e-02
1.411166088306824162e-02
1.411166088306824162e-02
1.411166088306824162e-02
1.411166088306824162e-02
9.462003917929711488e-03
9.462003917929711488e-03
9.462003917929711488e-03
9.462003917929711488e-03
9.462003917929711488e-03
9.462003917929711488e-03
9.462003917929711488e-03
9.462003917929711488e-03
9.462003917929711488e-03
9.462003917929711488e-03
9.462003917929711488e-03
9.462003917929711488e-03
9.462003917929711488e-03
9.462003917929711488e-03
9.462003917929711488e-03
9.462003917929711488e-03
9.462003917929711488e-03
9.462003917929711488e-03
9.462003917929711488e-03
9.462003917929711488e-03
9.462003917929711488e-03
9.462003917929711488e-03
9.462003917929711488e-03
1.321495747065355372e-02
4.214096321562633800e-03
4.214096321562633800e-03
4.214096321562633800e-03
4.214096321562633800e-03
4.214096321562633800e-03
4.214096321562633800e-03
0.000000000000000000e+00
6.389626488373544759e-04
6.389626488373544759e-04
6.389626488373544759e-04
6.389626488373544759e-04
6.389626488373544759e-04
6.389626488373544759e-04
3.529512822316253125e-03
1.449601699107254090e-03
1.449601699107254090e-03
1.449601699107254090e-03
1.449601699107254090e-03
1.449601699107254090e-03
1.449601699107254090e-03
1.449601699107254090e-03
1.449601699107254090e-03
1.449601699107254090e-03
1.449601699107254090e-03
1.449601699107254090e-03
1.449601699107254090e-03
4.422633070483590612e-02
4.458345498933776602e-02
4.458345498933776602e-02
0.000000000000000000e+00
0.000000000000000000e+00
0.000000000000000000e+00
0.000000000000000000e+00
0.000000000000000000e+00
0.000000000000000000e+00
0.000000000000000000e+00
0.000000000000000000e+00
0.000000000000000000e+00
1.407108767846808328e-02
3.756848606556661280e-02
3.756848606556661280e-02
3.756848606556661280e-02
3.756848606556661280e-02
3.756848606556661280e-02
3.756848606556661280e-02
3.756848606556661280e-02
3.756848606556661280e-02
3.756848606556661280e-02
3.756848606556661280e-02
6.567007330085724084e-03
6.567007330085724084e-03
6.567007330085724084e-03
6.567007330085724084e-03
6.567007330085724084e-03
6.567007330085724084e-03
6.567007330085724084e-03
6.567007330085724084e-03
6.567007330085724084e-03
6.567007330085724084e-03
6.567007330085724084e-03
2.623634151125286279e-02
4.381380089405228356e-02
4.381380089405228356e-02
4.381380089405228356e-02
4.381380089405228356e-02
3.084898786058741516e-03
3.084898786058741516e-03
3.084898786058741516e-03
3.084898786058741516e-03
3.084898786058741516e-03
3.084898786058741516e-03
3.084898786058741516e-03
3.084898786058741516e-03
3.084898786058741516e-03
3.084898786058741516e-03
3.084898786058741516e-03
5.288612757093116151e-02
2.534913126218116958e-02
2.534913126218116958e-02
8.173390809783218774e-03
8.173390809783218774e-03
8.173390809783218774e-03
8.173390809783218774e-03
8.173390809783218774e-03
8.173390809783218774e-03
8.173390809783218774e-03
8.173390809783218774e-03
8.173390809783218774e-03
8.173390809783218774e-03
8.173390809783218774e-03
8.173390809783218774e-03
8.173390809783218774e-03
8.173390809783218774e-03
8.173390809783218774e-03
8.173390809783218774e-03
8.173390809783218774e-03
8.173390809783218774e-03
8.173390809783218774e-03
8.173390809783218774e-03
8.173390809783218774e-03
1.884800084567974862e-02
1.426822799245252085e-02
1.426822799245252085e-02
2.032563172044039163e-02
2.785307473196768982e-03
2.785307473196768982e-03
2.785307473196768982e-03
2.785307473196768982e-03
2.785307473196768982e-03
2.785307473196768982e-03
2.785307473196768982e-03
2.785307473196768982e-03
8.613465233007749910e-02
5.640726029491904131e-02
5.640726029491904131e-02
5.640726029491904131e-02
5.640726029491904131e-02
5.640726029491904131e-02
5.640726029491904131e-02
0.000000000000000000e+00
1.055362502339718747e-02
1.055362502339718747e-02
1.055362502339718747e-02
1.055362502339718747e-02
1.055362502339718747e-02
1.055362502339718747e-02
1.055362502339718747e-02
1.055362502339718747e-02
1.055362502339718747e-02
1.055362502339718747e-02
1.106115486299141283e-02
1.133588542569398394e-02
1.133588542569398394e-02
1.133588542569398394e-02
1.133588542569398394e-02
1.133588542569398394e-02
1.133588542569398394e-02
8.540766228082822143e-04
8.540766228082822143e-04
8.540766228082822143e-04
8.540766228082822143e-04
8.540766228082822143e-04
8.540766228082822143e-04
8.540766228082822143e-04
8.540766228082822143e-04
1.091109834385182130e-02
3.205621766582836957e-02
3.205621766582836957e-02
3.205621766582836957e-02
3.205621766582836957e-02
3.205621766582836957e-02
3.205621766582836957e-02
3.205621766582836957e-02
3.205621766582836957e-02
1.668289057741006304e-03
2.654324543029454309e-03
2.654324543029454309e-03
2.654324543029454309e-03
2.654324543029454309e-03
0.000000000000000000e+00
0.000000000000000000e+00
0.000000000000000000e+00
0.000000000000000000e+00
0.000000000000000000e+00
0.000000000000000000e+00
7.471138604241996280e-03
0.000000000000000000e+00
0.000000000000000000e+00
0.000000000000000000e+00
0.000000000000000000e+00
0.000000000000000000e+00
0.000000000000000000e+00
0.000000000000000000e+00
0.000000000000000000e+00
8.148295518588959813e-03
5.288612757093116151e-02
5.288612757093116151e-02
5.288612757093116151e-02
5.288612757093116151e-02
5.288612757093116151e-02
4.148898354643965058e-02
1.069821783645530031e-02
1.069821783645530031e-02
1.069821783645530031e-02
1.069821783645530031e-02
1.069821783645530031e-02
1.069821783645530031e-02
1.069821783645530031e-02
1.069821783645530031e-02
1.069821783645530031e-02
1.069821783645530031e-02
1.069821783645530031e-02
1.069821783645530031e-02
1.526546285187719513e-03
1.526546285187719513e-03
1.526546285187719513e-03
1.526546285187719513e-03
1.526546285187719513e-03
1.526546285187719513e-03
1.526546285187719513e-03
1.526546285187719513e-03
1.526546285187719513e-03
1.526546285187719513e-03
1.526546285187719513e-03
1.526546285187719513e-03
1.526546285187719513e-03
1.526546285187719513e-03
1.526546285187719513e-03
6.349598589384823633e-02
6.168742772141974640e-02
6.168742772141974640e-02
6.168742772141974640e-02
6.168742772141974640e-02
4.422633070483590612e-02
1.099210172422129990e-02
1.099210172422129990e-02
1.099210172422129990e-02
1.099210172422129990e-02
1.099210172422129990e-02
1.099210172422129990e-02
1.099210172422129990e-02
1.099210172422129990e-02
2.412755127100772983e-03
2.412755127100772983e-03
3.648113601975999654e-02
1.019197080375072728e-02
1.019197080375072728e-02
1.019197080375072728e-02
1.019197080375072728e-02
1.019197080375072728e-02
1.019197080375072728e-02
1.019197080375072728e-02
1.019197080375072728e-02
8.322182079613047942e-03
1.784136995330350139e-02
1.784136995330350139e-02
1.784136995330350139e-02
1.784136995330350139e-02
8.516763740762607615e-03
3.943489608261480789e-03
3.943489608261480789e-03
9.262498463963314901e-03
9.262498463963314901e-03
9.262498463963314901e-03
9.262498463963314901e-03
9.262498463963314901e-03
9.262498463963314901e-03
9.262498463963314901e-03
9.262498463963314901e-03
9.262498463963314901e-03
9.262498463963314901e-03
9.262498463963314901e-03
9.262498463963314901e-03
9.262498463963314901e-03
1.298394215551068251e-02
0.000000000000000000e+00
0.000000000000000000e+00
2.310769138478762155e-02
0.000000000000000000e+00
0.000000000000000000e+00
0.000000000000000000e+00
5.762198471918051138e-03
5.762198471918051138e-03
1.978411348506245795e-03
1.978411348506245795e-03
1.978411348506245795e-03
1.978411348506245795e-03
1.978411348506245795e-03
0.000000000000000000e+00
1.474163016913351137e-02
1.474163016913351137e-02
1.474163016913351137e-02
1.474163016913351137e-02
1.474163016913351137e-02
1.474163016913351137e-02
1.474163016913351137e-02
1.474163016913351137e-02
1.884800084567974862e-02
4.421110496186499150e-02
4.421110496186499150e-02
1.298516988490823129e-02
1.679159594604574118e-02
1.679159594604574118e-02
1.679159594604574118e-02
1.568935823194011038e-03
6.530455123794604889e-03
6.530455123794604889e-03
6.530455123794604889e-03
2.156823199811994107e-02
7.075234666049819154e-03
7.075234666049819154e-03
7.075234666049819154e-03
7.075234666049819154e-03
7.075234666049819154e-03
7.075234666049819154e-03
4.834300065245771168e-03
6.907883840347133972e-03
6.907883840347133972e-03
6.907883840347133972e-03
6.907883840347133972e-03
6.907883840347133972e-03
6.907883840347133972e-03
6.907883840347133972e-03
6.907883840347133972e-03
1.587782312792927752e-02
4.593746530959748504e-03
4.593746530959748504e-03
1.405561884531784933e-02
2.424594561285569466e-02
2.424594561285569466e-02
2.424594561285569466e-02
2.424594561285569466e-02
2.424594561285569466e-02
2.424594561285569466e-02
2.424594561285569466e-02
2.424594561285569466e-02
2.424594561285569466e-02
2.424594561285569466e-02
2.424594561285569466e-02
2.424594561285569466e-02
0.000000000000000000e+00
1.579857249861011531e-02
1.579857249861011531e-02
1.579857249861011531e-02
1.579857249861011531e-02
1.579857249861011531e-02
1.579857249861011531e-02
1.579857249861011531e-02
1.579857249861011531e-02
1.579857249861011531e-02
1.579857249861011531e-02
1.579857249861011531e-02
1.579857249861011531e-02
1.579857249861011531e-02
1.579857249861011531e-02
1.579857249861011531e-02
1.579857249861011531e-02
1.579857249861011531e-02
1.579857249861011531e-02
1.579857249861011531e-02
1.579857249861011531e-02
1.579857249861011531e-02
1.579857249861011531e-02
1.579857249861011531e-02
1.579857249861011531e-02
1.579857249861011531e-02
1.579857249861011531e-02
2.589428144899261815e-03
0.000000000000000000e+00
0.000000000000000000e+00
0.000000000000000000e+00
0.000000000000000000e+00
2.271482152297753937e-02
2.271482152297753937e-02
2.271482152297753937e-02
2.271482152297753937e-02
2.271482152297753937e-02
2.271482152297753937e-02
2.271482152297753937e-02
2.271482152297753937e-02
2.271482152297753937e-02
2.271482152297753937e-02
2.271482152297753937e-02
2.271482152297753937e-02
2.271482152297753937e-02
2.271482152297753937e-02
2.271482152297753937e-02
2.271482152297753937e-02
1.439597991214409435e-02
3.083029035648051849e-02
3.083029035648051849e-02
3.083029035648051849e-02
3.083029035648051849e-02
3.083029035648051849e-02
3.083029035648051849e-02
3.083029035648051849e-02
3.083029035648051849e-02
3.083029035648051849e-02
3.083029035648051849e-02
3.083029035648051849e-02
3.083029035648051849e-02
5.635753142680624550e-03
5.635753142680624550e-03
5.635753142680624550e-03
5.635753142680624550e-03
5.635753142680624550e-03
5.635753142680624550e-03
5.635753142680624550e-03
5.635753142680624550e-03
5.635753142680624550e-03
5.635753142680624550e-03
5.635753142680624550e-03
5.635753142680624550e-03
5.405694227345730083e-04
5.357620743718757156e-03
5.357620743718757156e-03
5.357620743718757156e-03
5.357620743718757156e-03
5.357620743718757156e-03
5.357620743718757156e-03
5.357620743718757156e-03
5.357620743718757156e-03
1.737755266874517826e-03
1.737755266874517826e-03
1.737755266874517826e-03
1.737755266874517826e-03
5.148683412593692103e-03
2.360759939315177150e-02
2.360759939315177150e-02
0.000000000000000000e+00
0.000000000000000000e+00
0.000000000000000000e+00
1.328957796362193172e-03
4.358117802450584173e-03
4.358117802450584173e-03
1.307430358914765320e-02
7.255084543394817176e-03
7.255084543394817176e-03
4.921633011442433717e-03
2.910567858265686314e-02
2.910567858265686314e-02
2.910567858265686314e-02
2.910567858265686314e-02
3.552798827572746683e-03
6.323532174623316439e-03
6.323532174623316439e-03
1.587782312792927752e-02
1.587782312792927752e-02
1.587782312792927752e-02
1.587782312792927752e-02
1.587782312792927752e-02
1.587782312792927752e-02
1.587782312792927752e-02
1.587782312792927752e-02
6.837364542715600180e-02
6.349598589384823633e-02
6.349598589384823633e-02
6.349598589384823633e-02
6.378326333493162907e-03
1.696727704494728137e-02
1.696727704494728137e-02
1.696727704494728137e-02
1.696727704494728137e-02
1.696727704494728137e-02
1.696727704494728137e-02
1.164189090367539342e-02
1.164189090367539342e-02
4.865043995289693862e-03
1.526389239366544772e-03
1.526389239366544772e-03
3.876819124156446941e-03
3.441396552610206938e-03
3.441396552610206938e-03
3.441396552610206938e-03
3.441396552610206938e-03
8.516763740762607615e-03
8.516763740762607615e-03
6.731341720368996286e-03
8.516763740762607615e-03
8.516763740762607615e-03
8.516763740762607615e-03
1.520663326328826510e-02
2.828522492214836925e-02
2.828522492214836925e-02
2.828522492214836925e-02
2.828522492214836925e-02
5.148683412593692103e-03
5.148683412593692103e-03
5.148683412593692103e-03
5.148683412593692103e-03
5.148683412593692103e-03
5.148683412593692103e-03
5.148683412593692103e-03
5.148683412593692103e-03
5.148683412593692103e-03
5.148683412593692103e-03
5.148683412593692103e-03
5.148683412593692103e-03
0.000000000000000000e+00
0.000000000000000000e+00
0.000000000000000000e+00
0.000000000000000000e+00
0.000000000000000000e+00
0.000000000000000000e+00
0.000000000000000000e+00
0.000000000000000000e+00
0.000000000000000000e+00
0.000000000000000000e+00
0.000000000000000000e+00
4.148898354643965058e-02
2.954926285643068307e-02
2.954926285643068307e-02
4.687348447655807424e-03
1.325873683441540843e-02
1.325873683441540843e-02
1.325873683441540843e-02
1.325873683441540843e-02
1.325873683441540843e-02
1.325873683441540843e-02
1.325873683441540843e-02
1.325873683441540843e-02
9.217352804492793400e-03
1.053623470006005746e-03
1.053623470006005746e-03
1.053623470006005746e-03
1.053623470006005746e-03
9.316898569030292176e-03
3.395965339129345621e-03
3.395965339129345621e-03
9.423241915428181995e-04
8.346403550379613914e-03
8.346403550379613914e-03
8.346403550379613914e-03
8.346403550379613914e-03
1.736047576487459443e-02
6.297965773788900129e-03
6.297965773788900129e-03
6.297965773788900129e-03
6.297965773788900129e-03
6.297965773788900129e-03
6.297965773788900129e-03
2.108311673568499106e-02
0.000000000000000000e+00
0.000000000000000000e+00
0.000000000000000000e+00
0.000000000000000000e+00
0.000000000000000000e+00
0.000000000000000000e+00
6.471296125277732278e-03
6.471296125277732278e-03
6.471296125277732278e-03
6.471296125277732278e-03
6.471296125277732278e-03
6.471296125277732278e-03
6.471296125277732278e-03
6.471296125277732278e-03
6.471296125277732278e-03
6.471296125277732278e-03
6.471296125277732278e-03
6.471296125277732278e-03
6.471296125277732278e-03
1.549643691659573566e-02
1.651961610399678079e-02
1.651961610399678079e-02
1.651961610399678079e-02
1.651961610399678079e-02
0.000000000000000000e+00
0.000000000000000000e+00
0.000000000000000000e+00
0.000000000000000000e+00
0.000000000000000000e+00
0.000000000000000000e+00
0.000000000000000000e+00
0.000000000000000000e+00
0.000000000000000000e+00
0.000000000000000000e+00
6.378326333493162907e-03
6.378326333493162907e-03
6.378326333493162907e-03
6.378326333493162907e-03
1.968002029061180144e-02
9.309329856793916932e-03
9.309329856793916932e-03
9.309329856793916932e-03
9.309329856793916932e-03
9.309329856793916932e-03
9.309329856793916932e-03
9.309329856793916932e-03
9.309329856793916932e-03
9.309329856793916932e-03
9.309329856793916932e-03
4.314537169188836785e-03
1.599556640949053796e-02
1.599556640949053796e-02
1.599556640949053796e-02
1.599556640949053796e-02
1.599556640949053796e-02
1.599556640949053796e-02
1.599556640949053796e-02
1.599556640949053796e-02
9.914373223712713915e-03
2.649201827823909148e-03
2.649201827823909148e-03
2.649201827823909148e-03
2.649201827823909148e-03
2.649201827823909148e-03
2.649201827823909148e-03
0.000000000000000000e+00
0.000000000000000000e+00
0.000000000000000000e+00
0.000000000000000000e+00
0.000000000000000000e+00
0.000000000000000000e+00
0.000000000000000000e+00
0.000000000000000000e+00
0.000000000000000000e+00
0.000000000000000000e+00
0.000000000000000000e+00
1.958727665003339672e-03
1.677421943621312111e-02
1.677421943621312111e-02
1.677421943621312111e-02
1.677421943621312111e-02
2.002908264312941791e-02
2.578925811296794643e-02
2.578925811296794643e-02
2.578925811296794643e-02
2.578925811296794643e-02
1.775499168597546168e-02
9.436882281983508328e-03
9.436882281983508328e-03
9.436882281983508328e-03
9.436882281983508328e-03
9.436882281983508328e-03
9.436882281983508328e-03
9.436882281983508328e-03
9.436882281983508328e-03
9.436882281983508328e-03
9.436882281983508328e-03
0.000000000000000000e+00
0.000000000000000000e+00
0.000000000000000000e+00
3.552798827572746683e-03
3.552798827572746683e-03
3.552798827572746683e-03
3.552798827572746683e-03
3.552798827572746683e-03
3.552798827572746683e-03
3.552798827572746683e-03
3.552798827572746683e-03
1.535789270775028519e-02
1.805778733494703414e-02
1.805778733494703414e-02
1.805778733494703414e-02
1.805778733494703414e-02
1.805778733494703414e-02
1.805778733494703414e-02
1.805778733494703414e-02
1.805778733494703414e-02
1.805778733494703414e-02
1.805778733494703414e-02
1.805778733494703414e-02
1.805778733494703414e-02
1.805778733494703414e-02
1.805778733494703414e-02
6.707110822122891967e-03
6.707110822122891967e-03
6.707110822122891967e-03
6.707110822122891967e-03
6.707110822122891967e-03
6.707110822122891967e-03
6.707110822122891967e-03
6.707110822122891967e-03
6.707110822122891967e-03
6.707110822122891967e-03
6.707110822122891967e-03
6.395952533665107652e-03
6.395952533665107652e-03
6.395952533665107652e-03
6.395952533665107652e-03
1.844318689124534302e-03
1.844318689124534302e-03
1.844318689124534302e-03
1.844318689124534302e-03
1.844318689124534302e-03
1.844318689124534302e-03
1.844318689124534302e-03
1.844318689124534302e-03
1.844318689124534302e-03
1.844318689124534302e-03
1.844318689124534302e-03
1.844318689124534302e-03
1.844318689124534302e-03
1.844318689124534302e-03
1.844318689124534302e-03
2.583228572731993689e-02
1.706730761994171633e-02
1.706730761994171633e-02
1.706730761994171633e-02
1.706730761994171633e-02
1.706730761994171633e-02
1.706730761994171633e-02
3.626452016634343703e-03
1.304197941839209916e-02
1.304197941839209916e-02
1.304197941839209916e-02
1.304197941839209916e-02
2.612865300138992458e-03
2.156823199811994107e-02
2.156823199811994107e-02
2.156823199811994107e-02
2.156823199811994107e-02
2.156823199811994107e-02
5.706522669966895660e-03
9.683450131520391496e-03
9.683450131520391496e-03
9.683450131520391496e-03
9.683450131520391496e-03
9.683450131520391496e-03
9.683450131520391496e-03
9.683450131520391496e-03
9.683450131520391496e-03
9.683450131520391496e-03
9.683450131520391496e-03
1.048379558005050043e-03
1.636143257234875734e-02
1.636143257234875734e-02
2.217542057605004918e-02
2.831658751659018800e-02
2.831658751659018800e-02
2.831658751659018800e-02
2.831658751659018800e-02
2.831658751659018800e-02
2.831658751659018800e-02
1.057267165401740323e-02
1.259982004321515137e-02
1.259982004321515137e-02
1.259982004321515137e-02
1.259982004321515137e-02
1.259982004321515137e-02
1.259982004321515137e-02
1.259982004321515137e-02
0.000000000000000000e+00
7.780121561952800351e-03
7.780121561952800351e-03
7.780121561952800351e-03
7.780121561952800351e-03
7.780121561952800351e-03
7.780121561952800351e-03
7.780121561952800351e-03
7.780121561952800351e-03
7.780121561952800351e-03
7.780121561952800351e-03
7.780121561952800351e-03
7.780121561952800351e-03
7.780121561952800351e-03
7.780121561952800351e-03
7.780121561952800351e-03
7.780121561952800351e-03
0.000000000000000000e+00
0.000000000000000000e+00
0.000000000000000000e+00
0.000000000000000000e+00
0.000000000000000000e+00
5.706522669966895660e-03
5.706522669966895660e-03
5.706522669966895660e-03
5.706522669966895660e-03
5.706522669966895660e-03
5.706522669966895660e-03
5.706522669966895660e-03
5.706522669966895660e-03
5.706522669966895660e-03
5.706522669966895660e-03
3.754353374561272827e-03
5.923123869788927270e-04
5.923123869788927270e-04
0.000000000000000000e+00
0.000000000000000000e+00
0.000000000000000000e+00
6.098135206740386716e-04
6.098135206740386716e-04
6.098135206740386716e-04
6.098135206740386716e-04
6.098135206740386716e-04
6.098135206740386716e-04
6.098135206740386716e-04
6.098135206740386716e-04
6.098135206740386716e-04
6.098135206740386716e-04
6.098135206740386716e-04
1.138540573877585768e-02
3.202564083252860266e-02
3.202564083252860266e-02
3.202564083252860266e-02
3.202564083252860266e-02
3.202564083252860266e-02
3.202564083252860266e-02
0.000000000000000000e+00
0.000000000000000000e+00
0.000000000000000000e+00
0.000000000000000000e+00
0.000000000000000000e+00
0.000000000000000000e+00
0.000000000000000000e+00
0.000000000000000000e+00
0.000000000000000000e+00
0.000000000000000000e+00
0.000000000000000000e+00
0.000000000000000000e+00
7.036704504243174521e-03
0.000000000000000000e+00
0.000000000000000000e+00
8.952730599815031734e-03
8.196090674126889353e-03
8.196090674126889353e-03
3.925877050956077391e-03
1.027835729183334754e-02
1.027835729183334754e-02
1.027835729183334754e-02
1.027835729183334754e-02
1.027835729183334754e-02
1.027835729183334754e-02
0.000000000000000000e+00
0.000000000000000000e+00
0.000000000000000000e+00
0.000000000000000000e+00
0.000000000000000000e+00
0.000000000000000000e+00
0.000000000000000000e+00
1.383344139463185034e-03
3.641191899806915655e-02
3.641191899806915655e-02
2.750163263550275267e-02
2.750163263550275267e-02
2.750163263550275267e-02
2.750163263550275267e-02
2.750163263550275267e-02
2.750163263550275267e-02
2.750163263550275267e-02
2.750163263550275267e-02
2.750163263550275267e-02
2.750163263550275267e-02
2.750163263550275267e-02
2.750163263550275267e-02
2.750163263550275267e-02
1.873189612797319242e-02
2.363788157478169741e-02
2.363788157478169741e-02
2.363788157478169741e-02
2.363788157478169741e-02
2.363788157478169741e-02
2.363788157478169741e-02
3.494639709255667123e-03
0.000000000000000000e+00
0.000000000000000000e+00
0.000000000000000000e+00
0.000000000000000000e+00
0.000000000000000000e+00
0.000000000000000000e+00
1.954789071281267179e-02
2.528329364039922852e-02
2.528329364039922852e-02
2.528329364039922852e-02
2.528329364039922852e-02
1.472059587603362710e-02
4.172111440702642505e-04
4.172111440702642505e-04
4.172111440702642505e-04
4.172111440702642505e-04
4.172111440702642505e-04
4.172111440702642505e-04
4.172111440702642505e-04
4.172111440702642505e-04
6.487758229138902016e-03
6.487758229138902016e-03
6.487758229138902016e-03
6.487758229138902016e-03
6.487758229138902016e-03
6.487758229138902016e-03
6.487758229138902016e-03
6.487758229138902016e-03
6.487758229138902016e-03
6.487758229138902016e-03
6.487758229138902016e-03
6.487758229138902016e-03
6.487758229138902016e-03
6.487758229138902016e-03
6.487758229138902016e-03
6.487758229138902016e-03
6.487758229138902016e-03
6.487758229138902016e-03
6.487758229138902016e-03
6.487758229138902016e-03
6.487758229138902016e-03
4.865573580890102286e-03
1.665773438470000492e-02
1.665773438470000492e-02
1.665773438470000492e-02
1.665773438470000492e-02
1.665773438470000492e-02
1.665773438470000492e-02
1.665773438470000492e-02
1.665773438470000492e-02
1.665773438470000492e-02
1.665773438470000492e-02
1.665773438470000492e-02
1.665773438470000492e-02
1.902589266634158519e-02
4.977104090416032724e-03
4.977104090416032724e-03
4.977104090416032724e-03
4.977104090416032724e-03
4.977104090416032724e-03
4.977104090416032724e-03
4.977104090416032724e-03
4.977104090416032724e-03
1.189380376729750124e-02
2.790504619749611948e-02
2.790504619749611948e-02
0.000000000000000000e+00
0.000000000000000000e+00
0.000000000000000000e+00
0.000000000000000000e+00
0.000000000000000000e+00
0.000000000000000000e+00
0.000000000000000000e+00
0.000000000000000000e+00
1.603752892866722570e-03
2.225930186263294641e-02
2.225930186263294641e-02
2.225930186263294641e-02
2.225930186263294641e-02
1.945328379986628609e-02
1.503413510367690789e-02
1.503413510367690789e-02
1.503413510367690789e-02
1.503413510367690789e-02
1.503413510367690789e-02
1.503413510367690789e-02
1.503413510367690789e-02
1.503413510367690789e-02
1.440325988122913813e-02
1.904027657004012455e-02
1.904027657004012455e-02
1.904027657004012455e-02
1.904027657004012455e-02
1.904027657004012455e-02
1.904027657004012455e-02
1.904027657004012455e-02
1.904027657004012455e-02
1.904027657004012455e-02
1.904027657004012455e-02
1.904027657004012455e-02
1.904027657004012455e-02
1.904027657004012455e-02
1.904027657004012455e-02
9.354816037961047673e-03
4.010027743533890916e-03
4.010027743533890916e-03
7.088792189107011310e-03
7.088792189107011310e-03
7.088792189107011310e-03
7.088792189107011310e-03
7.088792189107011310e-03
7.088792189107011310e-03
1.744542742484690365e-02
0.000000000000000000e+00
0.000000000000000000e+00
0.000000000000000000e+00
0.000000000000000000e+00
0.000000000000000000e+00
0.000000000000000000e+00
0.000000000000000000e+00
0.000000000000000000e+00
0.000000000000000000e+00
2.002908264312941791e-02
2.443682727288254333e-03
2.443682727288254333e-03
1.477610357638544335e-02
1.477610357638544335e-02
1.477610357638544335e-02
1.477610357638544335e-02
1.477610357638544335e-02
1.477610357638544335e-02
8.789144650825373231e-03
8.789144650825373231e-03
8.789144650825373231e-03
8.789144650825373231e-03
5.984486093861856454e-03
4.693946538431748028e-03
4.693946538431748028e-03
4.693946538431748028e-03
4.693946538431748028e-03
4.693946538431748028e-03
4.693946538431748028e-03
4.693946538431748028e-03
4.693946538431748028e-03
0.000000000000000000e+00
0.000000000000000000e+00
0.000000000000000000e+00
2.050692097596465424e-02
2.050692097596465424e-02
2.588086839800871498e-03
1.623304522001992739e-02
1.623304522001992739e-02
1.623304522001992739e-02
1.623304522001992739e-02
1.623304522001992739e-02
1.623304522001992739e-02
1.623304522001992739e-02
1.623304522001992739e-02
1.623304522001992739e-02
1.623304522001992739e-02
1.623304522001992739e-02
1.623304522001992739e-02
4.536607530506028135e-02
9.867297180385098052e-03
9.867297180385098052e-03
9.867297180385098052e-03
9.867297180385098052e-03
9.867297180385098052e-03
9.867297180385098052e-03
9.867297180385098052e-03
9.867297180385098052e-03
2.713453720011718001e-02
1.926430180651309693e-02
1.926430180651309693e-02
1.926430180651309693e-02
1.926430180651309693e-02
1.926430180651309693e-02
1.926430180651309693e-02
1.344374373554237459e-02
0.000000000000000000e+00
0.000000000000000000e+00
0.000000000000000000e+00
0.000000000000000000e+00
1.136565087405952239e-02
0.000000000000000000e+00
0.000000000000000000e+00
0.000000000000000000e+00
1.627477857383731116e-02
1.627477857383731116e-02
1.627477857383731116e-02
1.627477857383731116e-02
1.627477857383731116e-02
1.627477857383731116e-02
1.627477857383731116e-02
1.627477857383731116e-02
1.010640579762626771e-02
4.296558231983170321e-03
4.296558231983170321e-03
1.010640579762626771e-02
4.296558231983170321e-03
4.296558231983170321e-03
4.296558231983170321e-03
0.000000000000000000e+00
6.837364542715600180e-02
6.837364542715600180e-02
6.837364542715600180e-02
0.000000000000000000e+00
0.000000000000000000e+00
0.000000000000000000e+00
0.000000000000000000e+00
6.586621927072149919e-03
1.350074749420892954e-04
1.350074749420892954e-04
1.350074749420892954e-04
1.350074749420892954e-04
1.331671379384557173e-02
3.372230370790389037e-02
3.372230370790389037e-02
3.372230370790389037e-02
3.372230370790389037e-02
3.372230370790389037e-02
3.372230370790389037e-02
0.000000000000000000e+00
1.054193443230982963e-02
1.054193443230982963e-02
1.054193443230982963e-02
1.054193443230982963e-02
1.054193443230982963e-02
1.054193443230982963e-02
1.054193443230982963e-02
1.054193443230982963e-02
0.000000000000000000e+00
1.632519101603334757e-02
1.632519101603334757e-02
1.632519101603334757e-02
1.632519101603334757e-02
1.632519101603334757e-02
1.632519101603334757e-02
1.632519101603334757e-02
1.632519101603334757e-02
1.668387278897218856e-02
4.811571575576314638e-03
1.668387278897218856e-02
1.668387278897218856e-02
1.668387278897218856e-02
1.668387278897218856e-02
1.668387278897218856e-02
4.811571575576314638e-03
4.811571575576314638e-03
4.811571575576314638e-03
7.053590478075460503e-03
1.965943188283607659e-02
1.965943188283607659e-02
1.965943188283607659e-02
1.965943188283607659e-02
1.965943188283607659e-02
1.965943188283607659e-02
1.965943188283607659e-02
1.965943188283607659e-02
1.025384466886301339e-02
4.849250755476217437e-03
4.849250755476217437e-03
4.849250755476217437e-03
4.849250755476217437e-03
4.849250755476217437e-03
4.046129058490960211e-03
3.188194379226657552e-03
3.188194379226657552e-03
3.188194379226657552e-03
3.188194379226657552e-03
3.188194379226657552e-03
3.188194379226657552e-03
1.707393512566669075e-02
7.923790706545238982e-03
7.923790706545238982e-03
7.923790706545238982e-03
7.923790706545238982e-03
0.000000000000000000e+00
0.000000000000000000e+00
0.000000000000000000e+00
1.642015082198755929e-02
1.642015082198755929e-02
1.642015082198755929e-02
1.642015082198755929e-02
1.642015082198755929e-02
1.642015082198755929e-02
1.642015082198755929e-02
1.642015082198755929e-02
1.642015082198755929e-02
1.642015082198755929e-02
1.642015082198755929e-02
1.364592230296815013e-02
1.364592230296815013e-02
1.364592230296815013e-02
1.364592230296815013e-02
1.364592230296815013e-02
1.364592230296815013e-02
1.364592230296815013e-02
1.364592230296815013e-02
1.364592230296815013e-02
1.364592230296815013e-02
1.364592230296815013e-02
1.364592230296815013e-02
1.364592230296815013e-02
1.364592230296815013e-02
1.364592230296815013e-02
1.716079529844700621e-02
3.772921538394599888e-04
3.772921538394599888e-04
3.772921538394599888e-04
3.772921538394599888e-04
1.494406438758209311e-02
1.694490270133301247e-03
1.694490270133301247e-03
1.694490270133301247e-03
1.694490270133301247e-03
1.694490270133301247e-03
1.694490270133301247e-03
1.694490270133301247e-03
1.694490270133301247e-03
2.911571170105352498e-03
2.719472112213192419e-02
2.719472112213192419e-02
2.719472112213192419e-02
2.719472112213192419e-02
2.719472112213192419e-02
2.719472112213192419e-02
2.719472112213192419e-02
2.719472112213192419e-02
2.029180188917210220e-03
4.467238945605541897e-03
4.467238945605541897e-03
4.467238945605541897e-03
4.467238945605541897e-03
2.452910809758257829e-02
2.020381235825157232e-02
1.405837912187068561e-03
1.405837912187068561e-03
1.405837912187068561e-03
1.405837912187068561e-03
1.405837912187068561e-03
2.020381235825157232e-02
3.992229823975431205e-03
0.000000000000000000e+00
0.000000000000000000e+00
0.000000000000000000e+00
0.000000000000000000e+00
7.937688548464848226e-03
5.444941587405337062e-03
5.444941587405337062e-03
5.444941587405337062e-03
5.444941587405337062e-03
5.444941587405337062e-03
5.444941587405337062e-03
5.444941587405337062e-03
5.444941587405337062e-03
5.444941587405337062e-03
5.444941587405337062e-03
5.444941587405337062e-03
5.444941587405337062e-03
5.444941587405337062e-03
5.444941587405337062e-03
5.444941587405337062e-03
5.444941587405337062e-03
5.444941587405337062e-03
5.444941587405337062e-03
5.444941587405337062e-03
5.444941587405337062e-03
1.629653454777524671e-02
7.775921482229678806e-03
7.775921482229678806e-03
7.775921482229678806e-03
7.775921482229678806e-03
7.775921482229678806e-03
7.775921482229678806e-03
0.000000000000000000e+00
0.000000000000000000e+00
0.000000000000000000e+00
0.000000000000000000e+00
0.000000000000000000e+00
1.501031160835221716e-04
1.501031160835221716e-04
1.501031160835221716e-04
1.501031160835221716e-04
1.501031160835221716e-04
1.501031160835221716e-04
1.501031160835221716e-04
1.501031160835221716e-04
3.109108001860928783e-02
3.478383650185105230e-02
3.478383650185105230e-02
4.999795332652964656e-03
1.752081452919362339e-03
1.752081452919362339e-03
1.097341147901056101e-02
5.648122238421225683e-03
5.648122238421225683e-03
5.648122238421225683e-03
5.648122238421225683e-03
5.648122238421225683e-03
5.648122238421225683e-03
5.648122238421225683e-03
5.648122238421225683e-03
5.648122238421225683e-03
5.648122238421225683e-03
5.648122238421225683e-03
5.648122238421225683e-03
5.648122238421225683e-03
5.648122238421225683e-03
2.140075354242523473e-02
1.851506536677453504e-02
1.851506536677453504e-02
1.851506536677453504e-02
1.851506536677453504e-02
1.128051196002121705e-02
1.975439930326029596e-03
1.975439930326029596e-03
1.975439930326029596e-03
1.975439930326029596e-03
1.975439930326029596e-03
1.975439930326029596e-03
1.975439930326029596e-03
1.975439930326029596e-03
1.975439930326029596e-03
1.975439930326029596e-03
1.975439930326029596e-03
1.975439930326029596e-03
1.975439930326029596e-03
1.975439930326029596e-03
1.975439930326029596e-03
1.975439930326029596e-03
1.280146115623237262e-02
3.868752775081374991e-03
3.868752775081374991e-03
3.605337444795651131e-02
5.250542367251941067e-03
5.250542367251941067e-03
5.250542367251941067e-03
5.250542367251941067e-03
5.250542367251941067e-03
5.250542367251941067e-03
2.057870999986993049e-02
3.109108001860928783e-02
3.109108001860928783e-02
3.109108001860928783e-02
3.109108001860928783e-02
3.109108001860928783e-02
5.666025662154551557e-03
5.666025662154551557e-03
5.666025662154551557e-03
5.666025662154551557e-03
5.666025662154551557e-03
5.666025662154551557e-03
5.666025662154551557e-03
5.666025662154551557e-03
5.666025662154551557e-03
5.666025662154551557e-03
5.666025662154551557e-03
2.116975955443680443e-03
3.466859904375942797e-02
3.466859904375942797e-02
3.466859904375942797e-02
5.772613776362269834e-03
5.772613776362269834e-03
5.772613776362269834e-03
5.772613776362269834e-03
5.772613776362269834e-03
5.772613776362269834e-03
5.772613776362269834e-03
5.772613776362269834e-03
5.772613776362269834e-03
5.772613776362269834e-03
5.772613776362269834e-03
5.793789903095368163e-03
2.612865300138992458e-03
1.361413052186651908e-02
1.361413052186651908e-02
1.361413052186651908e-02
1.361413052186651908e-02
1.361413052186651908e-02
1.361413052186651908e-02
1.361413052186651908e-02
1.361413052186651908e-02
1.361413052186651908e-02
1.361413052186651908e-02
1.361413052186651908e-02
1.361413052186651908e-02
1.361413052186651908e-02
1.361413052186651908e-02
1.361413052186651908e-02
2.909126353179950983e-02
1.383344139463185034e-03
1.383344139463185034e-03
1.383344139463185034e-03
1.383344139463185034e-03
1.383344139463185034e-03
1.383344139463185034e-03
1.383344139463185034e-03
1.383344139463185034e-03
1.383344139463185034e-03
8.939690236300094212e-03
8.939690236300094212e-03
8.939690236300094212e-03
8.939690236300094212e-03
8.939690236300094212e-03
8.939690236300094212e-03
8.939690236300094212e-03
8.939690236300094212e-03
8.939690236300094212e-03
8.939690236300094212e-03
8.939690236300094212e-03
2.010064274312008820e-02
0.000000000000000000e+00
0.000000000000000000e+00
0.000000000000000000e+00
0.000000000000000000e+00
2.412455034993325753e-02
1.175538230217607234e-02
1.175538230217607234e-02
7.480923989715045075e-02
2.638155197487141931e-02
2.638155197487141931e-02
2.638155197487141931e-02
2.638155197487141931e-02
6.172966162579090164e-03
6.172966162579090164e-03
6.172966162579090164e-03
2.880605382649462434e-02
1.762060588604797556e-02
1.762060588604797556e-02
1.762060588604797556e-02
1.762060588604797556e-02
1.762060588604797556e-02
1.762060588604797556e-02
1.762060588604797556e-02
1.762060588604797556e-02
8.345984841475799498e-03
4.171587275647112812e-03
4.171587275647112812e-03
4.171587275647112812e-03
4.171587275647112812e-03
4.171587275647112812e-03
4.171587275647112812e-03
4.171587275647112812e-03
4.171587275647112812e-03
2.012699352945355319e-02
2.291462528569859769e-02
2.291462528569859769e-02
2.291462528569859769e-02
2.291462528569859769e-02
2.291462528569859769e-02
0.000000000000000000e+00
1.041363123850105182e-02
1.041363123850105182e-02
1.041363123850105182e-02
1.041363123850105182e-02
1.041363123850105182e-02
1.041363123850105182e-02
1.041363123850105182e-02
1.041363123850105182e-02
1.041363123850105182e-02
1.041363123850105182e-02
1.041363123850105182e-02
1.041363123850105182e-02
1.041363123850105182e-02
1.041363123850105182e-02
1.041363123850105182e-02
1.041363123850105182e-02
2.132750348528745404e-04
2.132750348528745404e-04
2.132750348528745404e-04
2.132750348528745404e-04
2.132750348528745404e-04
2.132750348528745404e-04
2.132750348528745404e-04
2.132750348528745404e-04
2.132750348528745404e-04
1.844517010032658069e-02
2.132750348528745404e-04
2.132750348528745404e-04
2.132750348528745404e-04
2.132750348528745404e-04
2.132750348528745404e-04
2.132750348528745404e-04
2.132750348528745404e-04
2.063349056285121094e-02
5.586194160203235282e-03
5.586194160203235282e-03
5.586194160203235282e-03
5.586194160203235282e-03
2.638234112808167386e-02
2.501021861775111314e-03
2.501021861775111314e-03
2.501021861775111314e-03
2.501021861775111314e-03
2.501021861775111314e-03
2.501021861775111314e-03
7.676867801329837968e-03
1.707502074523759407e-03
1.707502074523759407e-03
1.707502074523759407e-03
1.707502074523759407e-03
3.395047329538554426e-02
3.638879204685775085e-03
3.638879204685775085e-03
3.638879204685775085e-03
3.638879204685775085e-03
3.638879204685775085e-03
3.638879204685775085e-03
3.638879204685775085e-03
3.638879204685775085e-03
3.638879204685775085e-03
3.638879204685775085e-03
3.638879204685775085e-03
3.638879204685775085e-03
3.638879204685775085e-03
3.638879204685775085e-03
3.638879204685775085e-03
3.638879204685775085e-03
4.957783964409586373e-03
1.815140383803302837e-02
1.815140383803302837e-02
0.000000000000000000e+00
3.735552666238516756e-02
3.735552666238516756e-02
3.735552666238516756e-02
3.735552666238516756e-02
3.735552666238516756e-02
3.735552666238516756e-02
3.735552666238516756e-02
3.735552666238516756e-02
3.735552666238516756e-02
3.735552666238516756e-02
3.735552666238516756e-02
3.735552666238516756e-02
3.735552666238516756e-02
3.735552666238516756e-02
5.016766285081232036e-04
4.950772167397122191e-03
4.950772167397122191e-03
4.950772167397122191e-03
4.950772167397122191e-03
4.950772167397122191e-03
4.950772167397122191e-03
4.950772167397122191e-03
4.950772167397122191e-03
3.494639709255667123e-03
2.057870999986993049e-02
2.057870999986993049e-02
2.057870999986993049e-02
2.057870999986993049e-02
0.000000000000000000e+00
0.000000000000000000e+00
0.000000000000000000e+00
0.000000000000000000e+00
0.000000000000000000e+00
0.000000000000000000e+00
0.000000000000000000e+00
0.000000000000000000e+00
0.000000000000000000e+00
0.000000000000000000e+00
0.000000000000000000e+00
8.378727519862254683e-03
1.524055928877798751e-04
1.524055928877798751e-04
1.524055928877798751e-04
1.524055928877798751e-04
2.902820750177238546e-04
1.232399735173801171e-02
1.232399735173801171e-02
1.232399735173801171e-02
1.232399735173801171e-02
1.232399735173801171e-02
1.232399735173801171e-02
1.232399735173801171e-02
1.232399735173801171e-02
1.577637409377361313e-02
3.432275388614858865e-03
3.432275388614858865e-03
3.432275388614858865e-03
3.432275388614858865e-03
3.432275388614858865e-03
3.432275388614858865e-03
3.432275388614858865e-03
3.432275388614858865e-03
3.432275388614858865e-03
3.432275388614858865e-03
6.780503886854851066e-03
2.504706124447320797e-02
2.504706124447320797e-02
2.504706124447320797e-02
2.504706124447320797e-02
2.504706124447320797e-02
2.504706124447320797e-02
2.504706124447320797e-02
2.504706124447320797e-02
2.504706124447320797e-02
2.504706124447320797e-02
2.504706124447320797e-02
2.504706124447320797e-02
2.504706124447320797e-02
2.504706124447320797e-02
1.373228484318736280e-02
6.742689698420499880e-03
6.742689698420499880e-03
6.742689698420499880e-03
6.742689698420499880e-03
6.742689698420499880e-03
6.742689698420499880e-03
6.742689698420499880e-03
6.742689698420499880e-03
6.742689698420499880e-03
6.742689698420499880e-03
0.000000000000000000e+00
1.432274647364690547e-02
1.432274647364690547e-02
0.000000000000000000e+00
2.277178751883796037e-03
2.277178751883796037e-03
2.277178751883796037e-03
2.277178751883796037e-03
2.277178751883796037e-03
2.277178751883796037e-03
2.277178751883796037e-03
2.277178751883796037e-03
7.017832383782355611e-03
1.213045044837592415e-02
1.213045044837592415e-02
1.213045044837592415e-02
1.213045044837592415e-02
0.000000000000000000e+00
1.213045044837592415e-02
5.227861008358188587e-03
6.886527815839776521e-04
6.886527815839776521e-04
6.886527815839776521e-04
6.886527815839776521e-04
6.886527815839776521e-04
6.886527815839776521e-04
6.886527815839776521e-04
6.886527815839776521e-04
6.886527815839776521e-04
6.886527815839776521e-04
0.000000000000000000e+00
2.980731779267758747e-03
2.980731779267758747e-03
2.980731779267758747e-03
2.980731779267758747e-03
2.980731779267758747e-03
2.980731779267758747e-03
9.353144544967724461e-03
2.984392116518314844e-04
2.984392116518314844e-04
2.984392116518314844e-04
2.984392116518314844e-04
2.984392116518314844e-04
2.984392116518314844e-04
2.984392116518314844e-04
2.984392116518314844e-04
2.984392116518314844e-04
2.984392116518314844e-04
2.984392116518314844e-04
2.984392116518314844e-04
2.984392116518314844e-04
2.984392116518314844e-04
8.148295518588959813e-03
4.110496730016947875e-03
4.110496730016947875e-03
2.684520394546936924e-03
2.909126353179950983e-02
2.909126353179950983e-02
2.909126353179950983e-02
2.909126353179950983e-02
2.909126353179950983e-02
2.909126353179950983e-02
2.909126353179950983e-02
2.909126353179950983e-02
2.909126353179950983e-02
9.866962603551195088e-03
1.711700701517328629e-02
1.711700701517328629e-02
1.711700701517328629e-02
1.711700701517328629e-02
1.711700701517328629e-02
1.711700701517328629e-02
1.711700701517328629e-02
1.711700701517328629e-02
1.711700701517328629e-02
1.711700701517328629e-02
8.696812051025310658e-03
8.696812051025310658e-03
8.696812051025310658e-03
8.696812051025310658e-03
8.696812051025310658e-03
8.696812051025310658e-03
8.696812051025310658e-03
8.696812051025310658e-03
8.696812051025310658e-03
8.696812051025310658e-03
8.696812051025310658e-03
2.290506782113273937e-02
1.271107197732531877e-02
1.271107197732531877e-02
1.271107197732531877e-02
1.271107197732531877e-02
1.271107197732531877e-02
1.271107197732531877e-02
1.271107197732531877e-02
1.271107197732531877e-02
1.271107197732531877e-02
1.271107197732531877e-02
1.271107197732531877e-02
1.271107197732531877e-02
1.271107197732531877e-02
1.271107197732531877e-02
1.271107197732531877e-02
1.271107197732531877e-02
1.271107197732531877e-02
1.271107197732531877e-02
1.271107197732531877e-02
1.271107197732531877e-02
1.271107197732531877e-02
1.271107197732531877e-02
1.271107197732531877e-02
1.271107197732531877e-02
1.096623477009681102e-02
0.000000000000000000e+00
0.000000000000000000e+00
0.000000000000000000e+00
0.000000000000000000e+00
0.000000000000000000e+00
0.000000000000000000e+00
0.000000000000000000e+00
4.495570270631946835e-02
4.495570270631946835e-02
4.495570270631946835e-02
4.495570270631946835e-02
0.000000000000000000e+00
0.000000000000000000e+00
0.000000000000000000e+00
0.000000000000000000e+00
0.000000000000000000e+00
0.000000000000000000e+00
0.000000000000000000e+00
0.000000000000000000e+00
0.000000000000000000e+00
0.000000000000000000e+00
0.000000000000000000e+00
2.887626352416063687e-03
1.521994606439028806e-03
1.521994606439028806e-03
1.521994606439028806e-03
1.521994606439028806e-03
1.521994606439028806e-03
1.521994606439028806e-03
1.521994606439028806e-03
1.521994606439028806e-03
1.521994606439028806e-03
1.521994606439028806e-03
2.116956235601318709e-02
6.638321474934603776e-03
6.638321474934603776e-03
6.638321474934603776e-03
6.638321474934603776e-03
6.638321474934603776e-03
6.638321474934603776e-03
6.638321474934603776e-03
6.638321474934603776e-03
1.422632240818678777e-02
1.709450789545535407e-02
1.709450789545535407e-02
1.709450789545535407e-02
1.709450789545535407e-02
1.709450789545535407e-02
1.709450789545535407e-02
1.709450789545535407e-02
1.709450789545535407e-02
1.709450789545535407e-02
1.709450789545535407e-02
1.709450789545535407e-02
1.709450789545535407e-02
1.709450789545535407e-02
1.709450789545535407e-02
2.116956235601318709e-02
2.116956235601318709e-02
2.116956235601318709e-02
2.116956235601318709e-02
3.530066375581631440e-03
3.530066375581631440e-03
3.530066375581631440e-03
2.452910809758257829e-02
3.530066375581631440e-03
3.530066375581631440e-03
3.530066375581631440e-03
3.530066375581631440e-03
3.530066375581631440e-03
3.530066375581631440e-03
3.530066375581631440e-03
3.513424824060840113e-02
0.000000000000000000e+00
0.000000000000000000e+00
0.000000000000000000e+00
0.000000000000000000e+00
0.000000000000000000e+00
0.000000000000000000e+00
2.854425926159964017e-02
2.033763132774424331e-02
2.033763132774424331e-02
2.033763132774424331e-02
2.033763132774424331e-02
2.033763132774424331e-02
2.033763132774424331e-02
2.033763132774424331e-02
2.033763132774424331e-02
1.550901552679209011e-02
2.076143083029753991e-02
2.076143083029753991e-02
1.871803251269134327e-02
6.941465297419796218e-03
6.941465297419796218e-03
5.126038479036178208e-03
8.392379856780029027e-03
2.840522104904407916e-03
2.840522104904407916e-03
2.840522104904407916e-03
2.840522104904407916e-03
2.840522104904407916e-03
2.840522104904407916e-03
2.840522104904407916e-03
2.840522104904407916e-03
2.840522104904407916e-03
2.840522104904407916e-03
2.840522104904407916e-03
2.840522104904407916e-03
2.840522104904407916e-03
1.840993473866068967e-03
1.061888130387315075e-02
1.061888130387315075e-02
1.061888130387315075e-02
1.061888130387315075e-02
1.250006569942934721e-02
1.250006569942934721e-02
1.250006569942934721e-02
2.771811665533639030e-02
1.860360837069042692e-02
1.860360837069042692e-02
1.916464060296022703e-02
5.722450433485554329e-03
5.722450433485554329e-03
5.722450433485554329e-03
5.722450433485554329e-03
5.722450433485554329e-03
5.722450433485554329e-03
5.722450433485554329e-03
5.722450433485554329e-03
5.722450433485554329e-03
5.722450433485554329e-03
5.722450433485554329e-03
5.722450433485554329e-03
5.722450433485554329e-03
5.722450433485554329e-03
5.722450433485554329e-03
5.722450433485554329e-03
1.446159826699331200e-02
1.446159826699331200e-02
1.446159826699331200e-02
1.968002029061180144e-02
1.968002029061180144e-02
1.968002029061180144e-02
1.968002029061180144e-02
1.968002029061180144e-02
1.968002029061180144e-02
1.968002029061180144e-02
1.968002029061180144e-02
1.968002029061180144e-02
1.968002029061180144e-02
1.225554346164946706e-04
1.225554346164946706e-04
1.225554346164946706e-04
1.225554346164946706e-04
1.225554346164946706e-04
1.225554346164946706e-04
1.225554346164946706e-04
1.225554346164946706e-04
1.225554346164946706e-04
1.225554346164946706e-04
1.225554346164946706e-04
1.225554346164946706e-04
1.225554346164946706e-04
1.225554346164946706e-04
1.225554346164946706e-04
2.854425926159964017e-02
2.854425926159964017e-02
2.854425926159964017e-02
2.854425926159964017e-02
2.397076962738731339e-03
1.881938710126607531e-02
1.881938710126607531e-02
1.881938710126607531e-02
1.881938710126607531e-02
1.881938710126607531e-02
1.881938710126607531e-02
1.881938710126607531e-02
1.881938710126607531e-02
1.881938710126607531e-02
1.881938710126607531e-02
1.881938710126607531e-02
1.881938710126607531e-02
1.085909700378546137e-02
2.473124836044703415e-02
2.473124836044703415e-02
2.473124836044703415e-02
2.473124836044703415e-02
2.473124836044703415e-02
2.473124836044703415e-02
2.473124836044703415e-02
2.473124836044703415e-02
2.473124836044703415e-02
2.473124836044703415e-02
2.473124836044703415e-02
2.473124836044703415e-02
2.473124836044703415e-02
2.473124836044703415e-02
2.473124836044703415e-02
2.473124836044703415e-02
9.866962603551195088e-03
9.866962603551195088e-03
9.866962603551195088e-03
9.866962603551195088e-03
9.866962603551195088e-03
9.866962603551195088e-03
1.031942765476795421e-02
1.715969731058386225e-02
1.715969731058386225e-02
1.715969731058386225e-02
1.715969731058386225e-02
1.715969731058386225e-02
1.715969731058386225e-02
1.715969731058386225e-02
1.715969731058386225e-02
1.715969731058386225e-02
1.715969731058386225e-02
0.000000000000000000e+00
0.000000000000000000e+00
0.000000000000000000e+00
0.000000000000000000e+00
0.000000000000000000e+00
2.771811665533639030e-02
2.771811665533639030e-02
2.771811665533639030e-02
2.771811665533639030e-02
2.771811665533639030e-02
2.771811665533639030e-02
2.771811665533639030e-02
8.700471795977224657e-03
7.253152301074906015e-04
7.253152301074906015e-04
7.253152301074906015e-04
7.253152301074906015e-04
7.253152301074906015e-04
7.253152301074906015e-04
3.733197571410645094e-03
7.033698820382609622e-03
7.033698820382609622e-03
7.033698820382609622e-03
7.033698820382609622e-03
5.095870211425466284e-02
3.237464022274241793e-02
3.237464022274241793e-02
3.237464022274241793e-02
3.237464022274241793e-02
3.237464022274241793e-02
3.237464022274241793e-02
3.237464022274241793e-02
3.237464022274241793e-02
3.237464022274241793e-02
3.237464022274241793e-02
5.578036003306592605e-03
1.139576117803757635e-03
1.139576117803757635e-03
1.139576117803757635e-03
1.139576117803757635e-03
1.420363073613006323e-02
4.321134551836260627e-03
4.321134551836260627e-03
4.321134551836260627e-03
4.321134551836260627e-03
4.321134551836260627e-03
4.321134551836260627e-03
4.321134551836260627e-03
4.321134551836260627e-03
4.321134551836260627e-03
4.321134551836260627e-03
8.707382111136882305e-03
6.245745504620524649e-03
6.245745504620524649e-03
6.245745504620524649e-03
6.245745504620524649e-03
6.245745504620524649e-03
6.245745504620524649e-03
6.245745504620524649e-03
6.245745504620524649e-03
6.245745504620524649e-03
6.245745504620524649e-03
7.480923989715045075e-02
7.480923989715045075e-02
7.480923989715045075e-02
7.480923989715045075e-02
7.480923989715045075e-02
7.480923989715045075e-02
4.542130052202033620e-03
6.778858506836716279e-03
6.778858506836716279e-03
6.778858506836716279e-03
6.778858506836716279e-03
6.778858506836716279e-03
6.778858506836716279e-03
6.778858506836716279e-03
6.778858506836716279e-03
6.778858506836716279e-03
6.778858506836716279e-03
1.228240132889119041e-02
1.021919240182966003e-02
1.021919240182966003e-02
1.021919240182966003e-02
1.021919240182966003e-02
1.021919240182966003e-02
1.021919240182966003e-02
1.056966665950866309e-02
1.171321514113407163e-04
1.171321514113407163e-04
1.171321514113407163e-04
1.171321514113407163e-04
1.171321514113407163e-04
1.171321514113407163e-04
8.555025445618171659e-03
8.382831505396514879e-03
1.694600626388431674e-02
1.904305442185843730e-03
1.904305442185843730e-03
1.904305442185843730e-03
1.904305442185843730e-03
1.904305442185843730e-03
1.904305442185843730e-03
2.032512397829323858e-02
8.792956683611527838e-03
8.792956683611527838e-03
8.792956683611527838e-03
8.792956683611527838e-03
8.792956683611527838e-03
8.792956683611527838e-03
8.792956683611527838e-03
8.792956683611527838e-03
0.000000000000000000e+00
0.000000000000000000e+00
2.186661912078746370e-02
2.186661912078746370e-02
2.879156910842025491e-02
2.879156910842025491e-02
0.000000000000000000e+00
1.232372107005251472e-03
1.232372107005251472e-03
1.232372107005251472e-03
1.232372107005251472e-03
1.232372107005251472e-03
1.232372107005251472e-03
1.232372107005251472e-03
1.232372107005251472e-03
2.210591632509937253e-03
2.485983696703932596e-03
2.485983696703932596e-03
5.729139038579034345e-03
5.729139038579034345e-03
5.729139038579034345e-03
5.729139038579034345e-03
5.729139038579034345e-03
5.729139038579034345e-03
5.729139038579034345e-03
5.729139038579034345e-03
5.729139038579034345e-03
5.729139038579034345e-03
5.729139038579034345e-03
0.000000000000000000e+00
0.000000000000000000e+00
0.000000000000000000e+00
1.736047576487459443e-02
1.736047576487459443e-02
1.736047576487459443e-02
1.049179439011027788e-02
8.573255582917693393e-03
8.573255582917693393e-03
8.573255582917693393e-03
8.573255582917693393e-03
8.573255582917693393e-03
8.573255582917693393e-03
8.573255582917693393e-03
8.573255582917693393e-03
8.573255582917693393e-03
8.573255582917693393e-03
0.000000000000000000e+00
5.051158551125343316e-03
5.051158551125343316e-03
5.051158551125343316e-03
5.051158551125343316e-03
5.051158551125343316e-03
5.051158551125343316e-03
5.051158551125343316e-03
5.051158551125343316e-03
5.051158551125343316e-03
5.051158551125343316e-03
5.051158551125343316e-03
5.051158551125343316e-03
1.693291700587437609e-02
3.345217028359494943e-02
3.345217028359494943e-02
3.345217028359494943e-02
3.345217028359494943e-02
3.345217028359494943e-02
3.345217028359494943e-02
3.345217028359494943e-02
3.345217028359494943e-02
3.345217028359494943e-02
3.345217028359494943e-02
8.030720362406502250e-03
2.589428144899261815e-03
2.589428144899261815e-03
2.589428144899261815e-03
2.589428144899261815e-03
2.589428144899261815e-03
2.589428144899261815e-03
2.589428144899261815e-03
1.367080248482462415e-02
2.001908106139949853e-03
2.001908106139949853e-03
2.001908106139949853e-03
2.001908106139949853e-03
2.001908106139949853e-03
2.001908106139949853e-03
2.001908106139949853e-03
2.001908106139949853e-03
2.001908106139949853e-03
2.001908106139949853e-03
2.001908106139949853e-03
2.001908106139949853e-03
2.001908106139949853e-03
2.001908106139949853e-03
2.001908106139949853e-03
2.001908106139949853e-03
2.001908106139949853e-03
2.001908106139949853e-03
2.535895280265417894e-03
1.377509234004303980e-02
1.377509234004303980e-02
1.377509234004303980e-02
1.377509234004303980e-02
1.377509234004303980e-02
1.377509234004303980e-02
1.554741573528552667e-03
1.554741573528552667e-03
1.554741573528552667e-03
1.437116683384523190e-02
1.153824055414093969e-02
1.153824055414093969e-02
0.000000000000000000e+00
6.890989098344860175e-03
6.890989098344860175e-03
6.890989098344860175e-03
6.890989098344860175e-03
6.890989098344860175e-03
6.890989098344860175e-03
6.890989098344860175e-03
6.890989098344860175e-03
6.890989098344860175e-03
6.890989098344860175e-03
6.890989098344860175e-03
6.890989098344860175e-03
0.000000000000000000e+00
1.802560410032602199e-03
1.802560410032602199e-03
1.802560410032602199e-03
1.802560410032602199e-03
1.344374373554237459e-02
1.821553028325983113e-03
1.748497445496780336e-02
1.748497445496780336e-02
1.748497445496780336e-02
1.748497445496780336e-02
1.748497445496780336e-02
1.748497445496780336e-02
1.748497445496780336e-02
1.748497445496780336e-02
6.541658361731777019e-03
6.488682929993688786e-03
6.488682929993688786e-03
6.488682929993688786e-03
6.488682929993688786e-03
9.148986794842738079e-03
9.148986794842738079e-03
9.148986794842738079e-03
9.148986794842738079e-03
9.148986794842738079e-03
9.148986794842738079e-03
9.148986794842738079e-03
9.148986794842738079e-03
9.148986794842738079e-03
9.148986794842738079e-03
9.148986794842738079e-03
9.148986794842738079e-03
0.000000000000000000e+00
0.000000000000000000e+00
0.000000000000000000e+00
0.000000000000000000e+00
0.000000000000000000e+00
0.000000000000000000e+00
0.000000000000000000e+00
0.000000000000000000e+00
0.000000000000000000e+00
0.000000000000000000e+00
2.922480118599622007e-02
1.184560687873661977e-03
1.184560687873661977e-03
1.184560687873661977e-03
1.184560687873661977e-03
1.184560687873661977e-03
1.184560687873661977e-03
0.000000000000000000e+00
0.000000000000000000e+00
0.000000000000000000e+00
0.000000000000000000e+00
5.964219294986403130e-03
5.964219294986403130e-03
5.964219294986403130e-03
5.964219294986403130e-03
5.964219294986403130e-03
5.964219294986403130e-03
5.964219294986403130e-03
5.964219294986403130e-03
5.964219294986403130e-03
5.964219294986403130e-03
5.964219294986403130e-03
5.227861008358188587e-03
5.227861008358188587e-03
1.272470873462962573e-02
2.660482583407176166e-02
2.660482583407176166e-02
2.535895280265417894e-03
2.535895280265417894e-03
2.535895280265417894e-03
2.535895280265417894e-03
2.535895280265417894e-03
2.535895280265417894e-03
2.535895280265417894e-03
2.535895280265417894e-03
2.535895280265417894e-03
2.535895280265417894e-03
8.180921121023641829e-02
8.180921121023641829e-02
8.180921121023641829e-02
8.180921121023641829e-02
8.180921121023641829e-02
8.180921121023641829e-02
8.180921121023641829e-02
8.180921121023641829e-02
8.180921121023641829e-02
8.180921121023641829e-02
8.180921121023641829e-02
8.180921121023641829e-02
8.180921121023641829e-02
8.180921121023641829e-02
8.180921121023641829e-02
0.000000000000000000e+00
0.000000000000000000e+00
0.000000000000000000e+00
0.000000000000000000e+00
1.589525827093691765e-02
1.589525827093691765e-02
1.589525827093691765e-02
1.589525827093691765e-02
1.589525827093691765e-02
1.589525827093691765e-02
1.589525827093691765e-02
1.589525827093691765e-02
8.740073184264977521e-03
8.487316849488151654e-03
8.487316849488151654e-03
8.487316849488151654e-03
8.487316849488151654e-03
8.487316849488151654e-03
8.487316849488151654e-03
3.927146130954887841e-03
3.728114304808614367e-03
3.728114304808614367e-03
3.728114304808614367e-03
3.728114304808614367e-03
3.728114304808614367e-03
3.728114304808614367e-03
3.728114304808614367e-03
3.728114304808614367e-03
3.728114304808614367e-03
3.728114304808614367e-03
3.728114304808614367e-03
3.728114304808614367e-03
3.728114304808614367e-03
3.728114304808614367e-03
3.728114304808614367e-03
3.728114304808614367e-03
3.728114304808614367e-03
3.728114304808614367e-03
3.728114304808614367e-03
3.728114304808614367e-03
1.191602725525419716e-02
1.526838747096351777e-02
1.526838747096351777e-02
1.526838747096351777e-02
1.526838747096351777e-02
1.526838747096351777e-02
1.526838747096351777e-02
8.922452906004216949e-03
1.692645637652386709e-02
1.692645637652386709e-02
1.692645637652386709e-02
1.692645637652386709e-02
1.692645637652386709e-02
1.692645637652386709e-02
1.692645637652386709e-02
1.692645637652386709e-02
8.346498194211850533e-03
1.110226083874852991e-02
1.110226083874852991e-02
1.110226083874852991e-02
1.110226083874852991e-02
1.110226083874852991e-02
1.110226083874852991e-02
1.110226083874852991e-02
1.110226083874852991e-02
3.580241727114332894e-04
6.321313519046303613e-03
6.321313519046303613e-03
6.321313519046303613e-03
6.321313519046303613e-03
3.640986403432216155e-03
6.603218784365485865e-03
6.603218784365485865e-03
6.603218784365485865e-03
6.603218784365485865e-03
6.603218784365485865e-03
6.603218784365485865e-03
8.922452906004216949e-03
8.922452906004216949e-03
2.058813627155087547e-02
9.525757528319845485e-03
9.525757528319845485e-03
9.525757528319845485e-03
9.525757528319845485e-03
0.000000000000000000e+00
0.000000000000000000e+00
0.000000000000000000e+00
0.000000000000000000e+00
0.000000000000000000e+00
0.000000000000000000e+00
0.000000000000000000e+00
0.000000000000000000e+00
0.000000000000000000e+00
0.000000000000000000e+00
0.000000000000000000e+00
0.000000000000000000e+00
0.000000000000000000e+00
0.000000000000000000e+00
1.103054597321014539e-02
1.103054597321014539e-02
1.103054597321014539e-02
1.103054597321014539e-02
1.103054597321014539e-02
1.103054597321014539e-02
1.103054597321014539e-02
1.103054597321014539e-02
1.103054597321014539e-02
1.103054597321014539e-02
1.045470190702134199e-02
1.973028637042855901e-02
1.973028637042855901e-02
1.973028637042855901e-02
1.973028637042855901e-02
9.373493015832217584e-03
1.041286823401476810e-02
1.041286823401476810e-02
9.373493015832217584e-03
1.041286823401476810e-02
1.041286823401476810e-02
1.041286823401476810e-02
9.373493015832217584e-03
1.041286823401476810e-02
1.041286823401476810e-02
1.041286823401476810e-02
1.041286823401476810e-02
1.041286823401476810e-02
1.041286823401476810e-02
1.041286823401476810e-02
1.041286823401476810e-02
1.041286823401476810e-02
6.725374839649469853e-03
1.356218221931869243e-02
1.356218221931869243e-02
0.000000000000000000e+00
0.000000000000000000e+00
0.000000000000000000e+00
0.000000000000000000e+00
9.699966527995977639e-03
2.204780623145980063e-03
2.204780623145980063e-03
1.036130540628417765e-02
3.503217738431497249e-03
3.503217738431497249e-03
3.503217738431497249e-03
3.503217738431497249e-03
3.503217738431497249e-03
3.503217738431497249e-03
2.086340654684195120e-02
9.289296600690669786e-03
9.289296600690669786e-03
9.289296600690669786e-03
9.289296600690669786e-03
9.289296600690669786e-03
9.289296600690669786e-03
0.000000000000000000e+00
2.029180188917210220e-03
2.029180188917210220e-03
2.029180188917210220e-03
2.029180188917210220e-03
2.029180188917210220e-03
2.819487109558251742e-02
4.325492862058915797e-03
4.325492862058915797e-03
4.325492862058915797e-03
4.325492862058915797e-03
4.325492862058915797e-03
4.325492862058915797e-03
4.325492862058915797e-03
4.325492862058915797e-03
4.325492862058915797e-03
4.325492862058915797e-03
4.325492862058915797e-03
4.325492862058915797e-03
4.325492862058915797e-03
4.325492862058915797e-03
4.325492862058915797e-03
4.325492862058915797e-03
0.000000000000000000e+00
1.270557565590921603e-02
1.270557565590921603e-02
1.270557565590921603e-02
1.270557565590921603e-02
2.607502688818891592e-02
1.112892459422339239e-03
1.112892459422339239e-03
1.112892459422339239e-03
1.112892459422339239e-03
1.112892459422339239e-03
1.112892459422339239e-03
1.112892459422339239e-03
1.112892459422339239e-03
1.112892459422339239e-03
4.865043995289693862e-03
1.122691948128321481e-02
1.122691948128321481e-02
1.122691948128321481e-02
1.122691948128321481e-02
1.122691948128321481e-02
1.122691948128321481e-02
1.122691948128321481e-02
1.122691948128321481e-02
5.936591762654814912e-03
0.000000000000000000e+00
1.798846933054118122e-02
1.798846933054118122e-02
1.798846933054118122e-02
1.798846933054118122e-02
3.079915712312106344e-03
1.720177999865045611e-03
1.720177999865045611e-03
4.543290501478746725e-03
8.037576745809661694e-03
8.037576745809661694e-03
8.037576745809661694e-03
8.037576745809661694e-03
8.037576745809661694e-03
8.037576745809661694e-03
8.037576745809661694e-03
8.037576745809661694e-03
8.037576745809661694e-03
8.037576745809661694e-03
8.037576745809661694e-03
8.037576745809661694e-03
8.037576745809661694e-03
8.037576745809661694e-03
8.037576745809661694e-03
8.037576745809661694e-03
0.000000000000000000e+00
0.000000000000000000e+00
0.000000000000000000e+00
1.025915828191460710e-02
1.656901820871300307e-02
4.821699949803591283e-03
2.068667681890721047e-02
2.068667681890721047e-02
2.068667681890721047e-02
2.068667681890721047e-02
2.971776620003829718e-03
2.774161900878896903e-03
2.774161900878896903e-03
2.774161900878896903e-03
4.376557105084279142e-02
3.496821304425284244e-02
3.496821304425284244e-02
2.239892980125602479e-02
2.239892980125602479e-02
2.239892980125602479e-02
2.140075354242523473e-02
4.492837634726153107e-03
4.492837634726153107e-03
4.492837634726153107e-03
4.492837634726153107e-03
4.492837634726153107e-03
4.492837634726153107e-03
3.648113601975999654e-02
3.648113601975999654e-02
1.112701595484393534e-02
2.772303421351748898e-03
2.772303421351748898e-03
2.623634151125286279e-02
4.113751471346395461e-02
4.113751471346395461e-02
4.113751471346395461e-02
4.113751471346395461e-02
0.000000000000000000e+00
0.000000000000000000e+00
1.749709662736610369e-02
4.401393901796867188e-03
4.401393901796867188e-03
4.401393901796867188e-03
4.401393901796867188e-03
4.401393901796867188e-03
4.401393901796867188e-03
4.401393901796867188e-03
4.401393901796867188e-03
4.401393901796867188e-03
4.401393901796867188e-03
4.401393901796867188e-03
4.401393901796867188e-03
4.401393901796867188e-03
4.401393901796867188e-03
0.000000000000000000e+00
2.358388425623724957e-02
2.358388425623724957e-02
2.358388425623724957e-02
2.358388425623724957e-02
2.358388425623724957e-02
2.358388425623724957e-02
2.358388425623724957e-02
2.358388425623724957e-02
2.358388425623724957e-02
2.358388425623724957e-02
0.000000000000000000e+00
0.000000000000000000e+00
0.000000000000000000e+00
0.000000000000000000e+00
7.894467967531654251e-02
3.427970577898425530e-03
3.427970577898425530e-03
3.427970577898425530e-03
3.427970577898425530e-03
3.179284724595859112e-03
3.179284724595859112e-03
3.179284724595859112e-03
3.179284724595859112e-03
3.179284724595859112e-03
3.179284724595859112e-03
3.179284724595859112e-03
3.179284724595859112e-03
3.179284724595859112e-03
3.179284724595859112e-03
3.179284724595859112e-03
1.572668967539960633e-02
1.675067529147911127e-02
1.675067529147911127e-02
1.675067529147911127e-02
1.675067529147911127e-02
1.675067529147911127e-02
1.675067529147911127e-02
1.431400186340460283e-02
1.195017357945131302e-02
1.195017357945131302e-02
1.195017357945131302e-02
1.195017357945131302e-02
1.195017357945131302e-02
1.195017357945131302e-02
1.195017357945131302e-02
1.195017357945131302e-02
3.512161328754567075e-02
9.678532486332542054e-03
9.678532486332542054e-03
9.678532486332542054e-03
9.678532486332542054e-03
9.678532486332542054e-03
9.678532486332542054e-03
9.678532486332542054e-03
9.678532486332542054e-03
9.678532486332542054e-03
9.678532486332542054e-03
9.678532486332542054e-03
9.678532486332542054e-03
9.678532486332542054e-03
9.678532486332542054e-03
9.678532486332542054e-03
9.678532486332542054e-03
0.000000000000000000e+00
2.521568654561621124e-03
2.521568654561621124e-03
2.521568654561621124e-03
2.521568654561621124e-03
2.521568654561621124e-03
2.521568654561621124e-03
2.521568654561621124e-03
2.521568654561621124e-03
5.856612110946763684e-03
5.856612110946763684e-03
5.856612110946763684e-03
5.856612110946763684e-03
5.856612110946763684e-03
5.856612110946763684e-03
0.000000000000000000e+00
0.000000000000000000e+00
0.000000000000000000e+00
0.000000000000000000e+00
0.000000000000000000e+00
8.613465233007749910e-02
8.824001863191319184e-02
8.824001863191319184e-02
8.824001863191319184e-02
8.824001863191319184e-02
8.824001863191319184e-02
8.824001863191319184e-02
0.000000000000000000e+00
0.000000000000000000e+00
0.000000000000000000e+00
0.000000000000000000e+00
0.000000000000000000e+00
0.000000000000000000e+00
0.000000000000000000e+00
0.000000000000000000e+00
0.000000000000000000e+00
0.000000000000000000e+00
0.000000000000000000e+00
5.577146295490979788e-02
5.577146295490979788e-02
5.577146295490979788e-02
5.577146295490979788e-02
5.577146295490979788e-02
5.577146295490979788e-02
5.577146295490979788e-02
1.410051915399099069e-02
5.577146295490979788e-02
5.577146295490979788e-02
5.577146295490979788e-02
5.577146295490979788e-02
5.577146295490979788e-02
5.577146295490979788e-02
5.716196238251577966e-03
1.752978950672429842e-02
1.752978950672429842e-02
1.752978950672429842e-02
1.752978950672429842e-02
1.752978950672429842e-02
1.752978950672429842e-02
1.562679179644941478e-03
4.932984797311920980e-03
4.932984797311920980e-03
4.932984797311920980e-03
4.932984797311920980e-03
0.000000000000000000e+00
0.000000000000000000e+00
0.000000000000000000e+00
1.010640579762626771e-02
1.010640579762626771e-02
1.010640579762626771e-02
1.010640579762626771e-02
1.494428367394253984e-02
2.415370917249780314e-02
2.415370917249780314e-02
9.656234600172525911e-03
2.158785673372661668e-02
2.158785673372661668e-02
2.158785673372661668e-02
2.158785673372661668e-02
2.158785673372661668e-02
2.158785673372661668e-02
2.158785673372661668e-02
2.158785673372661668e-02
1.430798668167255865e-02
1.430798668167255865e-02
2.022902727225916325e-02
1.599585756101280440e-02
1.599585756101280440e-02
2.563503809403391495e-02
3.024453960700279175e-03
3.024453960700279175e-03
3.024453960700279175e-03
3.024453960700279175e-03
3.024453960700279175e-03
3.024453960700279175e-03
3.024453960700279175e-03
3.024453960700279175e-03
3.512161328754567075e-02
3.512161328754567075e-02
1.027737365909239461e-02
3.125556356534290627e-03
3.125556356534290627e-03
3.125556356534290627e-03
3.125556356534290627e-03
3.125556356534290627e-03
3.125556356534290627e-03
3.125556356534290627e-03
3.125556356534290627e-03
3.125556356534290627e-03
3.125556356534290627e-03
9.301644404831020674e-04
9.301644404831020674e-04
2.581406547077780712e-03
1.493644401786441145e-02
1.493644401786441145e-02
1.493644401786441145e-02
1.493644401786441145e-02
1.493644401786441145e-02
1.493644401786441145e-02
5.395823430099833465e-03
6.541658361731777019e-03
6.541658361731777019e-03
6.541658361731777019e-03
6.541658361731777019e-03
6.541658361731777019e-03
2.864992439277063221e-02
2.864992439277063221e-02
2.864992439277063221e-02
2.864992439277063221e-02
2.864992439277063221e-02
2.864992439277063221e-02
2.864992439277063221e-02
2.864992439277063221e-02
2.864992439277063221e-02
2.864992439277063221e-02
2.864992439277063221e-02
2.864992439277063221e-02
2.864992439277063221e-02
2.864992439277063221e-02
2.864992439277063221e-02
5.919925401552289176e-03
5.919925401552289176e-03
5.919925401552289176e-03
2.922480118599622007e-02
1.898306357132210562e-02
1.898306357132210562e-02
1.856300868699334652e-02
1.856300868699334652e-02
1.583050613871438486e-02
2.341471771412496558e-02
2.341471771412496558e-02
3.529512822316253125e-03
3.529512822316253125e-03
3.529512822316253125e-03
3.529512822316253125e-03
3.529512822316253125e-03
3.529512822316253125e-03
3.529512822316253125e-03
3.529512822316253125e-03
3.529512822316253125e-03
3.529512822316253125e-03
2.988988126745896479e-03
2.988988126745896479e-03
0.000000000000000000e+00
4.067268104397453975e-03
4.067268104397453975e-03
4.067268104397453975e-03
4.067268104397453975e-03
4.067268104397453975e-03
4.067268104397453975e-03
4.067268104397453975e-03
4.067268104397453975e-03
4.067268104397453975e-03
4.067268104397453975e-03
4.067268104397453975e-03
4.067268104397453975e-03
3.642542502552077125e-03
4.128178723066339845e-02
4.128178723066339845e-02
4.128178723066339845e-02
4.128178723066339845e-02
4.128178723066339845e-02
4.128178723066339845e-02
4.128178723066339845e-02
4.128178723066339845e-02
4.128178723066339845e-02
4.614825766943745494e-02
5.033252822865058596e-02
5.033252822865058596e-02
5.033252822865058596e-02
5.033252822865058596e-02
5.033252822865058596e-02
5.033252822865058596e-02
5.033252822865058596e-02
5.033252822865058596e-02
2.031800604381335182e-02
1.451093333325935951e-02
1.451093333325935951e-02
1.451093333325935951e-02
1.451093333325935951e-02
1.451093333325935951e-02
1.451093333325935951e-02
5.382643479881803888e-03
3.140929648777164140e-03
3.140929648777164140e-03
5.124624608117900803e-04
2.264938192281440096e-02
2.264938192281440096e-02
4.383691877769269052e-03
4.383691877769269052e-03
4.383691877769269052e-03
4.383691877769269052e-03
4.383691877769269052e-03
4.383691877769269052e-03
4.383691877769269052e-03
4.383691877769269052e-03
4.383691877769269052e-03
4.383691877769269052e-03
4.383691877769269052e-03
4.383691877769269052e-03
4.383691877769269052e-03
8.700471795977224657e-03
8.700471795977224657e-03
8.700471795977224657e-03
8.700471795977224657e-03
8.700471795977224657e-03
8.700471795977224657e-03
8.700471795977224657e-03
8.700471795977224657e-03
8.700471795977224657e-03
8.700471795977224657e-03
8.899506604073404966e-05
8.899506604073404966e-05
1.366371128491669466e-03
3.747325667340593294e-04
3.747325667340593294e-04
3.747325667340593294e-04
3.747325667340593294e-04
3.747325667340593294e-04
3.747325667340593294e-04
1.105563846396651582e-02
1.105563846396651582e-02
1.105563846396651582e-02
1.105563846396651582e-02
1.105563846396651582e-02
1.105563846396651582e-02
1.105563846396651582e-02
1.105563846396651582e-02
1.105563846396651582e-02
1.105563846396651582e-02
1.105563846396651582e-02
1.105563846396651582e-02
1.105563846396651582e-02
1.105563846396651582e-02
1.105563846396651582e-02
2.211546965401926454e-02
2.116975955443680443e-03
6.309738556111746562e-03
6.309738556111746562e-03
6.309738556111746562e-03
6.309738556111746562e-03
6.309738556111746562e-03
6.309738556111746562e-03
6.309738556111746562e-03
6.309738556111746562e-03
6.309738556111746562e-03
6.309738556111746562e-03
6.309738556111746562e-03
2.211546965401926454e-02
2.211546965401926454e-02
2.211546965401926454e-02
2.211546965401926454e-02
4.520836416681770983e-03
8.090186227226790414e-03
8.090186227226790414e-03
8.090186227226790414e-03
6.189284708968441871e-03
1.186953838815934560e-02
6.189284708968441871e-03
6.189284708968441871e-03
6.189284708968441871e-03
6.189284708968441871e-03
6.189284708968441871e-03
6.189284708968441871e-03
6.189284708968441871e-03
6.189284708968441871e-03
6.189284708968441871e-03
1.186953838815934560e-02
6.827922655605563051e-03
1.148234259092039203e-02
1.148234259092039203e-02
1.148234259092039203e-02
1.148234259092039203e-02
1.148234259092039203e-02
1.148234259092039203e-02
1.148234259092039203e-02
1.148234259092039203e-02
1.225123998451547319e-02
5.299072790819175059e-03
5.299072790819175059e-03
5.562228173036107802e-03
3.744379799219467019e-03
3.744379799219467019e-03
3.744379799219467019e-03
3.744379799219467019e-03
3.744379799219467019e-03
3.744379799219467019e-03
3.744379799219467019e-03
3.744379799219467019e-03
3.744379799219467019e-03
3.744379799219467019e-03
7.950520691832865805e-02
9.148728183768098030e-03
9.148728183768098030e-03
9.148728183768098030e-03
9.148728183768098030e-03
9.148728183768098030e-03
9.148728183768098030e-03
1.446451954953795194e-02
5.038593035184419505e-02
5.038593035184419505e-02
5.038593035184419505e-02
5.038593035184419505e-02
5.038593035184419505e-02
4.374529040015345469e-03
8.592206805952434800e-03
8.592206805952434800e-03
3.232427399553952641e-02
2.849611679468291164e-02
2.849611679468291164e-02
2.849611679468291164e-02
2.849611679468291164e-02
1.248140547942608617e-03
9.180999608829615646e-03
9.180999608829615646e-03
2.579830419650549697e-02
2.579830419650549697e-02
2.579830419650549697e-02
2.579830419650549697e-02
2.579830419650549697e-02
2.579830419650549697e-02
2.579830419650549697e-02
2.579830419650549697e-02
1.366371128491669466e-03
1.366371128491669466e-03
1.366371128491669466e-03
1.366371128491669466e-03
1.366371128491669466e-03
1.366371128491669466e-03
1.366371128491669466e-03
1.366371128491669466e-03
1.366371128491669466e-03
1.366371128491669466e-03
1.366371128491669466e-03
1.366371128491669466e-03
1.366371128491669466e-03
1.366371128491669466e-03
1.366371128491669466e-03
1.366371128491669466e-03
1.366371128491669466e-03
1.366371128491669466e-03
1.950805804017599274e-02
1.849932592295783912e-02
1.849932592295783912e-02
1.849932592295783912e-02
1.849932592295783912e-02
1.849932592295783912e-02
1.849932592295783912e-02
1.849932592295783912e-02
1.849932592295783912e-02
0.000000000000000000e+00
8.952730599815031734e-03
8.952730599815031734e-03
8.952730599815031734e-03
8.952730599815031734e-03
8.952730599815031734e-03
1.936570274040980144e-02
2.082994101370184634e-02
2.082994101370184634e-02
2.082994101370184634e-02
2.082994101370184634e-02
1.295038397895227969e-02
1.065822349362413948e-02
1.065822349362413948e-02
1.065822349362413948e-02
1.065822349362413948e-02
1.065822349362413948e-02
1.065822349362413948e-02
1.065822349362413948e-02
1.065822349362413948e-02
7.036704504243174521e-03
7.036704504243174521e-03
7.036704504243174521e-03
7.036704504243174521e-03
7.036704504243174521e-03
7.036704504243174521e-03
7.036704504243174521e-03
7.036704504243174521e-03
7.036704504243174521e-03
7.036704504243174521e-03
1.375213891543376754e-02
3.786975105014537581e-03
3.786975105014537581e-03
1.389862295267781447e-02
4.698833376593709692e-03
4.698833376593709692e-03
4.698833376593709692e-03
4.698833376593709692e-03
4.698833376593709692e-03
4.698833376593709692e-03
4.237761456648531967e-03
2.987267364779346533e-03
1.572083207871262725e-02
2.005994605494717392e-02
2.005994605494717392e-02
2.005994605494717392e-02
2.005994605494717392e-02
6.569003568177343190e-03
9.141550268610900906e-03
9.141550268610900906e-03
9.141550268610900906e-03
9.141550268610900906e-03
9.141550268610900906e-03
9.141550268610900906e-03
9.141550268610900906e-03
9.141550268610900906e-03
9.141550268610900906e-03
9.141550268610900906e-03
1.903777533818300921e-03
1.903777533818300921e-03
1.903777533818300921e-03
1.903777533818300921e-03
1.903777533818300921e-03
1.903777533818300921e-03
1.903777533818300921e-03
1.903777533818300921e-03
1.903777533818300921e-03
1.903777533818300921e-03
1.903777533818300921e-03
1.903777533818300921e-03
1.903777533818300921e-03
1.903777533818300921e-03
1.903777533818300921e-03
4.285189837386314815e-03
9.338422905434948240e-03
9.338422905434948240e-03
9.338422905434948240e-03
9.338422905434948240e-03
1.704606889760932817e-02
1.066939240538031242e-02
1.066939240538031242e-02
8.639161574301820745e-03
1.821553028325983113e-03
1.821553028325983113e-03
1.821553028325983113e-03
2.769774151703208870e-02
1.402119770983132480e-02
1.402119770983132480e-02
1.402119770983132480e-02
1.402119770983132480e-02
1.402119770983132480e-02
1.402119770983132480e-02
1.402119770983132480e-02
1.402119770983132480e-02
1.402119770983132480e-02
1.402119770983132480e-02
4.473026341539378115e-03
1.703428338487858462e-02
1.703428338487858462e-02
1.477017236135205400e-02
1.703428338487858462e-02
1.653053788778576774e-03
1.243120053771714327e-02
1.243120053771714327e-02
1.243120053771714327e-02
1.243120053771714327e-02
1.243120053771714327e-02
1.243120053771714327e-02
1.243120053771714327e-02
1.243120053771714327e-02
1.243120053771714327e-02
1.243120053771714327e-02
1.243120053771714327e-02
1.243120053771714327e-02
1.243120053771714327e-02
1.243120053771714327e-02
1.243120053771714327e-02
1.243120053771714327e-02
1.299725663656305270e-02
1.299725663656305270e-02
1.299725663656305270e-02
1.299725663656305270e-02
1.299725663656305270e-02
1.299725663656305270e-02
1.299725663656305270e-02
1.299725663656305270e-02
1.299725663656305270e-02
1.299725663656305270e-02
1.299725663656305270e-02
4.957783964409586373e-03
4.957783964409586373e-03
4.957783964409586373e-03
4.957783964409586373e-03
4.957783964409586373e-03
4.957783964409586373e-03
4.957783964409586373e-03
4.957783964409586373e-03
4.957783964409586373e-03
4.957783964409586373e-03
1.502826679274100498e-02
5.668817040349779547e-03
1.545581388460974363e-02
6.249633468826758763e-03
6.249633468826758763e-03
6.249633468826758763e-03
6.249633468826758763e-03
1.896003306823939791e-02
1.896003306823939791e-02
1.896003306823939791e-02
1.896003306823939791e-02
1.896003306823939791e-02
1.896003306823939791e-02
1.896003306823939791e-02
1.896003306823939791e-02
1.896003306823939791e-02
1.896003306823939791e-02
1.896003306823939791e-02
1.599065453667353892e-03
1.599065453667353892e-03
1.599065453667353892e-03
1.599065453667353892e-03
1.599065453667353892e-03
1.599065453667353892e-03
1.599065453667353892e-03
1.599065453667353892e-03
1.599065453667353892e-03
1.599065453667353892e-03
1.599065453667353892e-03
1.599065453667353892e-03
1.599065453667353892e-03
1.599065453667353892e-03
1.599065453667353892e-03
1.599065453667353892e-03
1.599065453667353892e-03
1.599065453667353892e-03
1.599065453667353892e-03
1.599065453667353892e-03
1.599065453667353892e-03
1.599065453667353892e-03
1.599065453667353892e-03
1.599065453667353892e-03
9.373493015832217584e-03
9.373493015832217584e-03
9.373493015832217584e-03
9.373493015832217584e-03
9.373493015832217584e-03
9.373493015832217584e-03
9.373493015832217584e-03
2.590578667988475275e-02
2.185349939087492532e-01
2.185349939087492532e-01
2.185349939087492532e-01
2.185349939087492532e-01
2.185349939087492532e-01
2.185349939087492532e-01
2.185349939087492532e-01
2.185349939087492532e-01
6.780503886854851066e-03
6.780503886854851066e-03
2.563503809403391495e-02
2.563503809403391495e-02
2.563503809403391495e-02
2.563503809403391495e-02
2.563503809403391495e-02
2.563503809403391495e-02
2.563503809403391495e-02
2.563503809403391495e-02
2.309122619977891158e-02
1.056553549932954562e-02
1.056553549932954562e-02
1.056553549932954562e-02
1.056553549932954562e-02
1.056553549932954562e-02
1.056553549932954562e-02
1.829653202458328409e-02
3.700390869603455146e-02
3.700390869603455146e-02
3.700390869603455146e-02
3.703949601208016314e-03
5.393615071971166047e-03
5.393615071971166047e-03
5.393615071971166047e-03
5.393615071971166047e-03
5.393615071971166047e-03
5.393615071971166047e-03
2.764601809392340862e-02
1.252797325397419191e-02
1.252797325397419191e-02
1.252797325397419191e-02
1.252797325397419191e-02
1.252797325397419191e-02
1.252797325397419191e-02
1.252797325397419191e-02
1.252797325397419191e-02
2.116087133789956720e-02
5.392982064068509336e-04
5.392982064068509336e-04
5.392982064068509336e-04
5.392982064068509336e-04
5.392982064068509336e-04
5.392982064068509336e-04
5.392982064068509336e-04
5.392982064068509336e-04
5.392982064068509336e-04
5.392982064068509336e-04
5.392982064068509336e-04
5.392982064068509336e-04
4.636138003480489919e-03
1.549643691659573566e-02
1.549643691659573566e-02
1.549643691659573566e-02
1.549643691659573566e-02
1.549643691659573566e-02
2.459579630572276509e-04
2.459579630572276509e-04
2.459579630572276509e-04
4.867111263747354172e-03
7.455064754901521464e-03
7.455064754901521464e-03
7.455064754901521464e-03
7.455064754901521464e-03
7.455064754901521464e-03
1.535789270775028519e-02
1.535789270775028519e-02
3.336949170490345444e-03
3.336949170490345444e-03
3.336949170490345444e-03
3.336949170490345444e-03
3.336949170490345444e-03
3.336949170490345444e-03
3.336949170490345444e-03
3.336949170490345444e-03
3.336949170490345444e-03
3.336949170490345444e-03
1.939464019724573482e-02
0.000000000000000000e+00
0.000000000000000000e+00
0.000000000000000000e+00
0.000000000000000000e+00
0.000000000000000000e+00
0.000000000000000000e+00
0.000000000000000000e+00
0.000000000000000000e+00
0.000000000000000000e+00
0.000000000000000000e+00
0.000000000000000000e+00
1.529262329736457305e-03
3.629890966321419350e-03
1.163770899073606445e-02
4.069564614461759766e-02
4.069564614461759766e-02
4.069564614461759766e-02
4.069564614461759766e-02
4.069564614461759766e-02
4.069564614461759766e-02
8.679779741696971515e-03
1.120089456016480634e-02
1.120089456016480634e-02
0.000000000000000000e+00
1.782561367745985961e-02
1.782561367745985961e-02
1.782561367745985961e-02
1.782561367745985961e-02
0.000000000000000000e+00
4.657350769751029615e-03
0.000000000000000000e+00
4.657350769751029615e-03
1.440954370223490903e-03
4.657350769751029615e-03
4.657350769751029615e-03
2.581406547077780712e-03
1.845154102149026629e-02
1.845154102149026629e-02
6.809177139038107007e-03
6.809177139038107007e-03
6.809177139038107007e-03
6.809177139038107007e-03
6.809177139038107007e-03
6.809177139038107007e-03
6.809177139038107007e-03
6.809177139038107007e-03
6.809177139038107007e-03
6.809177139038107007e-03
6.809177139038107007e-03
6.809177139038107007e-03
9.481833365598508340e-03
2.466748950209970981e-03
2.466748950209970981e-03
1.096475181712899469e-02
1.096475181712899469e-02
1.096475181712899469e-02
2.548529445889268635e-02
1.096475181712899469e-02
2.148776932440863915e-02
1.187929891669227064e-02
1.187929891669227064e-02
1.187929891669227064e-02
1.187929891669227064e-02
1.187929891669227064e-02
1.187929891669227064e-02
1.187929891669227064e-02
1.187929891669227064e-02
1.187929891669227064e-02
1.187929891669227064e-02
0.000000000000000000e+00
0.000000000000000000e+00
0.000000000000000000e+00
0.000000000000000000e+00
0.000000000000000000e+00
0.000000000000000000e+00
0.000000000000000000e+00
0.000000000000000000e+00
1.437100546933124841e-02
5.382168508793924201e-03
5.382168508793924201e-03
5.382168508793924201e-03
5.382168508793924201e-03
1.954789071281267179e-02
1.954789071281267179e-02
1.954789071281267179e-02
1.954789071281267179e-02
1.954789071281267179e-02
1.954789071281267179e-02
1.954789071281267179e-02
1.954789071281267179e-02
7.584571236491509556e-04
1.583050613871438486e-02
1.583050613871438486e-02
1.583050613871438486e-02
1.583050613871438486e-02
1.583050613871438486e-02
1.583050613871438486e-02
1.583050613871438486e-02
1.583050613871438486e-02
1.583050613871438486e-02
1.177779816966114355e-02
9.239200233582977109e-03
9.239200233582977109e-03
9.239200233582977109e-03
9.239200233582977109e-03
9.239200233582977109e-03
9.239200233582977109e-03
9.239200233582977109e-03
9.239200233582977109e-03
9.239200233582977109e-03
9.239200233582977109e-03
8.979328364859597358e-03
2.739343885061178846e-03
2.739343885061178846e-03
2.739343885061178846e-03
2.739343885061178846e-03
1.297515609961998051e-02
1.297515609961998051e-02
1.297515609961998051e-02
1.297515609961998051e-02
1.297515609961998051e-02
1.297515609961998051e-02
1.297515609961998051e-02
2.510927410377635990e-02
2.749284244876896218e-05
2.749284244876896218e-05
2.749284244876896218e-05
2.749284244876896218e-05
2.749284244876896218e-05
2.749284244876896218e-05
1.440325988122913813e-02
7.263641233964034279e-03
7.263641233964034279e-03
7.263641233964034279e-03
7.263641233964034279e-03
3.946918587646862375e-03
4.838642725609059586e-03
4.838642725609059586e-03
0.000000000000000000e+00
2.656385122573462487e-02
2.656385122573462487e-02
2.656385122573462487e-02
2.656385122573462487e-02
2.656385122573462487e-02
2.656385122573462487e-02
2.656385122573462487e-02
2.656385122573462487e-02
2.656385122573462487e-02
2.656385122573462487e-02
5.657191896160203119e-03
5.657191896160203119e-03
5.657191896160203119e-03
5.657191896160203119e-03
5.657191896160203119e-03
5.657191896160203119e-03
5.657191896160203119e-03
5.657191896160203119e-03
5.657191896160203119e-03
5.657191896160203119e-03
5.657191896160203119e-03
5.657191896160203119e-03
5.657191896160203119e-03
5.657191896160203119e-03
5.657191896160203119e-03
5.657191896160203119e-03
5.657191896160203119e-03
5.657191896160203119e-03
5.657191896160203119e-03
5.657191896160203119e-03
5.657191896160203119e-03
5.657191896160203119e-03
5.657191896160203119e-03
5.657191896160203119e-03
5.657191896160203119e-03
1.872562929851782215e-02
1.872562929851782215e-02
1.872562929851782215e-02
1.872562929851782215e-02
1.872562929851782215e-02
1.872562929851782215e-02
4.836492306192318857e-05
4.836492306192318857e-05
4.836492306192318857e-05
4.836492306192318857e-05
4.836492306192318857e-05
4.836492306192318857e-05
4.836492306192318857e-05
4.836492306192318857e-05
1.744283236294592171e-02
6.040121374298981939e-05
6.040121374298981939e-05
6.040121374298981939e-05
6.040121374298981939e-05
6.040121374298981939e-05
6.040121374298981939e-05
6.040121374298981939e-05
6.040121374298981939e-05
6.040121374298981939e-05
6.040121374298981939e-05
6.040121374298981939e-05
6.040121374298981939e-05
4.146275242445368082e-03
1.462538061434285296e-02
1.462538061434285296e-02
1.462538061434285296e-02
1.462538061434285296e-02
1.462538061434285296e-02
1.462538061434285296e-02
1.462538061434285296e-02
1.462538061434285296e-02
1.462538061434285296e-02
1.462538061434285296e-02
1.462538061434285296e-02
1.462538061434285296e-02
0.000000000000000000e+00
1.042372439034506583e-02
1.042372439034506583e-02
1.042372439034506583e-02
1.042372439034506583e-02
1.042372439034506583e-02
1.042372439034506583e-02
1.042372439034506583e-02
1.042372439034506583e-02
1.042372439034506583e-02
1.042372439034506583e-02
1.042372439034506583e-02
1.042372439034506583e-02
1.042372439034506583e-02
1.042372439034506583e-02
1.042372439034506583e-02
1.042372439034506583e-02
1.042372439034506583e-02
1.042372439034506583e-02
1.042372439034506583e-02
1.042372439034506583e-02
2.256413052130330429e-02
2.256413052130330429e-02
2.256413052130330429e-02
2.256413052130330429e-02
2.256413052130330429e-02
2.256413052130330429e-02
2.256413052130330429e-02
2.256413052130330429e-02
2.256413052130330429e-02
2.256413052130330429e-02
2.256413052130330429e-02
2.256413052130330429e-02
2.256413052130330429e-02
1.318107193544647282e-02
1.318107193544647282e-02
1.318107193544647282e-02
1.318107193544647282e-02
1.318107193544647282e-02
1.318107193544647282e-02
1.318107193544647282e-02
1.318107193544647282e-02
1.318107193544647282e-02
1.318107193544647282e-02
1.318107193544647282e-02
1.318107193544647282e-02
1.318107193544647282e-02
2.021025723012435243e-02
1.778466656658490505e-02
1.778466656658490505e-02
1.778466656658490505e-02
1.778466656658490505e-02
4.987954121498650722e-03
4.987954121498650722e-03
4.987954121498650722e-03
1.138540573877585768e-02
1.582084440708045672e-02
1.582084440708045672e-02
1.582084440708045672e-02
1.582084440708045672e-02
2.762515486696439856e-02
1.077002301525478364e-02
1.077002301525478364e-02
5.000628462120897122e-03
1.890700764592558036e-02
1.890700764592558036e-02
1.890700764592558036e-02
1.890700764592558036e-02
1.890700764592558036e-02
1.890700764592558036e-02
0.000000000000000000e+00
0.000000000000000000e+00
0.000000000000000000e+00
0.000000000000000000e+00
0.000000000000000000e+00
1.660163849119961066e-02
2.632636125189425844e-02
2.632636125189425844e-02
0.000000000000000000e+00
0.000000000000000000e+00
0.000000000000000000e+00
1.221087913164283986e-02
1.660163849119961066e-02
1.660163849119961066e-02
1.660163849119961066e-02
1.660163849119961066e-02
1.660163849119961066e-02
1.660163849119961066e-02
1.660163849119961066e-02
1.944306827245674898e-02
5.382643479881803888e-03
5.382643479881803888e-03
5.382643479881803888e-03
1.253738652521491949e-02
1.253738652521491949e-02
1.253738652521491949e-02
1.253738652521491949e-02
1.253738652521491949e-02
1.253738652521491949e-02
1.253738652521491949e-02
1.253738652521491949e-02
1.253738652521491949e-02
1.253738652521491949e-02
1.253738652521491949e-02
1.253738652521491949e-02
1.253738652521491949e-02
1.253738652521491949e-02
1.253738652521491949e-02
2.684520394546936924e-03
2.684520394546936924e-03
2.684520394546936924e-03
2.684520394546936924e-03
2.684520394546936924e-03
2.684520394546936924e-03
2.684520394546936924e-03
2.684520394546936924e-03
2.684520394546936924e-03
2.684520394546936924e-03
2.684520394546936924e-03
2.684520394546936924e-03
2.684520394546936924e-03
2.684520394546936924e-03
2.684520394546936924e-03
2.684520394546936924e-03
2.684520394546936924e-03
2.684520394546936924e-03
2.086340654684195120e-02
2.086340654684195120e-02
2.086340654684195120e-02
2.086340654684195120e-02
1.275898849856011222e-02
1.275898849856011222e-02
1.275898849856011222e-02
1.275898849856011222e-02
1.275898849856011222e-02
1.275898849856011222e-02
1.275898849856011222e-02
1.275898849856011222e-02
1.275898849856011222e-02
1.275898849856011222e-02
1.275898849856011222e-02
8.762998251376513279e-04
5.720180592864019435e-04
5.720180592864019435e-04
1.723240406841184194e-02
5.044178619353641797e-04
5.044178619353641797e-04
5.044178619353641797e-04
5.044178619353641797e-04
5.044178619353641797e-04
5.044178619353641797e-04
5.044178619353641797e-04
5.044178619353641797e-04
5.044178619353641797e-04
5.044178619353641797e-04
5.044178619353641797e-04
5.044178619353641797e-04
8.143359951347515710e-03
1.089733591017892286e-02
1.089733591017892286e-02
1.089733591017892286e-02
1.089733591017892286e-02
3.946918587646862375e-03
1.240302605843357324e-02
1.540717281892669578e-02
1.540717281892669578e-02
1.540717281892669578e-02
1.540717281892669578e-02
1.540717281892669578e-02
1.540717281892669578e-02
1.540717281892669578e-02
1.540717281892669578e-02
1.357407657671557029e-02
1.543960443079597615e-02
1.543960443079597615e-02
1.543960443079597615e-02
1.543960443079597615e-02
1.543960443079597615e-02
1.543960443079597615e-02
1.543960443079597615e-02
1.543960443079597615e-02
2.290506782113273937e-02
2.290506782113273937e-02
7.894467967531654251e-02
7.894467967531654251e-02
7.894467967531654251e-02
7.894467967531654251e-02
7.894467967531654251e-02
7.894467967531654251e-02
7.712904540576114715e-03
2.114157674445252266e-02
2.114157674445252266e-02
2.114157674445252266e-02
2.114157674445252266e-02
3.754353374561272827e-03
3.754353374561272827e-03
3.754353374561272827e-03
3.754353374561272827e-03
3.754353374561272827e-03
3.754353374561272827e-03
3.754353374561272827e-03
3.754353374561272827e-03
3.754353374561272827e-03
3.754353374561272827e-03
3.754353374561272827e-03
3.754353374561272827e-03
3.754353374561272827e-03
3.754353374561272827e-03
3.754353374561272827e-03
3.754353374561272827e-03
3.754353374561272827e-03
3.754353374561272827e-03
1.567037195331191790e-02
4.812204774494085319e-02
4.812204774494085319e-02
4.812204774494085319e-02
4.812204774494085319e-02
4.812204774494085319e-02
4.812204774494085319e-02
4.812204774494085319e-02
4.812204774494085319e-02
2.164514695745512612e-02
1.005834103508220119e-02
1.005834103508220119e-02
1.005834103508220119e-02
1.005834103508220119e-02
1.005834103508220119e-02
1.005834103508220119e-02
1.005834103508220119e-02
1.005834103508220119e-02
1.005834103508220119e-02
1.005834103508220119e-02
1.005834103508220119e-02
1.005834103508220119e-02
1.005834103508220119e-02
1.005834103508220119e-02
8.725573231791336698e-04
8.702565774962584336e-03
8.702565774962584336e-03
8.702565774962584336e-03
8.702565774962584336e-03
8.702565774962584336e-03
8.702565774962584336e-03
8.702565774962584336e-03
8.702565774962584336e-03
8.702565774962584336e-03
8.702565774962584336e-03
8.702565774962584336e-03
8.702565774962584336e-03
8.702565774962584336e-03
8.702565774962584336e-03
3.702742094602340037e-03
3.022235378913408314e-03
3.022235378913408314e-03
3.022235378913408314e-03
3.022235378913408314e-03
3.022235378913408314e-03
3.022235378913408314e-03
3.022235378913408314e-03
3.022235378913408314e-03
2.189924889664719362e-02
5.019751559616187839e-03
5.019751559616187839e-03
5.019751559616187839e-03
5.019751559616187839e-03
5.019751559616187839e-03
5.019751559616187839e-03
5.019751559616187839e-03
5.019751559616187839e-03
3.435540207555429215e-02
2.428326433660132205e-02
2.428326433660132205e-02
2.428326433660132205e-02
2.428326433660132205e-02
1.629198992904987153e-02
3.230248121450768513e-03
3.230248121450768513e-03
3.230248121450768513e-03
3.230248121450768513e-03
3.230248121450768513e-03
3.230248121450768513e-03
3.230248121450768513e-03
3.230248121450768513e-03
3.230248121450768513e-03
3.230248121450768513e-03
3.230248121450768513e-03
3.230248121450768513e-03
3.230248121450768513e-03
3.230248121450768513e-03
6.981584982427439627e-03
2.667223791402768981e-04
2.667223791402768981e-04
1.758008559188242378e-02
7.727970020654462320e-03
7.727970020654462320e-03
7.727970020654462320e-03
7.727970020654462320e-03
7.727970020654462320e-03
7.727970020654462320e-03
7.727970020654462320e-03
7.727970020654462320e-03
7.727970020654462320e-03
7.727970020654462320e-03
7.727970020654462320e-03
7.727970020654462320e-03
7.727970020654462320e-03
7.727970020654462320e-03
7.727970020654462320e-03
7.727970020654462320e-03
7.727970020654462320e-03
7.727970020654462320e-03
7.727970020654462320e-03
7.727970020654462320e-03
4.313122112651673196e-02
5.095870211425466284e-02
4.892315350461298382e-03
1.910485026781163706e-02
1.910485026781163706e-02
1.910485026781163706e-02
1.910485026781163706e-02
1.910485026781163706e-02
1.910485026781163706e-02
1.910485026781163706e-02
1.910485026781163706e-02
1.910485026781163706e-02
1.910485026781163706e-02
1.910485026781163706e-02
1.910485026781163706e-02
1.910485026781163706e-02
1.910485026781163706e-02
0.000000000000000000e+00
4.618204082012607528e-03
4.618204082012607528e-03
4.618204082012607528e-03
4.618204082012607528e-03
4.618204082012607528e-03
4.618204082012607528e-03
4.618204082012607528e-03
4.618204082012607528e-03
4.618204082012607528e-03
4.618204082012607528e-03
4.865043995289693862e-03
4.865043995289693862e-03
4.865043995289693862e-03
5.313524878332321613e-04
3.163291609818492944e-02
3.163291609818492944e-02
3.163291609818492944e-02
4.404080123520832772e-03
4.404080123520832772e-03
4.404080123520832772e-03
4.404080123520832772e-03
4.404080123520832772e-03
4.404080123520832772e-03
4.404080123520832772e-03
4.404080123520832772e-03
4.404080123520832772e-03
4.404080123520832772e-03
4.404080123520832772e-03
4.404080123520832772e-03
4.404080123520832772e-03
2.225423224663274774e-03
1.073225853910089733e-02
1.073225853910089733e-02
1.073225853910089733e-02
1.073225853910089733e-02
1.073225853910089733e-02
1.073225853910089733e-02
1.073225853910089733e-02
1.073225853910089733e-02
6.426243313321858795e-03
7.488049273055474159e-03
7.488049273055474159e-03
7.488049273055474159e-03
7.488049273055474159e-03
7.488049273055474159e-03
7.488049273055474159e-03
7.488049273055474159e-03
7.488049273055474159e-03
1.191602725525419716e-02
1.426219978720533535e-02
1.426219978720533535e-02
1.426219978720533535e-02
1.426219978720533535e-02
3.019347500802839132e-02
4.792198682954913747e-02
4.792198682954913747e-02
4.792198682954913747e-02
4.792198682954913747e-02
4.792198682954913747e-02
4.792198682954913747e-02
4.792198682954913747e-02
4.792198682954913747e-02
1.615561658035401249e-02
2.815197725399378945e-02
2.815197725399378945e-02
2.815197725399378945e-02
2.815197725399378945e-02
2.815197725399378945e-02
2.815197725399378945e-02
2.815197725399378945e-02
2.815197725399378945e-02
2.815197725399378945e-02
2.815197725399378945e-02
4.312803869260532948e-03
9.953768182554013563e-03
9.953768182554013563e-03
9.953768182554013563e-03
9.953768182554013563e-03
9.953768182554013563e-03
9.953768182554013563e-03
9.953768182554013563e-03
9.953768182554013563e-03
0.000000000000000000e+00
1.408013032166056423e-02
1.382907768156525774e-02
1.382907768156525774e-02
1.382907768156525774e-02
1.382907768156525774e-02
1.382907768156525774e-02
1.382907768156525774e-02
1.382907768156525774e-02
1.382907768156525774e-02
1.382907768156525774e-02
1.382907768156525774e-02
2.805500186126414636e-02
3.056139828404424302e-02
3.056139828404424302e-02
1.096617413062411783e-02
1.096617413062411783e-02
1.096617413062411783e-02
1.096617413062411783e-02
1.096617413062411783e-02
1.096617413062411783e-02
1.096617413062411783e-02
1.096617413062411783e-02
1.096617413062411783e-02
1.096617413062411783e-02
1.096617413062411783e-02
1.096617413062411783e-02
1.096617413062411783e-02
1.096617413062411783e-02
1.096617413062411783e-02
1.096617413062411783e-02
2.805138608323609790e-03
1.840993473866068967e-03
1.840993473866068967e-03
1.840993473866068967e-03
3.597565181799859831e-04
8.835147996539135726e-03
8.835147996539135726e-03
8.312815775817399347e-04
8.312815775817399347e-04
8.312815775817399347e-04
8.312815775817399347e-04
8.312815775817399347e-04
8.312815775817399347e-04
8.312815775817399347e-04
8.312815775817399347e-04
8.312815775817399347e-04
8.312815775817399347e-04
8.312815775817399347e-04
8.312815775817399347e-04
2.140081307788050530e-02
1.703429799719715157e-02
1.703429799719715157e-02
1.703429799719715157e-02
1.703429799719715157e-02
1.653865048187879707e-03
2.031800604381335182e-02
2.272635863678067886e-02
8.294385951613851777e-04
8.294385951613851777e-04
8.294385951613851777e-04
8.294385951613851777e-04
8.294385951613851777e-04
5.274080228570013178e-03
5.274080228570013178e-03
5.274080228570013178e-03
5.274080228570013178e-03
5.274080228570013178e-03
5.274080228570013178e-03
5.274080228570013178e-03
5.274080228570013178e-03
5.274080228570013178e-03
5.274080228570013178e-03
5.274080228570013178e-03
5.274080228570013178e-03
5.274080228570013178e-03
5.274080228570013178e-03
5.274080228570013178e-03
1.944306827245674898e-02
1.786366689003906355e-02
1.786366689003906355e-02
1.786366689003906355e-02
1.786366689003906355e-02
3.138810667240971367e-03
2.397076962738731339e-03
2.397076962738731339e-03
2.397076962738731339e-03
2.397076962738731339e-03
2.397076962738731339e-03
3.561250721009850094e-03
1.335591559549996477e-02
1.335591559549996477e-02
1.620030773089409931e-03
1.620030773089409931e-03
1.620030773089409931e-03
1.620030773089409931e-03
1.620030773089409931e-03
1.620030773089409931e-03
1.620030773089409931e-03
1.620030773089409931e-03
1.620030773089409931e-03
1.620030773089409931e-03
1.620030773089409931e-03
1.620030773089409931e-03
1.620030773089409931e-03
1.620030773089409931e-03
1.620030773089409931e-03
1.620030773089409931e-03
1.620030773089409931e-03
1.620030773089409931e-03
1.620030773089409931e-03
1.620030773089409931e-03
1.620030773089409931e-03
1.620030773089409931e-03
1.620030773089409931e-03
1.620030773089409931e-03
1.620030773089409931e-03
6.613959135197224927e-03
1.385556037672677071e-02
1.385556037672677071e-02
1.385556037672677071e-02
1.385556037672677071e-02
1.385556037672677071e-02
1.385556037672677071e-02
1.385556037672677071e-02
0.000000000000000000e+00
0.000000000000000000e+00
0.000000000000000000e+00
0.000000000000000000e+00
0.000000000000000000e+00
5.123921962012110976e-02
1.707393512566669075e-02
1.707393512566669075e-02
1.707393512566669075e-02
1.707393512566669075e-02
1.707393512566669075e-02
1.707393512566669075e-02
1.707393512566669075e-02
0.000000000000000000e+00
0.000000000000000000e+00
3.132243752907873380e-02
2.383298803056947343e-02
1.540502415546268246e-02
1.540502415546268246e-02
1.540502415546268246e-02
2.383298803056947343e-02
2.383298803056947343e-02
2.383298803056947343e-02
1.964505409594565627e-02
1.964505409594565627e-02
1.964505409594565627e-02
1.964505409594565627e-02
1.964505409594565627e-02
1.964505409594565627e-02
1.964505409594565627e-02
1.964505409594565627e-02
1.964505409594565627e-02
1.964505409594565627e-02
1.964505409594565627e-02
1.964505409594565627e-02
1.964505409594565627e-02
1.964505409594565627e-02
1.964505409594565627e-02
1.964505409594565627e-02
1.964505409594565627e-02
1.964505409594565627e-02
1.964505409594565627e-02
1.964505409594565627e-02
1.964505409594565627e-02
1.964505409594565627e-02
1.964505409594565627e-02
0.000000000000000000e+00
3.085534584160255084e-02
3.085534584160255084e-02
3.085534584160255084e-02
3.085534584160255084e-02
3.085534584160255084e-02
3.085534584160255084e-02
3.085534584160255084e-02
3.085534584160255084e-02
3.085534584160255084e-02
3.085534584160255084e-02
3.085534584160255084e-02
3.085534584160255084e-02
3.085534584160255084e-02
7.941262983532493660e-04
0.000000000000000000e+00
0.000000000000000000e+00
1.711171677817277526e-02
1.711171677817277526e-02
1.711171677817277526e-02
1.711171677817277526e-02
1.711171677817277526e-02
1.711171677817277526e-02
1.711171677817277526e-02
1.711171677817277526e-02
1.856597445707440768e-03
5.124624608117900803e-04
5.124624608117900803e-04
5.124624608117900803e-04
1.408013032166056423e-02
2.444158341954892621e-02
2.444158341954892621e-02
5.733066035605602871e-03
5.670288870355661131e-04
5.670288870355661131e-04
5.670288870355661131e-04
5.670288870355661131e-04
5.670288870355661131e-04
5.670288870355661131e-04
0.000000000000000000e+00
0.000000000000000000e+00
0.000000000000000000e+00
0.000000000000000000e+00
0.000000000000000000e+00
0.000000000000000000e+00
3.654059337772462644e-03
5.088220006259683813e-03
5.088220006259683813e-03
5.088220006259683813e-03
5.088220006259683813e-03
5.088220006259683813e-03
5.088220006259683813e-03
5.088220006259683813e-03
5.088220006259683813e-03
5.088220006259683813e-03
5.088220006259683813e-03
5.088220006259683813e-03
5.088220006259683813e-03
0.000000000000000000e+00
0.000000000000000000e+00
0.000000000000000000e+00
0.000000000000000000e+00
0.000000000000000000e+00
0.000000000000000000e+00
0.000000000000000000e+00
0.000000000000000000e+00
0.000000000000000000e+00
0.000000000000000000e+00
0.000000000000000000e+00
0.000000000000000000e+00
0.000000000000000000e+00
0.000000000000000000e+00
0.000000000000000000e+00
0.000000000000000000e+00
0.000000000000000000e+00
0.000000000000000000e+00
0.000000000000000000e+00
0.000000000000000000e+00
0.000000000000000000e+00
7.284500727062782335e-04
7.284500727062782335e-04
7.284500727062782335e-04
7.284500727062782335e-04
7.284500727062782335e-04
7.284500727062782335e-04
7.284500727062782335e-04
7.284500727062782335e-04
7.284500727062782335e-04
7.284500727062782335e-04
7.284500727062782335e-04
1.248132446571124585e-02
8.253602384161683875e-03
8.253602384161683875e-03
8.253602384161683875e-03
8.253602384161683875e-03
8.253602384161683875e-03
8.253602384161683875e-03
8.253602384161683875e-03
8.253602384161683875e-03
8.253602384161683875e-03
8.253602384161683875e-03
8.253602384161683875e-03
8.253602384161683875e-03
8.253602384161683875e-03
8.253602384161683875e-03
2.225423224663274774e-03
0.000000000000000000e+00
0.000000000000000000e+00
0.000000000000000000e+00
0.000000000000000000e+00
0.000000000000000000e+00
0.000000000000000000e+00
0.000000000000000000e+00
0.000000000000000000e+00
0.000000000000000000e+00
0.000000000000000000e+00
0.000000000000000000e+00
0.000000000000000000e+00
0.000000000000000000e+00
2.016545237044957764e-02
4.681934769134563773e-03
4.681934769134563773e-03
4.681934769134563773e-03
4.681934769134563773e-03
4.681934769134563773e-03
4.681934769134563773e-03
4.681934769134563773e-03
4.681934769134563773e-03
4.681934769134563773e-03
4.681934769134563773e-03
1.139016638076380435e-02
1.139016638076380435e-02
1.139016638076380435e-02
1.139016638076380435e-02
1.139016638076380435e-02
1.139016638076380435e-02
1.139016638076380435e-02
1.139016638076380435e-02
1.139016638076380435e-02
1.139016638076380435e-02
1.139016638076380435e-02
1.139016638076380435e-02
1.139016638076380435e-02
1.139016638076380435e-02
2.998552610794768050e-02
9.566779943463946806e-03
9.566779943463946806e-03
0.000000000000000000e+00
2.297402582261451331e-02
2.297402582261451331e-02
2.297402582261451331e-02
2.297402582261451331e-02
2.436586966796172246e-02
0.000000000000000000e+00
0.000000000000000000e+00
0.000000000000000000e+00
0.000000000000000000e+00
2.433303836357341831e-03
2.433303836357341831e-03
2.433303836357341831e-03
2.433303836357341831e-03
2.433303836357341831e-03
2.433303836357341831e-03
2.433303836357341831e-03
2.433303836357341831e-03
2.433303836357341831e-03
2.433303836357341831e-03
2.433303836357341831e-03
2.433303836357341831e-03
2.433303836357341831e-03
2.433303836357341831e-03
2.433303836357341831e-03
2.433303836357341831e-03
2.433303836357341831e-03
2.433303836357341831e-03
2.433303836357341831e-03
3.225462122089992750e-02
1.124540649874081547e-02
1.124540649874081547e-02
1.124540649874081547e-02
1.124540649874081547e-02
4.865573580890102286e-03
1.124540649874081547e-02
1.124540649874081547e-02
1.124540649874081547e-02
1.124540649874081547e-02
1.124540649874081547e-02
1.124540649874081547e-02
1.124540649874081547e-02
4.247954703449291838e-03
4.247954703449291838e-03
4.247954703449291838e-03
4.247954703449291838e-03
4.247954703449291838e-03
4.247954703449291838e-03
7.095826522327553128e-03
2.250454892112582414e-03
2.250454892112582414e-03
2.250454892112582414e-03
2.250454892112582414e-03
2.250454892112582414e-03
2.250454892112582414e-03
2.250454892112582414e-03
2.250454892112582414e-03
1.855035190504070522e-02
9.250414251153925771e-04
9.250414251153925771e-04
9.250414251153925771e-04
9.250414251153925771e-04
9.250414251153925771e-04
9.250414251153925771e-04
9.250414251153925771e-04
9.250414251153925771e-04
9.250414251153925771e-04
9.250414251153925771e-04
9.250414251153925771e-04
9.250414251153925771e-04
9.250414251153925771e-04
9.250414251153925771e-04
9.250414251153925771e-04
9.250414251153925771e-04
9.250414251153925771e-04
9.250414251153925771e-04
9.250414251153925771e-04
9.250414251153925771e-04
9.250414251153925771e-04
9.250414251153925771e-04
9.250414251153925771e-04
9.250414251153925771e-04
9.250414251153925771e-04
9.250414251153925771e-04
9.250414251153925771e-04
9.250414251153925771e-04
9.250414251153925771e-04
9.250414251153925771e-04
9.250414251153925771e-04
9.250414251153925771e-04
9.250414251153925771e-04
9.250414251153925771e-04
9.250414251153925771e-04
9.250414251153925771e-04
4.687348447655807424e-03
4.687348447655807424e-03
2.314697365964893394e-02
9.174002358893726047e-03
9.174002358893726047e-03
9.174002358893726047e-03
9.174002358893726047e-03
1.025384466886301339e-02
1.025384466886301339e-02
1.025384466886301339e-02
1.025384466886301339e-02
1.025384466886301339e-02
1.025384466886301339e-02
1.364396196221703090e-03
1.364396196221703090e-03
1.364396196221703090e-03
1.364396196221703090e-03
1.364396196221703090e-03
1.364396196221703090e-03
1.364396196221703090e-03
1.364396196221703090e-03
1.364396196221703090e-03
1.364396196221703090e-03
1.364396196221703090e-03
0.000000000000000000e+00
0.000000000000000000e+00
4.392226957907983953e-02
4.392226957907983953e-02
4.392226957907983953e-02
4.392226957907983953e-02
4.392226957907983953e-02
4.373009519400979789e-02
4.392226957907983953e-02
6.744356455054245116e-03
4.363385529720575570e-03
4.363385529720575570e-03
1.422632240818678777e-02
7.937688548464848226e-03
7.937688548464848226e-03
7.937688548464848226e-03
2.028721299175222439e-02
1.929541701295738390e-02
1.929541701295738390e-02
1.929541701295738390e-02
1.929541701295738390e-02
0.000000000000000000e+00
0.000000000000000000e+00
0.000000000000000000e+00
1.676195255556631181e-02
1.652620895061277656e-02
1.652620895061277656e-02
1.652620895061277656e-02
1.652620895061277656e-02
1.147081904391788554e-03
1.161383810754295157e-02
1.161383810754295157e-02
1.161383810754295157e-02
1.161383810754295157e-02
1.243395136034883622e-02
2.060792990317989251e-02
2.060792990317989251e-02
2.060792990317989251e-02
2.060792990317989251e-02
2.805500186126414636e-02
2.805500186126414636e-02
2.805500186126414636e-02
2.805500186126414636e-02
2.805500186126414636e-02
2.805500186126414636e-02
2.805500186126414636e-02
2.805500186126414636e-02
2.805500186126414636e-02
2.805500186126414636e-02
5.000628462120897122e-03
5.000628462120897122e-03
5.000628462120897122e-03
5.000628462120897122e-03
9.299244760926365233e-03
3.269449835930016406e-03
3.269449835930016406e-03
3.269449835930016406e-03
3.269449835930016406e-03
3.269449835930016406e-03
3.269449835930016406e-03
3.269449835930016406e-03
3.269449835930016406e-03
3.269449835930016406e-03
3.269449835930016406e-03
3.269449835930016406e-03
3.269449835930016406e-03
2.275780975483166976e-02
2.275780975483166976e-02
2.275780975483166976e-02
2.275780975483166976e-02
2.275780975483166976e-02
2.275780975483166976e-02
2.275780975483166976e-02
2.275780975483166976e-02
2.275780975483166976e-02
2.275780975483166976e-02
2.275780975483166976e-02
2.275780975483166976e-02
2.275780975483166976e-02
2.275780975483166976e-02
2.275780975483166976e-02
2.275780975483166976e-02
2.275780975483166976e-02
2.454806457905872423e-03
1.668562730648893641e-02
1.668562730648893641e-02
1.668562730648893641e-02
1.668562730648893641e-02
3.875844834124256982e-02
3.875844834124256982e-02
3.875844834124256982e-02
3.875844834124256982e-02
3.875844834124256982e-02
3.875844834124256982e-02
3.875844834124256982e-02
3.875844834124256982e-02
3.875844834124256982e-02
3.875844834124256982e-02
3.875844834124256982e-02
3.875844834124256982e-02
1.523515018476826648e-03
5.196678045544610332e-03
5.196678045544610332e-03
5.196678045544610332e-03
5.196678045544610332e-03
5.196678045544610332e-03
5.196678045544610332e-03
5.196678045544610332e-03
5.196678045544610332e-03
5.196678045544610332e-03
5.196678045544610332e-03
5.196678045544610332e-03
5.196678045544610332e-03
1.543324398166572194e-03
4.045903296876713316e-03
4.045903296876713316e-03
4.045903296876713316e-03
4.045903296876713316e-03
4.045903296876713316e-03
4.045903296876713316e-03
4.045903296876713316e-03
4.045903296876713316e-03
4.045903296876713316e-03
4.045903296876713316e-03
4.045903296876713316e-03
4.045903296876713316e-03
4.792074429777770130e-03
2.028333088162631061e-03
2.028333088162631061e-03
2.028333088162631061e-03
2.028333088162631061e-03
2.028333088162631061e-03
2.028333088162631061e-03
2.028333088162631061e-03
2.028333088162631061e-03
2.028333088162631061e-03
2.028333088162631061e-03
0.000000000000000000e+00
0.000000000000000000e+00
0.000000000000000000e+00
0.000000000000000000e+00
2.378911088052662864e-03
9.653431554544926116e-03
9.653431554544926116e-03
2.581406547077780712e-03
1.567037195331191790e-02
1.567037195331191790e-02
1.567037195331191790e-02
1.716079529844700621e-02
1.494406438758209311e-02
1.494406438758209311e-02
7.676867801329837968e-03
2.911571170105352498e-03
2.010031927934341142e-02
9.631397062293673567e-03
9.631397062293673567e-03
9.631397062293673567e-03
9.631397062293673567e-03
2.310769138478762155e-02
2.310769138478762155e-02
2.310769138478762155e-02
2.310769138478762155e-02
2.310769138478762155e-02
1.570894627314450148e-02
0.000000000000000000e+00
0.000000000000000000e+00
0.000000000000000000e+00
0.000000000000000000e+00
1.298394215551068251e-02
1.298394215551068251e-02
1.568935823194011038e-03
1.568935823194011038e-03
1.568935823194011038e-03
1.568935823194011038e-03
3.158827562874908651e-02
3.158827562874908651e-02
3.158827562874908651e-02
3.158827562874908651e-02
3.158827562874908651e-02
3.158827562874908651e-02
2.314051886899298055e-03
1.529262329736457305e-03
0.000000000000000000e+00
1.011951132243046837e-04
1.011951132243046837e-04
2.028721299175222439e-02
1.011951132243046837e-04
1.953333686529087551e-02
2.010064274312008820e-02
2.010064274312008820e-02
2.010064274312008820e-02
2.010064274312008820e-02
2.010064274312008820e-02
2.010064274312008820e-02
2.010064274312008820e-02
2.010064274312008820e-02
2.010064274312008820e-02
1.098405052095116283e-02
1.209791646761856042e-02
1.209791646761856042e-02
0.000000000000000000e+00
0.000000000000000000e+00
0.000000000000000000e+00
0.000000000000000000e+00
0.000000000000000000e+00
0.000000000000000000e+00
1.283203890533477160e-03
7.171942614981991274e-03
7.171942614981991274e-03
7.171942614981991274e-03
3.513424824060840113e-02
2.725971404490293293e-02
2.725971404490293293e-02
7.235416108928296661e-03
7.235416108928296661e-03
7.235416108928296661e-03
7.235416108928296661e-03
1.357407657671557029e-02
1.357407657671557029e-02
1.357407657671557029e-02
1.357407657671557029e-02
1.357407657671557029e-02
1.357407657671557029e-02
7.121663677110517260e-03
0.000000000000000000e+00
0.000000000000000000e+00
1.091109834385182130e-02
2.623646092698527117e-03
2.623646092698527117e-03
0.000000000000000000e+00
0.000000000000000000e+00
0.000000000000000000e+00
0.000000000000000000e+00
0.000000000000000000e+00
0.000000000000000000e+00
0.000000000000000000e+00
5.684273819165634083e-04
9.198130586167952392e-04
9.198130586167952392e-04
0.000000000000000000e+00
1.125570954919035555e-02
1.125570954919035555e-02
1.125570954919035555e-02
1.125570954919035555e-02
9.915229115389065720e-03
6.679655925386303664e-03
6.679655925386303664e-03
6.679655925386303664e-03
6.679655925386303664e-03
6.679655925386303664e-03
0.000000000000000000e+00
0.000000000000000000e+00
0.000000000000000000e+00
4.813939144362157363e-03
5.170024230486991099e-03
5.170024230486991099e-03
5.170024230486991099e-03
5.170024230486991099e-03
5.170024230486991099e-03
5.170024230486991099e-03
1.923888264805618045e-02
1.249613640818968835e-01
1.249613640818968835e-01
1.249613640818968835e-01
1.249613640818968835e-01
1.249613640818968835e-01
1.249613640818968835e-01
1.249613640818968835e-01
1.249613640818968835e-01
1.249613640818968835e-01
1.249613640818968835e-01
1.249613640818968835e-01
1.249613640818968835e-01
6.738530684869585043e-03
9.704130139927318044e-03
9.704130139927318044e-03
9.704130139927318044e-03
9.704130139927318044e-03
1.293713212604084319e-02
2.944499816011005716e-02
2.944499816011005716e-02
2.944499816011005716e-02
2.944499816011005716e-02
4.596306758107088046e-03
2.002620118345146277e-02
2.002620118345146277e-02
1.572668967539960633e-02
2.177844591320409265e-02
2.177844591320409265e-02
0.000000000000000000e+00
0.000000000000000000e+00
0.000000000000000000e+00
3.636214837352212681e-02
0.000000000000000000e+00
1.615561658035401249e-02
1.146390235937826130e-01
1.146390235937826130e-01
1.146390235937826130e-01
1.146390235937826130e-01
1.146390235937826130e-01
1.146390235937826130e-01
1.146390235937826130e-01
1.146390235937826130e-01
1.146390235937826130e-01
1.146390235937826130e-01
1.146390235937826130e-01
1.146390235937826130e-01
1.146390235937826130e-01
0.000000000000000000e+00
0.000000000000000000e+00
6.148460241786541519e-02
9.915229115389065720e-03
1.413194095466792366e-02
1.413194095466792366e-02
2.028721299175222439e-02
2.028721299175222439e-02
1.663250593616433931e-02
3.552022542082270556e-02
3.552022542082270556e-02
3.552022542082270556e-02
3.552022542082270556e-02
3.552022542082270556e-02
3.552022542082270556e-02
3.552022542082270556e-02
3.552022542082270556e-02
3.552022542082270556e-02
3.552022542082270556e-02
3.552022542082270556e-02
3.552022542082270556e-02
3.552022542082270556e-02
3.552022542082270556e-02
6.274376940995927791e-03
6.274376940995927791e-03
6.274376940995927791e-03
6.274376940995927791e-03
6.274376940995927791e-03
6.274376940995927791e-03
6.274376940995927791e-03
6.274376940995927791e-03
6.274376940995927791e-03
6.274376940995927791e-03
6.274376940995927791e-03
6.883311308278755418e-03
6.274376940995927791e-03
3.435540207555429215e-02
3.435540207555429215e-02
3.435540207555429215e-02
3.435540207555429215e-02
3.435540207555429215e-02
3.435540207555429215e-02
8.942916664662932738e-03
8.757694447605350249e-03
8.757694447605350249e-03
8.757694447605350249e-03
8.757694447605350249e-03
8.757694447605350249e-03
8.757694447605350249e-03
8.757694447605350249e-03
8.757694447605350249e-03
8.757694447605350249e-03
8.757694447605350249e-03
8.757694447605350249e-03
8.757694447605350249e-03
8.757694447605350249e-03
8.757694447605350249e-03
2.653731204732281274e-02
2.775102677747633487e-02
2.775102677747633487e-02
2.775102677747633487e-02
2.775102677747633487e-02
2.775102677747633487e-02
2.775102677747633487e-02
1.079470102834680610e-02
0.000000000000000000e+00
0.000000000000000000e+00
0.000000000000000000e+00
0.000000000000000000e+00
0.000000000000000000e+00
2.770327333989387394e-02
2.770327333989387394e-02
2.770327333989387394e-02
2.770327333989387394e-02
2.770327333989387394e-02
2.770327333989387394e-02
2.770327333989387394e-02
2.770327333989387394e-02
2.502739930562156850e-02
2.502739930562156850e-02
2.502739930562156850e-02
2.502739930562156850e-02
0.000000000000000000e+00
5.603342989520723912e-03
5.603342989520723912e-03
5.603342989520723912e-03
1.224565400690405016e-02
9.784640553968214013e-03
9.784640553968214013e-03
9.784640553968214013e-03
9.784640553968214013e-03
9.784640553968214013e-03
5.461740893720263461e-04
5.461740893720263461e-04
5.461740893720263461e-04
5.461740893720263461e-04
5.461740893720263461e-04
5.461740893720263461e-04
5.461740893720263461e-04
5.461740893720263461e-04
5.461740893720263461e-04
5.461740893720263461e-04
5.461740893720263461e-04
3.169969502028088804e-02
1.625264615546206937e-02
1.625264615546206937e-02
1.625264615546206937e-02
1.625264615546206937e-02
9.918244028503383353e-03
1.407108767846808328e-02
1.407108767846808328e-02
1.407108767846808328e-02
1.407108767846808328e-02
1.407108767846808328e-02
3.174099951463406864e-03
3.799713742183087693e-03
3.799713742183087693e-03
3.799713742183087693e-03
3.799713742183087693e-03
3.799713742183087693e-03
3.799713742183087693e-03
3.799713742183087693e-03
3.799713742183087693e-03
3.799713742183087693e-03
3.799713742183087693e-03
3.799713742183087693e-03
3.799713742183087693e-03
7.173814842212807019e-03
2.632473610178234086e-03
2.632473610178234086e-03
3.233232156979613282e-03
3.233232156979613282e-03
4.813939144362157363e-03
7.173814842212807019e-03
7.173814842212807019e-03
7.173814842212807019e-03
3.734670460797934362e-03
5.199389513180735327e-03
5.199389513180735327e-03
5.199389513180735327e-03
5.199389513180735327e-03
0.000000000000000000e+00
0.000000000000000000e+00
1.375213891543376754e-02
1.041873308094749470e-02
1.041873308094749470e-02
1.041873308094749470e-02
1.041873308094749470e-02
1.041873308094749470e-02
1.041873308094749470e-02
1.041873308094749470e-02
1.041873308094749470e-02
1.041873308094749470e-02
1.041873308094749470e-02
1.041873308094749470e-02
1.041873308094749470e-02
7.044165378256413840e-03
1.545581388460974363e-02
1.545581388460974363e-02
1.545581388460974363e-02
1.545581388460974363e-02
1.545581388460974363e-02
1.545581388460974363e-02
1.545581388460974363e-02
1.622633566728920451e-02
1.129042453043725865e-02
1.129042453043725865e-02
1.129042453043725865e-02
1.129042453043725865e-02
1.129042453043725865e-02
1.129042453043725865e-02
1.129042453043725865e-02
1.129042453043725865e-02
1.129042453043725865e-02
1.129042453043725865e-02
1.129042453043725865e-02
1.129042453043725865e-02
1.129042453043725865e-02
1.129042453043725865e-02
3.235564258420678407e-02
6.064710571575629774e-03
6.064710571575629774e-03
6.064710571575629774e-03
6.064710571575629774e-03
6.064710571575629774e-03
6.064710571575629774e-03
6.064710571575629774e-03
6.064710571575629774e-03
6.064710571575629774e-03
6.064710571575629774e-03
6.064710571575629774e-03
6.064710571575629774e-03
6.064710571575629774e-03
6.064710571575629774e-03
6.064710571575629774e-03
6.064710571575629774e-03
2.137540346562204555e-03
5.219933353999022321e-03
5.219933353999022321e-03
5.219933353999022321e-03
5.219933353999022321e-03
5.219933353999022321e-03
5.219933353999022321e-03
3.048775510799494118e-02
3.048775510799494118e-02
3.048775510799494118e-02
3.048775510799494118e-02
3.048775510799494118e-02
3.048775510799494118e-02
3.240643816184710785e-02
1.777110116672194276e-02
1.777110116672194276e-02
1.777110116672194276e-02
1.777110116672194276e-02
8.143359951347515710e-03
1.286762116804712058e-03
1.286762116804712058e-03
1.286762116804712058e-03
1.286762116804712058e-03
0.000000000000000000e+00
0.000000000000000000e+00
8.725573231791336698e-04
8.725573231791336698e-04
8.725573231791336698e-04
8.725573231791336698e-04
8.725573231791336698e-04
8.725573231791336698e-04
1.079470102834680610e-02
1.079470102834680610e-02
1.079470102834680610e-02
1.079470102834680610e-02
1.079470102834680610e-02
1.079470102834680610e-02
4.106286889833253746e-03
1.091640312481942723e-02
1.091640312481942723e-02
1.091640312481942723e-02
1.091640312481942723e-02
1.013501015680736035e-02
7.266722166909507681e-03
7.266722166909507681e-03
7.266722166909507681e-03
7.266722166909507681e-03
0.000000000000000000e+00
0.000000000000000000e+00
0.000000000000000000e+00
0.000000000000000000e+00
0.000000000000000000e+00
0.000000000000000000e+00
1.277196221531632508e-02
1.277196221531632508e-02
1.277196221531632508e-02
1.277196221531632508e-02
1.277196221531632508e-02
1.277196221531632508e-02
1.277196221531632508e-02
1.277196221531632508e-02
1.277196221531632508e-02
1.277196221531632508e-02
1.277196221531632508e-02
8.114512198555325767e-03
0.000000000000000000e+00
0.000000000000000000e+00
1.500580503853606897e-02
0.000000000000000000e+00
0.000000000000000000e+00
0.000000000000000000e+00
0.000000000000000000e+00
0.000000000000000000e+00
0.000000000000000000e+00
0.000000000000000000e+00
0.000000000000000000e+00
2.136646344837274045e-02
2.136646344837274045e-02
2.136646344837274045e-02
2.136646344837274045e-02
2.136646344837274045e-02
2.136646344837274045e-02
2.136646344837274045e-02
2.136646344837274045e-02
2.136646344837274045e-02
2.136646344837274045e-02
2.136646344837274045e-02
7.984499775497866381e-03
1.726598546218476027e-02
1.726598546218476027e-02
1.726598546218476027e-02
1.726598546218476027e-02
1.978401886599975151e-02
1.636518416587112376e-02
1.636518416587112376e-02
1.636518416587112376e-02
1.636518416587112376e-02
6.300752816465634426e-03
1.280146115623237262e-02
1.280146115623237262e-02
1.280146115623237262e-02
1.280146115623237262e-02
1.280146115623237262e-02
2.638234112808167386e-02
2.638234112808167386e-02
2.638234112808167386e-02
2.638234112808167386e-02
2.638234112808167386e-02
2.638234112808167386e-02
2.638234112808167386e-02
2.638234112808167386e-02
9.744169266105833990e-03
4.520836416681770983e-03
4.520836416681770983e-03
4.520836416681770983e-03
0.000000000000000000e+00
8.737794710772500001e-03
8.737794710772500001e-03
8.737794710772500001e-03
8.737794710772500001e-03
8.737794710772500001e-03
8.737794710772500001e-03
8.737794710772500001e-03
8.737794710772500001e-03
8.737794710772500001e-03
8.737794710772500001e-03
8.737794710772500001e-03
8.737794710772500001e-03
8.737794710772500001e-03
9.607531281947016832e-03
2.290556931055818049e-02
2.290556931055818049e-02
2.290556931055818049e-02
2.290556931055818049e-02
0.000000000000000000e+00
0.000000000000000000e+00
3.418931973948718256e-02
2.023899974329336146e-02
2.023899974329336146e-02
2.023899974329336146e-02
2.023899974329336146e-02
2.023899974329336146e-02
2.023899974329336146e-02
7.396505604727615472e-03
7.396505604727615472e-03
7.396505604727615472e-03
7.396505604727615472e-03
7.396505604727615472e-03
7.396505604727615472e-03
7.396505604727615472e-03
7.396505604727615472e-03
7.396505604727615472e-03
7.396505604727615472e-03
7.396505604727615472e-03
7.396505604727615472e-03
7.396505604727615472e-03
7.396505604727615472e-03
7.396505604727615472e-03
8.143359951347515710e-03
8.143359951347515710e-03
8.143359951347515710e-03
8.143359951347515710e-03
8.143359951347515710e-03
2.212162477295733648e-02
1.516622105845995966e-02
1.516622105845995966e-02
1.613787936683237431e-02
1.477781221329891280e-02
1.477781221329891280e-02
1.477781221329891280e-02
1.477781221329891280e-02
1.477781221329891280e-02
1.477781221329891280e-02
1.196496049619696737e-02
4.738088269483224473e-03
4.738088269483224473e-03
4.738088269483224473e-03
4.738088269483224473e-03
4.738088269483224473e-03
4.738088269483224473e-03
4.738088269483224473e-03
3.733197571410645094e-03
2.312771499821230509e-02
2.312771499821230509e-02
5.824411448242285995e-03
9.243604332538462795e-03
9.243604332538462795e-03
9.243604332538462795e-03
9.243604332538462795e-03
9.243604332538462795e-03
9.243604332538462795e-03
9.243604332538462795e-03
9.243604332538462795e-03
3.120990171600393145e-02
3.192753045832370882e-03
3.192753045832370882e-03
1.271220599409506827e-03
1.024888974201813244e-03
1.024888974201813244e-03
1.024888974201813244e-03
1.024888974201813244e-03
1.024888974201813244e-03
1.024888974201813244e-03
1.024888974201813244e-03
1.024888974201813244e-03
6.849347820118979226e-03
6.849347820118979226e-03
1.217924675693019682e-02
1.743803854641386500e-02
1.743803854641386500e-02
1.743803854641386500e-02
1.743803854641386500e-02
1.743803854641386500e-02
1.743803854641386500e-02
1.743803854641386500e-02
1.743803854641386500e-02
1.743803854641386500e-02
1.743803854641386500e-02
1.743803854641386500e-02
1.743803854641386500e-02
1.743803854641386500e-02
1.743803854641386500e-02
1.065635161655830972e-03
1.065635161655830972e-03
1.065635161655830972e-03
1.065635161655830972e-03
1.065635161655830972e-03
1.065635161655830972e-03
1.065635161655830972e-03
1.065635161655830972e-03
1.065635161655830972e-03
1.065635161655830972e-03
1.065635161655830972e-03
1.065635161655830972e-03
1.065635161655830972e-03
0.000000000000000000e+00
0.000000000000000000e+00
0.000000000000000000e+00
0.000000000000000000e+00
0.000000000000000000e+00
0.000000000000000000e+00
0.000000000000000000e+00
0.000000000000000000e+00
0.000000000000000000e+00
0.000000000000000000e+00
0.000000000000000000e+00
0.000000000000000000e+00
1.694600626388431674e-02
1.694600626388431674e-02
1.694600626388431674e-02
1.694600626388431674e-02
1.694600626388431674e-02
1.694600626388431674e-02
1.694600626388431674e-02
1.694600626388431674e-02
1.694600626388431674e-02
9.315431091239369243e-03
1.055223880921643889e-02
1.055223880921643889e-02
1.055223880921643889e-02
1.055223880921643889e-02
2.439507081782283683e-03
9.232449111069144544e-04
9.232449111069144544e-04
9.232449111069144544e-04
9.232449111069144544e-04
9.232449111069144544e-04
9.232449111069144544e-04
9.232449111069144544e-04
9.232449111069144544e-04
1.923888264805618045e-02
1.923888264805618045e-02
1.923888264805618045e-02
1.923888264805618045e-02
1.923888264805618045e-02
1.923888264805618045e-02
6.526282976905273259e-03
6.526282976905273259e-03
4.636138003480489919e-03
4.636138003480489919e-03
4.636138003480489919e-03
4.636138003480489919e-03
3.069878728548266489e-01
3.069878728548266489e-01
3.069878728548266489e-01
3.069878728548266489e-01
0.000000000000000000e+00
2.427226541462514445e-02
2.427226541462514445e-02
2.427226541462514445e-02
2.427226541462514445e-02
3.598566907791818804e-03
3.598566907791818804e-03
3.598566907791818804e-03
3.598566907791818804e-03
2.314697365964893394e-02
2.743840103066849320e-02
2.743840103066849320e-02
2.743840103066849320e-02
2.743840103066849320e-02
1.799681366066030117e-02
3.796180203320210188e-03
3.796180203320210188e-03
3.796180203320210188e-03
3.796180203320210188e-03
2.225348255665718020e-03
7.723161411027835987e-03
7.723161411027835987e-03
7.723161411027835987e-03
7.723161411027835987e-03
1.694351267520617654e-02
8.097162842736572996e-03
8.097162842736572996e-03
8.097162842736572996e-03
8.097162842736572996e-03
8.097162842736572996e-03
8.097162842736572996e-03
8.097162842736572996e-03
8.097162842736572996e-03
8.097162842736572996e-03
8.097162842736572996e-03
1.744835871245844702e-02
1.376060784401436921e-01
1.376060784401436921e-01
1.376060784401436921e-01
1.376060784401436921e-01
1.376060784401436921e-01
1.376060784401436921e-01
1.376060784401436921e-01
1.376060784401436921e-01
1.376060784401436921e-01
1.376060784401436921e-01
1.264411760923027546e-02
7.077690257090086179e-04
7.077690257090086179e-04
7.077690257090086179e-04
7.077690257090086179e-04
7.077690257090086179e-04
7.077690257090086179e-04
7.077690257090086179e-04
7.077690257090086179e-04
6.744356455054245116e-03
3.942015937544859558e-03
3.942015937544859558e-03
3.942015937544859558e-03
3.942015937544859558e-03
3.942015937544859558e-03
3.942015937544859558e-03
3.942015937544859558e-03
3.942015937544859558e-03
3.942015937544859558e-03
3.942015937544859558e-03
3.942015937544859558e-03
3.942015937544859558e-03
3.942015937544859558e-03
2.313364860474790077e-02
3.138810667240971367e-03
3.138810667240971367e-03
3.138810667240971367e-03
3.138810667240971367e-03
3.138810667240971367e-03
3.138810667240971367e-03
3.138810667240971367e-03
3.138810667240971367e-03
3.138810667240971367e-03
3.138810667240971367e-03
3.138810667240971367e-03
3.138810667240971367e-03
3.138810667240971367e-03
4.813939144362157363e-03
1.029395181363686185e-02
1.266384356947105726e-03
1.029395181363686185e-02
1.029395181363686185e-02
1.029395181363686185e-02
1.568534597596749763e-02
1.266384356947105726e-03
1.526421020950071393e-02
5.107017488991700410e-02
5.107017488991700410e-02
5.107017488991700410e-02
5.107017488991700410e-02
5.107017488991700410e-02
5.107017488991700410e-02
3.734670460797934362e-03
3.734670460797934362e-03
3.734670460797934362e-03
3.734670460797934362e-03
3.734670460797934362e-03
3.734670460797934362e-03
3.636214837352212681e-02
3.636214837352212681e-02
3.636214837352212681e-02
3.636214837352212681e-02
3.636214837352212681e-02
2.102402953962834511e-02
9.504593371525340423e-03
9.504593371525340423e-03
9.504593371525340423e-03
9.504593371525340423e-03
9.504593371525340423e-03
9.504593371525340423e-03
9.504593371525340423e-03
9.504593371525340423e-03
1.693291700587437609e-02
1.693291700587437609e-02
1.693291700587437609e-02
1.693291700587437609e-02
1.693291700587437609e-02
1.693291700587437609e-02
2.986174004934522702e-03
2.607502688818891592e-02
2.607502688818891592e-02
2.607502688818891592e-02
0.000000000000000000e+00
0.000000000000000000e+00
0.000000000000000000e+00
1.463862255468881615e-02
1.633791636597558411e-02
1.633791636597558411e-02
1.633791636597558411e-02
1.633791636597558411e-02
1.633791636597558411e-02
1.633791636597558411e-02
1.633791636597558411e-02
1.633791636597558411e-02
1.633791636597558411e-02
1.633791636597558411e-02
1.515107587898931706e-02
1.383771197054204510e-02
1.383771197054204510e-02
1.045470190702134199e-02
1.045470190702134199e-02
1.045470190702134199e-02
1.045470190702134199e-02
1.045470190702134199e-02
1.045470190702134199e-02
1.045470190702134199e-02
1.045470190702134199e-02
1.045470190702134199e-02
1.045470190702134199e-02
3.733197571410645094e-03
3.733197571410645094e-03
3.733197571410645094e-03
3.733197571410645094e-03
3.733197571410645094e-03
3.733197571410645094e-03
3.733197571410645094e-03
2.819487109558251742e-02
1.930479743290881844e-02
1.930479743290881844e-02
1.930479743290881844e-02
1.930479743290881844e-02
1.930479743290881844e-02
1.930479743290881844e-02
1.930479743290881844e-02
1.930479743290881844e-02
1.930479743290881844e-02
1.930479743290881844e-02
1.930479743290881844e-02
1.930479743290881844e-02
1.930479743290881844e-02
1.930479743290881844e-02
1.930479743290881844e-02
1.930479743290881844e-02
4.185564908638061965e-02
1.747536606683212576e-02
1.747536606683212576e-02
1.747536606683212576e-02
1.747536606683212576e-02
1.747536606683212576e-02
1.747536606683212576e-02
1.747536606683212576e-02
1.747536606683212576e-02
1.500580503853606897e-02
1.500580503853606897e-02
1.342209496363011914e-02
1.342209496363011914e-02
1.342209496363011914e-02
1.342209496363011914e-02
1.342209496363011914e-02
1.342209496363011914e-02
1.342209496363011914e-02
1.342209496363011914e-02
1.342209496363011914e-02
1.342209496363011914e-02
1.342209496363011914e-02
1.342209496363011914e-02
1.342209496363011914e-02
1.342209496363011914e-02
1.342209496363011914e-02
1.039903896882452862e-02
1.736645064333641264e-03
1.736645064333641264e-03
1.736645064333641264e-03
1.736645064333641264e-03
1.736645064333641264e-03
1.736645064333641264e-03
1.736645064333641264e-03
1.736645064333641264e-03
0.000000000000000000e+00
7.061941987430893526e-03
7.061941987430893526e-03
7.061941987430893526e-03
7.061941987430893526e-03
1.005212355411053658e-02
7.061941987430893526e-03
1.276480157945225668e-03
1.567438521628978024e-02
1.567438521628978024e-02
1.567438521628978024e-02
1.567438521628978024e-02
1.567438521628978024e-02
3.408373384143361350e-03
2.370720355781412089e-02
2.370720355781412089e-02
2.370720355781412089e-02
2.370720355781412089e-02
1.297776611897160683e-02
9.699966527995977639e-03
9.699966527995977639e-03
9.699966527995977639e-03
9.672495321497970311e-03
4.312803869260532948e-03
1.492626343002217103e-02
2.805138608323609790e-03
2.805138608323609790e-03
2.805138608323609790e-03
0.000000000000000000e+00
0.000000000000000000e+00
0.000000000000000000e+00
1.348980312307826099e-02
2.969871838412123377e-02
1.348980312307826099e-02
1.348980312307826099e-02
1.348980312307826099e-02
2.969871838412123377e-02
2.969871838412123377e-02
2.969871838412123377e-02
2.969871838412123377e-02
2.969871838412123377e-02
2.969871838412123377e-02
2.969871838412123377e-02
2.969871838412123377e-02
2.969871838412123377e-02
0.000000000000000000e+00
0.000000000000000000e+00
0.000000000000000000e+00
0.000000000000000000e+00
0.000000000000000000e+00
0.000000000000000000e+00
0.000000000000000000e+00
9.970056148276696187e-03
1.437100546933124841e-02
1.437100546933124841e-02
1.437100546933124841e-02
1.440325988122913813e-02
1.440325988122913813e-02
1.440325988122913813e-02
7.467602196890930043e-03
5.684273819165634083e-04
5.684273819165634083e-04
5.684273819165634083e-04
5.684273819165634083e-04
5.684273819165634083e-04
2.874183263102590008e-02
1.423571049341688932e-02
1.423571049341688932e-02
1.423571049341688932e-02
1.423571049341688932e-02
1.423571049341688932e-02
1.423571049341688932e-02
1.423571049341688932e-02
1.423571049341688932e-02
1.423571049341688932e-02
1.423571049341688932e-02
1.423571049341688932e-02
1.423571049341688932e-02
2.261967288973758608e-02
0.000000000000000000e+00
0.000000000000000000e+00
4.146275242445368082e-03
4.146275242445368082e-03
4.146275242445368082e-03
4.146275242445368082e-03
4.146275242445368082e-03
4.146275242445368082e-03
4.146275242445368082e-03
4.146275242445368082e-03
4.146275242445368082e-03
4.146275242445368082e-03
4.146275242445368082e-03
4.146275242445368082e-03
4.009952834965312823e-03
7.631649687809554002e-03
4.387799722919742684e-03
7.631649687809554002e-03
7.631649687809554002e-03
7.631649687809554002e-03
7.631649687809554002e-03
7.631649687809554002e-03
7.631649687809554002e-03
7.631649687809554002e-03
7.631649687809554002e-03
7.631649687809554002e-03
7.631649687809554002e-03
7.631649687809554002e-03
1.212402906737264016e-02
2.152063893363095892e-02
2.152063893363095892e-02
5.148286693358172794e-02
3.194965918226739393e-02
3.194965918226739393e-02
2.974205188429973612e-03
1.515107587898931706e-02
1.515107587898931706e-02
1.515107587898931706e-02
2.819487109558251742e-02
2.819487109558251742e-02
2.819487109558251742e-02
2.819487109558251742e-02
2.819487109558251742e-02
2.819487109558251742e-02
2.819487109558251742e-02
0.000000000000000000e+00
0.000000000000000000e+00
0.000000000000000000e+00
0.000000000000000000e+00
0.000000000000000000e+00
0.000000000000000000e+00
0.000000000000000000e+00
7.756470509277083730e-03
7.756470509277083730e-03
7.756470509277083730e-03
7.756470509277083730e-03
7.756470509277083730e-03
7.756470509277083730e-03
7.756470509277083730e-03
7.756470509277083730e-03
7.756470509277083730e-03
7.756470509277083730e-03
7.756470509277083730e-03
2.058813627155087547e-02
9.918244028503383353e-03
9.918244028503383353e-03
9.918244028503383353e-03
6.738530684869585043e-03
6.738530684869585043e-03
6.738530684869585043e-03
6.738530684869585043e-03
6.738530684869585043e-03
6.738530684869585043e-03
3.796740556285900861e-03
9.292818061202790664e-03
9.292818061202790664e-03
0.000000000000000000e+00
1.161714371026790690e-02
1.031942765476795421e-02
1.031942765476795421e-02
1.031942765476795421e-02
1.031942765476795421e-02
1.031942765476795421e-02
1.031942765476795421e-02
1.080417994342621098e-02
7.308053882502537311e-03
7.308053882502537311e-03
7.308053882502537311e-03
7.308053882502537311e-03
7.308053882502537311e-03
7.308053882502537311e-03
1.005212355411053658e-02
1.191939384999772446e-03
1.191939384999772446e-03
1.191939384999772446e-03
1.191939384999772446e-03
8.159774595509842673e-03
0.000000000000000000e+00
0.000000000000000000e+00
0.000000000000000000e+00
0.000000000000000000e+00
0.000000000000000000e+00
0.000000000000000000e+00
2.989965041619867085e-03
4.237638550689735301e-02
4.237638550689735301e-02
4.237638550689735301e-02
4.237638550689735301e-02
4.237638550689735301e-02
4.237638550689735301e-02
1.944189775276804893e-02
1.944189775276804893e-02
1.944189775276804893e-02
1.944189775276804893e-02
4.383026460530531181e-03
3.216607465628552875e-03
3.216607465628552875e-03
3.216607465628552875e-03
3.216607465628552875e-03
1.667252517229884934e-02
1.667252517229884934e-02
1.667252517229884934e-02
1.667252517229884934e-02
1.728076038250652693e-03
1.728076038250652693e-03
1.728076038250652693e-03
1.728076038250652693e-03
1.728076038250652693e-03
1.728076038250652693e-03
1.728076038250652693e-03
1.728076038250652693e-03
1.728076038250652693e-03
1.728076038250652693e-03
1.728076038250652693e-03
6.810160351934606456e-03
1.248132446571124585e-02
1.764408091631619602e-02
1.764408091631619602e-02
1.764408091631619602e-02
1.764408091631619602e-02
7.903885928878019024e-03
2.860746863186512017e-04
2.860746863186512017e-04
2.860746863186512017e-04
2.860746863186512017e-04
9.863411826574151886e-03
2.447442627497507447e-02
2.447442627497507447e-02
2.447442627497507447e-02
2.447442627497507447e-02
2.447442627497507447e-02
2.447442627497507447e-02
2.447442627497507447e-02
2.447442627497507447e-02
2.447442627497507447e-02
2.447442627497507447e-02
2.816372923682869921e-03
2.816372923682869921e-03
2.816372923682869921e-03
2.816372923682869921e-03
2.816372923682869921e-03
2.816372923682869921e-03
2.816372923682869921e-03
2.816372923682869921e-03
2.816372923682869921e-03
2.816372923682869921e-03
2.816372923682869921e-03
9.175836126711302623e-03
5.011401714939530717e-03
5.011401714939530717e-03
5.011401714939530717e-03
5.011401714939530717e-03
5.011401714939530717e-03
5.011401714939530717e-03
3.408373384143361350e-03
3.408373384143361350e-03
3.408373384143361350e-03
3.408373384143361350e-03
3.408373384143361350e-03
3.408373384143361350e-03
1.423819891286987570e-02
3.483546161218695897e-02
3.483546161218695897e-02
3.483546161218695897e-02
3.483546161218695897e-02
0.000000000000000000e+00
1.801306084578956079e-02
1.716893979180847754e-02
1.661846324892283567e-04
1.190020134806850545e-02
7.844126568723156986e-03
7.844126568723156986e-03
7.844126568723156986e-03
7.844126568723156986e-03
7.844126568723156986e-03
7.844126568723156986e-03
1.581534836668979302e-02
2.262643583967638948e-03
2.262643583967638948e-03
1.285478916465332758e-02
2.940425805175746893e-02
2.940425805175746893e-02
2.763978134686055112e-03
1.694673939972651117e-02
1.694673939972651117e-02
1.694673939972651117e-02
1.694673939972651117e-02
1.376943529290602583e-02
9.322570917067391286e-03
9.322570917067391286e-03
9.322570917067391286e-03
9.322570917067391286e-03
9.322570917067391286e-03
9.322570917067391286e-03
9.322570917067391286e-03
9.322570917067391286e-03
9.322570917067391286e-03
9.322570917067391286e-03
7.494923184109558018e-03
1.250695169115459068e-02
1.250695169115459068e-02
9.600674934297113647e-03
1.769351542985352077e-02
1.769351542985352077e-02
1.769351542985352077e-02
1.769351542985352077e-02
1.090316125869508074e-02
2.951757431035238050e-03
2.951757431035238050e-03
2.951757431035238050e-03
2.951757431035238050e-03
2.951757431035238050e-03
2.951757431035238050e-03
3.310494166431554065e-03
4.543290501478746725e-03
4.543290501478746725e-03
4.543290501478746725e-03
1.456054259283967763e-02
1.456054259283967763e-02
1.456054259283967763e-02
1.456054259283967763e-02
1.456054259283967763e-02
2.900868202383556985e-02
1.456054259283967763e-02
1.456054259283967763e-02
1.456054259283967763e-02
1.233285593774186700e-02
3.019347500802839132e-02
1.859199098426598390e-02
1.859199098426598390e-02
1.859199098426598390e-02
1.859199098426598390e-02
3.927146130954887841e-03
3.927146130954887841e-03
3.927146130954887841e-03
3.927146130954887841e-03
6.208991429974699584e-03
1.629653454777524671e-02
0.000000000000000000e+00
0.000000000000000000e+00
0.000000000000000000e+00
0.000000000000000000e+00
7.581317284005097829e-03
5.489056156779980461e-03
1.460759847020533068e-02
0.000000000000000000e+00
1.460759847020533068e-02
1.460759847020533068e-02
1.460759847020533068e-02
1.460759847020533068e-02
1.460759847020533068e-02
1.460759847020533068e-02
1.460759847020533068e-02
1.460759847020533068e-02
1.460759847020533068e-02
0.000000000000000000e+00
1.189380376729750124e-02
1.189380376729750124e-02
1.189380376729750124e-02
1.189380376729750124e-02
1.189380376729750124e-02
9.780307113086037733e-04
9.780307113086037733e-04
9.780307113086037733e-04
4.373009519400979789e-02
4.373009519400979789e-02
4.373009519400979789e-02
1.177613741502053606e-02
0.000000000000000000e+00
0.000000000000000000e+00
0.000000000000000000e+00
0.000000000000000000e+00
1.038148253259381891e-02
1.115825513208480377e-02
1.115825513208480377e-02
1.115825513208480377e-02
1.115825513208480377e-02
1.115825513208480377e-02
1.115825513208480377e-02
1.115825513208480377e-02
1.115825513208480377e-02
1.115825513208480377e-02
1.115825513208480377e-02
1.115825513208480377e-02
1.115825513208480377e-02
1.115825513208480377e-02
1.115825513208480377e-02
1.115825513208480377e-02
1.115825513208480377e-02
1.679784711999608021e-02
2.460328920618224530e-02
2.460328920618224530e-02
3.036003440362644579e-03
7.906246643208285699e-03
7.906246643208285699e-03
7.906246643208285699e-03
9.607531281947016832e-03
9.607531281947016832e-03
9.607531281947016832e-03
9.607531281947016832e-03
9.607531281947016832e-03
9.607531281947016832e-03
9.607531281947016832e-03
9.607531281947016832e-03
9.607531281947016832e-03
9.607531281947016832e-03
9.607531281947016832e-03
9.607531281947016832e-03
9.607531281947016832e-03
9.607531281947016832e-03
9.607531281947016832e-03
9.607531281947016832e-03
9.607531281947016832e-03
9.607531281947016832e-03
9.607531281947016832e-03
9.607531281947016832e-03
9.607531281947016832e-03
9.607531281947016832e-03
9.607531281947016832e-03
9.607531281947016832e-03
9.607531281947016832e-03
9.607531281947016832e-03
9.607531281947016832e-03
9.607531281947016832e-03
9.607531281947016832e-03
9.607531281947016832e-03
4.740782715569865496e-02
0.000000000000000000e+00
0.000000000000000000e+00
0.000000000000000000e+00
0.000000000000000000e+00
0.000000000000000000e+00
0.000000000000000000e+00
1.358048031102712574e-03
7.233581544462343478e-03
7.233581544462343478e-03
7.233581544462343478e-03
7.233581544462343478e-03
7.233581544462343478e-03
7.233581544462343478e-03
2.225348255665718020e-03
2.119819017191234764e-02
1.103146800750569138e-02
1.103146800750569138e-02
1.103146800750569138e-02
1.103146800750569138e-02
1.103146800750569138e-02
1.103146800750569138e-02
1.103146800750569138e-02
1.103146800750569138e-02
1.103146800750569138e-02
1.103146800750569138e-02
2.862373409530121968e-02
3.111415618760048074e-02
3.111415618760048074e-02
3.111415618760048074e-02
3.111415618760048074e-02
3.111415618760048074e-02
3.111415618760048074e-02
3.111415618760048074e-02
3.111415618760048074e-02
0.000000000000000000e+00
0.000000000000000000e+00
0.000000000000000000e+00
0.000000000000000000e+00
1.408013032166056423e-02
2.808596024301414622e-03
5.383625068799311256e-03
1.777372766675202817e-02
7.908793129618531953e-03
5.383625068799311256e-03
5.383625068799311256e-03
5.383625068799311256e-03
5.383625068799311256e-03
5.383625068799311256e-03
5.383625068799311256e-03
5.383625068799311256e-03
5.383625068799311256e-03
5.383625068799311256e-03
2.116087133789956720e-02
2.116087133789956720e-02
3.012076769348476045e-05
3.598756868175163881e-02
3.598756868175163881e-02
3.598756868175163881e-02
3.598756868175163881e-02
3.598756868175163881e-02
3.598756868175163881e-02
3.598756868175163881e-02
3.598756868175163881e-02
0.000000000000000000e+00
0.000000000000000000e+00
2.525334575505282231e-02
1.459459926913561937e-03
1.459459926913561937e-03
5.650461413026828736e-03
1.459459926913561937e-03
1.459459926913561937e-03
1.459459926913561937e-03
8.942916664662932738e-03
8.942916664662932738e-03
8.942916664662932738e-03
8.942916664662932738e-03
8.942916664662932738e-03
8.942916664662932738e-03
8.942916664662932738e-03
8.942916664662932738e-03
1.538911507944190279e-02
3.992229823975431205e-03
1.267501546746410343e-02
7.314300243255566006e-03
2.570563884832904877e-02
6.057168895715201590e-03
6.057168895715201590e-03
6.057168895715201590e-03
6.057168895715201590e-03
6.057168895715201590e-03
6.057168895715201590e-03
6.057168895715201590e-03
6.057168895715201590e-03
6.057168895715201590e-03
6.057168895715201590e-03
6.057168895715201590e-03
6.057168895715201590e-03
6.057168895715201590e-03
6.057168895715201590e-03
6.057168895715201590e-03
6.057168895715201590e-03
6.057168895715201590e-03
6.057168895715201590e-03
6.057168895715201590e-03
1.191602725525419716e-02
4.563363944315537712e-02
1.928463784623017305e-02
1.928463784623017305e-02
2.623634151125286279e-02
2.623634151125286279e-02
2.623634151125286279e-02
1.249876578309372030e-02
1.645985826969093360e-02
1.645985826969093360e-02
1.645985826969093360e-02
1.645985826969093360e-02
1.645985826969093360e-02
1.645985826969093360e-02
1.645985826969093360e-02
1.645985826969093360e-02
6.719290323773645206e-03
6.719290323773645206e-03
6.719290323773645206e-03
6.719290323773645206e-03
2.007085996881750878e-02
2.007085996881750878e-02
1.293713212604084319e-02
1.293713212604084319e-02
1.293713212604084319e-02
1.293713212604084319e-02
1.293713212604084319e-02
1.293713212604084319e-02
6.300752816465634426e-03
6.300752816465634426e-03
6.300752816465634426e-03
6.300752816465634426e-03
2.309122619977891158e-02
2.309122619977891158e-02
2.309122619977891158e-02
2.309122619977891158e-02
1.063484638849759682e-02
7.768677751717746952e-03
7.768677751717746952e-03
3.706835992413671003e-04
4.754063967404709504e-03
4.754063967404709504e-03
4.754063967404709504e-03
4.754063967404709504e-03
1.196318610800328926e-02
1.196318610800328926e-02
1.196318610800328926e-02
1.196318610800328926e-02
1.196318610800328926e-02
1.196318610800328926e-02
1.196318610800328926e-02
1.196318610800328926e-02
1.196318610800328926e-02
1.196318610800328926e-02
1.196318610800328926e-02
1.196318610800328926e-02
1.196318610800328926e-02
1.196318610800328926e-02
1.196318610800328926e-02
3.647283832099474515e-02
6.826133340988399696e-03
6.826133340988399696e-03
6.826133340988399696e-03
6.826133340988399696e-03
6.826133340988399696e-03
6.826133340988399696e-03
6.826133340988399696e-03
6.826133340988399696e-03
6.826133340988399696e-03
6.826133340988399696e-03
6.826133340988399696e-03
6.826133340988399696e-03
2.450336858730311693e-03
2.450336858730311693e-03
2.432063655599910404e-02
0.000000000000000000e+00
0.000000000000000000e+00
0.000000000000000000e+00
0.000000000000000000e+00
2.610932622741097761e-02
1.496133449934182631e-02
1.496133449934182631e-02
1.848527022967688324e-02
1.970540918307192232e-02
1.970540918307192232e-02
1.587270775521968172e-02
2.024096411329555714e-02
3.561764707340191443e-03
3.561764707340191443e-03
3.561764707340191443e-03
3.561764707340191443e-03
3.678204369098260224e-03
9.360158810675435134e-03
9.360158810675435134e-03
9.360158810675435134e-03
9.360158810675435134e-03
9.360158810675435134e-03
9.360158810675435134e-03
9.360158810675435134e-03
9.360158810675435134e-03
9.360158810675435134e-03
9.360158810675435134e-03
2.215977558619561943e-02
2.215977558619561943e-02
2.215977558619561943e-02
2.215977558619561943e-02
2.215977558619561943e-02
2.215977558619561943e-02
2.215977558619561943e-02
2.215977558619561943e-02
2.215977558619561943e-02
2.215977558619561943e-02
2.215977558619561943e-02
2.215977558619561943e-02
2.215977558619561943e-02
2.215977558619561943e-02
2.215977558619561943e-02
2.215977558619561943e-02
2.215977558619561943e-02
2.838299057892222556e-03
6.725374839649469853e-03
6.725374839649469853e-03
6.725374839649469853e-03
6.220364749450445208e-03
2.063349056285121094e-02
2.780240059212779613e-02
3.664988808499304584e-02
3.664988808499304584e-02
3.664988808499304584e-02
3.664988808499304584e-02
3.664988808499304584e-02
3.120990171600393145e-02
3.120990171600393145e-02
3.120990171600393145e-02
3.120990171600393145e-02
3.120990171600393145e-02
3.120990171600393145e-02
3.120990171600393145e-02
3.120990171600393145e-02
3.120990171600393145e-02
3.120990171600393145e-02
3.120990171600393145e-02
3.120990171600393145e-02
1.374934754701443232e-02
1.374934754701443232e-02
0.000000000000000000e+00
0.000000000000000000e+00
0.000000000000000000e+00
0.000000000000000000e+00
1.749153449512055002e-03
2.674049243657596660e-03
2.674049243657596660e-03
4.596306758107088046e-03
4.596306758107088046e-03
4.596306758107088046e-03
4.596306758107088046e-03
4.596306758107088046e-03
4.596306758107088046e-03
4.596306758107088046e-03
4.596306758107088046e-03
4.596306758107088046e-03
4.596306758107088046e-03
1.375213891543376754e-02
2.432063655599910404e-02
1.509491298099610058e-02
1.509491298099610058e-02
2.754600647403733765e-03
2.229996967500314300e-02
2.229996967500314300e-02
2.622055774211485071e-02
2.325554042407695053e-03
2.325554042407695053e-03
2.325554042407695053e-03
2.325554042407695053e-03
2.325554042407695053e-03
2.325554042407695053e-03
2.325554042407695053e-03
4.921633011442433717e-03
1.096623477009681102e-02
1.138540573877585768e-02
1.138540573877585768e-02
1.138540573877585768e-02
1.138540573877585768e-02
1.138540573877585768e-02
1.138540573877585768e-02
1.138540573877585768e-02
5.328439464964208547e-03
1.997297333517512180e-02
1.997297333517512180e-02
1.997297333517512180e-02
1.997297333517512180e-02
1.997297333517512180e-02
1.997297333517512180e-02
2.436586966796172246e-02
2.436586966796172246e-02
2.436586966796172246e-02
2.436586966796172246e-02
2.436586966796172246e-02
2.436586966796172246e-02
2.436586966796172246e-02
2.436586966796172246e-02
0.000000000000000000e+00
1.789334887226276191e-02
1.789334887226276191e-02
1.789334887226276191e-02
1.789334887226276191e-02
1.789334887226276191e-02
1.789334887226276191e-02
1.789334887226276191e-02
3.325911688234901766e-03
3.325911688234901766e-03
3.325911688234901766e-03
3.325911688234901766e-03
0.000000000000000000e+00
8.777035037180266550e-03
8.777035037180266550e-03
8.777035037180266550e-03
8.777035037180266550e-03
8.777035037180266550e-03
8.777035037180266550e-03
8.777035037180266550e-03
8.777035037180266550e-03
2.762515486696439856e-02
2.762515486696439856e-02
2.762515486696439856e-02
2.762515486696439856e-02
2.762515486696439856e-02
2.762515486696439856e-02
2.762515486696439856e-02
2.762515486696439856e-02
2.762515486696439856e-02
2.762515486696439856e-02
1.716893979180847754e-02
1.422644534994755953e-02
3.229535228322872394e-04
3.229535228322872394e-04
3.229535228322872394e-04
3.229535228322872394e-04
3.229535228322872394e-04
3.229535228322872394e-04
3.229535228322872394e-04
3.229535228322872394e-04
3.229535228322872394e-04
3.229535228322872394e-04
1.376544570093791824e-02
1.373228484318736280e-02
1.373228484318736280e-02
1.373228484318736280e-02
1.373228484318736280e-02
1.373228484318736280e-02
2.996431989158559669e-02
4.313122112651673196e-02
4.313122112651673196e-02
4.313122112651673196e-02
4.313122112651673196e-02
4.313122112651673196e-02
4.065083250964210415e-02
4.065083250964210415e-02
2.270436350441484667e-03
1.517956519613911266e-02
1.517956519613911266e-02
1.517956519613911266e-02
1.517956519613911266e-02
2.011433317869578546e-02
2.183322849889976665e-03
2.183322849889976665e-03
2.183322849889976665e-03
2.183322849889976665e-03
2.183322849889976665e-03
2.183322849889976665e-03
2.183322849889976665e-03
2.183322849889976665e-03
2.183322849889976665e-03
2.183322849889976665e-03
1.653865048187879707e-03
1.653865048187879707e-03
1.653865048187879707e-03
1.653865048187879707e-03
1.653865048187879707e-03
1.653865048187879707e-03
2.031398077268987412e-01
1.841557072240158216e-02
1.001431006541373403e-01
1.841557072240158216e-02
1.841557072240158216e-02
1.841557072240158216e-02
1.841557072240158216e-02
1.841557072240158216e-02
2.054390749220511708e-02
2.054390749220511708e-02
2.054390749220511708e-02
2.054390749220511708e-02
2.054390749220511708e-02
2.054390749220511708e-02
1.410051915399099069e-02
8.386628647190745578e-03
2.261967288973758608e-02
2.261967288973758608e-02
2.261967288973758608e-02
0.000000000000000000e+00
0.000000000000000000e+00
1.012068190071808982e-02
3.232427399553952641e-02
1.176650802481546930e-02
2.402401979314485597e-03
2.402401979314485597e-03
2.402401979314485597e-03
2.402401979314485597e-03
2.402401979314485597e-03
2.402401979314485597e-03
2.402401979314485597e-03
2.402401979314485597e-03
8.356746386877087623e-03
8.356746386877087623e-03
0.000000000000000000e+00
0.000000000000000000e+00
0.000000000000000000e+00
0.000000000000000000e+00
1.606643384294747720e-02
1.606643384294747720e-02
1.606643384294747720e-02
1.606643384294747720e-02
1.606643384294747720e-02
1.606643384294747720e-02
1.606643384294747720e-02
1.606643384294747720e-02
1.606643384294747720e-02
1.606643384294747720e-02
1.606643384294747720e-02
1.606643384294747720e-02
1.606643384294747720e-02
1.606643384294747720e-02
1.606643384294747720e-02
1.126760024088947765e-02
5.212023999764588697e-04
5.212023999764588697e-04
5.212023999764588697e-04
5.212023999764588697e-04
5.212023999764588697e-04
5.212023999764588697e-04
5.212023999764588697e-04
5.212023999764588697e-04
3.012076769348476045e-05
3.706835992413671003e-04
1.279020949974900463e-02
1.575725407240317682e-03
1.575725407240317682e-03
1.575725407240317682e-03
1.575725407240317682e-03
1.575725407240317682e-03
1.575725407240317682e-03
1.575725407240317682e-03
1.575725407240317682e-03
1.575725407240317682e-03
1.575725407240317682e-03
1.575725407240317682e-03
1.575725407240317682e-03
1.575725407240317682e-03
1.575725407240317682e-03
8.531583125171177812e-03
2.251960964270918047e-02
2.251960964270918047e-02
2.251960964270918047e-02
2.251960964270918047e-02
2.251960964270918047e-02
2.251960964270918047e-02
2.251960964270918047e-02
2.251960964270918047e-02
2.251960964270918047e-02
2.251960964270918047e-02
1.177613741502053606e-02
1.177613741502053606e-02
1.177613741502053606e-02
1.177613741502053606e-02
1.177613741502053606e-02
1.177613741502053606e-02
1.177613741502053606e-02
1.177613741502053606e-02
1.950963694884643579e-02
1.950963694884643579e-02
1.078960177883597077e-02
9.659004350005100104e-03
9.659004350005100104e-03
9.659004350005100104e-03
9.659004350005100104e-03
9.659004350005100104e-03
9.659004350005100104e-03
9.659004350005100104e-03
9.659004350005100104e-03
1.944306827245674898e-02
2.583228572731993689e-02
0.000000000000000000e+00
0.000000000000000000e+00
4.338581546471287353e-02
4.338581546471287353e-02
4.338581546471287353e-02
4.338581546471287353e-02
4.338581546471287353e-02
4.338581546471287353e-02
4.338581546471287353e-02
4.338581546471287353e-02
4.338581546471287353e-02
4.338581546471287353e-02
4.338581546471287353e-02
0.000000000000000000e+00
0.000000000000000000e+00
0.000000000000000000e+00
0.000000000000000000e+00
0.000000000000000000e+00
0.000000000000000000e+00
0.000000000000000000e+00
0.000000000000000000e+00
0.000000000000000000e+00
0.000000000000000000e+00
0.000000000000000000e+00
0.000000000000000000e+00
0.000000000000000000e+00
0.000000000000000000e+00
2.526077018911385835e-02
8.882874943185722905e-03
8.882874943185722905e-03
8.882874943185722905e-03
8.882874943185722905e-03
2.049353828056648882e-02
8.882874943185722905e-03
0.000000000000000000e+00
4.686378984028892816e-03
4.686378984028892816e-03
4.686378984028892816e-03
4.686378984028892816e-03
4.686378984028892816e-03
4.686378984028892816e-03
4.686378984028892816e-03
4.686378984028892816e-03
1.475511895503921027e-02
2.444062238720759450e-02
2.444062238720759450e-02
6.586621927072149919e-03
6.586621927072149919e-03
6.586621927072149919e-03
6.586621927072149919e-03
6.586621927072149919e-03
6.586621927072149919e-03
2.676228284542001359e-02
1.799681366066030117e-02
1.799681366066030117e-02
1.799681366066030117e-02
0.000000000000000000e+00
0.000000000000000000e+00
0.000000000000000000e+00
0.000000000000000000e+00
0.000000000000000000e+00
0.000000000000000000e+00
0.000000000000000000e+00
1.782489495287247622e-02
2.217806224739264989e-02
1.782489495287247622e-02
1.782489495287247622e-02
1.782489495287247622e-02
1.782489495287247622e-02
1.782489495287247622e-02
1.782489495287247622e-02
1.782489495287247622e-02
1.782489495287247622e-02
1.782489495287247622e-02
1.782489495287247622e-02
2.217806224739264989e-02
2.217806224739264989e-02
2.217806224739264989e-02
1.299352623049972438e-04
2.989965041619867085e-03
4.544623131027804297e-02
5.427591793926975910e-02
5.427591793926975910e-02
8.784249655163242285e-03
5.269333778955535147e-02
5.269333778955535147e-02
5.269333778955535147e-02
5.269333778955535147e-02
5.269333778955535147e-02
5.269333778955535147e-02
0.000000000000000000e+00
0.000000000000000000e+00
0.000000000000000000e+00
0.000000000000000000e+00
4.572880007567324545e-02
4.895513065871164721e-02
4.895513065871164721e-02
6.744356455054245116e-03
6.744356455054245116e-03
6.744356455054245116e-03
6.744356455054245116e-03
6.744356455054245116e-03
0.000000000000000000e+00
0.000000000000000000e+00
0.000000000000000000e+00
0.000000000000000000e+00
7.467602196890930043e-03
7.467602196890930043e-03
7.467602196890930043e-03
7.467602196890930043e-03
7.467602196890930043e-03
7.467602196890930043e-03
7.467602196890930043e-03
7.467602196890930043e-03
7.467602196890930043e-03
7.053590478075460503e-03
7.053590478075460503e-03
2.423237198399685530e-03
2.754600647403733765e-03
2.754600647403733765e-03
2.754600647403733765e-03
4.543282618958126122e-03
5.840600477432672001e-03
5.840600477432672001e-03
5.840600477432672001e-03
5.840600477432672001e-03
5.840600477432672001e-03
5.840600477432672001e-03
5.840600477432672001e-03
5.840600477432672001e-03
1.131154867094839866e-02
7.650140652159315852e-03
7.650140652159315852e-03
7.650140652159315852e-03
7.650140652159315852e-03
1.281446665311663721e-02
7.705025285720903429e-03
7.705025285720903429e-03
7.705025285720903429e-03
7.705025285720903429e-03
7.705025285720903429e-03
7.705025285720903429e-03
0.000000000000000000e+00
0.000000000000000000e+00
8.740073184264977521e-03
8.740073184264977521e-03
8.740073184264977521e-03
8.740073184264977521e-03
3.630902625902830520e-03
2.121165059940700870e-02
2.121165059940700870e-02
2.121165059940700870e-02
2.121165059940700870e-02
2.121165059940700870e-02
2.121165059940700870e-02
2.121165059940700870e-02
2.121165059940700870e-02
2.121165059940700870e-02
2.121165059940700870e-02
2.121165059940700870e-02
2.121165059940700870e-02
8.434426188238796154e-03
5.288664219831888148e-03
5.288664219831888148e-03
5.288664219831888148e-03
5.288664219831888148e-03
6.810160351934606456e-03
6.810160351934606456e-03
6.810160351934606456e-03
6.810160351934606456e-03
6.810160351934606456e-03
6.810160351934606456e-03
0.000000000000000000e+00
0.000000000000000000e+00
0.000000000000000000e+00
9.911609625306058713e-03
9.911609625306058713e-03
9.911609625306058713e-03
9.911609625306058713e-03
9.911609625306058713e-03
9.911609625306058713e-03
9.911609625306058713e-03
9.911609625306058713e-03
9.911609625306058713e-03
9.911609625306058713e-03
9.911609625306058713e-03
0.000000000000000000e+00
0.000000000000000000e+00
0.000000000000000000e+00
0.000000000000000000e+00
0.000000000000000000e+00
0.000000000000000000e+00
0.000000000000000000e+00
0.000000000000000000e+00
2.764601809392340862e-02
2.107208363708776289e-02
2.107208363708776289e-02
0.000000000000000000e+00
0.000000000000000000e+00
0.000000000000000000e+00
0.000000000000000000e+00
1.384764555082290335e-02
1.422501216099824510e-03
1.422501216099824510e-03
1.422501216099824510e-03
1.422501216099824510e-03
3.660330504096836590e-03
3.660330504096836590e-03
3.660330504096836590e-03
3.660330504096836590e-03
3.660330504096836590e-03
3.660330504096836590e-03
3.660330504096836590e-03
3.660330504096836590e-03
3.660330504096836590e-03
3.660330504096836590e-03
3.660330504096836590e-03
1.437116683384523190e-02
9.519904395647283205e-03
1.437116683384523190e-02
1.437116683384523190e-02
9.519904395647283205e-03
9.519904395647283205e-03
9.519904395647283205e-03
9.519904395647283205e-03
9.519904395647283205e-03
9.519904395647283205e-03
9.519904395647283205e-03
9.519904395647283205e-03
9.519904395647283205e-03
8.063079043468524693e-03
1.314529573181310619e-02
1.314529573181310619e-02
0.000000000000000000e+00
0.000000000000000000e+00
0.000000000000000000e+00
0.000000000000000000e+00
0.000000000000000000e+00
0.000000000000000000e+00
0.000000000000000000e+00
2.741680279662243869e-02
2.741680279662243869e-02
2.741680279662243869e-02
2.741680279662243869e-02
2.741680279662243869e-02
2.741680279662243869e-02
2.741680279662243869e-02
2.741680279662243869e-02
4.314537169188836785e-03
4.314537169188836785e-03
8.148295518588959813e-03
8.148295518588959813e-03
8.148295518588959813e-03
4.157423487338926527e-03
1.199550440108564098e-02
1.199550440108564098e-02
1.199550440108564098e-02
1.199550440108564098e-02
1.199550440108564098e-02
1.199550440108564098e-02
1.199550440108564098e-02
1.199550440108564098e-02
1.199550440108564098e-02
1.199550440108564098e-02
1.199550440108564098e-02
1.199550440108564098e-02
1.199550440108564098e-02
1.199550440108564098e-02
1.199550440108564098e-02
1.199550440108564098e-02
6.942499218131176729e-04
1.511642475834018909e-02
1.511642475834018909e-02
2.798544424366883245e-03
7.584571236491509556e-04
7.584571236491509556e-04
7.584571236491509556e-04
7.584571236491509556e-04
7.584571236491509556e-04
7.584571236491509556e-04
7.584571236491509556e-04
1.248140547942608617e-03
1.248140547942608617e-03
1.248140547942608617e-03
1.248140547942608617e-03
1.248140547942608617e-03
1.248140547942608617e-03
1.248140547942608617e-03
1.248140547942608617e-03
2.264796190323746516e-02
0.000000000000000000e+00
0.000000000000000000e+00
4.892315350461298382e-03
8.420098822492972160e-03
8.420098822492972160e-03
0.000000000000000000e+00
0.000000000000000000e+00
0.000000000000000000e+00
7.638227863083726053e-03
5.259525502910089578e-03
5.259525502910089578e-03
5.259525502910089578e-03
5.259525502910089578e-03
5.259525502910089578e-03
5.259525502910089578e-03
5.259525502910089578e-03
5.259525502910089578e-03
5.148286693358172794e-02
4.383026460530531181e-03
4.383026460530531181e-03
4.383026460530531181e-03
4.383026460530531181e-03
4.383026460530531181e-03
4.383026460530531181e-03
4.383026460530531181e-03
4.383026460530531181e-03
4.383026460530531181e-03
4.383026460530531181e-03
7.903885928878019024e-03
7.903885928878019024e-03
1.953015966172867018e-02
7.903885928878019024e-03
5.733066035605602871e-03
5.733066035605602871e-03
5.733066035605602871e-03
5.733066035605602871e-03
1.670234954625513316e-02
0.000000000000000000e+00
4.374529040015345469e-03
4.374529040015345469e-03
4.374529040015345469e-03
4.374529040015345469e-03
4.374529040015345469e-03
4.374529040015345469e-03
4.374529040015345469e-03
4.374529040015345469e-03
2.314697365964893394e-02
2.314697365964893394e-02
2.314697365964893394e-02
3.895138048250694485e-02
3.720566932386437653e-02
4.075455970514414022e-03
4.075455970514414022e-03
4.075455970514414022e-03
4.075455970514414022e-03
4.075455970514414022e-03
4.075455970514414022e-03
4.075455970514414022e-03
4.075455970514414022e-03
4.075455970514414022e-03
4.075455970514414022e-03
4.075455970514414022e-03
4.148898354643965058e-02
1.228240132889119041e-02
1.228240132889119041e-02
1.228240132889119041e-02
1.228240132889119041e-02
1.641591931945505026e-02
2.378911088052662864e-03
2.378911088052662864e-03
2.378911088052662864e-03
2.378911088052662864e-03
2.378911088052662864e-03
2.217542057605004918e-02
2.217542057605004918e-02
2.217542057605004918e-02
2.217542057605004918e-02
2.217542057605004918e-02
2.217542057605004918e-02
2.217542057605004918e-02
2.217542057605004918e-02
6.788067071145029163e-03
2.974205188429973612e-03
2.974205188429973612e-03
2.974205188429973612e-03
4.286557261820977960e-03
4.286557261820977960e-03
8.992040425124532554e-03
1.270644820609825561e-03
1.270644820609825561e-03
1.270644820609825561e-03
1.270644820609825561e-03
1.270644820609825561e-03
1.270644820609825561e-03
1.270644820609825561e-03
1.270644820609825561e-03
1.270644820609825561e-03
1.270644820609825561e-03
7.670992930747816407e-02
4.447485705349192402e-03
4.447485705349192402e-03
4.422633070483590612e-02
1.492287364299539794e-02
8.762998251376513279e-04
8.762998251376513279e-04
8.762998251376513279e-04
1.100532882885392992e-02
1.100532882885392992e-02
1.100532882885392992e-02
1.100532882885392992e-02
1.100532882885392992e-02
1.100532882885392992e-02
1.100532882885392992e-02
1.100532882885392992e-02
1.100532882885392992e-02
1.100532882885392992e-02
1.100532882885392992e-02
1.100532882885392992e-02
1.100532882885392992e-02
4.332420325417650313e-03
9.146532690641907132e-03
9.146532690641907132e-03
9.146532690641907132e-03
9.146532690641907132e-03
9.146532690641907132e-03
9.146532690641907132e-03
9.146532690641907132e-03
9.146532690641907132e-03
9.146532690641907132e-03
9.146532690641907132e-03
1.452149984547374678e-02
3.960376502793993767e-03
3.960376502793993767e-03
3.960376502793993767e-03
3.960376502793993767e-03
3.960376502793993767e-03
3.960376502793993767e-03
3.960376502793993767e-03
3.960376502793993767e-03
3.960376502793993767e-03
3.960376502793993767e-03
3.960376502793993767e-03
3.960376502793993767e-03
3.960376502793993767e-03
3.960376502793993767e-03
3.960376502793993767e-03
3.960376502793993767e-03
3.960376502793993767e-03
3.960376502793993767e-03
3.960376502793993767e-03
3.960376502793993767e-03
3.960376502793993767e-03
3.960376502793993767e-03
3.960376502793993767e-03
3.960376502793993767e-03
3.960376502793993767e-03
3.960376502793993767e-03
3.960376502793993767e-03
3.960376502793993767e-03
0.000000000000000000e+00
1.978401886599975151e-02
1.531323880722210325e-02
1.531323880722210325e-02
1.531323880722210325e-02
1.531323880722210325e-02
2.107111518207264653e-02
2.107111518207264653e-02
2.107111518207264653e-02
2.107111518207264653e-02
2.107111518207264653e-02
2.107111518207264653e-02
2.107111518207264653e-02
2.107111518207264653e-02
2.107111518207264653e-02
2.107111518207264653e-02
1.029181008357384075e-02
1.029181008357384075e-02
1.029181008357384075e-02
1.029181008357384075e-02
3.247260800723148887e-04
1.723240406841184194e-02
1.723240406841184194e-02
1.723240406841184194e-02
0.000000000000000000e+00
0.000000000000000000e+00
0.000000000000000000e+00
0.000000000000000000e+00
0.000000000000000000e+00
0.000000000000000000e+00
0.000000000000000000e+00
0.000000000000000000e+00
1.514590226394635711e-02
1.514590226394635711e-02
1.514590226394635711e-02
1.514590226394635711e-02
3.761985428476165988e-02
1.514590226394635711e-02
2.918840119947165718e-02
3.386670453387919701e-03
3.386670453387919701e-03
1.349633731179151336e-02
1.626662073381949375e-02
1.626662073381949375e-02
1.626662073381949375e-02
1.626662073381949375e-02
1.626662073381949375e-02
1.626662073381949375e-02
2.510927410377635990e-02
2.314250370835112952e-02
2.314250370835112952e-02
1.775499168597546168e-02
4.165772052947084962e-03
4.165772052947084962e-03
0.000000000000000000e+00
4.805548131893109262e-04
4.805548131893109262e-04
4.805548131893109262e-04
4.805548131893109262e-04
4.805548131893109262e-04
4.805548131893109262e-04
4.805548131893109262e-04
4.805548131893109262e-04
4.805548131893109262e-04
4.805548131893109262e-04
4.805548131893109262e-04
4.805548131893109262e-04
4.805548131893109262e-04
4.805548131893109262e-04
4.805548131893109262e-04
4.805548131893109262e-04
2.124340821689665870e-02
4.805548131893109262e-04
4.805548131893109262e-04
4.805548131893109262e-04
7.676867801329837968e-03
2.629468732015325175e-02
2.291918124706539620e-02
1.091109834385182130e-02
1.771291245093241373e-02
1.771291245093241373e-02
1.771291245093241373e-02
1.771291245093241373e-02
0.000000000000000000e+00
0.000000000000000000e+00
0.000000000000000000e+00
0.000000000000000000e+00
1.085909700378546137e-02
4.936520314915365110e-02
4.936520314915365110e-02
4.936520314915365110e-02
4.936520314915365110e-02
2.264796190323746516e-02
2.264796190323746516e-02
2.264796190323746516e-02
2.264796190323746516e-02
2.264796190323746516e-02
2.264796190323746516e-02
2.264796190323746516e-02
2.264796190323746516e-02
1.297776611897160683e-02
1.297776611897160683e-02
1.297776611897160683e-02
1.297776611897160683e-02
9.217352804492793400e-03
1.280011946212440167e-03
1.948792509838341569e-02
8.370525263918113246e-03
1.948792509838341569e-02
1.948792509838341569e-02
1.948792509838341569e-02
1.948792509838341569e-02
8.370525263918113246e-03
6.942499218131176729e-04
6.942499218131176729e-04
6.942499218131176729e-04
6.942499218131176729e-04
6.942499218131176729e-04
6.942499218131176729e-04
6.942499218131176729e-04
6.942499218131176729e-04
6.942499218131176729e-04
6.942499218131176729e-04
6.942499218131176729e-04
6.942499218131176729e-04
1.243447207828032343e-02
1.243447207828032343e-02
1.243447207828032343e-02
1.243447207828032343e-02
1.243447207828032343e-02
1.243447207828032343e-02
1.243447207828032343e-02
1.243447207828032343e-02
1.243447207828032343e-02
1.243447207828032343e-02
1.243447207828032343e-02
1.243447207828032343e-02
1.243447207828032343e-02
4.373391570254784450e-02
4.373391570254784450e-02
5.805690470516322588e-03
1.131154867094839866e-02
6.426243313321858795e-03
6.426243313321858795e-03
6.426243313321858795e-03
6.426243313321858795e-03
0.000000000000000000e+00
2.780240059212779613e-02
2.780240059212779613e-02
2.780240059212779613e-02
2.780240059212779613e-02
2.780240059212779613e-02
2.780240059212779613e-02
2.780240059212779613e-02
2.780240059212779613e-02
2.780240059212779613e-02
2.780240059212779613e-02
5.824411448242285995e-03
5.824411448242285995e-03
4.848747477564502306e-03
1.063994819640206452e-02
1.063994819640206452e-02
1.298516988490823129e-02
1.298516988490823129e-02
1.298516988490823129e-02
1.298516988490823129e-02
6.032154198722179846e-03
6.032154198722179846e-03
6.032154198722179846e-03
6.032154198722179846e-03
6.032154198722179846e-03
6.032154198722179846e-03
6.032154198722179846e-03
6.032154198722179846e-03
6.032154198722179846e-03
6.032154198722179846e-03
2.439507081782283683e-03
2.439507081782283683e-03
2.439507081782283683e-03
2.439507081782283683e-03
1.384764555082290335e-02
0.000000000000000000e+00
0.000000000000000000e+00
0.000000000000000000e+00
3.234315892521971714e-02
3.234315892521971714e-02
8.030720362406502250e-03
8.030720362406502250e-03
0.000000000000000000e+00
0.000000000000000000e+00
0.000000000000000000e+00
2.749400342020144779e-03
1.176583245916734341e-02
1.176583245916734341e-02
1.176583245916734341e-02
1.176583245916734341e-02
1.176583245916734341e-02
1.176583245916734341e-02
1.422232575536186427e-02
1.244817587974192917e-02
1.244817587974192917e-02
1.244817587974192917e-02
1.244817587974192917e-02
9.595899001507045972e-03
3.310494166431554065e-03
3.310494166431554065e-03
3.310494166431554065e-03
3.310494166431554065e-03
3.310494166431554065e-03
3.063285601131117419e-02
3.113239670308187365e-02
3.113239670308187365e-02
3.113239670308187365e-02
3.113239670308187365e-02
3.113239670308187365e-02
3.113239670308187365e-02
3.113239670308187365e-02
3.113239670308187365e-02
9.315431091239369243e-03
1.361889614920564580e-03
1.361889614920564580e-03
1.361889614920564580e-03
1.361889614920564580e-03
1.572866748111258206e-02
1.508733604010450285e-02
1.508733604010450285e-02
1.508733604010450285e-02
1.508733604010450285e-02
1.508733604010450285e-02
1.508733604010450285e-02
1.508733604010450285e-02
1.508733604010450285e-02
3.654059337772462644e-03
3.571273257551763058e-02
3.571273257551763058e-02
3.571273257551763058e-02
3.571273257551763058e-02
3.571273257551763058e-02
3.571273257551763058e-02
3.571273257551763058e-02
3.571273257551763058e-02
3.571273257551763058e-02
3.571273257551763058e-02
3.571273257551763058e-02
3.571273257551763058e-02
3.571273257551763058e-02
3.571273257551763058e-02
3.571273257551763058e-02
3.571273257551763058e-02
3.571273257551763058e-02
3.571273257551763058e-02
0.000000000000000000e+00
0.000000000000000000e+00
1.884800084567974862e-02
1.884800084567974862e-02
1.884800084567974862e-02
1.884800084567974862e-02
1.884800084567974862e-02
1.085909700378546137e-02
0.000000000000000000e+00
0.000000000000000000e+00
0.000000000000000000e+00
0.000000000000000000e+00
1.420222452147005925e-02
1.793446272886384946e-02
1.793446272886384946e-02
1.793446272886384946e-02
1.793446272886384946e-02
1.793446272886384946e-02
1.793446272886384946e-02
1.793446272886384946e-02
1.793446272886384946e-02
1.793446272886384946e-02
1.793446272886384946e-02
1.793446272886384946e-02
1.793446272886384946e-02
1.793446272886384946e-02
1.793446272886384946e-02
1.793446272886384946e-02
1.793446272886384946e-02
2.598880814924620086e-02
2.485098087684135121e-02
2.485098087684135121e-02
2.485098087684135121e-02
0.000000000000000000e+00
0.000000000000000000e+00
0.000000000000000000e+00
0.000000000000000000e+00
0.000000000000000000e+00
0.000000000000000000e+00
4.185564908638061965e-02
4.185564908638061965e-02
1.479497548892552521e-02
1.479497548892552521e-02
1.016731360645382540e-02
1.016731360645382540e-02
1.016731360645382540e-02
1.016731360645382540e-02
1.643901052737054697e-02
6.188389079518120256e-03
6.188389079518120256e-03
1.134146915057974818e-02
1.134146915057974818e-02
1.134146915057974818e-02
1.134146915057974818e-02
1.134146915057974818e-02
1.134146915057974818e-02
1.134146915057974818e-02
1.134146915057974818e-02
1.134146915057974818e-02
1.134146915057974818e-02
1.134146915057974818e-02
2.148776932440863915e-02
2.148776932440863915e-02
1.271220599409506827e-03
1.271220599409506827e-03
1.376544570093791824e-02
1.376544570093791824e-02
5.081006797427600752e-02
2.996431989158559669e-02
1.080417994342621098e-02
1.080417994342621098e-02
1.080417994342621098e-02
1.080417994342621098e-02
1.080417994342621098e-02
1.080417994342621098e-02
1.108544223513627074e-02
0.000000000000000000e+00
0.000000000000000000e+00
0.000000000000000000e+00
0.000000000000000000e+00
0.000000000000000000e+00
2.069316766234306337e-03
1.507291014872301667e-02
1.507291014872301667e-02
3.306675465369927208e-02
1.436125379629224930e-04
0.000000000000000000e+00
0.000000000000000000e+00
2.554651480388592244e-02
2.554651480388592244e-02
2.554651480388592244e-02
2.554651480388592244e-02
1.777360369493419245e-02
9.420149544365628153e-03
9.420149544365628153e-03
9.420149544365628153e-03
9.420149544365628153e-03
9.420149544365628153e-03
9.420149544365628153e-03
9.420149544365628153e-03
9.420149544365628153e-03
9.420149544365628153e-03
9.420149544365628153e-03
9.420149544365628153e-03
9.420149544365628153e-03
9.420149544365628153e-03
9.420149544365628153e-03
9.420149544365628153e-03
9.420149544365628153e-03
9.420149544365628153e-03
9.420149544365628153e-03
9.420149544365628153e-03
9.420149544365628153e-03
9.420149544365628153e-03
9.420149544365628153e-03
7.267141972818310031e-04
1.069873034452567366e-02
1.069873034452567366e-02
1.069873034452567366e-02
1.069873034452567366e-02
1.069873034452567366e-02
1.069873034452567366e-02
1.069873034452567366e-02
1.069873034452567366e-02
1.069873034452567366e-02
1.069873034452567366e-02
1.069873034452567366e-02
1.069873034452567366e-02
1.069873034452567366e-02
1.069873034452567366e-02
1.337838457003264923e-03
0.000000000000000000e+00
0.000000000000000000e+00
0.000000000000000000e+00
0.000000000000000000e+00
1.611413739194007821e-02
2.713453720011718001e-02
2.713453720011718001e-02
2.713453720011718001e-02
7.267141972818310031e-04
7.267141972818310031e-04
7.267141972818310031e-04
7.267141972818310031e-04
2.221849643863276196e-03
1.057267165401740323e-02
1.057267165401740323e-02
1.057267165401740323e-02
2.749400342020144779e-03
2.749400342020144779e-03
2.749400342020144779e-03
2.749400342020144779e-03
2.749400342020144779e-03
2.749400342020144779e-03
3.634630098948739979e-02
4.638127782875774152e-02
4.638127782875774152e-02
4.638127782875774152e-02
4.638127782875774152e-02
5.081006797427600752e-02
5.081006797427600752e-02
5.081006797427600752e-02
5.081006797427600752e-02
1.873189612797319242e-02
1.873189612797319242e-02
1.873189612797319242e-02
1.873189612797319242e-02
0.000000000000000000e+00
2.272149914788717390e-02
2.272149914788717390e-02
2.272149914788717390e-02
2.272149914788717390e-02
2.272149914788717390e-02
2.272149914788717390e-02
8.378727519862254683e-03
8.378727519862254683e-03
8.378727519862254683e-03
8.378727519862254683e-03
8.378727519862254683e-03
8.378727519862254683e-03
4.782140269496673070e-03
4.782140269496673070e-03
4.782140269496673070e-03
4.782140269496673070e-03
4.782140269496673070e-03
4.782140269496673070e-03
4.782140269496673070e-03
4.782140269496673070e-03
4.782140269496673070e-03
4.782140269496673070e-03
4.782140269496673070e-03
4.782140269496673070e-03
4.782140269496673070e-03
8.420689286148997157e-03
4.551214871818739204e-03
4.551214871818739204e-03
4.551214871818739204e-03
4.551214871818739204e-03
4.551214871818739204e-03
4.551214871818739204e-03
4.650008404965873948e-03
1.101191107478819396e-02
1.190020134806850545e-02
0.000000000000000000e+00
1.135463248526153573e-02
1.135463248526153573e-02
1.135463248526153573e-02
1.135463248526153573e-02
1.135463248526153573e-02
1.135463248526153573e-02
7.524800356809174112e-03
1.507488287183869798e-02
1.507488287183869798e-02
1.507488287183869798e-02
1.507488287183869798e-02
7.712904540576114715e-03
7.712904540576114715e-03
7.712904540576114715e-03
7.712904540576114715e-03
7.712904540576114715e-03
7.712904540576114715e-03
0.000000000000000000e+00
0.000000000000000000e+00
0.000000000000000000e+00
0.000000000000000000e+00
0.000000000000000000e+00
0.000000000000000000e+00
0.000000000000000000e+00
1.590924810109579576e-02
1.590924810109579576e-02
1.341958434780486133e-02
2.448032467286193406e-03
2.448032467286193406e-03
2.448032467286193406e-03
1.131283258312754982e-02
1.550901552679209011e-02
1.550901552679209011e-02
1.550901552679209011e-02
1.101191107478819396e-02
1.101191107478819396e-02
1.101191107478819396e-02
0.000000000000000000e+00
0.000000000000000000e+00
0.000000000000000000e+00
0.000000000000000000e+00
0.000000000000000000e+00
0.000000000000000000e+00
0.000000000000000000e+00
0.000000000000000000e+00
0.000000000000000000e+00
7.469466069023756455e-03
7.469466069023756455e-03
7.469466069023756455e-03
7.469466069023756455e-03
7.469466069023756455e-03
7.469466069023756455e-03
7.469466069023756455e-03
7.469466069023756455e-03
7.469466069023756455e-03
7.469466069023756455e-03
7.469466069023756455e-03
1.577637409377361313e-02
1.577637409377361313e-02
5.477756802914817390e-03
9.886137118428157608e-03
9.886137118428157608e-03
1.746928146723767880e-02
1.746928146723767880e-02
1.746928146723767880e-02
0.000000000000000000e+00
0.000000000000000000e+00
1.528696268551072747e-02
5.700259760284072299e-04
5.700259760284072299e-04
5.700259760284072299e-04
5.700259760284072299e-04
5.700259760284072299e-04
5.700259760284072299e-04
5.700259760284072299e-04
5.700259760284072299e-04
5.700259760284072299e-04
5.700259760284072299e-04
4.542130052202033620e-03
4.542130052202033620e-03
4.542130052202033620e-03
4.542130052202033620e-03
4.542130052202033620e-03
4.542130052202033620e-03
4.542130052202033620e-03
4.542130052202033620e-03
6.065510453893286323e-03
6.065510453893286323e-03
6.065510453893286323e-03
6.065510453893286323e-03
5.182661135814369165e-03
1.527301875943924345e-02
1.527301875943924345e-02
1.527301875943924345e-02
1.307430358914765320e-02
1.307430358914765320e-02
1.307430358914765320e-02
1.307430358914765320e-02
1.307430358914765320e-02
1.307430358914765320e-02
1.307430358914765320e-02
1.307430358914765320e-02
1.307430358914765320e-02
1.307430358914765320e-02
1.231396964059340224e-02
6.993668660969343254e-03
6.993668660969343254e-03
6.993668660969343254e-03
6.993668660969343254e-03
6.993668660969343254e-03
6.993668660969343254e-03
6.993668660969343254e-03
6.993668660969343254e-03
6.993668660969343254e-03
6.993668660969343254e-03
6.993668660969343254e-03
6.993668660969343254e-03
0.000000000000000000e+00
0.000000000000000000e+00
0.000000000000000000e+00
0.000000000000000000e+00
2.423237198399685530e-03
2.423237198399685530e-03
2.423237198399685530e-03
2.423237198399685530e-03
3.574890691674176540e-03
1.038148253259381891e-02
1.038148253259381891e-02
1.038148253259381891e-02
1.038148253259381891e-02
1.038148253259381891e-02
1.038148253259381891e-02
1.038148253259381891e-02
0.000000000000000000e+00
0.000000000000000000e+00
0.000000000000000000e+00
0.000000000000000000e+00
0.000000000000000000e+00
0.000000000000000000e+00
0.000000000000000000e+00
0.000000000000000000e+00
0.000000000000000000e+00
0.000000000000000000e+00
8.322182079613047942e-03
8.322182079613047942e-03
8.322182079613047942e-03
8.322182079613047942e-03
8.322182079613047942e-03
0.000000000000000000e+00
9.970056148276696187e-03
9.970056148276696187e-03
9.970056148276696187e-03
4.068291667770998141e-03
4.068291667770998141e-03
4.068291667770998141e-03
4.068291667770998141e-03
4.068291667770998141e-03
4.068291667770998141e-03
4.068291667770998141e-03
4.068291667770998141e-03
4.068291667770998141e-03
4.068291667770998141e-03
4.068291667770998141e-03
4.068291667770998141e-03
4.068291667770998141e-03
8.269728359964038239e-03
1.378475393099779390e-03
1.378475393099779390e-03
1.378475393099779390e-03
1.378475393099779390e-03
1.378475393099779390e-03
1.378475393099779390e-03
1.378475393099779390e-03
1.378475393099779390e-03
1.378475393099779390e-03
1.378475393099779390e-03
1.378475393099779390e-03
1.378475393099779390e-03
1.378475393099779390e-03
1.378475393099779390e-03
1.378475393099779390e-03
1.378475393099779390e-03
8.516446819691759346e-03
8.516446819691759346e-03
8.679779741696971515e-03
8.679779741696971515e-03
8.679779741696971515e-03
8.679779741696971515e-03
8.679779741696971515e-03
8.679779741696971515e-03
8.679779741696971515e-03
8.679779741696971515e-03
3.805485290023481303e-03
3.805485290023481303e-03
3.805485290023481303e-03
3.805485290023481303e-03
3.805485290023481303e-03
3.805485290023481303e-03
2.069316766234306337e-03
2.069316766234306337e-03
2.069316766234306337e-03
2.069316766234306337e-03
2.069316766234306337e-03
2.069316766234306337e-03
2.069316766234306337e-03
2.069316766234306337e-03
8.979328364859597358e-03
4.840056968599404374e-03
5.930485704688655615e-03
1.196496049619696737e-02
1.934235750084082467e-02
1.934235750084082467e-02
1.934235750084082467e-02
1.934235750084082467e-02
1.934235750084082467e-02
1.934235750084082467e-02
1.934235750084082467e-02
1.934235750084082467e-02
1.934235750084082467e-02
1.934235750084082467e-02
2.358256417344012021e-02
1.344861257017549057e-02
1.344861257017549057e-02
1.344861257017549057e-02
1.344861257017549057e-02
4.383651713639613243e-03
1.136972178704585834e-02
1.136972178704585834e-02
1.136972178704585834e-02
1.136972178704585834e-02
0.000000000000000000e+00
0.000000000000000000e+00
0.000000000000000000e+00
0.000000000000000000e+00
0.000000000000000000e+00
0.000000000000000000e+00
0.000000000000000000e+00
0.000000000000000000e+00
0.000000000000000000e+00
0.000000000000000000e+00
0.000000000000000000e+00
0.000000000000000000e+00
1.337838457003264923e-03
1.751221321322082164e-02
7.404524953403766527e-03
7.404524953403766527e-03
7.404524953403766527e-03
7.404524953403766527e-03
2.764601809392340862e-02
3.180929275834112890e-02
3.180929275834112890e-02
0.000000000000000000e+00
0.000000000000000000e+00
0.000000000000000000e+00
0.000000000000000000e+00
0.000000000000000000e+00
5.838311764726995812e-03
5.838311764726995812e-03
5.838311764726995812e-03
5.838311764726995812e-03
5.838311764726995812e-03
5.838311764726995812e-03
1.635333644085436560e-03
1.784598319736947075e-02
1.636147825105713910e-02
1.224877567713472844e-02
1.636147825105713910e-02
1.224877567713472844e-02
1.224877567713472844e-02
1.224877567713472844e-02
1.224877567713472844e-02
1.224877567713472844e-02
1.224877567713472844e-02
1.224877567713472844e-02
1.224877567713472844e-02
1.224877567713472844e-02
1.224877567713472844e-02
1.224877567713472844e-02
1.635333644085436560e-03
1.635333644085436560e-03
1.635333644085436560e-03
1.635333644085436560e-03
1.145317537295226923e-02
2.247042880289833525e-03
2.247042880289833525e-03
2.247042880289833525e-03
2.247042880289833525e-03
1.108544223513627074e-02
1.108544223513627074e-02
1.108544223513627074e-02
1.108544223513627074e-02
1.108544223513627074e-02
1.108544223513627074e-02
1.108544223513627074e-02
1.108544223513627074e-02
2.938762721652310103e-02
2.286444538747927496e-02
2.286444538747927496e-02
1.668289057741006304e-03
2.449611857046318873e-03
2.449611857046318873e-03
2.449611857046318873e-03
2.449611857046318873e-03
2.449611857046318873e-03
2.449611857046318873e-03
2.449611857046318873e-03
2.449611857046318873e-03
2.510927410377635990e-02
1.225123998451547319e-02
1.225123998451547319e-02
1.225123998451547319e-02
1.225123998451547319e-02
1.225123998451547319e-02
1.225123998451547319e-02
1.225123998451547319e-02
1.225123998451547319e-02
1.225123998451547319e-02
1.225123998451547319e-02
1.225123998451547319e-02
1.225123998451547319e-02
1.225123998451547319e-02
1.225123998451547319e-02
1.225123998451547319e-02
2.011433317869578546e-02
2.011433317869578546e-02
2.011433317869578546e-02
2.011433317869578546e-02
1.035960220536073437e-02
1.652700554059165087e-03
1.652700554059165087e-03
1.652700554059165087e-03
1.652700554059165087e-03
1.652700554059165087e-03
1.652700554059165087e-03
3.796740556285900861e-03
3.796740556285900861e-03
3.796740556285900861e-03
3.796740556285900861e-03
3.796740556285900861e-03
3.796740556285900861e-03
3.796740556285900861e-03
3.796740556285900861e-03
3.796740556285900861e-03
3.796740556285900861e-03
3.796740556285900861e-03
3.796740556285900861e-03
3.796740556285900861e-03
3.796740556285900861e-03
3.796740556285900861e-03
3.796740556285900861e-03
3.796740556285900861e-03
3.796740556285900861e-03
3.796740556285900861e-03
3.796740556285900861e-03
3.796740556285900861e-03
3.796740556285900861e-03
3.796740556285900861e-03
3.796740556285900861e-03
3.796740556285900861e-03
3.796740556285900861e-03
3.796740556285900861e-03
3.796740556285900861e-03
4.848747477564502306e-03
1.037194446595474800e-02
1.037194446595474800e-02
1.037194446595474800e-02
1.037194446595474800e-02
1.037194446595474800e-02
1.037194446595474800e-02
1.726529607904326094e-02
2.129420857210428866e-03
2.129420857210428866e-03
2.129420857210428866e-03
0.000000000000000000e+00
0.000000000000000000e+00
1.044460518081052197e-02
1.044460518081052197e-02
0.000000000000000000e+00
1.684496012805915960e-02
1.684496012805915960e-02
1.684496012805915960e-02
1.684496012805915960e-02
1.684496012805915960e-02
1.684496012805915960e-02
1.684496012805915960e-02
1.684496012805915960e-02
0.000000000000000000e+00
0.000000000000000000e+00
1.441980400866256160e-02
1.673472279771283378e-02
1.673472279771283378e-02
1.673472279771283378e-02
1.673472279771283378e-02
1.258766033890658907e-02
1.258766033890658907e-02
1.258766033890658907e-02
1.258766033890658907e-02
1.441980400866256160e-02
1.643901052737054697e-02
9.595899001507045972e-03
1.744835871245844702e-02
1.744835871245844702e-02
1.744835871245844702e-02
1.744835871245844702e-02
1.744835871245844702e-02
0.000000000000000000e+00
0.000000000000000000e+00
0.000000000000000000e+00
0.000000000000000000e+00
0.000000000000000000e+00
0.000000000000000000e+00
0.000000000000000000e+00
2.769774151703208870e-02
2.769774151703208870e-02
2.769774151703208870e-02
2.769774151703208870e-02
2.769774151703208870e-02
2.769774151703208870e-02
1.819347434724325613e-02
5.395823430099833465e-03
5.395823430099833465e-03
5.395823430099833465e-03
3.079915712312106344e-03
3.079915712312106344e-03
3.079915712312106344e-03
3.079915712312106344e-03
3.079915712312106344e-03
3.079915712312106344e-03
3.079915712312106344e-03
3.079915712312106344e-03
1.210660465280369302e-02
8.159774595509842673e-03
8.531583125171177812e-03
8.531583125171177812e-03
2.387566411986096274e-02
8.020570569570836111e-03
8.020570569570836111e-03
4.167108691934098830e-02
6.613959135197224927e-03
6.613959135197224927e-03
6.613959135197224927e-03
3.470778163137070577e-02
1.260674381087597586e-02
1.260674381087597586e-02
1.260674381087597586e-02
1.260674381087597586e-02
1.260674381087597586e-02
1.260674381087597586e-02
1.475511895503921027e-02
0.000000000000000000e+00
7.908793129618531953e-03
2.808596024301414622e-03
2.808596024301414622e-03
2.808596024301414622e-03
1.055889819019008649e-02
9.289630609503628234e-03
9.289630609503628234e-03
9.289630609503628234e-03
9.289630609503628234e-03
9.289630609503628234e-03
9.289630609503628234e-03
2.622055774211485071e-02
2.622055774211485071e-02
9.215684228201431738e-03
4.462380962154628705e-03
4.462380962154628705e-03
4.462380962154628705e-03
4.462380962154628705e-03
4.462380962154628705e-03
4.462380962154628705e-03
4.462380962154628705e-03
4.462380962154628705e-03
1.670234954625513316e-02
1.670234954625513316e-02
9.915229115389065720e-03
2.834246290124261061e-02
1.420363073613006323e-02
2.548529445889268635e-02
2.548529445889268635e-02
2.548529445889268635e-02
2.548529445889268635e-02
3.018543695194100124e-02
2.986047977909871490e-02
2.986047977909871490e-02
1.127020116082768850e-02
2.963054535117499652e-02
2.963054535117499652e-02
2.963054535117499652e-02
2.963054535117499652e-02
2.314051886899298055e-03
1.711359695246294750e-03
1.711359695246294750e-03
5.313524878332321613e-04
5.313524878332321613e-04
5.313524878332321613e-04
5.313524878332321613e-04
5.313524878332321613e-04
5.313524878332321613e-04
3.660561912203581444e-03
1.203018270925518100e-02
1.203018270925518100e-02
1.203018270925518100e-02
1.203018270925518100e-02
1.203018270925518100e-02
1.203018270925518100e-02
1.203018270925518100e-02
1.203018270925518100e-02
2.024096411329555714e-02
2.024096411329555714e-02
2.024096411329555714e-02
2.024096411329555714e-02
2.024096411329555714e-02
0.000000000000000000e+00
1.621034137594651314e-02
1.621034137594651314e-02
1.621034137594651314e-02
1.621034137594651314e-02
1.621034137594651314e-02
1.621034137594651314e-02
1.621034137594651314e-02
1.621034137594651314e-02
1.543324398166572194e-03
5.026309591190239630e-03
5.026309591190239630e-03
1.656695914916339607e-02
8.940844040778874293e-04
8.940844040778874293e-04
8.940844040778874293e-04
8.940844040778874293e-04
8.940844040778874293e-04
8.940844040778874293e-04
8.940844040778874293e-04
8.940844040778874293e-04
8.940844040778874293e-04
8.940844040778874293e-04
2.032563172044039163e-02
1.886775586032183108e-02
1.886775586032183108e-02
9.636990924068595740e-03
6.283470882706507048e-03
6.283470882706507048e-03
6.283470882706507048e-03
6.283470882706507048e-03
6.283470882706507048e-03
6.283470882706507048e-03
1.136880444218572699e-02
6.314349079500637327e-03
6.314349079500637327e-03
6.314349079500637327e-03
6.314349079500637327e-03
3.925877050956077391e-03
1.081802290173125396e-02
1.081802290173125396e-02
2.484616742311111272e-03
2.819667108364618674e-02
2.819667108364618674e-02
2.819667108364618674e-02
2.819667108364618674e-02
2.819667108364618674e-02
2.819667108364618674e-02
2.819667108364618674e-02
2.819667108364618674e-02
2.819667108364618674e-02
2.819667108364618674e-02
2.819667108364618674e-02
2.819667108364618674e-02
2.819667108364618674e-02
2.819667108364618674e-02
2.819667108364618674e-02
2.819667108364618674e-02
2.819667108364618674e-02
2.819667108364618674e-02
2.819667108364618674e-02
2.819667108364618674e-02
2.819667108364618674e-02
2.819667108364618674e-02
2.819667108364618674e-02
2.819667108364618674e-02
2.819667108364618674e-02
2.819667108364618674e-02
2.101395459806858212e-02
2.101395459806858212e-02
2.101395459806858212e-02
2.101395459806858212e-02
2.101395459806858212e-02
2.101395459806858212e-02
1.045766331505364188e-02
3.660561912203581444e-03
1.955878741420518166e-02
3.785536724983077847e-03
3.785536724983077847e-03
3.785536724983077847e-03
3.785536724983077847e-03
3.785536724983077847e-03
3.785536724983077847e-03
3.785536724983077847e-03
3.785536724983077847e-03
1.956425525656036585e-02
4.157423487338926527e-03
4.157423487338926527e-03
4.157423487338926527e-03
3.535590976279502640e-02
8.970156056655466739e-03
8.970156056655466739e-03
1.367080248482462415e-02
1.300486015451112094e-02
1.300486015451112094e-02
6.428060435524574068e-03
6.428060435524574068e-03
6.428060435524574068e-03
6.428060435524574068e-03
6.428060435524574068e-03
6.428060435524574068e-03
6.428060435524574068e-03
6.428060435524574068e-03
6.428060435524574068e-03
6.428060435524574068e-03
6.428060435524574068e-03
7.420364457011547135e-03
2.010031927934341142e-02
2.010031927934341142e-02
2.010031927934341142e-02
7.599914633285402565e-03
2.272635863678067886e-02
4.696853805629428585e-03
4.696853805629428585e-03
4.696853805629428585e-03
4.696853805629428585e-03
4.696853805629428585e-03
4.696853805629428585e-03
4.696853805629428585e-03
4.696853805629428585e-03
4.696853805629428585e-03
4.696853805629428585e-03
4.696853805629428585e-03
7.864614505963797575e-03
5.148898778319731424e-03
5.148898778319731424e-03
5.148898778319731424e-03
5.148898778319731424e-03
5.148898778319731424e-03
5.148898778319731424e-03
5.148898778319731424e-03
5.148898778319731424e-03
5.148898778319731424e-03
5.148898778319731424e-03
5.148898778319731424e-03
5.148898778319731424e-03
5.148898778319731424e-03
5.148898778319731424e-03
5.148898778319731424e-03
5.148898778319731424e-03
5.148898778319731424e-03
5.148898778319731424e-03
8.412193357746157235e-04
8.412193357746157235e-04
8.412193357746157235e-04
8.412193357746157235e-04
8.412193357746157235e-04
8.412193357746157235e-04
8.412193357746157235e-04
8.412193357746157235e-04
8.412193357746157235e-04
8.412193357746157235e-04
8.412193357746157235e-04
8.412193357746157235e-04
8.412193357746157235e-04
8.412193357746157235e-04
8.412193357746157235e-04
6.275382900642655429e-03
6.499726235056733567e-03
6.499726235056733567e-03
6.499726235056733567e-03
6.499726235056733567e-03
6.499726235056733567e-03
6.499726235056733567e-03
6.499726235056733567e-03
6.499726235056733567e-03
6.499726235056733567e-03
6.499726235056733567e-03
1.543324398166572194e-03
3.427317112906073937e-02
2.841539523346877164e-02
9.050622372233174326e-03
9.050622372233174326e-03
9.050622372233174326e-03
9.050622372233174326e-03
2.050301135127771332e-02
2.050301135127771332e-02
2.050301135127771332e-02
2.050301135127771332e-02
2.050301135127771332e-02
2.050301135127771332e-02
2.050301135127771332e-02
2.050301135127771332e-02
0.000000000000000000e+00
2.050301135127771332e-02
1.389862295267781447e-02
1.389862295267781447e-02
1.389862295267781447e-02
1.389862295267781447e-02
4.383651713639613243e-03
7.913182953918532214e-03
7.913182953918532214e-03
1.614021468640071399e-02
8.779223063588106196e-03
8.779223063588106196e-03
8.779223063588106196e-03
8.779223063588106196e-03
8.779223063588106196e-03
8.779223063588106196e-03
8.779223063588106196e-03
8.779223063588106196e-03
8.779223063588106196e-03
8.779223063588106196e-03
1.642028811164600657e-02
5.180587105384384765e-03
5.180587105384384765e-03
5.180587105384384765e-03
5.180587105384384765e-03
5.180587105384384765e-03
5.180587105384384765e-03
5.180587105384384765e-03
4.821699949803591283e-03
4.821699949803591283e-03
4.821699949803591283e-03
4.821699949803591283e-03
4.821699949803591283e-03
4.821699949803591283e-03
4.821699949803591283e-03
4.821699949803591283e-03
4.821699949803591283e-03
4.821699949803591283e-03
4.821699949803591283e-03
4.821699949803591283e-03
3.439434250608057464e-02
1.476886317198675483e-02
1.476886317198675483e-02
1.476886317198675483e-02
1.476886317198675483e-02
1.020333991823805598e-03
2.221849643863276196e-03
1.212402906737264016e-02
1.179395305871360627e-02
1.179395305871360627e-02
1.025915828191460710e-02
1.025915828191460710e-02
0.000000000000000000e+00
0.000000000000000000e+00
6.609892397171957023e-04
4.285189837386314815e-03
4.285189837386314815e-03
4.285189837386314815e-03
4.721322730411134372e-03
7.044165378256413840e-03
4.721322730411134372e-03
7.044165378256413840e-03
7.044165378256413840e-03
7.381101651353326465e-03
7.381101651353326465e-03
7.381101651353326465e-03
7.381101651353326465e-03
7.381101651353326465e-03
7.381101651353326465e-03
7.381101651353326465e-03
7.381101651353326465e-03
7.381101651353326465e-03
7.381101651353326465e-03
7.381101651353326465e-03
7.381101651353326465e-03
7.381101651353326465e-03
2.910354203937239037e-02
2.910354203937239037e-02
2.910354203937239037e-02
2.910354203937239037e-02
2.910354203937239037e-02
2.910354203937239037e-02
2.910354203937239037e-02
2.910354203937239037e-02
2.910354203937239037e-02
2.910354203937239037e-02
2.910354203937239037e-02
0.000000000000000000e+00
1.925030177913094817e-02
1.925030177913094817e-02
0.000000000000000000e+00
0.000000000000000000e+00
0.000000000000000000e+00
2.311582930818736285e-03
9.914373223712713915e-03
2.229078646708563052e-02
2.229078646708563052e-02
2.229078646708563052e-02
2.229078646708563052e-02
2.229078646708563052e-02
2.229078646708563052e-02
1.020333991823805598e-03
1.063484638849759682e-02
1.063484638849759682e-02
1.063484638849759682e-02
1.300709649882526853e-03
1.087315213082931491e-02
1.087315213082931491e-02
1.087315213082931491e-02
1.087315213082931491e-02
2.140081307788050530e-02
1.638026139206173043e-02
1.638026139206173043e-02
1.190412698967320722e-02
1.638026139206173043e-02
1.638026139206173043e-02
1.638026139206173043e-02
2.432063655599910404e-02
2.432063655599910404e-02
2.432063655599910404e-02
2.432063655599910404e-02
2.432063655599910404e-02
2.432063655599910404e-02
2.432063655599910404e-02
2.432063655599910404e-02
2.432063655599910404e-02
2.164514695745512612e-02
2.164514695745512612e-02
0.000000000000000000e+00
0.000000000000000000e+00
0.000000000000000000e+00
0.000000000000000000e+00
2.524885958652101428e-02
1.040692259768909340e-02
1.040692259768909340e-02
1.040692259768909340e-02
1.040692259768909340e-02
1.040692259768909340e-02
1.040692259768909340e-02
1.039903896882452862e-02
1.039903896882452862e-02
1.039903896882452862e-02
1.039903896882452862e-02
1.039903896882452862e-02
1.039903896882452862e-02
1.039903896882452862e-02
1.039903896882452862e-02
1.039903896882452862e-02
1.039903896882452862e-02
1.039903896882452862e-02
1.039903896882452862e-02
0.000000000000000000e+00
0.000000000000000000e+00
2.422071131022108040e-02
2.974948882643756176e-02
2.974948882643756176e-02
2.974948882643756176e-02
2.974948882643756176e-02
0.000000000000000000e+00
0.000000000000000000e+00
0.000000000000000000e+00
0.000000000000000000e+00
0.000000000000000000e+00
0.000000000000000000e+00
0.000000000000000000e+00
0.000000000000000000e+00
0.000000000000000000e+00
0.000000000000000000e+00
0.000000000000000000e+00
0.000000000000000000e+00
0.000000000000000000e+00
0.000000000000000000e+00
0.000000000000000000e+00
0.000000000000000000e+00
2.012699352945355319e-02
2.012699352945355319e-02
2.012699352945355319e-02
2.012699352945355319e-02
2.012699352945355319e-02
0.000000000000000000e+00
0.000000000000000000e+00
9.348615121649571716e-03
3.324974933174883185e-02
3.324974933174883185e-02
1.019632110815469131e-02
1.272470873462962573e-02
1.272470873462962573e-02
1.272470873462962573e-02
1.272470873462962573e-02
1.272470873462962573e-02
1.272470873462962573e-02
1.272470873462962573e-02
1.272470873462962573e-02
1.272470873462962573e-02
0.000000000000000000e+00
0.000000000000000000e+00
0.000000000000000000e+00
0.000000000000000000e+00
0.000000000000000000e+00
0.000000000000000000e+00
0.000000000000000000e+00
0.000000000000000000e+00
0.000000000000000000e+00
0.000000000000000000e+00
0.000000000000000000e+00
0.000000000000000000e+00
6.569003568177343190e-03
6.569003568177343190e-03
5.487483945207293629e-02
5.487483945207293629e-02
3.437148078716793093e-02
1.913699164053061109e-03
1.913699164053061109e-03
1.913699164053061109e-03
1.913699164053061109e-03
1.913699164053061109e-03
1.913699164053061109e-03
1.913699164053061109e-03
1.913699164053061109e-03
1.913699164053061109e-03
1.913699164053061109e-03
7.524800356809174112e-03
7.524800356809174112e-03
7.524800356809174112e-03
7.524800356809174112e-03
7.524800356809174112e-03
7.524800356809174112e-03
1.835530691735260539e-02
1.835530691735260539e-02
1.835530691735260539e-02
1.835530691735260539e-02
1.835530691735260539e-02
1.835530691735260539e-02
1.835530691735260539e-02
1.835530691735260539e-02
1.835530691735260539e-02
1.835530691735260539e-02
1.835530691735260539e-02
1.835530691735260539e-02
1.835530691735260539e-02
1.835530691735260539e-02
1.835530691735260539e-02
1.835530691735260539e-02
1.835530691735260539e-02
6.220364749450445208e-03
6.220364749450445208e-03
6.220364749450445208e-03
6.220364749450445208e-03
6.220364749450445208e-03
6.220364749450445208e-03
9.100397714860585310e-03
4.999795332652964656e-03
4.999795332652964656e-03
4.999795332652964656e-03
4.999795332652964656e-03
4.999795332652964656e-03
4.999795332652964656e-03
4.999795332652964656e-03
7.109034772617779836e-03
1.570894627314450148e-02
1.570894627314450148e-02
1.570894627314450148e-02
1.570894627314450148e-02
1.570894627314450148e-02
0.000000000000000000e+00
0.000000000000000000e+00
0.000000000000000000e+00
0.000000000000000000e+00
1.262299527510613896e-02
1.103167446610369383e-02
1.103167446610369383e-02
1.103167446610369383e-02
1.103167446610369383e-02
0.000000000000000000e+00
0.000000000000000000e+00
0.000000000000000000e+00
0.000000000000000000e+00
0.000000000000000000e+00
2.349739380358879109e-02
0.000000000000000000e+00
0.000000000000000000e+00
1.019632110815469131e-02
1.019632110815469131e-02
1.958727665003339672e-03
3.240643816184710785e-02
3.240643816184710785e-02
3.240643816184710785e-02
1.735049013227044773e-02
2.594891314795761197e-02
2.594891314795761197e-02
0.000000000000000000e+00
0.000000000000000000e+00
1.007482868613259613e-02
1.007482868613259613e-02
1.057999196493591802e-02
1.704606889760932817e-02
1.704606889760932817e-02
1.704606889760932817e-02
2.140081307788050530e-02
2.313364860474790077e-02
2.313364860474790077e-02
2.313364860474790077e-02
2.313364860474790077e-02
4.840056968599404374e-03
4.840056968599404374e-03
3.005768529712333006e-02
3.005768529712333006e-02
3.162471310704292188e-02
1.715463885567787561e-02
1.715463885567787561e-02
1.715463885567787561e-02
1.715463885567787561e-02
1.715463885567787561e-02
1.715463885567787561e-02
1.715463885567787561e-02
1.715463885567787561e-02
3.646299135832498984e-04
1.623587323843147297e-03
1.623587323843147297e-03
1.623587323843147297e-03
1.623587323843147297e-03
2.820637469930046669e-03
1.623587323843147297e-03
1.623587323843147297e-03
1.623587323843147297e-03
1.051347271536482580e-02
1.051347271536482580e-02
1.051347271536482580e-02
1.051347271536482580e-02
1.051347271536482580e-02
1.051347271536482580e-02
1.051347271536482580e-02
1.051347271536482580e-02
1.051347271536482580e-02
1.051347271536482580e-02
1.051347271536482580e-02
7.864614505963797575e-03
7.864614505963797575e-03
0.000000000000000000e+00
0.000000000000000000e+00
0.000000000000000000e+00
9.616280350498801477e-03
9.616280350498801477e-03
9.616280350498801477e-03
9.616280350498801477e-03
9.616280350498801477e-03
9.616280350498801477e-03
9.616280350498801477e-03
9.616280350498801477e-03
9.616280350498801477e-03
9.616280350498801477e-03
9.616280350498801477e-03
3.870741623774383300e-02
2.688478558949499927e-02
1.637386472500749340e-02
7.407586991332413585e-03
7.407586991332413585e-03
7.407586991332413585e-03
8.114512198555325767e-03
0.000000000000000000e+00
2.155914728100725986e-02
5.224686755550940476e-03
5.224686755550940476e-03
5.224686755550940476e-03
5.224686755550940476e-03
5.224686755550940476e-03
5.224686755550940476e-03
5.224686755550940476e-03
5.224686755550940476e-03
5.224686755550940476e-03
5.224686755550940476e-03
1.622240026301570437e-02
1.622240026301570437e-02
1.622240026301570437e-02
1.622240026301570437e-02
2.551845485472941863e-02
9.600674934297113647e-03
9.600674934297113647e-03
9.600674934297113647e-03
9.600674934297113647e-03
9.600674934297113647e-03
9.600674934297113647e-03
9.600674934297113647e-03
3.156970651687415752e-02
3.439434250608057464e-02
3.439434250608057464e-02
3.439434250608057464e-02
1.868217993206289056e-03
9.611741900572226202e-03
9.611741900572226202e-03
9.611741900572226202e-03
9.611741900572226202e-03
9.611741900572226202e-03
9.611741900572226202e-03
9.611741900572226202e-03
9.611741900572226202e-03
2.524885958652101428e-02
2.524885958652101428e-02
2.524885958652101428e-02
2.524885958652101428e-02
1.145317537295226923e-02
1.145317537295226923e-02
1.145317537295226923e-02
1.145317537295226923e-02
1.145317537295226923e-02
1.145317537295226923e-02
1.953015966172867018e-02
0.000000000000000000e+00
0.000000000000000000e+00
2.034667002844885858e-02
9.929295606551084841e-03
9.929295606551084841e-03
9.929295606551084841e-03
9.929295606551084841e-03
1.944406125682229813e-02
1.944406125682229813e-02
1.944406125682229813e-02
6.788067071145029163e-03
6.788067071145029163e-03
8.992040425124532554e-03
8.992040425124532554e-03
0.000000000000000000e+00
0.000000000000000000e+00
0.000000000000000000e+00
0.000000000000000000e+00
0.000000000000000000e+00
0.000000000000000000e+00
0.000000000000000000e+00
0.000000000000000000e+00
0.000000000000000000e+00
0.000000000000000000e+00
0.000000000000000000e+00
3.213404853561467600e-02
1.093264236719999113e-03
1.093264236719999113e-03
1.093264236719999113e-03
1.093264236719999113e-03
1.093264236719999113e-03
1.093264236719999113e-03
1.093264236719999113e-03
1.093264236719999113e-03
1.093264236719999113e-03
1.093264236719999113e-03
1.093264236719999113e-03
1.093264236719999113e-03
1.231349029728137819e-02
1.217924675693019682e-02
1.217924675693019682e-02
1.217924675693019682e-02
1.217924675693019682e-02
1.217924675693019682e-02
1.217924675693019682e-02
1.217924675693019682e-02
4.305955700441801287e-02
2.943541098474976477e-03
2.943541098474976477e-03
2.943541098474976477e-03
2.943541098474976477e-03
2.943541098474976477e-03
2.943541098474976477e-03
3.535590976279502640e-02
3.240524704410491924e-02
3.240524704410491924e-02
3.240524704410491924e-02
3.240524704410491924e-02
9.827263173307534266e-03
3.266921684100390698e-04
3.266921684100390698e-04
3.266921684100390698e-04
3.266921684100390698e-04
3.266921684100390698e-04
3.266921684100390698e-04
0.000000000000000000e+00
0.000000000000000000e+00
9.217352804492793400e-03
9.217352804492793400e-03
9.217352804492793400e-03
1.254047905827979613e-02
2.918840119947165718e-02
2.918840119947165718e-02
2.918840119947165718e-02
2.918840119947165718e-02
2.918840119947165718e-02
0.000000000000000000e+00
0.000000000000000000e+00
0.000000000000000000e+00
0.000000000000000000e+00
0.000000000000000000e+00
0.000000000000000000e+00
0.000000000000000000e+00
2.232091225914404134e-02
2.108311673568499106e-02
1.651608547781210218e-02
1.482864331877750165e-02
1.482864331877750165e-02
1.482864331877750165e-02
1.482864331877750165e-02
4.543282618958126122e-03
4.543282618958126122e-03
4.543282618958126122e-03
4.543282618958126122e-03
4.543282618958126122e-03
4.543282618958126122e-03
1.622633566728920451e-02
4.572880007567324545e-02
0.000000000000000000e+00
0.000000000000000000e+00
0.000000000000000000e+00
5.495019169971792142e-03
6.981584982427439627e-03
6.981584982427439627e-03
6.981584982427439627e-03
3.144932837006972869e-03
1.090316125869508074e-02
1.090316125869508074e-02
1.090316125869508074e-02
1.090316125869508074e-02
1.090316125869508074e-02
4.544623131027804297e-02
6.473289023046529221e-03
6.473289023046529221e-03
6.473289023046529221e-03
6.473289023046529221e-03
6.473289023046529221e-03
6.473289023046529221e-03
6.473289023046529221e-03
6.473289023046529221e-03
3.055026703980493613e-02
1.540587187570762080e-02
1.540587187570762080e-02
1.540587187570762080e-02
1.540587187570762080e-02
1.540587187570762080e-02
1.540587187570762080e-02
1.540587187570762080e-02
1.540587187570762080e-02
0.000000000000000000e+00
0.000000000000000000e+00
0.000000000000000000e+00
1.777360369493419245e-02
0.000000000000000000e+00
0.000000000000000000e+00
1.991568374528477139e-02
8.063079043468524693e-03
8.063079043468524693e-03
8.063079043468524693e-03
8.063079043468524693e-03
8.063079043468524693e-03
2.314051886899298055e-03
2.314051886899298055e-03
2.314051886899298055e-03
3.870741623774383300e-02
3.870741623774383300e-02
3.870741623774383300e-02
3.870741623774383300e-02
3.870741623774383300e-02
3.870741623774383300e-02
8.124284486385840304e-03
1.267501546746410343e-02
8.124284486385840304e-03
1.267501546746410343e-02
1.267501546746410343e-02
0.000000000000000000e+00
0.000000000000000000e+00
0.000000000000000000e+00
0.000000000000000000e+00
0.000000000000000000e+00
0.000000000000000000e+00
9.316898569030292176e-03
3.163504946408360330e-02
3.163504946408360330e-02
3.163504946408360330e-02
3.163504946408360330e-02
3.163504946408360330e-02
3.163504946408360330e-02
2.570563884832904877e-02
2.570563884832904877e-02
2.032563172044039163e-02
2.032563172044039163e-02
2.032563172044039163e-02
2.032563172044039163e-02
2.032563172044039163e-02
2.032563172044039163e-02
2.032563172044039163e-02
1.410887004140276568e-02
1.671339329641207891e-02
1.671339329641207891e-02
1.671339329641207891e-02
1.671339329641207891e-02
1.671339329641207891e-02
1.671339329641207891e-02
1.671339329641207891e-02
1.671339329641207891e-02
5.293435943646214968e-03
5.293435943646214968e-03
5.293435943646214968e-03
5.293435943646214968e-03
5.293435943646214968e-03
5.293435943646214968e-03
5.293435943646214968e-03
5.293435943646214968e-03
5.293435943646214968e-03
5.293435943646214968e-03
5.293435943646214968e-03
5.293435943646214968e-03
5.293435943646214968e-03
5.293435943646214968e-03
5.293435943646214968e-03
5.293435943646214968e-03
5.293435943646214968e-03
5.293435943646214968e-03
5.293435943646214968e-03
5.293435943646214968e-03
5.293435943646214968e-03
5.293435943646214968e-03
2.002908264312941791e-02
2.002908264312941791e-02
2.002908264312941791e-02
2.002908264312941791e-02
2.002908264312941791e-02
1.936570274040980144e-02
6.790674870412974351e-03
3.634630098948739979e-02
2.655901022694332272e-02
2.655901022694332272e-02
1.888911722414264582e-02
3.580241727114332894e-04
4.662144300157243688e-04
1.184146204251785607e-02
1.184146204251785607e-02
1.184146204251785607e-02
1.184146204251785607e-02
1.184146204251785607e-02
1.184146204251785607e-02
1.184146204251785607e-02
1.184146204251785607e-02
1.184146204251785607e-02
1.184146204251785607e-02
0.000000000000000000e+00
0.000000000000000000e+00
1.010033072131714081e-02
1.010033072131714081e-02
1.010033072131714081e-02
1.010033072131714081e-02
1.010033072131714081e-02
1.010033072131714081e-02
1.010033072131714081e-02
1.010033072131714081e-02
1.010033072131714081e-02
1.010033072131714081e-02
1.010033072131714081e-02
1.010033072131714081e-02
1.010033072131714081e-02
1.010033072131714081e-02
1.010033072131714081e-02
0.000000000000000000e+00
3.582116261814665206e-03
3.582116261814665206e-03
3.582116261814665206e-03
3.582116261814665206e-03
3.582116261814665206e-03
3.582116261814665206e-03
3.582116261814665206e-03
3.582116261814665206e-03
3.582116261814665206e-03
3.582116261814665206e-03
2.454806457905872423e-03
2.454806457905872423e-03
2.454806457905872423e-03
2.454806457905872423e-03
2.454806457905872423e-03
2.454806457905872423e-03
2.454806457905872423e-03
2.454806457905872423e-03
2.454806457905872423e-03
2.454806457905872423e-03
2.454806457905872423e-03
2.454806457905872423e-03
0.000000000000000000e+00
3.630902625902830520e-03
1.663250593616433931e-02
1.663250593616433931e-02
1.212402906737264016e-02
1.212402906737264016e-02
1.212402906737264016e-02
1.212402906737264016e-02
1.212402906737264016e-02
0.000000000000000000e+00
0.000000000000000000e+00
0.000000000000000000e+00
1.800585613447554245e-02
2.940019682612646928e-02
2.940019682612646928e-02
4.376557105084279142e-02
2.940019682612646928e-02
4.167108691934098830e-02
4.167108691934098830e-02
4.167108691934098830e-02
4.167108691934098830e-02
4.167108691934098830e-02
4.167108691934098830e-02
9.353144544967724461e-03
5.471413060332357657e-03
5.471413060332357657e-03
1.358048031102712574e-03
1.883592850890728875e-03
1.883592850890728875e-03
1.758008559188242378e-02
9.257750999514327561e-03
9.257750999514327561e-03
7.599914633285402565e-03
7.599914633285402565e-03
7.599914633285402565e-03
7.599914633285402565e-03
7.599914633285402565e-03
7.599914633285402565e-03
1.817291096159530037e-02
1.676449637313502661e-02
1.676449637313502661e-02
8.155920114116005371e-03
8.155920114116005371e-03
8.155920114116005371e-03
8.155920114116005371e-03
8.155920114116005371e-03
8.155920114116005371e-03
8.155920114116005371e-03
8.155920114116005371e-03
8.155920114116005371e-03
8.155920114116005371e-03
8.155920114116005371e-03
2.923472721979671670e-03
1.550310767252811341e-02
0.000000000000000000e+00
0.000000000000000000e+00
0.000000000000000000e+00
0.000000000000000000e+00
2.073774472966556995e-02
8.646848265777790782e-03
8.646848265777790782e-03
8.646848265777790782e-03
8.646848265777790782e-03
8.646848265777790782e-03
8.646848265777790782e-03
1.002586343387625555e-02
1.221507694482816542e-02
1.221507694482816542e-02
4.046129058490960211e-03
4.046129058490960211e-03
4.046129058490960211e-03
4.046129058490960211e-03
4.046129058490960211e-03
4.046129058490960211e-03
4.046129058490960211e-03
4.046129058490960211e-03
4.046129058490960211e-03
4.046129058490960211e-03
4.563363944315537712e-02
4.563363944315537712e-02
4.563363944315537712e-02
4.563363944315537712e-02
4.563363944315537712e-02
4.563363944315537712e-02
4.563363944315537712e-02
4.563363944315537712e-02
4.662144300157243688e-04
5.055866563204732857e-03
5.055866563204732857e-03
4.563332637053407227e-03
1.328957796362193172e-03
1.328957796362193172e-03
1.328957796362193172e-03
1.328957796362193172e-03
1.328957796362193172e-03
1.758008559188242378e-02
3.395047329538554426e-02
3.395047329538554426e-02
2.445793540604957600e-02
3.454848957249199558e-03
3.454848957249199558e-03
3.012076769348476045e-05
3.012076769348476045e-05
3.012076769348476045e-05
4.792795162291161280e-03
1.492626343002217103e-02
1.492626343002217103e-02
1.492626343002217103e-02
2.271802150033376544e-02
2.271802150033376544e-02
9.046704509800980107e-03
3.824500879316781315e-02
3.824500879316781315e-02
3.824500879316781315e-02
3.824500879316781315e-02
3.213404853561467600e-02
3.213404853561467600e-02
1.422632240818678777e-02
1.422632240818678777e-02
1.422632240818678777e-02
2.676228284542001359e-02
2.676228284542001359e-02
1.896053064317440454e-04
1.896053064317440454e-04
1.896053064317440454e-04
0.000000000000000000e+00
0.000000000000000000e+00
0.000000000000000000e+00
2.150093341185345744e-02
2.780702809278781922e-03
2.780702809278781922e-03
2.780702809278781922e-03
2.780702809278781922e-03
2.780702809278781922e-03
2.780702809278781922e-03
2.780702809278781922e-03
2.780702809278781922e-03
1.439594883531539887e-02
1.439594883531539887e-02
1.027737365909239461e-02
1.027737365909239461e-02
7.095826522327553128e-03
7.095826522327553128e-03
1.642028811164600657e-02
1.320160774540322934e-02
1.320160774540322934e-02
1.254047905827979613e-02
1.254047905827979613e-02
1.254047905827979613e-02
1.254047905827979613e-02
1.254047905827979613e-02
1.254047905827979613e-02
1.254047905827979613e-02
1.254047905827979613e-02
1.254047905827979613e-02
1.254047905827979613e-02
1.128051196002121705e-02
1.741976882977018179e-02
1.741976882977018179e-02
1.741976882977018179e-02
1.741976882977018179e-02
2.016545237044957764e-02
2.016545237044957764e-02
2.106941543948713177e-02
5.379069416892871998e-03
5.379069416892871998e-03
5.379069416892871998e-03
5.379069416892871998e-03
1.172027375127875429e-02
2.443320308298610292e-03
2.443320308298610292e-03
2.848564951726231462e-02
4.305955700441801287e-02
0.000000000000000000e+00
0.000000000000000000e+00
0.000000000000000000e+00
2.387566411986096274e-02
1.192256820504759320e-02
1.192256820504759320e-02
0.000000000000000000e+00
2.949574006679548028e-04
1.249876578309372030e-02
1.249876578309372030e-02
1.475511895503921027e-02
9.887460450746971691e-03
9.541615709808212026e-03
9.541615709808212026e-03
0.000000000000000000e+00
0.000000000000000000e+00
3.561250721009850094e-03
5.011925025517087115e-03
5.011925025517087115e-03
5.011925025517087115e-03
1.641591931945505026e-02
1.641591931945505026e-02
1.796975179315308049e-02
2.711120979704959109e-03
2.711120979704959109e-03
2.711120979704959109e-03
1.049179439011027788e-02
1.049179439011027788e-02
2.445793540604957600e-02
1.106115486299141283e-02
1.106115486299141283e-02
1.106115486299141283e-02
2.270436350441484667e-03
2.270436350441484667e-03
2.270436350441484667e-03
2.270436350441484667e-03
2.270436350441484667e-03
2.270436350441484667e-03
1.953333686529087551e-02
1.953333686529087551e-02
1.953333686529087551e-02
1.953333686529087551e-02
1.418407699298396621e-02
2.284967753936072848e-02
2.284967753936072848e-02
2.284967753936072848e-02
2.284967753936072848e-02
2.284967753936072848e-02
2.284967753936072848e-02
8.747953099904870120e-03
3.720473759406899006e-02
3.720473759406899006e-02
3.720473759406899006e-02
3.720473759406899006e-02
3.720473759406899006e-02
3.720473759406899006e-02
3.720473759406899006e-02
3.720473759406899006e-02
1.484933102571116444e-03
1.502826679274100498e-02
1.502826679274100498e-02
1.502826679274100498e-02
1.502826679274100498e-02
1.502826679274100498e-02
0.000000000000000000e+00
0.000000000000000000e+00
1.494428367394253984e-02
5.973324564289644867e-03
4.792795162291161280e-03
4.792795162291161280e-03
4.792795162291161280e-03
7.257963497530403249e-03
6.660500255302556627e-02
6.660500255302556627e-02
6.660500255302556627e-02
6.660500255302556627e-02
2.387566411986096274e-02
2.387566411986096274e-02
2.387566411986096274e-02
2.387566411986096274e-02
2.387566411986096274e-02
2.073774472966556995e-02
2.073774472966556995e-02
2.073774472966556995e-02
2.073774472966556995e-02
2.073774472966556995e-02
2.073774472966556995e-02
2.073774472966556995e-02
2.073774472966556995e-02
2.073774472966556995e-02
2.073774472966556995e-02
2.073774472966556995e-02
8.446902803718030553e-03
2.609072154581946242e-03
2.609072154581946242e-03
2.609072154581946242e-03
2.609072154581946242e-03
0.000000000000000000e+00
2.124354093984060637e-02
2.124354093984060637e-02
2.124354093984060637e-02
2.124354093984060637e-02
2.124354093984060637e-02
2.124354093984060637e-02
2.124354093984060637e-02
2.124354093984060637e-02
2.124354093984060637e-02
2.124354093984060637e-02
2.124354093984060637e-02
2.124354093984060637e-02
2.124354093984060637e-02
2.124354093984060637e-02
1.298605923976984926e-02
8.954328318354933675e-03
8.954328318354933675e-03
8.954328318354933675e-03
8.954328318354933675e-03
8.954328318354933675e-03
8.954328318354933675e-03
8.954328318354933675e-03
8.954328318354933675e-03
2.358256417344012021e-02
1.463862255468881615e-02
1.463862255468881615e-02
1.463862255468881615e-02
1.463862255468881615e-02
1.463862255468881615e-02
1.431400186340460283e-02
1.978436579603485082e-02
1.367080248482462415e-02
1.383672074073737969e-02
3.063285601131117419e-02
7.494923184109558018e-03
7.494923184109558018e-03
7.494923184109558018e-03
2.598880814924620086e-02
2.598880814924620086e-02
5.793789903095368163e-03
5.793789903095368163e-03
2.554371228588800738e-02
1.520663326328826510e-02
1.520663326328826510e-02
1.520663326328826510e-02
1.282540863448489339e-02
1.060873371499295760e-02
1.060873371499295760e-02
1.060873371499295760e-02
1.060873371499295760e-02
1.060873371499295760e-02
1.060873371499295760e-02
1.060873371499295760e-02
1.060873371499295760e-02
1.060873371499295760e-02
1.060873371499295760e-02
9.316898569030292176e-03
5.495019169971792142e-03
3.670062122655835118e-03
3.670062122655835118e-03
3.670062122655835118e-03
3.670062122655835118e-03
1.890974245772265297e-03
1.890974245772265297e-03
1.890974245772265297e-03
1.890974245772265297e-03
1.890974245772265297e-03
1.890974245772265297e-03
1.890974245772265297e-03
1.890974245772265297e-03
1.890974245772265297e-03
1.890974245772265297e-03
1.890974245772265297e-03
5.495019169971792142e-03
1.054543339846735449e-02
1.117940443295956446e-02
1.117940443295956446e-02
8.978817651815090882e-04
5.328439464964208547e-03
5.328439464964208547e-03
5.328439464964208547e-03
4.187045785407864963e-03
3.879346737191541848e-03
3.879346737191541848e-03
3.879346737191541848e-03
3.879346737191541848e-03
3.879346737191541848e-03
3.879346737191541848e-03
3.879346737191541848e-03
1.282540863448489339e-02
1.282540863448489339e-02
1.282540863448489339e-02
1.282540863448489339e-02
2.848427069578638262e-04
2.848427069578638262e-04
2.848427069578638262e-04
2.848427069578638262e-04
2.848427069578638262e-04
2.848427069578638262e-04
2.605853036852816274e-02
1.094767424354438877e-02
1.094767424354438877e-02
1.094767424354438877e-02
1.094767424354438877e-02
1.679784711999608021e-02
1.679784711999608021e-02
1.679784711999608021e-02
1.679784711999608021e-02
1.679784711999608021e-02
1.679784711999608021e-02
1.679784711999608021e-02
1.679784711999608021e-02
4.867111263747354172e-03
4.867111263747354172e-03
0.000000000000000000e+00
0.000000000000000000e+00
1.440954370223490903e-03
0.000000000000000000e+00
0.000000000000000000e+00
0.000000000000000000e+00
0.000000000000000000e+00
0.000000000000000000e+00
0.000000000000000000e+00
0.000000000000000000e+00
1.349633731179151336e-02
1.349633731179151336e-02
1.349633731179151336e-02
1.349633731179151336e-02
1.613787936683237431e-02
1.613787936683237431e-02
1.613787936683237431e-02
1.613787936683237431e-02
0.000000000000000000e+00
0.000000000000000000e+00
0.000000000000000000e+00
0.000000000000000000e+00
1.446451954953795194e-02
1.446451954953795194e-02
1.446451954953795194e-02
1.446451954953795194e-02
1.698033430316651937e-02
1.231349029728137819e-02
1.231349029728137819e-02
1.231349029728137819e-02
9.587864157725577152e-03
9.587864157725577152e-03
2.311582930818736285e-03
2.311582930818736285e-03
1.233316136880155400e-02
1.572083207871262725e-02
1.572083207871262725e-02
1.572083207871262725e-02
1.572083207871262725e-02
1.572083207871262725e-02
1.572083207871262725e-02
1.572083207871262725e-02
0.000000000000000000e+00
0.000000000000000000e+00
0.000000000000000000e+00
3.225462122089992750e-02
3.225462122089992750e-02
0.000000000000000000e+00
0.000000000000000000e+00
0.000000000000000000e+00
8.639161574301820745e-03
8.639161574301820745e-03
1.439597991214409435e-02
1.389436638145405065e-02
1.389436638145405065e-02
1.389436638145405065e-02
1.389436638145405065e-02
1.564412708307394428e-02
3.367169761011856027e-02
3.367169761011856027e-02
2.058813627155087547e-02
7.526242971748506143e-03
0.000000000000000000e+00
0.000000000000000000e+00
1.634849611550698648e-02
2.331828306912676549e-02
2.331828306912676549e-02
8.881565512903942528e-03
8.881565512903942528e-03
8.881565512903942528e-03
8.881565512903942528e-03
8.881565512903942528e-03
8.881565512903942528e-03
7.973434432426700080e-03
7.973434432426700080e-03
6.417177894470937026e-03
3.741353635068710940e-03
3.741353635068710940e-03
3.741353635068710940e-03
3.741353635068710940e-03
4.133685007549237067e-02
1.285478916465332758e-02
1.285478916465332758e-02
1.285478916465332758e-02
0.000000000000000000e+00
4.123145577616728688e-03
1.581726407551172983e-02
1.581726407551172983e-02
2.422071131022108040e-02
3.761985428476165988e-02
0.000000000000000000e+00
9.804625446399413066e-03
9.804625446399413066e-03
9.804625446399413066e-03
9.804625446399413066e-03
1.844517010032658069e-02
1.515179497441426944e-02
3.647283832099474515e-02
3.647283832099474515e-02
3.647283832099474515e-02
1.829653202458328409e-02
1.829653202458328409e-02
5.182661135814369165e-03
1.606776809476443205e-02
1.606776809476443205e-02
1.606776809476443205e-02
1.606776809476443205e-02
1.606776809476443205e-02
1.606776809476443205e-02
2.871590318746466974e-02
2.871590318746466974e-02
2.871590318746466974e-02
2.590578667988475275e-02
2.590578667988475275e-02
4.123145577616728688e-03
4.123145577616728688e-03
4.123145577616728688e-03
4.123145577616728688e-03
4.123145577616728688e-03
4.123145577616728688e-03
4.123145577616728688e-03
4.123145577616728688e-03
4.123145577616728688e-03
4.123145577616728688e-03
3.491970496419710083e-03
2.222886980604329814e-03
2.222886980604329814e-03
0.000000000000000000e+00
1.126760024088947765e-02
1.126760024088947765e-02
5.405694227345730083e-04
5.405694227345730083e-04
5.405694227345730083e-04
5.405694227345730083e-04
5.405694227345730083e-04
5.405694227345730083e-04
4.133685007549237067e-02
1.283203890533477160e-03
1.283203890533477160e-03
0.000000000000000000e+00
0.000000000000000000e+00
4.474199602782084895e-02
4.107933042524671702e-02
4.107933042524671702e-02
0.000000000000000000e+00
0.000000000000000000e+00
0.000000000000000000e+00
0.000000000000000000e+00
0.000000000000000000e+00
0.000000000000000000e+00
0.000000000000000000e+00
0.000000000000000000e+00
0.000000000000000000e+00
0.000000000000000000e+00
0.000000000000000000e+00
0.000000000000000000e+00
0.000000000000000000e+00
0.000000000000000000e+00
0.000000000000000000e+00
0.000000000000000000e+00
3.359886684795572540e-03
3.359886684795572540e-03
3.359886684795572540e-03
3.359886684795572540e-03
3.359886684795572540e-03
3.359886684795572540e-03
1.312821845184351278e-02
2.820637469930046669e-03
5.511336483925239650e-03
5.511336483925239650e-03
5.511336483925239650e-03
5.511336483925239650e-03
5.511336483925239650e-03
5.511336483925239650e-03
5.511336483925239650e-03
5.511336483925239650e-03
5.511336483925239650e-03
5.511336483925239650e-03
5.511336483925239650e-03
7.109034772617779836e-03
0.000000000000000000e+00
0.000000000000000000e+00
0.000000000000000000e+00
0.000000000000000000e+00
0.000000000000000000e+00
0.000000000000000000e+00
0.000000000000000000e+00
0.000000000000000000e+00
0.000000000000000000e+00
0.000000000000000000e+00
0.000000000000000000e+00
4.936727524510618748e-02
0.000000000000000000e+00
0.000000000000000000e+00
0.000000000000000000e+00
1.221087913164283986e-02
1.221087913164283986e-02
6.022452726903316372e-04
2.077313741482287798e-03
2.077313741482287798e-03
2.077313741482287798e-03
2.077313741482287798e-03
2.077313741482287798e-03
2.077313741482287798e-03
2.077313741482287798e-03
2.077313741482287798e-03
3.677464445301914780e-03
1.300709649882526853e-03
4.413796116228000527e-03
1.002583264756829254e-02
1.002583264756829254e-02
1.002583264756829254e-02
1.002583264756829254e-02
7.017832383782355611e-03
7.017832383782355611e-03
7.017832383782355611e-03
7.017832383782355611e-03
5.973324564289644867e-03
5.973324564289644867e-03
0.000000000000000000e+00
0.000000000000000000e+00
0.000000000000000000e+00
0.000000000000000000e+00
0.000000000000000000e+00
0.000000000000000000e+00
1.603752892866722570e-03
1.603752892866722570e-03
1.603752892866722570e-03
1.603752892866722570e-03
1.603752892866722570e-03
1.603752892866722570e-03
1.603752892866722570e-03
1.603752892866722570e-03
1.172528532185738992e-03
3.876819124156446941e-03
5.126038479036178208e-03
5.126038479036178208e-03
5.126038479036178208e-03
5.126038479036178208e-03
0.000000000000000000e+00
0.000000000000000000e+00
0.000000000000000000e+00
0.000000000000000000e+00
0.000000000000000000e+00
2.249199437643800009e-02
2.249199437643800009e-02
2.249199437643800009e-02
2.249199437643800009e-02
2.249199437643800009e-02
2.249199437643800009e-02
9.161507483572563226e-03
7.984499775497866381e-03
7.984499775497866381e-03
7.984499775497866381e-03
7.984499775497866381e-03
7.984499775497866381e-03
5.101879808876654161e-03
5.101879808876654161e-03
5.123921962012110976e-02
9.595899001507045972e-03
1.186030371734852779e-03
1.502127710083393450e-02
1.502127710083393450e-02
1.502127710083393450e-02
1.502127710083393450e-02
8.709962876903116005e-03
2.449117303840439575e-02
2.449117303840439575e-02
2.449117303840439575e-02
2.449117303840439575e-02
2.449117303840439575e-02
2.449117303840439575e-02
8.269728359964038239e-03
8.269728359964038239e-03
0.000000000000000000e+00
0.000000000000000000e+00
0.000000000000000000e+00
2.445793540604957600e-02
0.000000000000000000e+00
0.000000000000000000e+00
0.000000000000000000e+00
0.000000000000000000e+00
2.260912537692193885e-02
2.260912537692193885e-02
2.260912537692193885e-02
2.260912537692193885e-02
2.260912537692193885e-02
2.260912537692193885e-02
2.260912537692193885e-02
2.260912537692193885e-02
2.260912537692193885e-02
2.260912537692193885e-02
2.260912537692193885e-02
4.075986237951791276e-03
4.075986237951791276e-03
1.901733008301057773e-04
0.000000000000000000e+00
0.000000000000000000e+00
4.892315350461298382e-03
8.709962876903116005e-03
6.963434018428457661e-03
6.963434018428457661e-03
1.515179497441426944e-02
1.515179497441426944e-02
1.112701595484393534e-02
1.112701595484393534e-02
1.112701595484393534e-02
1.675897055992115955e-02
2.841539523346877164e-02
1.312821845184351278e-02
3.451210272476252627e-03
3.451210272476252627e-03
1.013501015680736035e-02
1.013501015680736035e-02
1.013501015680736035e-02
1.013501015680736035e-02
1.013501015680736035e-02
1.013501015680736035e-02
1.956425525656036585e-02
1.956425525656036585e-02
1.956425525656036585e-02
1.956425525656036585e-02
5.723021214260486100e-03
7.182227899748508566e-03
7.182227899748508566e-03
7.182227899748508566e-03
7.182227899748508566e-03
0.000000000000000000e+00
0.000000000000000000e+00
8.502376907464281527e-03
4.058327801444011444e-03
4.058327801444011444e-03
4.058327801444011444e-03
4.058327801444011444e-03
4.058327801444011444e-03
4.058327801444011444e-03
4.058327801444011444e-03
4.058327801444011444e-03
4.058327801444011444e-03
4.058327801444011444e-03
6.812496786273557030e-03
6.812496786273557030e-03
6.812496786273557030e-03
6.812496786273557030e-03
1.777360369493419245e-02
1.036130540628417765e-02
8.656972555175250147e-03
8.656972555175250147e-03
8.656972555175250147e-03
8.656972555175250147e-03
2.412455034993325753e-02
2.412455034993325753e-02
2.412455034993325753e-02
1.573762207610347741e-02
1.573762207610347741e-02
1.573762207610347741e-02
1.573762207610347741e-02
1.573762207610347741e-02
1.573762207610347741e-02
9.100086100005847639e-03
9.100086100005847639e-03
1.007970815847418489e-02
1.007970815847418489e-02
6.553035092794524258e-03
1.817291096159530037e-02
6.553035092794524258e-03
6.553035092794524258e-03
6.553035092794524258e-03
6.553035092794524258e-03
6.553035092794524258e-03
3.346330756316555181e-03
3.103095632017395609e-03
3.103095632017395609e-03
3.103095632017395609e-03
3.103095632017395609e-03
3.103095632017395609e-03
3.103095632017395609e-03
3.103095632017395609e-03
3.103095632017395609e-03
3.103095632017395609e-03
3.103095632017395609e-03
9.353144544967724461e-03
2.554371228588800738e-02
2.554371228588800738e-02
2.034667002844885858e-02
2.034667002844885858e-02
2.034667002844885858e-02
2.034667002844885858e-02
2.034667002844885858e-02
2.034667002844885858e-02
0.000000000000000000e+00
0.000000000000000000e+00
0.000000000000000000e+00
2.596894210402787839e-03
9.653979180370940438e-03
1.688393846019175734e-02
1.688393846019175734e-02
1.025727533607883289e-03
1.484933102571116444e-03
2.523709677174390195e-03
2.386483288473976658e-02
2.386483288473976658e-02
2.583228572731993689e-02
8.613465233007749910e-02
1.978401886599975151e-02
7.908793129618531953e-03
4.051196868785331834e-02
3.901384781790400574e-03
3.901384781790400574e-03
3.901384781790400574e-03
1.025727533607883289e-03
1.020622985535924072e-02
1.020622985535924072e-02
1.020622985535924072e-02
1.020622985535924072e-02
1.020622985535924072e-02
1.020622985535924072e-02
1.312821845184351278e-02
6.205931121459272795e-03
6.205931121459272795e-03
6.205931121459272795e-03
6.205931121459272795e-03
6.205931121459272795e-03
6.205931121459272795e-03
6.205931121459272795e-03
6.205931121459272795e-03
6.205931121459272795e-03
6.205931121459272795e-03
6.205931121459272795e-03
1.057999196493591802e-02
3.864227296404224108e-03
3.864227296404224108e-03
2.523709677174390195e-03
2.523709677174390195e-03
2.523709677174390195e-03
2.523709677174390195e-03
2.523709677174390195e-03
2.523709677174390195e-03
2.523709677174390195e-03
2.523709677174390195e-03
8.142950774535081399e-03
3.491970496419710083e-03
3.491970496419710083e-03
3.491970496419710083e-03
3.491970496419710083e-03
3.491970496419710083e-03
1.331671379384557173e-02
2.568159837949798158e-02
2.568159837949798158e-02
2.568159837949798158e-02
2.568159837949798158e-02
1.552730910757859836e-02
1.564412708307394428e-02
4.413796116228000527e-03
0.000000000000000000e+00
0.000000000000000000e+00
0.000000000000000000e+00
0.000000000000000000e+00
5.904906209019558302e-03
9.744169266105833990e-03
9.744169266105833990e-03
9.744169266105833990e-03
3.162236880090717010e-03
1.304710323519544211e-02
1.304710323519544211e-02
1.304710323519544211e-02
1.304710323519544211e-02
1.304710323519544211e-02
1.304710323519544211e-02
0.000000000000000000e+00
0.000000000000000000e+00
0.000000000000000000e+00
9.315431091239369243e-03
2.988877874738355214e-02
2.988877874738355214e-02
2.988877874738355214e-02
2.988877874738355214e-02
2.988877874738355214e-02
2.988877874738355214e-02
2.988877874738355214e-02
2.988877874738355214e-02
2.988877874738355214e-02
2.988877874738355214e-02
2.988877874738355214e-02
1.349081053486570099e-02
1.690330939759156909e-02
1.690330939759156909e-02
2.834246290124261061e-02
2.834246290124261061e-02
2.049353828056648882e-02
1.967080552115195967e-03
0.000000000000000000e+00
0.000000000000000000e+00
1.967080552115195967e-03
0.000000000000000000e+00
0.000000000000000000e+00
0.000000000000000000e+00
0.000000000000000000e+00
4.038813738425189176e-02
1.118928889156049419e-02
1.118928889156049419e-02
1.118928889156049419e-02
1.118928889156049419e-02
1.118928889156049419e-02
1.118928889156049419e-02
1.118928889156049419e-02
1.118928889156049419e-02
1.118928889156049419e-02
1.118928889156049419e-02
0.000000000000000000e+00
0.000000000000000000e+00
0.000000000000000000e+00
0.000000000000000000e+00
0.000000000000000000e+00
0.000000000000000000e+00
0.000000000000000000e+00
0.000000000000000000e+00
0.000000000000000000e+00
0.000000000000000000e+00
0.000000000000000000e+00
0.000000000000000000e+00
0.000000000000000000e+00
0.000000000000000000e+00
2.236832132853965732e-02
2.215084609049888190e-03
0.000000000000000000e+00
0.000000000000000000e+00
9.423241915428181995e-04
6.022452726903316372e-04
3.873444809279766792e-05
3.873444809279766792e-05
0.000000000000000000e+00
6.237482503556274292e-04
6.237482503556274292e-04
6.814406016034804843e-03
1.407577526922563181e-02
1.407577526922563181e-02
3.041186339275105382e-03
3.041186339275105382e-03
2.963303194991589312e-03
2.963303194991589312e-03
2.963303194991589312e-03
2.963303194991589312e-03
2.963303194991589312e-03
2.963303194991589312e-03
2.963303194991589312e-03
2.963303194991589312e-03
4.142348063212111797e-02
4.142348063212111797e-02
4.142348063212111797e-02
4.142348063212111797e-02
1.025727533607883289e-03
7.681986452846819094e-03
7.681986452846819094e-03
7.681986452846819094e-03
7.681986452846819094e-03
3.487258006671725263e-03
7.681986452846819094e-03
2.280694499477629519e-02
7.526242971748506143e-03
7.526242971748506143e-03
7.526242971748506143e-03
1.622633566728920451e-02
1.622633566728920451e-02
1.622633566728920451e-02
3.335255165031962674e-04
2.280694499477629519e-02
6.022452726903316372e-04
6.022452726903316372e-04
6.022452726903316372e-04
6.022452726903316372e-04
6.022452726903316372e-04
1.999413167239825692e-02
1.376943529290602583e-02
1.376943529290602583e-02
1.376943529290602583e-02
1.376943529290602583e-02
1.376943529290602583e-02
0.000000000000000000e+00
0.000000000000000000e+00
0.000000000000000000e+00
0.000000000000000000e+00
3.703949601208016314e-03
3.703949601208016314e-03
3.703949601208016314e-03
3.703949601208016314e-03
0.000000000000000000e+00
0.000000000000000000e+00
0.000000000000000000e+00
0.000000000000000000e+00
4.834300065245771168e-03
4.834300065245771168e-03
7.477112813624904597e-03
1.380970193881394387e-02
1.380970193881394387e-02
3.487258006671725263e-03
2.236832132853965732e-02
1.041368185203132325e-02
1.557914951751925535e-02
1.557914951751925535e-02
1.557914951751925535e-02
1.557914951751925535e-02
1.557914951751925535e-02
1.557914951751925535e-02
5.297231468561196255e-03
0.000000000000000000e+00
2.817363638007879326e-02
7.477112813624904597e-03
2.938762721652310103e-02
5.716196238251577966e-03
5.716196238251577966e-03
5.716196238251577966e-03
5.716196238251577966e-03
9.355235267532156090e-03
9.355235267532156090e-03
9.355235267532156090e-03
9.355235267532156090e-03
9.355235267532156090e-03
9.355235267532156090e-03
9.355235267532156090e-03
9.355235267532156090e-03
9.355235267532156090e-03
9.355235267532156090e-03
9.355235267532156090e-03
9.355235267532156090e-03
9.355235267532156090e-03
9.355235267532156090e-03
9.355235267532156090e-03
1.615561658035401249e-02
6.095204734459507001e-03
1.214498555011719536e-02
1.214498555011719536e-02
2.784286416087537221e-03
1.088957981506489918e-02
1.088957981506489918e-02
0.000000000000000000e+00
0.000000000000000000e+00
0.000000000000000000e+00
1.012068190071808982e-02
1.012068190071808982e-02
1.012068190071808982e-02
1.012068190071808982e-02
1.012068190071808982e-02
1.012068190071808982e-02
1.091214156766826156e-02
2.155914728100725986e-02
2.155914728100725986e-02
2.097912334341258539e-02
0.000000000000000000e+00
0.000000000000000000e+00
0.000000000000000000e+00
0.000000000000000000e+00
0.000000000000000000e+00
0.000000000000000000e+00
0.000000000000000000e+00
0.000000000000000000e+00
0.000000000000000000e+00
5.762788903712105608e-03
2.817363638007879326e-02
2.817363638007879326e-02
2.817363638007879326e-02
2.817363638007879326e-02
2.817363638007879326e-02
2.998552610794768050e-02
2.998552610794768050e-02
2.998552610794768050e-02
2.998552610794768050e-02
2.998552610794768050e-02
2.998552610794768050e-02
2.998552610794768050e-02
2.998552610794768050e-02
8.289222478525959045e-03
3.678204369098260224e-03
2.291036032319779953e-02
2.527074902967251652e-02
2.527074902967251652e-02
6.095204734459507001e-03
6.095204734459507001e-03
6.095204734459507001e-03
6.095204734459507001e-03
6.095204734459507001e-03
6.095204734459507001e-03
6.095204734459507001e-03
6.095204734459507001e-03
6.095204734459507001e-03
6.095204734459507001e-03
1.676195255556631181e-02
2.784286416087537221e-03
0.000000000000000000e+00
0.000000000000000000e+00
0.000000000000000000e+00
0.000000000000000000e+00
0.000000000000000000e+00
0.000000000000000000e+00
0.000000000000000000e+00
0.000000000000000000e+00
0.000000000000000000e+00
0.000000000000000000e+00
0.000000000000000000e+00
0.000000000000000000e+00
4.621619893742919503e-03
3.573298492290518606e-03
3.573298492290518606e-03
3.573298492290518606e-03
3.573298492290518606e-03
3.573298492290518606e-03
3.573298492290518606e-03
3.573298492290518606e-03
3.573298492290518606e-03
4.187045785407864963e-03
4.187045785407864963e-03
3.642542502552077125e-03
3.642542502552077125e-03
3.642542502552077125e-03
3.642542502552077125e-03
4.896011753412798429e-05
1.856597445707440768e-03
0.000000000000000000e+00
0.000000000000000000e+00
3.346330756316555181e-03
5.762788903712105608e-03
0.000000000000000000e+00
0.000000000000000000e+00
0.000000000000000000e+00
0.000000000000000000e+00
8.289222478525959045e-03
8.289222478525959045e-03
1.099792512268796089e-02
8.784249655163242285e-03
3.206858014243371821e-04
8.206675076070594349e-04
8.206675076070594349e-04
8.206675076070594349e-04
8.206675076070594349e-04
8.206675076070594349e-04
8.206675076070594349e-04
8.206675076070594349e-04
8.206675076070594349e-04
8.206675076070594349e-04
8.206675076070594349e-04
8.206675076070594349e-04
8.206675076070594349e-04
8.206675076070594349e-04
8.206675076070594349e-04
8.206675076070594349e-04
8.206675076070594349e-04
2.838299057892222556e-03
2.838299057892222556e-03
2.838299057892222556e-03
2.838299057892222556e-03
1.676195255556631181e-02
1.676195255556631181e-02
1.676195255556631181e-02
0.000000000000000000e+00
7.354235480401958430e-03
7.354235480401958430e-03
7.354235480401958430e-03
7.354235480401958430e-03
4.433154123219874322e-04
4.621619893742919503e-03
4.621619893742919503e-03
4.621619893742919503e-03
0.000000000000000000e+00
0.000000000000000000e+00
3.346330756316555181e-03
3.346330756316555181e-03
3.346330756316555181e-03
0.000000000000000000e+00
0.000000000000000000e+00
0.000000000000000000e+00
0.000000000000000000e+00
1.850131458743615662e-03
4.604265068859142093e-03
4.604265068859142093e-03
0.000000000000000000e+00
0.000000000000000000e+00
1.430025396650675892e-02
9.861359039405969903e-03
9.861359039405969903e-03
9.861359039405969903e-03
9.861359039405969903e-03
9.861359039405969903e-03
9.861359039405969903e-03
9.861359039405969903e-03
9.861359039405969903e-03
0.000000000000000000e+00
7.635715479094962004e-04
7.635715479094962004e-04
7.635715479094962004e-04
7.635715479094962004e-04
7.635715479094962004e-04
7.635715479094962004e-04
4.265362641066281629e-03
4.265362641066281629e-03
4.265362641066281629e-03
4.265362641066281629e-03
4.896011753412798429e-05
4.498200297980683472e-03
4.498200297980683472e-03
2.209583447662695835e-02
2.209583447662695835e-02
1.581534836668979302e-02
1.581534836668979302e-02
1.136880444218572699e-02
1.581534836668979302e-02
1.831703893839363440e-02
2.140075354242523473e-02
7.232083165072938219e-03
7.232083165072938219e-03
7.232083165072938219e-03
7.232083165072938219e-03
7.232083165072938219e-03
7.232083165072938219e-03
7.232083165072938219e-03
7.232083165072938219e-03
7.232083165072938219e-03
7.232083165072938219e-03
4.238477656933157395e-02
4.238477656933157395e-02
4.238477656933157395e-02
4.238477656933157395e-02
4.238477656933157395e-02
4.238477656933157395e-02
4.238477656933157395e-02
4.238477656933157395e-02
1.035960220536073437e-02
1.530285170511747062e-02
1.530285170511747062e-02
4.413796116228000527e-03
1.831703893839363440e-02
1.831703893839363440e-02
7.536691313212174823e-03
7.536691313212174823e-03
7.536691313212174823e-03
7.536691313212174823e-03
7.536691313212174823e-03
7.536691313212174823e-03
7.536691313212174823e-03
7.536691313212174823e-03
7.536691313212174823e-03
7.536691313212174823e-03
7.536691313212174823e-03
7.536691313212174823e-03
7.536691313212174823e-03
7.536691313212174823e-03
7.536691313212174823e-03
7.536691313212174823e-03
7.536691313212174823e-03
7.536691313212174823e-03
7.536691313212174823e-03
7.536691313212174823e-03
7.536691313212174823e-03
3.235564258420678407e-02
1.142694915219144049e-02
1.142694915219144049e-02
1.142694915219144049e-02
1.142694915219144049e-02
1.142694915219144049e-02
1.142694915219144049e-02
1.142694915219144049e-02
1.142694915219144049e-02
1.142694915219144049e-02
1.142694915219144049e-02
1.176650802481546930e-02
1.658008772349990265e-02
1.658008772349990265e-02
0.000000000000000000e+00
0.000000000000000000e+00
0.000000000000000000e+00
0.000000000000000000e+00
0.000000000000000000e+00
0.000000000000000000e+00
0.000000000000000000e+00
0.000000000000000000e+00
3.513424824060840113e-02
3.513424824060840113e-02
3.513424824060840113e-02
3.513424824060840113e-02
3.513424824060840113e-02
3.169969502028088804e-02
3.169969502028088804e-02
3.169969502028088804e-02
3.169969502028088804e-02
3.169969502028088804e-02
3.169969502028088804e-02
3.169969502028088804e-02
3.169969502028088804e-02
8.434426188238796154e-03
2.029260750168924120e-03
2.029260750168924120e-03
5.578036003306592605e-03
5.578036003306592605e-03
5.578036003306592605e-03
5.578036003306592605e-03
5.578036003306592605e-03
5.578036003306592605e-03
5.578036003306592605e-03
5.578036003306592605e-03
3.162471310704292188e-02
3.162471310704292188e-02
0.000000000000000000e+00
0.000000000000000000e+00
2.874183263102590008e-02
2.874183263102590008e-02
5.501880175025452256e-03
7.751705206003148795e-03
7.751705206003148795e-03
7.751705206003148795e-03
7.751705206003148795e-03
7.751705206003148795e-03
7.751705206003148795e-03
7.751705206003148795e-03
7.751705206003148795e-03
1.041368185203132325e-02
1.045462614596323175e-04
1.041368185203132325e-02
1.041368185203132325e-02
1.041368185203132325e-02
1.041368185203132325e-02
1.045462614596323175e-04
1.634849611550698648e-02
1.634849611550698648e-02
1.634849611550698648e-02
1.634849611550698648e-02
1.634849611550698648e-02
1.634849611550698648e-02
1.634849611550698648e-02
1.634849611550698648e-02
1.048379558005050043e-03
1.048379558005050043e-03
1.048379558005050043e-03
1.048379558005050043e-03
1.048379558005050043e-03
1.048379558005050043e-03
1.048379558005050043e-03
1.048379558005050043e-03
1.048379558005050043e-03
1.048379558005050043e-03
4.648181191195799571e-04
1.600562345474335763e-02
1.600562345474335763e-02
1.600562345474335763e-02
1.600562345474335763e-02
1.600562345474335763e-02
1.600562345474335763e-02
1.600562345474335763e-02
1.600562345474335763e-02
1.600562345474335763e-02
1.600562345474335763e-02
1.600562345474335763e-02
1.600562345474335763e-02
8.434426188238796154e-03
8.434426188238796154e-03
8.434426188238796154e-03
4.433154123219874322e-04
4.433154123219874322e-04
4.433154123219874322e-04
4.433154123219874322e-04
4.767439350652620707e-03
3.976842980671951161e-03
3.976842980671951161e-03
3.976842980671951161e-03
3.976842980671951161e-03
5.562228173036107802e-03
5.562228173036107802e-03
1.103322462022682769e-02
0.000000000000000000e+00
0.000000000000000000e+00
0.000000000000000000e+00
0.000000000000000000e+00
0.000000000000000000e+00
5.907319685099529476e-03
7.711628981871208356e-03
7.711628981871208356e-03
7.711628981871208356e-03
7.711628981871208356e-03
1.405815731020412752e-03
1.405815731020412752e-03
1.405815731020412752e-03
1.405815731020412752e-03
1.405815731020412752e-03
1.405815731020412752e-03
1.405815731020412752e-03
1.405815731020412752e-03
1.405815731020412752e-03
1.405815731020412752e-03
1.405815731020412752e-03
1.405815731020412752e-03
1.405815731020412752e-03
1.405815731020412752e-03
1.405815731020412752e-03
6.652043512950570753e-03
6.652043512950570753e-03
6.652043512950570753e-03
6.652043512950570753e-03
6.652043512950570753e-03
6.652043512950570753e-03
6.652043512950570753e-03
6.652043512950570753e-03
6.652043512950570753e-03
6.652043512950570753e-03
6.652043512950570753e-03
5.907319685099529476e-03
5.907319685099529476e-03
5.907319685099529476e-03
5.907319685099529476e-03
5.907319685099529476e-03
5.907319685099529476e-03
1.330032958984155413e-03
2.051550801924258149e-02
2.051550801924258149e-02
6.883311308278755418e-03
6.883311308278755418e-03
1.472059587603362710e-02
1.472059587603362710e-02
1.472059587603362710e-02
1.472059587603362710e-02
1.172528532185738992e-03
1.172528532185738992e-03
1.172528532185738992e-03
1.172528532185738992e-03
5.984486093861856454e-03
5.984486093861856454e-03
1.064084289909948168e-02
1.064084289909948168e-02
1.064084289909948168e-02
1.064084289909948168e-02
0.000000000000000000e+00
3.626452016634343703e-03
3.626452016634343703e-03
3.626452016634343703e-03
1.744283236294592171e-02
1.744283236294592171e-02
1.744283236294592171e-02
1.744283236294592171e-02
3.159160315694917523e-03
5.369240849281352659e-03
5.369240849281352659e-03
5.369240849281352659e-03
5.369240849281352659e-03
1.869422540824835013e-02
1.055889819019008649e-02
9.046704509800980107e-03
9.046704509800980107e-03
9.046704509800980107e-03
9.046704509800980107e-03
9.046704509800980107e-03
9.046704509800980107e-03
9.046704509800980107e-03
9.046704509800980107e-03
0.000000000000000000e+00
0.000000000000000000e+00
0.000000000000000000e+00
0.000000000000000000e+00
0.000000000000000000e+00
0.000000000000000000e+00
0.000000000000000000e+00
1.422232575536186427e-02
1.422232575536186427e-02
1.422232575536186427e-02
1.422232575536186427e-02
1.422232575536186427e-02
1.422232575536186427e-02
1.422232575536186427e-02
1.422232575536186427e-02
1.422232575536186427e-02
1.422232575536186427e-02
1.422232575536186427e-02
1.422232575536186427e-02
1.243395136034883622e-02
1.243395136034883622e-02
1.243395136034883622e-02
1.243395136034883622e-02
1.243395136034883622e-02
1.243395136034883622e-02
1.243395136034883622e-02
1.243395136034883622e-02
1.869422540824835013e-02
4.767439350652620707e-03
4.767439350652620707e-03
4.767439350652620707e-03
4.813355478338642197e-03
6.275382900642655429e-03
6.275382900642655429e-03
6.275382900642655429e-03
8.831143406642453716e-03
1.026687545543909829e-03
1.026687545543909829e-03
1.026687545543909829e-03
1.026687545543909829e-03
5.478913523223057080e-03
7.784201325147451639e-03
7.784201325147451639e-03
7.784201325147451639e-03
7.784201325147451639e-03
7.784201325147451639e-03
7.784201325147451639e-03
7.784201325147451639e-03
7.784201325147451639e-03
7.784201325147451639e-03
7.784201325147451639e-03
8.928917100888793604e-03
0.000000000000000000e+00
9.656234600172525911e-03
0.000000000000000000e+00
0.000000000000000000e+00
1.101022449923822095e-02
1.101022449923822095e-02
1.651608547781210218e-02
5.005763689356432060e-03
5.005763689356432060e-03
8.841347207879652129e-03
8.841347207879652129e-03
8.841347207879652129e-03
8.841347207879652129e-03
8.841347207879652129e-03
8.841347207879652129e-03
8.841347207879652129e-03
8.841347207879652129e-03
8.841347207879652129e-03
8.841347207879652129e-03
1.775499168597546168e-02
1.775499168597546168e-02
1.775499168597546168e-02
6.208991429974699584e-03
6.208991429974699584e-03
6.208991429974699584e-03
6.208991429974699584e-03
2.344947590895217482e-02
0.000000000000000000e+00
1.991568374528477139e-02
8.048272410084091229e-04
3.683162944374485537e-03
3.683162944374485537e-03
3.683162944374485537e-03
3.683162944374485537e-03
3.683162944374485537e-03
3.683162944374485537e-03
3.683162944374485537e-03
3.683162944374485537e-03
3.683162944374485537e-03
3.683162944374485537e-03
3.504123032704509200e-02
1.999413167239825692e-02
1.999413167239825692e-02
1.999413167239825692e-02
8.928917100888793604e-03
8.928917100888793604e-03
8.928917100888793604e-03
8.928917100888793604e-03
8.928917100888793604e-03
8.928917100888793604e-03
9.656234600172525911e-03
8.346498194211850533e-03
3.597565181799859831e-04
3.597565181799859831e-04
3.597565181799859831e-04
3.597565181799859831e-04
3.597565181799859831e-04
3.597565181799859831e-04
3.597565181799859831e-04
4.792074429777770130e-03
4.792074429777770130e-03
1.651608547781210218e-02
1.651608547781210218e-02
1.651608547781210218e-02
0.000000000000000000e+00
0.000000000000000000e+00
1.035960220536073437e-02
1.035960220536073437e-02
1.035960220536073437e-02
1.572866748111258206e-02
1.572866748111258206e-02
1.572866748111258206e-02
1.572866748111258206e-02
3.306675465369927208e-02
3.306675465369927208e-02
3.306675465369927208e-02
3.306675465369927208e-02
3.306675465369927208e-02
3.306675465369927208e-02
4.499853823242747769e-02
3.335255165031962674e-04
8.709962876903116005e-03
6.814406016034804843e-03
7.471138604241996280e-03
8.707382111136882305e-03
8.707382111136882305e-03
8.707382111136882305e-03
8.707382111136882305e-03
2.610932622741097761e-02
1.595258052815149569e-02
1.595258052815149569e-02
1.595258052815149569e-02
2.485826396042511641e-02
2.485826396042511641e-02
2.485826396042511641e-02
2.485826396042511641e-02
2.763978134686055112e-03
2.763978134686055112e-03
2.763978134686055112e-03
2.763978134686055112e-03
2.763978134686055112e-03
2.763978134686055112e-03
2.848564951726231462e-02
2.848564951726231462e-02
2.848564951726231462e-02
2.848564951726231462e-02
1.339427961961927455e-02
1.339427961961927455e-02
1.339427961961927455e-02
1.339427961961927455e-02
1.339427961961927455e-02
1.339427961961927455e-02
1.339427961961927455e-02
1.339427961961927455e-02
1.339427961961927455e-02
1.339427961961927455e-02
1.339427961961927455e-02
6.150644178711596986e-03
1.619946328186293652e-02
1.619946328186293652e-02
1.619946328186293652e-02
1.619946328186293652e-02
1.215959149682463609e-02
1.215959149682463609e-02
1.215959149682463609e-02
1.215959149682463609e-02
1.629198992904987153e-02
1.629198992904987153e-02
1.629198992904987153e-02
1.629198992904987153e-02
1.536270328508734621e-02
1.404302915531514644e-02
1.404302915531514644e-02
1.404302915531514644e-02
1.404302915531514644e-02
1.404302915531514644e-02
1.404302915531514644e-02
1.404302915531514644e-02
1.404302915531514644e-02
1.184830567061079731e-03
3.832371077712178054e-02
3.832371077712178054e-02
3.832371077712178054e-02
3.832371077712178054e-02
3.151569710994956384e-03
3.151569710994956384e-03
2.210591632509937253e-03
3.025401226259712487e-02
3.025401226259712487e-02
3.025401226259712487e-02
3.025401226259712487e-02
3.025401226259712487e-02
3.025401226259712487e-02
4.648181191195799571e-04
4.648181191195799571e-04
1.065396372724819983e-02
4.474199602782084895e-02
4.474199602782084895e-02
4.474199602782084895e-02
4.474199602782084895e-02
4.474199602782084895e-02
4.474199602782084895e-02
4.474199602782084895e-02
0.000000000000000000e+00
0.000000000000000000e+00
6.814406016034804843e-03
6.814406016034804843e-03
6.814406016034804843e-03
2.986174004934522702e-03
2.986174004934522702e-03
9.299244760926365233e-03
9.299244760926365233e-03
9.299244760926365233e-03
9.299244760926365233e-03
9.299244760926365233e-03
9.299244760926365233e-03
0.000000000000000000e+00
0.000000000000000000e+00
1.136565087405952239e-02
1.489438426420009419e-02
1.489438426420009419e-02
1.489438426420009419e-02
1.489438426420009419e-02
1.489438426420009419e-02
1.489438426420009419e-02
7.054657325596645767e-03
7.054657325596645767e-03
7.054657325596645767e-03
7.054657325596645767e-03
7.054657325596645767e-03
7.054657325596645767e-03
7.054657325596645767e-03
7.054657325596645767e-03
7.054657325596645767e-03
7.054657325596645767e-03
7.054657325596645767e-03
7.054657325596645767e-03
7.054657325596645767e-03
7.054657325596645767e-03
7.054657325596645767e-03
2.346354239274164172e-02
2.346354239274164172e-02
2.346354239274164172e-02
2.346354239274164172e-02
2.346354239274164172e-02
2.346354239274164172e-02
2.346354239274164172e-02
2.346354239274164172e-02
2.346354239274164172e-02
2.346354239274164172e-02
4.896011753412798429e-05
4.896011753412798429e-05
4.896011753412798429e-05
4.544623131027804297e-02
1.950805804017599274e-02
1.422274843122988547e-02
1.422274843122988547e-02
3.780397132295286455e-02
0.000000000000000000e+00
0.000000000000000000e+00
3.470778163137070577e-02
3.470778163137070577e-02
3.470778163137070577e-02
3.470778163137070577e-02
1.405561884531784933e-02
1.405561884531784933e-02
1.665784224459755268e-03
6.150644178711596986e-03
6.150644178711596986e-03
6.150644178711596986e-03
6.150644178711596986e-03
6.150644178711596986e-03
6.150644178711596986e-03
6.150644178711596986e-03
4.936727524510618748e-02
3.780397132295286455e-02
4.388164709920640456e-03
4.388164709920640456e-03
3.702742094602340037e-03
1.677208763823575741e-02
1.677208763823575741e-02
1.677208763823575741e-02
1.677208763823575741e-02
1.677208763823575741e-02
1.677208763823575741e-02
0.000000000000000000e+00
0.000000000000000000e+00
0.000000000000000000e+00
0.000000000000000000e+00
0.000000000000000000e+00
0.000000000000000000e+00
0.000000000000000000e+00
2.610932622741097761e-02
4.936727524510618748e-02
4.936727524510618748e-02
4.936727524510618748e-02
6.916532210563246068e-03
6.916532210563246068e-03
4.789875663156763197e-04
5.477756802914817390e-03
5.477756802914817390e-03
5.477756802914817390e-03
1.332674906475847781e-03
1.023006062680641842e-02
1.023006062680641842e-02
1.023006062680641842e-02
1.023006062680641842e-02
0.000000000000000000e+00
0.000000000000000000e+00
8.493448358697712822e-03
3.677464445301914780e-03
1.698033430316651937e-02
1.698033430316651937e-02
1.698033430316651937e-02
1.698033430316651937e-02
1.698033430316651937e-02
1.332674906475847781e-03
1.332674906475847781e-03
1.332674906475847781e-03
1.332674906475847781e-03
1.332674906475847781e-03
1.332674906475847781e-03
1.196496049619696737e-02
1.196496049619696737e-02
1.196496049619696737e-02
1.637386472500749340e-02
1.637386472500749340e-02
0.000000000000000000e+00
3.211771897686234792e-03
3.211771897686234792e-03
3.211771897686234792e-03
3.211771897686234792e-03
3.211771897686234792e-03
3.211771897686234792e-03
3.211771897686234792e-03
3.211771897686234792e-03
3.211771897686234792e-03
3.211771897686234792e-03
8.513239778768789609e-03
1.916464060296022703e-02
1.665784224459755268e-03
6.466772814037250990e-05
6.466772814037250990e-05
6.466772814037250990e-05
6.466772814037250990e-05
0.000000000000000000e+00
0.000000000000000000e+00
0.000000000000000000e+00
0.000000000000000000e+00
0.000000000000000000e+00
0.000000000000000000e+00
5.288960754856805854e-04
1.909579706531878279e-02
1.909579706531878279e-02
8.114512198555325767e-03
2.005991543729672769e-02
1.538911507944190279e-02
0.000000000000000000e+00
0.000000000000000000e+00
6.731341720368996286e-03
1.007881926967890175e-02
1.007881926967890175e-02
1.665784224459755268e-03
8.984223119088851142e-03
8.984223119088851142e-03
0.000000000000000000e+00
8.513239778768789609e-03
8.513239778768789609e-03
8.513239778768789609e-03
8.513239778768789609e-03
9.175836126711302623e-03
1.135448286010782085e-02
1.135448286010782085e-02
6.609892397171957023e-04
6.609892397171957023e-04
1.098405052095116283e-02
1.720362069783663676e-03
6.843513261096569565e-03
6.843513261096569565e-03
6.843513261096569565e-03
1.720362069783663676e-03
6.537243035481594966e-03
2.005991543729672769e-02
9.354816037961047673e-03
9.354816037961047673e-03
2.105076419806705540e-02
9.354816037961047673e-03
9.354816037961047673e-03
9.354816037961047673e-03
9.354816037961047673e-03
9.354816037961047673e-03
1.879352413935966512e-02
1.879352413935966512e-02
1.879352413935966512e-02
1.879352413935966512e-02
1.879352413935966512e-02
1.879352413935966512e-02
1.879352413935966512e-02
1.879352413935966512e-02
1.879352413935966512e-02
1.879352413935966512e-02
1.879352413935966512e-02
1.879352413935966512e-02
1.879352413935966512e-02
7.175074417141331928e-03
9.887460450746971691e-03
1.098405052095116283e-02
3.144932837006972869e-03
3.144932837006972869e-03
3.144932837006972869e-03
3.144932837006972869e-03
3.144932837006972869e-03
3.144932837006972869e-03
3.144932837006972869e-03
3.144932837006972869e-03
3.144932837006972869e-03
3.144932837006972869e-03
3.144932837006972869e-03
3.144932837006972869e-03
3.144932837006972869e-03
3.144932837006972869e-03
3.144932837006972869e-03
3.144932837006972869e-03
3.144932837006972869e-03
3.144932837006972869e-03
1.276480157945225668e-03
1.276480157945225668e-03
1.276480157945225668e-03
1.276480157945225668e-03
1.276480157945225668e-03
1.276480157945225668e-03
1.276480157945225668e-03
1.276480157945225668e-03
1.276480157945225668e-03
1.276480157945225668e-03
6.537243035481594966e-03
6.537243035481594966e-03
1.057999196493591802e-02
0.000000000000000000e+00
6.531266183150928432e-03
6.531266183150928432e-03
1.410887004140276568e-02
7.175074417141331928e-03
0.000000000000000000e+00
0.000000000000000000e+00
0.000000000000000000e+00
0.000000000000000000e+00
2.902820750177238546e-04
2.902820750177238546e-04
1.938605254226013000e-02
1.938605254226013000e-02
2.484616742311111272e-03
2.511799651673344430e-02
2.511799651673344430e-02
6.999234019993854673e-03
1.618654109580152430e-03
1.618654109580152430e-03
8.688461599765626457e-04
8.688461599765626457e-04
8.688461599765626457e-04
8.688461599765626457e-04
8.688461599765626457e-04
8.688461599765626457e-04
8.688461599765626457e-04
8.688461599765626457e-04
8.688461599765626457e-04
8.688461599765626457e-04
8.688461599765626457e-04
1.794593022420505266e-02
1.301936671907428199e-03
1.301936671907428199e-03
1.221874390971099643e-02
1.675897055992115955e-02
3.437148078716793093e-02
3.437148078716793093e-02
0.000000000000000000e+00
0.000000000000000000e+00
0.000000000000000000e+00
0.000000000000000000e+00
0.000000000000000000e+00
0.000000000000000000e+00
1.099565659065550663e-02
4.106286889833253746e-03
4.106286889833253746e-03
4.106286889833253746e-03
1.418407699298396621e-02
1.418407699298396621e-02
1.418407699298396621e-02
1.418407699298396621e-02
3.174099951463406864e-03
3.174099951463406864e-03
2.698315843587007715e-03
1.301949588960523048e-02
1.301949588960523048e-02
1.301949588960523048e-02
1.301949588960523048e-02
1.301949588960523048e-02
1.301949588960523048e-02
6.999234019993854673e-03
6.999234019993854673e-03
6.999234019993854673e-03
6.999234019993854673e-03
6.999234019993854673e-03
6.999234019993854673e-03
6.999234019993854673e-03
6.999234019993854673e-03
6.999234019993854673e-03
6.999234019993854673e-03
6.999234019993854673e-03
6.999234019993854673e-03
6.999234019993854673e-03
6.999234019993854673e-03
9.824759024210118902e-03
9.824759024210118902e-03
9.824759024210118902e-03
9.824759024210118902e-03
9.824759024210118902e-03
9.824759024210118902e-03
1.654313382349089159e-02
1.794593022420505266e-02
1.794593022420505266e-02
1.794593022420505266e-02
1.794593022420505266e-02
1.794593022420505266e-02
9.346430833015072909e-03
9.346430833015072909e-03
7.002370447786055579e-03
7.002370447786055579e-03
7.002370447786055579e-03
7.002370447786055579e-03
2.207219551465687893e-02
1.221874390971099643e-02
1.193472959049491147e-02
2.009846563023164751e-02
2.009846563023164751e-02
2.009846563023164751e-02
2.009846563023164751e-02
2.009846563023164751e-02
2.009846563023164751e-02
2.009846563023164751e-02
2.009846563023164751e-02
2.009846563023164751e-02
2.009846563023164751e-02
2.009846563023164751e-02
2.009846563023164751e-02
2.009846563023164751e-02
2.009846563023164751e-02
2.009846563023164751e-02
1.642028811164600657e-02
1.340965171107958744e-02
1.526421020950071393e-02
1.654313382349089159e-02
1.654313382349089159e-02
1.654313382349089159e-02
1.654313382349089159e-02
2.414680262710175787e-02
2.207219551465687893e-02
9.636990924068595740e-03
9.636990924068595740e-03
9.636990924068595740e-03
9.636990924068595740e-03
9.636990924068595740e-03
9.636990924068595740e-03
1.848527022967688324e-02
2.414680262710175787e-02
2.414680262710175787e-02
2.414680262710175787e-02
1.501396528393628312e-02
1.172027375127875429e-02
1.108865022561512058e-02
1.321495747065355372e-02
1.321495747065355372e-02
1.321495747065355372e-02
1.668289057741006304e-03
1.668289057741006304e-03
1.668289057741006304e-03
3.036003440362644579e-03
2.106941543948713177e-02
2.106941543948713177e-02
2.106941543948713177e-02
2.106941543948713177e-02
2.106941543948713177e-02
2.106941543948713177e-02
1.065396372724819983e-02
1.065396372724819983e-02
1.065396372724819983e-02
1.065396372724819983e-02
2.127420723429812588e-02
1.991127580032485411e-02
1.991127580032485411e-02
1.991127580032485411e-02
1.991127580032485411e-02
1.991127580032485411e-02
1.991127580032485411e-02
9.704438516239014337e-03
1.262299527510613896e-02
1.262299527510613896e-02
1.262299527510613896e-02
2.525334575505282231e-02
2.525334575505282231e-02
1.848527022967688324e-02
1.694351267520617654e-02
1.501396528393628312e-02
4.848747477564502306e-03
5.723021214260486100e-03
9.191718547712732787e-04
9.191718547712732787e-04
9.191718547712732787e-04
9.191718547712732787e-04
1.331671379384557173e-02
1.331671379384557173e-02
1.331671379384557173e-02
2.352900127272573860e-02
2.352900127272573860e-02
2.352900127272573860e-02
2.352900127272573860e-02
2.352900127272573860e-02
2.352900127272573860e-02
2.352900127272573860e-02
2.352900127272573860e-02
2.352900127272573860e-02
2.352900127272573860e-02
2.352900127272573860e-02
0.000000000000000000e+00
0.000000000000000000e+00
1.694351267520617654e-02
1.694351267520617654e-02
1.694351267520617654e-02
1.694351267520617654e-02
1.694351267520617654e-02
1.694351267520617654e-02
1.694351267520617654e-02
1.694351267520617654e-02
1.694351267520617654e-02
2.581360436614226969e-02
1.796975179315308049e-02
1.796975179315308049e-02
1.796975179315308049e-02
0.000000000000000000e+00
0.000000000000000000e+00
0.000000000000000000e+00
0.000000000000000000e+00
1.240302605843357324e-02
1.240302605843357324e-02
5.650461413026828736e-03
4.033035624438360313e-03
9.481833365598508340e-03
9.481833365598508340e-03
9.481833365598508340e-03
0.000000000000000000e+00
1.349081053486570099e-02
1.349081053486570099e-02
3.247260800723148887e-04
3.247260800723148887e-04
0.000000000000000000e+00
9.615264166297350992e-03
9.615264166297350992e-03
9.615264166297350992e-03
9.615264166297350992e-03
9.615264166297350992e-03
9.615264166297350992e-03
9.615264166297350992e-03
9.615264166297350992e-03
9.615264166297350992e-03
9.615264166297350992e-03
9.615264166297350992e-03
9.615264166297350992e-03
1.958727665003339672e-03
7.121663677110517260e-03
7.121663677110517260e-03
7.121663677110517260e-03
7.121663677110517260e-03
7.121663677110517260e-03
7.121663677110517260e-03
7.121663677110517260e-03
7.121663677110517260e-03
1.231396964059340224e-02
1.333926212522500501e-02
1.333926212522500501e-02
9.704438516239014337e-03
9.704438516239014337e-03
1.439597991214409435e-02
1.568534597596749763e-02
1.568534597596749763e-02
1.568534597596749763e-02
1.568534597596749763e-02
2.047829332471771263e-02
6.733778539473159880e-03
6.733778539473159880e-03
6.733778539473159880e-03
6.733778539473159880e-03
5.297231468561196255e-03
5.297231468561196255e-03
3.634630098948739979e-02
3.634630098948739979e-02
3.634630098948739979e-02
5.865323781588621492e-03
2.022902727225916325e-02
1.231396964059340224e-02
1.620569210292539710e-04
7.257963497530403249e-03
7.257963497530403249e-03
7.257963497530403249e-03
7.257963497530403249e-03
7.257963497530403249e-03
7.257963497530403249e-03
7.257963497530403249e-03
4.332420325417650313e-03
4.332420325417650313e-03
4.332420325417650313e-03
4.332420325417650313e-03
4.332420325417650313e-03
4.332420325417650313e-03
1.277875743663577091e-02
2.125543004996269594e-02
2.125543004996269594e-02
1.855035190504070522e-02
1.855035190504070522e-02
2.551845485472941863e-02
2.551845485472941863e-02
1.099565659065550663e-02
1.424511547029352551e-02
1.424511547029352551e-02
0.000000000000000000e+00
0.000000000000000000e+00
0.000000000000000000e+00
7.368749533299992667e-03
5.333990962154591502e-03
5.333990962154591502e-03
5.333990962154591502e-03
5.333990962154591502e-03
5.333990962154591502e-03
5.333990962154591502e-03
5.333990962154591502e-03
5.333990962154591502e-03
5.333990962154591502e-03
5.333990962154591502e-03
5.333990962154591502e-03
5.333990962154591502e-03
7.670992930747816407e-02
7.670992930747816407e-02
1.103322462022682769e-02
7.670992930747816407e-02
1.955878741420518166e-02
1.955878741420518166e-02
1.955878741420518166e-02
1.955878741420518166e-02
1.099565659065550663e-02
0.000000000000000000e+00
0.000000000000000000e+00
0.000000000000000000e+00
0.000000000000000000e+00
0.000000000000000000e+00
0.000000000000000000e+00
0.000000000000000000e+00
0.000000000000000000e+00
3.574890691674176540e-03
3.574890691674176540e-03
3.574890691674176540e-03
3.574890691674176540e-03
0.000000000000000000e+00
1.131283258312754982e-02
1.131283258312754982e-02
1.131283258312754982e-02
1.131283258312754982e-02
1.277875743663577091e-02
3.504123032704509200e-02
3.504123032704509200e-02
2.349739380358879109e-02
1.494597585264027459e-02
1.494597585264027459e-02
1.494597585264027459e-02
1.494597585264027459e-02
1.494597585264027459e-02
4.539923532003236999e-03
4.539923532003236999e-03
4.539923532003236999e-03
4.539923532003236999e-03
4.539923532003236999e-03
4.539923532003236999e-03
4.539923532003236999e-03
4.539923532003236999e-03
4.539923532003236999e-03
4.539923532003236999e-03
4.539923532003236999e-03
2.358256417344012021e-02
1.536270328508734621e-02
1.536270328508734621e-02
1.536270328508734621e-02
1.536270328508734621e-02
1.330032958984155413e-03
8.788332107736418139e-03
8.788332107736418139e-03
8.788332107736418139e-03
8.788332107736418139e-03
8.788332107736418139e-03
8.788332107736418139e-03
8.788332107736418139e-03
8.788332107736418139e-03
7.841840107581266039e-03
2.442132750582384770e-02
8.551619965473464258e-02
8.551619965473464258e-02
8.551619965473464258e-02
8.551619965473464258e-02
1.492287364299539794e-02
1.492287364299539794e-02
1.492287364299539794e-02
1.492287364299539794e-02
4.499853823242747769e-02
4.499853823242747769e-02
7.756694924394677733e-03
2.020102748860448227e-03
2.020102748860448227e-03
3.925877050956077391e-03
4.009952834965312823e-03
4.009952834965312823e-03
1.103322462022682769e-02
4.536607530506028135e-02
4.536607530506028135e-02
3.086533959981573386e-02
3.086533959981573386e-02
1.773930426340104005e-01
1.826756102877813148e-01
1.826756102877813148e-01
1.826756102877813148e-01
1.826756102877813148e-01
0.000000000000000000e+00
0.000000000000000000e+00
0.000000000000000000e+00
3.535590976279502640e-02
3.535590976279502640e-02
3.535590976279502640e-02
3.535590976279502640e-02
3.535590976279502640e-02
1.523515018476826648e-03
4.662144300157243688e-04
2.047829332471771263e-02
0.000000000000000000e+00
2.581360436614226969e-02
2.581360436614226969e-02
2.581360436614226969e-02
2.581360436614226969e-02
2.581360436614226969e-02
2.581360436614226969e-02
2.581360436614226969e-02
2.581360436614226969e-02
2.581360436614226969e-02
2.581360436614226969e-02
1.851379181065953422e-02
2.775651654677469427e-03
2.775651654677469427e-03
1.967080552115195967e-03
1.967080552115195967e-03
1.967080552115195967e-03
1.303246080172301355e-02
2.500732830636800963e-02
2.983749734614826038e-02
2.983749734614826038e-02
2.983749734614826038e-02
2.983749734614826038e-02
2.983749734614826038e-02
2.983749734614826038e-02
8.747953099904870120e-03
8.747953099904870120e-03
0.000000000000000000e+00
8.386628647190745578e-03
1.547468334037482504e-02
1.830471032203095233e-02
1.830471032203095233e-02
2.500732830636800963e-02
1.243110649316134589e-02
1.243110649316134589e-02
1.243110649316134589e-02
1.243110649316134589e-02
1.243110649316134589e-02
1.243110649316134589e-02
1.243110649316134589e-02
1.243110649316134589e-02
1.243110649316134589e-02
1.243110649316134589e-02
1.243110649316134589e-02
1.243110649316134589e-02
1.243110649316134589e-02
1.243110649316134589e-02
1.243110649316134589e-02
1.243110649316134589e-02
1.243110649316134589e-02
0.000000000000000000e+00
0.000000000000000000e+00
1.819347434724325613e-02
1.819347434724325613e-02
1.378116361190181993e-02
1.378116361190181993e-02
1.378116361190181993e-02
1.378116361190181993e-02
0.000000000000000000e+00
0.000000000000000000e+00
0.000000000000000000e+00
0.000000000000000000e+00
1.210660465280369302e-02
1.210660465280369302e-02
1.210660465280369302e-02
3.162236880090717010e-03
3.162236880090717010e-03
3.162236880090717010e-03
8.142950774535081399e-03
8.142950774535081399e-03
8.142950774535081399e-03
8.142950774535081399e-03
6.827922655605563051e-03
6.827922655605563051e-03
2.344947590895217482e-02
2.344947590895217482e-02
3.997867209357898188e-01
1.547468334037482504e-02
1.339209434829467978e-02
1.339209434829467978e-02
1.339209434829467978e-02
1.339209434829467978e-02
3.702742094602340037e-03
0.000000000000000000e+00
3.997867209357898188e-01
3.997867209357898188e-01
3.997867209357898188e-01
3.997867209357898188e-01
3.997867209357898188e-01
3.997867209357898188e-01
5.723021214260486100e-03
5.723021214260486100e-03
5.723021214260486100e-03
0.000000000000000000e+00
4.066465881351781497e-03
4.066465881351781497e-03
4.066465881351781497e-03
4.066465881351781497e-03
4.066465881351781497e-03
4.066465881351781497e-03
4.066465881351781497e-03
4.066465881351781497e-03
1.809963508464803444e-02
1.809963508464803444e-02
1.809963508464803444e-02
1.809963508464803444e-02
4.327287400726483220e-03
6.928779921304708232e-04
6.928779921304708232e-04
6.928779921304708232e-04
6.928779921304708232e-04
1.184830567061079731e-03
1.184830567061079731e-03
1.184830567061079731e-03
1.184830567061079731e-03
1.184830567061079731e-03
1.184830567061079731e-03
3.654059337772462644e-03
1.233285593774186700e-02
1.233285593774186700e-02
0.000000000000000000e+00
1.011777117173601279e-03
1.011777117173601279e-03
7.941262983532493660e-04
7.941262983532493660e-04
7.941262983532493660e-04
7.941262983532493660e-04
7.941262983532493660e-04
7.941262983532493660e-04
7.941262983532493660e-04
7.941262983532493660e-04
7.941262983532493660e-04
7.941262983532493660e-04
2.442132750582384770e-02
1.695601518312343792e-02
1.695601518312343792e-02
1.695601518312343792e-02
1.695601518312343792e-02
1.749153449512055002e-03
1.749153449512055002e-03
1.749153449512055002e-03
1.749153449512055002e-03
1.749153449512055002e-03
1.749153449512055002e-03
1.749153449512055002e-03
1.749153449512055002e-03
1.749153449512055002e-03
1.749153449512055002e-03
1.528696268551072747e-02
1.528696268551072747e-02
2.372438575064686559e-04
2.372438575064686559e-04
2.372438575064686559e-04
2.372438575064686559e-04
0.000000000000000000e+00
0.000000000000000000e+00
2.232091225914404134e-02
2.232091225914404134e-02
4.033035624438360313e-03
4.033035624438360313e-03
4.033035624438360313e-03
4.033035624438360313e-03
4.033035624438360313e-03
4.033035624438360313e-03
1.851379181065953422e-02
1.851379181065953422e-02
1.851379181065953422e-02
2.798544424366883245e-03
2.798544424366883245e-03
1.773930426340104005e-01
1.773930426340104005e-01
1.773930426340104005e-01
1.773930426340104005e-01
1.773930426340104005e-01
1.773930426340104005e-01
8.493448358697712822e-03
8.493448358697712822e-03
7.889738463599594784e-03
3.638901679948571347e-03
3.638901679948571347e-03
1.190412698967320722e-02
0.000000000000000000e+00
0.000000000000000000e+00
2.426983880450495762e-02
1.099792512268796089e-02
1.099792512268796089e-02
1.099792512268796089e-02
1.099792512268796089e-02
1.128051196002121705e-02
0.000000000000000000e+00
0.000000000000000000e+00
0.000000000000000000e+00
0.000000000000000000e+00
0.000000000000000000e+00
4.614825766943745494e-02
4.614825766943745494e-02
4.614825766943745494e-02
4.614825766943745494e-02
1.877043693587141654e-02
7.889738463599594784e-03
3.931102565198437218e-03
9.080802705184369897e-03
9.080802705184369897e-03
0.000000000000000000e+00
0.000000000000000000e+00
1.299352623049972438e-04
1.299352623049972438e-04
1.176650802481546930e-02
1.176650802481546930e-02
1.176650802481546930e-02
2.124340821689665870e-02
2.212162477295733648e-02
1.877043693587141654e-02
1.620569210292539710e-04
1.620569210292539710e-04
3.931102565198437218e-03
3.931102565198437218e-03
3.931102565198437218e-03
3.931102565198437218e-03
3.931102565198437218e-03
3.931102565198437218e-03
3.931102565198437218e-03
3.931102565198437218e-03
1.936570274040980144e-02
1.422644534994755953e-02
1.422644534994755953e-02
1.422644534994755953e-02
1.422644534994755953e-02
2.212162477295733648e-02
0.000000000000000000e+00
0.000000000000000000e+00
0.000000000000000000e+00
0.000000000000000000e+00
0.000000000000000000e+00
0.000000000000000000e+00
0.000000000000000000e+00
0.000000000000000000e+00
1.534333206077803831e-02
1.534333206077803831e-02
1.534333206077803831e-02
1.534333206077803831e-02
1.950805804017599274e-02
0.000000000000000000e+00
1.097341147901056101e-02
1.097341147901056101e-02
1.097341147901056101e-02
1.097341147901056101e-02
1.097341147901056101e-02
1.097341147901056101e-02
1.097341147901056101e-02
3.640986403432216155e-03
1.091214156766826156e-02
1.091214156766826156e-02
2.923472721979671670e-03
2.923472721979671670e-03
0.000000000000000000e+00
3.895138048250694485e-02
1.611413739194007821e-02
1.611413739194007821e-02
1.036130540628417765e-02
2.588086839800871498e-03
2.588086839800871498e-03
2.588086839800871498e-03
2.588086839800871498e-03
3.110396547459385805e-02
8.446902803718030553e-03
8.446902803718030553e-03
8.446902803718030553e-03
8.446902803718030553e-03
8.446902803718030553e-03
2.922480118599622007e-02
2.922480118599622007e-02
2.922480118599622007e-02
2.971776620003829718e-03
8.378558946696139376e-03
8.378558946696139376e-03
8.378558946696139376e-03
8.378558946696139376e-03
7.060731691191651652e-04
5.805690470516322588e-03
5.805690470516322588e-03
5.805690470516322588e-03
5.805690470516322588e-03
5.805690470516322588e-03
0.000000000000000000e+00
0.000000000000000000e+00
5.319843993104706424e-03
8.054606532566250393e-03
8.054606532566250393e-03
8.054606532566250393e-03
8.054606532566250393e-03
5.865323781588621492e-03
5.865323781588621492e-03
5.865323781588621492e-03
5.865323781588621492e-03
5.865323781588621492e-03
5.865323781588621492e-03
5.865323781588621492e-03
5.865323781588621492e-03
2.971776620003829718e-03
0.000000000000000000e+00
0.000000000000000000e+00
0.000000000000000000e+00
0.000000000000000000e+00
0.000000000000000000e+00
0.000000000000000000e+00
0.000000000000000000e+00
0.000000000000000000e+00
0.000000000000000000e+00
0.000000000000000000e+00
0.000000000000000000e+00
0.000000000000000000e+00
0.000000000000000000e+00
0.000000000000000000e+00
1.441980400866256160e-02
1.078960177883597077e-02
1.078960177883597077e-02
7.592064810299386547e-03
4.990046105937908337e-03
2.698315843587007715e-03
2.698315843587007715e-03
2.698315843587007715e-03
2.698315843587007715e-03
4.238079162160163400e-03
4.238079162160163400e-03
7.592064810299386547e-03
7.592064810299386547e-03
2.291036032319779953e-02
1.298605923976984926e-02
3.418931973948718256e-02
3.418931973948718256e-02
3.418931973948718256e-02
3.418931973948718256e-02
2.220810576474436041e-03
7.060731691191651652e-04
5.584975321284753845e-03
1.735049013227044773e-02
1.583584308603153482e-02
5.319843993104706424e-03
5.319843993104706424e-03
5.319843993104706424e-03
5.319843993104706424e-03
5.319843993104706424e-03
5.319843993104706424e-03
5.319843993104706424e-03
5.319843993104706424e-03
5.319843993104706424e-03
5.319843993104706424e-03
5.319843993104706424e-03
5.319843993104706424e-03
5.319843993104706424e-03
5.319843993104706424e-03
5.319843993104706424e-03
5.319843993104706424e-03
5.319843993104706424e-03
5.319843993104706424e-03
5.319843993104706424e-03
5.319843993104706424e-03
5.319843993104706424e-03
0.000000000000000000e+00
0.000000000000000000e+00
0.000000000000000000e+00
0.000000000000000000e+00
0.000000000000000000e+00
1.295038397895227969e-02
1.295038397895227969e-02
2.220810576474436041e-03
2.220810576474436041e-03
0.000000000000000000e+00
0.000000000000000000e+00
2.520290725376968244e-02
4.327287400726483220e-03
4.327287400726483220e-03
4.327287400726483220e-03
4.327287400726483220e-03
4.327287400726483220e-03
0.000000000000000000e+00
0.000000000000000000e+00
0.000000000000000000e+00
4.038813738425189176e-02
4.038813738425189176e-02
2.291036032319779953e-02
4.921633011442433717e-03
4.921633011442433717e-03
4.921633011442433717e-03
4.921633011442433717e-03
4.921633011442433717e-03
1.195755856175457869e-02
1.826932779568543261e-02
1.826932779568543261e-02
0.000000000000000000e+00
0.000000000000000000e+00
0.000000000000000000e+00
0.000000000000000000e+00
0.000000000000000000e+00
1.195755856175457869e-02
3.132243752907873380e-02
2.319421451425518824e-02
2.319421451425518824e-02
5.904906209019558302e-03
5.904906209019558302e-03
5.904906209019558302e-03
5.904906209019558302e-03
1.108865022561512058e-02
1.108865022561512058e-02
0.000000000000000000e+00
0.000000000000000000e+00
1.567975625500161660e-02
5.288960754856805854e-04
5.288960754856805854e-04
5.288960754856805854e-04
5.288960754856805854e-04
5.288960754856805854e-04
5.288960754856805854e-04
5.288960754856805854e-04
3.132243752907873380e-02
7.109034772617779836e-03
7.109034772617779836e-03
7.109034772617779836e-03
9.827263173307534266e-03
2.434886070473877423e-03
2.434886070473877423e-03
2.434886070473877423e-03
2.434886070473877423e-03
0.000000000000000000e+00
0.000000000000000000e+00
0.000000000000000000e+00
0.000000000000000000e+00
0.000000000000000000e+00
8.555025445618171659e-03
8.555025445618171659e-03
2.127420723429812588e-02
2.127420723429812588e-02
2.127420723429812588e-02
2.127420723429812588e-02
2.224911841491465647e-02
2.224911841491465647e-02
1.868217993206289056e-03
1.868217993206289056e-03
1.868217993206289056e-03
1.868217993206289056e-03
0.000000000000000000e+00
0.000000000000000000e+00
0.000000000000000000e+00
9.175836126711302623e-03
2.315272283306295579e-04
1.186030371734852779e-03
1.177779816966114355e-02
1.177779816966114355e-02
1.177779816966114355e-02
1.177779816966114355e-02
1.177779816966114355e-02
1.177779816966114355e-02
1.560885013285832901e-02
1.850131458743615662e-03
1.077906711963023045e-03
6.862880533487121688e-03
6.862880533487121688e-03
6.862880533487121688e-03
6.862880533487121688e-03
6.862880533487121688e-03
6.862880533487121688e-03
1.888911722414264582e-02
1.888911722414264582e-02
1.888911722414264582e-02
1.888911722414264582e-02
0.000000000000000000e+00
2.315272283306295579e-04
1.341958434780486133e-02
1.279020949974900463e-02
1.279020949974900463e-02
1.653053788778576774e-03
1.653053788778576774e-03
1.653053788778576774e-03
1.653053788778576774e-03
1.560885013285832901e-02
1.560885013285832901e-02
1.560885013285832901e-02
1.560885013285832901e-02
1.560885013285832901e-02
1.560885013285832901e-02
1.560885013285832901e-02
1.560885013285832901e-02
1.871803251269134327e-02
1.077906711963023045e-03
8.963804093983044133e-03
3.710491887614126520e-03
3.710491887614126520e-03
7.289383527590538939e-03
4.473026341539378115e-03
4.473026341539378115e-03
4.473026341539378115e-03
3.411513994206773204e-02
2.469426692704292797e-02
2.469426692704292797e-02
2.469426692704292797e-02
2.469426692704292797e-02
2.469426692704292797e-02
2.469426692704292797e-02
0.000000000000000000e+00
0.000000000000000000e+00
2.526077018911385835e-02
2.526077018911385835e-02
3.104304280006032341e-02
2.526077018911385835e-02
3.104304280006032341e-02
1.871803251269134327e-02
1.871803251269134327e-02
1.871803251269134327e-02
0.000000000000000000e+00
8.963804093983044133e-03
1.233316136880155400e-02
1.751221321322082164e-02
0.000000000000000000e+00
0.000000000000000000e+00
0.000000000000000000e+00
0.000000000000000000e+00
1.330032958984155413e-03
1.420222452147005925e-02
1.420222452147005925e-02
0.000000000000000000e+00
0.000000000000000000e+00
3.055026703980493613e-02
3.055026703980493613e-02
2.105076419806705540e-02
1.233316136880155400e-02
2.880605382649462434e-02
1.934614956635525435e-02
1.934614956635525435e-02
2.349739380358879109e-02
1.869422540824835013e-02
4.813355478338642197e-03
4.813355478338642197e-03
2.880605382649462434e-02
1.224565400690405016e-02
1.224565400690405016e-02
1.224565400690405016e-02
1.224565400690405016e-02
4.237761456648531967e-03
4.237761456648531967e-03
4.237761456648531967e-03
4.237761456648531967e-03
8.420689286148997157e-03
8.420689286148997157e-03
8.420689286148997157e-03
8.420689286148997157e-03
6.859739050203650379e-03
7.756694924394677733e-03
4.628267991023498652e-03
4.628267991023498652e-03
2.575254827464730847e-02
4.051196868785331834e-02
3.411513994206773204e-02
3.411513994206773204e-02
3.411513994206773204e-02
3.411513994206773204e-02
1.430025396650675892e-02
1.038218806345917768e-02
1.038218806345917768e-02
3.156970651687415752e-02
0.000000000000000000e+00
7.756694924394677733e-03
7.756694924394677733e-03
7.756694924394677733e-03
7.756694924394677733e-03
7.756694924394677733e-03
1.281446665311663721e-02
1.318855393004400231e-02
1.318855393004400231e-02
0.000000000000000000e+00
1.056966665950866309e-02
1.056966665950866309e-02
1.056966665950866309e-02
1.056966665950866309e-02
1.281446665311663721e-02
1.281446665311663721e-02
1.281446665311663721e-02
3.110396547459385805e-02
1.867121000171603415e-02
1.867121000171603415e-02
1.430025396650675892e-02
5.802159537935039487e-04
8.048272410084091229e-04
8.048272410084091229e-04
8.048272410084091229e-04
5.709854646998252167e-03
5.478913523223057080e-03
0.000000000000000000e+00
0.000000000000000000e+00
1.961007225217224412e-02
1.141676511945880976e-02
1.141676511945880976e-02
1.264411760923027546e-02
1.264411760923027546e-02
2.538009654201285603e-02
2.538009654201285603e-02
3.235564258420678407e-02
8.831143406642453716e-03
8.831143406642453716e-03
8.831143406642453716e-03
8.831143406642453716e-03
8.831143406642453716e-03
8.831143406642453716e-03
8.831143406642453716e-03
8.831143406642453716e-03
9.863411826574151886e-03
9.863411826574151886e-03
1.614021468640071399e-02
1.614021468640071399e-02
3.110396547459385805e-02
3.110396547459385805e-02
3.110396547459385805e-02
3.110396547459385805e-02
3.110396547459385805e-02
7.420364457011547135e-03
5.802159537935039487e-04
0.000000000000000000e+00
5.709854646998252167e-03
0.000000000000000000e+00
0.000000000000000000e+00
1.017239541294225405e-02
1.017239541294225405e-02
9.215684228201431738e-03
9.215684228201431738e-03
1.961007225217224412e-02
1.961007225217224412e-02
1.961007225217224412e-02
1.961007225217224412e-02
1.961007225217224412e-02
4.897331274669971223e-03
4.897331274669971223e-03
4.897331274669971223e-03
4.897331274669971223e-03
4.897331274669971223e-03
4.897331274669971223e-03
1.358048031102712574e-03
1.358048031102712574e-03
1.358048031102712574e-03
1.358048031102712574e-03
1.358048031102712574e-03
1.902589266634158519e-02
1.902589266634158519e-02
1.902589266634158519e-02
1.902589266634158519e-02
1.902589266634158519e-02
1.902589266634158519e-02
1.477017236135205400e-02
6.417177894470937026e-03
1.115615889285992944e-02
1.115615889285992944e-02
0.000000000000000000e+00
0.000000000000000000e+00
0.000000000000000000e+00
0.000000000000000000e+00
0.000000000000000000e+00
0.000000000000000000e+00
7.674310631136628362e-03
7.674310631136628362e-03
7.368749533299992667e-03
7.368749533299992667e-03
7.368749533299992667e-03
7.368749533299992667e-03
2.442132750582384770e-02
1.749709662736610369e-02
1.749709662736610369e-02
0.000000000000000000e+00
0.000000000000000000e+00
0.000000000000000000e+00
0.000000000000000000e+00
0.000000000000000000e+00
7.420364457011547135e-03
8.346498194211850533e-03
8.346498194211850533e-03
8.346498194211850533e-03
2.605853036852816274e-02
2.605853036852816274e-02
2.605853036852816274e-02
2.210591632509937253e-03
2.210591632509937253e-03
2.210591632509937253e-03
4.789875663156763197e-04
4.789875663156763197e-04
4.789875663156763197e-04
4.789875663156763197e-04
4.789875663156763197e-04
4.789875663156763197e-04
4.789875663156763197e-04
4.789875663156763197e-04
4.789875663156763197e-04
4.789875663156763197e-04
4.789875663156763197e-04
4.789875663156763197e-04
2.484616742311111272e-03
2.484616742311111272e-03
2.484616742311111272e-03
2.484616742311111272e-03
2.484616742311111272e-03
2.484616742311111272e-03
2.484616742311111272e-03
7.638227863083726053e-03
7.638227863083726053e-03
7.638227863083726053e-03
7.638227863083726053e-03
2.097912334341258539e-02
8.345984841475799498e-03
8.345984841475799498e-03
0.000000000000000000e+00
9.672495321497970311e-03
9.672495321497970311e-03
0.000000000000000000e+00
0.000000000000000000e+00
7.289383527590538939e-03
7.289383527590538939e-03
7.289383527590538939e-03
7.289383527590538939e-03
7.289383527590538939e-03
7.289383527590538939e-03
7.391699959094407031e-03
1.147081904391788554e-03
1.147081904391788554e-03
1.147081904391788554e-03
4.335509524462536485e-02
6.061721574103504789e-02
6.061721574103504789e-02
0.000000000000000000e+00
0.000000000000000000e+00
0.000000000000000000e+00
0.000000000000000000e+00
0.000000000000000000e+00
0.000000000000000000e+00
0.000000000000000000e+00
0.000000000000000000e+00
0.000000000000000000e+00
0.000000000000000000e+00
0.000000000000000000e+00
0.000000000000000000e+00
2.032512397829323858e-02
2.032512397829323858e-02
1.583584308603153482e-02
1.583584308603153482e-02
0.000000000000000000e+00
1.637462218622619606e-02
1.637462218622619606e-02
2.127052278332453028e-02
2.127052278332453028e-02
5.584975321284753845e-03
1.567975625500161660e-02
1.567975625500161660e-02
1.567975625500161660e-02
1.567975625500161660e-02
1.621431545258277766e-03
1.621431545258277766e-03
0.000000000000000000e+00
0.000000000000000000e+00
1.264501299629267397e-02
1.264501299629267397e-02
1.264501299629267397e-02
1.264501299629267397e-02
1.264501299629267397e-02
1.264501299629267397e-02
1.264501299629267397e-02
1.264501299629267397e-02
1.264501299629267397e-02
1.264501299629267397e-02
1.264501299629267397e-02
0.000000000000000000e+00
0.000000000000000000e+00
9.827263173307534266e-03
2.900868202383556985e-02
9.161507483572563226e-03
9.161507483572563226e-03
5.016766285081232036e-04
5.016766285081232036e-04
2.173499245911353350e-02
2.173499245911353350e-02
1.945328379986628609e-02
1.945328379986628609e-02
9.099646170486652003e-03
3.825233332511956703e-03
3.825233332511956703e-03
1.127020116082768850e-02
2.656111130384149199e-02
2.656111130384149199e-02
2.656111130384149199e-02
2.656111130384149199e-02
2.656111130384149199e-02
2.656111130384149199e-02
1.136565087405952239e-02
8.502376907464281527e-03
8.502376907464281527e-03
8.502376907464281527e-03
8.502376907464281527e-03
8.502376907464281527e-03
8.502376907464281527e-03
2.102402953962834511e-02
2.102402953962834511e-02
4.335509524462536485e-02
4.335509524462536485e-02
4.335509524462536485e-02
3.981343027881696639e-02
3.981343027881696639e-02
3.981343027881696639e-02
3.981343027881696639e-02
2.119819017191234764e-02
9.099646170486652003e-03
2.887626352416063687e-03
2.887626352416063687e-03
2.887626352416063687e-03
2.887626352416063687e-03
9.653979180370940438e-03
9.653979180370940438e-03
9.653979180370940438e-03
9.348615121649571716e-03
9.348615121649571716e-03
9.348615121649571716e-03
9.348615121649571716e-03
9.348615121649571716e-03
9.348615121649571716e-03
9.348615121649571716e-03
9.348615121649571716e-03
9.025840660963561912e-03
2.119819017191234764e-02
1.410887004140276568e-02
0.000000000000000000e+00
8.978817651815090882e-04
8.978817651815090882e-04
8.978817651815090882e-04
8.978817651815090882e-04
1.452149984547374678e-02
1.452149984547374678e-02
4.376557105084279142e-02
0.000000000000000000e+00
0.000000000000000000e+00
5.331062718849351699e-03
7.391699959094407031e-03
2.556807448114024862e-04
1.562679179644941478e-03
3.646299135832498984e-04
3.646299135832498984e-04
2.862373409530121968e-02
2.862373409530121968e-02
4.563332637053407227e-03
4.563332637053407227e-03
5.331062718849351699e-03
5.331062718849351699e-03
1.572668967539960633e-02
1.572668967539960633e-02
1.572668967539960633e-02
1.572668967539960633e-02
1.572668967539960633e-02
1.163770899073606445e-02
1.163770899073606445e-02
1.163770899073606445e-02
1.163770899073606445e-02
1.163770899073606445e-02
1.163770899073606445e-02
1.163770899073606445e-02
1.163770899073606445e-02
5.501880175025452256e-03
5.501880175025452256e-03
3.206858014243371821e-04
3.206858014243371821e-04
1.002586343387625555e-02
0.000000000000000000e+00
0.000000000000000000e+00
1.127020116082768850e-02
1.127020116082768850e-02
1.127020116082768850e-02
1.127020116082768850e-02
1.127020116082768850e-02
3.018543695194100124e-02
1.340965171107958744e-02
1.340965171107958744e-02
6.417177894470937026e-03
6.417177894470937026e-03
6.417177894470937026e-03
2.137540346562204555e-03
2.137540346562204555e-03
2.137540346562204555e-03
2.137540346562204555e-03
3.605337444795651131e-02
3.605337444795651131e-02
3.605337444795651131e-02
3.605337444795651131e-02
2.150093341185345744e-02
2.150093341185345744e-02
1.707054881766480181e-02
3.193840229412150608e-03
3.193840229412150608e-03
2.520290725376968244e-02
2.520290725376968244e-02
0.000000000000000000e+00
0.000000000000000000e+00
1.423819891286987570e-02
1.707054881766480181e-02
1.656695914916339607e-02
1.656695914916339607e-02
2.575254827464730847e-02
2.575254827464730847e-02
1.423819891286987570e-02
1.423819891286987570e-02
1.423819891286987570e-02
1.045766331505364188e-02
1.045766331505364188e-02
1.800585613447554245e-02
1.800585613447554245e-02
0.000000000000000000e+00
0.000000000000000000e+00
0.000000000000000000e+00
0.000000000000000000e+00
3.159160315694917523e-03
3.159160315694917523e-03
3.159160315694917523e-03
1.636581156640816090e-02
1.054543339846735449e-02
2.021025723012435243e-02
2.021025723012435243e-02
2.021025723012435243e-02
2.021025723012435243e-02
2.021025723012435243e-02
2.021025723012435243e-02
2.021025723012435243e-02
2.021025723012435243e-02
9.100397714860585310e-03
9.100397714860585310e-03
1.383672074073737969e-02
1.383672074073737969e-02
2.653731204732281274e-02
2.653731204732281274e-02
2.653731204732281274e-02
2.653731204732281274e-02
2.653731204732281274e-02
2.653731204732281274e-02
0.000000000000000000e+00
1.726529607904326094e-02
1.726529607904326094e-02
1.636581156640816090e-02
2.556807448114024862e-04
2.556807448114024862e-04
2.556807448114024862e-04
2.556807448114024862e-04
9.267149625602167859e-03
9.267149625602167859e-03
9.267149625602167859e-03
9.267149625602167859e-03
2.047829332471771263e-02
2.047829332471771263e-02
2.047829332471771263e-02
2.047829332471771263e-02
2.047829332471771263e-02
7.581317284005097829e-03
7.581317284005097829e-03
3.561250721009850094e-03
2.031398077268987412e-01
2.031398077268987412e-01
2.189924889664719362e-02
2.189924889664719362e-02
2.189924889664719362e-02
2.189924889664719362e-02
0.000000000000000000e+00
