2.802620145815474736e-03
2.802620145815474736e-03
2.802620145815474736e-03
2.802620145815474736e-03
2.802620145815474736e-03
2.802620145815474736e-03
2.802620145815474736e-03
2.802620145815474736e-03
2.802620145815474736e-03
2.802620145815474736e-03
2.802620145815474736e-03
2.802620145815474736e-03
2.802620145815474736e-03
0.000000000000000000e+00
0.000000000000000000e+00
0.000000000000000000e+00
0.000000000000000000e+00
0.000000000000000000e+00
0.000000000000000000e+00
0.000000000000000000e+00
0.000000000000000000e+00
0.000000000000000000e+00
0.000000000000000000e+00
0.000000000000000000e+00
1.633534877272263541e-02
1.756788405085079469e-02
1.756788405085079469e-02
1.756788405085079469e-02
1.756788405085079469e-02
2.061940382602348368e-02
1.968282090060336290e-02
1.968282090060336290e-02
1.968282090060336290e-02
1.968282090060336290e-02
1.968282090060336290e-02
1.968282090060336290e-02
1.418074347769263284e-02
1.418074347769263284e-02
1.418074347769263284e-02
1.418074347769263284e-02
1.418074347769263284e-02
1.418074347769263284e-02
1.418074347769263284e-02
1.418074347769263284e-02
1.418074347769263284e-02
1.418074347769263284e-02
1.418074347769263284e-02
1.418074347769263284e-02
1.418074347769263284e-02
1.418074347769263284e-02
1.418074347769263284e-02
1.418074347769263284e-02
1.418074347769263284e-02
1.070757948181188211e-02
1.070757948181188211e-02
1.070757948181188211e-02
1.070757948181188211e-02
1.070757948181188211e-02
1.070757948181188211e-02
1.070757948181188211e-02
1.070757948181188211e-02
1.070757948181188211e-02
1.070757948181188211e-02
1.070757948181188211e-02
1.070757948181188211e-02
1.070757948181188211e-02
1.070757948181188211e-02
1.070757948181188211e-02
1.070757948181188211e-02
1.070757948181188211e-02
1.405134213402727721e-03
1.405134213402727721e-03
1.405134213402727721e-03
1.405134213402727721e-03
1.405134213402727721e-03
1.405134213402727721e-03
1.405134213402727721e-03
1.405134213402727721e-03
1.405134213402727721e-03
1.405134213402727721e-03
1.405134213402727721e-03
1.405134213402727721e-03
1.405134213402727721e-03
1.405134213402727721e-03
1.405134213402727721e-03
1.485465941141664650e-02
0.000000000000000000e+00
0.000000000000000000e+00
0.000000000000000000e+00
0.000000000000000000e+00
0.000000000000000000e+00
0.000000000000000000e+00
0.000000000000000000e+00
0.000000000000000000e+00
1.734966927078479201e-02
1.734966927078479201e-02
1.734966927078479201e-02
1.734966927078479201e-02
1.734966927078479201e-02
1.734966927078479201e-02
1.734966927078479201e-02
1.734966927078479201e-02
1.734966927078479201e-02
1.734966927078479201e-02
1.734966927078479201e-02
0.000000000000000000e+00
1.718152257359433638e-02
1.718152257359433638e-02
1.718152257359433638e-02
1.718152257359433638e-02
1.718152257359433638e-02
1.718152257359433638e-02
1.718152257359433638e-02
1.718152257359433638e-02
5.321005230898878322e-03
5.321005230898878322e-03
5.321005230898878322e-03
5.321005230898878322e-03
5.321005230898878322e-03
5.321005230898878322e-03
5.321005230898878322e-03
5.321005230898878322e-03
5.321005230898878322e-03
5.321005230898878322e-03
5.321005230898878322e-03
5.321005230898878322e-03
5.321005230898878322e-03
5.321005230898878322e-03
5.321005230898878322e-03
5.321005230898878322e-03
5.321005230898878322e-03
0.000000000000000000e+00
0.000000000000000000e+00
0.000000000000000000e+00
0.000000000000000000e+00
0.000000000000000000e+00
0.000000000000000000e+00
0.000000000000000000e+00
0.000000000000000000e+00
0.000000000000000000e+00
0.000000000000000000e+00
0.000000000000000000e+00
0.000000000000000000e+00
0.000000000000000000e+00
2.061940382602348368e-02
2.061940382602348368e-02
2.061940382602348368e-02
2.061940382602348368e-02
2.061940382602348368e-02
2.061940382602348368e-02
1.116182729787270830e-02
2.165802901677589890e-02
2.165802901677589890e-02
1.683438569173872565e-02
5.447152716123100299e-03
5.447152716123100299e-03
0.000000000000000000e+00
0.000000000000000000e+00
0.000000000000000000e+00
0.000000000000000000e+00
0.000000000000000000e+00
0.000000000000000000e+00
0.000000000000000000e+00
0.000000000000000000e+00
0.000000000000000000e+00
0.000000000000000000e+00
0.000000000000000000e+00
0.000000000000000000e+00
0.000000000000000000e+00
2.522178952213264755e-02
1.165874512821762042e-02
1.165874512821762042e-02
1.165874512821762042e-02
1.165874512821762042e-02
1.165874512821762042e-02
1.165874512821762042e-02
1.165874512821762042e-02
1.165874512821762042e-02
1.165874512821762042e-02
1.165874512821762042e-02
1.066987310760813754e-02
1.066987310760813754e-02
1.066987310760813754e-02
1.066987310760813754e-02
1.066987310760813754e-02
1.066987310760813754e-02
1.066987310760813754e-02
1.066987310760813754e-02
1.066987310760813754e-02
1.066987310760813754e-02
1.066987310760813754e-02
1.708843682676505077e-02
0.000000000000000000e+00
0.000000000000000000e+00
0.000000000000000000e+00
0.000000000000000000e+00
0.000000000000000000e+00
0.000000000000000000e+00
0.000000000000000000e+00
0.000000000000000000e+00
0.000000000000000000e+00
1.116182729787270830e-02
1.116182729787270830e-02
1.814420699766442630e-02
1.116182729787270830e-02
1.814420699766442630e-02
1.116182729787270830e-02
1.116182729787270830e-02
1.116182729787270830e-02
1.116182729787270830e-02
1.116182729787270830e-02
0.000000000000000000e+00
0.000000000000000000e+00
0.000000000000000000e+00
0.000000000000000000e+00
0.000000000000000000e+00
0.000000000000000000e+00
0.000000000000000000e+00
0.000000000000000000e+00
0.000000000000000000e+00
0.000000000000000000e+00
0.000000000000000000e+00
0.000000000000000000e+00
0.000000000000000000e+00
9.367748450471124338e-03
9.367748450471124338e-03
9.367748450471124338e-03
9.367748450471124338e-03
9.367748450471124338e-03
9.367748450471124338e-03
9.367748450471124338e-03
9.367748450471124338e-03
9.367748450471124338e-03
9.367748450471124338e-03
9.367748450471124338e-03
9.367748450471124338e-03
9.367748450471124338e-03
9.367748450471124338e-03
9.367748450471124338e-03
9.367748450471124338e-03
9.367748450471124338e-03
9.367748450471124338e-03
9.367748450471124338e-03
9.367748450471124338e-03
9.367748450471124338e-03
1.708843682676505077e-02
1.708843682676505077e-02
1.708843682676505077e-02
1.708843682676505077e-02
1.708843682676505077e-02
1.708843682676505077e-02
1.708843682676505077e-02
1.708843682676505077e-02
1.708843682676505077e-02
1.708843682676505077e-02
1.708843682676505077e-02
1.708843682676505077e-02
1.708843682676505077e-02
1.708843682676505077e-02
1.708843682676505077e-02
1.708843682676505077e-02
1.544622703659400374e-02
0.000000000000000000e+00
0.000000000000000000e+00
1.131104108802277394e-02
1.704935747116039998e-02
1.704935747116039998e-02
1.704935747116039998e-02
1.704935747116039998e-02
1.704935747116039998e-02
1.704935747116039998e-02
1.704935747116039998e-02
1.704935747116039998e-02
2.048960504194847695e-02
9.474892494211741359e-03
9.474892494211741359e-03
9.474892494211741359e-03
9.474892494211741359e-03
1.814420699766442630e-02
1.814420699766442630e-02
1.814420699766442630e-02
1.814420699766442630e-02
1.814420699766442630e-02
1.658054333651876391e-02
8.487606480467837361e-03
8.487606480467837361e-03
8.487606480467837361e-03
8.487606480467837361e-03
8.487606480467837361e-03
8.487606480467837361e-03
1.466129078209357436e-02
2.319304015871832478e-02
2.319304015871832478e-02
2.319304015871832478e-02
2.319304015871832478e-02
2.319304015871832478e-02
2.319304015871832478e-02
2.319304015871832478e-02
2.319304015871832478e-02
1.334293253679239878e-02
1.334293253679239878e-02
1.334293253679239878e-02
1.334293253679239878e-02
1.334293253679239878e-02
1.334293253679239878e-02
1.334293253679239878e-02
1.334293253679239878e-02
1.334293253679239878e-02
1.334293253679239878e-02
1.334293253679239878e-02
1.334293253679239878e-02
1.334293253679239878e-02
1.334293253679239878e-02
1.334293253679239878e-02
1.334293253679239878e-02
1.334293253679239878e-02
1.334293253679239878e-02
1.334293253679239878e-02
1.334293253679239878e-02
1.334293253679239878e-02
1.334293253679239878e-02
1.334293253679239878e-02
1.334293253679239878e-02
1.334293253679239878e-02
1.334293253679239878e-02
1.334293253679239878e-02
5.285460290855891613e-02
2.702131540870927884e-02
2.702131540870927884e-02
2.702131540870927884e-02
2.702131540870927884e-02
2.702131540870927884e-02
2.702131540870927884e-02
2.702131540870927884e-02
2.702131540870927884e-02
2.702131540870927884e-02
2.702131540870927884e-02
2.702131540870927884e-02
2.702131540870927884e-02
2.702131540870927884e-02
2.702131540870927884e-02
3.436867029734206984e-03
3.436867029734206984e-03
3.436867029734206984e-03
3.436867029734206984e-03
3.436867029734206984e-03
3.436867029734206984e-03
3.436867029734206984e-03
3.436867029734206984e-03
3.436867029734206984e-03
3.436867029734206984e-03
3.436867029734206984e-03
2.048960504194847695e-02
2.048960504194847695e-02
2.048960504194847695e-02
2.048960504194847695e-02
2.048960504194847695e-02
2.048960504194847695e-02
2.048960504194847695e-02
2.048960504194847695e-02
3.168370618280496025e-03
2.496487556922230480e-03
2.496487556922230480e-03
2.496487556922230480e-03
2.496487556922230480e-03
2.496487556922230480e-03
2.496487556922230480e-03
2.597946576879591948e-02
1.106477906228938921e-02
1.106477906228938921e-02
1.106477906228938921e-02
1.106477906228938921e-02
1.106477906228938921e-02
1.106477906228938921e-02
1.106477906228938921e-02
1.106477906228938921e-02
1.106477906228938921e-02
1.106477906228938921e-02
2.795879050834089094e-02
1.648013436829751446e-03
1.648013436829751446e-03
1.156103362280042936e-02
1.156103362280042936e-02
1.156103362280042936e-02
1.156103362280042936e-02
1.156103362280042936e-02
1.156103362280042936e-02
1.156103362280042936e-02
1.156103362280042936e-02
1.156103362280042936e-02
1.156103362280042936e-02
1.156103362280042936e-02
2.705223424313058997e-02
8.032530659257814537e-03
8.032530659257814537e-03
8.016905046482223837e-03
8.016905046482223837e-03
8.016905046482223837e-03
8.016905046482223837e-03
8.016905046482223837e-03
8.016905046482223837e-03
8.016905046482223837e-03
8.016905046482223837e-03
8.016905046482223837e-03
8.016905046482223837e-03
8.016905046482223837e-03
2.385729634656479341e-03
2.795879050834089094e-02
2.795879050834089094e-02
2.795879050834089094e-02
1.320084766440732596e-02
0.000000000000000000e+00
0.000000000000000000e+00
0.000000000000000000e+00
4.352290319990895738e-03
2.201492935190342906e-03
2.201492935190342906e-03
2.201492935190342906e-03
2.201492935190342906e-03
2.201492935190342906e-03
2.201492935190342906e-03
2.201492935190342906e-03
2.201492935190342906e-03
0.000000000000000000e+00
0.000000000000000000e+00
0.000000000000000000e+00
0.000000000000000000e+00
0.000000000000000000e+00
8.625793092399176507e-03
2.220222164886667682e-02
2.220222164886667682e-02
2.220222164886667682e-02
2.220222164886667682e-02
2.220222164886667682e-02
2.220222164886667682e-02
2.220222164886667682e-02
2.220222164886667682e-02
8.612013157919354636e-03
8.612013157919354636e-03
8.612013157919354636e-03
8.612013157919354636e-03
8.612013157919354636e-03
8.612013157919354636e-03
8.612013157919354636e-03
8.612013157919354636e-03
8.612013157919354636e-03
8.612013157919354636e-03
8.612013157919354636e-03
3.168370618280496025e-03
1.703550085962417596e-03
1.703550085962417596e-03
1.703550085962417596e-03
1.703550085962417596e-03
1.703550085962417596e-03
1.703550085962417596e-03
1.703550085962417596e-03
1.703550085962417596e-03
1.703550085962417596e-03
1.703550085962417596e-03
1.703550085962417596e-03
1.703550085962417596e-03
0.000000000000000000e+00
0.000000000000000000e+00
0.000000000000000000e+00
0.000000000000000000e+00
0.000000000000000000e+00
0.000000000000000000e+00
0.000000000000000000e+00
0.000000000000000000e+00
0.000000000000000000e+00
0.000000000000000000e+00
0.000000000000000000e+00
5.800732853337083571e-03
2.019815905349084742e-02
2.019815905349084742e-02
2.019815905349084742e-02
2.019815905349084742e-02
0.000000000000000000e+00
0.000000000000000000e+00
0.000000000000000000e+00
7.075745646474711908e-03
1.853073200108152708e-03
1.853073200108152708e-03
1.853073200108152708e-03
1.853073200108152708e-03
1.853073200108152708e-03
1.853073200108152708e-03
1.853073200108152708e-03
1.853073200108152708e-03
7.776718613577192352e-02
2.658705614886022403e-02
2.658705614886022403e-02
2.658705614886022403e-02
2.658705614886022403e-02
2.658705614886022403e-02
2.658705614886022403e-02
0.000000000000000000e+00
4.926388710370792866e-03
4.926388710370792866e-03
4.926388710370792866e-03
4.926388710370792866e-03
1.148130402427995078e-02
8.970691481832503839e-03
8.970691481832503839e-03
9.924554958611660899e-03
8.748732603161774382e-03
8.748732603161774382e-03
8.748732603161774382e-03
8.748732603161774382e-03
8.748732603161774382e-03
8.748732603161774382e-03
8.748732603161774382e-03
8.748732603161774382e-03
8.721609685350581800e-03
1.505677837600407189e-03
1.505677837600407189e-03
1.505677837600407189e-03
1.505677837600407189e-03
2.385729634656479341e-03
2.385729634656479341e-03
2.385729634656479341e-03
2.385729634656479341e-03
3.102052812826925667e-03
1.413366035978298046e-02
1.413366035978298046e-02
1.413366035978298046e-02
1.413366035978298046e-02
7.082675290946398999e-03
9.586072910760688390e-03
9.586072910760688390e-03
9.586072910760688390e-03
9.586072910760688390e-03
9.586072910760688390e-03
9.586072910760688390e-03
9.586072910760688390e-03
9.586072910760688390e-03
9.586072910760688390e-03
9.586072910760688390e-03
9.586072910760688390e-03
9.586072910760688390e-03
9.586072910760688390e-03
9.586072910760688390e-03
9.586072910760688390e-03
9.586072910760688390e-03
9.586072910760688390e-03
9.586072910760688390e-03
9.586072910760688390e-03
9.586072910760688390e-03
9.586072910760688390e-03
9.586072910760688390e-03
9.586072910760688390e-03
9.586072910760688390e-03
9.586072910760688390e-03
9.586072910760688390e-03
2.259537005367603241e-02
2.259537005367603241e-02
2.259537005367603241e-02
2.259537005367603241e-02
2.259537005367603241e-02
2.259537005367603241e-02
2.259537005367603241e-02
2.259537005367603241e-02
2.259537005367603241e-02
2.259537005367603241e-02
2.259537005367603241e-02
2.259537005367603241e-02
2.259537005367603241e-02
2.259537005367603241e-02
2.259537005367603241e-02
1.148130402427995078e-02
1.148130402427995078e-02
1.148130402427995078e-02
1.148130402427995078e-02
1.148130402427995078e-02
1.148130402427995078e-02
1.148130402427995078e-02
1.148130402427995078e-02
1.148130402427995078e-02
1.148130402427995078e-02
9.924554958611660899e-03
9.924554958611660899e-03
9.924554958611660899e-03
9.924554958611660899e-03
8.156041382895756059e-03
0.000000000000000000e+00
0.000000000000000000e+00
3.102052812826925667e-03
3.102052812826925667e-03
3.102052812826925667e-03
3.102052812826925667e-03
3.102052812826925667e-03
3.102052812826925667e-03
2.039971948063794630e-02
2.039971948063794630e-02
2.039971948063794630e-02
2.039971948063794630e-02
2.039971948063794630e-02
2.039971948063794630e-02
2.039971948063794630e-02
2.039971948063794630e-02
2.039971948063794630e-02
2.039971948063794630e-02
2.039971948063794630e-02
2.922927671137202921e-02
1.661151399014615740e-02
1.661151399014615740e-02
1.661151399014615740e-02
1.661151399014615740e-02
1.661151399014615740e-02
1.661151399014615740e-02
4.136550950724786346e-03
4.136550950724786346e-03
4.136550950724786346e-03
4.136550950724786346e-03
4.136550950724786346e-03
4.136550950724786346e-03
4.136550950724786346e-03
4.136550950724786346e-03
4.136550950724786346e-03
4.136550950724786346e-03
4.136550950724786346e-03
8.156041382895756059e-03
8.156041382895756059e-03
8.156041382895756059e-03
8.156041382895756059e-03
8.156041382895756059e-03
8.156041382895756059e-03
8.156041382895756059e-03
8.156041382895756059e-03
4.218231782248985443e-03
1.455742987361368507e-02
1.455742987361368507e-02
2.719813595881816724e-03
2.719813595881816724e-03
2.719813595881816724e-03
2.719813595881816724e-03
2.719813595881816724e-03
2.719813595881816724e-03
2.719813595881816724e-03
2.719813595881816724e-03
2.719813595881816724e-03
2.719813595881816724e-03
2.719813595881816724e-03
2.719813595881816724e-03
2.719813595881816724e-03
2.719813595881816724e-03
2.719813595881816724e-03
2.719813595881816724e-03
2.719813595881816724e-03
2.719813595881816724e-03
2.719813595881816724e-03
2.719813595881816724e-03
2.719813595881816724e-03
2.719813595881816724e-03
2.719813595881816724e-03
2.719813595881816724e-03
2.719813595881816724e-03
2.719813595881816724e-03
2.719813595881816724e-03
2.719813595881816724e-03
2.719813595881816724e-03
4.545083565812988585e-03
0.000000000000000000e+00
0.000000000000000000e+00
0.000000000000000000e+00
9.720963790407374100e-03
9.720963790407374100e-03
2.866677187988278183e-02
2.922927671137202921e-02
2.922927671137202921e-02
2.922927671137202921e-02
2.586129870745763198e-02
6.635808669806174051e-03
6.635808669806174051e-03
2.541745385558892220e-02
2.541745385558892220e-02
2.541745385558892220e-02
2.541745385558892220e-02
2.541745385558892220e-02
2.541745385558892220e-02
2.541745385558892220e-02
2.541745385558892220e-02
2.541745385558892220e-02
2.541745385558892220e-02
2.541745385558892220e-02
2.541745385558892220e-02
2.541745385558892220e-02
4.218231782248985443e-03
4.218231782248985443e-03
4.218231782248985443e-03
4.218231782248985443e-03
4.218231782248985443e-03
4.218231782248985443e-03
4.218231782248985443e-03
4.218231782248985443e-03
4.218231782248985443e-03
4.218231782248985443e-03
4.218231782248985443e-03
4.218231782248985443e-03
4.218231782248985443e-03
4.218231782248985443e-03
4.218231782248985443e-03
4.218231782248985443e-03
4.218231782248985443e-03
4.218231782248985443e-03
4.218231782248985443e-03
4.218231782248985443e-03
4.218231782248985443e-03
4.218231782248985443e-03
4.218231782248985443e-03
4.218231782248985443e-03
4.218231782248985443e-03
4.218231782248985443e-03
4.472609779069719460e-02
4.483928081491006523e-02
4.483928081491006523e-02
2.107201971182639036e-02
7.493209085956196829e-04
7.493209085956196829e-04
7.493209085956196829e-04
7.493209085956196829e-04
7.493209085956196829e-04
7.493209085956196829e-04
0.000000000000000000e+00
0.000000000000000000e+00
0.000000000000000000e+00
0.000000000000000000e+00
0.000000000000000000e+00
0.000000000000000000e+00
0.000000000000000000e+00
0.000000000000000000e+00
0.000000000000000000e+00
0.000000000000000000e+00
0.000000000000000000e+00
0.000000000000000000e+00
1.502035735331039464e-02
1.004970752949213390e-02
1.004970752949213390e-02
1.004970752949213390e-02
1.004970752949213390e-02
1.004970752949213390e-02
1.004970752949213390e-02
1.004970752949213390e-02
1.004970752949213390e-02
2.866677187988278183e-02
2.866677187988278183e-02
2.866677187988278183e-02
2.866677187988278183e-02
2.169333401484451005e-03
2.169333401484451005e-03
2.169333401484451005e-03
2.169333401484451005e-03
2.169333401484451005e-03
2.169333401484451005e-03
2.169333401484451005e-03
2.169333401484451005e-03
2.169333401484451005e-03
2.169333401484451005e-03
2.169333401484451005e-03
2.169333401484451005e-03
2.169333401484451005e-03
2.169333401484451005e-03
2.169333401484451005e-03
2.169333401484451005e-03
2.169333401484451005e-03
2.169333401484451005e-03
2.169333401484451005e-03
2.169333401484451005e-03
2.169333401484451005e-03
2.169333401484451005e-03
2.169333401484451005e-03
2.169333401484451005e-03
2.169333401484451005e-03
2.169333401484451005e-03
2.169333401484451005e-03
5.365228510942262122e-03
1.562574230371772260e-02
1.562574230371772260e-02
1.562574230371772260e-02
1.562574230371772260e-02
1.562574230371772260e-02
1.562574230371772260e-02
1.200712477992200641e-02
1.200712477992200641e-02
1.200712477992200641e-02
1.200712477992200641e-02
1.200712477992200641e-02
1.933141901815947639e-02
1.200712477992200641e-02
8.446879027735778103e-03
3.802458179165218131e-03
3.802458179165218131e-03
3.802458179165218131e-03
3.802458179165218131e-03
3.802458179165218131e-03
3.802458179165218131e-03
7.910461491004229170e-03
8.721609685350581800e-03
8.721609685350581800e-03
8.721609685350581800e-03
8.721609685350581800e-03
8.721609685350581800e-03
8.721609685350581800e-03
8.721609685350581800e-03
8.721609685350581800e-03
8.721609685350581800e-03
3.509869736583737785e-04
1.676909831660327796e-02
1.676909831660327796e-02
1.676909831660327796e-02
1.676909831660327796e-02
3.609756891336485078e-03
5.365228510942262122e-03
5.365228510942262122e-03
5.365228510942262122e-03
4.671651429212784860e-03
4.671651429212784860e-03
4.671651429212784860e-03
4.671651429212784860e-03
4.671651429212784860e-03
4.671651429212784860e-03
4.671651429212784860e-03
4.671651429212784860e-03
4.671651429212784860e-03
4.671651429212784860e-03
4.671651429212784860e-03
4.671651429212784860e-03
4.671651429212784860e-03
4.671651429212784860e-03
4.671651429212784860e-03
4.671651429212784860e-03
4.671651429212784860e-03
1.114070663787723736e-02
9.887802092816012911e-03
9.887802092816012911e-03
9.887802092816012911e-03
9.887802092816012911e-03
9.887802092816012911e-03
9.887802092816012911e-03
9.887802092816012911e-03
9.887802092816012911e-03
9.887802092816012911e-03
9.887802092816012911e-03
9.887802092816012911e-03
9.887802092816012911e-03
9.887802092816012911e-03
9.887802092816012911e-03
1.933141901815947639e-02
1.933141901815947639e-02
1.933141901815947639e-02
1.933141901815947639e-02
1.839150548248459638e-02
1.340447505566889561e-02
1.340447505566889561e-02
1.340447505566889561e-02
1.340447505566889561e-02
9.512325749327392096e-03
4.153400086007064118e-03
4.153400086007064118e-03
4.153400086007064118e-03
4.153400086007064118e-03
4.153400086007064118e-03
4.153400086007064118e-03
1.793224930513000887e-02
5.595923357587817906e-03
5.595923357587817906e-03
5.595923357587817906e-03
5.595923357587817906e-03
0.000000000000000000e+00
5.595923357587817906e-03
5.595923357587817906e-03
5.595923357587817906e-03
5.595923357587817906e-03
5.595923357587817906e-03
5.595923357587817906e-03
5.595923357587817906e-03
2.037623071488209141e-03
6.787749418717489540e-03
6.787749418717489540e-03
6.787749418717489540e-03
6.787749418717489540e-03
6.787749418717489540e-03
6.787749418717489540e-03
1.613176900217459103e-02
1.096125490144196982e-02
1.096125490144196982e-02
1.096125490144196982e-02
1.096125490144196982e-02
1.096125490144196982e-02
1.096125490144196982e-02
1.096125490144196982e-02
1.096125490144196982e-02
1.096125490144196982e-02
1.096125490144196982e-02
1.096125490144196982e-02
1.096125490144196982e-02
1.096125490144196982e-02
1.096125490144196982e-02
1.096125490144196982e-02
1.096125490144196982e-02
2.607269906757585243e-02
2.160901662216742347e-02
2.160901662216742347e-02
4.545083565812988585e-03
4.545083565812988585e-03
4.545083565812988585e-03
4.545083565812988585e-03
4.545083565812988585e-03
4.545083565812988585e-03
4.545083565812988585e-03
4.545083565812988585e-03
4.545083565812988585e-03
4.545083565812988585e-03
3.609756891336485078e-03
3.609756891336485078e-03
1.171924170258787073e-03
0.000000000000000000e+00
0.000000000000000000e+00
0.000000000000000000e+00
0.000000000000000000e+00
1.906514387407501343e-02
3.055546084966097656e-02
3.055546084966097656e-02
3.055546084966097656e-02
3.055546084966097656e-02
3.055546084966097656e-02
3.055546084966097656e-02
0.000000000000000000e+00
0.000000000000000000e+00
0.000000000000000000e+00
0.000000000000000000e+00
0.000000000000000000e+00
0.000000000000000000e+00
0.000000000000000000e+00
0.000000000000000000e+00
0.000000000000000000e+00
0.000000000000000000e+00
0.000000000000000000e+00
0.000000000000000000e+00
0.000000000000000000e+00
2.037623071488209141e-03
2.037623071488209141e-03
2.037623071488209141e-03
2.037623071488209141e-03
6.159647164342509952e-03
2.326013160774399041e-03
2.326013160774399041e-03
3.992315981945864650e-03
1.587949312104821459e-02
1.587949312104821459e-02
1.578738278244050386e-02
1.578738278244050386e-02
1.578738278244050386e-02
1.578738278244050386e-02
1.578738278244050386e-02
1.578738278244050386e-02
1.578738278244050386e-02
1.578738278244050386e-02
1.578738278244050386e-02
1.578738278244050386e-02
1.578738278244050386e-02
2.274172761229542247e-02
1.069631058998575003e-02
1.069631058998575003e-02
1.069631058998575003e-02
1.069631058998575003e-02
1.069631058998575003e-02
1.069631058998575003e-02
4.501265552665692678e-03
8.705179285880741344e-03
8.705179285880741344e-03
1.906514387407501343e-02
1.906514387407501343e-02
1.906514387407501343e-02
1.906514387407501343e-02
1.906514387407501343e-02
1.906514387407501343e-02
1.906514387407501343e-02
1.906514387407501343e-02
1.906514387407501343e-02
1.906514387407501343e-02
1.839150548248459638e-02
1.150921671357444526e-02
1.150921671357444526e-02
1.150921671357444526e-02
1.150921671357444526e-02
1.150921671357444526e-02
1.150921671357444526e-02
1.150921671357444526e-02
1.150921671357444526e-02
1.150921671357444526e-02
1.150921671357444526e-02
1.150921671357444526e-02
1.150921671357444526e-02
1.150921671357444526e-02
1.150921671357444526e-02
1.150921671357444526e-02
1.150921671357444526e-02
0.000000000000000000e+00
1.713195181482932497e-02
8.615595751300096986e-03
8.615595751300096986e-03
8.615595751300096986e-03
8.615595751300096986e-03
0.000000000000000000e+00
5.845830895136135998e-03
5.845830895136135998e-03
5.845830895136135998e-03
5.845830895136135998e-03
5.845830895136135998e-03
5.845830895136135998e-03
5.845830895136135998e-03
5.845830895136135998e-03
6.159647164342509952e-03
6.159647164342509952e-03
6.159647164342509952e-03
6.159647164342509952e-03
6.159647164342509952e-03
6.159647164342509952e-03
6.159647164342509952e-03
6.159647164342509952e-03
6.159647164342509952e-03
6.159647164342509952e-03
6.159647164342509952e-03
6.159647164342509952e-03
0.000000000000000000e+00
1.592513134978678149e-02
1.592513134978678149e-02
2.103588520997150962e-02
7.046432249913521344e-03
7.046432249913521344e-03
3.992315981945864650e-03
1.079701020265740920e-02
1.079701020265740920e-02
1.079701020265740920e-02
1.079701020265740920e-02
1.079701020265740920e-02
1.079701020265740920e-02
2.274172761229542247e-02
2.274172761229542247e-02
2.274172761229542247e-02
2.274172761229542247e-02
4.248200708094525442e-03
0.000000000000000000e+00
0.000000000000000000e+00
4.501265552665692678e-03
4.501265552665692678e-03
4.501265552665692678e-03
4.501265552665692678e-03
4.501265552665692678e-03
4.501265552665692678e-03
4.501265552665692678e-03
4.501265552665692678e-03
1.782973745547830266e-02
1.782973745547830266e-02
1.782973745547830266e-02
1.782973745547830266e-02
1.782973745547830266e-02
1.782973745547830266e-02
1.782973745547830266e-02
1.782973745547830266e-02
1.782973745547830266e-02
1.782973745547830266e-02
1.782973745547830266e-02
1.782973745547830266e-02
1.782973745547830266e-02
5.788784528483784456e-03
5.788784528483784456e-03
5.788784528483784456e-03
5.788784528483784456e-03
5.788784528483784456e-03
5.788784528483784456e-03
5.788784528483784456e-03
5.788784528483784456e-03
5.788784528483784456e-03
5.788784528483784456e-03
5.788784528483784456e-03
5.788784528483784456e-03
5.788784528483784456e-03
0.000000000000000000e+00
0.000000000000000000e+00
0.000000000000000000e+00
0.000000000000000000e+00
0.000000000000000000e+00
0.000000000000000000e+00
0.000000000000000000e+00
0.000000000000000000e+00
0.000000000000000000e+00
2.522178952213264755e-02
2.522178952213264755e-02
2.522178952213264755e-02
2.522178952213264755e-02
2.269848941175109380e-02
0.000000000000000000e+00
0.000000000000000000e+00
0.000000000000000000e+00
0.000000000000000000e+00
1.727891326476225023e-02
1.698641958300077179e-02
1.698641958300077179e-02
4.248200708094525442e-03
4.248200708094525442e-03
4.248200708094525442e-03
4.248200708094525442e-03
4.248200708094525442e-03
4.248200708094525442e-03
4.248200708094525442e-03
4.248200708094525442e-03
1.477656583364685312e-02
1.477656583364685312e-02
1.477656583364685312e-02
1.477656583364685312e-02
1.477656583364685312e-02
1.477656583364685312e-02
1.477656583364685312e-02
1.477656583364685312e-02
1.477656583364685312e-02
1.477656583364685312e-02
1.477656583364685312e-02
1.477656583364685312e-02
1.477656583364685312e-02
1.477656583364685312e-02
1.477656583364685312e-02
1.477656583364685312e-02
1.477656583364685312e-02
1.477656583364685312e-02
1.477656583364685312e-02
1.202780283622790006e-02
6.914088594346150078e-03
6.914088594346150078e-03
6.914088594346150078e-03
6.914088594346150078e-03
6.914088594346150078e-03
6.914088594346150078e-03
6.914088594346150078e-03
6.914088594346150078e-03
1.146143264533397779e-02
1.146143264533397779e-02
1.146143264533397779e-02
1.146143264533397779e-02
1.146143264533397779e-02
1.146143264533397779e-02
1.146143264533397779e-02
1.146143264533397779e-02
1.146143264533397779e-02
1.146143264533397779e-02
1.146143264533397779e-02
2.454150866299164777e-03
2.454150866299164777e-03
2.454150866299164777e-03
2.454150866299164777e-03
2.454150866299164777e-03
2.454150866299164777e-03
2.454150866299164777e-03
2.454150866299164777e-03
2.454150866299164777e-03
2.454150866299164777e-03
2.454150866299164777e-03
1.033064566574529511e-02
1.727891326476225023e-02
1.033064566574529511e-02
1.033064566574529511e-02
1.033064566574529511e-02
1.033064566574529511e-02
1.033064566574529511e-02
1.255070442762624972e-02
1.255070442762624972e-02
1.255070442762624972e-02
1.255070442762624972e-02
1.255070442762624972e-02
1.255070442762624972e-02
1.255070442762624972e-02
1.255070442762624972e-02
1.255070442762624972e-02
1.255070442762624972e-02
1.255070442762624972e-02
1.255070442762624972e-02
1.255070442762624972e-02
6.022960537624500420e-03
6.022960537624500420e-03
6.022960537624500420e-03
6.022960537624500420e-03
6.022960537624500420e-03
6.022960537624500420e-03
6.022960537624500420e-03
0.000000000000000000e+00
6.022960537624500420e-03
2.262450518137983525e-03
2.262450518137983525e-03
2.262450518137983525e-03
2.262450518137983525e-03
2.262450518137983525e-03
2.262450518137983525e-03
2.262450518137983525e-03
2.262450518137983525e-03
2.262450518137983525e-03
2.262450518137983525e-03
2.262450518137983525e-03
2.262450518137983525e-03
2.262450518137983525e-03
2.262450518137983525e-03
2.262450518137983525e-03
1.278623832596884925e-02
1.278623832596884925e-02
1.278623832596884925e-02
1.278623832596884925e-02
1.278623832596884925e-02
1.278623832596884925e-02
1.278623832596884925e-02
1.278623832596884925e-02
1.278623832596884925e-02
1.278623832596884925e-02
1.278623832596884925e-02
1.278623832596884925e-02
1.278623832596884925e-02
2.037931316426259271e-02
9.134974977846081691e-05
9.134974977846081691e-05
9.134974977846081691e-05
9.134974977846081691e-05
9.134974977846081691e-05
9.134974977846081691e-05
9.134974977846081691e-05
9.134974977846081691e-05
9.134974977846081691e-05
9.134974977846081691e-05
3.597500548915223174e-03
3.597500548915223174e-03
3.597500548915223174e-03
3.597500548915223174e-03
3.597500548915223174e-03
3.597500548915223174e-03
3.597500548915223174e-03
3.597500548915223174e-03
3.597500548915223174e-03
3.597500548915223174e-03
3.597500548915223174e-03
3.597500548915223174e-03
3.597500548915223174e-03
3.597500548915223174e-03
3.597500548915223174e-03
3.597500548915223174e-03
3.597500548915223174e-03
3.597500548915223174e-03
3.597500548915223174e-03
3.597500548915223174e-03
3.597500548915223174e-03
8.363172561470929092e-03
8.363172561470929092e-03
8.363172561470929092e-03
8.363172561470929092e-03
8.363172561470929092e-03
8.363172561470929092e-03
8.363172561470929092e-03
8.363172561470929092e-03
8.363172561470929092e-03
8.363172561470929092e-03
8.363172561470929092e-03
1.088439374061964809e-02
1.205102334040485806e-02
1.205102334040485806e-02
3.409572673084947624e-03
1.230615560147317426e-02
1.230615560147317426e-02
1.731891716263898396e-03
1.164827636022465127e-02
1.164827636022465127e-02
3.247682205373828620e-03
3.247682205373828620e-03
3.247682205373828620e-03
3.247682205373828620e-03
3.247682205373828620e-03
3.247682205373828620e-03
3.247682205373828620e-03
3.247682205373828620e-03
3.247682205373828620e-03
3.247682205373828620e-03
3.247682205373828620e-03
2.048880741972661235e-02
4.201640596659138305e-03
4.201640596659138305e-03
4.201640596659138305e-03
4.201640596659138305e-03
3.409572673084947624e-03
3.409572673084947624e-03
3.409572673084947624e-03
3.409572673084947624e-03
3.409572673084947624e-03
3.409572673084947624e-03
3.409572673084947624e-03
3.409572673084947624e-03
1.594032874054847337e-02
3.608322420678766740e-03
3.608322420678766740e-03
3.608322420678766740e-03
3.608322420678766740e-03
3.608322420678766740e-03
3.608322420678766740e-03
1.151949501101230677e-02
1.151949501101230677e-02
1.151949501101230677e-02
1.151949501101230677e-02
1.151949501101230677e-02
1.151949501101230677e-02
1.151949501101230677e-02
1.151949501101230677e-02
1.151949501101230677e-02
1.151949501101230677e-02
1.151949501101230677e-02
1.151949501101230677e-02
1.151949501101230677e-02
1.151949501101230677e-02
1.151949501101230677e-02
1.151949501101230677e-02
1.151949501101230677e-02
1.151949501101230677e-02
1.151949501101230677e-02
1.151949501101230677e-02
1.151949501101230677e-02
1.168706510625407884e-03
1.972996832581480186e-03
1.972996832581480186e-03
1.972996832581480186e-03
1.972996832581480186e-03
0.000000000000000000e+00
1.731891716263898396e-03
1.731891716263898396e-03
1.731891716263898396e-03
0.000000000000000000e+00
1.806334830851898457e-02
1.806334830851898457e-02
1.806334830851898457e-02
1.806334830851898457e-02
1.806334830851898457e-02
1.806334830851898457e-02
1.806334830851898457e-02
1.806334830851898457e-02
1.806334830851898457e-02
1.806334830851898457e-02
1.354936126589158935e-02
5.688426337399217839e-03
5.688426337399217839e-03
5.688426337399217839e-03
5.688426337399217839e-03
5.688426337399217839e-03
5.688426337399217839e-03
5.688426337399217839e-03
5.688426337399217839e-03
5.688426337399217839e-03
5.688426337399217839e-03
8.753027295542429101e-03
1.869877033615256019e-03
1.869877033615256019e-03
1.869877033615256019e-03
1.869877033615256019e-03
2.048880741972661235e-02
1.795851565366675742e-02
1.795851565366675742e-02
0.000000000000000000e+00
1.168706510625407884e-03
1.168706510625407884e-03
1.168706510625407884e-03
0.000000000000000000e+00
0.000000000000000000e+00
0.000000000000000000e+00
0.000000000000000000e+00
0.000000000000000000e+00
0.000000000000000000e+00
0.000000000000000000e+00
0.000000000000000000e+00
0.000000000000000000e+00
0.000000000000000000e+00
0.000000000000000000e+00
0.000000000000000000e+00
0.000000000000000000e+00
0.000000000000000000e+00
1.829421202493402426e-02
1.829421202493402426e-02
1.829421202493402426e-02
1.829421202493402426e-02
1.829421202493402426e-02
1.829421202493402426e-02
1.829421202493402426e-02
1.829421202493402426e-02
1.829421202493402426e-02
1.829421202493402426e-02
1.829421202493402426e-02
1.829421202493402426e-02
1.829421202493402426e-02
8.753027295542429101e-03
8.753027295542429101e-03
8.753027295542429101e-03
8.753027295542429101e-03
8.753027295542429101e-03
8.753027295542429101e-03
2.607269906757585243e-02
3.901891627428059200e-02
3.901891627428059200e-02
3.901891627428059200e-02
3.901891627428059200e-02
1.088439374061964809e-02
0.000000000000000000e+00
0.000000000000000000e+00
0.000000000000000000e+00
0.000000000000000000e+00
0.000000000000000000e+00
0.000000000000000000e+00
0.000000000000000000e+00
0.000000000000000000e+00
0.000000000000000000e+00
0.000000000000000000e+00
0.000000000000000000e+00
0.000000000000000000e+00
0.000000000000000000e+00
0.000000000000000000e+00
5.241184453939336935e-03
5.241184453939336935e-03
5.241184453939336935e-03
5.241184453939336935e-03
5.241184453939336935e-03
5.241184453939336935e-03
5.241184453939336935e-03
5.241184453939336935e-03
5.241184453939336935e-03
5.241184453939336935e-03
5.241184453939336935e-03
5.241184453939336935e-03
5.241184453939336935e-03
5.241184453939336935e-03
5.241184453939336935e-03
5.241184453939336935e-03
5.241184453939336935e-03
5.241184453939336935e-03
5.241184453939336935e-03
9.780045644542661662e-03
0.000000000000000000e+00
0.000000000000000000e+00
0.000000000000000000e+00
0.000000000000000000e+00
0.000000000000000000e+00
0.000000000000000000e+00
0.000000000000000000e+00
0.000000000000000000e+00
0.000000000000000000e+00
0.000000000000000000e+00
6.806637332850778120e-03
6.806637332850778120e-03
6.806637332850778120e-03
6.806637332850778120e-03
6.806637332850778120e-03
6.806637332850778120e-03
6.806637332850778120e-03
6.806637332850778120e-03
6.806637332850778120e-03
7.758234184925569786e-03
6.806637332850778120e-03
1.522562825985801331e-03
9.415858358711984635e-03
9.415858358711984635e-03
0.000000000000000000e+00
0.000000000000000000e+00
0.000000000000000000e+00
0.000000000000000000e+00
0.000000000000000000e+00
0.000000000000000000e+00
0.000000000000000000e+00
0.000000000000000000e+00
0.000000000000000000e+00
0.000000000000000000e+00
0.000000000000000000e+00
0.000000000000000000e+00
0.000000000000000000e+00
0.000000000000000000e+00
0.000000000000000000e+00
3.368745104236134727e-03
3.368745104236134727e-03
3.368745104236134727e-03
3.368745104236134727e-03
3.368745104236134727e-03
3.368745104236134727e-03
3.368745104236134727e-03
3.368745104236134727e-03
3.368745104236134727e-03
3.368745104236134727e-03
3.368745104236134727e-03
3.368745104236134727e-03
3.368745104236134727e-03
3.368745104236134727e-03
3.368745104236134727e-03
3.368745104236134727e-03
3.368745104236134727e-03
1.520017422036940360e-02
2.551365471581477570e-02
2.551365471581477570e-02
9.793879278471124758e-03
1.163658692535133980e-02
1.163658692535133980e-02
1.163658692535133980e-02
1.163658692535133980e-02
1.163658692535133980e-02
1.163658692535133980e-02
1.163658692535133980e-02
1.163658692535133980e-02
1.163658692535133980e-02
1.163658692535133980e-02
1.522562825985801331e-03
1.522562825985801331e-03
1.522562825985801331e-03
1.522562825985801331e-03
1.522562825985801331e-03
1.522562825985801331e-03
1.522562825985801331e-03
1.522562825985801331e-03
9.879165144813973828e-03
9.879165144813973828e-03
9.879165144813973828e-03
9.879165144813973828e-03
9.879165144813973828e-03
9.879165144813973828e-03
9.879165144813973828e-03
9.879165144813973828e-03
9.879165144813973828e-03
9.879165144813973828e-03
9.879165144813973828e-03
9.879165144813973828e-03
9.879165144813973828e-03
9.879165144813973828e-03
9.879165144813973828e-03
0.000000000000000000e+00
0.000000000000000000e+00
0.000000000000000000e+00
0.000000000000000000e+00
1.291189085155831917e-02
0.000000000000000000e+00
0.000000000000000000e+00
7.484861684295377078e-03
7.484861684295377078e-03
7.484861684295377078e-03
7.484861684295377078e-03
7.484861684295377078e-03
7.484861684295377078e-03
7.484861684295377078e-03
7.484861684295377078e-03
7.484861684295377078e-03
7.484861684295377078e-03
7.484861684295377078e-03
7.484861684295377078e-03
7.484861684295377078e-03
7.484861684295377078e-03
7.484861684295377078e-03
7.484861684295377078e-03
7.484861684295377078e-03
7.484861684295377078e-03
7.484861684295377078e-03
7.484861684295377078e-03
7.484861684295377078e-03
7.484861684295377078e-03
7.484861684295377078e-03
7.484861684295377078e-03
7.484861684295377078e-03
1.520017422036940360e-02
1.520017422036940360e-02
1.520017422036940360e-02
1.520017422036940360e-02
1.520017422036940360e-02
1.520017422036940360e-02
1.520017422036940360e-02
1.520017422036940360e-02
1.520017422036940360e-02
1.520017422036940360e-02
1.520017422036940360e-02
1.520017422036940360e-02
1.520017422036940360e-02
1.520017422036940360e-02
1.520017422036940360e-02
1.520017422036940360e-02
1.520017422036940360e-02
1.520017422036940360e-02
1.520017422036940360e-02
1.520017422036940360e-02
1.520017422036940360e-02
1.520017422036940360e-02
1.520017422036940360e-02
1.520017422036940360e-02
1.520017422036940360e-02
1.520017422036940360e-02
1.520017422036940360e-02
1.520017422036940360e-02
1.520017422036940360e-02
1.520017422036940360e-02
1.520017422036940360e-02
1.520017422036940360e-02
1.520017422036940360e-02
1.520017422036940360e-02
1.520017422036940360e-02
1.520017422036940360e-02
1.520017422036940360e-02
1.520017422036940360e-02
1.520017422036940360e-02
1.520017422036940360e-02
1.520017422036940360e-02
1.520017422036940360e-02
1.520017422036940360e-02
1.520017422036940360e-02
1.520017422036940360e-02
1.520017422036940360e-02
1.520017422036940360e-02
1.520017422036940360e-02
1.520017422036940360e-02
1.520017422036940360e-02
1.520017422036940360e-02
1.520017422036940360e-02
1.154550488892621546e-03
2.936977521942099947e-02
2.936977521942099947e-02
9.793879278471124758e-03
9.793879278471124758e-03
9.793879278471124758e-03
9.793879278471124758e-03
9.793879278471124758e-03
9.793879278471124758e-03
9.793879278471124758e-03
9.793879278471124758e-03
9.793879278471124758e-03
9.793879278471124758e-03
9.793879278471124758e-03
9.793879278471124758e-03
9.793879278471124758e-03
9.793879278471124758e-03
9.793879278471124758e-03
9.793879278471124758e-03
9.793879278471124758e-03
9.793879278471124758e-03
9.793879278471124758e-03
9.793879278471124758e-03
9.793879278471124758e-03
9.793879278471124758e-03
1.410920855528110564e-02
1.087948152245670104e-02
1.087948152245670104e-02
1.087948152245670104e-02
1.087948152245670104e-02
3.696336215222592071e-03
1.023865858044454820e-03
1.023865858044454820e-03
1.023865858044454820e-03
1.023865858044454820e-03
1.023865858044454820e-03
1.023865858044454820e-03
1.023865858044454820e-03
1.023865858044454820e-03
0.000000000000000000e+00
0.000000000000000000e+00
0.000000000000000000e+00
0.000000000000000000e+00
0.000000000000000000e+00
0.000000000000000000e+00
0.000000000000000000e+00
0.000000000000000000e+00
0.000000000000000000e+00
0.000000000000000000e+00
0.000000000000000000e+00
3.486715567615213812e-02
1.154550488892621546e-03
1.154550488892621546e-03
1.154550488892621546e-03
1.154550488892621546e-03
1.154550488892621546e-03
1.395404785525999024e-02
1.395404785525999024e-02
1.395404785525999024e-02
1.395404785525999024e-02
1.395404785525999024e-02
1.395404785525999024e-02
1.395404785525999024e-02
1.395404785525999024e-02
1.395404785525999024e-02
1.395404785525999024e-02
1.395404785525999024e-02
1.395404785525999024e-02
1.395404785525999024e-02
1.395404785525999024e-02
1.395404785525999024e-02
1.395404785525999024e-02
1.395404785525999024e-02
1.395404785525999024e-02
1.395404785525999024e-02
1.015372314597856075e-02
1.246672210538429457e-02
1.246672210538429457e-02
1.410920855528110564e-02
1.410920855528110564e-02
1.410920855528110564e-02
1.410920855528110564e-02
1.410920855528110564e-02
1.410920855528110564e-02
1.410920855528110564e-02
1.410920855528110564e-02
1.410920855528110564e-02
1.410920855528110564e-02
1.291189085155831917e-02
2.027922034671972296e-02
2.027922034671972296e-02
2.027922034671972296e-02
2.027922034671972296e-02
2.027922034671972296e-02
2.027922034671972296e-02
2.027922034671972296e-02
2.027922034671972296e-02
2.027922034671972296e-02
2.027922034671972296e-02
1.463433129291422975e-02
1.819131608460582486e-02
1.819131608460582486e-02
1.819131608460582486e-02
1.819131608460582486e-02
1.819131608460582486e-02
1.819131608460582486e-02
1.819131608460582486e-02
1.819131608460582486e-02
1.819131608460582486e-02
1.819131608460582486e-02
1.819131608460582486e-02
1.819131608460582486e-02
1.819131608460582486e-02
1.819131608460582486e-02
2.431088478509936188e-02
1.706845566058565883e-02
1.706845566058565883e-02
1.706845566058565883e-02
1.706845566058565883e-02
1.706845566058565883e-02
1.706845566058565883e-02
1.706845566058565883e-02
1.706845566058565883e-02
1.706845566058565883e-02
1.706845566058565883e-02
1.706845566058565883e-02
1.706845566058565883e-02
1.706845566058565883e-02
1.706845566058565883e-02
5.650269353008362423e-03
5.650269353008362423e-03
5.650269353008362423e-03
5.650269353008362423e-03
5.650269353008362423e-03
5.650269353008362423e-03
5.650269353008362423e-03
5.650269353008362423e-03
5.650269353008362423e-03
5.650269353008362423e-03
5.650269353008362423e-03
5.650269353008362423e-03
5.650269353008362423e-03
5.650269353008362423e-03
5.650269353008362423e-03
5.650269353008362423e-03
5.650269353008362423e-03
5.650269353008362423e-03
5.650269353008362423e-03
3.486715567615213812e-02
3.486715567615213812e-02
3.486715567615213812e-02
3.486715567615213812e-02
3.486715567615213812e-02
3.486715567615213812e-02
3.486715567615213812e-02
3.486715567615213812e-02
3.509869736583737785e-04
3.509869736583737785e-04
3.509869736583737785e-04
3.509869736583737785e-04
3.509869736583737785e-04
3.509869736583737785e-04
3.509869736583737785e-04
3.509869736583737785e-04
3.509869736583737785e-04
3.509869736583737785e-04
3.509869736583737785e-04
3.509869736583737785e-04
3.509869736583737785e-04
3.509869736583737785e-04
3.509869736583737785e-04
3.509869736583737785e-04
2.459026187780387687e-02
4.855458581841643438e-03
4.855458581841643438e-03
4.855458581841643438e-03
4.855458581841643438e-03
4.855458581841643438e-03
4.855458581841643438e-03
3.944150979141595494e-03
4.415444942751184376e-02
4.415444942751184376e-02
4.415444942751184376e-02
4.415444942751184376e-02
4.415444942751184376e-02
4.415444942751184376e-02
2.151491626180881273e-02
2.151491626180881273e-02
2.151491626180881273e-02
2.151491626180881273e-02
2.151491626180881273e-02
2.151491626180881273e-02
2.151491626180881273e-02
2.151491626180881273e-02
2.151491626180881273e-02
2.151491626180881273e-02
2.151491626180881273e-02
2.151491626180881273e-02
2.151491626180881273e-02
2.151491626180881273e-02
2.151491626180881273e-02
9.353823282377918616e-03
1.015372314597856075e-02
1.015372314597856075e-02
1.015372314597856075e-02
1.015372314597856075e-02
1.015372314597856075e-02
1.015372314597856075e-02
1.015372314597856075e-02
9.353823282377918616e-03
0.000000000000000000e+00
0.000000000000000000e+00
0.000000000000000000e+00
0.000000000000000000e+00
0.000000000000000000e+00
0.000000000000000000e+00
0.000000000000000000e+00
0.000000000000000000e+00
0.000000000000000000e+00
1.416587733375351994e-02
1.182928096444689665e-02
1.182928096444689665e-02
0.000000000000000000e+00
1.628191879042103357e-02
1.628191879042103357e-02
1.628191879042103357e-02
1.628191879042103357e-02
1.628191879042103357e-02
1.628191879042103357e-02
1.628191879042103357e-02
1.628191879042103357e-02
0.000000000000000000e+00
3.707440339939385709e-02
3.707440339939385709e-02
3.707440339939385709e-02
3.707440339939385709e-02
3.707440339939385709e-02
3.707440339939385709e-02
3.707440339939385709e-02
3.707440339939385709e-02
3.707440339939385709e-02
3.707440339939385709e-02
5.518130892001806183e-03
1.418781083629163525e-02
1.418781083629163525e-02
1.418781083629163525e-02
1.418781083629163525e-02
1.418781083629163525e-02
1.418781083629163525e-02
1.418781083629163525e-02
1.418781083629163525e-02
2.223976461510966673e-02
1.237358060556237142e-02
1.237358060556237142e-02
1.237358060556237142e-02
1.237358060556237142e-02
1.237358060556237142e-02
1.237358060556237142e-02
1.686599826508494021e-02
2.634508083633571585e-02
2.634508083633571585e-02
2.634508083633571585e-02
2.634508083633571585e-02
2.634508083633571585e-02
2.634508083633571585e-02
1.416587733375351994e-02
1.416587733375351994e-02
1.416587733375351994e-02
1.416587733375351994e-02
1.416587733375351994e-02
1.416587733375351994e-02
1.416587733375351994e-02
1.416587733375351994e-02
1.416587733375351994e-02
1.416587733375351994e-02
1.416587733375351994e-02
1.416587733375351994e-02
1.416587733375351994e-02
1.416587733375351994e-02
1.416587733375351994e-02
1.416587733375351994e-02
1.416587733375351994e-02
1.416587733375351994e-02
1.416587733375351994e-02
1.416587733375351994e-02
1.416587733375351994e-02
1.416587733375351994e-02
1.416587733375351994e-02
1.416587733375351994e-02
2.225296366372500959e-02
2.225296366372500959e-02
2.225296366372500959e-02
2.225296366372500959e-02
2.225296366372500959e-02
2.225296366372500959e-02
2.225296366372500959e-02
2.225296366372500959e-02
2.225296366372500959e-02
2.225296366372500959e-02
2.225296366372500959e-02
2.225296366372500959e-02
2.225296366372500959e-02
2.225296366372500959e-02
2.225296366372500959e-02
2.225296366372500959e-02
2.225296366372500959e-02
2.225296366372500959e-02
2.225296366372500959e-02
2.225296366372500959e-02
2.225296366372500959e-02
2.225296366372500959e-02
2.225296366372500959e-02
2.225296366372500959e-02
2.225296366372500959e-02
2.225296366372500959e-02
2.225296366372500959e-02
2.225296366372500959e-02
2.225296366372500959e-02
2.225296366372500959e-02
2.225296366372500959e-02
2.225296366372500959e-02
2.225296366372500959e-02
2.225296366372500959e-02
2.225296366372500959e-02
2.225296366372500959e-02
2.225296366372500959e-02
2.225296366372500959e-02
2.225296366372500959e-02
3.753149850688668882e-02
3.953099521954164114e-02
3.953099521954164114e-02
3.953099521954164114e-02
3.953099521954164114e-02
3.953099521954164114e-02
3.953099521954164114e-02
9.913514337891358996e-03
1.409005110965554086e-02
1.409005110965554086e-02
4.411343431924887211e-03
5.270627380399700839e-04
5.270627380399700839e-04
5.270627380399700839e-04
5.270627380399700839e-04
5.270627380399700839e-04
5.270627380399700839e-04
5.270627380399700839e-04
5.270627380399700839e-04
5.270627380399700839e-04
5.270627380399700839e-04
5.270627380399700839e-04
5.270627380399700839e-04
5.270627380399700839e-04
5.270627380399700839e-04
9.006022761258026046e-03
1.461946143646460257e-02
1.461946143646460257e-02
1.461946143646460257e-02
1.461946143646460257e-02
1.461946143646460257e-02
1.461946143646460257e-02
1.461946143646460257e-02
1.461946143646460257e-02
9.913514337891358996e-03
9.913514337891358996e-03
9.913514337891358996e-03
9.913514337891358996e-03
9.913514337891358996e-03
9.913514337891358996e-03
9.913514337891358996e-03
9.913514337891358996e-03
9.913514337891358996e-03
9.913514337891358996e-03
9.913514337891358996e-03
9.913514337891358996e-03
9.913514337891358996e-03
9.913514337891358996e-03
9.913514337891358996e-03
9.913514337891358996e-03
9.913514337891358996e-03
9.913514337891358996e-03
9.913514337891358996e-03
9.913514337891358996e-03
9.913514337891358996e-03
9.913514337891358996e-03
1.547276116488638734e-02
7.834019645971810122e-03
7.834019645971810122e-03
9.181423829001847392e-03
9.181423829001847392e-03
9.181423829001847392e-03
9.181423829001847392e-03
9.181423829001847392e-03
9.181423829001847392e-03
9.181423829001847392e-03
9.181423829001847392e-03
9.181423829001847392e-03
9.181423829001847392e-03
9.181423829001847392e-03
1.547276116488638734e-02
1.547276116488638734e-02
1.547276116488638734e-02
1.547276116488638734e-02
1.547276116488638734e-02
1.547276116488638734e-02
1.547276116488638734e-02
1.547276116488638734e-02
1.673114245733241766e-03
1.673114245733241766e-03
1.673114245733241766e-03
1.673114245733241766e-03
1.673114245733241766e-03
1.673114245733241766e-03
1.673114245733241766e-03
1.673114245733241766e-03
1.673114245733241766e-03
1.673114245733241766e-03
1.673114245733241766e-03
1.269694333260056561e-02
1.269694333260056561e-02
1.269694333260056561e-02
1.269694333260056561e-02
1.269694333260056561e-02
1.269694333260056561e-02
1.269694333260056561e-02
1.269694333260056561e-02
1.269694333260056561e-02
1.269694333260056561e-02
1.269694333260056561e-02
1.269694333260056561e-02
1.269694333260056561e-02
1.269694333260056561e-02
1.269694333260056561e-02
1.269694333260056561e-02
1.269694333260056561e-02
1.269694333260056561e-02
1.269694333260056561e-02
1.269694333260056561e-02
1.269694333260056561e-02
1.535880446299385180e-02
2.530222589496353494e-02
2.530222589496353494e-02
2.530222589496353494e-02
2.530222589496353494e-02
2.530222589496353494e-02
2.530222589496353494e-02
2.530222589496353494e-02
2.530222589496353494e-02
2.530222589496353494e-02
2.530222589496353494e-02
2.530222589496353494e-02
2.530222589496353494e-02
1.218628178599015337e-02
2.384501784126417251e-03
2.384501784126417251e-03
2.384501784126417251e-03
2.384501784126417251e-03
2.384501784126417251e-03
2.384501784126417251e-03
2.721635057969655144e-03
1.647315192712897960e-02
1.647315192712897960e-02
1.647315192712897960e-02
1.647315192712897960e-02
1.647315192712897960e-02
1.647315192712897960e-02
1.647315192712897960e-02
1.647315192712897960e-02
1.647315192712897960e-02
1.647315192712897960e-02
1.647315192712897960e-02
1.647315192712897960e-02
1.647315192712897960e-02
1.647315192712897960e-02
1.647315192712897960e-02
1.647315192712897960e-02
1.647315192712897960e-02
1.647315192712897960e-02
1.647315192712897960e-02
1.647315192712897960e-02
1.647315192712897960e-02
1.647315192712897960e-02
1.647315192712897960e-02
1.647315192712897960e-02
1.647315192712897960e-02
1.647315192712897960e-02
1.647315192712897960e-02
1.647315192712897960e-02
1.647315192712897960e-02
1.647315192712897960e-02
1.647315192712897960e-02
1.647315192712897960e-02
1.647315192712897960e-02
1.647315192712897960e-02
1.647315192712897960e-02
1.647315192712897960e-02
1.647315192712897960e-02
1.647315192712897960e-02
1.647315192712897960e-02
1.647315192712897960e-02
1.647315192712897960e-02
1.647315192712897960e-02
1.647315192712897960e-02
1.647315192712897960e-02
1.348630233616121207e-02
7.857924573346468031e-03
7.857924573346468031e-03
7.857924573346468031e-03
7.857924573346468031e-03
2.473087481993296866e-02
2.473087481993296866e-02
2.473087481993296866e-02
2.473087481993296866e-02
2.473087481993296866e-02
2.473087481993296866e-02
2.473087481993296866e-02
2.473087481993296866e-02
2.473087481993296866e-02
2.473087481993296866e-02
2.473087481993296866e-02
2.473087481993296866e-02
2.473087481993296866e-02
2.473087481993296866e-02
2.473087481993296866e-02
6.663127403932822546e-03
6.663127403932822546e-03
6.663127403932822546e-03
6.663127403932822546e-03
6.663127403932822546e-03
6.663127403932822546e-03
6.663127403932822546e-03
6.663127403932822546e-03
6.663127403932822546e-03
6.663127403932822546e-03
6.663127403932822546e-03
6.663127403932822546e-03
6.663127403932822546e-03
6.663127403932822546e-03
6.663127403932822546e-03
6.663127403932822546e-03
6.663127403932822546e-03
6.663127403932822546e-03
6.663127403932822546e-03
6.663127403932822546e-03
6.663127403932822546e-03
6.663127403932822546e-03
6.663127403932822546e-03
6.663127403932822546e-03
6.663127403932822546e-03
1.147709517910711421e-02
1.147709517910711421e-02
1.147709517910711421e-02
1.147709517910711421e-02
1.147709517910711421e-02
1.147709517910711421e-02
1.147709517910711421e-02
1.147709517910711421e-02
1.147709517910711421e-02
1.147709517910711421e-02
1.147709517910711421e-02
1.218628178599015337e-02
1.218628178599015337e-02
1.218628178599015337e-02
1.218628178599015337e-02
1.653860689298261924e-02
1.602257448436019598e-03
1.602257448436019598e-03
1.602257448436019598e-03
1.602257448436019598e-03
1.602257448436019598e-03
1.602257448436019598e-03
1.222280331260524287e-02
1.064127451492949059e-02
1.064127451492949059e-02
1.064127451492949059e-02
1.064127451492949059e-02
7.384031739728947469e-03
1.021285198088021711e-03
1.021285198088021711e-03
1.021285198088021711e-03
1.021285198088021711e-03
1.021285198088021711e-03
1.021285198088021711e-03
1.021285198088021711e-03
1.021285198088021711e-03
7.922748253875415772e-03
7.922748253875415772e-03
7.922748253875415772e-03
7.922748253875415772e-03
7.922748253875415772e-03
7.922748253875415772e-03
7.922748253875415772e-03
7.922748253875415772e-03
7.922748253875415772e-03
7.922748253875415772e-03
7.922748253875415772e-03
7.922748253875415772e-03
7.922748253875415772e-03
3.566617885453653766e-03
1.226162126774006308e-02
1.226162126774006308e-02
0.000000000000000000e+00
0.000000000000000000e+00
0.000000000000000000e+00
0.000000000000000000e+00
0.000000000000000000e+00
0.000000000000000000e+00
0.000000000000000000e+00
0.000000000000000000e+00
0.000000000000000000e+00
1.222280331260524287e-02
1.222280331260524287e-02
1.222280331260524287e-02
1.222280331260524287e-02
1.222280331260524287e-02
1.222280331260524287e-02
2.568403030870268500e-02
2.568403030870268500e-02
2.568403030870268500e-02
4.863436674399891635e-02
2.568403030870268500e-02
2.568403030870268500e-02
2.568403030870268500e-02
2.568403030870268500e-02
2.568403030870268500e-02
2.568403030870268500e-02
2.568403030870268500e-02
2.568403030870268500e-02
2.568403030870268500e-02
5.674795823960609650e-03
4.786544877655093781e-03
4.786544877655093781e-03
0.000000000000000000e+00
0.000000000000000000e+00
0.000000000000000000e+00
0.000000000000000000e+00
0.000000000000000000e+00
0.000000000000000000e+00
0.000000000000000000e+00
0.000000000000000000e+00
0.000000000000000000e+00
0.000000000000000000e+00
0.000000000000000000e+00
1.979938134508880954e-02
3.408685412081369909e-02
3.408685412081369909e-02
3.408685412081369909e-02
3.408685412081369909e-02
3.408685412081369909e-02
3.408685412081369909e-02
3.408685412081369909e-02
3.408685412081369909e-02
3.408685412081369909e-02
3.408685412081369909e-02
3.408685412081369909e-02
3.408685412081369909e-02
0.000000000000000000e+00
4.231561424455323323e-03
4.231561424455323323e-03
4.231561424455323323e-03
4.231561424455323323e-03
4.231561424455323323e-03
4.231561424455323323e-03
4.231561424455323323e-03
4.231561424455323323e-03
4.231561424455323323e-03
4.231561424455323323e-03
4.231561424455323323e-03
4.231561424455323323e-03
1.044076504238277379e-02
1.580435107950840367e-03
1.580435107950840367e-03
1.580435107950840367e-03
1.580435107950840367e-03
1.580435107950840367e-03
1.580435107950840367e-03
1.171924170258787073e-03
1.246908882106895558e-02
1.246908882106895558e-02
1.246908882106895558e-02
1.246908882106895558e-02
3.566617885453653766e-03
3.566617885453653766e-03
3.566617885453653766e-03
3.566617885453653766e-03
3.566617885453653766e-03
3.566617885453653766e-03
3.566617885453653766e-03
3.566617885453653766e-03
1.179217244074822271e-02
1.201402800537549817e-02
1.201402800537549817e-02
1.201402800537549817e-02
1.201402800537549817e-02
1.201402800537549817e-02
1.201402800537549817e-02
1.549074607991536567e-02
2.514973390727661892e-02
2.514973390727661892e-02
2.514973390727661892e-02
2.514973390727661892e-02
2.514973390727661892e-02
2.514973390727661892e-02
2.361059996018678372e-02
2.361059996018678372e-02
2.361059996018678372e-02
2.361059996018678372e-02
2.361059996018678372e-02
2.361059996018678372e-02
2.361059996018678372e-02
2.361059996018678372e-02
2.361059996018678372e-02
2.361059996018678372e-02
2.361059996018678372e-02
2.361059996018678372e-02
2.361059996018678372e-02
2.361059996018678372e-02
2.361059996018678372e-02
2.361059996018678372e-02
2.361059996018678372e-02
2.361059996018678372e-02
2.361059996018678372e-02
4.863436674399891635e-02
0.000000000000000000e+00
0.000000000000000000e+00
0.000000000000000000e+00
1.153431251057610539e-02
1.153431251057610539e-02
1.153431251057610539e-02
1.153431251057610539e-02
1.153431251057610539e-02
1.123477024159738602e-02
1.153431251057610539e-02
1.153431251057610539e-02
1.153431251057610539e-02
6.057050498636428392e-04
6.057050498636428392e-04
6.057050498636428392e-04
6.057050498636428392e-04
6.057050498636428392e-04
6.057050498636428392e-04
6.057050498636428392e-04
6.057050498636428392e-04
6.057050498636428392e-04
6.057050498636428392e-04
6.057050498636428392e-04
6.700708108274996922e-04
1.743219362563179844e-02
1.743219362563179844e-02
1.743219362563179844e-02
1.743219362563179844e-02
1.138081060699282568e-02
1.138081060699282568e-02
1.138081060699282568e-02
1.138081060699282568e-02
1.138081060699282568e-02
1.138081060699282568e-02
1.138081060699282568e-02
1.138081060699282568e-02
1.138081060699282568e-02
1.138081060699282568e-02
1.138081060699282568e-02
1.138081060699282568e-02
1.138081060699282568e-02
1.138081060699282568e-02
1.138081060699282568e-02
7.554327195119036166e-04
7.554327195119036166e-04
7.554327195119036166e-04
7.554327195119036166e-04
7.554327195119036166e-04
7.554327195119036166e-04
7.554327195119036166e-04
7.554327195119036166e-04
7.554327195119036166e-04
7.554327195119036166e-04
7.554327195119036166e-04
5.767032501500219017e-03
9.280078914664951399e-04
9.280078914664951399e-04
9.280078914664951399e-04
9.280078914664951399e-04
9.280078914664951399e-04
9.280078914664951399e-04
2.898139214224213986e-02
2.898139214224213986e-02
2.898139214224213986e-02
2.898139214224213986e-02
2.898139214224213986e-02
2.898139214224213986e-02
2.898139214224213986e-02
2.898139214224213986e-02
2.898139214224213986e-02
2.898139214224213986e-02
2.898139214224213986e-02
2.898139214224213986e-02
0.000000000000000000e+00
0.000000000000000000e+00
0.000000000000000000e+00
0.000000000000000000e+00
0.000000000000000000e+00
0.000000000000000000e+00
0.000000000000000000e+00
0.000000000000000000e+00
0.000000000000000000e+00
0.000000000000000000e+00
0.000000000000000000e+00
0.000000000000000000e+00
0.000000000000000000e+00
0.000000000000000000e+00
0.000000000000000000e+00
0.000000000000000000e+00
2.300837774098754909e-02
2.300837774098754909e-02
2.300837774098754909e-02
2.300837774098754909e-02
2.300837774098754909e-02
2.300837774098754909e-02
2.300837774098754909e-02
2.300837774098754909e-02
2.300837774098754909e-02
2.300837774098754909e-02
2.300837774098754909e-02
2.300837774098754909e-02
2.300837774098754909e-02
0.000000000000000000e+00
0.000000000000000000e+00
0.000000000000000000e+00
0.000000000000000000e+00
0.000000000000000000e+00
0.000000000000000000e+00
0.000000000000000000e+00
0.000000000000000000e+00
2.669925027292992161e-03
1.370278559061075159e-02
1.370278559061075159e-02
1.370278559061075159e-02
1.370278559061075159e-02
1.370278559061075159e-02
1.370278559061075159e-02
1.370278559061075159e-02
1.370278559061075159e-02
1.370278559061075159e-02
1.370278559061075159e-02
1.370278559061075159e-02
1.370278559061075159e-02
1.370278559061075159e-02
1.370278559061075159e-02
1.370278559061075159e-02
1.370278559061075159e-02
2.459026187780387687e-02
2.459026187780387687e-02
2.459026187780387687e-02
2.459026187780387687e-02
2.459026187780387687e-02
2.459026187780387687e-02
3.854536432054547074e-02
3.854536432054547074e-02
3.854536432054547074e-02
3.854536432054547074e-02
3.854536432054547074e-02
3.854536432054547074e-02
3.854536432054547074e-02
3.854536432054547074e-02
3.854536432054547074e-02
3.854536432054547074e-02
3.854536432054547074e-02
7.856142713501722968e-03
7.856142713501722968e-03
7.856142713501722968e-03
7.856142713501722968e-03
7.856142713501722968e-03
7.856142713501722968e-03
7.856142713501722968e-03
7.856142713501722968e-03
7.856142713501722968e-03
7.856142713501722968e-03
7.856142713501722968e-03
5.767032501500219017e-03
5.767032501500219017e-03
5.767032501500219017e-03
5.767032501500219017e-03
5.767032501500219017e-03
5.767032501500219017e-03
5.767032501500219017e-03
5.767032501500219017e-03
5.767032501500219017e-03
5.767032501500219017e-03
3.652773852512489899e-02
2.037931316426259271e-02
2.037931316426259271e-02
2.037931316426259271e-02
2.203697732098805831e-02
0.000000000000000000e+00
0.000000000000000000e+00
0.000000000000000000e+00
0.000000000000000000e+00
0.000000000000000000e+00
0.000000000000000000e+00
0.000000000000000000e+00
0.000000000000000000e+00
0.000000000000000000e+00
0.000000000000000000e+00
0.000000000000000000e+00
0.000000000000000000e+00
0.000000000000000000e+00
0.000000000000000000e+00
5.672177205964393579e-03
0.000000000000000000e+00
0.000000000000000000e+00
1.123477024159738602e-02
3.058301329456692211e-02
1.954990385962249860e-02
1.954990385962249860e-02
1.566591957100851515e-02
9.006805066418856198e-03
9.006805066418856198e-03
9.006805066418856198e-03
9.006805066418856198e-03
1.566591957100851515e-02
1.424518654919816607e-02
1.424518654919816607e-02
1.424518654919816607e-02
1.424518654919816607e-02
1.452862414319124225e-02
1.452862414319124225e-02
1.452862414319124225e-02
1.452862414319124225e-02
1.452862414319124225e-02
1.452862414319124225e-02
1.452862414319124225e-02
1.452862414319124225e-02
1.452862414319124225e-02
1.452862414319124225e-02
1.452862414319124225e-02
1.452862414319124225e-02
1.452862414319124225e-02
1.452862414319124225e-02
1.452862414319124225e-02
1.452862414319124225e-02
1.452862414319124225e-02
1.452862414319124225e-02
1.452862414319124225e-02
1.452862414319124225e-02
1.452862414319124225e-02
1.759905375795480214e-03
1.759905375795480214e-03
1.759905375795480214e-03
1.759905375795480214e-03
1.759905375795480214e-03
1.759905375795480214e-03
1.759905375795480214e-03
1.759905375795480214e-03
1.759905375795480214e-03
1.759905375795480214e-03
1.759905375795480214e-03
1.759905375795480214e-03
1.759905375795480214e-03
9.547820428956936209e-03
9.547820428956936209e-03
9.547820428956936209e-03
9.547820428956936209e-03
9.547820428956936209e-03
9.547820428956936209e-03
9.547820428956936209e-03
9.547820428956936209e-03
9.547820428956936209e-03
9.547820428956936209e-03
9.547820428956936209e-03
9.547820428956936209e-03
9.547820428956936209e-03
9.547820428956936209e-03
9.547820428956936209e-03
9.547820428956936209e-03
9.547820428956936209e-03
9.547820428956936209e-03
9.547820428956936209e-03
2.600417509950439347e-03
2.600417509950439347e-03
2.600417509950439347e-03
2.600417509950439347e-03
2.600417509950439347e-03
2.600417509950439347e-03
2.600417509950439347e-03
2.600417509950439347e-03
2.600417509950439347e-03
2.600417509950439347e-03
2.600417509950439347e-03
2.600417509950439347e-03
2.600417509950439347e-03
2.600417509950439347e-03
2.600417509950439347e-03
2.600417509950439347e-03
2.600417509950439347e-03
1.171924170258787073e-03
0.000000000000000000e+00
5.672177205964393579e-03
5.672177205964393579e-03
5.672177205964393579e-03
5.672177205964393579e-03
5.672177205964393579e-03
5.672177205964393579e-03
5.672177205964393579e-03
5.672177205964393579e-03
5.672177205964393579e-03
5.672177205964393579e-03
5.672177205964393579e-03
5.672177205964393579e-03
5.672177205964393579e-03
5.672177205964393579e-03
5.672177205964393579e-03
5.672177205964393579e-03
5.672177205964393579e-03
5.672177205964393579e-03
5.672177205964393579e-03
5.672177205964393579e-03
3.448986569277735781e-02
3.448986569277735781e-02
3.448986569277735781e-02
3.448986569277735781e-02
3.448986569277735781e-02
3.448986569277735781e-02
3.448986569277735781e-02
3.448986569277735781e-02
3.448986569277735781e-02
3.448986569277735781e-02
3.448986569277735781e-02
3.448986569277735781e-02
3.448986569277735781e-02
3.448986569277735781e-02
3.448986569277735781e-02
3.448986569277735781e-02
3.448986569277735781e-02
0.000000000000000000e+00
0.000000000000000000e+00
0.000000000000000000e+00
0.000000000000000000e+00
0.000000000000000000e+00
0.000000000000000000e+00
0.000000000000000000e+00
0.000000000000000000e+00
0.000000000000000000e+00
0.000000000000000000e+00
0.000000000000000000e+00
0.000000000000000000e+00
0.000000000000000000e+00
3.998584881053083434e-02
1.997683036954215133e-02
1.997683036954215133e-02
1.997683036954215133e-02
1.997683036954215133e-02
1.997683036954215133e-02
1.997683036954215133e-02
1.997683036954215133e-02
1.997683036954215133e-02
0.000000000000000000e+00
0.000000000000000000e+00
0.000000000000000000e+00
0.000000000000000000e+00
0.000000000000000000e+00
0.000000000000000000e+00
0.000000000000000000e+00
0.000000000000000000e+00
0.000000000000000000e+00
0.000000000000000000e+00
0.000000000000000000e+00
0.000000000000000000e+00
0.000000000000000000e+00
0.000000000000000000e+00
3.691096688292787396e-03
3.691096688292787396e-03
3.691096688292787396e-03
3.691096688292787396e-03
3.691096688292787396e-03
3.691096688292787396e-03
3.691096688292787396e-03
3.691096688292787396e-03
3.691096688292787396e-03
3.691096688292787396e-03
3.691096688292787396e-03
3.691096688292787396e-03
3.691096688292787396e-03
1.932595539268176787e-02
1.932595539268176787e-02
1.932595539268176787e-02
1.932595539268176787e-02
1.932595539268176787e-02
1.932595539268176787e-02
1.932595539268176787e-02
1.932595539268176787e-02
1.932595539268176787e-02
1.932595539268176787e-02
1.932595539268176787e-02
1.932595539268176787e-02
1.932595539268176787e-02
1.204925541183889288e-02
0.000000000000000000e+00
1.204925541183889288e-02
1.204925541183889288e-02
1.204925541183889288e-02
1.204925541183889288e-02
1.204925541183889288e-02
1.204925541183889288e-02
1.204925541183889288e-02
1.204925541183889288e-02
1.204925541183889288e-02
1.204925541183889288e-02
1.204925541183889288e-02
8.620302851762896151e-03
1.204925541183889288e-02
0.000000000000000000e+00
2.583657204507983085e-03
2.583657204507983085e-03
2.583657204507983085e-03
2.583657204507983085e-03
2.583657204507983085e-03
2.583657204507983085e-03
2.583657204507983085e-03
2.583657204507983085e-03
2.583657204507983085e-03
2.583657204507983085e-03
2.583657204507983085e-03
8.469594446535930188e-03
8.469594446535930188e-03
8.469594446535930188e-03
8.469594446535930188e-03
8.469594446535930188e-03
0.000000000000000000e+00
8.469594446535930188e-03
8.469594446535930188e-03
8.469594446535930188e-03
3.058301329456692211e-02
3.058301329456692211e-02
3.058301329456692211e-02
3.058301329456692211e-02
3.058301329456692211e-02
3.058301329456692211e-02
3.058301329456692211e-02
3.058301329456692211e-02
3.058301329456692211e-02
3.058301329456692211e-02
3.058301329456692211e-02
3.058301329456692211e-02
3.058301329456692211e-02
3.058301329456692211e-02
3.720996393506866701e-03
3.720996393506866701e-03
3.720996393506866701e-03
3.720996393506866701e-03
3.720996393506866701e-03
3.720996393506866701e-03
3.720996393506866701e-03
3.720996393506866701e-03
3.720996393506866701e-03
3.720996393506866701e-03
3.720996393506866701e-03
3.720996393506866701e-03
3.720996393506866701e-03
3.720996393506866701e-03
3.720996393506866701e-03
3.720996393506866701e-03
3.720996393506866701e-03
8.531533493777769539e-03
1.751595293141276072e-02
1.751595293141276072e-02
5.152849298013410101e-03
5.152849298013410101e-03
5.152849298013410101e-03
5.152849298013410101e-03
5.152849298013410101e-03
5.152849298013410101e-03
5.152849298013410101e-03
5.152849298013410101e-03
5.152849298013410101e-03
5.152849298013410101e-03
5.152849298013410101e-03
0.000000000000000000e+00
0.000000000000000000e+00
0.000000000000000000e+00
0.000000000000000000e+00
0.000000000000000000e+00
0.000000000000000000e+00
0.000000000000000000e+00
0.000000000000000000e+00
9.780045644542661662e-03
9.780045644542661662e-03
9.780045644542661662e-03
9.780045644542661662e-03
9.780045644542661662e-03
9.780045644542661662e-03
9.780045644542661662e-03
9.780045644542661662e-03
9.060351305547262313e-03
9.060351305547262313e-03
9.060351305547262313e-03
9.060351305547262313e-03
9.060351305547262313e-03
9.060351305547262313e-03
9.060351305547262313e-03
9.060351305547262313e-03
9.060351305547262313e-03
9.060351305547262313e-03
9.060351305547262313e-03
0.000000000000000000e+00
4.023626759299972488e-03
4.023626759299972488e-03
4.023626759299972488e-03
4.023626759299972488e-03
0.000000000000000000e+00
3.713242174829155945e-02
3.713242174829155945e-02
3.713242174829155945e-02
3.713242174829155945e-02
3.713242174829155945e-02
3.713242174829155945e-02
3.713242174829155945e-02
3.713242174829155945e-02
3.713242174829155945e-02
3.713242174829155945e-02
3.713242174829155945e-02
3.713242174829155945e-02
3.713242174829155945e-02
3.713242174829155945e-02
3.713242174829155945e-02
3.713242174829155945e-02
3.713242174829155945e-02
3.713242174829155945e-02
3.713242174829155945e-02
3.713242174829155945e-02
3.713242174829155945e-02
3.713242174829155945e-02
3.713242174829155945e-02
3.713242174829155945e-02
3.713242174829155945e-02
3.713242174829155945e-02
3.713242174829155945e-02
0.000000000000000000e+00
7.724649854020320706e-03
7.724649854020320706e-03
7.724649854020320706e-03
7.724649854020320706e-03
7.724649854020320706e-03
7.724649854020320706e-03
7.724649854020320706e-03
7.724649854020320706e-03
7.724649854020320706e-03
7.724649854020320706e-03
7.724649854020320706e-03
7.724649854020320706e-03
1.327658772352205765e-02
2.721201883798530369e-02
2.721201883798530369e-02
2.721201883798530369e-02
2.721201883798530369e-02
2.721201883798530369e-02
2.721201883798530369e-02
2.721201883798530369e-02
2.721201883798530369e-02
2.721201883798530369e-02
2.721201883798530369e-02
0.000000000000000000e+00
2.503957922650589321e-02
2.503957922650589321e-02
2.503957922650589321e-02
2.503957922650589321e-02
2.503957922650589321e-02
2.503957922650589321e-02
2.503957922650589321e-02
2.503957922650589321e-02
2.815372120606609782e-03
0.000000000000000000e+00
0.000000000000000000e+00
0.000000000000000000e+00
0.000000000000000000e+00
2.879743291229707944e-02
1.036887843259702568e-02
1.036887843259702568e-02
6.187115958032275015e-03
1.809971247588486667e-02
1.809971247588486667e-02
1.809971247588486667e-02
1.809971247588486667e-02
1.809971247588486667e-02
1.809971247588486667e-02
0.000000000000000000e+00
0.000000000000000000e+00
0.000000000000000000e+00
0.000000000000000000e+00
0.000000000000000000e+00
0.000000000000000000e+00
0.000000000000000000e+00
0.000000000000000000e+00
0.000000000000000000e+00
0.000000000000000000e+00
0.000000000000000000e+00
0.000000000000000000e+00
0.000000000000000000e+00
0.000000000000000000e+00
0.000000000000000000e+00
4.507659227757908338e-02
2.520978549345617367e-02
2.520978549345617367e-02
2.520978549345617367e-02
2.520978549345617367e-02
2.520978549345617367e-02
2.520978549345617367e-02
2.520978549345617367e-02
2.520978549345617367e-02
2.520978549345617367e-02
2.520978549345617367e-02
2.520978549345617367e-02
2.520978549345617367e-02
2.520978549345617367e-02
2.520978549345617367e-02
2.520978549345617367e-02
2.520978549345617367e-02
2.520978549345617367e-02
2.520978549345617367e-02
2.520978549345617367e-02
2.520978549345617367e-02
0.000000000000000000e+00
2.520978549345617367e-02
0.000000000000000000e+00
3.427328424935713238e-03
3.427328424935713238e-03
3.427328424935713238e-03
3.427328424935713238e-03
1.972064753698250100e-02
3.427328424935713238e-03
3.427328424935713238e-03
3.427328424935713238e-03
3.427328424935713238e-03
3.427328424935713238e-03
3.427328424935713238e-03
3.427328424935713238e-03
3.427328424935713238e-03
3.427328424935713238e-03
2.054492001277278407e-02
2.054492001277278407e-02
2.054492001277278407e-02
2.054492001277278407e-02
2.054492001277278407e-02
2.054492001277278407e-02
2.054492001277278407e-02
2.054492001277278407e-02
2.054492001277278407e-02
2.054492001277278407e-02
2.054492001277278407e-02
2.054492001277278407e-02
2.054492001277278407e-02
2.054492001277278407e-02
2.054492001277278407e-02
4.272259547883727748e-02
1.223643538273539583e-02
1.223643538273539583e-02
1.223643538273539583e-02
1.223643538273539583e-02
1.223643538273539583e-02
1.223643538273539583e-02
2.015935822439402988e-02
2.090233580088013410e-02
2.090233580088013410e-02
2.090233580088013410e-02
2.090233580088013410e-02
8.464876744846578163e-03
1.037070155973037443e-02
1.037070155973037443e-02
1.037070155973037443e-02
1.037070155973037443e-02
1.037070155973037443e-02
1.037070155973037443e-02
0.000000000000000000e+00
0.000000000000000000e+00
1.254689559543764425e-02
3.785719819050538219e-03
3.785719819050538219e-03
3.785719819050538219e-03
3.785719819050538219e-03
3.785719819050538219e-03
3.785719819050538219e-03
3.785719819050538219e-03
3.785719819050538219e-03
3.785719819050538219e-03
3.785719819050538219e-03
3.785719819050538219e-03
3.785719819050538219e-03
3.785719819050538219e-03
3.785719819050538219e-03
3.785719819050538219e-03
3.785719819050538219e-03
2.435608455787005577e-02
4.711126275905550519e-03
4.711126275905550519e-03
4.711126275905550519e-03
4.711126275905550519e-03
4.711126275905550519e-03
4.711126275905550519e-03
4.711126275905550519e-03
4.711126275905550519e-03
4.711126275905550519e-03
4.711126275905550519e-03
1.887207706001702706e-02
4.711126275905550519e-03
4.711126275905550519e-03
4.711126275905550519e-03
4.711126275905550519e-03
4.711126275905550519e-03
1.297307466515939568e-02
9.614082788415058423e-03
9.614082788415058423e-03
9.614082788415058423e-03
9.614082788415058423e-03
9.614082788415058423e-03
9.614082788415058423e-03
9.614082788415058423e-03
9.614082788415058423e-03
9.614082788415058423e-03
9.614082788415058423e-03
6.335378548757301768e-03
0.000000000000000000e+00
0.000000000000000000e+00
5.693864979471801278e-03
5.693864979471801278e-03
5.693864979471801278e-03
5.693864979471801278e-03
5.693864979471801278e-03
5.693864979471801278e-03
5.693864979471801278e-03
5.693864979471801278e-03
5.693864979471801278e-03
5.693864979471801278e-03
5.693864979471801278e-03
5.693864979471801278e-03
5.693864979471801278e-03
5.152887339593725628e-03
1.389637527447783183e-02
1.389637527447783183e-02
1.389637527447783183e-02
1.389637527447783183e-02
1.389637527447783183e-02
1.389637527447783183e-02
1.389637527447783183e-02
1.389637527447783183e-02
1.389637527447783183e-02
1.389637527447783183e-02
1.389637527447783183e-02
1.389637527447783183e-02
1.389637527447783183e-02
1.389637527447783183e-02
1.389637527447783183e-02
1.389637527447783183e-02
1.389637527447783183e-02
1.389637527447783183e-02
1.389637527447783183e-02
1.389637527447783183e-02
4.684715980730615528e-03
7.163918739099756679e-04
7.163918739099756679e-04
7.163918739099756679e-04
7.163918739099756679e-04
7.163918739099756679e-04
7.163918739099756679e-04
7.163918739099756679e-04
7.163918739099756679e-04
2.113341756755271472e-02
0.000000000000000000e+00
0.000000000000000000e+00
5.606256860481921393e-03
5.606256860481921393e-03
5.606256860481921393e-03
5.606256860481921393e-03
5.606256860481921393e-03
5.606256860481921393e-03
5.606256860481921393e-03
5.606256860481921393e-03
5.606256860481921393e-03
5.606256860481921393e-03
5.606256860481921393e-03
5.606256860481921393e-03
5.606256860481921393e-03
1.179849172358197508e-02
7.139376087237603655e-03
7.139376087237603655e-03
2.607269906757585243e-02
2.607269906757585243e-02
2.607269906757585243e-02
1.575021258206774424e-02
1.575021258206774424e-02
1.575021258206774424e-02
1.575021258206774424e-02
1.575021258206774424e-02
1.575021258206774424e-02
1.575021258206774424e-02
1.575021258206774424e-02
1.575021258206774424e-02
1.575021258206774424e-02
1.575021258206774424e-02
1.120023370957288870e-02
1.120023370957288870e-02
1.120023370957288870e-02
1.120023370957288870e-02
1.120023370957288870e-02
1.120023370957288870e-02
1.120023370957288870e-02
1.120023370957288870e-02
1.120023370957288870e-02
1.120023370957288870e-02
1.120023370957288870e-02
1.120023370957288870e-02
1.120023370957288870e-02
1.120023370957288870e-02
1.120023370957288870e-02
1.120023370957288870e-02
1.120023370957288870e-02
1.120023370957288870e-02
1.120023370957288870e-02
1.120023370957288870e-02
1.120023370957288870e-02
7.108648066288673732e-03
7.108648066288673732e-03
7.108648066288673732e-03
7.108648066288673732e-03
7.108648066288673732e-03
7.108648066288673732e-03
7.108648066288673732e-03
7.108648066288673732e-03
7.108648066288673732e-03
7.108648066288673732e-03
7.108648066288673732e-03
1.880179632213808266e-02
1.216200183528091082e-02
1.216200183528091082e-02
1.216200183528091082e-02
1.216200183528091082e-02
1.216200183528091082e-02
1.216200183528091082e-02
1.216200183528091082e-02
1.216200183528091082e-02
1.216200183528091082e-02
1.216200183528091082e-02
1.216200183528091082e-02
1.216200183528091082e-02
1.216200183528091082e-02
1.216200183528091082e-02
1.216200183528091082e-02
1.216200183528091082e-02
1.216200183528091082e-02
1.216200183528091082e-02
6.669413416386047941e-03
4.034411808532772752e-03
4.034411808532772752e-03
2.278641195010809584e-02
2.713443291440894439e-02
2.713443291440894439e-02
8.451249334734074531e-04
2.555465937838380126e-03
2.555465937838380126e-03
2.555465937838380126e-03
2.555465937838380126e-03
2.555465937838380126e-03
2.555465937838380126e-03
2.784575724888323570e-02
1.592003633405506251e-03
1.592003633405506251e-03
1.592003633405506251e-03
1.592003633405506251e-03
1.592003633405506251e-03
1.592003633405506251e-03
1.592003633405506251e-03
1.592003633405506251e-03
1.592003633405506251e-03
1.592003633405506251e-03
1.592003633405506251e-03
1.592003633405506251e-03
4.434959058791153839e-03
2.846893091153839331e-02
2.846893091153839331e-02
2.846893091153839331e-02
2.846893091153839331e-02
2.846893091153839331e-02
2.846893091153839331e-02
2.846893091153839331e-02
2.846893091153839331e-02
0.000000000000000000e+00
1.048785525284960142e-02
1.048785525284960142e-02
1.048785525284960142e-02
1.048785525284960142e-02
1.048785525284960142e-02
1.048785525284960142e-02
1.048785525284960142e-02
1.048785525284960142e-02
1.048785525284960142e-02
1.048785525284960142e-02
4.496823213445607162e-03
2.123441701815914628e-02
2.123441701815914628e-02
2.123441701815914628e-02
2.123441701815914628e-02
2.123441701815914628e-02
2.123441701815914628e-02
2.123441701815914628e-02
2.123441701815914628e-02
2.123441701815914628e-02
2.123441701815914628e-02
6.036926851469083359e-03
5.184148352813992833e-03
5.184148352813992833e-03
5.184148352813992833e-03
5.184148352813992833e-03
5.184148352813992833e-03
5.184148352813992833e-03
5.184148352813992833e-03
5.184148352813992833e-03
1.502035735331039464e-02
1.502035735331039464e-02
1.502035735331039464e-02
1.502035735331039464e-02
1.502035735331039464e-02
1.502035735331039464e-02
2.603575252678252787e-03
6.143764353717361300e-03
6.143764353717361300e-03
6.143764353717361300e-03
6.143764353717361300e-03
6.143764353717361300e-03
6.143764353717361300e-03
8.473281934215171410e-03
1.204534218032887218e-02
1.204534218032887218e-02
1.204534218032887218e-02
1.204534218032887218e-02
1.466129078209357436e-02
1.466129078209357436e-02
0.000000000000000000e+00
1.247280660748017501e-02
1.247280660748017501e-02
1.247280660748017501e-02
1.247280660748017501e-02
1.247280660748017501e-02
1.247280660748017501e-02
0.000000000000000000e+00
6.422135358932441751e-02
6.422135358932441751e-02
6.422135358932441751e-02
6.422135358932441751e-02
6.422135358932441751e-02
6.422135358932441751e-02
6.422135358932441751e-02
6.422135358932441751e-02
2.275949459090915658e-03
2.028321813662461309e-02
2.028321813662461309e-02
0.000000000000000000e+00
2.782991742629212575e-02
2.782991742629212575e-02
2.782991742629212575e-02
2.782991742629212575e-02
2.782991742629212575e-02
2.782991742629212575e-02
2.782991742629212575e-02
2.782991742629212575e-02
4.317318928116630969e-03
2.959272462629125317e-03
2.959272462629125317e-03
2.144081866435355518e-02
2.122743572426730868e-02
2.122743572426730868e-02
2.122743572426730868e-02
2.122743572426730868e-02
2.122743572426730868e-02
2.122743572426730868e-02
2.122743572426730868e-02
2.122743572426730868e-02
1.972064753698250100e-02
1.784549365190412273e-03
0.000000000000000000e+00
0.000000000000000000e+00
0.000000000000000000e+00
0.000000000000000000e+00
0.000000000000000000e+00
0.000000000000000000e+00
0.000000000000000000e+00
0.000000000000000000e+00
5.074515774853647319e-03
1.771364019775799326e-02
1.771364019775799326e-02
5.359150716724786316e-03
2.871158021336079995e-03
2.871158021336079995e-03
2.871158021336079995e-03
2.871158021336079995e-03
1.284530742937325248e-02
1.284530742937325248e-02
1.284530742937325248e-02
1.284530742937325248e-02
1.284530742937325248e-02
2.255808264962923249e-02
1.284530742937325248e-02
1.284530742937325248e-02
1.284530742937325248e-02
1.284530742937325248e-02
1.284530742937325248e-02
4.496823213445607162e-03
4.496823213445607162e-03
4.496823213445607162e-03
4.496823213445607162e-03
4.496823213445607162e-03
4.496823213445607162e-03
0.000000000000000000e+00
0.000000000000000000e+00
0.000000000000000000e+00
0.000000000000000000e+00
0.000000000000000000e+00
0.000000000000000000e+00
0.000000000000000000e+00
0.000000000000000000e+00
0.000000000000000000e+00
0.000000000000000000e+00
0.000000000000000000e+00
0.000000000000000000e+00
0.000000000000000000e+00
0.000000000000000000e+00
0.000000000000000000e+00
0.000000000000000000e+00
0.000000000000000000e+00
0.000000000000000000e+00
0.000000000000000000e+00
0.000000000000000000e+00
0.000000000000000000e+00
0.000000000000000000e+00
2.358375267440871326e-03
2.358375267440871326e-03
2.358375267440871326e-03
2.358375267440871326e-03
2.358375267440871326e-03
2.358375267440871326e-03
2.358375267440871326e-03
2.358375267440871326e-03
2.358375267440871326e-03
2.358375267440871326e-03
2.358375267440871326e-03
2.358375267440871326e-03
2.358375267440871326e-03
2.358375267440871326e-03
2.358375267440871326e-03
1.057103478956246227e-02
4.662873104896528634e-03
4.662873104896528634e-03
4.662873104896528634e-03
4.662873104896528634e-03
5.472013319056000767e-03
9.628052684131808286e-03
9.628052684131808286e-03
9.628052684131808286e-03
9.628052684131808286e-03
9.628052684131808286e-03
9.628052684131808286e-03
9.628052684131808286e-03
9.628052684131808286e-03
1.619854488645556742e-02
2.073046258724203783e-02
2.073046258724203783e-02
2.073046258724203783e-02
2.073046258724203783e-02
2.073046258724203783e-02
2.073046258724203783e-02
1.575443825623541391e-02
7.851728762670090803e-03
7.851728762670090803e-03
7.851728762670090803e-03
7.851728762670090803e-03
7.851728762670090803e-03
7.851728762670090803e-03
7.851728762670090803e-03
7.851728762670090803e-03
7.851728762670090803e-03
7.851728762670090803e-03
7.851728762670090803e-03
7.851728762670090803e-03
7.851728762670090803e-03
7.851728762670090803e-03
7.851728762670090803e-03
7.851728762670090803e-03
7.851728762670090803e-03
7.851728762670090803e-03
7.851728762670090803e-03
7.851728762670090803e-03
7.851728762670090803e-03
7.851728762670090803e-03
2.404907993137343075e-02
1.438102949400109701e-02
1.438102949400109701e-02
1.438102949400109701e-02
1.438102949400109701e-02
1.438102949400109701e-02
1.438102949400109701e-02
1.438102949400109701e-02
1.438102949400109701e-02
2.473368843540434125e-02
3.653853243491795438e-02
3.653853243491795438e-02
1.175309391773022205e-04
5.729473848800798429e-03
5.729473848800798429e-03
5.729473848800798429e-03
5.729473848800798429e-03
5.729473848800798429e-03
5.729473848800798429e-03
5.729473848800798429e-03
5.729473848800798429e-03
5.729473848800798429e-03
5.729473848800798429e-03
5.729473848800798429e-03
5.729473848800798429e-03
0.000000000000000000e+00
0.000000000000000000e+00
0.000000000000000000e+00
0.000000000000000000e+00
0.000000000000000000e+00
0.000000000000000000e+00
0.000000000000000000e+00
0.000000000000000000e+00
0.000000000000000000e+00
0.000000000000000000e+00
0.000000000000000000e+00
8.244633367523266504e-03
8.244633367523266504e-03
8.244633367523266504e-03
8.244633367523266504e-03
8.244633367523266504e-03
8.244633367523266504e-03
8.244633367523266504e-03
8.244633367523266504e-03
8.244633367523266504e-03
8.244633367523266504e-03
8.244633367523266504e-03
8.244633367523266504e-03
8.244633367523266504e-03
1.330515848823921390e-02
2.976276585056879947e-02
2.976276585056879947e-02
1.545667185915975197e-02
1.163782761025437297e-02
1.163782761025437297e-02
1.163782761025437297e-02
1.163782761025437297e-02
1.163782761025437297e-02
1.163782761025437297e-02
1.163782761025437297e-02
1.163782761025437297e-02
1.163782761025437297e-02
1.163782761025437297e-02
1.163782761025437297e-02
1.163782761025437297e-02
0.000000000000000000e+00
6.963449841146698328e-03
6.963449841146698328e-03
6.963449841146698328e-03
6.963449841146698328e-03
4.102105073298763747e-03
2.732726691475460476e-02
2.732726691475460476e-02
2.732726691475460476e-02
2.732726691475460476e-02
2.732726691475460476e-02
2.732726691475460476e-02
2.732726691475460476e-02
2.732726691475460476e-02
2.732726691475460476e-02
2.732726691475460476e-02
4.069576003260333939e-03
4.069576003260333939e-03
4.069576003260333939e-03
4.069576003260333939e-03
4.069576003260333939e-03
4.069576003260333939e-03
4.069576003260333939e-03
4.069576003260333939e-03
4.069576003260333939e-03
4.069576003260333939e-03
4.069576003260333939e-03
4.069576003260333939e-03
4.069576003260333939e-03
4.069576003260333939e-03
4.069576003260333939e-03
4.069576003260333939e-03
4.069576003260333939e-03
4.069576003260333939e-03
4.069576003260333939e-03
0.000000000000000000e+00
1.826381447661241594e-02
1.826381447661241594e-02
1.826381447661241594e-02
1.826381447661241594e-02
1.826381447661241594e-02
1.826381447661241594e-02
1.826381447661241594e-02
1.826381447661241594e-02
1.826381447661241594e-02
1.826381447661241594e-02
9.254060438297387683e-03
9.254060438297387683e-03
9.254060438297387683e-03
9.254060438297387683e-03
9.254060438297387683e-03
9.254060438297387683e-03
9.254060438297387683e-03
9.254060438297387683e-03
9.254060438297387683e-03
9.254060438297387683e-03
9.254060438297387683e-03
9.254060438297387683e-03
9.254060438297387683e-03
9.254060438297387683e-03
9.254060438297387683e-03
9.254060438297387683e-03
9.254060438297387683e-03
9.254060438297387683e-03
9.254060438297387683e-03
2.340753338933684868e-02
2.113809253167473964e-02
2.113809253167473964e-02
0.000000000000000000e+00
0.000000000000000000e+00
0.000000000000000000e+00
3.980747053538538638e-02
2.452056904640144072e-02
2.452056904640144072e-02
2.452056904640144072e-02
2.452056904640144072e-02
2.452056904640144072e-02
2.452056904640144072e-02
2.452056904640144072e-02
2.452056904640144072e-02
2.452056904640144072e-02
2.452056904640144072e-02
3.695058257782531195e-03
2.774335432928963507e-02
2.774335432928963507e-02
1.395593240978466182e-02
1.102178251654098266e-02
1.395593240978466182e-02
1.395593240978466182e-02
1.395593240978466182e-02
1.395593240978466182e-02
1.395593240978466182e-02
1.395593240978466182e-02
1.395593240978466182e-02
1.102178251654098266e-02
3.633061044298348252e-02
3.646205352313286463e-02
3.646205352313286463e-02
3.646205352313286463e-02
3.646205352313286463e-02
1.094801009965409855e-02
4.692203308194105478e-03
4.692203308194105478e-03
4.692203308194105478e-03
4.692203308194105478e-03
1.413598021315977220e-02
1.280675768499561079e-02
1.280675768499561079e-02
1.280675768499561079e-02
1.280675768499561079e-02
1.707719676952305574e-02
1.707719676952305574e-02
1.707719676952305574e-02
1.707719676952305574e-02
1.707719676952305574e-02
1.707719676952305574e-02
1.707719676952305574e-02
1.707719676952305574e-02
1.707719676952305574e-02
1.707719676952305574e-02
1.707719676952305574e-02
1.707719676952305574e-02
1.707719676952305574e-02
8.936360677191682034e-03
1.412306741634456082e-02
1.412306741634456082e-02
1.412306741634456082e-02
1.412306741634456082e-02
3.981844418710252242e-02
2.313741111571767511e-02
2.313741111571767511e-02
2.313741111571767511e-02
2.313741111571767511e-02
2.313741111571767511e-02
2.313741111571767511e-02
2.313741111571767511e-02
2.313741111571767511e-02
3.484005780303702643e-02
1.896418421527408874e-02
1.896418421527408874e-02
1.579445086033210224e-02
1.972139969826850608e-02
1.972139969826850608e-02
1.972139969826850608e-02
1.972139969826850608e-02
1.972139969826850608e-02
1.972139969826850608e-02
0.000000000000000000e+00
0.000000000000000000e+00
0.000000000000000000e+00
0.000000000000000000e+00
0.000000000000000000e+00
0.000000000000000000e+00
0.000000000000000000e+00
0.000000000000000000e+00
7.982485999828552517e-03
1.081839463994076211e-02
1.081839463994076211e-02
1.081839463994076211e-02
1.081839463994076211e-02
9.675853830652265605e-03
9.675853830652265605e-03
9.675853830652265605e-03
9.675853830652265605e-03
9.675853830652265605e-03
9.675853830652265605e-03
9.675853830652265605e-03
9.675853830652265605e-03
9.675853830652265605e-03
9.675853830652265605e-03
9.675853830652265605e-03
5.095945075331750895e-02
5.095945075331750895e-02
5.095945075331750895e-02
5.095945075331750895e-02
5.095945075331750895e-02
5.095945075331750895e-02
5.095945075331750895e-02
5.095945075331750895e-02
5.095945075331750895e-02
5.095945075331750895e-02
5.095945075331750895e-02
5.095945075331750895e-02
5.095945075331750895e-02
5.095945075331750895e-02
5.095945075331750895e-02
5.095945075331750895e-02
5.095945075331750895e-02
6.734381172256571207e-03
4.052880379660588582e-03
4.052880379660588582e-03
4.052880379660588582e-03
4.052880379660588582e-03
4.052880379660588582e-03
4.052880379660588582e-03
0.000000000000000000e+00
0.000000000000000000e+00
0.000000000000000000e+00
3.332724034284005772e-03
3.332724034284005772e-03
3.332724034284005772e-03
0.000000000000000000e+00
3.332724034284005772e-03
3.332724034284005772e-03
3.332724034284005772e-03
3.332724034284005772e-03
3.332724034284005772e-03
4.513414171649718191e-03
6.414998691910627632e-03
6.414998691910627632e-03
1.874167769922743983e-03
1.874167769922743983e-03
1.874167769922743983e-03
1.874167769922743983e-03
1.874167769922743983e-03
1.874167769922743983e-03
1.874167769922743983e-03
3.633061044298348252e-02
1.874167769922743983e-03
1.652881281239257372e-02
1.652881281239257372e-02
1.652881281239257372e-02
1.652881281239257372e-02
1.652881281239257372e-02
1.652881281239257372e-02
1.652881281239257372e-02
1.652881281239257372e-02
1.652881281239257372e-02
1.652881281239257372e-02
1.652881281239257372e-02
3.416666074203513620e-03
0.000000000000000000e+00
0.000000000000000000e+00
3.246933024018136896e-03
1.587690384586765840e-02
1.587690384586765840e-02
1.587690384586765840e-02
1.587690384586765840e-02
1.587690384586765840e-02
1.587690384586765840e-02
1.587690384586765840e-02
1.587690384586765840e-02
1.587690384586765840e-02
1.587690384586765840e-02
1.463433129291422975e-02
1.463433129291422975e-02
7.219881751653929244e-03
7.599290235876169156e-03
7.599290235876169156e-03
7.599290235876169156e-03
7.599290235876169156e-03
7.599290235876169156e-03
7.599290235876169156e-03
7.599290235876169156e-03
7.599290235876169156e-03
7.599290235876169156e-03
7.599290235876169156e-03
7.599290235876169156e-03
7.599290235876169156e-03
7.599290235876169156e-03
7.599290235876169156e-03
3.635908640504515506e-03
1.554134001215361888e-04
1.554134001215361888e-04
5.434276079846515721e-03
4.111866721049830392e-02
4.111866721049830392e-02
4.111866721049830392e-02
4.111866721049830392e-02
4.111866721049830392e-02
4.111866721049830392e-02
4.111866721049830392e-02
4.111866721049830392e-02
4.111866721049830392e-02
4.111866721049830392e-02
4.111866721049830392e-02
4.111866721049830392e-02
1.069158023588203527e-02
1.275689222871029260e-02
1.275689222871029260e-02
1.275689222871029260e-02
1.275689222871029260e-02
1.275689222871029260e-02
1.275689222871029260e-02
1.275689222871029260e-02
1.275689222871029260e-02
1.275689222871029260e-02
1.275689222871029260e-02
1.275689222871029260e-02
1.275689222871029260e-02
1.687998628051794181e-02
6.415412309129569710e-04
1.033738670609438484e-02
6.415412309129569710e-04
3.465528328974589595e-02
9.272787245242292836e-03
9.272787245242292836e-03
9.272787245242292836e-03
9.272787245242292836e-03
9.272787245242292836e-03
9.272787245242292836e-03
9.272787245242292836e-03
9.272787245242292836e-03
9.272787245242292836e-03
9.272787245242292836e-03
9.272787245242292836e-03
9.272787245242292836e-03
9.272787245242292836e-03
9.272787245242292836e-03
3.980747053538538638e-02
3.980747053538538638e-02
3.980747053538538638e-02
3.980747053538538638e-02
3.980747053538538638e-02
3.980747053538538638e-02
3.980747053538538638e-02
3.980747053538538638e-02
3.980747053538538638e-02
3.980747053538538638e-02
6.320162328366161347e-03
4.687580126708583081e-03
4.687580126708583081e-03
4.687580126708583081e-03
4.687580126708583081e-03
4.687580126708583081e-03
4.687580126708583081e-03
4.687580126708583081e-03
4.687580126708583081e-03
4.687580126708583081e-03
4.687580126708583081e-03
4.687580126708583081e-03
4.687580126708583081e-03
1.601101193971575087e-03
9.419710698437010893e-03
9.419710698437010893e-03
9.419710698437010893e-03
9.419710698437010893e-03
3.416666074203513620e-03
3.416666074203513620e-03
3.416666074203513620e-03
3.416666074203513620e-03
3.416666074203513620e-03
3.416666074203513620e-03
3.416666074203513620e-03
3.416666074203513620e-03
3.416666074203513620e-03
3.416666074203513620e-03
3.416666074203513620e-03
3.416666074203513620e-03
3.416666074203513620e-03
3.416666074203513620e-03
3.416666074203513620e-03
3.416666074203513620e-03
3.416666074203513620e-03
3.416666074203513620e-03
2.750363858955008275e-02
2.750363858955008275e-02
2.750363858955008275e-02
2.750363858955008275e-02
2.750363858955008275e-02
2.750363858955008275e-02
2.750363858955008275e-02
2.750363858955008275e-02
2.750363858955008275e-02
2.750363858955008275e-02
2.750363858955008275e-02
2.331724576547022226e-03
6.255112389069924887e-03
6.255112389069924887e-03
6.255112389069924887e-03
6.255112389069924887e-03
6.255112389069924887e-03
6.255112389069924887e-03
6.255112389069924887e-03
6.255112389069924887e-03
6.255112389069924887e-03
6.255112389069924887e-03
4.213861418919930164e-03
0.000000000000000000e+00
0.000000000000000000e+00
0.000000000000000000e+00
0.000000000000000000e+00
5.239627464889112102e-02
5.239627464889112102e-02
5.239627464889112102e-02
5.239627464889112102e-02
5.239627464889112102e-02
5.239627464889112102e-02
5.239627464889112102e-02
5.239627464889112102e-02
5.239627464889112102e-02
5.239627464889112102e-02
5.239627464889112102e-02
3.465528328974589595e-02
3.013105631998400091e-02
3.013105631998400091e-02
2.243251028242304254e-02
3.302870310518207786e-02
3.302870310518207786e-02
3.753149850688668882e-02
3.753149850688668882e-02
3.753149850688668882e-02
3.753149850688668882e-02
0.000000000000000000e+00
0.000000000000000000e+00
0.000000000000000000e+00
0.000000000000000000e+00
0.000000000000000000e+00
0.000000000000000000e+00
0.000000000000000000e+00
0.000000000000000000e+00
0.000000000000000000e+00
7.712418315545557963e-03
0.000000000000000000e+00
0.000000000000000000e+00
1.465649000252721400e-02
1.465649000252721400e-02
1.465649000252721400e-02
1.330713573499220023e-02
1.465649000252721400e-02
1.003582490440681901e-02
1.003582490440681901e-02
1.003582490440681901e-02
1.003582490440681901e-02
1.003582490440681901e-02
1.003582490440681901e-02
1.003582490440681901e-02
1.003582490440681901e-02
1.003582490440681901e-02
1.003582490440681901e-02
1.003582490440681901e-02
1.226266948523149942e-02
0.000000000000000000e+00
0.000000000000000000e+00
0.000000000000000000e+00
0.000000000000000000e+00
0.000000000000000000e+00
0.000000000000000000e+00
1.051253059070335685e-02
1.051253059070335685e-02
1.051253059070335685e-02
1.051253059070335685e-02
1.051253059070335685e-02
1.051253059070335685e-02
1.051253059070335685e-02
1.051253059070335685e-02
1.051253059070335685e-02
1.051253059070335685e-02
1.051253059070335685e-02
1.051253059070335685e-02
1.051253059070335685e-02
6.907905065467111541e-03
0.000000000000000000e+00
0.000000000000000000e+00
5.340045243082991965e-03
8.202729602683670948e-03
8.202729602683670948e-03
8.202729602683670948e-03
8.202729602683670948e-03
8.202729602683670948e-03
8.202729602683670948e-03
8.202729602683670948e-03
8.202729602683670948e-03
8.202729602683670948e-03
8.202729602683670948e-03
8.202729602683670948e-03
8.202729602683670948e-03
1.658054333651876391e-02
1.683438569173872565e-02
1.683438569173872565e-02
1.683438569173872565e-02
9.386084097283120195e-03
6.434094769455464199e-03
6.434094769455464199e-03
6.434094769455464199e-03
6.434094769455464199e-03
6.434094769455464199e-03
6.434094769455464199e-03
6.434094769455464199e-03
6.434094769455464199e-03
6.434094769455464199e-03
6.434094769455464199e-03
1.430855422580220096e-02
6.282855242114726438e-04
6.282855242114726438e-04
6.282855242114726438e-04
6.282855242114726438e-04
6.282855242114726438e-04
6.282855242114726438e-04
6.282855242114726438e-04
6.282855242114726438e-04
7.702606672772027187e-03
6.282855242114726438e-04
6.282855242114726438e-04
6.282855242114726438e-04
6.282855242114726438e-04
6.282855242114726438e-04
6.282855242114726438e-04
6.282855242114726438e-04
4.901302801497543424e-03
4.901302801497543424e-03
4.901302801497543424e-03
4.901302801497543424e-03
4.901302801497543424e-03
4.901302801497543424e-03
4.901302801497543424e-03
1.311775207721826465e-02
4.901302801497543424e-03
4.901302801497543424e-03
4.901302801497543424e-03
1.097875306100900769e-02
2.858804313582629514e-02
2.858804313582629514e-02
7.712418315545557963e-03
7.712418315545557963e-03
7.712418315545557963e-03
7.712418315545557963e-03
7.712418315545557963e-03
7.712418315545557963e-03
7.712418315545557963e-03
7.712418315545557963e-03
1.060304243635114621e-02
1.655986884207742010e-02
1.655986884207742010e-02
1.655986884207742010e-02
1.655986884207742010e-02
1.944163226116408030e-02
1.946450641805650555e-02
1.946450641805650555e-02
5.669308148394150773e-03
5.669308148394150773e-03
5.669308148394150773e-03
5.669308148394150773e-03
5.669308148394150773e-03
5.669308148394150773e-03
5.669308148394150773e-03
5.669308148394150773e-03
5.669308148394150773e-03
5.669308148394150773e-03
5.669308148394150773e-03
5.669308148394150773e-03
5.669308148394150773e-03
5.669308148394150773e-03
5.669308148394150773e-03
5.669308148394150773e-03
5.669308148394150773e-03
1.374795998840501986e-02
9.115610107706149240e-03
9.115610107706149240e-03
9.115610107706149240e-03
9.115610107706149240e-03
9.115610107706149240e-03
9.115610107706149240e-03
9.115610107706149240e-03
9.115610107706149240e-03
9.115610107706149240e-03
9.115610107706149240e-03
9.115610107706149240e-03
9.115610107706149240e-03
5.934320350136291361e-03
1.583859644342977546e-02
1.583859644342977546e-02
1.583859644342977546e-02
1.583859644342977546e-02
1.583859644342977546e-02
1.583859644342977546e-02
1.583859644342977546e-02
1.583859644342977546e-02
1.583859644342977546e-02
1.583859644342977546e-02
1.286576279998288136e-02
1.286576279998288136e-02
1.286576279998288136e-02
1.286576279998288136e-02
1.286576279998288136e-02
1.286576279998288136e-02
1.286576279998288136e-02
1.286576279998288136e-02
1.286576279998288136e-02
1.286576279998288136e-02
1.286576279998288136e-02
1.286576279998288136e-02
1.286576279998288136e-02
6.907905065467111541e-03
6.907905065467111541e-03
6.907905065467111541e-03
6.907905065467111541e-03
6.907905065467111541e-03
6.907905065467111541e-03
6.907905065467111541e-03
6.907905065467111541e-03
6.907905065467111541e-03
6.907905065467111541e-03
2.753224967613327433e-04
1.680231867805103904e-02
1.680231867805103904e-02
1.680231867805103904e-02
1.680231867805103904e-02
1.680231867805103904e-02
1.680231867805103904e-02
1.680231867805103904e-02
1.680231867805103904e-02
1.680231867805103904e-02
1.680231867805103904e-02
1.680231867805103904e-02
1.680231867805103904e-02
1.680231867805103904e-02
1.680231867805103904e-02
1.680231867805103904e-02
1.680231867805103904e-02
1.680231867805103904e-02
1.680231867805103904e-02
4.272259547883727748e-02
4.272259547883727748e-02
4.272259547883727748e-02
4.272259547883727748e-02
0.000000000000000000e+00
5.152887339593725628e-03
0.000000000000000000e+00
0.000000000000000000e+00
0.000000000000000000e+00
0.000000000000000000e+00
0.000000000000000000e+00
1.262902866895269753e-02
1.262902866895269753e-02
1.262902866895269753e-02
1.262902866895269753e-02
1.262902866895269753e-02
1.262902866895269753e-02
1.262902866895269753e-02
1.262902866895269753e-02
1.262902866895269753e-02
1.262902866895269753e-02
1.262902866895269753e-02
1.262902866895269753e-02
1.262902866895269753e-02
1.262902866895269753e-02
1.262902866895269753e-02
0.000000000000000000e+00
1.262902866895269753e-02
0.000000000000000000e+00
0.000000000000000000e+00
0.000000000000000000e+00
0.000000000000000000e+00
0.000000000000000000e+00
0.000000000000000000e+00
0.000000000000000000e+00
0.000000000000000000e+00
0.000000000000000000e+00
0.000000000000000000e+00
1.869335380761122725e-02
4.404725507505952153e-04
4.404725507505952153e-04
4.404725507505952153e-04
4.404725507505952153e-04
4.404725507505952153e-04
4.404725507505952153e-04
4.404725507505952153e-04
4.404725507505952153e-04
4.404725507505952153e-04
4.404725507505952153e-04
4.941280609576394721e-03
4.066765288597973932e-04
4.066765288597973932e-04
4.066765288597973932e-04
4.066765288597973932e-04
4.066765288597973932e-04
4.066765288597973932e-04
4.066765288597973932e-04
4.066765288597973932e-04
4.066765288597973932e-04
4.066765288597973932e-04
4.066765288597973932e-04
4.066765288597973932e-04
4.066765288597973932e-04
4.066765288597973932e-04
4.066765288597973932e-04
4.066765288597973932e-04
7.654839356745063265e-03
7.654839356745063265e-03
7.654839356745063265e-03
7.654839356745063265e-03
7.654839356745063265e-03
7.654839356745063265e-03
7.654839356745063265e-03
7.654839356745063265e-03
7.654839356745063265e-03
7.654839356745063265e-03
7.654839356745063265e-03
7.654839356745063265e-03
7.654839356745063265e-03
7.654839356745063265e-03
7.654839356745063265e-03
7.654839356745063265e-03
7.654839356745063265e-03
7.654839356745063265e-03
7.654839356745063265e-03
7.654839356745063265e-03
7.654839356745063265e-03
7.654839356745063265e-03
7.654839356745063265e-03
7.654839356745063265e-03
7.654839356745063265e-03
7.654839356745063265e-03
7.654839356745063265e-03
7.654839356745063265e-03
7.654839356745063265e-03
7.654839356745063265e-03
7.654839356745063265e-03
7.654839356745063265e-03
7.654839356745063265e-03
7.654839356745063265e-03
7.654839356745063265e-03
7.654839356745063265e-03
7.654839356745063265e-03
7.654839356745063265e-03
7.654839356745063265e-03
7.654839356745063265e-03
7.654839356745063265e-03
8.531533493777769539e-03
7.947378141386822123e-03
7.947378141386822123e-03
7.947378141386822123e-03
7.947378141386822123e-03
7.947378141386822123e-03
7.947378141386822123e-03
7.947378141386822123e-03
7.947378141386822123e-03
7.947378141386822123e-03
7.947378141386822123e-03
7.947378141386822123e-03
7.947378141386822123e-03
7.947378141386822123e-03
7.947378141386822123e-03
7.947378141386822123e-03
7.947378141386822123e-03
3.831217402319192326e-03
3.831217402319192326e-03
3.831217402319192326e-03
3.831217402319192326e-03
3.831217402319192326e-03
3.831217402319192326e-03
3.831217402319192326e-03
3.831217402319192326e-03
3.831217402319192326e-03
3.831217402319192326e-03
3.831217402319192326e-03
3.831217402319192326e-03
3.831217402319192326e-03
3.831217402319192326e-03
3.831217402319192326e-03
3.831217402319192326e-03
3.831217402319192326e-03
0.000000000000000000e+00
6.163620196808511191e-03
6.163620196808511191e-03
6.163620196808511191e-03
6.163620196808511191e-03
6.163620196808511191e-03
6.163620196808511191e-03
6.163620196808511191e-03
6.163620196808511191e-03
6.163620196808511191e-03
6.163620196808511191e-03
3.794572558147875753e-04
4.684857077468164866e-04
4.684857077468164866e-04
1.643503845894450296e-02
1.123022018511237678e-03
1.123022018511237678e-03
1.571896195866561222e-02
1.571896195866561222e-02
1.571896195866561222e-02
1.571896195866561222e-02
1.571896195866561222e-02
1.571896195866561222e-02
1.571896195866561222e-02
1.571896195866561222e-02
1.571896195866561222e-02
1.571896195866561222e-02
1.571896195866561222e-02
1.571896195866561222e-02
1.571896195866561222e-02
1.571896195866561222e-02
1.571896195866561222e-02
9.006243522003312685e-03
9.006243522003312685e-03
9.006243522003312685e-03
9.006243522003312685e-03
9.006243522003312685e-03
1.040919935611731711e-02
9.006243522003312685e-03
1.142196361412007276e-02
1.142196361412007276e-02
1.142196361412007276e-02
1.142196361412007276e-02
1.142196361412007276e-02
1.142196361412007276e-02
1.142196361412007276e-02
1.142196361412007276e-02
1.142196361412007276e-02
1.142196361412007276e-02
1.142196361412007276e-02
1.142196361412007276e-02
1.142196361412007276e-02
1.142196361412007276e-02
1.142196361412007276e-02
1.142196361412007276e-02
1.142196361412007276e-02
1.142196361412007276e-02
1.142196361412007276e-02
1.142196361412007276e-02
1.142196361412007276e-02
1.142196361412007276e-02
1.142196361412007276e-02
1.142196361412007276e-02
1.142196361412007276e-02
1.142196361412007276e-02
1.142196361412007276e-02
7.980028053984967226e-04
7.980028053984967226e-04
7.980028053984967226e-04
7.980028053984967226e-04
7.980028053984967226e-04
7.980028053984967226e-04
7.980028053984967226e-04
7.980028053984967226e-04
7.980028053984967226e-04
7.980028053984967226e-04
7.980028053984967226e-04
7.980028053984967226e-04
7.980028053984967226e-04
4.919365354660516776e-02
1.050116319854093108e-02
2.638350689475971178e-02
1.050116319854093108e-02
1.050116319854093108e-02
1.050116319854093108e-02
6.231311773043015680e-03
6.231311773043015680e-03
6.231311773043015680e-03
6.231311773043015680e-03
6.231311773043015680e-03
6.231311773043015680e-03
6.231311773043015680e-03
6.231311773043015680e-03
6.231311773043015680e-03
6.231311773043015680e-03
6.231311773043015680e-03
6.231311773043015680e-03
6.231311773043015680e-03
1.278437160365047259e-02
7.644547218842998211e-03
7.644547218842998211e-03
7.644547218842998211e-03
7.644547218842998211e-03
7.644547218842998211e-03
7.644547218842998211e-03
1.311355252828179385e-02
1.311355252828179385e-02
1.311355252828179385e-02
1.311355252828179385e-02
1.311355252828179385e-02
1.311355252828179385e-02
1.311355252828179385e-02
1.311355252828179385e-02
1.311355252828179385e-02
1.311355252828179385e-02
1.311355252828179385e-02
1.311355252828179385e-02
1.311355252828179385e-02
1.311355252828179385e-02
1.311355252828179385e-02
1.311355252828179385e-02
1.311355252828179385e-02
1.311355252828179385e-02
1.311355252828179385e-02
1.311355252828179385e-02
1.311355252828179385e-02
1.256866794249811986e-02
6.700776512587575118e-03
6.700776512587575118e-03
6.700776512587575118e-03
6.700776512587575118e-03
6.700776512587575118e-03
6.700776512587575118e-03
6.700776512587575118e-03
6.700776512587575118e-03
6.700776512587575118e-03
6.700776512587575118e-03
3.588948508356427491e-03
5.865240869761078994e-03
5.865240869761078994e-03
5.865240869761078994e-03
5.865240869761078994e-03
5.865240869761078994e-03
5.865240869761078994e-03
5.865240869761078994e-03
5.865240869761078994e-03
5.865240869761078994e-03
5.865240869761078994e-03
5.865240869761078994e-03
5.865240869761078994e-03
1.759494670682599030e-02
2.427717001608097058e-02
2.427717001608097058e-02
2.427717001608097058e-02
2.427717001608097058e-02
2.427717001608097058e-02
2.427717001608097058e-02
2.427717001608097058e-02
2.427717001608097058e-02
2.427717001608097058e-02
2.427717001608097058e-02
2.427717001608097058e-02
2.427717001608097058e-02
2.427717001608097058e-02
2.427717001608097058e-02
2.427717001608097058e-02
2.427717001608097058e-02
5.080428786345289778e-03
4.596546327352603323e-03
4.596546327352603323e-03
4.596546327352603323e-03
4.596546327352603323e-03
1.958019713125589908e-02
1.687581808654798135e-02
1.687581808654798135e-02
1.687581808654798135e-02
1.687581808654798135e-02
1.687581808654798135e-02
1.687581808654798135e-02
1.687581808654798135e-02
1.687581808654798135e-02
1.687581808654798135e-02
1.687581808654798135e-02
1.687581808654798135e-02
1.687581808654798135e-02
1.687581808654798135e-02
1.687581808654798135e-02
0.000000000000000000e+00
6.240635762538977727e-03
6.240635762538977727e-03
6.240635762538977727e-03
6.240635762538977727e-03
6.240635762538977727e-03
6.240635762538977727e-03
6.240635762538977727e-03
6.240635762538977727e-03
6.240635762538977727e-03
6.240635762538977727e-03
6.240635762538977727e-03
6.240635762538977727e-03
6.240635762538977727e-03
6.240635762538977727e-03
6.240635762538977727e-03
6.240635762538977727e-03
6.240635762538977727e-03
6.240635762538977727e-03
6.240635762538977727e-03
6.240635762538977727e-03
0.000000000000000000e+00
1.178775438287509546e-02
5.261242734980648567e-03
5.261242734980648567e-03
5.261242734980648567e-03
5.261242734980648567e-03
5.261242734980648567e-03
5.261242734980648567e-03
5.261242734980648567e-03
5.261242734980648567e-03
2.415772236150220964e-03
0.000000000000000000e+00
0.000000000000000000e+00
1.196256458157303687e-03
1.196256458157303687e-03
1.196256458157303687e-03
1.196256458157303687e-03
1.196256458157303687e-03
1.196256458157303687e-03
1.196256458157303687e-03
1.196256458157303687e-03
1.196256458157303687e-03
1.196256458157303687e-03
1.196256458157303687e-03
1.196256458157303687e-03
1.196256458157303687e-03
1.196256458157303687e-03
1.196256458157303687e-03
8.201849465753616869e-03
1.146231678430528755e-02
1.146231678430528755e-02
1.146231678430528755e-02
1.146231678430528755e-02
1.146231678430528755e-02
1.146231678430528755e-02
2.828939344445480925e-02
1.909551370064039091e-02
1.909551370064039091e-02
1.909551370064039091e-02
1.909551370064039091e-02
1.835935824560394961e-02
1.835935824560394961e-02
1.835935824560394961e-02
1.835935824560394961e-02
1.835935824560394961e-02
1.835935824560394961e-02
1.835935824560394961e-02
1.835935824560394961e-02
1.835935824560394961e-02
1.835935824560394961e-02
1.835935824560394961e-02
1.566591957100851515e-02
2.199472432321438256e-02
0.000000000000000000e+00
0.000000000000000000e+00
3.653699151728952849e-02
4.919365354660516776e-02
4.919365354660516776e-02
4.919365354660516776e-02
2.997187944041567603e-02
4.096896887139701154e-03
4.096896887139701154e-03
4.096896887139701154e-03
4.096896887139701154e-03
4.096896887139701154e-03
4.096896887139701154e-03
4.096896887139701154e-03
4.096896887139701154e-03
9.548860477232152394e-03
5.406290597130898774e-03
5.406290597130898774e-03
5.406290597130898774e-03
5.406290597130898774e-03
5.406290597130898774e-03
5.406290597130898774e-03
5.406290597130898774e-03
5.406290597130898774e-03
5.406290597130898774e-03
5.406290597130898774e-03
5.406290597130898774e-03
5.406290597130898774e-03
5.406290597130898774e-03
5.406290597130898774e-03
6.719018969226021702e-03
0.000000000000000000e+00
0.000000000000000000e+00
0.000000000000000000e+00
0.000000000000000000e+00
2.442297053488471509e-02
1.653459638325804545e-02
1.653459638325804545e-02
1.653459638325804545e-02
1.653459638325804545e-02
2.591007170600140297e-02
9.127448059291954838e-03
9.127448059291954838e-03
9.127448059291954838e-03
9.127448059291954838e-03
9.127448059291954838e-03
9.127448059291954838e-03
9.127448059291954838e-03
9.127448059291954838e-03
9.127448059291954838e-03
9.127448059291954838e-03
1.523384428227409458e-02
2.924598304044850969e-03
2.924598304044850969e-03
0.000000000000000000e+00
6.320162328366161347e-03
6.320162328366161347e-03
6.320162328366161347e-03
6.320162328366161347e-03
6.320162328366161347e-03
6.320162328366161347e-03
6.320162328366161347e-03
6.320162328366161347e-03
6.320162328366161347e-03
6.320162328366161347e-03
6.320162328366161347e-03
6.413474535737871338e-03
1.510736871523410884e-03
1.510736871523410884e-03
1.510736871523410884e-03
1.510736871523410884e-03
1.510736871523410884e-03
1.510736871523410884e-03
1.510736871523410884e-03
1.510736871523410884e-03
1.510736871523410884e-03
1.510736871523410884e-03
1.510736871523410884e-03
1.510736871523410884e-03
3.634422800849254620e-02
1.085860966808401039e-03
1.085860966808401039e-03
1.085860966808401039e-03
1.085860966808401039e-03
1.085860966808401039e-03
1.085860966808401039e-03
1.085860966808401039e-03
1.085860966808401039e-03
1.085860966808401039e-03
1.085860966808401039e-03
1.085860966808401039e-03
1.085860966808401039e-03
5.907091966479721505e-03
6.484788658175592163e-03
6.484788658175592163e-03
6.484788658175592163e-03
6.484788658175592163e-03
1.677349564916392685e-02
3.588948508356427491e-03
3.588948508356427491e-03
3.588948508356427491e-03
5.345714050511177380e-03
5.345714050511177380e-03
5.345714050511177380e-03
5.345714050511177380e-03
5.345714050511177380e-03
5.345714050511177380e-03
5.345714050511177380e-03
5.345714050511177380e-03
5.345714050511177380e-03
5.345714050511177380e-03
5.345714050511177380e-03
4.169616606308247653e-03
3.794572558147875753e-04
3.794572558147875753e-04
3.794572558147875753e-04
3.794572558147875753e-04
3.794572558147875753e-04
3.794572558147875753e-04
3.794572558147875753e-04
3.342864748227186017e-03
5.258595995628981626e-03
5.258595995628981626e-03
5.258595995628981626e-03
5.258595995628981626e-03
5.258595995628981626e-03
5.258595995628981626e-03
5.258595995628981626e-03
5.258595995628981626e-03
5.258595995628981626e-03
5.258595995628981626e-03
8.446879027735778103e-03
1.109956345100002184e-02
1.109956345100002184e-02
2.471348204084033474e-03
8.404381633665041276e-03
8.404381633665041276e-03
8.404381633665041276e-03
8.404381633665041276e-03
8.404381633665041276e-03
8.404381633665041276e-03
8.404381633665041276e-03
8.404381633665041276e-03
1.287162616886473702e-02
9.746374117038665574e-03
9.746374117038665574e-03
9.746374117038665574e-03
9.746374117038665574e-03
9.746374117038665574e-03
9.746374117038665574e-03
9.746374117038665574e-03
9.746374117038665574e-03
9.746374117038665574e-03
9.746374117038665574e-03
1.578459328637888889e-02
1.835359713234030118e-02
1.835359713234030118e-02
6.210800159736257903e-03
1.954354567878853043e-03
1.954354567878853043e-03
3.070423593097945290e-04
1.954354567878853043e-03
1.954354567878853043e-03
1.954354567878853043e-03
3.324674218266519127e-03
1.679482323082020362e-02
1.679482323082020362e-02
7.665827931345885020e-03
1.300111980299462067e-02
1.300111980299462067e-02
3.320141355679835649e-02
3.113200465823724380e-02
3.113200465823724380e-02
3.113200465823724380e-02
3.113200465823724380e-02
3.994853762281168341e-03
5.964172758586004999e-03
5.964172758586004999e-03
2.828939344445480925e-02
2.828939344445480925e-02
2.828939344445480925e-02
2.828939344445480925e-02
2.828939344445480925e-02
2.828939344445480925e-02
2.860155673526898479e-02
2.534630472792580302e-02
2.534630472792580302e-02
2.534630472792580302e-02
2.534630472792580302e-02
5.564193531240721816e-03
1.093853097159948155e-02
1.093853097159948155e-02
6.542885539860830539e-03
2.097564216698853679e-02
2.097564216698853679e-02
2.097564216698853679e-02
2.097564216698853679e-02
2.097564216698853679e-02
2.097564216698853679e-02
2.097564216698853679e-02
2.097564216698853679e-02
2.052409663620577418e-02
1.110690070428195682e-02
1.110690070428195682e-02
1.110690070428195682e-02
1.110690070428195682e-02
1.110690070428195682e-02
1.110690070428195682e-02
8.291890026146700801e-03
3.600312759037448129e-02
3.600312759037448129e-02
3.600312759037448129e-02
3.600312759037448129e-02
3.600312759037448129e-02
3.600312759037448129e-02
3.324674218266519127e-03
3.324674218266519127e-03
3.324674218266519127e-03
3.324674218266519127e-03
3.324674218266519127e-03
3.324674218266519127e-03
3.324674218266519127e-03
3.324674218266519127e-03
3.324674218266519127e-03
3.324674218266519127e-03
4.299379563064194103e-03
1.160745089774368327e-02
1.160745089774368327e-02
1.160745089774368327e-02
1.160745089774368327e-02
1.160745089774368327e-02
1.160745089774368327e-02
1.160745089774368327e-02
1.160745089774368327e-02
1.160745089774368327e-02
1.160745089774368327e-02
1.226452171879707136e-03
0.000000000000000000e+00
2.278641195010809584e-02
2.278641195010809584e-02
2.278641195010809584e-02
2.278641195010809584e-02
2.278641195010809584e-02
2.278641195010809584e-02
2.278641195010809584e-02
2.278641195010809584e-02
1.149543780400829121e-02
2.055473826580065874e-02
2.055473826580065874e-02
1.198828593429841424e-02
5.294850963777662095e-03
5.294850963777662095e-03
5.294850963777662095e-03
5.294850963777662095e-03
5.294850963777662095e-03
5.294850963777662095e-03
5.294850963777662095e-03
5.294850963777662095e-03
5.294850963777662095e-03
5.294850963777662095e-03
0.000000000000000000e+00
5.231334407543654016e-03
5.231334407543654016e-03
5.231334407543654016e-03
5.231334407543654016e-03
5.231334407543654016e-03
5.231334407543654016e-03
5.231334407543654016e-03
5.231334407543654016e-03
1.833599086534392275e-03
1.222562188039416631e-02
1.222562188039416631e-02
1.574033795162980021e-03
5.003621174674077916e-03
5.003621174674077916e-03
5.003621174674077916e-03
5.003621174674077916e-03
5.003621174674077916e-03
5.003621174674077916e-03
5.003621174674077916e-03
5.003621174674077916e-03
5.003621174674077916e-03
5.003621174674077916e-03
5.003621174674077916e-03
5.003621174674077916e-03
4.299379563064194103e-03
4.299379563064194103e-03
4.299379563064194103e-03
4.299379563064194103e-03
4.299379563064194103e-03
4.299379563064194103e-03
4.299379563064194103e-03
4.299379563064194103e-03
4.299379563064194103e-03
4.299379563064194103e-03
4.299379563064194103e-03
4.299379563064194103e-03
4.299379563064194103e-03
4.299379563064194103e-03
2.955779551746887720e-03
1.153254069328169549e-03
1.153254069328169549e-03
1.153254069328169549e-03
1.153254069328169549e-03
2.559671482202851428e-02
7.581015143694092191e-03
7.581015143694092191e-03
7.581015143694092191e-03
7.581015143694092191e-03
7.581015143694092191e-03
7.581015143694092191e-03
1.840157465948975835e-02
3.333817347683917017e-03
3.333817347683917017e-03
3.333817347683917017e-03
3.333817347683917017e-03
3.333817347683917017e-03
3.333817347683917017e-03
2.840692861216436837e-03
9.793860559414488409e-03
9.793860559414488409e-03
9.793860559414488409e-03
9.793860559414488409e-03
0.000000000000000000e+00
0.000000000000000000e+00
0.000000000000000000e+00
0.000000000000000000e+00
0.000000000000000000e+00
1.203462434884438605e-04
1.203462434884438605e-04
1.203462434884438605e-04
1.203462434884438605e-04
1.203462434884438605e-04
1.203462434884438605e-04
1.203462434884438605e-04
1.203462434884438605e-04
1.203462434884438605e-04
1.203462434884438605e-04
1.203462434884438605e-04
3.652773852512489899e-02
3.652773852512489899e-02
3.320141355679835649e-02
1.254689559543764425e-02
6.210800159736257903e-03
6.210800159736257903e-03
6.210800159736257903e-03
6.210800159736257903e-03
1.065691800387170507e-03
1.065691800387170507e-03
1.065691800387170507e-03
1.065691800387170507e-03
1.065691800387170507e-03
1.065691800387170507e-03
1.065691800387170507e-03
1.065691800387170507e-03
1.065691800387170507e-03
1.065691800387170507e-03
1.065691800387170507e-03
1.065691800387170507e-03
1.065691800387170507e-03
1.065691800387170507e-03
1.065691800387170507e-03
2.121746512599975015e-02
7.924805970199432989e-03
7.924805970199432989e-03
7.924805970199432989e-03
7.924805970199432989e-03
7.924805970199432989e-03
7.924805970199432989e-03
7.924805970199432989e-03
7.924805970199432989e-03
7.924805970199432989e-03
7.924805970199432989e-03
7.924805970199432989e-03
7.924805970199432989e-03
7.924805970199432989e-03
7.924805970199432989e-03
7.924805970199432989e-03
7.924805970199432989e-03
7.924805970199432989e-03
7.924805970199432989e-03
7.924805970199432989e-03
7.924805970199432989e-03
0.000000000000000000e+00
0.000000000000000000e+00
0.000000000000000000e+00
0.000000000000000000e+00
0.000000000000000000e+00
0.000000000000000000e+00
0.000000000000000000e+00
0.000000000000000000e+00
0.000000000000000000e+00
8.429654030044901212e-04
8.429654030044901212e-04
8.429654030044901212e-04
8.429654030044901212e-04
8.429654030044901212e-04
8.429654030044901212e-04
8.429654030044901212e-04
8.429654030044901212e-04
8.429654030044901212e-04
8.429654030044901212e-04
8.429654030044901212e-04
8.429654030044901212e-04
8.429654030044901212e-04
8.429654030044901212e-04
8.429654030044901212e-04
8.429654030044901212e-04
8.429654030044901212e-04
8.429654030044901212e-04
8.429654030044901212e-04
8.429654030044901212e-04
8.429654030044901212e-04
8.429654030044901212e-04
8.429654030044901212e-04
8.429654030044901212e-04
8.429654030044901212e-04
8.429654030044901212e-04
8.429654030044901212e-04
6.178095980488440206e-03
1.120076042482339579e-02
1.120076042482339579e-02
1.120076042482339579e-02
1.120076042482339579e-02
1.120076042482339579e-02
1.120076042482339579e-02
4.534831773990310663e-03
2.775206549805902742e-03
2.775206549805902742e-03
6.510534987919267338e-03
3.217855213965161495e-03
3.217855213965161495e-03
3.217855213965161495e-03
3.217855213965161495e-03
3.217855213965161495e-03
3.217855213965161495e-03
3.217855213965161495e-03
3.217855213965161495e-03
1.375461100682982309e-02
1.052000762012086400e-02
1.052000762012086400e-02
1.009625029459193524e-02
1.722489262376082630e-02
1.722489262376082630e-02
5.998078991099711418e-03
1.302391656536369853e-02
1.302391656536369853e-02
6.068547075505210898e-04
6.068547075505210898e-04
6.068547075505210898e-04
6.068547075505210898e-04
6.068547075505210898e-04
6.068547075505210898e-04
6.068547075505210898e-04
6.068547075505210898e-04
6.068547075505210898e-04
6.068547075505210898e-04
6.068547075505210898e-04
6.068547075505210898e-04
6.068547075505210898e-04
6.068547075505210898e-04
6.068547075505210898e-04
6.773579433130119502e-03
8.925349675713773953e-03
8.925349675713773953e-03
7.982485999828552517e-03
8.925349675713773953e-03
8.925349675713773953e-03
8.925349675713773953e-03
6.740758107069992101e-03
3.944941907768901267e-03
3.944941907768901267e-03
3.944941907768901267e-03
3.944941907768901267e-03
3.944941907768901267e-03
3.944941907768901267e-03
3.944941907768901267e-03
3.944941907768901267e-03
4.534831773990310663e-03
4.534831773990310663e-03
4.534831773990310663e-03
4.534831773990310663e-03
4.534831773990310663e-03
4.534831773990310663e-03
4.534831773990310663e-03
4.534831773990310663e-03
4.534831773990310663e-03
4.534831773990310663e-03
4.534831773990310663e-03
4.534831773990310663e-03
4.534831773990310663e-03
4.534831773990310663e-03
6.510534987919267338e-03
6.510534987919267338e-03
4.374701147714687749e-04
7.760797950915375790e-03
7.760797950915375790e-03
7.760797950915375790e-03
7.760797950915375790e-03
1.057158441793576778e-02
1.057158441793576778e-02
1.057158441793576778e-02
1.057158441793576778e-02
1.057158441793576778e-02
1.057158441793576778e-02
1.057158441793576778e-02
1.057158441793576778e-02
1.057158441793576778e-02
1.057158441793576778e-02
1.057158441793576778e-02
1.057158441793576778e-02
1.057158441793576778e-02
1.057158441793576778e-02
1.057158441793576778e-02
1.278437160365047259e-02
1.260318601260806970e-02
1.260318601260806970e-02
0.000000000000000000e+00
0.000000000000000000e+00
0.000000000000000000e+00
7.721106318198814669e-03
1.175788680403094463e-02
1.175788680403094463e-02
1.175788680403094463e-02
1.175788680403094463e-02
1.429182628636819531e-02
1.322928153768590520e-02
1.322928153768590520e-02
5.564193531240721816e-03
5.564193531240721816e-03
5.564193531240721816e-03
5.564193531240721816e-03
5.564193531240721816e-03
5.564193531240721816e-03
5.564193531240721816e-03
5.564193531240721816e-03
5.564193531240721816e-03
5.564193531240721816e-03
2.128974039352905454e-02
1.566544698263394814e-03
1.566544698263394814e-03
9.831042413574712577e-03
1.330515848823921390e-02
1.330515848823921390e-02
1.330515848823921390e-02
1.330515848823921390e-02
1.330515848823921390e-02
1.330515848823921390e-02
1.330515848823921390e-02
1.330515848823921390e-02
1.330515848823921390e-02
4.236096738900001907e-03
1.487390951713047152e-02
1.487390951713047152e-02
1.487390951713047152e-02
1.487390951713047152e-02
1.009625029459193524e-02
1.009625029459193524e-02
1.009625029459193524e-02
1.009625029459193524e-02
1.009625029459193524e-02
1.009625029459193524e-02
1.009625029459193524e-02
1.009625029459193524e-02
1.009625029459193524e-02
1.009625029459193524e-02
1.009625029459193524e-02
1.009625029459193524e-02
3.491247657029952767e-02
1.648634340949996213e-04
1.648634340949996213e-04
1.648634340949996213e-04
1.648634340949996213e-04
1.648634340949996213e-04
1.648634340949996213e-04
1.648634340949996213e-04
1.648634340949996213e-04
1.648634340949996213e-04
1.648634340949996213e-04
7.834855060154631437e-04
7.834855060154631437e-04
7.834855060154631437e-04
7.834855060154631437e-04
7.834855060154631437e-04
7.834855060154631437e-04
7.834855060154631437e-04
7.834855060154631437e-04
7.834855060154631437e-04
7.834855060154631437e-04
7.834855060154631437e-04
7.834855060154631437e-04
7.834855060154631437e-04
7.834855060154631437e-04
7.834855060154631437e-04
7.834855060154631437e-04
7.834855060154631437e-04
7.834855060154631437e-04
7.834855060154631437e-04
7.834855060154631437e-04
7.834855060154631437e-04
3.154075665536831049e-03
3.154075665536831049e-03
3.154075665536831049e-03
3.154075665536831049e-03
3.154075665536831049e-03
3.154075665536831049e-03
3.154075665536831049e-03
3.154075665536831049e-03
3.154075665536831049e-03
3.154075665536831049e-03
3.154075665536831049e-03
3.154075665536831049e-03
3.154075665536831049e-03
5.668671225807220271e-03
6.335378548757301768e-03
6.335378548757301768e-03
6.335378548757301768e-03
6.335378548757301768e-03
6.335378548757301768e-03
5.668671225807220271e-03
1.751823226391895777e-02
1.628632117621096886e-02
1.628632117621096886e-02
1.628632117621096886e-02
1.628632117621096886e-02
1.628632117621096886e-02
1.628632117621096886e-02
0.000000000000000000e+00
4.279978414570788543e-03
4.279978414570788543e-03
4.279978414570788543e-03
4.279978414570788543e-03
4.279978414570788543e-03
4.279978414570788543e-03
4.279978414570788543e-03
4.279978414570788543e-03
4.279978414570788543e-03
4.279978414570788543e-03
4.253584880358488723e-02
1.315512784069139407e-02
1.315512784069139407e-02
1.315512784069139407e-02
1.315512784069139407e-02
1.315512784069139407e-02
1.315512784069139407e-02
1.315512784069139407e-02
1.315512784069139407e-02
1.315512784069139407e-02
1.315512784069139407e-02
1.655276224227622897e-02
1.954819003694081153e-02
1.954819003694081153e-02
2.366063504811716581e-02
1.601101193971575087e-03
1.601101193971575087e-03
1.601101193971575087e-03
1.601101193971575087e-03
1.601101193971575087e-03
1.601101193971575087e-03
1.601101193971575087e-03
1.601101193971575087e-03
1.601101193971575087e-03
8.848243443946680192e-03
6.134347349857429549e-03
6.134347349857429549e-03
6.134347349857429549e-03
6.134347349857429549e-03
6.134347349857429549e-03
6.134347349857429549e-03
6.134347349857429549e-03
6.134347349857429549e-03
6.134347349857429549e-03
6.134347349857429549e-03
6.134347349857429549e-03
6.134347349857429549e-03
1.047832496812834552e-02
0.000000000000000000e+00
0.000000000000000000e+00
0.000000000000000000e+00
0.000000000000000000e+00
5.467398918809127789e-03
5.441755776588499613e-03
5.441755776588499613e-03
5.441755776588499613e-03
5.441755776588499613e-03
5.441755776588499613e-03
5.441755776588499613e-03
5.441755776588499613e-03
5.441755776588499613e-03
5.441755776588499613e-03
5.441755776588499613e-03
5.441755776588499613e-03
5.441755776588499613e-03
1.619854488645556742e-02
1.619854488645556742e-02
1.619854488645556742e-02
1.619854488645556742e-02
1.024831551540425489e-02
1.024831551540425489e-02
1.024831551540425489e-02
1.024831551540425489e-02
1.024831551540425489e-02
1.024831551540425489e-02
1.024831551540425489e-02
1.024831551540425489e-02
1.024831551540425489e-02
1.024831551540425489e-02
1.024831551540425489e-02
1.024831551540425489e-02
1.024831551540425489e-02
1.024831551540425489e-02
1.024831551540425489e-02
1.024831551540425489e-02
1.024831551540425489e-02
1.020646831206754000e-02
1.263302748291812196e-03
1.263302748291812196e-03
1.263302748291812196e-03
1.263302748291812196e-03
1.263302748291812196e-03
1.263302748291812196e-03
1.263302748291812196e-03
1.263302748291812196e-03
1.263302748291812196e-03
1.263302748291812196e-03
1.263302748291812196e-03
1.263302748291812196e-03
1.263302748291812196e-03
1.263302748291812196e-03
1.123767773848479215e-02
3.736066384882230380e-03
3.736066384882230380e-03
3.736066384882230380e-03
3.736066384882230380e-03
4.195032324012360793e-03
6.604433924785998999e-02
6.604433924785998999e-02
6.604433924785998999e-02
6.604433924785998999e-02
6.604433924785998999e-02
6.604433924785998999e-02
6.604433924785998999e-02
6.604433924785998999e-02
6.604433924785998999e-02
6.604433924785998999e-02
6.604433924785998999e-02
6.604433924785998999e-02
6.604433924785998999e-02
6.604433924785998999e-02
6.604433924785998999e-02
6.604433924785998999e-02
0.000000000000000000e+00
0.000000000000000000e+00
0.000000000000000000e+00
0.000000000000000000e+00
0.000000000000000000e+00
0.000000000000000000e+00
0.000000000000000000e+00
0.000000000000000000e+00
0.000000000000000000e+00
1.586534947185094802e-02
3.893555172663320206e-03
3.893555172663320206e-03
3.893555172663320206e-03
3.893555172663320206e-03
3.893555172663320206e-03
3.893555172663320206e-03
3.893555172663320206e-03
3.893555172663320206e-03
0.000000000000000000e+00
4.005026629469428390e-02
4.005026629469428390e-02
4.005026629469428390e-02
4.005026629469428390e-02
4.005026629469428390e-02
4.005026629469428390e-02
5.616664430345023884e-02
1.978156495269873388e-02
1.978156495269873388e-02
1.978156495269873388e-02
1.978156495269873388e-02
1.934467483090594698e-03
7.223018604543320245e-06
7.223018604543320245e-06
7.223018604543320245e-06
7.223018604543320245e-06
7.223018604543320245e-06
7.223018604543320245e-06
7.223018604543320245e-06
7.223018604543320245e-06
7.223018604543320245e-06
7.223018604543320245e-06
4.226341136170240660e-03
1.782764166007371961e-02
1.782764166007371961e-02
1.782764166007371961e-02
1.782764166007371961e-02
2.514971026376892210e-02
1.950227302159236384e-02
1.950227302159236384e-02
1.950227302159236384e-02
1.950227302159236384e-02
4.365548820429971701e-03
1.178721111825570787e-02
1.178721111825570787e-02
9.778391242222296033e-04
5.714521803093049711e-03
5.714521803093049711e-03
3.168018351552039959e-03
2.568738476428863906e-03
2.568738476428863906e-03
2.180075217500536313e-03
1.846952535176233853e-02
1.846952535176233853e-02
1.846952535176233853e-02
1.846952535176233853e-02
1.846952535176233853e-02
1.846952535176233853e-02
7.754064631386440275e-03
6.207654146200594115e-03
6.207654146200594115e-03
6.207654146200594115e-03
6.207654146200594115e-03
1.027376646375857770e-03
2.562115451371992092e-02
2.562115451371992092e-02
2.562115451371992092e-02
2.562115451371992092e-02
2.562115451371992092e-02
2.562115451371992092e-02
0.000000000000000000e+00
6.328478237190272859e-03
6.328478237190272859e-03
6.328478237190272859e-03
6.328478237190272859e-03
6.328478237190272859e-03
6.328478237190272859e-03
6.328478237190272859e-03
6.328478237190272859e-03
6.328478237190272859e-03
6.328478237190272859e-03
6.328478237190272859e-03
6.328478237190272859e-03
6.328478237190272859e-03
6.328478237190272859e-03
6.328478237190272859e-03
6.328478237190272859e-03
6.328478237190272859e-03
6.328478237190272859e-03
3.937748787742794201e-03
1.523156330412663191e-02
1.523156330412663191e-02
1.523156330412663191e-02
1.523156330412663191e-02
1.523156330412663191e-02
1.523156330412663191e-02
1.523156330412663191e-02
1.523156330412663191e-02
1.523156330412663191e-02
1.523156330412663191e-02
3.313753906142273640e-03
3.313753906142273640e-03
3.313753906142273640e-03
3.313753906142273640e-03
3.313753906142273640e-03
3.313753906142273640e-03
3.313753906142273640e-03
3.313753906142273640e-03
3.313753906142273640e-03
3.313753906142273640e-03
3.313753906142273640e-03
3.313753906142273640e-03
3.313753906142273640e-03
2.727210016211779192e-03
0.000000000000000000e+00
0.000000000000000000e+00
3.854046862502671228e-02
0.000000000000000000e+00
0.000000000000000000e+00
0.000000000000000000e+00
0.000000000000000000e+00
2.252104537243608540e-02
1.337317191976110375e-02
1.337317191976110375e-02
1.337317191976110375e-02
1.337317191976110375e-02
1.337317191976110375e-02
1.337317191976110375e-02
1.337317191976110375e-02
1.337317191976110375e-02
1.337317191976110375e-02
1.337317191976110375e-02
0.000000000000000000e+00
0.000000000000000000e+00
0.000000000000000000e+00
0.000000000000000000e+00
0.000000000000000000e+00
1.143398452878282298e-03
1.143398452878282298e-03
1.143398452878282298e-03
1.143398452878282298e-03
1.143398452878282298e-03
1.143398452878282298e-03
1.143398452878282298e-03
1.143398452878282298e-03
1.143398452878282298e-03
1.143398452878282298e-03
1.143398452878282298e-03
1.143398452878282298e-03
1.143398452878282298e-03
1.143398452878282298e-03
1.143398452878282298e-03
1.143398452878282298e-03
1.143398452878282298e-03
1.143398452878282298e-03
1.143398452878282298e-03
1.872758681743832152e-03
2.853039202235378713e-02
2.853039202235378713e-02
2.853039202235378713e-02
2.853039202235378713e-02
2.853039202235378713e-02
2.853039202235378713e-02
2.853039202235378713e-02
2.853039202235378713e-02
2.853039202235378713e-02
2.853039202235378713e-02
2.853039202235378713e-02
2.853039202235378713e-02
2.853039202235378713e-02
2.853039202235378713e-02
1.594882825367262974e-02
1.472568239066291557e-02
1.472568239066291557e-02
1.472568239066291557e-02
1.472568239066291557e-02
1.472568239066291557e-02
1.472568239066291557e-02
1.200344233265132794e-02
4.742696864380170109e-03
2.255808264962923249e-02
4.742696864380170109e-03
5.114045518378590276e-03
5.114045518378590276e-03
5.114045518378590276e-03
5.114045518378590276e-03
5.114045518378590276e-03
5.114045518378590276e-03
5.114045518378590276e-03
5.114045518378590276e-03
5.114045518378590276e-03
5.114045518378590276e-03
5.114045518378590276e-03
5.114045518378590276e-03
5.114045518378590276e-03
5.114045518378590276e-03
5.114045518378590276e-03
5.114045518378590276e-03
5.114045518378590276e-03
5.114045518378590276e-03
5.114045518378590276e-03
5.114045518378590276e-03
5.114045518378590276e-03
5.114045518378590276e-03
5.114045518378590276e-03
0.000000000000000000e+00
0.000000000000000000e+00
0.000000000000000000e+00
1.143593055012517845e-02
2.075115521060619944e-02
2.075115521060619944e-02
2.075115521060619944e-02
2.075115521060619944e-02
2.075115521060619944e-02
2.075115521060619944e-02
2.075115521060619944e-02
2.075115521060619944e-02
2.075115521060619944e-02
2.075115521060619944e-02
2.425497215671059987e-03
0.000000000000000000e+00
0.000000000000000000e+00
1.107735725768178164e-02
7.338311182019861996e-03
7.338311182019861996e-03
7.338311182019861996e-03
7.338311182019861996e-03
7.338311182019861996e-03
7.338311182019861996e-03
7.338311182019861996e-03
7.338311182019861996e-03
7.338311182019861996e-03
7.338311182019861996e-03
2.144386904997521923e-02
1.123767773848479215e-02
1.123767773848479215e-02
1.123767773848479215e-02
1.123767773848479215e-02
1.123767773848479215e-02
1.123767773848479215e-02
1.123767773848479215e-02
1.123767773848479215e-02
1.123767773848479215e-02
0.000000000000000000e+00
2.412796481613039765e-02
2.412796481613039765e-02
2.412796481613039765e-02
2.412796481613039765e-02
9.959981921175534852e-03
2.412796481613039765e-02
2.815372120606609782e-03
2.815372120606609782e-03
2.815372120606609782e-03
2.815372120606609782e-03
2.815372120606609782e-03
2.815372120606609782e-03
1.062903306606916010e-02
2.869581752863983870e-02
2.869581752863983870e-02
2.869581752863983870e-02
2.869581752863983870e-02
2.115874789664220698e-02
7.407253138730213876e-03
7.407253138730213876e-03
7.407253138730213876e-03
7.407253138730213876e-03
7.407253138730213876e-03
7.407253138730213876e-03
7.407253138730213876e-03
7.407253138730213876e-03
7.407253138730213876e-03
7.407253138730213876e-03
7.407253138730213876e-03
7.407253138730213876e-03
7.407253138730213876e-03
7.407253138730213876e-03
1.533010895274795893e-02
5.507727039154413674e-03
5.507727039154413674e-03
5.507727039154413674e-03
5.507727039154413674e-03
9.210252517129107266e-03
5.814903076864109000e-04
5.814903076864109000e-04
5.814903076864109000e-04
5.814903076864109000e-04
5.814903076864109000e-04
5.814903076864109000e-04
5.814903076864109000e-04
5.814903076864109000e-04
5.814903076864109000e-04
5.814903076864109000e-04
0.000000000000000000e+00
5.814903076864109000e-04
5.814903076864109000e-04
5.814903076864109000e-04
1.301186577477313373e-02
1.623618213900011181e-02
1.623618213900011181e-02
1.623618213900011181e-02
1.623618213900011181e-02
1.623618213900011181e-02
1.623618213900011181e-02
1.623618213900011181e-02
1.623618213900011181e-02
5.013576230498193072e-03
1.333173216613941885e-02
1.333173216613941885e-02
1.333173216613941885e-02
1.333173216613941885e-02
1.333173216613941885e-02
1.333173216613941885e-02
1.333173216613941885e-02
1.333173216613941885e-02
1.333173216613941885e-02
1.333173216613941885e-02
9.279068666606655851e-04
0.000000000000000000e+00
0.000000000000000000e+00
0.000000000000000000e+00
8.567665244743213893e-03
8.567665244743213893e-03
8.567665244743213893e-03
8.567665244743213893e-03
8.567665244743213893e-03
8.567665244743213893e-03
8.567665244743213893e-03
8.567665244743213893e-03
8.567665244743213893e-03
8.567665244743213893e-03
8.567665244743213893e-03
8.567665244743213893e-03
8.567665244743213893e-03
8.567665244743213893e-03
8.567665244743213893e-03
8.567665244743213893e-03
8.567665244743213893e-03
8.567665244743213893e-03
8.567665244743213893e-03
8.567665244743213893e-03
8.567665244743213893e-03
8.567665244743213893e-03
8.567665244743213893e-03
8.567665244743213893e-03
1.842649978255149132e-02
1.191349211033513981e-02
1.191349211033513981e-02
1.191349211033513981e-02
1.191349211033513981e-02
1.191349211033513981e-02
1.191349211033513981e-02
1.191349211033513981e-02
1.191349211033513981e-02
1.191349211033513981e-02
1.191349211033513981e-02
2.031761200356913010e-04
1.335725778739202570e-02
1.335725778739202570e-02
1.335725778739202570e-02
1.335725778739202570e-02
2.497578772427294950e-04
4.375466075451901055e-02
4.375466075451901055e-02
2.144386904997521923e-02
2.144386904997521923e-02
2.144386904997521923e-02
2.144386904997521923e-02
2.144386904997521923e-02
2.144386904997521923e-02
2.144386904997521923e-02
2.144386904997521923e-02
2.144386904997521923e-02
2.144386904997521923e-02
2.144386904997521923e-02
2.144386904997521923e-02
2.144386904997521923e-02
2.144386904997521923e-02
2.144386904997521923e-02
2.144386904997521923e-02
2.179328562913355680e-02
4.430839813756919793e-02
4.430839813756919793e-02
4.375482920424259708e-02
4.430839813756919793e-02
4.626321632558387693e-03
1.797102240636529874e-03
1.797102240636529874e-03
1.797102240636529874e-03
1.797102240636529874e-03
3.831218199207338400e-04
3.168018351552039959e-03
3.168018351552039959e-03
3.168018351552039959e-03
3.168018351552039959e-03
3.168018351552039959e-03
3.168018351552039959e-03
3.168018351552039959e-03
3.168018351552039959e-03
3.168018351552039959e-03
3.168018351552039959e-03
3.168018351552039959e-03
9.585748314452709369e-04
1.674650741195731060e-04
1.123010806299818733e-02
1.123010806299818733e-02
1.123010806299818733e-02
1.674650741195731060e-04
1.674650741195731060e-04
1.674650741195731060e-04
1.662116731750925419e-02
1.662116731750925419e-02
1.662116731750925419e-02
1.662116731750925419e-02
1.662116731750925419e-02
1.662116731750925419e-02
1.662116731750925419e-02
1.662116731750925419e-02
1.662116731750925419e-02
1.662116731750925419e-02
1.662116731750925419e-02
2.777289753092417480e-03
2.777289753092417480e-03
2.777289753092417480e-03
2.777289753092417480e-03
2.777289753092417480e-03
2.777289753092417480e-03
2.777289753092417480e-03
2.777289753092417480e-03
2.777289753092417480e-03
2.777289753092417480e-03
2.777289753092417480e-03
2.777289753092417480e-03
2.777289753092417480e-03
2.777289753092417480e-03
2.777289753092417480e-03
2.777289753092417480e-03
2.777289753092417480e-03
2.777289753092417480e-03
2.777289753092417480e-03
9.096962315423264217e-04
9.096962315423264217e-04
9.096962315423264217e-04
9.096962315423264217e-04
9.096962315423264217e-04
9.096962315423264217e-04
9.096962315423264217e-04
9.096962315423264217e-04
9.096962315423264217e-04
9.096962315423264217e-04
9.096962315423264217e-04
9.096962315423264217e-04
9.096962315423264217e-04
9.096962315423264217e-04
9.096962315423264217e-04
9.096962315423264217e-04
9.096962315423264217e-04
9.096962315423264217e-04
9.096962315423264217e-04
9.096962315423264217e-04
9.096962315423264217e-04
9.096962315423264217e-04
9.096962315423264217e-04
4.035084381841249138e-03
1.489786050276338709e-02
1.489786050276338709e-02
1.489786050276338709e-02
1.489786050276338709e-02
1.489786050276338709e-02
1.489786050276338709e-02
0.000000000000000000e+00
0.000000000000000000e+00
0.000000000000000000e+00
0.000000000000000000e+00
0.000000000000000000e+00
0.000000000000000000e+00
0.000000000000000000e+00
0.000000000000000000e+00
0.000000000000000000e+00
4.035084381841249138e-03
4.035084381841249138e-03
4.035084381841249138e-03
4.035084381841249138e-03
4.035084381841249138e-03
4.035084381841249138e-03
4.035084381841249138e-03
4.035084381841249138e-03
4.035084381841249138e-03
4.035084381841249138e-03
4.035084381841249138e-03
4.035084381841249138e-03
9.191707002826593476e-03
6.544016364323885886e-03
6.544016364323885886e-03
7.082675290946398999e-03
7.082675290946398999e-03
7.082675290946398999e-03
7.082675290946398999e-03
1.022392705549470329e-02
1.986275628937902299e-02
1.986275628937902299e-02
1.986275628937902299e-02
1.986275628937902299e-02
3.523316161419840029e-03
7.241956769207227775e-04
7.241956769207227775e-04
7.241956769207227775e-04
7.241956769207227775e-04
0.000000000000000000e+00
0.000000000000000000e+00
0.000000000000000000e+00
0.000000000000000000e+00
0.000000000000000000e+00
0.000000000000000000e+00
1.566637010767501365e-02
1.566637010767501365e-02
1.566637010767501365e-02
1.566637010767501365e-02
1.566637010767501365e-02
1.566637010767501365e-02
1.566637010767501365e-02
1.566637010767501365e-02
1.566637010767501365e-02
1.566637010767501365e-02
1.566637010767501365e-02
1.566637010767501365e-02
2.049485430264111688e-02
2.121746512599975015e-02
1.390085281691082718e-02
3.808741279766443121e-03
3.808741279766443121e-03
3.808741279766443121e-03
3.808741279766443121e-03
3.808741279766443121e-03
3.808741279766443121e-03
3.808741279766443121e-03
3.808741279766443121e-03
3.808741279766443121e-03
3.808741279766443121e-03
3.808741279766443121e-03
3.808741279766443121e-03
0.000000000000000000e+00
8.482545132005634911e-03
2.304184304391899279e-02
2.304184304391899279e-02
2.304184304391899279e-02
2.304184304391899279e-02
2.304184304391899279e-02
2.304184304391899279e-02
2.304184304391899279e-02
2.304184304391899279e-02
2.304184304391899279e-02
2.304184304391899279e-02
2.304184304391899279e-02
2.304184304391899279e-02
2.304184304391899279e-02
2.304184304391899279e-02
2.742043579895588404e-02
4.276123456070043440e-03
4.276123456070043440e-03
4.276123456070043440e-03
4.276123456070043440e-03
4.276123456070043440e-03
4.276123456070043440e-03
4.276123456070043440e-03
4.276123456070043440e-03
6.323339443286435206e-03
1.428297828422163407e-02
1.428297828422163407e-02
1.428297828422163407e-02
1.428297828422163407e-02
1.428297828422163407e-02
1.428297828422163407e-02
1.428297828422163407e-02
1.428297828422163407e-02
1.428297828422163407e-02
1.428297828422163407e-02
1.428297828422163407e-02
1.428297828422163407e-02
1.191456135085525040e-03
1.560715761064284668e-01
1.560715761064284668e-01
1.560715761064284668e-01
1.560715761064284668e-01
1.560715761064284668e-01
1.560715761064284668e-01
1.560715761064284668e-01
1.560715761064284668e-01
0.000000000000000000e+00
0.000000000000000000e+00
0.000000000000000000e+00
0.000000000000000000e+00
0.000000000000000000e+00
0.000000000000000000e+00
0.000000000000000000e+00
1.899322013230289943e-02
6.841973381578889471e-03
6.841973381578889471e-03
6.841973381578889471e-03
6.841973381578889471e-03
6.841973381578889471e-03
6.841973381578889471e-03
6.841973381578889471e-03
6.841973381578889471e-03
7.520364086001056839e-03
9.128004820467132061e-03
9.128004820467132061e-03
8.451249334734074531e-04
8.451249334734074531e-04
8.451249334734074531e-04
8.451249334734074531e-04
8.451249334734074531e-04
8.451249334734074531e-04
8.451249334734074531e-04
8.451249334734074531e-04
8.451249334734074531e-04
8.451249334734074531e-04
8.451249334734074531e-04
8.451249334734074531e-04
8.451249334734074531e-04
8.451249334734074531e-04
8.451249334734074531e-04
8.451249334734074531e-04
8.451249334734074531e-04
8.451249334734074531e-04
8.451249334734074531e-04
8.451249334734074531e-04
8.451249334734074531e-04
8.451249334734074531e-04
8.451249334734074531e-04
8.451249334734074531e-04
8.451249334734074531e-04
8.451249334734074531e-04
6.814202921472625740e-02
7.477397946025871045e-02
7.477397946025871045e-02
1.982894293909951214e-02
1.982894293909951214e-02
1.982894293909951214e-02
1.982894293909951214e-02
1.982894293909951214e-02
1.982894293909951214e-02
1.982894293909951214e-02
1.982894293909951214e-02
1.982894293909951214e-02
1.982894293909951214e-02
1.982894293909951214e-02
1.982894293909951214e-02
1.982894293909951214e-02
1.982894293909951214e-02
1.982894293909951214e-02
1.982894293909951214e-02
1.982894293909951214e-02
1.982894293909951214e-02
1.982894293909951214e-02
7.872662581898060008e-03
7.309026233599504908e-03
7.309026233599504908e-03
7.309026233599504908e-03
7.309026233599504908e-03
7.309026233599504908e-03
7.309026233599504908e-03
5.823748888832599654e-03
7.878825675924167006e-04
7.878825675924167006e-04
7.878825675924167006e-04
7.878825675924167006e-04
7.878825675924167006e-04
7.878825675924167006e-04
7.878825675924167006e-04
7.878825675924167006e-04
7.878825675924167006e-04
7.878825675924167006e-04
7.878825675924167006e-04
7.878825675924167006e-04
7.878825675924167006e-04
7.878825675924167006e-04
7.878825675924167006e-04
7.878825675924167006e-04
7.878825675924167006e-04
7.878825675924167006e-04
7.878825675924167006e-04
7.878825675924167006e-04
7.878825675924167006e-04
7.878825675924167006e-04
7.878825675924167006e-04
7.878825675924167006e-04
7.878825675924167006e-04
7.878825675924167006e-04
7.878825675924167006e-04
7.878825675924167006e-04
7.878825675924167006e-04
7.878825675924167006e-04
1.739808075068554824e-02
1.739808075068554824e-02
1.739808075068554824e-02
1.739808075068554824e-02
1.739808075068554824e-02
1.739808075068554824e-02
1.739808075068554824e-02
1.739808075068554824e-02
1.739808075068554824e-02
1.739808075068554824e-02
1.739808075068554824e-02
1.739808075068554824e-02
1.739808075068554824e-02
1.739808075068554824e-02
1.739808075068554824e-02
0.000000000000000000e+00
0.000000000000000000e+00
0.000000000000000000e+00
0.000000000000000000e+00
0.000000000000000000e+00
3.957403927378524630e-03
3.957403927378524630e-03
3.957403927378524630e-03
3.957403927378524630e-03
3.957403927378524630e-03
3.957403927378524630e-03
3.957403927378524630e-03
3.957403927378524630e-03
3.957403927378524630e-03
3.957403927378524630e-03
3.957403927378524630e-03
3.957403927378524630e-03
3.957403927378524630e-03
5.659693493004640946e-03
5.963195900206477197e-03
5.963195900206477197e-03
5.963195900206477197e-03
5.963195900206477197e-03
5.963195900206477197e-03
5.963195900206477197e-03
1.740037994025345203e-02
3.281283254514855835e-02
3.281283254514855835e-02
3.281283254514855835e-02
3.281283254514855835e-02
3.281283254514855835e-02
3.281283254514855835e-02
3.281283254514855835e-02
3.281283254514855835e-02
2.049485430264111688e-02
2.049485430264111688e-02
2.049485430264111688e-02
2.049485430264111688e-02
5.806097820746103540e-03
1.016734121219412153e-02
1.016734121219412153e-02
1.016734121219412153e-02
1.016734121219412153e-02
1.016734121219412153e-02
1.016734121219412153e-02
1.016734121219412153e-02
1.016734121219412153e-02
2.204521745638934188e-02
1.740037994025345203e-02
1.740037994025345203e-02
1.740037994025345203e-02
6.847414894515190236e-04
1.241833850515055085e-02
1.241833850515055085e-02
1.241833850515055085e-02
1.241833850515055085e-02
9.020917264731330432e-03
9.020917264731330432e-03
9.020917264731330432e-03
9.020917264731330432e-03
9.020917264731330432e-03
9.020917264731330432e-03
9.020917264731330432e-03
9.020917264731330432e-03
9.020917264731330432e-03
9.020917264731330432e-03
9.020917264731330432e-03
1.328899926469776643e-02
3.424810519735943526e-02
3.424810519735943526e-02
7.953312733908415519e-03
7.953312733908415519e-03
7.953312733908415519e-03
7.953312733908415519e-03
7.953312733908415519e-03
7.953312733908415519e-03
7.953312733908415519e-03
7.953312733908415519e-03
7.953312733908415519e-03
7.953312733908415519e-03
7.953312733908415519e-03
7.953312733908415519e-03
7.953312733908415519e-03
7.953312733908415519e-03
7.953312733908415519e-03
7.953312733908415519e-03
7.953312733908415519e-03
7.953312733908415519e-03
7.953312733908415519e-03
7.953312733908415519e-03
7.953312733908415519e-03
7.953312733908415519e-03
7.953312733908415519e-03
7.953312733908415519e-03
7.953312733908415519e-03
2.230868247246412146e-03
2.230868247246412146e-03
2.230868247246412146e-03
2.230868247246412146e-03
2.230868247246412146e-03
2.230868247246412146e-03
2.230868247246412146e-03
1.543669208929888265e-02
2.230868247246412146e-03
0.000000000000000000e+00
2.128974039352905454e-02
2.128974039352905454e-02
2.128974039352905454e-02
2.128974039352905454e-02
2.128974039352905454e-02
2.128974039352905454e-02
2.128974039352905454e-02
4.548108173967938504e-03
8.975477950029720625e-03
8.975477950029720625e-03
8.975477950029720625e-03
8.975477950029720625e-03
1.839564536069184658e-02
6.814202921472625740e-02
6.814202921472625740e-02
6.814202921472625740e-02
0.000000000000000000e+00
3.695058257782531195e-03
3.695058257782531195e-03
3.695058257782531195e-03
3.695058257782531195e-03
3.695058257782531195e-03
7.736401794295080618e-03
2.640328106138288208e-03
2.640328106138288208e-03
2.640328106138288208e-03
2.640328106138288208e-03
2.640328106138288208e-03
2.640328106138288208e-03
2.640328106138288208e-03
2.640328106138288208e-03
2.640328106138288208e-03
2.640328106138288208e-03
2.640328106138288208e-03
2.640328106138288208e-03
2.640328106138288208e-03
2.640328106138288208e-03
2.640328106138288208e-03
2.640328106138288208e-03
2.640328106138288208e-03
2.640328106138288208e-03
1.744148802976078216e-02
1.744148802976078216e-02
1.744148802976078216e-02
1.744148802976078216e-02
1.744148802976078216e-02
1.744148802976078216e-02
1.744148802976078216e-02
1.744148802976078216e-02
1.744148802976078216e-02
1.744148802976078216e-02
1.744148802976078216e-02
2.048738011255904013e-04
1.022392705549470329e-02
1.022392705549470329e-02
1.022392705549470329e-02
1.022392705549470329e-02
1.022392705549470329e-02
1.022392705549470329e-02
1.022392705549470329e-02
2.260860300906182216e-02
7.786776325853839165e-03
7.786776325853839165e-03
7.786776325853839165e-03
7.786776325853839165e-03
7.786776325853839165e-03
7.786776325853839165e-03
7.786776325853839165e-03
7.786776325853839165e-03
5.013576230498193072e-03
5.013576230498193072e-03
5.013576230498193072e-03
5.013576230498193072e-03
1.958019713125589908e-02
1.958019713125589908e-02
1.958019713125589908e-02
1.958019713125589908e-02
1.958019713125589908e-02
1.958019713125589908e-02
0.000000000000000000e+00
0.000000000000000000e+00
0.000000000000000000e+00
1.978521846131552075e-02
2.470296889371944790e-02
2.470296889371944790e-02
2.470296889371944790e-02
2.470296889371944790e-02
1.409280112718423218e-02
1.117581468096169768e-02
1.117581468096169768e-02
1.117581468096169768e-02
1.117581468096169768e-02
1.117581468096169768e-02
1.117581468096169768e-02
1.117581468096169768e-02
1.117581468096169768e-02
1.088513037848335731e-03
1.050967962939101420e-02
1.050967962939101420e-02
1.205565072231279920e-02
6.564433932391273291e-03
6.564433932391273291e-03
6.564433932391273291e-03
6.564433932391273291e-03
6.564433932391273291e-03
6.564433932391273291e-03
6.564433932391273291e-03
6.564433932391273291e-03
6.564433932391273291e-03
6.564433932391273291e-03
1.153520360785321476e-02
7.920660713623482296e-04
7.920660713623482296e-04
7.920660713623482296e-04
7.920660713623482296e-04
0.000000000000000000e+00
0.000000000000000000e+00
0.000000000000000000e+00
2.162844804499625823e-02
1.936426703515613593e-03
1.936426703515613593e-03
1.936426703515613593e-03
1.936426703515613593e-03
1.936426703515613593e-03
1.936426703515613593e-03
6.164371697116288393e-03
6.164371697116288393e-03
6.164371697116288393e-03
6.164371697116288393e-03
6.164371697116288393e-03
6.164371697116288393e-03
6.164371697116288393e-03
6.164371697116288393e-03
6.164371697116288393e-03
6.164371697116288393e-03
6.164371697116288393e-03
6.164371697116288393e-03
6.164371697116288393e-03
6.164371697116288393e-03
6.164371697116288393e-03
6.164371697116288393e-03
6.164371697116288393e-03
1.461573830590564421e-02
7.730164888378212554e-05
7.730164888378212554e-05
7.730164888378212554e-05
7.730164888378212554e-05
7.730164888378212554e-05
7.730164888378212554e-05
7.730164888378212554e-05
7.730164888378212554e-05
7.730164888378212554e-05
7.730164888378212554e-05
7.730164888378212554e-05
7.730164888378212554e-05
7.730164888378212554e-05
7.730164888378212554e-05
7.730164888378212554e-05
7.730164888378212554e-05
7.730164888378212554e-05
7.730164888378212554e-05
7.730164888378212554e-05
7.730164888378212554e-05
7.730164888378212554e-05
7.730164888378212554e-05
0.000000000000000000e+00
0.000000000000000000e+00
0.000000000000000000e+00
6.190777720890214449e-03
3.461055617827874138e-03
3.461055617827874138e-03
3.461055617827874138e-03
3.461055617827874138e-03
0.000000000000000000e+00
0.000000000000000000e+00
0.000000000000000000e+00
0.000000000000000000e+00
0.000000000000000000e+00
0.000000000000000000e+00
0.000000000000000000e+00
1.261485050222608227e-02
1.578459328637888889e-02
3.827143532313826563e-03
1.687998628051794181e-02
1.687998628051794181e-02
1.687998628051794181e-02
9.199330138955037067e-03
9.199330138955037067e-03
9.199330138955037067e-03
9.199330138955037067e-03
9.199330138955037067e-03
9.199330138955037067e-03
9.199330138955037067e-03
9.199330138955037067e-03
9.199330138955037067e-03
9.199330138955037067e-03
9.199330138955037067e-03
1.461573830590564421e-02
1.461573830590564421e-02
1.461573830590564421e-02
1.461573830590564421e-02
2.162844804499625823e-02
2.162844804499625823e-02
2.162844804499625823e-02
2.162844804499625823e-02
3.070423593097945290e-04
1.177768456587394326e-02
5.003157821395586360e-03
5.003157821395586360e-03
5.003157821395586360e-03
5.003157821395586360e-03
5.003157821395586360e-03
5.003157821395586360e-03
5.003157821395586360e-03
5.003157821395586360e-03
5.003157821395586360e-03
5.003157821395586360e-03
5.003157821395586360e-03
5.003157821395586360e-03
5.003157821395586360e-03
5.003157821395586360e-03
5.003157821395586360e-03
5.003157821395586360e-03
5.003157821395586360e-03
5.003157821395586360e-03
5.003157821395586360e-03
5.003157821395586360e-03
5.003157821395586360e-03
5.003157821395586360e-03
5.003157821395586360e-03
5.003157821395586360e-03
5.003157821395586360e-03
5.003157821395586360e-03
5.003157821395586360e-03
5.003157821395586360e-03
5.003157821395586360e-03
5.003157821395586360e-03
5.003157821395586360e-03
5.003157821395586360e-03
1.188964512767964193e-02
2.497578772427294950e-04
2.497578772427294950e-04
2.497578772427294950e-04
1.289002774297249394e-03
0.000000000000000000e+00
0.000000000000000000e+00
0.000000000000000000e+00
0.000000000000000000e+00
0.000000000000000000e+00
2.953581170137857190e-03
7.520364086001056839e-03
7.520364086001056839e-03
7.520364086001056839e-03
7.520364086001056839e-03
7.520364086001056839e-03
7.520364086001056839e-03
7.520364086001056839e-03
6.227904249683569211e-03
1.590243162230355403e-02
1.590243162230355403e-02
1.590243162230355403e-02
1.590243162230355403e-02
6.834344797592140780e-03
3.715207018707939596e-03
3.715207018707939596e-03
3.715207018707939596e-03
3.715207018707939596e-03
0.000000000000000000e+00
7.968501158990786912e-03
7.968501158990786912e-03
7.968501158990786912e-03
7.968501158990786912e-03
7.968501158990786912e-03
7.968501158990786912e-03
7.968501158990786912e-03
7.968501158990786912e-03
0.000000000000000000e+00
0.000000000000000000e+00
0.000000000000000000e+00
0.000000000000000000e+00
0.000000000000000000e+00
0.000000000000000000e+00
0.000000000000000000e+00
0.000000000000000000e+00
0.000000000000000000e+00
0.000000000000000000e+00
0.000000000000000000e+00
0.000000000000000000e+00
1.517690753680349391e-02
1.517690753680349391e-02
1.517690753680349391e-02
1.517690753680349391e-02
1.517690753680349391e-02
1.517690753680349391e-02
1.517690753680349391e-02
1.517690753680349391e-02
1.517690753680349391e-02
1.517690753680349391e-02
1.517690753680349391e-02
1.517690753680349391e-02
1.517690753680349391e-02
1.517690753680349391e-02
1.517690753680349391e-02
1.517690753680349391e-02
1.517690753680349391e-02
1.517690753680349391e-02
1.517690753680349391e-02
1.517690753680349391e-02
1.188964512767964193e-02
1.188964512767964193e-02
1.188964512767964193e-02
1.188964512767964193e-02
1.188964512767964193e-02
1.188964512767964193e-02
1.188964512767964193e-02
1.188964512767964193e-02
1.188964512767964193e-02
1.188964512767964193e-02
6.331705762667438724e-03
1.858358186835214199e-02
1.858358186835214199e-02
1.858358186835214199e-02
1.858358186835214199e-02
8.292907232915777346e-03
1.931948473935828775e-02
1.931948473935828775e-02
6.569083059202019022e-03
6.569083059202019022e-03
6.569083059202019022e-03
6.569083059202019022e-03
6.569083059202019022e-03
6.569083059202019022e-03
6.569083059202019022e-03
6.569083059202019022e-03
6.569083059202019022e-03
6.569083059202019022e-03
6.569083059202019022e-03
6.569083059202019022e-03
6.569083059202019022e-03
6.190777720890214449e-03
6.190777720890214449e-03
6.190777720890214449e-03
6.190777720890214449e-03
6.190777720890214449e-03
6.190777720890214449e-03
6.190777720890214449e-03
6.190777720890214449e-03
6.190777720890214449e-03
6.190777720890214449e-03
6.190777720890214449e-03
6.190777720890214449e-03
1.540342474050002131e-02
4.962772292754237796e-04
4.962772292754237796e-04
4.022556881624009956e-03
4.962772292754237796e-04
0.000000000000000000e+00
0.000000000000000000e+00
0.000000000000000000e+00
0.000000000000000000e+00
0.000000000000000000e+00
0.000000000000000000e+00
0.000000000000000000e+00
5.760551763701140561e-03
5.505051876504126612e-03
5.505051876504126612e-03
5.505051876504126612e-03
5.505051876504126612e-03
5.505051876504126612e-03
5.505051876504126612e-03
1.254093953004146479e-03
9.093059345022282136e-04
9.093059345022282136e-04
9.093059345022282136e-04
9.093059345022282136e-04
9.093059345022282136e-04
9.093059345022282136e-04
9.093059345022282136e-04
9.093059345022282136e-04
9.093059345022282136e-04
9.093059345022282136e-04
9.093059345022282136e-04
9.093059345022282136e-04
9.093059345022282136e-04
9.093059345022282136e-04
9.093059345022282136e-04
9.093059345022282136e-04
1.328583261995713513e-02
1.203605122767673063e-02
1.203605122767673063e-02
1.768168676246866661e-02
1.768168676246866661e-02
1.768168676246866661e-02
1.768168676246866661e-02
1.768168676246866661e-02
1.768168676246866661e-02
1.768168676246866661e-02
1.768168676246866661e-02
1.768168676246866661e-02
1.768168676246866661e-02
1.768168676246866661e-02
5.400147763159892159e-03
1.452825220965717548e-02
5.400147763159892159e-03
5.400147763159892159e-03
5.400147763159892159e-03
5.400147763159892159e-03
5.400147763159892159e-03
5.400147763159892159e-03
5.400147763159892159e-03
5.400147763159892159e-03
5.400147763159892159e-03
1.452825220965717548e-02
1.334951461473806583e-02
7.280829902361750372e-03
7.280829902361750372e-03
7.280829902361750372e-03
7.280829902361750372e-03
7.280829902361750372e-03
7.280829902361750372e-03
7.280829902361750372e-03
7.280829902361750372e-03
7.280829902361750372e-03
7.280829902361750372e-03
7.280829902361750372e-03
7.280829902361750372e-03
7.280829902361750372e-03
7.280829902361750372e-03
9.956195698133784439e-03
9.956195698133784439e-03
9.956195698133784439e-03
9.956195698133784439e-03
9.956195698133784439e-03
9.956195698133784439e-03
9.956195698133784439e-03
9.956195698133784439e-03
9.956195698133784439e-03
9.956195698133784439e-03
9.956195698133784439e-03
9.956195698133784439e-03
9.956195698133784439e-03
6.036926851469083359e-03
6.036926851469083359e-03
1.261485050222608227e-02
2.398328177165886740e-02
2.398328177165886740e-02
2.398328177165886740e-02
2.398328177165886740e-02
2.398328177165886740e-02
2.398328177165886740e-02
2.398328177165886740e-02
2.398328177165886740e-02
2.398328177165886740e-02
2.398328177165886740e-02
2.398328177165886740e-02
2.398328177165886740e-02
2.398328177165886740e-02
2.398328177165886740e-02
2.398328177165886740e-02
2.398328177165886740e-02
2.398328177165886740e-02
2.398328177165886740e-02
2.398328177165886740e-02
2.398328177165886740e-02
2.398328177165886740e-02
2.398328177165886740e-02
2.398328177165886740e-02
2.398328177165886740e-02
2.398328177165886740e-02
2.398328177165886740e-02
2.398328177165886740e-02
2.398328177165886740e-02
2.398328177165886740e-02
2.398328177165886740e-02
2.398328177165886740e-02
2.398328177165886740e-02
2.398328177165886740e-02
2.398328177165886740e-02
2.398328177165886740e-02
2.398328177165886740e-02
2.398328177165886740e-02
2.398328177165886740e-02
1.398983444776932816e-02
1.284552734621245002e-02
1.284552734621245002e-02
2.955779551746887720e-03
1.980093398754540629e-02
1.980093398754540629e-02
2.378918545633869352e-04
5.994368159229321487e-03
5.994368159229321487e-03
4.919659155530167575e-03
1.105866522292549975e-02
1.105866522292549975e-02
0.000000000000000000e+00
0.000000000000000000e+00
0.000000000000000000e+00
0.000000000000000000e+00
0.000000000000000000e+00
2.707508933942115231e-04
1.516878493112559833e-03
1.516878493112559833e-03
1.516878493112559833e-03
1.516878493112559833e-03
1.516878493112559833e-03
1.516878493112559833e-03
1.516878493112559833e-03
1.516878493112559833e-03
1.999965046596643287e-02
8.046005476448269897e-03
8.046005476448269897e-03
8.046005476448269897e-03
8.046005476448269897e-03
1.744583083461724365e-04
1.744583083461724365e-04
1.744583083461724365e-04
1.744583083461724365e-04
1.744583083461724365e-04
1.744583083461724365e-04
1.744583083461724365e-04
1.744583083461724365e-04
1.744583083461724365e-04
1.744583083461724365e-04
1.744583083461724365e-04
1.744583083461724365e-04
1.744583083461724365e-04
2.840692861216436837e-03
7.841095655342423740e-03
7.841095655342423740e-03
7.841095655342423740e-03
7.841095655342423740e-03
7.841095655342423740e-03
7.841095655342423740e-03
7.841095655342423740e-03
7.841095655342423740e-03
7.841095655342423740e-03
7.841095655342423740e-03
7.841095655342423740e-03
7.841095655342423740e-03
2.288438868917174254e-02
2.175900992988490795e-02
2.175900992988490795e-02
3.111241890967149717e-02
3.677215647721646889e-03
3.677215647721646889e-03
3.677215647721646889e-03
3.677215647721646889e-03
3.677215647721646889e-03
3.677215647721646889e-03
3.677215647721646889e-03
3.677215647721646889e-03
3.677215647721646889e-03
3.677215647721646889e-03
3.677215647721646889e-03
3.677215647721646889e-03
3.677215647721646889e-03
3.677215647721646889e-03
3.677215647721646889e-03
3.677215647721646889e-03
3.677215647721646889e-03
3.677215647721646889e-03
3.677215647721646889e-03
3.677215647721646889e-03
3.677215647721646889e-03
3.677215647721646889e-03
3.677215647721646889e-03
3.677215647721646889e-03
1.898262364055034943e-02
1.010594596768564501e-02
1.010594596768564501e-02
1.010594596768564501e-02
1.010594596768564501e-02
1.010594596768564501e-02
1.010594596768564501e-02
1.010594596768564501e-02
1.010594596768564501e-02
1.010594596768564501e-02
1.010594596768564501e-02
1.010594596768564501e-02
1.010594596768564501e-02
1.010594596768564501e-02
1.010594596768564501e-02
2.179328562913355680e-02
1.452525173186527269e-02
1.452525173186527269e-02
1.452525173186527269e-02
1.452525173186527269e-02
1.452525173186527269e-02
1.452525173186527269e-02
1.452525173186527269e-02
1.452525173186527269e-02
1.452525173186527269e-02
1.452525173186527269e-02
1.452525173186527269e-02
1.452525173186527269e-02
1.452525173186527269e-02
1.452525173186527269e-02
0.000000000000000000e+00
0.000000000000000000e+00
0.000000000000000000e+00
0.000000000000000000e+00
1.037425711442514081e-02
1.037425711442514081e-02
1.037425711442514081e-02
1.037425711442514081e-02
1.037425711442514081e-02
1.037425711442514081e-02
1.037425711442514081e-02
1.037425711442514081e-02
1.037425711442514081e-02
1.037425711442514081e-02
1.037425711442514081e-02
1.037425711442514081e-02
1.037425711442514081e-02
0.000000000000000000e+00
2.491377771849639933e-02
2.491377771849639933e-02
2.491377771849639933e-02
2.491377771849639933e-02
2.491377771849639933e-02
2.491377771849639933e-02
2.491377771849639933e-02
2.491377771849639933e-02
2.491377771849639933e-02
2.491377771849639933e-02
1.088939844648630084e-02
1.088939844648630084e-02
1.088939844648630084e-02
1.088939844648630084e-02
1.088939844648630084e-02
1.088939844648630084e-02
1.088939844648630084e-02
1.088939844648630084e-02
1.088939844648630084e-02
1.088939844648630084e-02
1.088939844648630084e-02
1.088939844648630084e-02
1.088939844648630084e-02
3.746269298511609863e-02
1.153403742081693731e-02
1.153403742081693731e-02
2.881126907609667456e-02
1.793224930513000887e-02
1.311941107331988064e-02
1.674716624218037034e-02
1.674716624218037034e-02
1.674716624218037034e-02
1.674716624218037034e-02
1.674716624218037034e-02
1.674716624218037034e-02
1.674716624218037034e-02
1.674716624218037034e-02
1.674716624218037034e-02
1.674716624218037034e-02
0.000000000000000000e+00
0.000000000000000000e+00
0.000000000000000000e+00
3.602695737335717685e-02
1.238804758595066051e-02
1.238804758595066051e-02
1.238804758595066051e-02
1.238804758595066051e-02
1.238804758595066051e-02
1.238804758595066051e-02
1.238804758595066051e-02
1.238804758595066051e-02
1.238804758595066051e-02
1.238804758595066051e-02
1.238804758595066051e-02
1.238804758595066051e-02
1.238804758595066051e-02
1.238804758595066051e-02
2.288438868917174254e-02
2.297080306951997802e-02
2.297080306951997802e-02
2.297080306951997802e-02
2.297080306951997802e-02
2.297080306951997802e-02
2.297080306951997802e-02
0.000000000000000000e+00
0.000000000000000000e+00
0.000000000000000000e+00
0.000000000000000000e+00
0.000000000000000000e+00
0.000000000000000000e+00
0.000000000000000000e+00
0.000000000000000000e+00
0.000000000000000000e+00
0.000000000000000000e+00
0.000000000000000000e+00
0.000000000000000000e+00
0.000000000000000000e+00
0.000000000000000000e+00
0.000000000000000000e+00
0.000000000000000000e+00
0.000000000000000000e+00
0.000000000000000000e+00
0.000000000000000000e+00
0.000000000000000000e+00
0.000000000000000000e+00
0.000000000000000000e+00
0.000000000000000000e+00
1.996791444664154647e-02
4.491587275459366264e-03
4.491587275459366264e-03
4.491587275459366264e-03
4.491587275459366264e-03
2.462860020206671802e-02
1.617910972976798617e-02
1.617910972976798617e-02
1.617910972976798617e-02
1.617910972976798617e-02
1.617910972976798617e-02
1.617910972976798617e-02
1.617910972976798617e-02
1.617910972976798617e-02
1.617910972976798617e-02
1.617910972976798617e-02
1.156163831694274891e-02
0.000000000000000000e+00
0.000000000000000000e+00
7.509000436936237241e-03
0.000000000000000000e+00
0.000000000000000000e+00
1.684071802425373549e-02
1.331512281466826209e-02
1.331512281466826209e-02
1.331512281466826209e-02
1.331512281466826209e-02
1.331512281466826209e-02
1.331512281466826209e-02
1.331512281466826209e-02
1.331512281466826209e-02
3.279123846331834929e-02
2.782130215756263222e-02
2.782130215756263222e-02
2.782130215756263222e-02
2.782130215756263222e-02
4.106273701725131342e-02
1.271155728681190589e-02
1.271155728681190589e-02
1.271155728681190589e-02
1.271155728681190589e-02
1.271155728681190589e-02
1.271155728681190589e-02
1.271155728681190589e-02
1.271155728681190589e-02
1.271155728681190589e-02
1.271155728681190589e-02
1.271155728681190589e-02
1.271155728681190589e-02
1.271155728681190589e-02
1.271155728681190589e-02
1.594032874054847337e-02
1.594032874054847337e-02
1.594032874054847337e-02
1.594032874054847337e-02
2.934759972347604842e-02
8.543301550672829925e-03
8.543301550672829925e-03
1.586534947185094802e-02
1.586534947185094802e-02
1.586534947185094802e-02
1.586534947185094802e-02
1.586534947185094802e-02
1.586534947185094802e-02
1.586534947185094802e-02
1.586534947185094802e-02
1.586534947185094802e-02
1.586534947185094802e-02
1.586534947185094802e-02
1.586534947185094802e-02
1.897625417173499571e-02
2.923696092423242257e-02
2.923696092423242257e-02
2.923696092423242257e-02
2.923696092423242257e-02
2.923696092423242257e-02
2.923696092423242257e-02
2.923696092423242257e-02
2.923696092423242257e-02
2.923696092423242257e-02
2.923696092423242257e-02
2.923696092423242257e-02
2.923696092423242257e-02
2.923696092423242257e-02
2.923696092423242257e-02
1.065900230982356122e-03
4.204277453334541101e-03
4.204277453334541101e-03
4.204277453334541101e-03
4.204277453334541101e-03
4.204277453334541101e-03
4.204277453334541101e-03
1.162693785752951132e-02
1.162693785752951132e-02
1.162693785752951132e-02
1.162693785752951132e-02
1.162693785752951132e-02
1.162693785752951132e-02
1.162693785752951132e-02
1.162693785752951132e-02
1.162693785752951132e-02
1.162693785752951132e-02
1.162693785752951132e-02
2.784575724888323570e-02
3.453601723376787530e-02
3.453601723376787530e-02
3.453601723376787530e-02
3.453601723376787530e-02
7.509000436936237241e-03
7.509000436936237241e-03
7.509000436936237241e-03
7.509000436936237241e-03
7.509000436936237241e-03
7.509000436936237241e-03
7.509000436936237241e-03
7.509000436936237241e-03
1.041565330702852454e-02
1.156163831694274891e-02
1.156163831694274891e-02
1.156163831694274891e-02
5.640448814707592351e-03
6.243183700266004277e-03
6.243183700266004277e-03
6.243183700266004277e-03
6.243183700266004277e-03
6.243183700266004277e-03
6.243183700266004277e-03
6.243183700266004277e-03
6.243183700266004277e-03
6.243183700266004277e-03
6.243183700266004277e-03
8.179278156224515804e-05
5.654059292644124553e-03
5.654059292644124553e-03
5.654059292644124553e-03
5.654059292644124553e-03
5.654059292644124553e-03
5.654059292644124553e-03
1.728200613372955991e-03
1.633319053326007589e-02
1.633319053326007589e-02
1.633319053326007589e-02
1.633319053326007589e-02
1.633319053326007589e-02
1.633319053326007589e-02
1.633319053326007589e-02
1.633319053326007589e-02
1.633319053326007589e-02
1.633319053326007589e-02
2.966871965420980750e-02
1.842649978255149132e-02
1.046319886874067873e-03
2.312539759987296273e-02
2.312539759987296273e-02
2.312539759987296273e-02
2.312539759987296273e-02
2.312539759987296273e-02
2.312539759987296273e-02
2.312539759987296273e-02
2.312539759987296273e-02
2.312539759987296273e-02
2.312539759987296273e-02
6.570634921855310513e-03
2.378918545633869352e-04
2.378918545633869352e-04
2.378918545633869352e-04
2.378918545633869352e-04
2.378918545633869352e-04
4.317318928116630969e-03
6.005786917026606497e-03
6.005786917026606497e-03
6.005786917026606497e-03
6.005786917026606497e-03
2.269848941175109380e-02
8.569365599020507471e-03
8.569365599020507471e-03
1.503852534500378819e-02
1.503852534500378819e-02
1.503852534500378819e-02
1.503852534500378819e-02
1.503852534500378819e-02
1.503852534500378819e-02
1.503852534500378819e-02
1.503852534500378819e-02
1.503852534500378819e-02
1.503852534500378819e-02
1.503852534500378819e-02
5.359150716724786316e-03
2.183773822597606662e-02
2.183773822597606662e-02
7.942638334276693260e-03
0.000000000000000000e+00
0.000000000000000000e+00
8.174380643319201917e-03
1.838687077281377785e-02
1.838687077281377785e-02
1.838687077281377785e-02
1.838687077281377785e-02
4.881936568857106473e-02
1.838687077281377785e-02
1.838687077281377785e-02
1.838687077281377785e-02
2.471348204084033474e-03
2.471348204084033474e-03
2.471348204084033474e-03
2.471348204084033474e-03
2.471348204084033474e-03
2.471348204084033474e-03
2.471348204084033474e-03
2.471348204084033474e-03
0.000000000000000000e+00
1.488343894636176600e-03
1.488343894636176600e-03
1.488343894636176600e-03
1.488343894636176600e-03
1.488343894636176600e-03
1.488343894636176600e-03
1.488343894636176600e-03
1.488343894636176600e-03
1.488343894636176600e-03
1.488343894636176600e-03
1.488343894636176600e-03
1.488343894636176600e-03
1.488343894636176600e-03
1.488343894636176600e-03
1.488343894636176600e-03
1.488343894636176600e-03
3.713755756031022516e-04
9.067754755804202996e-03
9.067754755804202996e-03
9.067754755804202996e-03
9.067754755804202996e-03
9.067754755804202996e-03
9.067754755804202996e-03
9.067754755804202996e-03
9.067754755804202996e-03
8.679670928459342835e-03
1.090184314529927222e-02
1.090184314529927222e-02
1.090184314529927222e-02
1.090184314529927222e-02
1.090184314529927222e-02
1.090184314529927222e-02
3.674055452189672714e-03
3.674055452189672714e-03
3.674055452189672714e-03
3.674055452189672714e-03
3.674055452189672714e-03
3.674055452189672714e-03
3.674055452189672714e-03
3.674055452189672714e-03
3.674055452189672714e-03
3.674055452189672714e-03
3.674055452189672714e-03
3.674055452189672714e-03
3.674055452189672714e-03
4.220211696352157288e-02
2.913428977509287601e-02
2.913428977509287601e-02
2.913428977509287601e-02
2.913428977509287601e-02
2.913428977509287601e-02
2.913428977509287601e-02
2.913428977509287601e-02
2.913428977509287601e-02
2.913428977509287601e-02
2.913428977509287601e-02
2.913428977509287601e-02
2.913428977509287601e-02
2.913428977509287601e-02
2.913428977509287601e-02
8.006713021725200136e-03
8.006713021725200136e-03
8.006713021725200136e-03
8.006713021725200136e-03
8.006713021725200136e-03
8.006713021725200136e-03
8.006713021725200136e-03
8.006713021725200136e-03
8.006713021725200136e-03
8.006713021725200136e-03
8.006713021725200136e-03
8.006713021725200136e-03
8.006713021725200136e-03
8.006713021725200136e-03
8.006713021725200136e-03
8.006713021725200136e-03
8.006713021725200136e-03
8.006713021725200136e-03
8.006713021725200136e-03
8.006713021725200136e-03
8.006713021725200136e-03
8.006713021725200136e-03
8.006713021725200136e-03
3.387844329378100067e-02
1.925732906865003022e-02
1.925732906865003022e-02
1.925732906865003022e-02
1.925732906865003022e-02
0.000000000000000000e+00
0.000000000000000000e+00
0.000000000000000000e+00
0.000000000000000000e+00
0.000000000000000000e+00
0.000000000000000000e+00
0.000000000000000000e+00
0.000000000000000000e+00
0.000000000000000000e+00
0.000000000000000000e+00
0.000000000000000000e+00
1.818439437032701167e-02
2.019683344301940672e-02
2.019683344301940672e-02
9.404120605850491144e-02
9.404120605850491144e-02
9.404120605850491144e-02
1.521495573675004341e-02
9.404120605850491144e-02
0.000000000000000000e+00
0.000000000000000000e+00
0.000000000000000000e+00
1.278437160365047259e-02
1.278437160365047259e-02
1.278437160365047259e-02
3.317695228173292432e-02
1.696984988652580769e-04
1.696984988652580769e-04
1.696984988652580769e-04
1.696984988652580769e-04
1.696984988652580769e-04
1.696984988652580769e-04
1.696984988652580769e-04
1.696984988652580769e-04
1.696984988652580769e-04
1.696984988652580769e-04
1.696984988652580769e-04
1.696984988652580769e-04
1.945210637315954519e-02
5.546726560277487686e-03
5.546726560277487686e-03
5.546726560277487686e-03
5.546726560277487686e-03
5.546726560277487686e-03
5.546726560277487686e-03
5.546726560277487686e-03
5.546726560277487686e-03
4.339948630149283171e-03
1.202989354801273399e-02
1.202989354801273399e-02
1.202989354801273399e-02
1.202989354801273399e-02
1.541396671171832303e-03
1.541396671171832303e-03
1.541396671171832303e-03
1.541396671171832303e-03
1.541396671171832303e-03
1.541396671171832303e-03
1.541396671171832303e-03
1.541396671171832303e-03
1.541396671171832303e-03
1.541396671171832303e-03
1.541396671171832303e-03
1.541396671171832303e-03
1.541396671171832303e-03
1.541396671171832303e-03
1.541396671171832303e-03
1.541396671171832303e-03
1.541396671171832303e-03
3.796980474560488275e-03
3.796980474560488275e-03
3.796980474560488275e-03
3.796980474560488275e-03
3.796980474560488275e-03
3.796980474560488275e-03
3.796980474560488275e-03
3.796980474560488275e-03
3.796980474560488275e-03
3.796980474560488275e-03
3.796980474560488275e-03
3.796980474560488275e-03
3.796980474560488275e-03
3.796980474560488275e-03
3.796980474560488275e-03
4.213861418919930164e-03
5.350271937829359720e-04
5.350271937829359720e-04
0.000000000000000000e+00
0.000000000000000000e+00
0.000000000000000000e+00
0.000000000000000000e+00
1.321867374342460162e-02
4.579858193890711340e-04
4.579858193890711340e-04
4.579858193890711340e-04
4.579858193890711340e-04
4.579858193890711340e-04
4.579858193890711340e-04
4.579858193890711340e-04
4.579858193890711340e-04
4.579858193890711340e-04
4.579858193890711340e-04
4.579858193890711340e-04
4.579858193890711340e-04
2.097021041247278464e-02
1.675535393827654387e-02
1.675535393827654387e-02
1.675535393827654387e-02
1.675535393827654387e-02
1.208633977619876128e-02
1.675535393827654387e-02
1.675535393827654387e-02
1.675535393827654387e-02
2.177587015258515210e-02
0.000000000000000000e+00
0.000000000000000000e+00
0.000000000000000000e+00
5.434276079846515721e-03
5.434276079846515721e-03
4.218089499153579447e-02
1.451363695493812847e-02
1.451363695493812847e-02
1.451363695493812847e-02
1.451363695493812847e-02
1.451363695493812847e-02
1.451363695493812847e-02
1.451363695493812847e-02
1.451363695493812847e-02
1.451363695493812847e-02
1.451363695493812847e-02
1.451363695493812847e-02
1.451363695493812847e-02
0.000000000000000000e+00
0.000000000000000000e+00
0.000000000000000000e+00
0.000000000000000000e+00
0.000000000000000000e+00
0.000000000000000000e+00
0.000000000000000000e+00
0.000000000000000000e+00
0.000000000000000000e+00
0.000000000000000000e+00
0.000000000000000000e+00
0.000000000000000000e+00
0.000000000000000000e+00
0.000000000000000000e+00
0.000000000000000000e+00
0.000000000000000000e+00
0.000000000000000000e+00
0.000000000000000000e+00
0.000000000000000000e+00
0.000000000000000000e+00
0.000000000000000000e+00
0.000000000000000000e+00
0.000000000000000000e+00
0.000000000000000000e+00
0.000000000000000000e+00
0.000000000000000000e+00
0.000000000000000000e+00
2.223976461510966673e-02
2.014299653627407011e-02
2.014299653627407011e-02
8.668954278504233980e-04
1.143242352838180374e-03
1.143242352838180374e-03
1.143242352838180374e-03
1.143242352838180374e-03
1.143242352838180374e-03
1.143242352838180374e-03
1.143242352838180374e-03
1.143242352838180374e-03
9.548860477232152394e-03
9.548860477232152394e-03
9.548860477232152394e-03
9.548860477232152394e-03
9.548860477232152394e-03
9.548860477232152394e-03
5.384517265492446076e-04
0.000000000000000000e+00
0.000000000000000000e+00
0.000000000000000000e+00
0.000000000000000000e+00
0.000000000000000000e+00
0.000000000000000000e+00
0.000000000000000000e+00
0.000000000000000000e+00
0.000000000000000000e+00
0.000000000000000000e+00
0.000000000000000000e+00
0.000000000000000000e+00
0.000000000000000000e+00
0.000000000000000000e+00
0.000000000000000000e+00
0.000000000000000000e+00
0.000000000000000000e+00
0.000000000000000000e+00
0.000000000000000000e+00
0.000000000000000000e+00
0.000000000000000000e+00
0.000000000000000000e+00
0.000000000000000000e+00
0.000000000000000000e+00
0.000000000000000000e+00
2.901221847751287927e-02
1.568227629913803735e-04
1.568227629913803735e-04
1.568227629913803735e-04
1.568227629913803735e-04
1.568227629913803735e-04
1.568227629913803735e-04
6.804406873124933287e-03
1.229697997132866635e-02
1.229697997132866635e-02
1.229697997132866635e-02
1.229697997132866635e-02
1.229697997132866635e-02
1.229697997132866635e-02
1.229697997132866635e-02
1.229697997132866635e-02
1.229697997132866635e-02
1.229697997132866635e-02
1.229697997132866635e-02
1.229697997132866635e-02
1.398983444776932816e-02
1.398983444776932816e-02
1.398983444776932816e-02
1.398983444776932816e-02
1.398983444776932816e-02
1.398983444776932816e-02
1.398983444776932816e-02
1.398983444776932816e-02
1.199052752533366628e-02
2.113553513002036470e-03
2.113553513002036470e-03
2.113553513002036470e-03
2.113553513002036470e-03
2.113553513002036470e-03
2.113553513002036470e-03
1.818439437032701167e-02
2.199472432321438256e-02
2.199472432321438256e-02
2.199472432321438256e-02
4.776320453923824441e-03
3.649876674326194958e-03
3.649876674326194958e-03
3.649876674326194958e-03
3.649876674326194958e-03
3.649876674326194958e-03
3.649876674326194958e-03
3.649876674326194958e-03
3.649876674326194958e-03
3.508863632640504826e-02
3.135564702113772390e-02
3.135564702113772390e-02
3.135564702113772390e-02
3.135564702113772390e-02
3.135564702113772390e-02
3.135564702113772390e-02
8.598761090007225535e-03
8.598761090007225535e-03
8.598761090007225535e-03
8.598761090007225535e-03
8.598761090007225535e-03
8.598761090007225535e-03
8.598761090007225535e-03
8.598761090007225535e-03
8.598761090007225535e-03
8.598761090007225535e-03
8.598761090007225535e-03
8.598761090007225535e-03
8.598761090007225535e-03
8.598761090007225535e-03
8.598761090007225535e-03
8.598761090007225535e-03
8.598761090007225535e-03
4.536611310944418940e-03
4.472166268345119313e-04
4.536611310944418940e-03
4.536611310944418940e-03
4.536611310944418940e-03
4.536611310944418940e-03
4.536611310944418940e-03
4.472166268345119313e-04
4.472166268345119313e-04
4.472166268345119313e-04
1.350499369184773521e-02
5.355956074744830375e-03
5.355956074744830375e-03
5.355956074744830375e-03
5.355956074744830375e-03
5.355956074744830375e-03
5.355956074744830375e-03
5.355956074744830375e-03
5.355956074744830375e-03
5.355956074744830375e-03
5.355956074744830375e-03
5.355956074744830375e-03
5.355956074744830375e-03
5.943671919825993348e-03
5.943671919825993348e-03
5.943671919825993348e-03
5.943671919825993348e-03
5.943671919825993348e-03
5.943671919825993348e-03
5.943671919825993348e-03
5.943671919825993348e-03
5.943671919825993348e-03
5.943671919825993348e-03
5.943671919825993348e-03
5.943671919825993348e-03
5.943671919825993348e-03
6.178095980488440206e-03
6.178095980488440206e-03
6.178095980488440206e-03
6.178095980488440206e-03
6.178095980488440206e-03
6.178095980488440206e-03
2.177587015258515210e-02
2.206924785652688084e-02
2.206924785652688084e-02
2.206924785652688084e-02
2.206924785652688084e-02
2.206924785652688084e-02
2.206924785652688084e-02
2.206924785652688084e-02
2.206924785652688084e-02
2.206924785652688084e-02
2.206924785652688084e-02
1.394971663649271186e-02
1.404143406595222653e-02
1.404143406595222653e-02
1.404143406595222653e-02
1.404143406595222653e-02
9.527718339108219581e-02
2.392877717927707759e-02
2.392877717927707759e-02
2.392877717927707759e-02
2.392877717927707759e-02
2.392877717927707759e-02
2.392877717927707759e-02
2.392877717927707759e-02
2.392877717927707759e-02
0.000000000000000000e+00
0.000000000000000000e+00
0.000000000000000000e+00
0.000000000000000000e+00
0.000000000000000000e+00
0.000000000000000000e+00
0.000000000000000000e+00
4.785494304838012330e-02
1.971664886112758572e-02
1.971664886112758572e-02
1.971664886112758572e-02
1.971664886112758572e-02
1.971664886112758572e-02
1.971664886112758572e-02
1.971664886112758572e-02
1.971664886112758572e-02
1.971664886112758572e-02
1.971664886112758572e-02
1.166659036778693167e-03
9.836468981109951215e-03
9.836468981109951215e-03
9.836468981109951215e-03
9.836468981109951215e-03
9.836468981109951215e-03
9.836468981109951215e-03
9.836468981109951215e-03
9.836468981109951215e-03
9.836468981109951215e-03
9.836468981109951215e-03
9.836468981109951215e-03
9.836468981109951215e-03
5.384517265492446076e-04
5.384517265492446076e-04
0.000000000000000000e+00
0.000000000000000000e+00
0.000000000000000000e+00
6.214125275733858172e-02
6.214125275733858172e-02
6.214125275733858172e-02
6.214125275733858172e-02
6.214125275733858172e-02
6.214125275733858172e-02
6.214125275733858172e-02
6.214125275733858172e-02
6.214125275733858172e-02
6.214125275733858172e-02
6.214125275733858172e-02
6.214125275733858172e-02
1.680076771778847913e-02
1.443147900231402971e-02
1.443147900231402971e-02
1.443147900231402971e-02
1.443147900231402971e-02
1.443147900231402971e-02
1.443147900231402971e-02
1.680076771778847913e-02
2.103588520997150962e-02
0.000000000000000000e+00
0.000000000000000000e+00
1.680076771778847913e-02
1.714479193720111830e-02
1.714479193720111830e-02
1.714479193720111830e-02
1.714479193720111830e-02
1.714479193720111830e-02
5.806357111013130817e-03
1.714479193720111830e-02
4.509569877003649988e-03
1.714479193720111830e-02
1.714479193720111830e-02
1.714479193720111830e-02
1.714479193720111830e-02
1.714479193720111830e-02
1.714479193720111830e-02
1.714479193720111830e-02
1.714479193720111830e-02
1.714479193720111830e-02
1.714479193720111830e-02
1.714479193720111830e-02
4.278286608792386536e-02
4.278286608792386536e-02
4.278286608792386536e-02
4.278286608792386536e-02
4.278286608792386536e-02
4.278286608792386536e-02
4.278286608792386536e-02
4.278286608792386536e-02
4.278286608792386536e-02
4.278286608792386536e-02
4.278286608792386536e-02
1.199052752533366628e-02
1.199052752533366628e-02
1.199052752533366628e-02
1.199052752533366628e-02
6.008908762367937313e-03
6.008908762367937313e-03
6.008908762367937313e-03
6.008908762367937313e-03
6.008908762367937313e-03
6.008908762367937313e-03
6.008908762367937313e-03
6.008908762367937313e-03
6.008908762367937313e-03
6.008908762367937313e-03
6.008908762367937313e-03
6.008908762367937313e-03
6.008908762367937313e-03
6.008908762367937313e-03
6.008908762367937313e-03
8.364226476627894050e-03
2.164745541168861670e-02
2.164745541168861670e-02
2.164745541168861670e-02
2.164745541168861670e-02
2.164745541168861670e-02
2.164745541168861670e-02
1.204577507131303349e-02
1.204577507131303349e-02
1.204577507131303349e-02
1.204577507131303349e-02
1.204577507131303349e-02
1.204577507131303349e-02
1.204577507131303349e-02
1.204577507131303349e-02
1.204577507131303349e-02
1.204577507131303349e-02
1.204577507131303349e-02
1.204577507131303349e-02
1.204577507131303349e-02
2.049561868779785356e-02
3.508863632640504826e-02
3.508863632640504826e-02
3.508863632640504826e-02
4.481428200289917438e-03
1.019211055232485371e-03
1.019211055232485371e-03
1.019211055232485371e-03
1.019211055232485371e-03
1.633534877272263541e-02
1.544622703659400374e-02
1.544622703659400374e-02
1.544622703659400374e-02
1.544622703659400374e-02
1.544622703659400374e-02
1.544622703659400374e-02
1.544622703659400374e-02
1.984704761810627757e-02
3.862634583492609904e-03
3.862634583492609904e-03
3.862634583492609904e-03
3.862634583492609904e-03
3.862634583492609904e-03
3.862634583492609904e-03
3.862634583492609904e-03
3.862634583492609904e-03
3.862634583492609904e-03
3.862634583492609904e-03
7.956433749838761130e-03
4.481428200289917438e-03
7.956433749838761130e-03
7.956433749838761130e-03
7.956433749838761130e-03
5.959453078663237355e-03
5.959453078663237355e-03
5.959453078663237355e-03
5.959453078663237355e-03
5.959453078663237355e-03
5.959453078663237355e-03
5.959453078663237355e-03
5.959453078663237355e-03
5.959453078663237355e-03
5.959453078663237355e-03
5.959453078663237355e-03
1.510079045297103156e-02
2.569461136526434916e-02
2.569461136526434916e-02
1.287162616886473702e-02
6.727778446363766492e-03
6.727778446363766492e-03
2.648742421292831634e-02
1.217683439230157760e-02
1.217683439230157760e-02
1.217683439230157760e-02
1.217683439230157760e-02
1.217683439230157760e-02
1.217683439230157760e-02
0.000000000000000000e+00
0.000000000000000000e+00
0.000000000000000000e+00
4.594362115055575582e-03
4.594362115055575582e-03
4.594362115055575582e-03
4.594362115055575582e-03
4.594362115055575582e-03
4.594362115055575582e-03
4.594362115055575582e-03
4.594362115055575582e-03
4.594362115055575582e-03
4.594362115055575582e-03
4.594362115055575582e-03
4.594362115055575582e-03
4.594362115055575582e-03
4.286562876951655054e-02
2.260860300906182216e-02
2.260860300906182216e-02
2.260860300906182216e-02
2.260860300906182216e-02
2.260860300906182216e-02
2.260860300906182216e-02
2.260860300906182216e-02
2.260860300906182216e-02
2.260860300906182216e-02
1.431377922795724770e-03
1.431377922795724770e-03
1.431377922795724770e-03
1.431377922795724770e-03
1.431377922795724770e-03
1.431377922795724770e-03
1.431377922795724770e-03
1.431377922795724770e-03
1.431377922795724770e-03
1.431377922795724770e-03
1.431377922795724770e-03
1.431377922795724770e-03
1.431377922795724770e-03
1.431377922795724770e-03
1.431377922795724770e-03
1.431377922795724770e-03
1.431377922795724770e-03
1.431377922795724770e-03
1.431377922795724770e-03
1.431377922795724770e-03
1.431377922795724770e-03
1.256962433913683987e-02
8.590318239274721129e-03
8.590318239274721129e-03
8.590318239274721129e-03
8.590318239274721129e-03
8.590318239274721129e-03
8.590318239274721129e-03
8.590318239274721129e-03
8.590318239274721129e-03
1.028888986629714758e-02
1.947306140707538019e-02
1.947306140707538019e-02
1.947306140707538019e-02
1.947306140707538019e-02
1.947306140707538019e-02
1.947306140707538019e-02
4.347235075481684780e-02
2.049561868779785356e-02
2.049561868779785356e-02
2.049561868779785356e-02
2.049561868779785356e-02
2.049561868779785356e-02
1.999965046596643287e-02
1.999965046596643287e-02
1.999965046596643287e-02
1.999965046596643287e-02
1.999965046596643287e-02
1.999965046596643287e-02
1.999965046596643287e-02
1.999965046596643287e-02
4.307369823873178141e-03
1.672648736598190316e-03
1.672648736598190316e-03
1.672648736598190316e-03
1.672648736598190316e-03
1.672648736598190316e-03
1.672648736598190316e-03
1.672648736598190316e-03
1.672648736598190316e-03
7.651018415453734041e-06
1.133842147159823746e-03
1.133842147159823746e-03
1.133842147159823746e-03
1.133842147159823746e-03
1.133842147159823746e-03
1.133842147159823746e-03
1.133842147159823746e-03
1.133842147159823746e-03
0.000000000000000000e+00
0.000000000000000000e+00
0.000000000000000000e+00
2.987276684864032666e-02
1.795591997019887337e-02
1.795591997019887337e-02
1.795591997019887337e-02
1.795591997019887337e-02
1.795591997019887337e-02
1.795591997019887337e-02
1.795591997019887337e-02
1.795591997019887337e-02
1.510079045297103156e-02
1.510079045297103156e-02
1.510079045297103156e-02
1.510079045297103156e-02
1.510079045297103156e-02
1.510079045297103156e-02
1.510079045297103156e-02
1.510079045297103156e-02
1.510079045297103156e-02
1.510079045297103156e-02
1.510079045297103156e-02
1.510079045297103156e-02
1.510079045297103156e-02
1.510079045297103156e-02
1.510079045297103156e-02
1.510079045297103156e-02
1.510079045297103156e-02
1.510079045297103156e-02
1.510079045297103156e-02
1.510079045297103156e-02
1.510079045297103156e-02
1.510079045297103156e-02
3.125590891573281271e-04
1.670900755009838146e-02
1.670900755009838146e-02
1.670900755009838146e-02
1.670900755009838146e-02
2.190089969748241355e-02
8.487215245341813699e-04
2.190089969748241355e-02
2.190089969748241355e-02
2.190089969748241355e-02
2.190089969748241355e-02
2.190089969748241355e-02
1.287162616886473702e-02
7.733828732891214613e-03
7.733828732891214613e-03
7.733828732891214613e-03
7.733828732891214613e-03
7.733828732891214613e-03
7.733828732891214613e-03
7.733828732891214613e-03
7.733828732891214613e-03
7.733828732891214613e-03
7.733828732891214613e-03
7.733828732891214613e-03
7.733828732891214613e-03
7.733828732891214613e-03
7.733828732891214613e-03
7.733828732891214613e-03
7.733828732891214613e-03
7.733828732891214613e-03
7.733828732891214613e-03
7.733828732891214613e-03
7.733828732891214613e-03
7.733828732891214613e-03
1.537418831091153307e-02
0.000000000000000000e+00
0.000000000000000000e+00
0.000000000000000000e+00
3.827143532313826563e-03
3.827143532313826563e-03
3.827143532313826563e-03
3.827143532313826563e-03
3.827143532313826563e-03
3.827143532313826563e-03
1.340077864048179294e-02
0.000000000000000000e+00
0.000000000000000000e+00
0.000000000000000000e+00
0.000000000000000000e+00
0.000000000000000000e+00
0.000000000000000000e+00
0.000000000000000000e+00
0.000000000000000000e+00
0.000000000000000000e+00
1.256962433913683987e-02
1.256962433913683987e-02
3.523316161419840029e-03
3.523316161419840029e-03
3.523316161419840029e-03
3.523316161419840029e-03
3.523316161419840029e-03
3.523316161419840029e-03
3.523316161419840029e-03
3.523316161419840029e-03
3.523316161419840029e-03
3.523316161419840029e-03
8.225880239659765641e-03
1.053287760094468025e-03
1.053287760094468025e-03
1.114604961250743008e-02
1.114604961250743008e-02
1.114604961250743008e-02
1.114604961250743008e-02
1.114604961250743008e-02
1.114604961250743008e-02
1.114604961250743008e-02
1.114604961250743008e-02
1.114604961250743008e-02
1.114604961250743008e-02
1.114604961250743008e-02
1.114604961250743008e-02
1.114604961250743008e-02
7.479339322640381205e-03
9.191707002826593476e-03
9.191707002826593476e-03
9.191707002826593476e-03
9.191707002826593476e-03
9.191707002826593476e-03
9.191707002826593476e-03
9.191707002826593476e-03
3.620195845064273082e-02
2.260846142449685070e-02
2.260846142449685070e-02
2.260846142449685070e-02
2.260846142449685070e-02
3.305007134526158439e-03
1.702819944217858275e-02
1.702819944217858275e-02
1.702819944217858275e-02
1.702819944217858275e-02
1.702819944217858275e-02
1.702819944217858275e-02
1.702819944217858275e-02
1.702819944217858275e-02
1.702819944217858275e-02
1.702819944217858275e-02
2.705223424313058997e-02
2.705223424313058997e-02
2.705223424313058997e-02
2.705223424313058997e-02
2.705223424313058997e-02
2.705223424313058997e-02
2.705223424313058997e-02
2.705223424313058997e-02
3.847840888748110116e-02
2.292627579421968598e-02
2.292627579421968598e-02
4.569928659490329198e-02
1.091874831626995709e-02
1.091874831626995709e-02
1.091874831626995709e-02
1.091874831626995709e-02
1.091874831626995709e-02
1.091874831626995709e-02
1.091874831626995709e-02
1.091874831626995709e-02
1.091874831626995709e-02
1.091874831626995709e-02
1.091874831626995709e-02
1.091874831626995709e-02
1.091874831626995709e-02
1.091874831626995709e-02
1.091874831626995709e-02
1.091874831626995709e-02
1.091874831626995709e-02
1.091874831626995709e-02
1.091874831626995709e-02
1.091874831626995709e-02
1.091874831626995709e-02
1.091874831626995709e-02
8.036545110982753343e-03
1.071823370080542993e-03
1.071823370080542993e-03
1.071823370080542993e-03
1.071823370080542993e-03
2.015935822439402988e-02
3.125590891573281271e-04
3.125590891573281271e-04
3.125590891573281271e-04
3.125590891573281271e-04
3.125590891573281271e-04
1.405160897376529945e-02
1.305801484557477833e-02
1.305801484557477833e-02
1.305801484557477833e-02
1.305801484557477833e-02
1.305801484557477833e-02
1.305801484557477833e-02
1.305801484557477833e-02
1.305801484557477833e-02
1.305801484557477833e-02
1.305801484557477833e-02
9.834822282074677860e-03
9.834822282074677860e-03
9.834822282074677860e-03
9.834822282074677860e-03
9.834822282074677860e-03
9.834822282074677860e-03
9.834822282074677860e-03
9.834822282074677860e-03
9.834822282074677860e-03
9.834822282074677860e-03
9.834822282074677860e-03
9.834822282074677860e-03
9.834822282074677860e-03
9.834822282074677860e-03
9.834822282074677860e-03
9.834822282074677860e-03
9.834822282074677860e-03
9.834822282074677860e-03
9.834822282074677860e-03
9.834822282074677860e-03
9.834822282074677860e-03
3.305007134526158439e-03
3.305007134526158439e-03
3.305007134526158439e-03
3.305007134526158439e-03
1.105535337495611517e-02
1.105535337495611517e-02
1.105535337495611517e-02
0.000000000000000000e+00
1.105535337495611517e-02
1.105535337495611517e-02
1.105535337495611517e-02
1.105535337495611517e-02
1.105535337495611517e-02
0.000000000000000000e+00
0.000000000000000000e+00
3.246933024018136896e-03
3.246933024018136896e-03
6.724260070049281612e-02
3.854046862502671228e-02
3.854046862502671228e-02
3.854046862502671228e-02
3.854046862502671228e-02
3.854046862502671228e-02
3.854046862502671228e-02
3.854046862502671228e-02
6.573013066145843089e-04
4.365548820429971701e-03
7.837631773977558544e-03
2.102298893570515165e-03
2.102298893570515165e-03
2.102298893570515165e-03
2.102298893570515165e-03
2.102298893570515165e-03
2.102298893570515165e-03
2.102298893570515165e-03
2.102298893570515165e-03
2.102298893570515165e-03
2.102298893570515165e-03
2.102298893570515165e-03
2.102298893570515165e-03
3.118411599565223610e-03
1.328899926469776643e-02
2.841620551548593512e-02
2.642508985982843124e-03
2.642508985982843124e-03
2.642508985982843124e-03
2.642508985982843124e-03
2.642508985982843124e-03
2.642508985982843124e-03
2.642508985982843124e-03
2.642508985982843124e-03
2.642508985982843124e-03
2.642508985982843124e-03
5.896174525796395692e-03
8.927706404692925535e-03
8.927706404692925535e-03
8.927706404692925535e-03
8.927706404692925535e-03
6.598135620583400621e-04
6.598135620583400621e-04
6.598135620583400621e-04
6.598135620583400621e-04
6.598135620583400621e-04
6.598135620583400621e-04
6.598135620583400621e-04
6.598135620583400621e-04
6.598135620583400621e-04
6.598135620583400621e-04
6.598135620583400621e-04
6.598135620583400621e-04
6.598135620583400621e-04
6.773579433130119502e-03
6.773579433130119502e-03
6.773579433130119502e-03
6.773579433130119502e-03
6.773579433130119502e-03
6.773579433130119502e-03
6.773579433130119502e-03
6.773579433130119502e-03
8.487215245341813699e-04
0.000000000000000000e+00
0.000000000000000000e+00
0.000000000000000000e+00
0.000000000000000000e+00
7.721106318198814669e-03
1.518376511462699897e-02
1.518376511462699897e-02
1.518376511462699897e-02
1.518376511462699897e-02
1.518376511462699897e-02
1.518376511462699897e-02
0.000000000000000000e+00
0.000000000000000000e+00
5.503129050725860845e-03
7.720975965773705513e-03
7.720975965773705513e-03
1.818439437032701167e-02
1.818439437032701167e-02
1.818439437032701167e-02
1.521495573675004341e-02
1.521495573675004341e-02
1.521495573675004341e-02
1.521495573675004341e-02
1.521495573675004341e-02
1.521495573675004341e-02
1.521495573675004341e-02
3.140664852432713868e-03
4.123269349249171836e-03
4.123269349249171836e-03
0.000000000000000000e+00
1.025232510168514084e-02
1.025232510168514084e-02
1.025232510168514084e-02
1.025232510168514084e-02
1.025232510168514084e-02
1.025232510168514084e-02
0.000000000000000000e+00
1.981046533854673511e-02
1.981046533854673511e-02
1.981046533854673511e-02
1.981046533854673511e-02
1.981046533854673511e-02
1.981046533854673511e-02
2.833142370554286231e-04
1.693232809763311336e-03
1.693232809763311336e-03
1.693232809763311336e-03
1.693232809763311336e-03
1.693232809763311336e-03
1.693232809763311336e-03
1.693232809763311336e-03
1.693232809763311336e-03
1.693232809763311336e-03
1.693232809763311336e-03
1.693232809763311336e-03
1.693232809763311336e-03
4.485433667894563742e-02
0.000000000000000000e+00
0.000000000000000000e+00
2.753224967613327433e-04
2.753224967613327433e-04
1.265181734311710167e-02
2.014989513822323247e-03
2.014989513822323247e-03
7.456165492964099938e-03
1.411257970823711315e-03
1.411257970823711315e-03
1.411257970823711315e-03
1.411257970823711315e-03
7.082285149619309359e-04
7.082285149619309359e-04
7.082285149619309359e-04
7.082285149619309359e-04
7.082285149619309359e-04
7.082285149619309359e-04
7.082285149619309359e-04
7.082285149619309359e-04
7.082285149619309359e-04
7.082285149619309359e-04
7.082285149619309359e-04
1.215491419965711046e-03
2.754894212107028562e-02
2.754894212107028562e-02
2.754894212107028562e-02
2.754894212107028562e-02
2.461525101339356609e-03
7.376621727490843480e-03
7.376621727490843480e-03
7.376621727490843480e-03
7.376621727490843480e-03
7.376621727490843480e-03
7.376621727490843480e-03
3.635908640504515506e-03
2.191649828636890035e-02
2.191649828636890035e-02
2.191649828636890035e-02
2.191649828636890035e-02
2.191649828636890035e-02
2.191649828636890035e-02
2.269848941175109380e-02
2.269848941175109380e-02
2.269848941175109380e-02
9.250479138869465226e-03
7.356229362806092180e-03
7.356229362806092180e-03
7.356229362806092180e-03
7.356229362806092180e-03
8.355037414566278062e-03
1.049298115460077334e-02
1.049298115460077334e-02
1.332132251749734535e-02
1.332132251749734535e-02
1.332132251749734535e-02
1.332132251749734535e-02
1.332132251749734535e-02
1.332132251749734535e-02
1.332132251749734535e-02
1.332132251749734535e-02
1.332132251749734535e-02
1.332132251749734535e-02
1.332132251749734535e-02
2.562523511307990970e-02
8.848243443946680192e-03
5.294441490386884303e-02
2.966871965420980750e-02
2.966871965420980750e-02
2.966871965420980750e-02
2.966871965420980750e-02
2.966871965420980750e-02
0.000000000000000000e+00
2.013634627462944707e-02
2.013634627462944707e-02
2.013634627462944707e-02
2.013634627462944707e-02
2.013634627462944707e-02
2.013634627462944707e-02
2.013634627462944707e-02
2.013634627462944707e-02
1.122543229802435566e-02
6.697554925929886244e-03
6.697554925929886244e-03
4.513414171649718191e-03
4.513414171649718191e-03
4.513414171649718191e-03
4.513414171649718191e-03
4.513414171649718191e-03
4.513414171649718191e-03
4.513414171649718191e-03
4.513414171649718191e-03
1.215491419965711046e-03
1.215491419965711046e-03
1.215491419965711046e-03
1.215491419965711046e-03
1.215491419965711046e-03
1.215491419965711046e-03
1.215491419965711046e-03
1.215491419965711046e-03
1.215491419965711046e-03
1.215491419965711046e-03
4.022556881624009956e-03
4.022556881624009956e-03
4.022556881624009956e-03
1.595795714067277642e-03
1.595795714067277642e-03
1.595795714067277642e-03
1.595795714067277642e-03
1.595795714067277642e-03
1.595795714067277642e-03
1.595795714067277642e-03
1.595795714067277642e-03
1.595795714067277642e-03
1.595795714067277642e-03
1.595795714067277642e-03
1.595795714067277642e-03
1.595795714067277642e-03
8.803423630239722063e-04
2.040913182708547352e-02
2.040913182708547352e-02
2.040913182708547352e-02
2.040913182708547352e-02
2.040913182708547352e-02
2.040913182708547352e-02
2.040913182708547352e-02
2.040913182708547352e-02
2.210904579692992214e-02
9.930575901392126384e-03
9.930575901392126384e-03
9.930575901392126384e-03
9.930575901392126384e-03
3.851798923655844111e-03
1.487056205538000823e-02
1.487056205538000823e-02
1.124669680229786056e-02
1.871402934854180704e-03
1.124669680229786056e-02
1.124669680229786056e-02
1.124669680229786056e-02
1.124669680229786056e-02
1.124669680229786056e-02
1.124669680229786056e-02
1.124669680229786056e-02
1.124669680229786056e-02
1.124669680229786056e-02
1.124669680229786056e-02
1.124669680229786056e-02
1.124669680229786056e-02
1.124669680229786056e-02
4.847342277330425261e-03
1.124669680229786056e-02
1.124669680229786056e-02
1.124669680229786056e-02
1.124669680229786056e-02
1.124669680229786056e-02
1.871402934854180704e-03
1.871402934854180704e-03
1.871402934854180704e-03
1.871402934854180704e-03
1.871402934854180704e-03
1.774623009031279369e-02
1.208462301071396320e-03
1.208462301071396320e-03
1.208462301071396320e-03
1.208462301071396320e-03
1.208462301071396320e-03
1.208462301071396320e-03
1.208462301071396320e-03
1.208462301071396320e-03
1.208462301071396320e-03
1.208462301071396320e-03
1.208462301071396320e-03
1.208462301071396320e-03
1.208462301071396320e-03
1.208462301071396320e-03
1.208462301071396320e-03
1.208462301071396320e-03
1.208462301071396320e-03
1.208462301071396320e-03
1.208462301071396320e-03
1.208462301071396320e-03
1.208462301071396320e-03
1.208462301071396320e-03
8.208674968833824803e-03
3.501389343966366391e-02
3.501389343966366391e-02
3.501389343966366391e-02
3.501389343966366391e-02
1.685587153100770452e-03
1.685587153100770452e-03
1.685587153100770452e-03
1.685587153100770452e-03
1.685587153100770452e-03
1.685587153100770452e-03
1.685587153100770452e-03
1.685587153100770452e-03
1.685587153100770452e-03
1.685587153100770452e-03
1.685587153100770452e-03
1.685587153100770452e-03
1.685587153100770452e-03
0.000000000000000000e+00
6.241051941069124601e-03
6.241051941069124601e-03
6.241051941069124601e-03
6.241051941069124601e-03
6.241051941069124601e-03
6.241051941069124601e-03
6.241051941069124601e-03
6.241051941069124601e-03
6.241051941069124601e-03
6.241051941069124601e-03
6.241051941069124601e-03
6.241051941069124601e-03
6.241051941069124601e-03
6.241051941069124601e-03
1.224129175223915254e-02
1.608212990677387530e-02
1.608212990677387530e-02
1.608212990677387530e-02
1.608212990677387530e-02
3.851798923655844111e-03
3.851798923655844111e-03
3.851798923655844111e-03
3.851798923655844111e-03
3.851798923655844111e-03
3.851798923655844111e-03
3.851798923655844111e-03
3.851798923655844111e-03
3.851798923655844111e-03
3.851798923655844111e-03
0.000000000000000000e+00
3.854860311843350072e-03
3.854860311843350072e-03
3.854860311843350072e-03
3.854860311843350072e-03
3.854860311843350072e-03
3.854860311843350072e-03
1.131104108802277394e-02
1.131104108802277394e-02
0.000000000000000000e+00
3.223725112007783458e-03
3.223725112007783458e-03
3.223725112007783458e-03
3.223725112007783458e-03
3.223725112007783458e-03
3.223725112007783458e-03
3.223725112007783458e-03
3.223725112007783458e-03
3.653699151728952849e-02
1.608879262724547884e-02
1.608879262724547884e-02
1.138699961409271079e-02
6.450743885838458244e-03
6.450743885838458244e-03
3.062438413254301925e-02
0.000000000000000000e+00
0.000000000000000000e+00
7.872662581898060008e-03
0.000000000000000000e+00
0.000000000000000000e+00
0.000000000000000000e+00
0.000000000000000000e+00
0.000000000000000000e+00
1.589992937113680893e-02
0.000000000000000000e+00
0.000000000000000000e+00
0.000000000000000000e+00
0.000000000000000000e+00
1.677349564916392685e-02
1.677349564916392685e-02
2.288438868917174254e-02
1.763515144539969451e-02
2.533171081116450049e-02
2.505167867160020337e-02
2.533171081116450049e-02
8.622573588494724869e-03
2.716479352753267511e-03
2.716479352753267511e-03
2.716479352753267511e-03
2.716479352753267511e-03
9.678991938542387541e-03
0.000000000000000000e+00
0.000000000000000000e+00
0.000000000000000000e+00
0.000000000000000000e+00
0.000000000000000000e+00
0.000000000000000000e+00
0.000000000000000000e+00
0.000000000000000000e+00
1.897625417173499571e-02
1.897625417173499571e-02
1.065900230982356122e-03
1.065900230982356122e-03
1.065900230982356122e-03
1.065900230982356122e-03
1.065900230982356122e-03
1.065900230982356122e-03
7.479339322640381205e-03
7.479339322640381205e-03
7.479339322640381205e-03
7.479339322640381205e-03
7.479339322640381205e-03
7.479339322640381205e-03
7.479339322640381205e-03
7.479339322640381205e-03
7.479339322640381205e-03
7.479339322640381205e-03
1.097875306100900769e-02
1.097875306100900769e-02
1.097875306100900769e-02
1.097875306100900769e-02
1.097875306100900769e-02
1.097875306100900769e-02
1.097875306100900769e-02
1.097875306100900769e-02
1.116200819678332817e-01
1.116200819678332817e-01
1.116200819678332817e-01
1.116200819678332817e-01
1.116200819678332817e-01
1.116200819678332817e-01
1.116200819678332817e-01
1.116200819678332817e-01
1.116200819678332817e-01
1.116200819678332817e-01
1.116200819678332817e-01
1.116200819678332817e-01
1.116200819678332817e-01
1.116200819678332817e-01
1.116200819678332817e-01
1.116200819678332817e-01
1.116200819678332817e-01
1.116200819678332817e-01
1.116200819678332817e-01
1.116200819678332817e-01
1.116200819678332817e-01
3.535916385316116572e-02
4.776320453923824441e-03
4.776320453923824441e-03
4.776320453923824441e-03
4.776320453923824441e-03
4.776320453923824441e-03
4.776320453923824441e-03
4.776320453923824441e-03
2.435608455787005577e-02
2.608896200692688142e-04
2.608896200692688142e-04
2.608896200692688142e-04
2.608896200692688142e-04
2.608896200692688142e-04
2.608896200692688142e-04
2.608896200692688142e-04
2.608896200692688142e-04
2.608896200692688142e-04
2.608896200692688142e-04
6.319342476711701509e-04
1.416705682245798365e-05
1.416705682245798365e-05
1.416705682245798365e-05
1.416705682245798365e-05
1.416705682245798365e-05
1.416705682245798365e-05
2.144081866435355518e-02
6.669413416386047941e-03
7.188957769717838238e-03
7.188957769717838238e-03
7.188957769717838238e-03
7.188957769717838238e-03
7.188957769717838238e-03
7.188957769717838238e-03
7.188957769717838238e-03
7.188957769717838238e-03
7.188957769717838238e-03
7.188957769717838238e-03
7.188957769717838238e-03
2.833142370554286231e-04
2.833142370554286231e-04
2.833142370554286231e-04
2.833142370554286231e-04
4.548108173967938504e-03
4.548108173967938504e-03
4.548108173967938504e-03
4.548108173967938504e-03
4.548108173967938504e-03
4.548108173967938504e-03
4.548108173967938504e-03
4.548108173967938504e-03
1.047129571296771637e-02
0.000000000000000000e+00
8.374115986713451460e-05
6.607800978252759659e-03
6.607800978252759659e-03
4.231500873075783736e-02
4.231500873075783736e-02
4.231500873075783736e-02
4.231500873075783736e-02
4.231500873075783736e-02
4.231500873075783736e-02
4.231500873075783736e-02
4.231500873075783736e-02
4.231500873075783736e-02
4.231500873075783736e-02
4.231500873075783736e-02
4.231500873075783736e-02
4.231500873075783736e-02
6.527527312650887800e-04
1.090134696558092524e-02
1.090134696558092524e-02
0.000000000000000000e+00
1.090134696558092524e-02
0.000000000000000000e+00
1.774004863829416829e-04
1.774004863829416829e-04
1.774004863829416829e-04
1.774004863829416829e-04
1.774004863829416829e-04
1.774004863829416829e-04
1.774004863829416829e-04
1.774004863829416829e-04
1.774004863829416829e-04
1.774004863829416829e-04
1.774004863829416829e-04
1.774004863829416829e-04
1.579445086033210224e-02
1.579445086033210224e-02
1.579445086033210224e-02
1.579445086033210224e-02
1.579445086033210224e-02
1.579445086033210224e-02
1.579445086033210224e-02
1.579445086033210224e-02
1.579445086033210224e-02
1.579445086033210224e-02
1.960285503398377649e-02
5.527713771641046270e-03
5.527713771641046270e-03
5.527713771641046270e-03
5.527713771641046270e-03
4.110790701726516755e-03
8.316286980895939984e-03
8.316286980895939984e-03
8.316286980895939984e-03
8.316286980895939984e-03
8.316286980895939984e-03
8.316286980895939984e-03
8.316286980895939984e-03
8.316286980895939984e-03
1.708856292383835115e-02
2.137879940047891780e-02
2.137879940047891780e-02
2.137879940047891780e-02
2.137879940047891780e-02
2.137879940047891780e-02
2.137879940047891780e-02
0.000000000000000000e+00
6.472313569956729754e-03
6.472313569956729754e-03
3.276418579930138325e-03
3.152253181345361730e-03
3.152253181345361730e-03
3.152253181345361730e-03
3.152253181345361730e-03
3.152253181345361730e-03
3.152253181345361730e-03
3.152253181345361730e-03
3.152253181345361730e-03
3.152253181345361730e-03
3.152253181345361730e-03
9.834060288371180604e-04
2.043697602387227908e-03
2.043697602387227908e-03
2.043697602387227908e-03
2.043697602387227908e-03
2.043697602387227908e-03
2.043697602387227908e-03
2.043697602387227908e-03
2.043697602387227908e-03
0.000000000000000000e+00
2.836245740594709255e-02
2.836245740594709255e-02
2.836245740594709255e-02
2.836245740594709255e-02
2.836245740594709255e-02
2.836245740594709255e-02
4.218089499153579447e-02
4.218089499153579447e-02
4.218089499153579447e-02
4.218089499153579447e-02
4.218089499153579447e-02
4.218089499153579447e-02
2.351818072131410878e-02
3.176086293706066599e-02
3.176086293706066599e-02
1.594882825367262974e-02
1.594882825367262974e-02
1.594882825367262974e-02
1.594882825367262974e-02
4.664518760258955926e-02
3.404689065933584613e-02
3.404689065933584613e-02
3.404689065933584613e-02
3.404689065933584613e-02
0.000000000000000000e+00
4.654650959028713841e-03
4.654650959028713841e-03
4.654650959028713841e-03
4.654650959028713841e-03
4.654650959028713841e-03
4.654650959028713841e-03
9.556009832396839682e-03
9.556009832396839682e-03
9.556009832396839682e-03
9.556009832396839682e-03
9.556009832396839682e-03
9.556009832396839682e-03
9.556009832396839682e-03
9.556009832396839682e-03
9.556009832396839682e-03
9.556009832396839682e-03
9.556009832396839682e-03
9.556009832396839682e-03
9.556009832396839682e-03
9.556009832396839682e-03
9.556009832396839682e-03
1.839564536069184658e-02
1.839564536069184658e-02
1.839564536069184658e-02
1.839564536069184658e-02
0.000000000000000000e+00
0.000000000000000000e+00
2.126657452157623002e-02
0.000000000000000000e+00
0.000000000000000000e+00
3.334569013855617076e-03
6.618743357769515251e-03
6.618743357769515251e-03
6.618743357769515251e-03
6.618743357769515251e-03
6.618743357769515251e-03
6.618743357769515251e-03
6.618743357769515251e-03
6.618743357769515251e-03
6.618743357769515251e-03
6.618743357769515251e-03
6.618743357769515251e-03
6.618743357769515251e-03
6.618743357769515251e-03
6.618743357769515251e-03
6.618743357769515251e-03
6.618743357769515251e-03
6.618743357769515251e-03
6.618743357769515251e-03
6.618743357769515251e-03
6.618743357769515251e-03
1.634089558185518667e-02
1.833599086534392275e-03
1.833599086534392275e-03
1.833599086534392275e-03
1.833599086534392275e-03
1.833599086534392275e-03
0.000000000000000000e+00
0.000000000000000000e+00
0.000000000000000000e+00
0.000000000000000000e+00
0.000000000000000000e+00
0.000000000000000000e+00
0.000000000000000000e+00
0.000000000000000000e+00
3.891182138236948338e-03
9.963802022666489247e-03
9.963802022666489247e-03
9.963802022666489247e-03
9.963802022666489247e-03
9.963802022666489247e-03
9.963802022666489247e-03
9.963802022666489247e-03
9.963802022666489247e-03
2.521429265377009375e-03
1.617324958094110490e-02
1.617324958094110490e-02
1.617324958094110490e-02
1.617324958094110490e-02
3.420669838193890477e-03
3.831218199207338400e-04
1.905634749706082084e-02
2.018778638710899426e-03
2.018778638710899426e-03
2.018778638710899426e-03
2.018778638710899426e-03
3.771072559576837263e-02
1.687796415693099128e-02
1.687796415693099128e-02
1.687796415693099128e-02
1.687796415693099128e-02
1.687796415693099128e-02
1.687796415693099128e-02
1.166659036778693167e-03
1.166659036778693167e-03
0.000000000000000000e+00
0.000000000000000000e+00
0.000000000000000000e+00
0.000000000000000000e+00
0.000000000000000000e+00
0.000000000000000000e+00
0.000000000000000000e+00
0.000000000000000000e+00
0.000000000000000000e+00
0.000000000000000000e+00
0.000000000000000000e+00
8.174380643319201917e-03
8.174380643319201917e-03
6.483151671190809026e-03
5.074515774853647319e-03
5.074515774853647319e-03
5.074515774853647319e-03
5.074515774853647319e-03
5.074515774853647319e-03
1.401129638497439212e-02
1.741202360772794652e-02
1.741202360772794652e-02
1.741202360772794652e-02
1.741202360772794652e-02
1.741202360772794652e-02
1.741202360772794652e-02
1.741202360772794652e-02
1.741202360772794652e-02
1.509283352549927772e-02
1.509283352549927772e-02
1.509283352549927772e-02
1.509283352549927772e-02
1.509283352549927772e-02
1.509283352549927772e-02
1.509283352549927772e-02
1.509283352549927772e-02
1.509283352549927772e-02
1.509283352549927772e-02
1.509283352549927772e-02
1.509283352549927772e-02
1.509283352549927772e-02
1.509283352549927772e-02
1.509283352549927772e-02
1.509283352549927772e-02
1.509283352549927772e-02
1.509283352549927772e-02
1.509283352549927772e-02
1.509283352549927772e-02
1.509283352549927772e-02
2.873140806818758747e-02
2.934759972347604842e-02
2.934759972347604842e-02
2.934759972347604842e-02
2.934759972347604842e-02
2.934759972347604842e-02
5.759310146638987535e-03
5.759310146638987535e-03
5.759310146638987535e-03
5.759310146638987535e-03
5.759310146638987535e-03
5.759310146638987535e-03
5.759310146638987535e-03
5.759310146638987535e-03
5.759310146638987535e-03
5.759310146638987535e-03
5.759310146638987535e-03
5.759310146638987535e-03
5.759310146638987535e-03
5.759310146638987535e-03
5.759310146638987535e-03
5.759310146638987535e-03
5.759310146638987535e-03
5.759310146638987535e-03
5.759310146638987535e-03
5.759310146638987535e-03
5.759310146638987535e-03
5.759310146638987535e-03
5.759310146638987535e-03
2.431980971732673399e-02
9.136662461076229536e-03
9.136662461076229536e-03
9.136662461076229536e-03
9.136662461076229536e-03
9.136662461076229536e-03
9.136662461076229536e-03
9.136662461076229536e-03
9.136662461076229536e-03
9.136662461076229536e-03
9.136662461076229536e-03
9.136662461076229536e-03
9.136662461076229536e-03
9.136662461076229536e-03
9.136662461076229536e-03
9.136662461076229536e-03
9.136662461076229536e-03
4.237275071834388507e-02
0.000000000000000000e+00
0.000000000000000000e+00
0.000000000000000000e+00
0.000000000000000000e+00
0.000000000000000000e+00
0.000000000000000000e+00
0.000000000000000000e+00
0.000000000000000000e+00
0.000000000000000000e+00
0.000000000000000000e+00
0.000000000000000000e+00
2.349822792627380072e-02
8.576162452464631755e-03
8.576162452464631755e-03
8.576162452464631755e-03
8.576162452464631755e-03
8.576162452464631755e-03
8.576162452464631755e-03
8.576162452464631755e-03
8.576162452464631755e-03
8.576162452464631755e-03
8.576162452464631755e-03
1.508659324455800116e-02
7.193236073491099045e-03
7.193236073491099045e-03
7.193236073491099045e-03
7.193236073491099045e-03
7.193236073491099045e-03
7.193236073491099045e-03
7.193236073491099045e-03
7.193236073491099045e-03
7.193236073491099045e-03
7.193236073491099045e-03
1.148357662493467400e-02
8.089286841411257728e-03
8.089286841411257728e-03
8.089286841411257728e-03
8.089286841411257728e-03
8.089286841411257728e-03
8.089286841411257728e-03
8.089286841411257728e-03
8.089286841411257728e-03
8.089286841411257728e-03
8.089286841411257728e-03
8.089286841411257728e-03
8.089286841411257728e-03
8.089286841411257728e-03
8.089286841411257728e-03
8.089286841411257728e-03
8.089286841411257728e-03
8.089286841411257728e-03
8.089286841411257728e-03
8.089286841411257728e-03
8.089286841411257728e-03
8.089286841411257728e-03
8.089286841411257728e-03
3.420669838193890477e-03
3.420669838193890477e-03
3.420669838193890477e-03
3.420669838193890477e-03
3.420669838193890477e-03
3.420669838193890477e-03
3.334569013855617076e-03
3.334569013855617076e-03
3.334569013855617076e-03
3.334569013855617076e-03
2.521132107632546165e-02
2.781282324620932070e-03
2.781282324620932070e-03
2.781282324620932070e-03
2.781282324620932070e-03
2.781282324620932070e-03
2.781282324620932070e-03
2.781282324620932070e-03
2.781282324620932070e-03
2.781282324620932070e-03
2.781282324620932070e-03
4.213861418919930164e-03
4.213861418919930164e-03
4.213861418919930164e-03
1.535436992425818527e-02
1.535436992425818527e-02
1.535436992425818527e-02
1.535436992425818527e-02
1.535436992425818527e-02
1.535436992425818527e-02
1.535436992425818527e-02
1.535436992425818527e-02
1.535436992425818527e-02
1.535436992425818527e-02
1.535436992425818527e-02
1.535436992425818527e-02
1.535436992425818527e-02
1.535436992425818527e-02
1.535436992425818527e-02
1.535436992425818527e-02
1.535436992425818527e-02
1.535436992425818527e-02
1.535436992425818527e-02
0.000000000000000000e+00
0.000000000000000000e+00
0.000000000000000000e+00
0.000000000000000000e+00
2.169159700288603024e-04
2.169159700288603024e-04
2.169159700288603024e-04
2.169159700288603024e-04
2.169159700288603024e-04
2.169159700288603024e-04
2.169159700288603024e-04
2.169159700288603024e-04
2.169159700288603024e-04
2.169159700288603024e-04
2.169159700288603024e-04
6.834344797592140780e-03
6.834344797592140780e-03
6.834344797592140780e-03
6.834344797592140780e-03
6.834344797592140780e-03
6.834344797592140780e-03
4.275476733003495851e-03
7.807228103072224625e-03
7.807228103072224625e-03
7.807228103072224625e-03
7.807228103072224625e-03
7.807228103072224625e-03
7.807228103072224625e-03
2.259192498743877592e-02
1.437227652672303305e-02
1.437227652672303305e-02
1.437227652672303305e-02
1.437227652672303305e-02
9.993771926824865804e-04
7.651018415453734041e-06
7.651018415453734041e-06
7.651018415453734041e-06
1.149543780400829121e-02
1.149543780400829121e-02
1.149543780400829121e-02
1.478189556473455055e-02
1.149543780400829121e-02
1.149543780400829121e-02
1.543669208929888265e-02
9.866079601751969689e-04
2.180217232304848887e-02
2.180217232304848887e-02
2.180217232304848887e-02
2.180217232304848887e-02
2.180217232304848887e-02
2.180217232304848887e-02
4.391691559613571279e-03
8.479925408370473858e-03
8.479925408370473858e-03
8.479925408370473858e-03
8.479925408370473858e-03
0.000000000000000000e+00
5.303468863205487542e-03
5.303468863205487542e-03
5.303468863205487542e-03
5.303468863205487542e-03
5.303468863205487542e-03
5.303468863205487542e-03
5.303468863205487542e-03
5.303468863205487542e-03
8.518237946976044139e-03
1.474212459681839386e-02
1.474212459681839386e-02
1.474212459681839386e-02
1.474212459681839386e-02
1.474212459681839386e-02
1.474212459681839386e-02
1.474212459681839386e-02
1.474212459681839386e-02
6.431712548646742640e-03
1.474212459681839386e-02
1.998875130113954637e-02
2.259996039835034110e-02
2.259996039835034110e-02
6.591738517628699216e-03
3.131020731573239905e-03
3.131020731573239905e-03
1.426719597931616276e-02
6.438833008205527113e-03
6.438833008205527113e-03
7.870263580539160753e-03
1.420845229600664963e-02
1.420845229600664963e-02
1.420845229600664963e-02
1.420845229600664963e-02
1.420845229600664963e-02
1.420845229600664963e-02
1.420845229600664963e-02
1.420845229600664963e-02
1.420845229600664963e-02
1.420845229600664963e-02
1.420845229600664963e-02
1.420845229600664963e-02
1.420845229600664963e-02
1.420845229600664963e-02
1.420845229600664963e-02
1.420845229600664963e-02
1.420845229600664963e-02
1.420845229600664963e-02
1.420845229600664963e-02
1.420845229600664963e-02
1.692550321242088790e-02
1.504555780657265479e-03
1.504555780657265479e-03
1.504555780657265479e-03
1.504555780657265479e-03
1.504555780657265479e-03
1.504555780657265479e-03
1.504555780657265479e-03
1.504555780657265479e-03
1.504555780657265479e-03
1.504555780657265479e-03
1.504555780657265479e-03
1.504555780657265479e-03
1.504555780657265479e-03
1.504555780657265479e-03
0.000000000000000000e+00
7.665827931345885020e-03
7.665827931345885020e-03
7.665827931345885020e-03
7.665827931345885020e-03
7.665827931345885020e-03
7.665827931345885020e-03
7.665827931345885020e-03
4.673346288799820614e-02
1.328126010159111012e-02
1.328126010159111012e-02
1.328126010159111012e-02
1.328126010159111012e-02
1.328126010159111012e-02
1.328126010159111012e-02
4.805414892761232168e-04
0.000000000000000000e+00
0.000000000000000000e+00
1.158535453306869245e-02
1.158535453306869245e-02
1.158535453306869245e-02
1.158535453306869245e-02
1.158535453306869245e-02
1.158535453306869245e-02
1.158535453306869245e-02
1.158535453306869245e-02
1.158535453306869245e-02
1.158535453306869245e-02
1.158535453306869245e-02
1.158535453306869245e-02
1.158535453306869245e-02
2.669925027292992161e-03
2.669925027292992161e-03
1.147153634115668543e-02
1.147153634115668543e-02
1.147153634115668543e-02
1.147153634115668543e-02
1.147153634115668543e-02
1.147153634115668543e-02
1.147153634115668543e-02
1.147153634115668543e-02
1.147153634115668543e-02
1.147153634115668543e-02
1.147153634115668543e-02
1.147153634115668543e-02
1.147153634115668543e-02
1.147153634115668543e-02
1.147153634115668543e-02
1.147153634115668543e-02
1.147153634115668543e-02
1.147153634115668543e-02
1.147153634115668543e-02
1.147153634115668543e-02
1.147153634115668543e-02
2.542932455025390874e-04
4.086835548645983279e-03
4.086835548645983279e-03
4.086835548645983279e-03
4.086835548645983279e-03
1.360960978487330865e-02
0.000000000000000000e+00
0.000000000000000000e+00
0.000000000000000000e+00
0.000000000000000000e+00
0.000000000000000000e+00
4.485433667894563742e-02
4.347235075481684780e-02
4.347235075481684780e-02
4.347235075481684780e-02
2.721635057969655144e-03
2.721635057969655144e-03
1.326313979778297961e-03
2.735289531378775306e-03
2.735289531378775306e-03
2.735289531378775306e-03
2.735289531378775306e-03
2.735289531378775306e-03
2.735289531378775306e-03
2.735289531378775306e-03
2.735289531378775306e-03
2.735289531378775306e-03
2.735289531378775306e-03
2.735289531378775306e-03
2.735289531378775306e-03
2.735289531378775306e-03
2.735289531378775306e-03
8.518237946976044139e-03
8.518237946976044139e-03
8.518237946976044139e-03
8.518237946976044139e-03
8.518237946976044139e-03
8.518237946976044139e-03
8.621462204190542822e-03
8.621462204190542822e-03
8.621462204190542822e-03
8.621462204190542822e-03
8.621462204190542822e-03
8.621462204190542822e-03
8.621462204190542822e-03
8.621462204190542822e-03
8.621462204190542822e-03
8.621462204190542822e-03
8.621462204190542822e-03
8.924210586824273114e-04
1.644453139516442036e-02
1.644453139516442036e-02
1.644453139516442036e-02
1.644453139516442036e-02
1.426719597931616276e-02
1.426719597931616276e-02
1.426719597931616276e-02
1.426719597931616276e-02
1.426719597931616276e-02
1.426719597931616276e-02
1.426719597931616276e-02
1.426719597931616276e-02
1.426719597931616276e-02
1.426719597931616276e-02
0.000000000000000000e+00
0.000000000000000000e+00
0.000000000000000000e+00
0.000000000000000000e+00
0.000000000000000000e+00
0.000000000000000000e+00
1.171402117758456318e-01
1.171402117758456318e-01
1.171402117758456318e-01
1.171402117758456318e-01
1.171402117758456318e-01
1.171402117758456318e-01
1.171402117758456318e-01
1.171402117758456318e-01
1.171402117758456318e-01
1.171402117758456318e-01
1.171402117758456318e-01
1.171402117758456318e-01
2.052409663620577418e-02
2.052409663620577418e-02
2.052409663620577418e-02
2.052409663620577418e-02
1.185725487408963337e-02
5.270257029076876737e-03
5.270257029076876737e-03
5.270257029076876737e-03
5.270257029076876737e-03
5.270257029076876737e-03
5.270257029076876737e-03
5.270257029076876737e-03
5.270257029076876737e-03
5.270257029076876737e-03
5.270257029076876737e-03
5.270257029076876737e-03
5.270257029076876737e-03
5.270257029076876737e-03
5.270257029076876737e-03
5.270257029076876737e-03
5.270257029076876737e-03
5.270257029076876737e-03
5.270257029076876737e-03
5.270257029076876737e-03
5.270257029076876737e-03
4.773010934872334854e-02
5.363217434509848919e-02
5.363217434509848919e-02
1.543866158865809558e-02
1.543866158865809558e-02
1.543866158865809558e-02
1.543866158865809558e-02
1.543866158865809558e-02
1.543866158865809558e-02
1.543866158865809558e-02
1.543866158865809558e-02
1.543866158865809558e-02
1.543866158865809558e-02
1.543866158865809558e-02
6.461878690586313721e-03
1.027376646375857770e-03
1.027376646375857770e-03
1.027376646375857770e-03
1.027376646375857770e-03
1.027376646375857770e-03
1.027376646375857770e-03
1.027376646375857770e-03
1.027376646375857770e-03
1.027376646375857770e-03
1.027376646375857770e-03
1.027376646375857770e-03
1.027376646375857770e-03
1.027376646375857770e-03
1.027376646375857770e-03
1.027376646375857770e-03
4.370735081802697153e-03
2.045904321873536630e-02
2.045904321873536630e-02
2.045904321873536630e-02
2.045904321873536630e-02
1.586721608868004937e-02
3.387844329378100067e-02
3.387844329378100067e-02
3.387844329378100067e-02
1.223152625707796086e-02
2.059928751516885287e-02
2.059928751516885287e-02
2.059928751516885287e-02
2.059928751516885287e-02
6.740758107069992101e-03
6.740758107069992101e-03
1.431080227287983425e-02
1.431080227287983425e-02
1.431080227287983425e-02
1.431080227287983425e-02
1.431080227287983425e-02
1.431080227287983425e-02
1.431080227287983425e-02
1.431080227287983425e-02
1.431080227287983425e-02
1.431080227287983425e-02
1.431080227287983425e-02
3.493189807601999007e-03
3.493189807601999007e-03
3.493189807601999007e-03
3.493189807601999007e-03
3.493189807601999007e-03
3.493189807601999007e-03
3.493189807601999007e-03
3.493189807601999007e-03
3.493189807601999007e-03
3.493189807601999007e-03
3.493189807601999007e-03
3.493189807601999007e-03
3.493189807601999007e-03
3.493189807601999007e-03
3.493189807601999007e-03
3.493189807601999007e-03
3.493189807601999007e-03
1.178818307796864438e-02
1.640492232340064194e-02
1.640492232340064194e-02
1.640492232340064194e-02
1.640492232340064194e-02
1.640492232340064194e-02
1.640492232340064194e-02
1.640492232340064194e-02
1.640492232340064194e-02
1.640492232340064194e-02
1.640492232340064194e-02
1.640492232340064194e-02
1.640492232340064194e-02
1.640492232340064194e-02
1.640492232340064194e-02
1.640492232340064194e-02
1.640492232340064194e-02
1.640492232340064194e-02
1.640492232340064194e-02
1.640492232340064194e-02
1.640492232340064194e-02
1.640492232340064194e-02
1.640492232340064194e-02
1.640492232340064194e-02
1.640492232340064194e-02
1.640492232340064194e-02
1.640492232340064194e-02
8.924210586824273114e-04
8.924210586824273114e-04
8.924210586824273114e-04
8.924210586824273114e-04
8.924210586824273114e-04
8.924210586824273114e-04
8.924210586824273114e-04
8.924210586824273114e-04
8.924210586824273114e-04
8.924210586824273114e-04
2.955124773729083526e-02
1.083546463460980172e-02
1.083546463460980172e-02
1.881679439872044335e-02
0.000000000000000000e+00
0.000000000000000000e+00
3.118411599565223610e-03
3.118411599565223610e-03
3.118411599565223610e-03
3.118411599565223610e-03
3.118411599565223610e-03
3.118411599565223610e-03
1.162336891504128474e-03
4.346180834293427581e-03
4.346180834293427581e-03
4.346180834293427581e-03
4.346180834293427581e-03
4.346180834293427581e-03
4.346180834293427581e-03
1.164290556841668161e-03
6.228549205274745010e-03
6.228549205274745010e-03
6.228549205274745010e-03
6.228549205274745010e-03
5.569823786047137758e-03
1.320713410912140000e-02
1.320713410912140000e-02
1.320713410912140000e-02
1.320713410912140000e-02
1.320713410912140000e-02
1.320713410912140000e-02
1.320713410912140000e-02
1.320713410912140000e-02
1.797939446637160377e-02
8.718864940579214989e-03
8.718864940579214989e-03
5.806097820746103540e-03
5.806097820746103540e-03
5.806097820746103540e-03
5.806097820746103540e-03
5.806097820746103540e-03
5.806097820746103540e-03
2.622774000545844558e-02
0.000000000000000000e+00
0.000000000000000000e+00
0.000000000000000000e+00
0.000000000000000000e+00
0.000000000000000000e+00
0.000000000000000000e+00
0.000000000000000000e+00
0.000000000000000000e+00
0.000000000000000000e+00
0.000000000000000000e+00
0.000000000000000000e+00
0.000000000000000000e+00
0.000000000000000000e+00
0.000000000000000000e+00
0.000000000000000000e+00
0.000000000000000000e+00
0.000000000000000000e+00
1.345667615172855582e-02
1.345667615172855582e-02
1.345667615172855582e-02
1.345667615172855582e-02
1.345667615172855582e-02
1.345667615172855582e-02
1.345667615172855582e-02
5.942334821889034766e-03
1.345667615172855582e-02
5.467398918809127789e-03
5.467398918809127789e-03
8.843724123591330602e-03
1.191880610439621443e-02
1.191880610439621443e-02
1.191880610439621443e-02
1.191880610439621443e-02
1.191880610439621443e-02
1.191880610439621443e-02
8.881747936171725810e-03
1.394971663649271186e-02
7.830431529320147285e-03
7.830431529320147285e-03
7.830431529320147285e-03
7.830431529320147285e-03
7.830431529320147285e-03
7.830431529320147285e-03
7.830431529320147285e-03
7.830431529320147285e-03
7.830431529320147285e-03
7.830431529320147285e-03
7.830431529320147285e-03
4.201325044877073089e-02
3.377090226375065174e-02
3.377090226375065174e-02
1.823784097591010789e-02
3.377090226375065174e-02
1.162336891504128474e-03
6.498958150867503378e-03
6.498958150867503378e-03
7.348927899182012592e-03
3.018245042686625718e-02
3.018245042686625718e-02
1.935257782468309193e-02
1.579302837675607141e-02
1.579302837675607141e-02
8.718175357365643904e-03
2.180075217500536313e-03
2.180075217500536313e-03
2.180075217500536313e-03
2.180075217500536313e-03
2.180075217500536313e-03
1.020646831206754000e-02
1.020646831206754000e-02
1.020646831206754000e-02
1.020646831206754000e-02
7.758234184925569786e-03
3.680997276699208426e-02
1.543061396285857860e-02
1.543061396285857860e-02
1.543061396285857860e-02
1.543061396285857860e-02
1.543061396285857860e-02
1.543061396285857860e-02
0.000000000000000000e+00
8.006995456084711055e-03
8.006995456084711055e-03
8.006995456084711055e-03
8.006995456084711055e-03
8.006995456084711055e-03
8.006995456084711055e-03
8.006995456084711055e-03
8.006995456084711055e-03
8.006995456084711055e-03
8.006995456084711055e-03
1.653529031823291681e-02
3.525703634158450922e-02
3.525703634158450922e-02
1.672405387579991090e-02
1.911536378969051070e-02
1.911536378969051070e-02
1.911536378969051070e-02
1.911536378969051070e-02
3.670294184612296531e-03
1.094801009965409855e-02
1.094801009965409855e-02
1.094801009965409855e-02
9.377757580267031060e-03
5.896174525796395692e-03
5.896174525796395692e-03
5.896174525796395692e-03
5.896174525796395692e-03
5.896174525796395692e-03
4.912307588541322753e-03
4.912307588541322753e-03
4.912307588541322753e-03
4.912307588541322753e-03
4.912307588541322753e-03
1.057103478956246227e-02
4.912307588541322753e-03
1.387007223357241206e-02
1.423615420070852011e-02
1.423615420070852011e-02
1.423615420070852011e-02
1.423615420070852011e-02
7.563536076327709821e-03
2.442297053488471509e-02
2.442297053488471509e-02
2.442297053488471509e-02
2.442297053488471509e-02
2.442297053488471509e-02
2.857254992308641897e-02
2.241996079852947785e-02
2.241996079852947785e-02
2.241996079852947785e-02
2.241996079852947785e-02
2.241996079852947785e-02
2.241996079852947785e-02
2.241996079852947785e-02
2.241996079852947785e-02
2.388676235511087015e-02
2.388676235511087015e-02
2.388676235511087015e-02
2.388676235511087015e-02
2.388676235511087015e-02
2.388676235511087015e-02
2.388676235511087015e-02
2.388676235511087015e-02
2.388676235511087015e-02
2.388676235511087015e-02
2.388676235511087015e-02
7.752035384670713037e-04
1.921267348299239910e-02
1.921267348299239910e-02
1.921267348299239910e-02
1.921267348299239910e-02
1.921267348299239910e-02
1.921267348299239910e-02
1.921267348299239910e-02
1.921267348299239910e-02
1.921267348299239910e-02
1.921267348299239910e-02
1.921267348299239910e-02
1.921267348299239910e-02
1.921267348299239910e-02
1.921267348299239910e-02
1.921267348299239910e-02
1.921267348299239910e-02
1.921267348299239910e-02
1.921267348299239910e-02
1.921267348299239910e-02
1.921267348299239910e-02
1.921267348299239910e-02
1.921267348299239910e-02
1.921267348299239910e-02
1.921267348299239910e-02
1.921267348299239910e-02
1.921267348299239910e-02
2.126657452157623002e-02
0.000000000000000000e+00
0.000000000000000000e+00
0.000000000000000000e+00
0.000000000000000000e+00
2.206467190440644308e-02
8.393436436141288662e-03
8.393436436141288662e-03
8.393436436141288662e-03
8.393436436141288662e-03
8.393436436141288662e-03
8.393436436141288662e-03
8.393436436141288662e-03
8.393436436141288662e-03
1.202780283622790006e-02
7.433230388683001455e-03
7.433230388683001455e-03
7.830104202380302678e-03
1.375461100682982309e-02
1.375461100682982309e-02
1.375461100682982309e-02
2.997187944041567603e-02
2.997187944041567603e-02
7.348927899182012592e-03
7.348927899182012592e-03
7.348927899182012592e-03
7.348927899182012592e-03
7.348927899182012592e-03
7.348927899182012592e-03
7.348927899182012592e-03
7.348927899182012592e-03
7.348927899182012592e-03
7.348927899182012592e-03
1.353306878973700028e-02
1.353306878973700028e-02
1.353306878973700028e-02
1.353306878973700028e-02
1.353306878973700028e-02
1.353306878973700028e-02
1.353306878973700028e-02
1.353306878973700028e-02
1.353306878973700028e-02
1.353306878973700028e-02
1.353306878973700028e-02
1.353306878973700028e-02
1.353306878973700028e-02
2.232175610738063292e-03
2.925032999401942432e-02
2.925032999401942432e-02
2.925032999401942432e-02
2.925032999401942432e-02
1.447309008441474351e-02
5.930596828349700249e-03
5.930596828349700249e-03
5.930596828349700249e-03
5.930596828349700249e-03
5.930596828349700249e-03
5.930596828349700249e-03
5.930596828349700249e-03
5.930596828349700249e-03
1.544488896304020698e-02
1.839254312987141302e-02
1.839254312987141302e-02
1.486481865397568797e-02
2.340753338933684868e-02
8.607878208643053586e-03
9.211726472034239329e-04
9.211726472034239329e-04
9.211726472034239329e-04
9.211726472034239329e-04
9.729075332642405163e-03
1.025993102602324597e-02
1.025993102602324597e-02
1.025993102602324597e-02
1.025993102602324597e-02
2.413147347306035528e-02
3.337116236746277831e-02
2.413147347306035528e-02
2.413147347306035528e-02
2.413147347306035528e-02
2.413147347306035528e-02
2.413147347306035528e-02
2.413147347306035528e-02
2.413147347306035528e-02
7.453997234728159185e-03
2.413147347306035528e-02
2.413147347306035528e-02
2.413147347306035528e-02
3.337116236746277831e-02
3.337116236746277831e-02
3.337116236746277831e-02
3.337116236746277831e-02
3.337116236746277831e-02
3.337116236746277831e-02
3.337116236746277831e-02
3.187293898304192213e-03
1.830479940067867390e-03
1.830479940067867390e-03
1.830479940067867390e-03
1.830479940067867390e-03
1.830479940067867390e-03
1.830479940067867390e-03
1.830479940067867390e-03
1.830479940067867390e-03
1.636821975361563847e-02
7.942638334276693260e-03
2.279724643527205816e-02
3.870720303913371269e-03
3.870720303913371269e-03
3.870720303913371269e-03
3.870720303913371269e-03
3.870720303913371269e-03
3.870720303913371269e-03
3.870720303913371269e-03
3.870720303913371269e-03
3.870720303913371269e-03
3.870720303913371269e-03
3.870720303913371269e-03
3.870720303913371269e-03
3.870720303913371269e-03
3.870720303913371269e-03
3.870720303913371269e-03
3.870720303913371269e-03
8.101276903242001295e-03
4.114652067646619102e-03
4.114652067646619102e-03
4.114652067646619102e-03
4.114652067646619102e-03
4.114652067646619102e-03
4.114652067646619102e-03
4.114652067646619102e-03
4.114652067646619102e-03
2.960226517642317728e-03
1.910029772593743204e-04
1.910029772593743204e-04
1.910029772593743204e-04
1.910029772593743204e-04
1.910029772593743204e-04
1.910029772593743204e-04
1.910029772593743204e-04
1.910029772593743204e-04
1.910029772593743204e-04
1.910029772593743204e-04
8.395452890844683908e-03
2.288164969106225039e-03
2.288164969106225039e-03
2.288164969106225039e-03
2.288164969106225039e-03
2.288164969106225039e-03
2.288164969106225039e-03
2.288164969106225039e-03
2.288164969106225039e-03
0.000000000000000000e+00
1.143593055012517845e-02
1.143593055012517845e-02
1.143593055012517845e-02
4.317318928116630969e-03
4.317318928116630969e-03
4.317318928116630969e-03
7.537066918941671273e-03
7.537066918941671273e-03
7.537066918941671273e-03
7.537066918941671273e-03
7.537066918941671273e-03
7.537066918941671273e-03
7.537066918941671273e-03
7.537066918941671273e-03
7.537066918941671273e-03
7.537066918941671273e-03
7.537066918941671273e-03
7.537066918941671273e-03
7.537066918941671273e-03
7.537066918941671273e-03
7.537066918941671273e-03
7.537066918941671273e-03
7.537066918941671273e-03
7.537066918941671273e-03
7.537066918941671273e-03
7.537066918941671273e-03
7.537066918941671273e-03
2.231066236335629144e-02
0.000000000000000000e+00
0.000000000000000000e+00
0.000000000000000000e+00
0.000000000000000000e+00
4.375482920424259708e-02
0.000000000000000000e+00
4.375482920424259708e-02
2.638321570242128239e-02
1.730976479465508658e-02
1.730976479465508658e-02
1.730976479465508658e-02
1.730976479465508658e-02
1.730976479465508658e-02
1.730976479465508658e-02
1.069795324551727628e-02
9.254969220697571372e-03
9.254969220697571372e-03
9.254969220697571372e-03
9.254969220697571372e-03
7.782573266629735746e-03
7.782573266629735746e-03
7.782573266629735746e-03
0.000000000000000000e+00
7.782573266629735746e-03
0.000000000000000000e+00
0.000000000000000000e+00
0.000000000000000000e+00
0.000000000000000000e+00
0.000000000000000000e+00
6.681029277229854312e-03
1.969449428188093515e-02
1.969449428188093515e-02
8.464876744846578163e-03
8.464876744846578163e-03
8.464876744846578163e-03
8.464876744846578163e-03
8.464876744846578163e-03
8.464876744846578163e-03
8.464876744846578163e-03
8.464876744846578163e-03
8.464876744846578163e-03
8.464876744846578163e-03
1.804754404722945169e-02
7.456165492964099938e-03
7.456165492964099938e-03
7.456165492964099938e-03
9.729075332642405163e-03
9.729075332642405163e-03
9.729075332642405163e-03
9.729075332642405163e-03
9.729075332642405163e-03
9.729075332642405163e-03
9.729075332642405163e-03
9.729075332642405163e-03
9.729075332642405163e-03
9.729075332642405163e-03
9.729075332642405163e-03
9.729075332642405163e-03
2.190740444236961501e-03
1.071531244605783764e-02
1.071531244605783764e-02
1.071531244605783764e-02
1.071531244605783764e-02
1.071531244605783764e-02
1.071531244605783764e-02
1.387007223357241206e-02
1.600781881795150172e-02
1.600781881795150172e-02
1.600781881795150172e-02
1.600781881795150172e-02
1.600781881795150172e-02
1.600781881795150172e-02
7.318241441237217405e-03
9.414750197791083366e-03
9.414750197791083366e-03
1.200344233265132794e-02
1.200344233265132794e-02
1.643503845894450296e-02
8.083848200235643419e-03
8.083848200235643419e-03
8.083848200235643419e-03
8.083848200235643419e-03
8.083848200235643419e-03
8.083848200235643419e-03
8.083848200235643419e-03
8.083848200235643419e-03
8.083848200235643419e-03
8.083848200235643419e-03
1.850504270699947912e-02
1.939844791847042740e-02
1.939844791847042740e-02
1.939844791847042740e-02
1.939844791847042740e-02
1.939844791847042740e-02
1.939844791847042740e-02
1.939844791847042740e-02
1.939844791847042740e-02
1.939844791847042740e-02
1.939844791847042740e-02
3.184032914171820109e-03
2.269344797963303295e-02
2.269344797963303295e-02
2.269344797963303295e-02
2.269344797963303295e-02
2.269344797963303295e-02
2.269344797963303295e-02
2.791043447423709883e-02
2.073620782766992868e-02
2.073620782766992868e-02
2.073620782766992868e-02
2.073620782766992868e-02
2.073620782766992868e-02
2.073620782766992868e-02
6.934406336476174777e-03
1.390187821216216056e-02
1.390187821216216056e-02
1.390187821216216056e-02
1.390187821216216056e-02
1.390187821216216056e-02
1.390187821216216056e-02
1.390187821216216056e-02
1.390187821216216056e-02
1.390187821216216056e-02
1.390187821216216056e-02
1.390187821216216056e-02
1.390187821216216056e-02
1.390187821216216056e-02
1.390187821216216056e-02
1.321867374342460162e-02
1.549735644866660593e-02
1.549735644866660593e-02
1.557288229000622489e-03
1.627695642004875140e-02
1.627695642004875140e-02
1.627695642004875140e-02
1.627695642004875140e-02
1.627695642004875140e-02
1.627695642004875140e-02
1.627695642004875140e-02
1.627695642004875140e-02
1.627695642004875140e-02
1.627695642004875140e-02
1.627695642004875140e-02
1.627695642004875140e-02
1.627695642004875140e-02
1.627695642004875140e-02
2.638321570242128239e-02
2.638321570242128239e-02
2.638321570242128239e-02
2.638321570242128239e-02
2.638321570242128239e-02
2.638321570242128239e-02
1.238182739397453852e-02
6.616985045749940869e-03
6.616985045749940869e-03
6.616985045749940869e-03
6.616985045749940869e-03
1.076301989701307533e-02
1.076301989701307533e-02
1.076301989701307533e-02
1.076301989701307533e-02
1.076301989701307533e-02
1.076301989701307533e-02
1.076301989701307533e-02
1.076301989701307533e-02
1.076301989701307533e-02
1.076301989701307533e-02
1.076301989701307533e-02
1.076301989701307533e-02
1.076301989701307533e-02
3.351291149316866502e-02
3.351291149316866502e-02
3.351291149316866502e-02
3.351291149316866502e-02
3.351291149316866502e-02
3.351291149316866502e-02
3.351291149316866502e-02
3.351291149316866502e-02
3.351291149316866502e-02
3.351291149316866502e-02
3.351291149316866502e-02
3.351291149316866502e-02
3.351291149316866502e-02
3.351291149316866502e-02
3.351291149316866502e-02
3.351291149316866502e-02
3.351291149316866502e-02
3.937748787742794201e-03
3.937748787742794201e-03
3.937748787742794201e-03
3.937748787742794201e-03
3.937748787742794201e-03
3.937748787742794201e-03
3.937748787742794201e-03
3.937748787742794201e-03
3.937748787742794201e-03
3.937748787742794201e-03
3.937748787742794201e-03
3.937748787742794201e-03
3.937748787742794201e-03
3.937748787742794201e-03
3.937748787742794201e-03
3.937748787742794201e-03
3.937748787742794201e-03
3.937748787742794201e-03
8.495832170395685445e-03
2.897729124909670211e-03
2.897729124909670211e-03
1.922017876276965092e-03
1.922017876276965092e-03
1.922017876276965092e-03
1.922017876276965092e-03
1.922017876276965092e-03
1.922017876276965092e-03
1.922017876276965092e-03
1.922017876276965092e-03
1.922017876276965092e-03
1.922017876276965092e-03
1.922017876276965092e-03
1.147053970717422378e-02
7.274438849495056154e-03
7.274438849495056154e-03
2.856603015921648642e-03
6.638852042706889015e-03
6.638852042706889015e-03
2.956386002970003146e-02
6.734381172256571207e-03
6.734381172256571207e-03
6.734381172256571207e-03
9.368813570854655354e-03
2.622774000545844558e-02
2.622774000545844558e-02
2.622774000545844558e-02
4.049142291882594849e-03
2.693836747452858782e-02
2.693836747452858782e-02
2.693836747452858782e-02
2.693836747452858782e-02
2.693836747452858782e-02
2.693836747452858782e-02
2.693836747452858782e-02
2.693836747452858782e-02
2.736615851768391897e-03
2.736615851768391897e-03
2.736615851768391897e-03
2.736615851768391897e-03
2.736615851768391897e-03
2.736615851768391897e-03
2.736615851768391897e-03
2.736615851768391897e-03
2.736615851768391897e-03
2.736615851768391897e-03
2.736615851768391897e-03
2.736615851768391897e-03
2.736615851768391897e-03
2.736615851768391897e-03
2.736615851768391897e-03
1.997418620904124493e-03
1.997418620904124493e-03
1.997418620904124493e-03
1.997418620904124493e-03
1.997418620904124493e-03
1.997418620904124493e-03
1.997418620904124493e-03
1.997418620904124493e-03
1.997418620904124493e-03
1.997418620904124493e-03
1.997418620904124493e-03
1.997418620904124493e-03
1.997418620904124493e-03
6.542885539860830539e-03
6.542885539860830539e-03
6.542885539860830539e-03
6.542885539860830539e-03
6.542885539860830539e-03
6.542885539860830539e-03
6.542885539860830539e-03
6.542885539860830539e-03
6.542885539860830539e-03
6.542885539860830539e-03
6.542885539860830539e-03
6.542885539860830539e-03
1.326501897239170009e-02
5.597917697159107350e-03
5.597917697159107350e-03
5.597917697159107350e-03
5.597917697159107350e-03
5.597917697159107350e-03
5.597917697159107350e-03
5.597917697159107350e-03
5.597917697159107350e-03
5.597917697159107350e-03
5.597917697159107350e-03
5.597917697159107350e-03
5.597917697159107350e-03
5.597917697159107350e-03
5.597917697159107350e-03
1.296101093716628232e-02
3.342299698744941212e-03
3.342299698744941212e-03
4.374701147714687749e-04
4.374701147714687749e-04
4.374701147714687749e-04
4.374701147714687749e-04
4.374701147714687749e-04
4.374701147714687749e-04
4.374701147714687749e-04
4.374701147714687749e-04
4.374701147714687749e-04
4.374701147714687749e-04
4.374701147714687749e-04
4.374701147714687749e-04
4.374701147714687749e-04
4.374701147714687749e-04
4.374701147714687749e-04
4.374701147714687749e-04
2.351818072131410878e-02
2.351818072131410878e-02
2.351818072131410878e-02
2.351818072131410878e-02
2.351818072131410878e-02
2.351818072131410878e-02
2.351818072131410878e-02
2.351818072131410878e-02
8.582614906459404627e-03
1.628068736427969870e-02
1.628068736427969870e-02
1.628068736427969870e-02
1.628068736427969870e-02
1.628068736427969870e-02
1.628068736427969870e-02
1.628068736427969870e-02
1.628068736427969870e-02
1.628068736427969870e-02
1.628068736427969870e-02
1.628068736427969870e-02
1.628068736427969870e-02
1.628068736427969870e-02
1.628068736427969870e-02
2.601207399868235917e-02
1.714641990877014549e-02
1.714641990877014549e-02
1.714641990877014549e-02
1.714641990877014549e-02
1.714641990877014549e-02
1.714641990877014549e-02
1.411140648785675668e-02
5.907091966479721505e-03
5.907091966479721505e-03
5.907091966479721505e-03
5.907091966479721505e-03
5.907091966479721505e-03
3.212330119533245154e-02
2.303936416892909435e-03
2.303936416892909435e-03
2.303936416892909435e-03
2.303936416892909435e-03
3.927354713461178246e-03
3.200447973989300164e-03
3.200447973989300164e-03
3.200447973989300164e-03
3.200447973989300164e-03
3.200447973989300164e-03
3.200447973989300164e-03
3.200447973989300164e-03
3.200447973989300164e-03
5.738672715595226348e-02
4.507659227757908338e-02
4.420440261126113227e-03
1.546703562535345355e-02
1.546703562535345355e-02
1.172329799422761748e-02
1.172329799422761748e-02
1.172329799422761748e-02
1.172329799422761748e-02
1.172329799422761748e-02
1.172329799422761748e-02
1.172329799422761748e-02
1.172329799422761748e-02
1.172329799422761748e-02
1.172329799422761748e-02
1.172329799422761748e-02
2.712978341380154965e-02
1.068798420070284950e-02
1.068798420070284950e-02
1.068798420070284950e-02
1.068798420070284950e-02
1.068798420070284950e-02
1.068798420070284950e-02
1.068798420070284950e-02
1.068798420070284950e-02
1.068798420070284950e-02
1.068798420070284950e-02
1.068798420070284950e-02
1.068798420070284950e-02
1.068798420070284950e-02
1.068798420070284950e-02
2.890753071754356002e-02
6.227904249683569211e-03
6.227904249683569211e-03
6.227904249683569211e-03
6.227904249683569211e-03
6.227904249683569211e-03
2.586689195098186914e-02
2.873140806818758747e-02
2.873140806818758747e-02
2.873140806818758747e-02
2.873140806818758747e-02
2.873140806818758747e-02
2.873140806818758747e-02
2.873140806818758747e-02
2.873140806818758747e-02
2.873140806818758747e-02
2.873140806818758747e-02
2.873140806818758747e-02
2.873140806818758747e-02
2.873140806818758747e-02
2.873140806818758747e-02
2.873140806818758747e-02
0.000000000000000000e+00
0.000000000000000000e+00
0.000000000000000000e+00
0.000000000000000000e+00
0.000000000000000000e+00
0.000000000000000000e+00
0.000000000000000000e+00
0.000000000000000000e+00
1.067054920658789749e-02
1.153512363952278151e-02
1.153512363952278151e-02
1.638051256868282984e-02
2.804461865570559084e-02
2.804461865570559084e-02
2.804461865570559084e-02
2.804461865570559084e-02
3.212330119533245154e-02
2.325502691072270714e-02
2.325502691072270714e-02
2.325502691072270714e-02
2.325502691072270714e-02
2.325502691072270714e-02
2.325502691072270714e-02
2.325502691072270714e-02
2.325502691072270714e-02
1.206949705597974883e-02
1.640863866813549107e-03
1.640863866813549107e-03
1.640863866813549107e-03
1.640863866813549107e-03
1.640863866813549107e-03
1.640863866813549107e-03
1.640863866813549107e-03
1.640863866813549107e-03
1.640863866813549107e-03
1.640863866813549107e-03
1.640863866813549107e-03
1.640863866813549107e-03
1.640863866813549107e-03
1.640863866813549107e-03
1.640863866813549107e-03
1.640863866813549107e-03
1.447309008441474351e-02
4.286562876951655054e-02
1.104842417314495263e-02
1.104842417314495263e-02
1.104842417314495263e-02
1.104842417314495263e-02
1.104842417314495263e-02
1.104842417314495263e-02
1.104842417314495263e-02
1.104842417314495263e-02
1.104842417314495263e-02
1.104842417314495263e-02
1.104842417314495263e-02
3.896603499177695709e-04
1.689879184907789201e-03
1.689879184907789201e-03
0.000000000000000000e+00
0.000000000000000000e+00
0.000000000000000000e+00
6.570634921855310513e-03
6.570634921855310513e-03
6.570634921855310513e-03
6.570634921855310513e-03
6.570634921855310513e-03
6.570634921855310513e-03
6.570634921855310513e-03
6.570634921855310513e-03
1.254093953004146479e-03
1.254093953004146479e-03
1.254093953004146479e-03
1.254093953004146479e-03
5.110433003486964353e-03
1.409416391922245319e-02
1.409416391922245319e-02
1.409416391922245319e-02
1.409416391922245319e-02
2.097021041247278464e-02
2.097021041247278464e-02
1.224129175223915254e-02
2.097305591725102773e-03
2.097305591725102773e-03
2.097305591725102773e-03
2.097305591725102773e-03
2.097305591725102773e-03
2.097305591725102773e-03
1.367643652529462218e-02
8.225880239659765641e-03
8.225880239659765641e-03
8.225880239659765641e-03
8.225880239659765641e-03
8.225880239659765641e-03
5.677849081521600672e-03
1.531752485519985050e-03
2.708606416328869938e-03
1.531752485519985050e-03
1.531752485519985050e-03
1.531752485519985050e-03
0.000000000000000000e+00
2.565366672351463047e-03
2.565366672351463047e-03
2.565366672351463047e-03
2.565366672351463047e-03
2.565366672351463047e-03
2.565366672351463047e-03
2.565366672351463047e-03
2.565366672351463047e-03
1.618088165967194320e-02
1.728875042205115994e-02
1.728875042205115994e-02
1.728875042205115994e-02
1.728875042205115994e-02
1.579866816976796193e-02
4.093141879731663178e-03
4.093141879731663178e-03
4.093141879731663178e-03
4.093141879731663178e-03
4.093141879731663178e-03
4.093141879731663178e-03
4.093141879731663178e-03
4.093141879731663178e-03
1.693233874827428792e-02
3.279123846331834929e-02
1.693233874827428792e-02
1.693233874827428792e-02
1.693233874827428792e-02
5.394107150229356280e-03
1.478808602190171892e-02
1.478808602190171892e-02
1.478808602190171892e-02
1.478808602190171892e-02
1.478808602190171892e-02
1.478808602190171892e-02
1.478808602190171892e-02
1.478808602190171892e-02
1.478808602190171892e-02
1.478808602190171892e-02
1.478808602190171892e-02
1.478808602190171892e-02
1.478808602190171892e-02
1.478808602190171892e-02
1.017404664157011687e-03
8.265493328328500297e-03
8.265493328328500297e-03
1.817781924197356749e-02
2.143840037568141982e-02
2.143840037568141982e-02
2.143840037568141982e-02
2.143840037568141982e-02
2.143840037568141982e-02
2.143840037568141982e-02
2.143840037568141982e-02
2.143840037568141982e-02
2.143840037568141982e-02
2.143840037568141982e-02
2.143840037568141982e-02
2.143840037568141982e-02
2.712978341380154965e-02
2.712978341380154965e-02
2.712978341380154965e-02
2.712978341380154965e-02
1.256866794249811986e-02
1.256866794249811986e-02
1.613176900217459103e-02
1.613176900217459103e-02
6.792663722322992217e-03
6.792663722322992217e-03
6.792663722322992217e-03
6.792663722322992217e-03
6.792663722322992217e-03
6.792663722322992217e-03
6.792663722322992217e-03
6.792663722322992217e-03
6.792663722322992217e-03
6.792663722322992217e-03
6.792663722322992217e-03
1.600606995306973895e-02
1.544488896304020698e-02
2.671754101544080579e-02
2.153198335596009927e-02
2.153198335596009927e-02
2.153198335596009927e-02
2.153198335596009927e-02
2.153198335596009927e-02
2.153198335596009927e-02
2.153198335596009927e-02
2.153198335596009927e-02
2.153198335596009927e-02
2.153198335596009927e-02
2.153198335596009927e-02
2.153198335596009927e-02
1.336610948961026134e-02
9.598204348035347874e-03
9.598204348035347874e-03
1.645461070787033325e-02
1.017404664157011687e-03
1.017404664157011687e-03
1.017404664157011687e-03
0.000000000000000000e+00
0.000000000000000000e+00
2.178774947335338982e-02
1.744863733032171044e-02
1.744863733032171044e-02
1.744863733032171044e-02
1.744863733032171044e-02
1.744863733032171044e-02
1.744863733032171044e-02
1.744863733032171044e-02
1.744863733032171044e-02
3.445575860152903097e-02
3.140664852432713868e-03
3.140664852432713868e-03
3.140664852432713868e-03
3.140664852432713868e-03
3.140664852432713868e-03
3.140664852432713868e-03
3.140664852432713868e-03
0.000000000000000000e+00
9.879857678289328485e-04
9.879857678289328485e-04
9.879857678289328485e-04
9.879857678289328485e-04
9.879857678289328485e-04
9.879857678289328485e-04
9.879857678289328485e-04
9.879857678289328485e-04
9.879857678289328485e-04
9.879857678289328485e-04
9.879857678289328485e-04
9.879857678289328485e-04
9.879857678289328485e-04
9.879857678289328485e-04
0.000000000000000000e+00
0.000000000000000000e+00
0.000000000000000000e+00
0.000000000000000000e+00
4.420440261126113227e-03
1.957687409756509161e-03
1.957687409756509161e-03
1.957687409756509161e-03
1.957687409756509161e-03
0.000000000000000000e+00
3.285773188744522261e-02
3.285773188744522261e-02
3.285773188744522261e-02
3.285773188744522261e-02
3.285773188744522261e-02
3.285773188744522261e-02
3.285773188744522261e-02
3.285773188744522261e-02
3.285773188744522261e-02
3.285773188744522261e-02
3.285773188744522261e-02
3.285773188744522261e-02
3.285773188744522261e-02
3.285773188744522261e-02
3.285773188744522261e-02
3.285773188744522261e-02
2.771718778956731855e-02
5.280359252564962094e-03
5.280359252564962094e-03
5.280359252564962094e-03
5.280359252564962094e-03
5.280359252564962094e-03
5.280359252564962094e-03
2.100349635503985166e-02
1.050304410170101004e-02
1.050304410170101004e-02
1.050304410170101004e-02
1.050304410170101004e-02
1.050304410170101004e-02
1.050304410170101004e-02
1.680241131923760831e-02
1.680241131923760831e-02
1.680241131923760831e-02
1.680241131923760831e-02
1.680241131923760831e-02
1.680241131923760831e-02
1.680241131923760831e-02
1.680241131923760831e-02
1.680241131923760831e-02
1.680241131923760831e-02
1.680241131923760831e-02
1.680241131923760831e-02
1.680241131923760831e-02
1.680241131923760831e-02
1.680241131923760831e-02
1.937849890553305574e-02
6.189809451846116188e-03
6.189809451846116188e-03
6.189809451846116188e-03
6.189809451846116188e-03
6.189809451846116188e-03
6.189809451846116188e-03
6.189809451846116188e-03
6.189809451846116188e-03
1.529582332272848809e-02
6.461878690586313721e-03
6.461878690586313721e-03
6.461878690586313721e-03
6.461878690586313721e-03
6.461878690586313721e-03
6.461878690586313721e-03
6.461878690586313721e-03
6.461878690586313721e-03
6.461878690586313721e-03
6.461878690586313721e-03
6.461878690586313721e-03
2.409108662504290399e-02
1.690704137858942829e-02
1.690704137858942829e-02
1.690704137858942829e-02
1.690704137858942829e-02
1.690704137858942829e-02
1.690704137858942829e-02
2.542932455025390874e-04
8.893600039641662985e-03
8.893600039641662985e-03
8.893600039641662985e-03
8.893600039641662985e-03
8.893600039641662985e-03
8.893600039641662985e-03
6.671074076642256878e-02
1.329194468341638076e-02
1.329194468341638076e-02
1.329194468341638076e-02
1.329194468341638076e-02
1.329194468341638076e-02
1.329194468341638076e-02
3.049146738977438417e-02
1.825685961519239080e-03
1.825685961519239080e-03
1.825685961519239080e-03
1.825685961519239080e-03
1.825685961519239080e-03
1.825685961519239080e-03
1.825685961519239080e-03
1.825685961519239080e-03
1.825685961519239080e-03
1.825685961519239080e-03
1.825685961519239080e-03
1.825685961519239080e-03
1.825685961519239080e-03
1.825685961519239080e-03
1.825685961519239080e-03
1.825685961519239080e-03
1.825685961519239080e-03
1.825685961519239080e-03
6.437735728583734128e-03
6.437735728583734128e-03
6.437735728583734128e-03
6.437735728583734128e-03
6.437735728583734128e-03
6.437735728583734128e-03
6.437735728583734128e-03
6.437735728583734128e-03
6.437735728583734128e-03
6.437735728583734128e-03
6.437735728583734128e-03
0.000000000000000000e+00
4.667526915745812133e-02
4.667526915745812133e-02
4.667526915745812133e-02
4.667526915745812133e-02
4.667526915745812133e-02
4.667526915745812133e-02
4.667526915745812133e-02
4.667526915745812133e-02
8.810122979336056787e-03
6.319342476711701509e-04
6.319342476711701509e-04
6.319342476711701509e-04
0.000000000000000000e+00
0.000000000000000000e+00
1.953232532304246399e-02
5.674795823960609650e-03
5.674795823960609650e-03
5.674795823960609650e-03
0.000000000000000000e+00
0.000000000000000000e+00
1.508597599410546088e-02
1.508597599410546088e-02
1.508597599410546088e-02
1.508597599410546088e-02
1.508597599410546088e-02
1.508597599410546088e-02
1.508597599410546088e-02
1.581513311456980014e-02
1.508597599410546088e-02
2.742043579895588404e-02
2.742043579895588404e-02
1.643503845894450296e-02
5.876624187592566911e-03
2.328625595455080868e-02
2.328625595455080868e-02
0.000000000000000000e+00
6.410769639843061536e-03
6.410769639843061536e-03
6.410769639843061536e-03
6.410769639843061536e-03
6.410769639843061536e-03
6.410769639843061536e-03
6.410769639843061536e-03
6.410769639843061536e-03
4.270502256122719192e-02
4.193642137314287921e-02
4.193642137314287921e-02
4.193642137314287921e-02
4.193642137314287921e-02
3.308997350431688161e-02
2.606128316865598954e-02
2.606128316865598954e-02
2.606128316865598954e-02
2.606128316865598954e-02
2.606128316865598954e-02
2.606128316865598954e-02
2.899267694627187877e-03
1.751823226391895777e-02
1.751823226391895777e-02
1.751823226391895777e-02
2.857254992308641897e-02
2.857254992308641897e-02
2.857254992308641897e-02
2.857254992308641897e-02
2.952358363525131851e-03
5.931905010736229951e-03
5.931905010736229951e-03
2.048975107099835699e-02
3.535065118899054920e-02
3.535065118899054920e-02
3.535065118899054920e-02
3.535065118899054920e-02
3.535065118899054920e-02
3.535065118899054920e-02
3.535065118899054920e-02
3.535065118899054920e-02
3.535065118899054920e-02
3.535065118899054920e-02
3.535065118899054920e-02
3.535065118899054920e-02
1.295526818312789374e-02
8.936360677191682034e-03
8.936360677191682034e-03
8.936360677191682034e-03
8.936360677191682034e-03
8.936360677191682034e-03
6.367259639087644897e-03
6.367259639087644897e-03
6.367259639087644897e-03
6.367259639087644897e-03
6.367259639087644897e-03
6.367259639087644897e-03
6.367259639087644897e-03
6.367259639087644897e-03
6.367259639087644897e-03
2.223601722704813925e-03
6.367259639087644897e-03
6.367259639087644897e-03
6.367259639087644897e-03
2.119816085618408258e-02
9.933074593038845532e-03
9.933074593038845532e-03
9.933074593038845532e-03
9.933074593038845532e-03
9.933074593038845532e-03
9.933074593038845532e-03
1.784549365190412273e-03
1.784549365190412273e-03
1.784549365190412273e-03
1.784549365190412273e-03
3.300995822450865369e-02
0.000000000000000000e+00
0.000000000000000000e+00
0.000000000000000000e+00
0.000000000000000000e+00
2.239929368572234764e-02
2.239929368572234764e-02
2.239929368572234764e-02
2.239929368572234764e-02
2.239929368572234764e-02
2.239929368572234764e-02
6.486430490445961247e-03
6.486430490445961247e-03
6.486430490445961247e-03
6.486430490445961247e-03
6.486430490445961247e-03
6.486430490445961247e-03
6.486430490445961247e-03
6.486430490445961247e-03
6.486430490445961247e-03
6.486430490445961247e-03
6.486430490445961247e-03
8.630303847304310674e-03
1.089648134653584425e-03
1.089648134653584425e-03
1.089648134653584425e-03
1.089648134653584425e-03
1.089648134653584425e-03
1.089648134653584425e-03
1.031258117420304904e-02
1.031258117420304904e-02
1.031258117420304904e-02
1.031258117420304904e-02
1.031258117420304904e-02
1.031258117420304904e-02
1.031258117420304904e-02
1.031258117420304904e-02
1.031258117420304904e-02
1.031258117420304904e-02
1.031258117420304904e-02
1.031258117420304904e-02
1.031258117420304904e-02
1.008443276166694214e-02
1.008443276166694214e-02
1.008443276166694214e-02
1.008443276166694214e-02
1.008443276166694214e-02
1.008443276166694214e-02
1.008443276166694214e-02
1.008443276166694214e-02
1.008443276166694214e-02
1.008443276166694214e-02
1.008443276166694214e-02
1.008443276166694214e-02
1.008443276166694214e-02
8.810122979336056787e-03
8.810122979336056787e-03
8.810122979336056787e-03
8.810122979336056787e-03
8.810122979336056787e-03
8.810122979336056787e-03
8.810122979336056787e-03
8.810122979336056787e-03
7.721106318198814669e-03
7.721106318198814669e-03
7.721106318198814669e-03
1.648925386333094834e-04
8.292907232915777346e-03
8.292907232915777346e-03
8.292907232915777346e-03
8.292907232915777346e-03
8.292907232915777346e-03
8.292907232915777346e-03
8.292907232915777346e-03
8.292907232915777346e-03
8.292907232915777346e-03
0.000000000000000000e+00
0.000000000000000000e+00
0.000000000000000000e+00
0.000000000000000000e+00
0.000000000000000000e+00
0.000000000000000000e+00
0.000000000000000000e+00
0.000000000000000000e+00
0.000000000000000000e+00
1.313544925587859132e-02
7.830104202380302678e-03
7.830104202380302678e-03
7.830104202380302678e-03
3.156114958929979314e-02
3.203230303490951086e-02
3.203230303490951086e-02
0.000000000000000000e+00
1.208379937985599138e-02
1.091080482080766280e-02
1.091080482080766280e-02
1.091080482080766280e-02
1.208379937985599138e-02
1.208379937985599138e-02
1.208379937985599138e-02
1.758380031163924231e-03
8.582614906459404627e-03
2.749167774806066805e-02
2.601207399868235917e-02
3.180775541312871185e-02
1.842366711581600383e-02
1.842366711581600383e-02
8.475164696493456534e-04
4.604134965094499286e-03
4.604134965094499286e-03
3.063798198353798186e-03
0.000000000000000000e+00
0.000000000000000000e+00
0.000000000000000000e+00
4.387273019840286920e-02
7.535697070022291666e-02
7.535697070022291666e-02
7.535697070022291666e-02
7.535697070022291666e-02
7.535697070022291666e-02
7.535697070022291666e-02
7.535697070022291666e-02
7.535697070022291666e-02
8.625793092399176507e-03
1.393213307995203910e-02
1.393213307995203910e-02
5.080428786345289778e-03
8.659237167592205488e-04
8.659237167592205488e-04
1.529582332272848809e-02
1.529582332272848809e-02
1.529582332272848809e-02
1.529582332272848809e-02
1.529582332272848809e-02
1.529582332272848809e-02
1.529582332272848809e-02
1.529582332272848809e-02
1.529582332272848809e-02
1.529582332272848809e-02
1.529582332272848809e-02
1.529582332272848809e-02
1.979938134508880954e-02
1.979938134508880954e-02
1.979938134508880954e-02
1.979938134508880954e-02
1.797939446637160377e-02
1.797939446637160377e-02
1.797939446637160377e-02
1.797939446637160377e-02
1.797939446637160377e-02
1.797939446637160377e-02
1.797939446637160377e-02
1.797939446637160377e-02
1.797939446637160377e-02
1.797939446637160377e-02
4.352290319990895738e-03
3.478973660326384072e-03
3.478973660326384072e-03
3.478973660326384072e-03
3.478973660326384072e-03
3.478973660326384072e-03
3.478973660326384072e-03
5.555593328183492698e-03
1.407208391525599338e-02
1.407208391525599338e-02
1.407208391525599338e-02
1.407208391525599338e-02
1.407208391525599338e-02
1.407208391525599338e-02
1.407208391525599338e-02
1.407208391525599338e-02
1.407208391525599338e-02
1.407208391525599338e-02
1.407208391525599338e-02
1.407208391525599338e-02
1.407208391525599338e-02
1.407208391525599338e-02
1.407208391525599338e-02
1.407208391525599338e-02
1.407208391525599338e-02
1.407208391525599338e-02
1.407208391525599338e-02
1.407208391525599338e-02
1.508659324455800116e-02
2.390581777785347542e-02
2.390581777785347542e-02
0.000000000000000000e+00
0.000000000000000000e+00
0.000000000000000000e+00
0.000000000000000000e+00
0.000000000000000000e+00
0.000000000000000000e+00
8.803411714359589413e-03
8.803411714359589413e-03
8.803411714359589413e-03
8.803411714359589413e-03
1.899286491168770616e-02
2.366063504811716581e-02
3.582890793102865099e-03
2.181292620846474184e-02
2.181292620846474184e-02
2.181292620846474184e-02
2.181292620846474184e-02
1.996791444664154647e-02
6.384695111984559773e-03
6.384695111984559773e-03
6.384695111984559773e-03
6.384695111984559773e-03
6.384695111984559773e-03
6.384695111984559773e-03
1.175380866464119899e-02
7.978765749008263908e-03
7.978765749008263908e-03
7.978765749008263908e-03
7.978765749008263908e-03
0.000000000000000000e+00
8.679670928459342835e-03
8.679670928459342835e-03
8.679670928459342835e-03
8.679670928459342835e-03
8.679670928459342835e-03
8.679670928459342835e-03
8.679670928459342835e-03
1.228551925064144852e-02
1.228551925064144852e-02
1.228551925064144852e-02
1.228551925064144852e-02
1.228551925064144852e-02
1.228551925064144852e-02
1.228551925064144852e-02
1.228551925064144852e-02
1.228551925064144852e-02
1.228551925064144852e-02
1.228551925064144852e-02
1.228551925064144852e-02
1.228551925064144852e-02
1.228551925064144852e-02
1.228551925064144852e-02
1.228551925064144852e-02
1.228551925064144852e-02
7.384031739728947469e-03
7.384031739728947469e-03
1.600606995306973895e-02
1.600606995306973895e-02
1.600606995306973895e-02
1.600606995306973895e-02
1.600606995306973895e-02
1.600606995306973895e-02
1.600606995306973895e-02
1.600606995306973895e-02
9.184402144113664943e-03
9.184402144113664943e-03
9.184402144113664943e-03
9.184402144113664943e-03
9.184402144113664943e-03
9.184402144113664943e-03
9.184402144113664943e-03
9.184402144113664943e-03
9.184402144113664943e-03
9.184402144113664943e-03
9.184402144113664943e-03
9.184402144113664943e-03
9.184402144113664943e-03
9.184402144113664943e-03
9.184402144113664943e-03
9.184402144113664943e-03
9.184402144113664943e-03
8.169786485290136914e-04
1.085085313652106934e-02
1.085085313652106934e-02
1.085085313652106934e-02
1.085085313652106934e-02
1.085085313652106934e-02
1.085085313652106934e-02
2.082644445632921438e-03
1.430855422580220096e-02
1.430855422580220096e-02
1.430855422580220096e-02
1.430855422580220096e-02
1.430855422580220096e-02
0.000000000000000000e+00
0.000000000000000000e+00
0.000000000000000000e+00
0.000000000000000000e+00
0.000000000000000000e+00
0.000000000000000000e+00
0.000000000000000000e+00
0.000000000000000000e+00
0.000000000000000000e+00
8.036545110982753343e-03
8.036545110982753343e-03
8.036545110982753343e-03
8.036545110982753343e-03
8.036545110982753343e-03
8.036545110982753343e-03
2.955124773729083526e-02
2.955124773729083526e-02
2.955124773729083526e-02
2.955124773729083526e-02
2.955124773729083526e-02
2.955124773729083526e-02
2.955124773729083526e-02
2.955124773729083526e-02
8.999143335208659579e-05
8.999143335208659579e-05
8.999143335208659579e-05
8.999143335208659579e-05
8.999143335208659579e-05
8.999143335208659579e-05
8.999143335208659579e-05
8.999143335208659579e-05
8.999143335208659579e-05
8.999143335208659579e-05
8.999143335208659579e-05
8.999143335208659579e-05
8.999143335208659579e-05
8.999143335208659579e-05
8.999143335208659579e-05
8.999143335208659579e-05
8.999143335208659579e-05
1.456281549881571508e-03
8.999143335208659579e-05
1.057103478956246227e-02
1.057103478956246227e-02
1.057103478956246227e-02
1.057103478956246227e-02
7.546874283287326179e-03
1.057103478956246227e-02
1.057103478956246227e-02
3.998584881053083434e-02
3.998584881053083434e-02
1.882179256498297398e-02
1.882179256498297398e-02
1.882179256498297398e-02
1.882179256498297398e-02
1.882179256498297398e-02
1.882179256498297398e-02
1.882179256498297398e-02
1.882179256498297398e-02
1.882179256498297398e-02
1.882179256498297398e-02
1.882179256498297398e-02
2.771718778956731855e-02
2.771718778956731855e-02
2.771718778956731855e-02
2.771718778956731855e-02
2.357106018330546587e-03
1.336646722523007237e-02
1.336646722523007237e-02
1.336646722523007237e-02
1.336646722523007237e-02
1.336646722523007237e-02
1.336646722523007237e-02
1.336646722523007237e-02
1.336646722523007237e-02
2.542932455025390874e-04
2.542932455025390874e-04
2.542932455025390874e-04
2.542932455025390874e-04
2.542932455025390874e-04
2.542932455025390874e-04
2.542932455025390874e-04
2.542932455025390874e-04
2.542932455025390874e-04
0.000000000000000000e+00
0.000000000000000000e+00
0.000000000000000000e+00
0.000000000000000000e+00
0.000000000000000000e+00
1.672711828236450940e-02
1.241417822406350006e-02
1.241417822406350006e-02
1.241417822406350006e-02
1.241417822406350006e-02
1.241417822406350006e-02
1.241417822406350006e-02
1.241417822406350006e-02
1.241417822406350006e-02
1.241417822406350006e-02
1.241417822406350006e-02
1.241417822406350006e-02
1.241417822406350006e-02
1.241417822406350006e-02
1.241417822406350006e-02
2.731401034013765383e-02
4.440107061481288891e-02
4.440107061481288891e-02
4.440107061481288891e-02
4.440107061481288891e-02
3.445575860152903097e-02
3.445575860152903097e-02
4.830874411258292804e-03
1.806190534856725108e-02
1.806190534856725108e-02
1.806190534856725108e-02
1.806190534856725108e-02
1.806190534856725108e-02
1.806190534856725108e-02
1.034489700523281985e-02
2.952358363525131851e-03
2.952358363525131851e-03
2.952358363525131851e-03
2.952358363525131851e-03
2.952358363525131851e-03
2.279724643527205816e-02
2.279724643527205816e-02
5.998078991099711418e-03
1.300874354312393441e-02
1.300874354312393441e-02
1.300874354312393441e-02
1.300874354312393441e-02
4.633609187043559799e-03
4.633609187043559799e-03
4.633609187043559799e-03
4.633609187043559799e-03
4.633609187043559799e-03
4.633609187043559799e-03
4.633609187043559799e-03
4.633609187043559799e-03
4.633609187043559799e-03
4.633609187043559799e-03
4.633609187043559799e-03
4.633609187043559799e-03
4.633609187043559799e-03
3.481137694366078558e-03
3.539511835385328580e-03
3.539511835385328580e-03
3.539511835385328580e-03
3.539511835385328580e-03
3.539511835385328580e-03
3.539511835385328580e-03
3.539511835385328580e-03
3.539511835385328580e-03
3.910069848196538571e-03
1.132204060345861317e-02
1.132204060345861317e-02
1.132204060345861317e-02
1.132204060345861317e-02
1.132204060345861317e-02
1.132204060345861317e-02
1.132204060345861317e-02
1.132204060345861317e-02
1.226452171879707136e-03
1.226452171879707136e-03
1.226452171879707136e-03
1.226452171879707136e-03
0.000000000000000000e+00
0.000000000000000000e+00
0.000000000000000000e+00
0.000000000000000000e+00
0.000000000000000000e+00
2.523146601526993129e-03
1.990265604307310098e-03
1.990265604307310098e-03
1.990265604307310098e-03
1.990265604307310098e-03
1.990265604307310098e-03
1.990265604307310098e-03
2.921772133508307705e-03
5.618473375648621281e-03
5.618473375648621281e-03
9.389747143527336221e-03
5.618473375648621281e-03
5.618473375648621281e-03
5.618473375648621281e-03
7.278983990674721231e-03
2.388811335078623588e-02
2.388811335078623588e-02
2.388811335078623588e-02
2.388811335078623588e-02
2.388811335078623588e-02
2.388811335078623588e-02
2.388811335078623588e-02
2.388811335078623588e-02
2.388811335078623588e-02
2.388811335078623588e-02
1.005627205779576448e-02
1.557288229000622489e-03
1.557288229000622489e-03
1.557288229000622489e-03
1.557288229000622489e-03
1.557288229000622489e-03
8.413914496895009282e-03
8.413914496895009282e-03
8.413914496895009282e-03
8.413914496895009282e-03
8.413914496895009282e-03
8.413914496895009282e-03
8.413914496895009282e-03
8.413914496895009282e-03
8.413914496895009282e-03
8.413914496895009282e-03
8.413914496895009282e-03
8.413914496895009282e-03
8.413914496895009282e-03
8.413914496895009282e-03
8.413914496895009282e-03
8.413914496895009282e-03
8.413914496895009282e-03
3.235461698662515234e-03
1.297307466515939568e-02
1.297307466515939568e-02
1.297307466515939568e-02
1.297307466515939568e-02
1.297307466515939568e-02
1.297307466515939568e-02
1.297307466515939568e-02
1.297307466515939568e-02
1.297307466515939568e-02
1.297307466515939568e-02
1.297307466515939568e-02
1.297307466515939568e-02
1.297307466515939568e-02
1.297307466515939568e-02
1.297307466515939568e-02
7.405480570356222196e-03
3.896603499177695709e-04
3.896603499177695709e-04
3.896603499177695709e-04
3.896603499177695709e-04
3.896603499177695709e-04
3.896603499177695709e-04
3.896603499177695709e-04
3.896603499177695709e-04
3.896603499177695709e-04
1.271318975871336271e-02
6.435511341653637335e-03
6.435511341653637335e-03
6.435511341653637335e-03
6.435511341653637335e-03
6.435511341653637335e-03
6.435511341653637335e-03
6.435511341653637335e-03
6.435511341653637335e-03
5.316890111990992679e-02
1.034320191201090755e-02
1.034320191201090755e-02
1.034320191201090755e-02
1.034320191201090755e-02
1.034320191201090755e-02
1.034320191201090755e-02
1.034320191201090755e-02
1.034320191201090755e-02
1.034320191201090755e-02
1.034320191201090755e-02
5.116360839782061951e-03
2.179622730620958682e-03
2.179622730620958682e-03
2.179622730620958682e-03
2.179622730620958682e-03
2.179622730620958682e-03
2.179622730620958682e-03
2.179622730620958682e-03
2.179622730620958682e-03
7.563536076327709821e-03
7.563536076327709821e-03
7.563536076327709821e-03
7.563536076327709821e-03
2.533134511919005877e-02
4.773010934872334854e-02
4.773010934872334854e-02
4.773010934872334854e-02
4.773010934872334854e-02
4.773010934872334854e-02
4.773010934872334854e-02
4.773010934872334854e-02
4.773010934872334854e-02
4.773010934872334854e-02
3.180775541312871185e-02
1.904747027992731781e-02
1.904747027992731781e-02
1.904747027992731781e-02
1.904747027992731781e-02
1.904747027992731781e-02
1.904747027992731781e-02
1.424007619802951895e-02
3.234405269649012846e-03
3.234405269649012846e-03
1.041565330702852454e-02
4.339948630149283171e-03
8.851147524669623901e-03
5.830054485389825868e-03
5.830054485389825868e-03
0.000000000000000000e+00
0.000000000000000000e+00
1.206949705597974883e-02
1.206949705597974883e-02
1.206949705597974883e-02
1.206949705597974883e-02
1.206949705597974883e-02
1.206949705597974883e-02
1.206949705597974883e-02
1.206949705597974883e-02
5.238270023184147389e-02
2.791043447423709883e-02
2.791043447423709883e-02
2.791043447423709883e-02
0.000000000000000000e+00
2.662578258654955607e-02
2.662578258654955607e-02
2.662578258654955607e-02
2.662578258654955607e-02
2.662578258654955607e-02
2.662578258654955607e-02
2.662578258654955607e-02
2.662578258654955607e-02
3.803841362892109671e-03
2.960226517642317728e-03
2.960226517642317728e-03
2.960226517642317728e-03
1.334951461473806583e-02
2.680234461996690992e-02
2.680234461996690992e-02
5.183704231907847876e-03
5.183704231907847876e-03
5.183704231907847876e-03
5.183704231907847876e-03
5.183704231907847876e-03
5.183704231907847876e-03
5.183704231907847876e-03
5.183704231907847876e-03
5.183704231907847876e-03
5.183704231907847876e-03
5.183704231907847876e-03
5.183704231907847876e-03
5.183704231907847876e-03
5.183704231907847876e-03
5.183704231907847876e-03
5.183704231907847876e-03
5.183704231907847876e-03
3.111241890967149717e-02
2.333225922723948867e-02
2.333225922723948867e-02
7.294631944870933436e-03
2.111065058070285549e-02
2.111065058070285549e-02
2.111065058070285549e-02
2.111065058070285549e-02
2.111065058070285549e-02
2.111065058070285549e-02
2.111065058070285549e-02
2.111065058070285549e-02
3.094887059256418074e-03
3.094887059256418074e-03
3.094887059256418074e-03
3.094887059256418074e-03
3.094887059256418074e-03
3.094887059256418074e-03
3.094887059256418074e-03
3.094887059256418074e-03
3.094887059256418074e-03
3.094887059256418074e-03
3.094887059256418074e-03
2.132481502180508595e-02
1.126440323469519436e-03
1.126440323469519436e-03
1.126440323469519436e-03
1.126440323469519436e-03
1.126440323469519436e-03
1.126440323469519436e-03
1.126440323469519436e-03
1.126440323469519436e-03
5.949603312281560343e-03
2.108027738788512736e-03
2.108027738788512736e-03
9.454438843683179647e-03
1.361360891512424995e-02
1.361360891512424995e-02
1.361360891512424995e-02
1.361360891512424995e-02
1.361360891512424995e-02
1.361360891512424995e-02
2.591007170600140297e-02
2.745893980766281328e-02
2.745893980766281328e-02
4.485433667894563742e-02
1.330111010247542018e-02
1.045006078325449311e-02
1.045006078325449311e-02
1.045006078325449311e-02
1.045006078325449311e-02
1.045006078325449311e-02
1.045006078325449311e-02
1.045006078325449311e-02
1.045006078325449311e-02
1.045006078325449311e-02
1.045006078325449311e-02
1.903218426831300436e-02
8.925562437064092983e-03
8.925562437064092983e-03
8.925562437064092983e-03
8.925562437064092983e-03
8.925562437064092983e-03
8.925562437064092983e-03
8.925562437064092983e-03
8.925562437064092983e-03
8.925562437064092983e-03
8.925562437064092983e-03
1.320479028725040846e-02
8.925562437064092983e-03
8.450791308924635037e-03
1.367123955541332076e-03
1.367123955541332076e-03
1.367123955541332076e-03
1.367123955541332076e-03
1.367123955541332076e-03
1.367123955541332076e-03
1.367123955541332076e-03
1.367123955541332076e-03
0.000000000000000000e+00
3.847840888748110116e-02
2.447136760959031654e-02
5.521571578608523712e-02
5.521571578608523712e-02
5.521571578608523712e-02
5.521571578608523712e-02
5.521571578608523712e-02
5.521571578608523712e-02
4.588972406093187739e-02
5.521571578608523712e-02
5.521571578608523712e-02
5.521571578608523712e-02
5.521571578608523712e-02
5.521571578608523712e-02
8.374115986713451460e-05
8.374115986713451460e-05
2.206731290482209437e-02
8.374115986713451460e-05
8.374115986713451460e-05
8.374115986713451460e-05
8.374115986713451460e-05
8.374115986713451460e-05
8.374115986713451460e-05
8.374115986713451460e-05
3.572621366419442748e-03
5.533950887839569378e-03
5.533950887839569378e-03
5.533950887839569378e-03
5.533950887839569378e-03
5.533950887839569378e-03
5.533950887839569378e-03
5.533950887839569378e-03
5.533950887839569378e-03
5.533950887839569378e-03
5.533950887839569378e-03
2.015935822439402988e-02
2.523146601526993129e-03
2.627855260857921756e-03
2.627855260857921756e-03
4.694356044466070806e-03
4.694356044466070806e-03
4.694356044466070806e-03
4.694356044466070806e-03
4.694356044466070806e-03
4.694356044466070806e-03
4.694356044466070806e-03
4.694356044466070806e-03
4.694356044466070806e-03
4.694356044466070806e-03
4.694356044466070806e-03
4.694356044466070806e-03
4.694356044466070806e-03
1.162423389238522939e-02
1.162423389238522939e-02
1.162423389238522939e-02
1.162423389238522939e-02
1.162423389238522939e-02
1.162423389238522939e-02
1.162423389238522939e-02
1.162423389238522939e-02
1.162423389238522939e-02
1.162423389238522939e-02
1.162423389238522939e-02
0.000000000000000000e+00
4.445092757488407383e-03
4.445092757488407383e-03
4.445092757488407383e-03
4.445092757488407383e-03
4.445092757488407383e-03
4.445092757488407383e-03
4.445092757488407383e-03
4.445092757488407383e-03
4.445092757488407383e-03
4.445092757488407383e-03
4.445092757488407383e-03
4.445092757488407383e-03
4.445092757488407383e-03
4.445092757488407383e-03
1.197064047731861980e-02
1.197064047731861980e-02
1.197064047731861980e-02
1.197064047731861980e-02
1.197064047731861980e-02
1.197064047731861980e-02
1.197064047731861980e-02
1.197064047731861980e-02
1.197064047731861980e-02
1.197064047731861980e-02
1.197064047731861980e-02
6.599896143510188828e+00
1.301186577477313373e-02
8.208674968833824803e-03
4.362965534936598389e-03
4.362965534936598389e-03
4.362965534936598389e-03
4.362965534936598389e-03
4.588972406093187739e-02
3.767056555303990688e-03
3.767056555303990688e-03
3.767056555303990688e-03
3.767056555303990688e-03
3.767056555303990688e-03
3.767056555303990688e-03
3.767056555303990688e-03
3.767056555303990688e-03
3.767056555303990688e-03
3.767056555303990688e-03
3.767056555303990688e-03
9.087102331552496942e-03
3.767056555303990688e-03
3.111668857277953429e-04
3.767056555303990688e-03
3.767056555303990688e-03
3.767056555303990688e-03
8.352947962737055981e-04
8.938043308810159418e-03
8.938043308810159418e-03
3.484005780303702643e-02
3.484005780303702643e-02
3.484005780303702643e-02
3.484005780303702643e-02
3.484005780303702643e-02
3.484005780303702643e-02
3.484005780303702643e-02
3.484005780303702643e-02
3.484005780303702643e-02
3.484005780303702643e-02
3.484005780303702643e-02
3.484005780303702643e-02
8.843724123591330602e-03
8.843724123591330602e-03
8.843724123591330602e-03
8.843724123591330602e-03
7.093396372404579039e-04
7.093396372404579039e-04
7.093396372404579039e-04
7.093396372404579039e-04
7.093396372404579039e-04
7.093396372404579039e-04
7.093396372404579039e-04
7.093396372404579039e-04
7.093396372404579039e-04
7.093396372404579039e-04
7.093396372404579039e-04
1.952175668447664846e-03
1.100474598748159109e-02
1.100474598748159109e-02
1.100474598748159109e-02
1.100474598748159109e-02
0.000000000000000000e+00
0.000000000000000000e+00
0.000000000000000000e+00
0.000000000000000000e+00
0.000000000000000000e+00
0.000000000000000000e+00
3.062504354395338690e-02
3.062504354395338690e-02
3.062504354395338690e-02
3.062504354395338690e-02
3.062504354395338690e-02
3.062504354395338690e-02
3.062504354395338690e-02
3.062504354395338690e-02
3.062504354395338690e-02
3.062504354395338690e-02
3.062504354395338690e-02
7.736401794295080618e-03
7.736401794295080618e-03
7.736401794295080618e-03
7.736401794295080618e-03
7.546874283287326179e-03
7.131444198735787179e-03
1.239143499560482579e-02
1.239143499560482579e-02
3.284891563941013965e-03
1.741188772018951655e-02
1.741188772018951655e-02
1.741188772018951655e-02
1.741188772018951655e-02
1.741188772018951655e-02
1.741188772018951655e-02
1.741188772018951655e-02
1.741188772018951655e-02
1.741188772018951655e-02
1.741188772018951655e-02
6.327039027574146539e-03
6.264463773027023966e-03
6.264463773027023966e-03
6.264463773027023966e-03
6.264463773027023966e-03
1.777768942657971182e-02
7.131444198735787179e-03
7.131444198735787179e-03
7.131444198735787179e-03
7.131444198735787179e-03
7.131444198735787179e-03
0.000000000000000000e+00
0.000000000000000000e+00
2.678342448675122972e-02
8.170643833048253646e-03
8.170643833048253646e-03
8.170643833048253646e-03
8.170643833048253646e-03
8.170643833048253646e-03
8.170643833048253646e-03
8.170643833048253646e-03
8.170643833048253646e-03
5.837098777054267919e-03
1.653860689298261924e-02
1.653860689298261924e-02
1.653860689298261924e-02
2.317391342526131832e-03
1.088513037848335731e-03
1.088513037848335731e-03
1.088513037848335731e-03
1.960285503398377649e-02
1.960285503398377649e-02
1.960285503398377649e-02
1.960285503398377649e-02
1.960285503398377649e-02
1.960285503398377649e-02
1.960285503398377649e-02
1.960285503398377649e-02
1.631752304969916537e-02
3.994853762281168341e-03
3.994853762281168341e-03
3.994853762281168341e-03
3.994853762281168341e-03
3.994853762281168341e-03
0.000000000000000000e+00
0.000000000000000000e+00
0.000000000000000000e+00
0.000000000000000000e+00
1.178073361141257925e-03
4.008067398510150041e-04
4.008067398510150041e-04
9.454438843683179647e-03
8.438767528050587427e-03
8.438767528050587427e-03
8.438767528050587427e-03
8.438767528050587427e-03
8.438767528050587427e-03
8.438767528050587427e-03
8.438767528050587427e-03
8.438767528050587427e-03
8.438767528050587427e-03
8.438767528050587427e-03
1.410464554688040800e-02
1.866010548159074099e-03
1.866010548159074099e-03
1.866010548159074099e-03
1.866010548159074099e-03
1.866010548159074099e-03
1.866010548159074099e-03
1.866010548159074099e-03
1.866010548159074099e-03
1.866010548159074099e-03
1.866010548159074099e-03
1.866010548159074099e-03
1.866010548159074099e-03
1.238182739397453852e-02
1.238182739397453852e-02
1.238182739397453852e-02
1.238182739397453852e-02
1.238182739397453852e-02
1.238182739397453852e-02
4.618241939699247595e-03
8.504398413449210450e-03
8.504398413449210450e-03
8.504398413449210450e-03
8.504398413449210450e-03
1.289002774297249394e-03
1.289002774297249394e-03
1.289002774297249394e-03
1.289002774297249394e-03
8.487215245341813699e-04
8.487215245341813699e-04
2.333884508987669332e-02
2.333884508987669332e-02
2.333884508987669332e-02
2.333884508987669332e-02
2.333884508987669332e-02
2.333884508987669332e-02
2.333884508987669332e-02
2.333884508987669332e-02
2.333884508987669332e-02
2.333884508987669332e-02
2.333884508987669332e-02
2.333884508987669332e-02
2.333884508987669332e-02
4.633150223017908770e-03
1.094682629995161714e-02
1.094682629995161714e-02
1.094682629995161714e-02
1.094682629995161714e-02
1.101593360394758150e-02
1.421355240688976739e-04
1.421355240688976739e-04
0.000000000000000000e+00
3.284891563941013965e-03
3.284891563941013965e-03
4.655983355945868089e-03
4.655983355945868089e-03
4.655983355945868089e-03
4.655983355945868089e-03
4.655983355945868089e-03
4.655983355945868089e-03
4.655983355945868089e-03
4.655983355945868089e-03
4.655983355945868089e-03
4.655983355945868089e-03
4.655983355945868089e-03
4.655983355945868089e-03
4.655983355945868089e-03
1.461544907494602766e-02
6.638167889145660250e-03
6.638167889145660250e-03
6.638167889145660250e-03
6.638167889145660250e-03
6.638167889145660250e-03
6.638167889145660250e-03
6.638167889145660250e-03
6.638167889145660250e-03
6.638167889145660250e-03
6.638167889145660250e-03
6.638167889145660250e-03
6.638167889145660250e-03
6.638167889145660250e-03
6.638167889145660250e-03
6.638167889145660250e-03
6.638167889145660250e-03
1.084574665024824920e-02
0.000000000000000000e+00
0.000000000000000000e+00
0.000000000000000000e+00
0.000000000000000000e+00
4.569695810364191035e-02
1.188875694695723300e-03
1.188875694695723300e-03
1.188875694695723300e-03
1.188875694695723300e-03
2.535267836914132517e-02
0.000000000000000000e+00
0.000000000000000000e+00
0.000000000000000000e+00
0.000000000000000000e+00
0.000000000000000000e+00
0.000000000000000000e+00
0.000000000000000000e+00
0.000000000000000000e+00
0.000000000000000000e+00
0.000000000000000000e+00
0.000000000000000000e+00
0.000000000000000000e+00
7.438020293049862203e-03
1.123927917120461605e-02
1.123927917120461605e-02
1.123927917120461605e-02
1.123927917120461605e-02
3.582890793102865099e-03
3.582890793102865099e-03
3.582890793102865099e-03
3.582890793102865099e-03
3.582890793102865099e-03
3.582890793102865099e-03
1.407926867831849581e-02
5.054930706707116451e-03
5.054930706707116451e-03
5.054930706707116451e-03
5.054930706707116451e-03
1.295973725507018571e-03
0.000000000000000000e+00
1.295973725507018571e-03
1.295973725507018571e-03
1.295973725507018571e-03
1.295973725507018571e-03
1.295973725507018571e-03
1.295973725507018571e-03
1.295973725507018571e-03
0.000000000000000000e+00
2.955779551746887720e-03
2.955779551746887720e-03
2.955779551746887720e-03
4.633150223017908770e-03
8.624943877623168081e-03
8.624943877623168081e-03
4.501499570451292058e-03
3.910069848196538571e-03
3.910069848196538571e-03
3.910069848196538571e-03
3.910069848196538571e-03
3.910069848196538571e-03
3.910069848196538571e-03
3.910069848196538571e-03
3.910069848196538571e-03
3.910069848196538571e-03
3.910069848196538571e-03
3.910069848196538571e-03
3.910069848196538571e-03
3.910069848196538571e-03
3.910069848196538571e-03
3.910069848196538571e-03
1.550483772594475444e-02
3.968797825603901795e-04
3.968797825603901795e-04
3.968797825603901795e-04
3.968797825603901795e-04
3.968797825603901795e-04
3.968797825603901795e-04
1.858322251692226881e-02
7.495128981696248804e-03
7.495128981696248804e-03
7.495128981696248804e-03
7.495128981696248804e-03
7.495128981696248804e-03
7.495128981696248804e-03
7.495128981696248804e-03
7.495128981696248804e-03
9.377757580267031060e-03
9.377757580267031060e-03
1.736391580402591936e-02
6.681029277229854312e-03
6.681029277229854312e-03
6.681029277229854312e-03
6.681029277229854312e-03
6.681029277229854312e-03
6.681029277229854312e-03
6.681029277229854312e-03
6.681029277229854312e-03
6.681029277229854312e-03
1.626038048342592955e-03
0.000000000000000000e+00
0.000000000000000000e+00
0.000000000000000000e+00
0.000000000000000000e+00
0.000000000000000000e+00
0.000000000000000000e+00
0.000000000000000000e+00
2.648180136612697695e-03
2.462860020206671802e-02
2.462860020206671802e-02
2.462860020206671802e-02
2.462860020206671802e-02
2.462860020206671802e-02
2.143932297179392335e-02
5.570152338178101931e-03
5.570152338178101931e-03
5.570152338178101931e-03
5.570152338178101931e-03
0.000000000000000000e+00
2.147777723100362593e-02
2.147777723100362593e-02
2.147777723100362593e-02
2.147777723100362593e-02
1.367787036110796120e-02
1.753704539980421862e-02
1.753704539980421862e-02
1.753704539980421862e-02
1.753704539980421862e-02
1.753704539980421862e-02
1.753704539980421862e-02
2.351401296236608953e-03
8.523706717359089483e-03
8.523706717359089483e-03
8.523706717359089483e-03
8.523706717359089483e-03
8.523706717359089483e-03
8.523706717359089483e-03
8.523706717359089483e-03
8.523706717359089483e-03
8.523706717359089483e-03
8.523706717359089483e-03
8.523706717359089483e-03
8.523706717359089483e-03
3.993710323776092884e-03
3.993710323776092884e-03
3.993710323776092884e-03
3.993710323776092884e-03
3.993710323776092884e-03
3.993710323776092884e-03
3.993710323776092884e-03
3.993710323776092884e-03
3.993710323776092884e-03
3.993710323776092884e-03
3.993710323776092884e-03
4.197860098194903383e-02
1.856773209834729210e-02
1.856773209834729210e-02
1.856773209834729210e-02
1.856773209834729210e-02
1.856773209834729210e-02
1.856773209834729210e-02
0.000000000000000000e+00
0.000000000000000000e+00
0.000000000000000000e+00
0.000000000000000000e+00
0.000000000000000000e+00
0.000000000000000000e+00
5.143491276934510732e-04
1.655276224227622897e-02
1.655276224227622897e-02
1.655276224227622897e-02
3.660446679706285105e-03
1.952175668447664846e-03
1.952175668447664846e-03
1.952175668447664846e-03
3.103065713963105987e-03
1.935257782468309193e-02
1.935257782468309193e-02
1.935257782468309193e-02
2.615041384092014511e-03
3.764323795066046308e-02
3.764323795066046308e-02
6.938248345754620405e-03
1.023676292393341063e-02
1.023676292393341063e-02
1.023676292393341063e-02
1.023676292393341063e-02
1.023676292393341063e-02
1.023676292393341063e-02
5.359150716724786316e-03
5.359150716724786316e-03
5.359150716724786316e-03
4.067449941229619309e-02
4.618241939699247595e-03
4.618241939699247595e-03
4.618241939699247595e-03
4.618241939699247595e-03
4.618241939699247595e-03
4.618241939699247595e-03
4.618241939699247595e-03
1.088439374061964809e-02
1.088439374061964809e-02
1.088439374061964809e-02
1.088439374061964809e-02
1.088439374061964809e-02
1.088439374061964809e-02
1.088439374061964809e-02
0.000000000000000000e+00
0.000000000000000000e+00
0.000000000000000000e+00
2.210904579692992214e-02
1.285220373075672898e-02
1.285220373075672898e-02
1.285220373075672898e-02
1.285220373075672898e-02
1.652318186978486703e-02
1.005627205779576448e-02
1.005627205779576448e-02
1.005627205779576448e-02
1.005627205779576448e-02
1.005627205779576448e-02
0.000000000000000000e+00
0.000000000000000000e+00
0.000000000000000000e+00
0.000000000000000000e+00
1.039437501779658275e-02
2.003201293446637762e-02
2.003201293446637762e-02
2.003201293446637762e-02
2.003201293446637762e-02
1.652318186978486703e-02
1.794955556764411906e-03
1.794955556764411906e-03
1.341967763919111028e-04
5.479092296538126163e-03
5.479092296538126163e-03
9.866079601751969689e-04
1.856860341555340715e-02
1.856860341555340715e-02
2.092660613034765318e-02
2.575917308980948256e-02
2.575917308980948256e-02
2.575917308980948256e-02
2.575917308980948256e-02
2.575917308980948256e-02
2.575917308980948256e-02
2.575917308980948256e-02
2.575917308980948256e-02
2.575917308980948256e-02
2.575917308980948256e-02
2.575917308980948256e-02
2.575917308980948256e-02
0.000000000000000000e+00
0.000000000000000000e+00
0.000000000000000000e+00
1.162806710645229898e-02
9.257906860868409318e-03
9.257906860868409318e-03
9.257906860868409318e-03
9.257906860868409318e-03
9.257906860868409318e-03
9.257906860868409318e-03
7.075745646474711908e-03
7.075745646474711908e-03
7.075745646474711908e-03
7.075745646474711908e-03
9.454438843683179647e-03
9.454438843683179647e-03
9.454438843683179647e-03
0.000000000000000000e+00
4.236096738900001907e-03
2.562523511307990970e-02
2.562523511307990970e-02
2.562523511307990970e-02
2.562523511307990970e-02
1.461544907494602766e-02
1.461544907494602766e-02
1.461544907494602766e-02
1.461544907494602766e-02
1.461544907494602766e-02
1.461544907494602766e-02
1.461544907494602766e-02
1.461544907494602766e-02
1.461544907494602766e-02
1.461544907494602766e-02
1.461544907494602766e-02
1.461544907494602766e-02
1.461544907494602766e-02
1.461544907494602766e-02
1.461544907494602766e-02
1.461544907494602766e-02
1.461544907494602766e-02
1.461544907494602766e-02
1.461544907494602766e-02
1.461544907494602766e-02
5.569823786047137758e-03
5.569823786047137758e-03
1.272818630786015995e-02
1.160809940244481205e-02
1.160809940244481205e-02
1.160809940244481205e-02
1.160809940244481205e-02
1.160809940244481205e-02
1.160809940244481205e-02
1.160809940244481205e-02
1.160809940244481205e-02
5.394107150229356280e-03
6.009901766896794985e-03
6.009901766896794985e-03
6.009901766896794985e-03
6.009901766896794985e-03
1.641037213806121817e-02
1.763515144539969451e-02
3.089624172748684991e-02
7.776718613577192352e-02
7.776718613577192352e-02
7.776718613577192352e-02
2.040409586983361889e-02
2.121453694430981175e-03
2.121453694430981175e-03
2.121453694430981175e-03
2.121453694430981175e-03
2.121453694430981175e-03
2.121453694430981175e-03
2.121453694430981175e-03
2.121453694430981175e-03
5.920535469186667048e-05
3.158811833921151401e-03
3.158811833921151401e-03
3.158811833921151401e-03
3.158811833921151401e-03
3.158811833921151401e-03
3.158811833921151401e-03
4.054852006227960270e-02
2.879743291229707944e-02
2.879743291229707944e-02
2.879743291229707944e-02
2.879743291229707944e-02
2.879743291229707944e-02
2.879743291229707944e-02
2.879743291229707944e-02
2.879743291229707944e-02
2.879743291229707944e-02
2.879743291229707944e-02
2.879743291229707944e-02
2.879743291229707944e-02
2.879743291229707944e-02
8.293102388371068057e-03
8.293102388371068057e-03
8.293102388371068057e-03
8.293102388371068057e-03
8.293102388371068057e-03
8.293102388371068057e-03
8.293102388371068057e-03
4.743576145072821160e-03
8.293102388371068057e-03
1.965765125596321064e-03
8.293102388371068057e-03
8.293102388371068057e-03
8.293102388371068057e-03
8.293102388371068057e-03
8.293102388371068057e-03
8.293102388371068057e-03
8.293102388371068057e-03
8.293102388371068057e-03
8.293102388371068057e-03
4.056449217197068656e-03
2.868772053776756387e-03
2.868772053776756387e-03
8.245480411420744171e-03
3.601958799642986531e-03
3.601958799642986531e-03
3.601958799642986531e-03
3.601958799642986531e-03
3.601958799642986531e-03
3.601958799642986531e-03
3.601958799642986531e-03
3.601958799642986531e-03
3.601958799642986531e-03
3.601958799642986531e-03
3.601958799642986531e-03
3.601958799642986531e-03
4.941593914459376045e-04
8.169786485290136914e-04
4.197860098194903383e-02
4.197860098194903383e-02
4.197860098194903383e-02
4.197860098194903383e-02
2.017149338336627490e-02
1.643414367631760437e-02
1.643414367631760437e-02
1.643414367631760437e-02
1.643414367631760437e-02
1.672405387579991090e-02
4.436148916296523033e-03
4.436148916296523033e-03
4.436148916296523033e-03
4.436148916296523033e-03
4.436148916296523033e-03
4.436148916296523033e-03
4.436148916296523033e-03
4.436148916296523033e-03
4.436148916296523033e-03
4.436148916296523033e-03
0.000000000000000000e+00
0.000000000000000000e+00
0.000000000000000000e+00
9.778391242222296033e-04
9.778391242222296033e-04
9.778391242222296033e-04
9.778391242222296033e-04
9.778391242222296033e-04
9.778391242222296033e-04
9.778391242222296033e-04
9.778391242222296033e-04
4.195032324012360793e-03
4.195032324012360793e-03
6.938248345754620405e-03
6.938248345754620405e-03
6.938248345754620405e-03
6.938248345754620405e-03
2.528012693329217270e-02
9.300427607397592292e-03
9.300427607397592292e-03
9.300427607397592292e-03
9.300427607397592292e-03
9.300427607397592292e-03
9.300427607397592292e-03
9.300427607397592292e-03
9.300427607397592292e-03
3.653699151728952849e-02
1.174926807768179784e-03
1.211406488395576310e-03
1.211406488395576310e-03
1.211406488395576310e-03
1.211406488395576310e-03
1.211406488395576310e-03
1.211406488395576310e-03
1.211406488395576310e-03
1.211406488395576310e-03
1.211406488395576310e-03
1.211406488395576310e-03
1.551870860444022615e-02
1.600880731974333587e-02
1.600880731974333587e-02
1.600880731974333587e-02
1.600880731974333587e-02
1.600880731974333587e-02
1.600880731974333587e-02
1.600880731974333587e-02
1.600880731974333587e-02
1.600880731974333587e-02
1.600880731974333587e-02
1.600880731974333587e-02
1.600880731974333587e-02
1.600880731974333587e-02
1.600880731974333587e-02
1.648925386333094834e-04
1.648925386333094834e-04
1.648925386333094834e-04
1.648925386333094834e-04
1.906184112529742987e-05
1.460714737953745963e-02
1.460714737953745963e-02
1.570290995286762262e-02
2.119816085618408258e-02
3.490980077702601075e-02
5.205443366139870381e-02
5.205443366139870381e-02
5.205443366139870381e-02
5.205443366139870381e-02
1.279444311325423148e-03
8.301185206892550822e-03
8.301185206892550822e-03
8.301185206892550822e-03
8.301185206892550822e-03
1.552990732026987737e-02
1.071690122245999056e-02
1.071690122245999056e-02
1.071690122245999056e-02
1.071690122245999056e-02
1.071690122245999056e-02
1.071690122245999056e-02
1.071690122245999056e-02
1.071690122245999056e-02
1.071690122245999056e-02
1.071690122245999056e-02
1.071690122245999056e-02
1.071690122245999056e-02
9.394994212400085629e-03
9.394994212400085629e-03
9.394994212400085629e-03
9.394994212400085629e-03
9.394994212400085629e-03
9.394994212400085629e-03
9.394994212400085629e-03
9.394994212400085629e-03
9.394994212400085629e-03
9.394994212400085629e-03
9.394994212400085629e-03
9.394994212400085629e-03
9.394994212400085629e-03
2.164999901646808694e-02
1.342885816214706672e-02
1.342885816214706672e-02
1.342885816214706672e-02
1.342885816214706672e-02
1.342885816214706672e-02
1.342885816214706672e-02
1.342885816214706672e-02
1.342885816214706672e-02
1.342885816214706672e-02
1.342885816214706672e-02
1.342885816214706672e-02
1.342885816214706672e-02
1.342885816214706672e-02
1.342885816214706672e-02
1.342885816214706672e-02
1.342885816214706672e-02
1.342885816214706672e-02
1.342885816214706672e-02
1.313544925587859132e-02
1.313544925587859132e-02
0.000000000000000000e+00
3.156114958929979314e-02
3.156114958929979314e-02
3.156114958929979314e-02
3.156114958929979314e-02
3.156114958929979314e-02
0.000000000000000000e+00
0.000000000000000000e+00
0.000000000000000000e+00
1.444124510635986895e-02
1.444124510635986895e-02
1.444124510635986895e-02
1.444124510635986895e-02
1.444124510635986895e-02
1.444124510635986895e-02
1.155793100829143570e-02
2.598676624543522912e-02
2.598676624543522912e-02
2.598676624543522912e-02
2.598676624543522912e-02
2.598676624543522912e-02
2.598676624543522912e-02
2.598676624543522912e-02
2.598676624543522912e-02
3.402645671162524837e-02
3.746269298511609863e-02
3.746269298511609863e-02
3.746269298511609863e-02
3.746269298511609863e-02
3.746269298511609863e-02
3.746269298511609863e-02
3.746269298511609863e-02
3.746269298511609863e-02
3.746269298511609863e-02
1.010862054187040143e-02
3.278154014228987223e-02
1.010862054187040143e-02
1.010862054187040143e-02
1.010862054187040143e-02
1.010862054187040143e-02
1.010862054187040143e-02
1.010862054187040143e-02
1.010862054187040143e-02
1.010862054187040143e-02
1.010862054187040143e-02
3.278154014228987223e-02
1.385385883202811842e-02
1.326472022160733039e-02
1.326472022160733039e-02
1.326472022160733039e-02
1.326472022160733039e-02
1.326472022160733039e-02
1.326472022160733039e-02
1.326472022160733039e-02
1.326472022160733039e-02
4.387273019840286920e-02
4.387273019840286920e-02
9.866079601751969689e-04
8.966583597713254083e-03
1.966159147660844798e-03
1.966159147660844798e-03
1.966159147660844798e-03
1.966159147660844798e-03
3.111241890967149717e-02
2.231066236335629144e-02
2.231066236335629144e-02
2.231066236335629144e-02
2.231066236335629144e-02
2.231066236335629144e-02
2.231066236335629144e-02
2.103714352498688850e-02
2.103714352498688850e-02
2.103714352498688850e-02
2.103714352498688850e-02
2.103714352498688850e-02
2.103714352498688850e-02
2.103714352498688850e-02
2.103714352498688850e-02
2.103714352498688850e-02
2.103714352498688850e-02
2.103714352498688850e-02
3.891182138236948338e-03
3.891182138236948338e-03
3.891182138236948338e-03
3.891182138236948338e-03
1.953914402415761128e-02
0.000000000000000000e+00
0.000000000000000000e+00
0.000000000000000000e+00
0.000000000000000000e+00
3.402645671162524837e-02
3.402645671162524837e-02
9.203816643437199435e-03
9.203816643437199435e-03
9.203816643437199435e-03
9.203816643437199435e-03
9.203816643437199435e-03
9.203816643437199435e-03
9.203816643437199435e-03
9.203816643437199435e-03
9.203816643437199435e-03
9.203816643437199435e-03
9.203816643437199435e-03
9.203816643437199435e-03
9.203816643437199435e-03
2.840692861216436837e-03
0.000000000000000000e+00
4.919659155530167575e-03
4.919659155530167575e-03
4.919659155530167575e-03
4.919659155530167575e-03
4.919659155530167575e-03
7.505852436379898719e-03
3.246195728801787306e-02
3.246195728801787306e-02
3.246195728801787306e-02
3.246195728801787306e-02
7.849286847638047016e-03
4.376954641892000231e-03
4.376954641892000231e-03
4.376954641892000231e-03
4.376954641892000231e-03
4.376954641892000231e-03
4.376954641892000231e-03
4.376954641892000231e-03
4.376954641892000231e-03
4.376954641892000231e-03
4.376954641892000231e-03
4.376954641892000231e-03
4.376954641892000231e-03
4.376954641892000231e-03
4.376954641892000231e-03
4.376954641892000231e-03
4.376954641892000231e-03
4.376954641892000231e-03
4.376954641892000231e-03
1.785557783577953334e-02
1.785557783577953334e-02
1.785557783577953334e-02
1.785557783577953334e-02
1.785557783577953334e-02
1.785557783577953334e-02
1.785557783577953334e-02
1.785557783577953334e-02
1.785557783577953334e-02
1.785557783577953334e-02
1.785557783577953334e-02
1.785557783577953334e-02
1.785557783577953334e-02
1.785557783577953334e-02
1.785557783577953334e-02
1.785557783577953334e-02
1.785557783577953334e-02
1.785557783577953334e-02
1.785557783577953334e-02
1.785557783577953334e-02
1.785557783577953334e-02
1.785557783577953334e-02
1.785557783577953334e-02
1.785557783577953334e-02
1.785557783577953334e-02
1.785557783577953334e-02
1.785557783577953334e-02
1.785557783577953334e-02
1.785557783577953334e-02
2.856603015921648642e-03
9.998710578433727195e-03
9.998710578433727195e-03
2.324981055278793271e-02
9.998710578433727195e-03
2.364850054466131196e-02
9.068562852435424829e-03
9.068562852435424829e-03
9.068562852435424829e-03
9.068562852435424829e-03
9.068562852435424829e-03
9.068562852435424829e-03
9.068562852435424829e-03
9.068562852435424829e-03
6.586391841023818113e-04
6.586391841023818113e-04
6.586391841023818113e-04
6.586391841023818113e-04
6.586391841023818113e-04
6.586391841023818113e-04
6.586391841023818113e-04
6.586391841023818113e-04
6.586391841023818113e-04
6.586391841023818113e-04
6.586391841023818113e-04
6.586391841023818113e-04
6.586391841023818113e-04
0.000000000000000000e+00
1.344276082166299610e-02
1.344276082166299610e-02
1.344276082166299610e-02
1.344276082166299610e-02
1.344276082166299610e-02
1.344276082166299610e-02
4.482424423673078001e-03
4.807673521233801935e-03
4.807673521233801935e-03
4.807673521233801935e-03
4.807673521233801935e-03
4.807673521233801935e-03
4.807673521233801935e-03
4.807673521233801935e-03
4.807673521233801935e-03
4.807673521233801935e-03
4.807673521233801935e-03
4.807673521233801935e-03
4.807673521233801935e-03
4.807673521233801935e-03
4.807673521233801935e-03
4.807673521233801935e-03
4.807673521233801935e-03
0.000000000000000000e+00
0.000000000000000000e+00
0.000000000000000000e+00
0.000000000000000000e+00
7.067712898463614571e-03
7.067712898463614571e-03
7.067712898463614571e-03
7.067712898463614571e-03
7.067712898463614571e-03
7.067712898463614571e-03
7.067712898463614571e-03
7.067712898463614571e-03
7.067712898463614571e-03
7.067712898463614571e-03
7.067712898463614571e-03
7.067712898463614571e-03
7.067712898463614571e-03
4.905943910590965934e-02
3.126170935535903250e-02
3.126170935535903250e-02
3.126170935535903250e-02
3.126170935535903250e-02
2.092660613034765318e-02
2.092660613034765318e-02
3.419558144652850434e-02
3.419558144652850434e-02
3.419558144652850434e-02
3.419558144652850434e-02
3.419558144652850434e-02
3.419558144652850434e-02
3.419558144652850434e-02
3.419558144652850434e-02
3.419558144652850434e-02
3.419558144652850434e-02
3.419558144652850434e-02
3.419558144652850434e-02
3.419558144652850434e-02
3.419558144652850434e-02
3.419558144652850434e-02
3.419558144652850434e-02
3.419558144652850434e-02
3.419558144652850434e-02
3.419558144652850434e-02
2.528012693329217270e-02
2.528012693329217270e-02
1.444011127679208605e-02
2.232175610738063292e-03
2.232175610738063292e-03
2.232175610738063292e-03
2.232175610738063292e-03
2.232175610738063292e-03
5.479767194708276817e-04
1.838605292222292645e-02
1.838605292222292645e-02
1.838605292222292645e-02
1.838605292222292645e-02
1.838605292222292645e-02
1.838605292222292645e-02
0.000000000000000000e+00
1.179217244074822271e-02
1.179217244074822271e-02
1.179217244074822271e-02
1.179217244074822271e-02
1.179217244074822271e-02
1.179217244074822271e-02
1.179217244074822271e-02
8.417747242808096275e-03
1.777768942657971182e-02
1.777768942657971182e-02
1.777768942657971182e-02
3.988676210801194583e-02
2.600347948536239212e-02
2.600347948536239212e-02
4.016126637622047940e-02
1.255415957147576131e-02
1.255415957147576131e-02
1.255415957147576131e-02
1.255415957147576131e-02
1.255415957147576131e-02
1.255415957147576131e-02
4.391691559613571279e-03
4.391691559613571279e-03
4.391691559613571279e-03
4.391691559613571279e-03
4.391691559613571279e-03
4.391691559613571279e-03
4.391691559613571279e-03
4.391691559613571279e-03
4.391691559613571279e-03
4.391691559613571279e-03
4.391691559613571279e-03
4.391691559613571279e-03
0.000000000000000000e+00
2.875797823863258593e-02
2.875797823863258593e-02
2.875797823863258593e-02
2.875797823863258593e-02
0.000000000000000000e+00
4.169616606308247653e-03
4.169616606308247653e-03
4.169616606308247653e-03
4.169616606308247653e-03
4.169616606308247653e-03
4.169616606308247653e-03
4.169616606308247653e-03
4.169616606308247653e-03
4.169616606308247653e-03
4.169616606308247653e-03
1.047129571296771637e-02
1.047129571296771637e-02
1.047129571296771637e-02
1.047129571296771637e-02
1.047129571296771637e-02
1.047129571296771637e-02
1.047129571296771637e-02
1.047129571296771637e-02
7.465832016672674029e-03
8.630303847304310674e-03
8.630303847304310674e-03
8.630303847304310674e-03
2.879510632061439267e-03
5.840194020058493869e-03
5.840194020058493869e-03
5.840194020058493869e-03
5.840194020058493869e-03
1.330713573499220023e-02
1.060304243635114621e-02
1.433966719233369623e-02
6.917940871124635994e-03
6.917940871124635994e-03
6.917940871124635994e-03
6.917940871124635994e-03
6.917940871124635994e-03
6.917940871124635994e-03
6.917940871124635994e-03
6.917940871124635994e-03
6.917940871124635994e-03
6.917940871124635994e-03
0.000000000000000000e+00
0.000000000000000000e+00
0.000000000000000000e+00
8.450791308924635037e-03
8.450791308924635037e-03
8.450791308924635037e-03
8.450791308924635037e-03
2.808243669720193389e-02
2.453074604367208936e-02
2.453074604367208936e-02
2.453074604367208936e-02
2.453074604367208936e-02
2.453074604367208936e-02
2.453074604367208936e-02
2.453074604367208936e-02
2.453074604367208936e-02
8.395452890844683908e-03
8.395452890844683908e-03
8.395452890844683908e-03
8.395452890844683908e-03
2.409761342053172786e-02
3.649540956901615313e-02
3.649540956901615313e-02
3.649540956901615313e-02
3.649540956901615313e-02
3.649540956901615313e-02
3.649540956901615313e-02
3.649540956901615313e-02
3.649540956901615313e-02
2.177372524782018176e-02
1.581648380827655256e-02
1.581648380827655256e-02
1.581648380827655256e-02
1.581648380827655256e-02
7.453997234728159185e-03
9.879090428471815413e-03
1.069795324551727628e-02
1.135723008722083760e-02
1.084574665024824920e-02
1.084574665024824920e-02
1.084574665024824920e-02
8.864002429179104747e-03
8.705421880172113658e-03
8.705421880172113658e-03
8.705421880172113658e-03
8.705421880172113658e-03
8.705421880172113658e-03
8.705421880172113658e-03
8.705421880172113658e-03
8.705421880172113658e-03
8.705421880172113658e-03
8.705421880172113658e-03
8.705421880172113658e-03
8.705421880172113658e-03
1.838663089774306841e-02
7.837631773977558544e-03
7.837631773977558544e-03
7.837631773977558544e-03
7.837631773977558544e-03
7.837631773977558544e-03
7.837631773977558544e-03
7.837631773977558544e-03
0.000000000000000000e+00
0.000000000000000000e+00
0.000000000000000000e+00
0.000000000000000000e+00
1.309872174930474045e-02
1.429182628636819531e-02
1.009373594092547594e-02
2.958578699329323936e-01
2.958578699329323936e-01
2.958578699329323936e-01
2.958578699329323936e-01
2.958578699329323936e-01
2.958578699329323936e-01
2.958578699329323936e-01
2.958578699329323936e-01
2.958578699329323936e-01
2.958578699329323936e-01
2.958578699329323936e-01
2.958578699329323936e-01
2.958578699329323936e-01
2.958578699329323936e-01
0.000000000000000000e+00
0.000000000000000000e+00
0.000000000000000000e+00
0.000000000000000000e+00
1.636821975361563847e-02
1.636821975361563847e-02
1.636821975361563847e-02
1.636821975361563847e-02
1.636821975361563847e-02
1.636821975361563847e-02
3.782483950334686318e-02
1.636821975361563847e-02
1.636821975361563847e-02
1.636821975361563847e-02
5.789016912183989061e-03
5.789016912183989061e-03
5.789016912183989061e-03
5.789016912183989061e-03
5.789016912183989061e-03
5.789016912183989061e-03
5.789016912183989061e-03
5.789016912183989061e-03
5.789016912183989061e-03
5.789016912183989061e-03
5.789016912183989061e-03
1.573345510864033320e-02
5.230253485139921971e-03
5.230253485139921971e-03
5.230253485139921971e-03
5.230253485139921971e-03
9.396176880600872611e-03
1.439739276055924076e-02
1.439739276055924076e-02
1.439739276055924076e-02
1.439739276055924076e-02
1.439739276055924076e-02
1.439739276055924076e-02
4.447001143113507061e-03
4.447001143113507061e-03
4.447001143113507061e-03
4.447001143113507061e-03
4.447001143113507061e-03
4.447001143113507061e-03
4.447001143113507061e-03
4.447001143113507061e-03
4.447001143113507061e-03
4.447001143113507061e-03
4.447001143113507061e-03
4.447001143113507061e-03
4.447001143113507061e-03
1.737447646931426781e-02
1.838252909399718579e-03
1.838252909399718579e-03
1.838252909399718579e-03
1.838252909399718579e-03
1.838252909399718579e-03
1.838252909399718579e-03
1.838252909399718579e-03
1.838252909399718579e-03
1.444011127679208605e-02
1.444011127679208605e-02
1.444011127679208605e-02
1.444011127679208605e-02
1.444011127679208605e-02
1.444011127679208605e-02
1.444011127679208605e-02
1.444011127679208605e-02
1.444011127679208605e-02
1.444011127679208605e-02
3.187293898304192213e-03
3.187293898304192213e-03
3.774968230884796078e-02
5.429169936957413400e-02
5.429169936957413400e-02
5.429169936957413400e-02
5.429169936957413400e-02
1.326313979778297961e-03
0.000000000000000000e+00
0.000000000000000000e+00
0.000000000000000000e+00
0.000000000000000000e+00
0.000000000000000000e+00
0.000000000000000000e+00
4.420440261126113227e-03
4.420440261126113227e-03
4.420440261126113227e-03
7.721541155514769633e-03
7.721541155514769633e-03
7.721541155514769633e-03
7.721541155514769633e-03
7.721541155514769633e-03
7.721541155514769633e-03
7.721541155514769633e-03
7.721541155514769633e-03
7.721541155514769633e-03
7.721541155514769633e-03
7.721541155514769633e-03
7.721541155514769633e-03
7.721541155514769633e-03
7.721541155514769633e-03
7.721541155514769633e-03
0.000000000000000000e+00
0.000000000000000000e+00
5.340045243082991965e-03
5.340045243082991965e-03
0.000000000000000000e+00
0.000000000000000000e+00
0.000000000000000000e+00
0.000000000000000000e+00
1.737447646931426781e-02
4.478390377454552051e-04
2.056809090619256958e-02
2.056809090619256958e-02
2.056809090619256958e-02
2.056809090619256958e-02
2.056809090619256958e-02
2.056809090619256958e-02
2.409108662504290399e-02
6.847414894515190236e-04
6.847414894515190236e-04
6.847414894515190236e-04
1.059724226545812227e-02
3.142378701011217662e-02
3.142378701011217662e-02
3.142378701011217662e-02
3.142378701011217662e-02
3.142378701011217662e-02
3.142378701011217662e-02
1.496874589112895913e-02
2.114033130957444773e-02
2.114033130957444773e-02
2.114033130957444773e-02
2.114033130957444773e-02
7.870263580539160753e-03
7.870263580539160753e-03
7.870263580539160753e-03
7.870263580539160753e-03
7.870263580539160753e-03
7.870263580539160753e-03
7.870263580539160753e-03
7.870263580539160753e-03
7.870263580539160753e-03
7.870263580539160753e-03
7.870263580539160753e-03
7.870263580539160753e-03
3.634422800849254620e-02
3.634422800849254620e-02
3.634422800849254620e-02
3.634422800849254620e-02
2.143932297179392335e-02
4.540417084547529458e-02
4.540417084547529458e-02
4.540417084547529458e-02
4.540417084547529458e-02
0.000000000000000000e+00
0.000000000000000000e+00
0.000000000000000000e+00
0.000000000000000000e+00
0.000000000000000000e+00
0.000000000000000000e+00
0.000000000000000000e+00
6.934406336476174777e-03
8.622573588494724869e-03
8.622573588494724869e-03
8.622573588494724869e-03
8.622573588494724869e-03
8.622573588494724869e-03
1.872390203402362827e-02
5.514171526658282092e-03
5.514171526658282092e-03
5.514171526658282092e-03
5.514171526658282092e-03
8.223167669328713958e-03
3.103426291408204959e-02
3.103426291408204959e-02
3.103426291408204959e-02
3.103426291408204959e-02
3.103426291408204959e-02
3.103426291408204959e-02
3.103426291408204959e-02
3.103426291408204959e-02
3.103426291408204959e-02
3.103426291408204959e-02
3.103426291408204959e-02
3.103426291408204959e-02
0.000000000000000000e+00
0.000000000000000000e+00
1.341967763919111028e-04
0.000000000000000000e+00
1.446359397350503381e-02
0.000000000000000000e+00
0.000000000000000000e+00
1.844153561740362324e-02
7.506372048840817546e-03
7.506372048840817546e-03
7.506372048840817546e-03
7.506372048840817546e-03
6.879580836884876226e-03
4.905751185796271459e-03
4.905751185796271459e-03
4.905751185796271459e-03
4.905751185796271459e-03
4.905751185796271459e-03
4.905751185796271459e-03
4.905751185796271459e-03
4.905751185796271459e-03
4.905751185796271459e-03
4.905751185796271459e-03
4.905751185796271459e-03
4.905751185796271459e-03
1.162336891504128474e-03
1.101593360394758150e-02
3.490980077702601075e-02
3.490980077702601075e-02
3.490980077702601075e-02
9.584919103362775708e-03
1.637046188235800545e-02
1.637046188235800545e-02
1.637046188235800545e-02
1.637046188235800545e-02
1.637046188235800545e-02
1.637046188235800545e-02
1.637046188235800545e-02
1.637046188235800545e-02
1.637046188235800545e-02
1.637046188235800545e-02
1.637046188235800545e-02
1.637046188235800545e-02
1.637046188235800545e-02
1.637046188235800545e-02
1.637046188235800545e-02
1.637046188235800545e-02
0.000000000000000000e+00
0.000000000000000000e+00
0.000000000000000000e+00
0.000000000000000000e+00
0.000000000000000000e+00
1.774623009031279369e-02
1.774623009031279369e-02
0.000000000000000000e+00
1.940438379281924849e-02
1.362311693815609556e-02
1.362311693815609556e-02
1.362311693815609556e-02
1.362311693815609556e-02
1.362311693815609556e-02
1.362311693815609556e-02
1.362311693815609556e-02
1.362311693815609556e-02
3.611942382630791565e-02
9.523617039410230134e-03
9.523617039410230134e-03
9.523617039410230134e-03
9.523617039410230134e-03
9.523617039410230134e-03
9.523617039410230134e-03
9.523617039410230134e-03
9.523617039410230134e-03
9.523617039410230134e-03
9.523617039410230134e-03
4.033189792396293938e-03
1.216000589237387899e-03
1.216000589237387899e-03
1.216000589237387899e-03
1.216000589237387899e-03
1.692550321242088790e-02
1.692550321242088790e-02
0.000000000000000000e+00
0.000000000000000000e+00
5.539728727270844082e-04
5.920535469186667048e-05
5.920535469186667048e-05
5.920535469186667048e-05
3.276418579930138325e-03
3.276418579930138325e-03
1.059724226545812227e-02
2.006477901655636872e-02
2.006477901655636872e-02
3.836126111409109401e-03
1.147433418818411162e-02
1.147433418818411162e-02
1.147433418818411162e-02
1.147433418818411162e-02
1.147433418818411162e-02
1.147433418818411162e-02
1.147433418818411162e-02
1.147433418818411162e-02
1.046319886874067873e-03
1.046319886874067873e-03
1.708856292383835115e-02
1.708856292383835115e-02
1.708856292383835115e-02
1.708856292383835115e-02
1.708856292383835115e-02
1.708856292383835115e-02
1.708856292383835115e-02
1.708856292383835115e-02
0.000000000000000000e+00
0.000000000000000000e+00
3.611540886029367819e-02
5.294441490386884303e-02
2.995010022811871869e-02
5.944876530641003340e-03
5.944876530641003340e-03
5.944876530641003340e-03
5.944876530641003340e-03
5.944876530641003340e-03
5.944876530641003340e-03
1.437841356521531860e-02
2.649260567638755254e-02
2.649260567638755254e-02
8.361537140040450206e-03
4.974158224220593706e-03
4.974158224220593706e-03
4.974158224220593706e-03
4.974158224220593706e-03
1.043898865285509958e-02
4.974158224220593706e-03
8.361537140040450206e-03
4.974158224220593706e-03
1.336610948961026134e-02
1.336610948961026134e-02
1.336610948961026134e-02
1.336610948961026134e-02
1.336610948961026134e-02
1.336610948961026134e-02
1.336610948961026134e-02
1.336610948961026134e-02
1.336610948961026134e-02
1.336610948961026134e-02
1.336610948961026134e-02
1.336610948961026134e-02
9.341425114010371011e-03
9.341425114010371011e-03
9.341425114010371011e-03
9.341425114010371011e-03
9.341425114010371011e-03
9.341425114010371011e-03
9.341425114010371011e-03
9.341425114010371011e-03
9.341425114010371011e-03
9.341425114010371011e-03
9.341425114010371011e-03
2.195658588617836835e-03
3.315107359723696006e-03
3.315107359723696006e-03
3.315107359723696006e-03
3.315107359723696006e-03
1.758380031163924231e-03
4.685038443071190724e-03
4.685038443071190724e-03
2.317391342526131832e-03
2.317391342526131832e-03
2.317391342526131832e-03
2.317391342526131832e-03
1.190222882481244658e-02
1.190222882481244658e-02
1.190222882481244658e-02
1.190222882481244658e-02
1.190222882481244658e-02
1.190222882481244658e-02
1.190222882481244658e-02
1.190222882481244658e-02
1.190222882481244658e-02
1.190222882481244658e-02
1.190222882481244658e-02
4.913853435598076851e-03
1.409280112718423218e-02
1.409280112718423218e-02
1.409280112718423218e-02
6.324970077922158380e-03
1.492996669039760652e-02
1.492996669039760652e-02
1.492996669039760652e-02
1.492996669039760652e-02
1.492996669039760652e-02
1.492996669039760652e-02
9.006022761258026046e-03
9.006022761258026046e-03
9.006022761258026046e-03
9.006022761258026046e-03
0.000000000000000000e+00
4.056449217197068656e-03
1.069460255635560492e-02
1.069460255635560492e-02
1.069460255635560492e-02
1.069460255635560492e-02
1.095904673576475301e-02
2.177372524782018176e-02
1.178818307796864438e-02
1.178818307796864438e-02
9.834060288371180604e-04
9.834060288371180604e-04
9.834060288371180604e-04
9.834060288371180604e-04
9.834060288371180604e-04
9.834060288371180604e-04
9.834060288371180604e-04
9.834060288371180604e-04
0.000000000000000000e+00
0.000000000000000000e+00
0.000000000000000000e+00
5.518130892001806183e-03
5.518130892001806183e-03
0.000000000000000000e+00
0.000000000000000000e+00
0.000000000000000000e+00
8.702460998022043450e-04
1.997075695072476204e-02
1.997075695072476204e-02
1.997075695072476204e-02
1.997075695072476204e-02
1.997075695072476204e-02
1.997075695072476204e-02
1.759730278618556760e-03
3.780618324027521741e-03
3.780618324027521741e-03
3.780618324027521741e-03
3.780618324027521741e-03
3.780618324027521741e-03
3.780618324027521741e-03
3.780618324027521741e-03
3.780618324027521741e-03
0.000000000000000000e+00
0.000000000000000000e+00
0.000000000000000000e+00
3.269719077899741269e-03
8.495832170395685445e-03
8.495832170395685445e-03
8.495832170395685445e-03
8.495832170395685445e-03
8.495832170395685445e-03
8.495832170395685445e-03
8.495832170395685445e-03
4.352290319990895738e-03
4.352290319990895738e-03
4.352290319990895738e-03
1.092395328991666720e-02
7.207793701275379446e-03
7.207793701275379446e-03
7.207793701275379446e-03
7.207793701275379446e-03
7.207793701275379446e-03
7.207793701275379446e-03
7.207793701275379446e-03
7.207793701275379446e-03
7.207793701275379446e-03
7.207793701275379446e-03
5.924588976242294198e-03
5.924588976242294198e-03
5.924588976242294198e-03
5.924588976242294198e-03
5.924588976242294198e-03
5.924588976242294198e-03
5.924588976242294198e-03
5.924588976242294198e-03
5.924588976242294198e-03
5.924588976242294198e-03
5.924588976242294198e-03
9.584919103362775708e-03
9.584919103362775708e-03
9.584919103362775708e-03
9.584919103362775708e-03
9.584919103362775708e-03
9.584919103362775708e-03
9.584919103362775708e-03
9.584919103362775708e-03
1.009373594092547594e-02
1.009373594092547594e-02
3.620195845064273082e-02
8.355037414566278062e-03
0.000000000000000000e+00
0.000000000000000000e+00
9.803970904902778102e-03
1.859990609739845370e-03
1.859990609739845370e-03
1.859990609739845370e-03
1.859990609739845370e-03
1.859990609739845370e-03
1.859990609739845370e-03
2.591007170600140297e-02
3.063798198353798186e-03
3.063798198353798186e-03
3.063798198353798186e-03
3.063798198353798186e-03
2.995010022811871869e-02
2.995010022811871869e-02
2.995010022811871869e-02
2.995010022811871869e-02
2.995010022811871869e-02
2.995010022811871869e-02
3.180775541312871185e-02
5.394107150229356280e-03
5.394107150229356280e-03
5.394107150229356280e-03
0.000000000000000000e+00
0.000000000000000000e+00
1.305421706201012784e-02
1.367787036110796120e-02
1.367787036110796120e-02
1.367787036110796120e-02
1.367787036110796120e-02
1.367787036110796120e-02
1.367787036110796120e-02
1.367787036110796120e-02
1.367787036110796120e-02
1.367787036110796120e-02
1.367787036110796120e-02
1.367787036110796120e-02
1.367787036110796120e-02
1.367787036110796120e-02
1.367787036110796120e-02
1.367787036110796120e-02
1.367787036110796120e-02
1.367787036110796120e-02
1.367787036110796120e-02
1.367787036110796120e-02
1.367787036110796120e-02
1.367787036110796120e-02
1.367787036110796120e-02
1.367787036110796120e-02
1.367787036110796120e-02
1.367787036110796120e-02
1.367787036110796120e-02
1.367787036110796120e-02
1.367787036110796120e-02
1.367787036110796120e-02
1.367787036110796120e-02
1.367787036110796120e-02
1.367787036110796120e-02
1.367787036110796120e-02
1.413598021315977220e-02
1.413598021315977220e-02
1.413598021315977220e-02
1.413598021315977220e-02
1.413598021315977220e-02
1.413598021315977220e-02
1.413598021315977220e-02
1.413598021315977220e-02
2.314255713982563481e-02
2.243251028242304254e-02
2.243251028242304254e-02
2.243251028242304254e-02
2.243251028242304254e-02
2.243251028242304254e-02
0.000000000000000000e+00
0.000000000000000000e+00
0.000000000000000000e+00
4.743576145072821160e-03
2.860155673526898479e-02
2.048400750920820537e-02
2.048400750920820537e-02
2.048400750920820537e-02
2.048400750920820537e-02
2.048400750920820537e-02
2.048400750920820537e-02
0.000000000000000000e+00
0.000000000000000000e+00
3.658848027786153201e-02
3.658848027786153201e-02
3.658848027786153201e-02
3.658848027786153201e-02
3.658848027786153201e-02
3.658848027786153201e-02
3.658848027786153201e-02
3.658848027786153201e-02
3.658848027786153201e-02
3.658848027786153201e-02
3.658848027786153201e-02
3.658848027786153201e-02
3.658848027786153201e-02
0.000000000000000000e+00
0.000000000000000000e+00
0.000000000000000000e+00
0.000000000000000000e+00
0.000000000000000000e+00
0.000000000000000000e+00
0.000000000000000000e+00
3.687894563537757846e-03
7.219881751653929244e-03
7.219881751653929244e-03
7.219881751653929244e-03
1.295526818312789374e-02
1.295526818312789374e-02
6.724260070049281612e-02
0.000000000000000000e+00
0.000000000000000000e+00
0.000000000000000000e+00
0.000000000000000000e+00
0.000000000000000000e+00
0.000000000000000000e+00
1.971683598706210419e-02
1.971683598706210419e-02
1.971683598706210419e-02
1.971683598706210419e-02
1.971683598706210419e-02
1.971683598706210419e-02
1.971683598706210419e-02
1.971683598706210419e-02
1.971683598706210419e-02
1.971683598706210419e-02
1.971683598706210419e-02
1.971683598706210419e-02
1.971683598706210419e-02
2.459157447450189063e-02
0.000000000000000000e+00
0.000000000000000000e+00
0.000000000000000000e+00
0.000000000000000000e+00
0.000000000000000000e+00
0.000000000000000000e+00
1.661439504577498939e-03
1.037171273923771092e-02
1.037171273923771092e-02
1.037171273923771092e-02
1.037171273923771092e-02
1.037171273923771092e-02
1.037171273923771092e-02
1.037171273923771092e-02
1.037171273923771092e-02
1.037171273923771092e-02
1.037171273923771092e-02
1.037171273923771092e-02
1.037171273923771092e-02
1.165038299225722163e-02
1.798531510952830828e-02
1.798531510952830828e-02
8.214034837864099547e-03
9.051067723180960742e-03
9.051067723180960742e-03
9.051067723180960742e-03
9.051067723180960742e-03
9.051067723180960742e-03
9.051067723180960742e-03
4.169374850830931747e-03
1.214458090068422196e-02
1.214458090068422196e-02
1.214458090068422196e-02
1.214458090068422196e-02
1.214458090068422196e-02
1.214458090068422196e-02
1.214458090068422196e-02
1.214458090068422196e-02
1.547731876451953134e-02
1.424007619802951895e-02
1.424007619802951895e-02
1.424007619802951895e-02
1.424007619802951895e-02
1.424007619802951895e-02
9.421355823190511597e-03
1.688403602838193032e-02
1.688403602838193032e-02
1.688403602838193032e-02
1.688403602838193032e-02
1.688403602838193032e-02
1.688403602838193032e-02
1.688403602838193032e-02
1.688403602838193032e-02
5.535997049273490289e-02
1.817781924197356749e-02
1.817781924197356749e-02
1.817781924197356749e-02
1.817781924197356749e-02
1.817781924197356749e-02
1.625351201576594878e-02
4.948270212308471423e-03
4.948270212308471423e-03
4.948270212308471423e-03
4.948270212308471423e-03
4.948270212308471423e-03
4.948270212308471423e-03
4.948270212308471423e-03
4.948270212308471423e-03
4.948270212308471423e-03
4.948270212308471423e-03
0.000000000000000000e+00
5.912637295424532161e-03
5.912637295424532161e-03
5.912637295424532161e-03
5.912637295424532161e-03
5.912637295424532161e-03
5.912637295424532161e-03
5.566739807586131017e-03
3.910114427229099444e-03
3.910114427229099444e-03
1.175380866464119899e-02
5.876624187592566911e-03
0.000000000000000000e+00
0.000000000000000000e+00
1.905634749706082084e-02
1.905634749706082084e-02
1.905634749706082084e-02
1.905634749706082084e-02
1.905634749706082084e-02
1.905634749706082084e-02
3.308997350431688161e-02
1.080874140147800554e-02
1.080874140147800554e-02
1.037575402504758645e-02
1.671872986709099437e-02
1.671872986709099437e-02
1.671872986709099437e-02
1.671872986709099437e-02
2.144081866435355518e-02
2.144081866435355518e-02
2.144081866435355518e-02
2.144081866435355518e-02
2.144081866435355518e-02
8.179278156224515804e-05
3.388025323636387892e-03
3.388025323636387892e-03
8.597410004897707014e-03
9.070677636004723793e-03
9.070677636004723793e-03
4.570795830428735218e-03
1.205749407440856761e-03
1.205749407440856761e-03
0.000000000000000000e+00
6.936586859985928617e-03
6.936586859985928617e-03
6.936586859985928617e-03
6.936586859985928617e-03
0.000000000000000000e+00
0.000000000000000000e+00
0.000000000000000000e+00
0.000000000000000000e+00
0.000000000000000000e+00
0.000000000000000000e+00
0.000000000000000000e+00
0.000000000000000000e+00
1.605909058137906451e-02
1.286484892181415443e-02
1.286484892181415443e-02
1.286484892181415443e-02
1.286484892181415443e-02
1.286484892181415443e-02
1.286484892181415443e-02
1.286484892181415443e-02
1.286484892181415443e-02
1.574033795162980021e-03
1.574033795162980021e-03
3.670294184612296531e-03
3.670294184612296531e-03
3.670294184612296531e-03
3.670294184612296531e-03
1.638051256868282984e-02
7.105757631610951780e-03
7.105757631610951780e-03
5.087868850163379964e-04
9.361920900149863639e-03
9.361920900149863639e-03
9.361920900149863639e-03
9.361920900149863639e-03
0.000000000000000000e+00
2.234877350398785031e-02
2.234877350398785031e-02
2.234877350398785031e-02
2.234877350398785031e-02
2.234877350398785031e-02
2.234877350398785031e-02
1.263516528779319581e-02
3.724352492803489640e-03
3.724352492803489640e-03
3.724352492803489640e-03
3.724352492803489640e-03
3.724352492803489640e-03
3.724352492803489640e-03
3.724352492803489640e-03
3.724352492803489640e-03
3.724352492803489640e-03
3.724352492803489640e-03
3.724352492803489640e-03
3.724352492803489640e-03
3.724352492803489640e-03
3.724352492803489640e-03
3.724352492803489640e-03
3.724352492803489640e-03
3.724352492803489640e-03
3.724352492803489640e-03
3.724352492803489640e-03
3.724352492803489640e-03
3.724352492803489640e-03
3.724352492803489640e-03
1.652318186978486703e-02
1.291189085155831917e-02
1.291189085155831917e-02
1.291189085155831917e-02
1.291189085155831917e-02
1.291189085155831917e-02
9.442494953633776824e-04
0.000000000000000000e+00
0.000000000000000000e+00
0.000000000000000000e+00
0.000000000000000000e+00
2.756403904060794260e-03
4.885147828344401809e-04
4.885147828344401809e-04
4.885147828344401809e-04
4.885147828344401809e-04
4.885147828344401809e-04
4.885147828344401809e-04
4.341360472921570665e-03
4.341360472921570665e-03
4.341360472921570665e-03
4.341360472921570665e-03
4.341360472921570665e-03
4.341360472921570665e-03
4.341360472921570665e-03
4.341360472921570665e-03
4.341360472921570665e-03
4.341360472921570665e-03
4.341360472921570665e-03
2.830528022836888103e-04
6.327039027574146539e-03
6.327039027574146539e-03
6.327039027574146539e-03
6.327039027574146539e-03
6.327039027574146539e-03
1.681918485206736202e-02
5.555593328183492698e-03
9.879090428471815413e-03
1.326501897239170009e-02
1.059724226545812227e-02
1.059724226545812227e-02
1.059724226545812227e-02
1.059724226545812227e-02
1.059724226545812227e-02
1.945210637315954519e-02
1.945210637315954519e-02
6.671074076642256878e-02
3.617292603500442405e-02
3.617292603500442405e-02
3.617292603500442405e-02
3.617292603500442405e-02
3.617292603500442405e-02
3.617292603500442405e-02
2.333228107265606244e-03
2.333228107265606244e-03
2.333228107265606244e-03
2.333228107265606244e-03
2.333228107265606244e-03
2.333228107265606244e-03
2.333228107265606244e-03
2.333228107265606244e-03
2.333228107265606244e-03
2.333228107265606244e-03
2.333228107265606244e-03
2.333228107265606244e-03
2.333228107265606244e-03
1.224129175223915254e-02
1.224129175223915254e-02
1.224129175223915254e-02
2.082644445632921438e-03
1.603616760034866709e-02
1.603616760034866709e-02
6.227709775308502838e-03
3.518468020889327884e-03
3.518468020889327884e-03
3.518468020889327884e-03
3.518468020889327884e-03
2.586129870745763198e-02
2.579600341507900987e-03
2.579600341507900987e-03
2.579600341507900987e-03
2.579600341507900987e-03
4.226341136170240660e-03
4.226341136170240660e-03
4.226341136170240660e-03
4.226341136170240660e-03
4.226341136170240660e-03
4.226341136170240660e-03
2.769619044051425602e-02
3.001562808414705644e-02
3.001562808414705644e-02
1.321867374342460162e-02
1.321867374342460162e-02
1.321867374342460162e-02
1.321867374342460162e-02
1.321867374342460162e-02
0.000000000000000000e+00
0.000000000000000000e+00
0.000000000000000000e+00
0.000000000000000000e+00
0.000000000000000000e+00
6.187115958032275015e-03
6.187115958032275015e-03
6.187115958032275015e-03
6.187115958032275015e-03
6.187115958032275015e-03
6.187115958032275015e-03
6.187115958032275015e-03
6.187115958032275015e-03
6.187115958032275015e-03
6.187115958032275015e-03
6.187115958032275015e-03
6.187115958032275015e-03
6.187115958032275015e-03
6.187115958032275015e-03
6.187115958032275015e-03
6.187115958032275015e-03
1.633407405050889228e-03
1.934925148237176540e-02
1.934925148237176540e-02
2.173518170539850622e-02
9.442494953633776824e-04
9.442494953633776824e-04
9.442494953633776824e-04
9.442494953633776824e-04
9.442494953633776824e-04
4.307369823873178141e-03
4.307369823873178141e-03
4.307369823873178141e-03
4.307369823873178141e-03
3.049146738977438417e-02
3.049146738977438417e-02
3.049146738977438417e-02
3.049146738977438417e-02
2.830528022836888103e-04
2.830528022836888103e-04
2.830528022836888103e-04
2.830528022836888103e-04
2.830528022836888103e-04
2.830528022836888103e-04
2.830528022836888103e-04
2.830528022836888103e-04
2.830528022836888103e-04
2.830528022836888103e-04
1.558070966070630899e-02
4.561342517287090247e-04
4.561342517287090247e-04
4.561342517287090247e-04
4.561342517287090247e-04
4.633150223017908770e-03
4.633150223017908770e-03
4.633150223017908770e-03
0.000000000000000000e+00
2.687173740001189831e-02
2.687173740001189831e-02
2.687173740001189831e-02
2.687173740001189831e-02
2.687173740001189831e-02
2.687173740001189831e-02
2.687173740001189831e-02
2.687173740001189831e-02
0.000000000000000000e+00
0.000000000000000000e+00
0.000000000000000000e+00
2.415772236150220964e-03
2.415772236150220964e-03
2.415772236150220964e-03
2.415772236150220964e-03
2.415772236150220964e-03
2.415772236150220964e-03
2.415772236150220964e-03
2.415772236150220964e-03
3.000848130733896682e-02
3.233371978709669720e-02
3.233371978709669720e-02
3.233371978709669720e-02
3.233371978709669720e-02
4.398330981757625491e-03
4.398330981757625491e-03
4.398330981757625491e-03
4.398330981757625491e-03
4.398330981757625491e-03
4.398330981757625491e-03
4.398330981757625491e-03
4.398330981757625491e-03
4.398330981757625491e-03
4.398330981757625491e-03
4.398330981757625491e-03
4.398330981757625491e-03
4.398330981757625491e-03
4.398330981757625491e-03
4.398330981757625491e-03
4.398330981757625491e-03
4.398330981757625491e-03
0.000000000000000000e+00
0.000000000000000000e+00
0.000000000000000000e+00
0.000000000000000000e+00
0.000000000000000000e+00
0.000000000000000000e+00
2.006478693240973388e-02
1.148357662493467400e-02
1.552990732026987737e-02
1.552990732026987737e-02
1.552990732026987737e-02
1.552990732026987737e-02
1.552990732026987737e-02
1.552990732026987737e-02
1.552990732026987737e-02
1.552990732026987737e-02
1.552990732026987737e-02
1.552990732026987737e-02
1.552990732026987737e-02
1.552990732026987737e-02
1.527210062010618367e-02
4.697906681772354674e-03
4.697906681772354674e-03
4.697906681772354674e-03
4.697906681772354674e-03
4.697906681772354674e-03
4.697906681772354674e-03
4.697906681772354674e-03
4.697906681772354674e-03
8.732467228194434536e-03
9.551439449253682976e-03
9.551439449253682976e-03
2.048880741972661235e-02
2.048880741972661235e-02
2.048880741972661235e-02
1.558070966070630899e-02
1.558070966070630899e-02
1.558070966070630899e-02
1.558070966070630899e-02
1.558070966070630899e-02
1.558070966070630899e-02
1.558070966070630899e-02
1.558070966070630899e-02
1.558070966070630899e-02
1.558070966070630899e-02
1.736391580402591936e-02
1.736391580402591936e-02
1.736391580402591936e-02
1.736391580402591936e-02
1.103445759385061724e-02
1.103445759385061724e-02
1.103445759385061724e-02
1.103445759385061724e-02
1.103445759385061724e-02
1.103445759385061724e-02
1.103445759385061724e-02
1.103445759385061724e-02
1.103445759385061724e-02
1.103445759385061724e-02
1.103445759385061724e-02
1.103445759385061724e-02
1.103445759385061724e-02
1.320479028725040846e-02
8.732467228194434536e-03
6.295106389222761625e-03
6.295106389222761625e-03
6.295106389222761625e-03
6.295106389222761625e-03
1.326313979778297961e-03
2.523146601526993129e-03
2.473368843540434125e-02
1.553265679567288234e-02
1.553265679567288234e-02
0.000000000000000000e+00
0.000000000000000000e+00
0.000000000000000000e+00
0.000000000000000000e+00
0.000000000000000000e+00
1.686599826508494021e-02
1.686599826508494021e-02
1.686599826508494021e-02
1.686599826508494021e-02
1.686599826508494021e-02
1.686599826508494021e-02
8.364226476627894050e-03
8.364226476627894050e-03
8.364226476627894050e-03
8.364226476627894050e-03
8.364226476627894050e-03
8.364226476627894050e-03
1.251147736221813744e-02
4.744834494676463061e-04
4.744834494676463061e-04
4.744834494676463061e-04
4.744834494676463061e-04
4.744834494676463061e-04
4.744834494676463061e-04
4.744834494676463061e-04
4.744834494676463061e-04
4.744834494676463061e-04
4.744834494676463061e-04
4.744834494676463061e-04
4.744834494676463061e-04
0.000000000000000000e+00
2.123255247781963631e-02
4.999119055789930620e-03
4.999119055789930620e-03
1.204644767494409199e-02
1.005144388911297267e-02
1.005144388911297267e-02
1.005144388911297267e-02
1.005144388911297267e-02
1.005144388911297267e-02
1.005144388911297267e-02
1.005144388911297267e-02
1.005144388911297267e-02
1.422126013906555540e-02
8.580128360391535425e-03
8.580128360391535425e-03
8.580128360391535425e-03
8.580128360391535425e-03
4.080648965082252048e-03
4.080648965082252048e-03
4.080648965082252048e-03
4.080648965082252048e-03
4.080648965082252048e-03
4.080648965082252048e-03
4.080648965082252048e-03
4.080648965082252048e-03
4.080648965082252048e-03
4.080648965082252048e-03
4.080648965082252048e-03
1.965765125596321064e-03
8.291890026146700801e-03
8.291890026146700801e-03
8.291890026146700801e-03
8.291890026146700801e-03
2.459203769919267313e-02
2.678342448675122972e-02
2.678342448675122972e-02
2.678342448675122972e-02
2.697119456638761431e-02
2.697119456638761431e-02
2.697119456638761431e-02
2.697119456638761431e-02
2.697119456638761431e-02
2.697119456638761431e-02
2.697119456638761431e-02
2.697119456638761431e-02
2.697119456638761431e-02
2.697119456638761431e-02
2.697119456638761431e-02
9.959385999296774955e-03
1.178978841472786213e-02
1.178978841472786213e-02
1.164238589695384095e-02
1.178978841472786213e-02
1.178978841472786213e-02
1.178978841472786213e-02
5.080428786345289778e-03
5.080428786345289778e-03
5.080428786345289778e-03
5.080428786345289778e-03
5.080428786345289778e-03
2.956386002970003146e-02
1.728576379566047760e-02
1.728576379566047760e-02
5.304681117445978616e-03
1.292328337128493751e-02
1.292328337128493751e-02
1.292328337128493751e-02
1.292328337128493751e-02
0.000000000000000000e+00
0.000000000000000000e+00
1.241397950308724234e-02
2.901221847751287927e-02
2.901221847751287927e-02
2.901221847751287927e-02
3.111668857277953429e-04
0.000000000000000000e+00
0.000000000000000000e+00
0.000000000000000000e+00
0.000000000000000000e+00
0.000000000000000000e+00
0.000000000000000000e+00
0.000000000000000000e+00
0.000000000000000000e+00
0.000000000000000000e+00
0.000000000000000000e+00
0.000000000000000000e+00
0.000000000000000000e+00
0.000000000000000000e+00
0.000000000000000000e+00
0.000000000000000000e+00
1.350499369184773521e-02
1.350499369184773521e-02
6.439343088012939101e-03
9.421355823190511597e-03
9.421355823190511597e-03
9.421355823190511597e-03
9.421355823190511597e-03
9.421355823190511597e-03
7.227578494978429031e-03
4.664817720881651170e-03
4.664817720881651170e-03
4.828662540429288184e-03
2.544897849658691105e-02
2.544897849658691105e-02
2.544897849658691105e-02
2.544897849658691105e-02
6.324970077922158380e-03
8.628832504147322972e-04
8.628832504147322972e-04
1.334951461473806583e-02
4.272640408156561098e-02
0.000000000000000000e+00
0.000000000000000000e+00
0.000000000000000000e+00
2.671754101544080579e-02
2.671754101544080579e-02
2.409761342053172786e-02
2.409761342053172786e-02
0.000000000000000000e+00
0.000000000000000000e+00
0.000000000000000000e+00
1.315679776888389364e-02
3.057604028381161188e-02
3.057604028381161188e-02
1.223152625707796086e-02
3.057604028381161188e-02
5.462597588599665994e-03
1.244614954499100902e-02
1.244614954499100902e-02
1.558380647099177722e-02
1.263516528779319581e-02
1.263516528779319581e-02
1.263516528779319581e-02
1.263516528779319581e-02
1.263516528779319581e-02
4.570795830428735218e-03
3.182890018092236328e-03
3.182890018092236328e-03
3.182890018092236328e-03
3.182890018092236328e-03
3.182890018092236328e-03
3.182890018092236328e-03
3.182890018092236328e-03
3.182890018092236328e-03
3.182890018092236328e-03
3.182890018092236328e-03
1.750231344594355143e-02
6.704361711300971076e-03
6.704361711300971076e-03
6.704361711300971076e-03
6.704361711300971076e-03
6.704361711300971076e-03
6.704361711300971076e-03
6.704361711300971076e-03
6.704361711300971076e-03
8.035170486448190222e-03
4.138094361405460393e-03
8.035170486448190222e-03
8.035170486448190222e-03
8.035170486448190222e-03
4.138094361405460393e-03
4.138094361405460393e-03
4.138094361405460393e-03
4.138094361405460393e-03
4.138094361405460393e-03
4.138094361405460393e-03
4.138094361405460393e-03
4.569695810364191035e-02
4.569695810364191035e-02
4.569695810364191035e-02
4.569695810364191035e-02
4.569695810364191035e-02
4.569695810364191035e-02
3.967826911317194616e-02
4.272640408156561098e-02
4.272640408156561098e-02
4.272640408156561098e-02
4.272640408156561098e-02
4.272640408156561098e-02
0.000000000000000000e+00
2.769619044051425602e-02
2.769619044051425602e-02
2.769619044051425602e-02
2.769619044051425602e-02
2.769619044051425602e-02
2.769619044051425602e-02
2.769619044051425602e-02
2.769619044051425602e-02
2.689826931625391611e-03
4.270502256122719192e-02
4.905943910590965934e-02
4.905943910590965934e-02
4.905943910590965934e-02
4.905943910590965934e-02
4.905943910590965934e-02
4.905943910590965934e-02
4.905943910590965934e-02
4.905943910590965934e-02
4.905943910590965934e-02
4.905943910590965934e-02
2.807419263202135667e-02
1.420788809236972830e-02
1.420788809236972830e-02
1.978521846131552075e-02
1.420788809236972830e-02
2.459203769919267313e-02
2.459203769919267313e-02
1.178611154301990004e-02
1.736548618821640022e-02
1.736548618821640022e-02
1.844153561740362324e-02
1.844153561740362324e-02
1.844153561740362324e-02
1.844153561740362324e-02
1.844153561740362324e-02
1.844153561740362324e-02
5.535997049273490289e-02
5.535997049273490289e-02
6.671074076642256878e-02
6.671074076642256878e-02
6.671074076642256878e-02
0.000000000000000000e+00
0.000000000000000000e+00
0.000000000000000000e+00
0.000000000000000000e+00
0.000000000000000000e+00
1.499805266327510975e-02
0.000000000000000000e+00
0.000000000000000000e+00
1.638051256868282984e-02
1.638051256868282984e-02
1.638051256868282984e-02
3.555604737751322242e-02
1.152866168445054219e-02
1.152866168445054219e-02
1.152866168445054219e-02
1.152866168445054219e-02
1.152866168445054219e-02
1.152866168445054219e-02
0.000000000000000000e+00
3.611540886029367819e-02
3.611540886029367819e-02
3.611540886029367819e-02
0.000000000000000000e+00
6.410260902273724574e-03
6.410260902273724574e-03
6.410260902273724574e-03
6.410260902273724574e-03
6.410260902273724574e-03
6.410260902273724574e-03
6.410260902273724574e-03
6.410260902273724574e-03
7.087728065360790301e-03
6.118115984570004010e-04
6.118115984570004010e-04
6.118115984570004010e-04
6.118115984570004010e-04
6.118115984570004010e-04
6.118115984570004010e-04
6.118115984570004010e-04
6.118115984570004010e-04
6.118115984570004010e-04
6.118115984570004010e-04
2.756403904060794260e-03
2.756403904060794260e-03
2.756403904060794260e-03
2.756403904060794260e-03
2.756403904060794260e-03
2.756403904060794260e-03
6.296478111964582888e-03
6.296478111964582888e-03
6.296478111964582888e-03
6.296478111964582888e-03
6.296478111964582888e-03
6.296478111964582888e-03
6.296478111964582888e-03
6.296478111964582888e-03
6.296478111964582888e-03
6.296478111964582888e-03
6.296478111964582888e-03
1.131120836106407242e-02
1.446359397350503381e-02
1.446359397350503381e-02
1.446359397350503381e-02
8.079567817508249705e-01
6.105455787818473562e-02
6.105455787818473562e-02
6.105455787818473562e-02
6.105455787818473562e-02
2.100349635503985166e-02
2.100349635503985166e-02
2.100349635503985166e-02
2.100349635503985166e-02
2.100349635503985166e-02
2.100349635503985166e-02
2.100349635503985166e-02
2.100349635503985166e-02
3.981844418710252242e-02
3.981844418710252242e-02
3.981844418710252242e-02
3.981844418710252242e-02
5.238270023184147389e-02
5.238270023184147389e-02
0.000000000000000000e+00
0.000000000000000000e+00
1.164238589695384095e-02
1.164238589695384095e-02
1.164238589695384095e-02
1.431789732276837410e-03
4.734672013427958280e-04
4.734672013427958280e-04
4.734672013427958280e-04
4.734672013427958280e-04
4.734672013427958280e-04
4.734672013427958280e-04
4.734672013427958280e-04
4.734672013427958280e-04
4.734672013427958280e-04
4.734672013427958280e-04
4.734672013427958280e-04
4.734672013427958280e-04
4.569928659490329198e-02
4.569928659490329198e-02
8.214617521639306415e-04
1.670231755551921911e-03
1.670231755551921911e-03
2.648180136612697695e-03
2.648180136612697695e-03
2.648180136612697695e-03
2.648180136612697695e-03
2.648180136612697695e-03
2.648180136612697695e-03
2.648180136612697695e-03
2.648180136612697695e-03
2.648180136612697695e-03
2.648180136612697695e-03
2.648180136612697695e-03
2.648180136612697695e-03
2.648180136612697695e-03
2.648180136612697695e-03
2.648180136612697695e-03
2.648180136612697695e-03
2.648180136612697695e-03
2.648180136612697695e-03
2.375916030031488199e-02
2.375916030031488199e-02
2.375916030031488199e-02
2.375916030031488199e-02
2.375916030031488199e-02
2.375916030031488199e-02
2.375916030031488199e-02
2.375916030031488199e-02
2.375916030031488199e-02
2.375916030031488199e-02
2.375916030031488199e-02
3.004457796191983745e-03
1.745603679223060520e-02
1.745603679223060520e-02
1.745603679223060520e-02
1.745603679223060520e-02
1.745603679223060520e-02
1.745603679223060520e-02
1.745603679223060520e-02
1.745603679223060520e-02
3.648661787427705250e-02
3.648661787427705250e-02
3.648661787427705250e-02
3.648661787427705250e-02
3.648661787427705250e-02
3.648661787427705250e-02
3.648661787427705250e-02
3.648661787427705250e-02
3.648661787427705250e-02
3.648661787427705250e-02
3.648661787427705250e-02
2.203697732098805831e-02
2.203697732098805831e-02
8.881747936171725810e-03
8.881747936171725810e-03
8.881747936171725810e-03
8.881747936171725810e-03
0.000000000000000000e+00
0.000000000000000000e+00
0.000000000000000000e+00
0.000000000000000000e+00
0.000000000000000000e+00
0.000000000000000000e+00
0.000000000000000000e+00
0.000000000000000000e+00
0.000000000000000000e+00
0.000000000000000000e+00
0.000000000000000000e+00
0.000000000000000000e+00
0.000000000000000000e+00
1.002506057146272320e-02
1.002506057146272320e-02
1.002506057146272320e-02
1.002506057146272320e-02
0.000000000000000000e+00
0.000000000000000000e+00
0.000000000000000000e+00
0.000000000000000000e+00
5.043772594362020724e-03
1.211372274521868055e-02
1.211372274521868055e-02
1.211372274521868055e-02
1.211372274521868055e-02
8.597410004897707014e-03
8.597410004897707014e-03
8.597410004897707014e-03
8.597410004897707014e-03
8.597410004897707014e-03
8.597410004897707014e-03
8.597410004897707014e-03
8.597410004897707014e-03
1.069158023588203527e-02
1.069158023588203527e-02
1.069158023588203527e-02
1.069158023588203527e-02
5.998078991099711418e-03
5.998078991099711418e-03
5.998078991099711418e-03
5.998078991099711418e-03
5.998078991099711418e-03
2.005873266343845447e-03
2.738312456215753234e-03
2.738312456215753234e-03
2.738312456215753234e-03
2.738312456215753234e-03
2.738312456215753234e-03
2.738312456215753234e-03
0.000000000000000000e+00
1.132817432618165449e-02
1.132817432618165449e-02
1.132817432618165449e-02
1.132817432618165449e-02
1.132817432618165449e-02
1.132817432618165449e-02
1.132817432618165449e-02
1.132817432618165449e-02
1.132817432618165449e-02
1.132817432618165449e-02
1.132817432618165449e-02
1.132817432618165449e-02
2.035825705549115100e-02
1.707818133403933222e-02
1.707818133403933222e-02
1.707818133403933222e-02
1.707818133403933222e-02
1.707818133403933222e-02
1.707818133403933222e-02
1.707818133403933222e-02
1.707818133403933222e-02
1.122543229802435566e-02
1.122543229802435566e-02
1.122543229802435566e-02
1.122543229802435566e-02
1.122543229802435566e-02
1.122543229802435566e-02
1.122543229802435566e-02
1.122543229802435566e-02
1.122543229802435566e-02
1.122543229802435566e-02
1.122543229802435566e-02
1.122543229802435566e-02
1.122543229802435566e-02
1.122543229802435566e-02
7.405480570356222196e-03
7.405480570356222196e-03
1.035904127846535260e-02
1.845396845642119366e-02
1.845396845642119366e-02
1.845396845642119366e-02
1.845396845642119366e-02
7.208950133933761210e-03
0.000000000000000000e+00
6.460803655731792855e-03
1.777249565454267280e-02
1.777249565454267280e-02
1.777249565454267280e-02
1.777249565454267280e-02
1.777249565454267280e-02
1.777249565454267280e-02
1.777249565454267280e-02
1.777249565454267280e-02
8.006002608434044376e-03
6.591738517628699216e-03
2.206731290482209437e-02
2.749167774806066805e-02
2.749167774806066805e-02
0.000000000000000000e+00
5.304681117445978616e-03
5.304681117445978616e-03
5.304681117445978616e-03
5.304681117445978616e-03
5.304681117445978616e-03
5.304681117445978616e-03
5.304681117445978616e-03
5.304681117445978616e-03
5.304681117445978616e-03
2.690331218566029657e-03
9.104855990574142049e-03
9.104855990574142049e-03
1.681918485206736202e-02
1.681918485206736202e-02
1.179849172358197508e-02
1.179849172358197508e-02
1.179849172358197508e-02
1.179849172358197508e-02
1.179849172358197508e-02
1.179849172358197508e-02
1.179849172358197508e-02
1.179849172358197508e-02
1.179849172358197508e-02
1.179849172358197508e-02
1.591261819249539149e-03
1.545206132735922654e-03
1.545206132735922654e-03
1.304171383723240832e-02
5.462597588599665994e-03
6.341491786547517537e-03
6.341491786547517537e-03
6.341491786547517537e-03
6.341491786547517537e-03
6.341491786547517537e-03
6.341491786547517537e-03
6.341491786547517537e-03
2.050949000601765340e-02
6.341491786547517537e-03
3.037351966668688506e-05
4.569262673163340324e-03
4.569262673163340324e-03
4.569262673163340324e-03
4.569262673163340324e-03
4.569262673163340324e-03
4.569262673163340324e-03
4.569262673163340324e-03
4.569262673163340324e-03
1.320084766440732596e-02
1.320084766440732596e-02
1.320084766440732596e-02
1.320084766440732596e-02
1.320084766440732596e-02
1.320084766440732596e-02
4.308957986323355867e-03
1.984055936470757037e-02
1.984055936470757037e-02
1.138293923699390010e-02
1.197614903940896584e-02
1.197614903940896584e-02
1.197614903940896584e-02
1.197614903940896584e-02
0.000000000000000000e+00
0.000000000000000000e+00
0.000000000000000000e+00
1.838663089774306841e-02
1.838663089774306841e-02
5.837098777054267919e-03
5.837098777054267919e-03
5.837098777054267919e-03
5.837098777054267919e-03
5.837098777054267919e-03
5.837098777054267919e-03
5.837098777054267919e-03
5.837098777054267919e-03
5.837098777054267919e-03
5.837098777054267919e-03
5.837098777054267919e-03
5.837098777054267919e-03
5.837098777054267919e-03
5.837098777054267919e-03
6.483151671190809026e-03
6.483151671190809026e-03
6.483151671190809026e-03
6.483151671190809026e-03
3.687894563537757846e-03
0.000000000000000000e+00
1.739492694893629218e-02
1.261485050222608227e-02
1.261485050222608227e-02
1.739492694893629218e-02
3.680997276699208426e-02
3.680997276699208426e-02
3.680997276699208426e-02
3.680997276699208426e-02
1.309872174930474045e-02
1.309872174930474045e-02
1.309872174930474045e-02
1.309872174930474045e-02
1.309872174930474045e-02
1.309872174930474045e-02
1.309872174930474045e-02
1.309872174930474045e-02
1.309872174930474045e-02
1.309872174930474045e-02
1.899322013230289943e-02
1.899322013230289943e-02
2.883902607532639814e-02
4.106273701725131342e-02
0.000000000000000000e+00
0.000000000000000000e+00
3.000848130733896682e-02
3.000848130733896682e-02
3.000848130733896682e-02
3.000848130733896682e-02
3.000848130733896682e-02
3.000848130733896682e-02
3.000848130733896682e-02
3.000848130733896682e-02
8.464306660276510116e-03
8.464306660276510116e-03
8.464306660276510116e-03
8.464306660276510116e-03
8.464306660276510116e-03
8.464306660276510116e-03
8.464306660276510116e-03
8.464306660276510116e-03
8.464306660276510116e-03
8.464306660276510116e-03
8.464306660276510116e-03
8.464306660276510116e-03
8.464306660276510116e-03
8.464306660276510116e-03
8.464306660276510116e-03
8.464306660276510116e-03
8.464306660276510116e-03
8.464306660276510116e-03
8.464306660276510116e-03
2.017149338336627490e-02
2.017149338336627490e-02
2.017149338336627490e-02
2.017149338336627490e-02
2.017149338336627490e-02
2.017149338336627490e-02
2.017149338336627490e-02
2.017149338336627490e-02
4.626321632558387693e-03
1.292492815419820978e-03
1.292492815419820978e-03
1.292492815419820978e-03
1.292492815419820978e-03
1.292492815419820978e-03
1.292492815419820978e-03
1.292492815419820978e-03
1.292492815419820978e-03
1.648848389265254386e-02
0.000000000000000000e+00
0.000000000000000000e+00
1.872758681743832152e-03
1.872758681743832152e-03
1.872758681743832152e-03
1.872758681743832152e-03
1.872758681743832152e-03
1.872758681743832152e-03
3.660446679706285105e-03
3.660446679706285105e-03
8.973707439790434143e-03
7.304763527417759347e-03
7.304763527417759347e-03
7.304763527417759347e-03
7.304763527417759347e-03
7.304763527417759347e-03
7.304763527417759347e-03
7.304763527417759347e-03
7.304763527417759347e-03
7.304763527417759347e-03
7.304763527417759347e-03
7.304763527417759347e-03
7.304763527417759347e-03
7.208950133933761210e-03
7.208950133933761210e-03
7.208950133933761210e-03
7.208950133933761210e-03
7.208950133933761210e-03
7.208950133933761210e-03
7.208950133933761210e-03
7.208950133933761210e-03
7.208950133933761210e-03
7.208950133933761210e-03
5.659693493004640946e-03
5.659693493004640946e-03
5.659693493004640946e-03
5.659693493004640946e-03
6.530117148264772201e-03
4.501499570451292058e-03
4.501499570451292058e-03
4.501499570451292058e-03
4.501499570451292058e-03
4.501499570451292058e-03
1.433966719233369623e-02
1.433966719233369623e-02
4.308957986323355867e-03
0.000000000000000000e+00
0.000000000000000000e+00
1.304171383723240832e-02
1.304171383723240832e-02
1.304171383723240832e-02
1.304171383723240832e-02
1.304171383723240832e-02
1.304171383723240832e-02
1.315456637539274849e-03
7.933415849758186644e-03
7.933415849758186644e-03
1.535880446299385180e-02
1.535880446299385180e-02
1.535880446299385180e-02
1.535880446299385180e-02
4.847342277330425261e-03
0.000000000000000000e+00
0.000000000000000000e+00
0.000000000000000000e+00
0.000000000000000000e+00
0.000000000000000000e+00
0.000000000000000000e+00
0.000000000000000000e+00
0.000000000000000000e+00
0.000000000000000000e+00
1.026593762194897598e-02
1.034489700523281985e-02
5.278660931808949047e-02
8.352947962737055981e-04
1.258892101377968040e-03
4.102105073298763747e-03
1.028888986629714758e-02
1.028888986629714758e-02
1.028888986629714758e-02
1.028888986629714758e-02
1.426560898882179435e-02
5.622359709916037798e-03
5.622359709916037798e-03
5.622359709916037798e-03
5.622359709916037798e-03
5.622359709916037798e-03
5.622359709916037798e-03
0.000000000000000000e+00
7.027128561624428928e-03
7.027128561624428928e-03
7.027128561624428928e-03
7.027128561624428928e-03
7.027128561624428928e-03
7.027128561624428928e-03
7.027128561624428928e-03
7.027128561624428928e-03
1.208633977619876128e-02
8.235761294112415058e-04
9.279068666606655851e-04
9.279068666606655851e-04
9.279068666606655851e-04
9.279068666606655851e-04
9.279068666606655851e-04
0.000000000000000000e+00
2.439275290853658643e-02
2.018789113638950680e-02
2.018789113638950680e-02
2.035825705549115100e-02
2.035825705549115100e-02
2.035825705549115100e-02
2.035825705549115100e-02
0.000000000000000000e+00
0.000000000000000000e+00
0.000000000000000000e+00
0.000000000000000000e+00
0.000000000000000000e+00
0.000000000000000000e+00
0.000000000000000000e+00
0.000000000000000000e+00
4.056449217197068656e-03
4.056449217197068656e-03
4.056449217197068656e-03
4.056449217197068656e-03
4.056449217197068656e-03
0.000000000000000000e+00
2.987276684864032666e-02
2.987276684864032666e-02
2.987276684864032666e-02
2.987276684864032666e-02
2.987276684864032666e-02
9.014154150341019064e-03
2.603575252678252787e-03
9.014154150341019064e-03
1.026593762194897598e-02
1.026593762194897598e-02
1.026593762194897598e-02
1.026593762194897598e-02
1.026593762194897598e-02
1.026593762194897598e-02
1.026593762194897598e-02
1.026593762194897598e-02
1.026593762194897598e-02
1.026593762194897598e-02
2.923095197369006415e-02
3.300995822450865369e-02
9.250479138869465226e-03
9.250479138869465226e-03
9.250479138869465226e-03
9.250479138869465226e-03
9.250479138869465226e-03
9.250479138869465226e-03
9.250479138869465226e-03
9.250479138869465226e-03
6.851728430182594913e-03
6.851728430182594913e-03
6.851728430182594913e-03
6.851728430182594913e-03
6.851728430182594913e-03
6.851728430182594913e-03
6.851728430182594913e-03
6.851728430182594913e-03
6.851728430182594913e-03
6.851728430182594913e-03
6.851728430182594913e-03
6.851728430182594913e-03
6.851728430182594913e-03
9.831042413574712577e-03
9.831042413574712577e-03
6.934406336476174777e-03
8.214617521639306415e-04
7.438020293049862203e-03
7.438020293049862203e-03
7.438020293049862203e-03
0.000000000000000000e+00
0.000000000000000000e+00
0.000000000000000000e+00
0.000000000000000000e+00
0.000000000000000000e+00
0.000000000000000000e+00
0.000000000000000000e+00
2.174669238662989973e-02
9.745961451974632234e-03
9.745961451974632234e-03
9.745961451974632234e-03
9.745961451974632234e-03
9.745961451974632234e-03
9.745961451974632234e-03
9.745961451974632234e-03
9.745961451974632234e-03
9.745961451974632234e-03
9.745961451974632234e-03
0.000000000000000000e+00
0.000000000000000000e+00
1.226266948523149942e-02
1.226266948523149942e-02
1.226266948523149942e-02
1.226266948523149942e-02
9.375099341664427238e-03
2.780189102885413308e-02
2.780189102885413308e-02
2.780189102885413308e-02
2.780189102885413308e-02
3.649766954254590051e-02
6.391472276255039282e-03
6.391472276255039282e-03
6.391472276255039282e-03
6.391472276255039282e-03
6.391472276255039282e-03
6.391472276255039282e-03
6.391472276255039282e-03
6.391472276255039282e-03
6.391472276255039282e-03
6.391472276255039282e-03
6.391472276255039282e-03
6.391472276255039282e-03
1.101593360394758150e-02
6.530117148264772201e-03
9.553069583306240953e-03
9.553069583306240953e-03
8.789910812817837080e-03
8.789910812817837080e-03
8.789910812817837080e-03
8.789910812817837080e-03
8.789910812817837080e-03
8.789910812817837080e-03
8.789910812817837080e-03
8.789910812817837080e-03
8.789910812817837080e-03
8.789910812817837080e-03
8.789910812817837080e-03
3.154547887770669384e-02
1.577245320539020709e-02
1.577245320539020709e-02
1.577245320539020709e-02
1.577245320539020709e-02
1.577245320539020709e-02
1.577245320539020709e-02
1.577245320539020709e-02
1.577245320539020709e-02
1.577245320539020709e-02
1.577245320539020709e-02
0.000000000000000000e+00
0.000000000000000000e+00
3.465528328974589595e-02
3.465528328974589595e-02
3.465528328974589595e-02
1.269138509183964821e-02
2.521429265377009375e-03
2.521429265377009375e-03
2.521429265377009375e-03
2.521429265377009375e-03
2.521429265377009375e-03
2.521429265377009375e-03
2.521429265377009375e-03
2.521429265377009375e-03
2.521429265377009375e-03
1.483851849953632222e-02
6.457176296439522470e-03
6.457176296439522470e-03
6.457176296439522470e-03
6.457176296439522470e-03
6.457176296439522470e-03
6.457176296439522470e-03
8.235761294112415058e-04
8.235761294112415058e-04
1.272818630786015995e-02
1.272818630786015995e-02
1.015915011197857445e-02
1.405160897376529945e-02
1.405160897376529945e-02
1.405160897376529945e-02
1.405160897376529945e-02
1.405160897376529945e-02
0.000000000000000000e+00
0.000000000000000000e+00
0.000000000000000000e+00
1.202780283622790006e-02
6.431712548646742640e-03
0.000000000000000000e+00
0.000000000000000000e+00
0.000000000000000000e+00
0.000000000000000000e+00
0.000000000000000000e+00
0.000000000000000000e+00
0.000000000000000000e+00
0.000000000000000000e+00
0.000000000000000000e+00
0.000000000000000000e+00
0.000000000000000000e+00
0.000000000000000000e+00
0.000000000000000000e+00
2.689826931625391611e-03
2.689826931625391611e-03
2.689826931625391611e-03
2.689826931625391611e-03
2.689826931625391611e-03
2.689826931625391611e-03
6.530117148264772201e-03
6.530117148264772201e-03
6.530117148264772201e-03
3.289159892328158419e-02
3.555604737751322242e-02
0.000000000000000000e+00
0.000000000000000000e+00
1.521678673406633847e-02
3.921182802271171858e-03
3.921182802271171858e-03
3.921182802271171858e-03
3.921182802271171858e-03
4.743935225786868708e-03
4.743935225786868708e-03
4.743935225786868708e-03
4.743935225786868708e-03
4.743935225786868708e-03
4.743935225786868708e-03
4.743935225786868708e-03
4.743935225786868708e-03
4.743935225786868708e-03
4.743935225786868708e-03
4.743935225786868708e-03
8.208674968833824803e-03
8.208674968833824803e-03
8.208674968833824803e-03
2.077555905234738237e-02
2.077555905234738237e-02
2.077555905234738237e-02
1.858980853006189649e-02
2.077555905234738237e-02
2.077555905234738237e-02
2.077555905234738237e-02
2.077555905234738237e-02
2.077555905234738237e-02
6.283190224289628666e-03
1.314954455671898774e-02
1.314954455671898774e-02
1.850504270699947912e-02
1.850504270699947912e-02
1.527210062010618367e-02
3.636227158461973700e-03
3.636227158461973700e-03
3.636227158461973700e-03
3.636227158461973700e-03
3.163363231196330509e-03
3.703243120859823177e-03
3.703243120859823177e-03
3.703243120859823177e-03
3.703243120859823177e-03
1.434305986290536090e-03
4.941593914459376045e-04
3.289159892328158419e-02
2.259192498743877592e-02
2.259192498743877592e-02
2.259192498743877592e-02
9.993771926824865804e-04
9.993771926824865804e-04
0.000000000000000000e+00
0.000000000000000000e+00
0.000000000000000000e+00
0.000000000000000000e+00
0.000000000000000000e+00
0.000000000000000000e+00
0.000000000000000000e+00
1.271318975871336271e-02
1.271318975871336271e-02
1.271318975871336271e-02
1.271318975871336271e-02
3.024796142189651281e-03
0.000000000000000000e+00
0.000000000000000000e+00
0.000000000000000000e+00
0.000000000000000000e+00
1.165038299225722163e-02
2.727210016211779192e-03
2.727210016211779192e-03
2.727210016211779192e-03
1.175380866464119899e-02
1.175380866464119899e-02
1.175380866464119899e-02
1.175380866464119899e-02
1.175380866464119899e-02
0.000000000000000000e+00
2.275949459090915658e-03
2.275949459090915658e-03
2.275949459090915658e-03
2.275949459090915658e-03
0.000000000000000000e+00
2.275949459090915658e-03
2.275949459090915658e-03
5.047486244361348330e-03
1.109664415935324383e-03
1.109664415935324383e-03
2.353975394158875148e-03
1.109664415935324383e-03
4.049142291882594849e-03
8.512724398946298898e-03
8.512724398946298898e-03
8.512724398946298898e-03
8.512724398946298898e-03
3.579081010234524182e-03
3.579081010234524182e-03
3.579081010234524182e-03
3.579081010234524182e-03
3.579081010234524182e-03
3.579081010234524182e-03
3.579081010234524182e-03
3.579081010234524182e-03
3.579081010234524182e-03
3.579081010234524182e-03
3.579081010234524182e-03
1.704707116553564814e-02
1.354791087449767201e-02
1.354791087449767201e-02
1.354791087449767201e-02
1.354791087449767201e-02
1.354791087449767201e-02
1.354791087449767201e-02
1.341691954883390131e-02
6.879580836884876226e-03
6.365810264458379199e-03
2.214139107806404119e-02
2.214139107806404119e-02
1.717176471233854834e-02
2.648742421292831634e-02
1.131120836106407242e-02
1.131120836106407242e-02
1.131120836106407242e-02
1.131120836106407242e-02
1.131120836106407242e-02
1.131120836106407242e-02
1.131120836106407242e-02
1.131120836106407242e-02
2.597946576879591948e-02
2.597946576879591948e-02
0.000000000000000000e+00
0.000000000000000000e+00
1.063130130194224129e-02
1.063130130194224129e-02
1.063130130194224129e-02
1.063130130194224129e-02
1.063130130194224129e-02
1.063130130194224129e-02
1.063130130194224129e-02
1.063130130194224129e-02
1.063130130194224129e-02
1.063130130194224129e-02
1.063130130194224129e-02
0.000000000000000000e+00
0.000000000000000000e+00
0.000000000000000000e+00
0.000000000000000000e+00
0.000000000000000000e+00
0.000000000000000000e+00
0.000000000000000000e+00
0.000000000000000000e+00
4.610750468914442263e-02
2.731401034013765383e-02
2.731401034013765383e-02
2.731401034013765383e-02
4.778665807090041150e-03
1.626038048342592955e-03
1.023315909344399161e-03
1.023315909344399161e-03
1.023315909344399161e-03
1.023315909344399161e-03
1.023315909344399161e-03
1.023315909344399161e-03
1.023315909344399161e-03
1.023315909344399161e-03
1.023315909344399161e-03
1.023315909344399161e-03
1.023315909344399161e-03
1.023315909344399161e-03
1.023315909344399161e-03
1.023315909344399161e-03
1.023315909344399161e-03
1.165038299225722163e-02
1.165038299225722163e-02
1.165038299225722163e-02
1.165038299225722163e-02
1.165038299225722163e-02
1.165038299225722163e-02
1.165038299225722163e-02
8.885817366707047388e-03
1.751253518647285373e-02
1.751253518647285373e-02
1.751253518647285373e-02
1.751253518647285373e-02
0.000000000000000000e+00
0.000000000000000000e+00
0.000000000000000000e+00
0.000000000000000000e+00
0.000000000000000000e+00
0.000000000000000000e+00
0.000000000000000000e+00
1.934467483090594698e-03
1.934467483090594698e-03
2.009311006545381681e-02
1.748961373483798321e-02
1.748961373483798321e-02
1.748961373483798321e-02
1.748961373483798321e-02
3.134276545535866210e-02
1.748961373483798321e-02
0.000000000000000000e+00
0.000000000000000000e+00
0.000000000000000000e+00
3.375685298031332743e-02
3.375685298031332743e-02
3.375685298031332743e-02
3.375685298031332743e-02
3.375685298031332743e-02
3.375685298031332743e-02
3.375685298031332743e-02
3.375685298031332743e-02
3.375685298031332743e-02
3.375685298031332743e-02
3.375685298031332743e-02
3.375685298031332743e-02
3.375685298031332743e-02
3.375685298031332743e-02
8.112444851097298446e-03
2.896889015925130720e-02
2.896889015925130720e-02
2.896889015925130720e-02
2.896889015925130720e-02
2.896889015925130720e-02
2.896889015925130720e-02
2.896889015925130720e-02
2.896889015925130720e-02
3.988676210801194583e-02
4.610750468914442263e-02
4.610750468914442263e-02
4.610750468914442263e-02
6.365810264458379199e-03
1.315456637539274849e-03
2.223976461510966673e-02
8.668954278504233980e-04
8.668954278504233980e-04
8.668954278504233980e-04
8.668954278504233980e-04
8.668954278504233980e-04
8.668954278504233980e-04
5.110433003486964353e-03
5.110433003486964353e-03
5.110433003486964353e-03
5.110433003486964353e-03
5.110433003486964353e-03
5.110433003486964353e-03
5.110433003486964353e-03
5.110433003486964353e-03
3.163363231196330509e-03
1.051820126016232790e-03
1.051820126016232790e-03
1.051820126016232790e-03
1.051820126016232790e-03
1.354936126589158935e-02
1.354936126589158935e-02
4.091515761296311143e-03
2.111090533526517599e-03
2.111090533526517599e-03
2.111090533526517599e-03
2.111090533526517599e-03
2.111090533526517599e-03
2.111090533526517599e-03
2.111090533526517599e-03
2.111090533526517599e-03
9.585748314452709369e-04
3.555563756074323761e-02
3.555563756074323761e-02
3.555563756074323761e-02
3.555563756074323761e-02
0.000000000000000000e+00
0.000000000000000000e+00
0.000000000000000000e+00
0.000000000000000000e+00
0.000000000000000000e+00
0.000000000000000000e+00
1.175309391773022205e-04
1.175309391773022205e-04
1.175309391773022205e-04
1.175309391773022205e-04
1.175309391773022205e-04
1.175309391773022205e-04
1.175309391773022205e-04
1.175309391773022205e-04
1.175309391773022205e-04
1.175309391773022205e-04
2.254898019084419433e-02
4.664518760258955926e-02
4.664518760258955926e-02
4.664518760258955926e-02
4.664518760258955926e-02
4.664518760258955926e-02
4.664518760258955926e-02
4.664518760258955926e-02
1.723622481479136249e-03
2.061803929364712865e-02
2.061803929364712865e-02
2.061803929364712865e-02
2.061803929364712865e-02
2.061803929364712865e-02
2.061803929364712865e-02
2.061803929364712865e-02
2.061803929364712865e-02
8.316696498479806202e-03
6.719018969226021702e-03
1.037575402504758645e-02
1.648848389265254386e-02
1.648848389265254386e-02
1.648848389265254386e-02
1.648848389265254386e-02
1.648848389265254386e-02
1.648848389265254386e-02
1.648848389265254386e-02
3.611942382630791565e-02
3.611942382630791565e-02
3.611942382630791565e-02
3.611942382630791565e-02
1.456281549881571508e-03
0.000000000000000000e+00
0.000000000000000000e+00
2.586129870745763198e-02
2.586129870745763198e-02
2.586129870745763198e-02
8.640810082480663429e-03
2.291060986400413058e-02
2.291060986400413058e-02
2.291060986400413058e-02
2.291060986400413058e-02
2.291060986400413058e-02
2.291060986400413058e-02
2.327306834362182983e-02
8.327186733981995284e-03
1.006170323094405551e-02
8.327186733981995284e-03
8.327186733981995284e-03
8.327186733981995284e-03
2.956386002970003146e-02
2.956386002970003146e-02
2.956386002970003146e-02
1.704707116553564814e-02
1.704707116553564814e-02
1.704707116553564814e-02
1.704707116553564814e-02
2.461525101339356609e-03
6.192354278878893677e-03
6.192354278878893677e-03
1.508659324455800116e-02
1.515482046335645330e-02
0.000000000000000000e+00
0.000000000000000000e+00
6.319000576500106298e-03
6.319000576500106298e-03
6.319000576500106298e-03
4.033189792396293938e-03
6.319000576500106298e-03
6.319000576500106298e-03
6.319000576500106298e-03
4.049142291882594849e-03
2.710634479781277514e-02
2.327306834362182983e-02
5.382570849385264096e-03
7.606250772555151092e-03
7.606250772555151092e-03
7.606250772555151092e-03
7.606250772555151092e-03
7.606250772555151092e-03
7.606250772555151092e-03
2.473368843540434125e-02
2.473368843540434125e-02
2.473368843540434125e-02
2.473368843540434125e-02
3.122521320022715943e-02
2.473368843540434125e-02
2.473368843540434125e-02
0.000000000000000000e+00
0.000000000000000000e+00
0.000000000000000000e+00
0.000000000000000000e+00
0.000000000000000000e+00
0.000000000000000000e+00
0.000000000000000000e+00
0.000000000000000000e+00
0.000000000000000000e+00
1.341691954883390131e-02
1.341691954883390131e-02
1.341691954883390131e-02
1.341691954883390131e-02
1.341691954883390131e-02
1.341691954883390131e-02
1.341691954883390131e-02
1.341691954883390131e-02
1.759313044264007369e-03
1.759730278618556760e-03
1.728200613372955991e-03
1.728200613372955991e-03
1.728200613372955991e-03
1.728200613372955991e-03
1.728200613372955991e-03
1.728200613372955991e-03
1.728200613372955991e-03
1.728200613372955991e-03
6.849319653853233256e-03
1.035904127846535260e-02
1.310389594021452338e-02
1.266422224383415398e-03
1.266422224383415398e-03
4.478390377454552051e-04
4.478390377454552051e-04
4.478390377454552051e-04
4.478390377454552051e-04
4.478390377454552051e-04
4.478390377454552051e-04
1.641037213806121817e-02
1.641037213806121817e-02
1.641037213806121817e-02
1.641037213806121817e-02
4.340788950648794692e-02
8.079567817508249705e-01
7.959938985538253520e-02
8.079567817508249705e-01
6.804406873124933287e-03
6.804406873124933287e-03
1.510880007463301714e-02
0.000000000000000000e+00
0.000000000000000000e+00
0.000000000000000000e+00
0.000000000000000000e+00
8.223167669328713958e-03
8.223167669328713958e-03
2.439275290853658643e-02
2.439275290853658643e-02
2.439275290853658643e-02
2.439275290853658643e-02
2.439275290853658643e-02
2.439275290853658643e-02
2.439275290853658643e-02
2.439275290853658643e-02
3.352449965793326270e-02
0.000000000000000000e+00
1.672405387579991090e-02
2.447136760959031654e-02
2.447136760959031654e-02
2.447136760959031654e-02
2.447136760959031654e-02
2.447136760959031654e-02
2.447136760959031654e-02
2.447136760959031654e-02
2.447136760959031654e-02
2.447136760959031654e-02
2.447136760959031654e-02
8.214617521639306415e-04
8.214617521639306415e-04
8.214617521639306415e-04
1.432934352163810904e-02
2.189366967047547119e-04
2.189366967047547119e-04
2.189366967047547119e-04
2.189366967047547119e-04
2.189366967047547119e-04
2.189366967047547119e-04
2.189366967047547119e-04
2.189366967047547119e-04
2.189366967047547119e-04
2.189366967047547119e-04
2.189366967047547119e-04
2.189366967047547119e-04
1.138293923699390010e-02
4.241645287159857142e-03
4.241645287159857142e-03
4.241645287159857142e-03
4.241645287159857142e-03
2.164999901646808694e-02
2.164999901646808694e-02
2.177587015258515210e-02
2.177587015258515210e-02
2.177587015258515210e-02
1.235050208826700413e-02
3.915546641934273750e-03
3.915546641934273750e-03
6.349662891605997207e-03
3.915546641934273750e-03
3.915546641934273750e-03
3.915546641934273750e-03
3.915546641934273750e-03
3.915546641934273750e-03
0.000000000000000000e+00
0.000000000000000000e+00
2.299931352572197676e-02
2.807419263202135667e-02
2.299931352572197676e-02
2.807419263202135667e-02
2.807419263202135667e-02
2.807419263202135667e-02
2.807419263202135667e-02
3.317695228173292432e-02
5.512848179518806818e-03
5.512848179518806818e-03
5.512848179518806818e-03
5.512848179518806818e-03
5.512848179518806818e-03
5.512848179518806818e-03
5.512848179518806818e-03
5.512848179518806818e-03
5.512848179518806818e-03
5.512848179518806818e-03
2.559671482202851428e-02
1.561596097331268383e-02
1.561596097331268383e-02
1.561596097331268383e-02
1.561596097331268383e-02
1.561596097331268383e-02
1.561596097331268383e-02
2.357106018330546587e-03
2.357106018330546587e-03
2.357106018330546587e-03
2.357106018330546587e-03
3.289159892328158419e-02
1.717176471233854834e-02
4.828662540429288184e-03
4.828662540429288184e-03
4.828662540429288184e-03
4.098771182307810201e-04
2.269737234316552416e-02
2.269737234316552416e-02
0.000000000000000000e+00
0.000000000000000000e+00
1.723622481479136249e-03
3.694251795738527112e-03
9.278834103084918766e-03
9.278834103084918766e-03
9.278834103084918766e-03
9.278834103084918766e-03
9.278834103084918766e-03
9.278834103084918766e-03
1.872390203402362827e-02
1.458283570551850011e-02
1.458283570551850011e-02
3.836126111409109401e-03
8.637707418968906120e-03
8.637707418968906120e-03
2.409108662504290399e-02
1.426560898882179435e-02
2.685007088210740120e-02
2.685007088210740120e-02
6.527527312650887800e-04
6.527527312650887800e-04
1.872390203402362827e-02
1.872390203402362827e-02
1.872390203402362827e-02
9.106584350343812154e-03
9.172396499255509525e-03
9.172396499255509525e-03
1.360960978487330865e-02
1.360960978487330865e-02
1.360960978487330865e-02
1.360960978487330865e-02
7.365989304259177618e-03
1.613214392620851076e-02
1.613214392620851076e-02
1.043294679159388616e-03
5.526572401138169985e-03
5.526572401138169985e-03
5.526572401138169985e-03
5.526572401138169985e-03
2.883902607532639814e-02
2.883902607532639814e-02
6.365810264458379199e-03
6.365810264458379199e-03
6.365810264458379199e-03
8.245480411420744171e-03
8.245480411420744171e-03
8.245480411420744171e-03
8.245480411420744171e-03
8.245480411420744171e-03
8.245480411420744171e-03
2.514971026376892210e-02
1.956362491335352644e-02
1.956362491335352644e-02
1.956362491335352644e-02
1.956362491335352644e-02
1.510341719135008427e-02
1.066442853452951261e-04
1.066442853452951261e-04
1.066442853452951261e-04
1.066442853452951261e-04
1.066442853452951261e-04
1.066442853452951261e-04
1.066442853452951261e-04
1.066442853452951261e-04
0.000000000000000000e+00
0.000000000000000000e+00
4.570795830428735218e-03
8.990669739756184872e-03
2.006478693240973388e-02
0.000000000000000000e+00
0.000000000000000000e+00
2.353975394158875148e-03
2.353975394158875148e-03
2.353975394158875148e-03
4.626321632558387693e-03
8.214034837864099547e-03
8.214034837864099547e-03
8.214034837864099547e-03
8.214034837864099547e-03
4.110790701726516755e-03
2.883693269279418749e-03
2.883693269279418749e-03
2.883693269279418749e-03
2.883693269279418749e-03
4.801622643823681182e-03
3.269719077899741269e-03
6.792081986101143609e-03
5.884734640752934190e-03
5.884734640752934190e-03
5.884734640752934190e-03
5.884734640752934190e-03
5.884734640752934190e-03
5.884734640752934190e-03
5.884734640752934190e-03
5.884734640752934190e-03
5.884734640752934190e-03
5.884734640752934190e-03
6.133519018543942894e-03
3.342864748227186017e-03
2.278159791648687663e-02
1.135723008722083760e-02
1.708679203818390044e-02
7.946739479976025478e-03
7.946739479976025478e-03
7.946739479976025478e-03
7.946739479976025478e-03
7.946739479976025478e-03
7.946739479976025478e-03
7.946739479976025478e-03
7.946739479976025478e-03
1.114070663787723736e-02
1.114070663787723736e-02
0.000000000000000000e+00
8.607878208643053586e-03
8.607878208643053586e-03
8.607878208643053586e-03
2.635401681899027584e-03
6.718627190051080361e-03
6.718627190051080361e-03
0.000000000000000000e+00
0.000000000000000000e+00
0.000000000000000000e+00
0.000000000000000000e+00
5.382570849385264096e-03
5.382570849385264096e-03
5.382570849385264096e-03
5.382570849385264096e-03
4.007834273613711945e-02
2.254898019084419433e-02
2.254898019084419433e-02
2.254898019084419433e-02
2.254898019084419433e-02
2.254898019084419433e-02
2.254898019084419433e-02
2.254898019084419433e-02
4.024704841637744696e-02
4.067449941229619309e-02
5.635610415247915839e-02
5.529300345225957210e-03
5.529300345225957210e-03
5.529300345225957210e-03
5.529300345225957210e-03
5.529300345225957210e-03
5.529300345225957210e-03
5.529300345225957210e-03
5.529300345225957210e-03
5.529300345225957210e-03
5.529300345225957210e-03
3.635908640504515506e-03
1.164290556841668161e-03
1.164290556841668161e-03
1.164290556841668161e-03
1.164290556841668161e-03
1.164290556841668161e-03
1.164290556841668161e-03
1.164290556841668161e-03
1.164290556841668161e-03
4.801622643823681182e-03
4.801622643823681182e-03
4.785494304838012330e-02
4.785494304838012330e-02
4.785494304838012330e-02
4.785494304838012330e-02
4.785494304838012330e-02
4.785494304838012330e-02
1.426560898882179435e-02
3.212330119533245154e-02
3.212330119533245154e-02
3.212330119533245154e-02
3.212330119533245154e-02
3.212330119533245154e-02
2.278159791648687663e-02
2.278159791648687663e-02
1.545667185915975197e-02
1.545667185915975197e-02
1.434305986290536090e-03
1.434305986290536090e-03
5.091353914599596429e-03
4.069809901867538736e-03
4.069809901867538736e-03
4.069809901867538736e-03
4.069809901867538736e-03
2.784575724888323570e-02
1.713195181482932497e-02
1.713195181482932497e-02
1.713195181482932497e-02
1.713195181482932497e-02
1.713195181482932497e-02
1.713195181482932497e-02
3.320141355679835649e-02
3.320141355679835649e-02
3.320141355679835649e-02
3.320141355679835649e-02
3.320141355679835649e-02
2.005873266343845447e-03
2.005873266343845447e-03
2.005873266343845447e-03
2.005873266343845447e-03
0.000000000000000000e+00
5.573613501691164138e-03
5.573613501691164138e-03
5.573613501691164138e-03
5.573613501691164138e-03
5.573613501691164138e-03
5.573613501691164138e-03
2.635401681899027584e-03
1.650423013007501841e-02
1.650423013007501841e-02
1.650423013007501841e-02
1.650423013007501841e-02
1.650423013007501841e-02
1.650423013007501841e-02
1.650423013007501841e-02
1.650423013007501841e-02
1.650423013007501841e-02
1.650423013007501841e-02
2.491123013513816056e-02
4.924041627228426844e-03
4.924041627228426844e-03
1.940438379281924849e-02
1.940438379281924849e-02
1.940438379281924849e-02
1.940438379281924849e-02
2.953581170137857190e-03
2.953581170137857190e-03
2.953581170137857190e-03
2.953581170137857190e-03
1.043294679159388616e-03
1.043294679159388616e-03
1.043294679159388616e-03
1.043294679159388616e-03
1.043294679159388616e-03
1.043294679159388616e-03
1.043294679159388616e-03
1.043294679159388616e-03
0.000000000000000000e+00
0.000000000000000000e+00
0.000000000000000000e+00
0.000000000000000000e+00
0.000000000000000000e+00
0.000000000000000000e+00
0.000000000000000000e+00
1.162167841629230605e-02
1.273677976023913049e-02
1.273677976023913049e-02
1.273677976023913049e-02
1.273677976023913049e-02
1.273677976023913049e-02
1.273677976023913049e-02
1.273677976023913049e-02
1.273677976023913049e-02
5.906420487313901804e-03
5.906420487313901804e-03
5.906420487313901804e-03
5.906420487313901804e-03
5.906420487313901804e-03
5.906420487313901804e-03
5.906420487313901804e-03
5.906420487313901804e-03
5.906420487313901804e-03
5.906420487313901804e-03
5.906420487313901804e-03
5.906420487313901804e-03
5.906420487313901804e-03
5.906420487313901804e-03
5.906420487313901804e-03
5.906420487313901804e-03
5.906420487313901804e-03
5.906420487313901804e-03
5.906420487313901804e-03
5.906420487313901804e-03
5.906420487313901804e-03
1.804754404722945169e-02
1.804754404722945169e-02
3.724450077465667371e-03
1.521678673406633847e-02
0.000000000000000000e+00
2.389535679747702493e-02
2.899267694627187877e-03
3.308997350431688161e-02
0.000000000000000000e+00
0.000000000000000000e+00
0.000000000000000000e+00
0.000000000000000000e+00
2.635401681899027584e-03
1.311775207721826465e-02
6.252120960991115577e-03
6.354328266420302719e-03
6.354328266420302719e-03
6.354328266420302719e-03
6.354328266420302719e-03
8.316696498479806202e-03
0.000000000000000000e+00
0.000000000000000000e+00
6.406300420913827419e-03
4.161536248662773174e-04
4.161536248662773174e-04
4.161536248662773174e-04
4.161536248662773174e-04
4.161536248662773174e-04
4.161536248662773174e-04
4.161536248662773174e-04
4.161536248662773174e-04
3.724450077465667371e-03
3.724450077465667371e-03
3.724450077465667371e-03
3.724450077465667371e-03
3.724450077465667371e-03
3.724450077465667371e-03
3.724450077465667371e-03
3.724450077465667371e-03
1.040919935611731711e-02
1.040919935611731711e-02
1.040919935611731711e-02
1.582127564239653797e-02
8.269021440602644310e-03
8.269021440602644310e-03
8.269021440602644310e-03
8.269021440602644310e-03
1.672711828236450940e-02
1.672711828236450940e-02
1.672711828236450940e-02
1.672711828236450940e-02
1.432934352163810904e-02
1.432934352163810904e-02
1.432934352163810904e-02
1.432934352163810904e-02
1.432934352163810904e-02
1.432934352163810904e-02
1.296101093716628232e-02
1.044076504238277379e-02
1.310389594021452338e-02
1.310389594021452338e-02
1.310389594021452338e-02
1.310389594021452338e-02
1.310389594021452338e-02
1.310389594021452338e-02
1.310389594021452338e-02
1.310389594021452338e-02
1.305421706201012784e-02
8.482545132005634911e-03
8.482545132005634911e-03
8.482545132005634911e-03
8.732467228194434536e-03
3.649766954254590051e-02
3.649766954254590051e-02
0.000000000000000000e+00
0.000000000000000000e+00
0.000000000000000000e+00
0.000000000000000000e+00
0.000000000000000000e+00
0.000000000000000000e+00
0.000000000000000000e+00
0.000000000000000000e+00
0.000000000000000000e+00
0.000000000000000000e+00
0.000000000000000000e+00
0.000000000000000000e+00
2.461525101339356609e-03
8.410282199636295170e-03
1.560873088551646692e-02
1.560873088551646692e-02
2.415674347507125799e-02
2.354210773916470475e-02
2.354210773916470475e-02
2.354210773916470475e-02
2.354210773916470475e-02
2.354210773916470475e-02
2.354210773916470475e-02
9.087102331552496942e-03
4.340788950648794692e-02
4.340788950648794692e-02
0.000000000000000000e+00
0.000000000000000000e+00
1.858980853006189649e-02
1.510341719135008427e-02
1.861536464079711559e-02
1.861536464079711559e-02
0.000000000000000000e+00
0.000000000000000000e+00
0.000000000000000000e+00
0.000000000000000000e+00
0.000000000000000000e+00
0.000000000000000000e+00
0.000000000000000000e+00
0.000000000000000000e+00
1.353669195761583559e-02
0.000000000000000000e+00
0.000000000000000000e+00
9.943304970312932464e-03
1.845422899982782734e-03
1.845422899982782734e-03
2.223601722704813925e-03
1.213734758608926018e-02
1.213734758608926018e-02
1.213734758608926018e-02
1.213734758608926018e-02
1.213734758608926018e-02
1.213734758608926018e-02
1.213734758608926018e-02
1.213734758608926018e-02
1.213734758608926018e-02
1.213734758608926018e-02
1.213734758608926018e-02
2.839498176761845114e-02
2.369268183992536900e-02
2.369268183992536900e-02
2.369268183992536900e-02
2.369268183992536900e-02
2.369268183992536900e-02
2.369268183992536900e-02
2.369268183992536900e-02
2.369268183992536900e-02
2.369268183992536900e-02
2.369268183992536900e-02
2.369268183992536900e-02
2.369268183992536900e-02
2.369268183992536900e-02
2.369268183992536900e-02
2.691416650165676799e-03
6.077680289312862097e-03
6.077680289312862097e-03
6.077680289312862097e-03
6.077680289312862097e-03
6.077680289312862097e-03
6.077680289312862097e-03
6.077680289312862097e-03
6.077680289312862097e-03
6.077680289312862097e-03
6.077680289312862097e-03
6.077680289312862097e-03
6.077680289312862097e-03
6.077680289312862097e-03
6.077680289312862097e-03
0.000000000000000000e+00
0.000000000000000000e+00
0.000000000000000000e+00
0.000000000000000000e+00
7.754064631386440275e-03
7.754064631386440275e-03
7.754064631386440275e-03
7.754064631386440275e-03
7.754064631386440275e-03
7.754064631386440275e-03
0.000000000000000000e+00
1.216664037118069322e-02
1.216664037118069322e-02
0.000000000000000000e+00
0.000000000000000000e+00
0.000000000000000000e+00
0.000000000000000000e+00
0.000000000000000000e+00
0.000000000000000000e+00
0.000000000000000000e+00
0.000000000000000000e+00
0.000000000000000000e+00
1.015915011197857445e-02
1.015915011197857445e-02
1.015915011197857445e-02
1.015915011197857445e-02
8.702460998022043450e-04
8.702460998022043450e-04
8.702460998022043450e-04
8.702460998022043450e-04
8.702460998022043450e-04
8.702460998022043450e-04
1.010235905109039579e-02
6.406300420913827419e-03
6.406300420913827419e-03
6.406300420913827419e-03
1.493405914128116685e-02
1.493405914128116685e-02
1.493405914128116685e-02
1.493405914128116685e-02
1.493405914128116685e-02
2.436847360368827112e-02
1.493405914128116685e-02
5.566739807586131017e-03
5.566739807586131017e-03
5.566739807586131017e-03
5.566739807586131017e-03
5.566739807586131017e-03
5.566739807586131017e-03
5.566739807586131017e-03
5.566739807586131017e-03
0.000000000000000000e+00
0.000000000000000000e+00
0.000000000000000000e+00
1.037575402504758645e-02
1.037575402504758645e-02
1.037575402504758645e-02
1.037575402504758645e-02
1.037575402504758645e-02
1.037575402504758645e-02
1.037575402504758645e-02
7.514466640024841312e-03
1.058772170226359062e-02
1.058772170226359062e-02
1.058772170226359062e-02
1.058772170226359062e-02
1.058772170226359062e-02
1.058772170226359062e-02
1.515482046335645330e-02
1.515482046335645330e-02
1.515482046335645330e-02
1.515482046335645330e-02
1.515482046335645330e-02
1.515482046335645330e-02
1.515482046335645330e-02
1.515482046335645330e-02
0.000000000000000000e+00
9.441643358255168150e-03
9.441643358255168150e-03
9.441643358255168150e-03
9.441643358255168150e-03
9.441643358255168150e-03
9.441643358255168150e-03
9.441643358255168150e-03
9.441643358255168150e-03
9.441643358255168150e-03
9.441643358255168150e-03
3.428159813282102646e-04
4.662026488836745058e-03
4.662026488836745058e-03
4.662026488836745058e-03
4.662026488836745058e-03
1.558380647099177722e-02
1.558380647099177722e-02
1.906184112529742987e-05
3.327480121261288618e-03
3.327480121261288618e-03
2.190740444236961501e-03
2.190740444236961501e-03
2.190740444236961501e-03
2.190740444236961501e-03
8.446879027735778103e-03
2.389535679747702493e-02
2.389535679747702493e-02
1.591261819249539149e-03
1.591261819249539149e-03
1.591261819249539149e-03
1.591261819249539149e-03
1.591261819249539149e-03
1.591261819249539149e-03
1.591261819249539149e-03
1.591261819249539149e-03
1.591261819249539149e-03
1.591261819249539149e-03
1.605909058137906451e-02
1.605909058137906451e-02
1.998875130113954637e-02
1.714521840310591350e-02
1.714521840310591350e-02
1.714521840310591350e-02
1.714521840310591350e-02
1.714521840310591350e-02
1.714521840310591350e-02
1.714521840310591350e-02
1.714521840310591350e-02
2.431088478509936188e-02
2.431088478509936188e-02
0.000000000000000000e+00
0.000000000000000000e+00
1.984704761810627757e-02
1.984704761810627757e-02
6.413474535737871338e-03
6.413474535737871338e-03
6.413474535737871338e-03
6.413474535737871338e-03
6.413474535737871338e-03
6.413474535737871338e-03
6.413474535737871338e-03
6.413474535737871338e-03
3.266880400760283770e-02
3.283467322471193134e-02
3.283467322471193134e-02
0.000000000000000000e+00
0.000000000000000000e+00
0.000000000000000000e+00
0.000000000000000000e+00
2.414055794533975091e-02
2.206467190440644308e-02
0.000000000000000000e+00
2.113341756755271472e-02
2.113341756755271472e-02
2.113341756755271472e-02
2.113341756755271472e-02
2.113341756755271472e-02
2.113341756755271472e-02
2.113341756755271472e-02
2.113341756755271472e-02
2.113341756755271472e-02
2.113341756755271472e-02
1.483851849953632222e-02
1.483851849953632222e-02
1.483851849953632222e-02
1.483851849953632222e-02
4.913853435598076851e-03
4.913853435598076851e-03
3.988676210801194583e-02
3.988676210801194583e-02
3.988676210801194583e-02
3.168370618280496025e-03
5.278660931808949047e-02
5.278660931808949047e-02
5.278660931808949047e-02
5.278660931808949047e-02
5.278660931808949047e-02
5.278660931808949047e-02
8.101276903242001295e-03
8.101276903242001295e-03
3.572621366419442748e-03
3.572621366419442748e-03
9.879090428471815413e-03
9.879090428471815413e-03
9.879090428471815413e-03
4.019324747432221484e-03
7.087728065360790301e-03
3.184032914171820109e-03
0.000000000000000000e+00
0.000000000000000000e+00
9.928168575140323623e-03
9.210252517129107266e-03
9.210252517129107266e-03
9.210252517129107266e-03
4.881936568857106473e-02
4.169374850830931747e-03
4.169374850830931747e-03
3.776745163969225105e-02
8.607498485517485476e-03
8.607498485517485476e-03
8.607498485517485476e-03
8.607498485517485476e-03
8.607498485517485476e-03
8.607498485517485476e-03
8.607498485517485476e-03
8.607498485517485476e-03
0.000000000000000000e+00
0.000000000000000000e+00
2.811170155739532023e-02
2.811170155739532023e-02
2.811170155739532023e-02
2.811170155739532023e-02
2.811170155739532023e-02
2.811170155739532023e-02
2.811170155739532023e-02
2.811170155739532023e-02
2.811170155739532023e-02
2.811170155739532023e-02
2.811170155739532023e-02
2.811170155739532023e-02
2.811170155739532023e-02
2.811170155739532023e-02
2.811170155739532023e-02
1.138699961409271079e-02
1.138699961409271079e-02
1.138699961409271079e-02
1.138699961409271079e-02
1.138699961409271079e-02
1.138699961409271079e-02
1.138699961409271079e-02
1.138699961409271079e-02
3.062438413254301925e-02
3.062438413254301925e-02
0.000000000000000000e+00
3.062438413254301925e-02
3.062438413254301925e-02
3.062438413254301925e-02
6.770173628115695730e-03
6.926284208858152561e-03
6.926284208858152561e-03
6.926284208858152561e-03
6.926284208858152561e-03
6.926284208858152561e-03
6.926284208858152561e-03
6.926284208858152561e-03
6.926284208858152561e-03
8.640810082480663429e-03
8.640810082480663429e-03
8.640810082480663429e-03
8.640810082480663429e-03
8.640810082480663429e-03
8.640810082480663429e-03
3.803841362892109671e-03
3.803841362892109671e-03
1.583241144805809866e-02
3.599305815692460317e-03
3.599305815692460317e-03
1.591561738950959815e-02
5.091353914599596429e-03
1.043898865285509958e-02
0.000000000000000000e+00
8.165116770340463334e-03
8.165116770340463334e-03
8.165116770340463334e-03
8.165116770340463334e-03
8.165116770340463334e-03
8.165116770340463334e-03
8.165116770340463334e-03
8.165116770340463334e-03
8.165116770340463334e-03
8.165116770340463334e-03
8.165116770340463334e-03
8.165116770340463334e-03
1.661439504577498939e-03
1.661439504577498939e-03
1.510880007463301714e-02
4.019324747432221484e-03
9.678991938542387541e-03
9.678991938542387541e-03
2.132481502180508595e-02
2.132481502180508595e-02
3.135812814309583973e-02
2.107201971182639036e-02
1.510880007463301714e-02
1.341967763919111028e-04
1.963470261222283533e-02
1.340077864048179294e-02
1.340077864048179294e-02
1.340077864048179294e-02
8.990669739756184872e-03
8.990669739756184872e-03
8.990669739756184872e-03
8.990669739756184872e-03
1.047832496812834552e-02
1.437841356521531860e-02
1.043898865285509958e-02
1.043898865285509958e-02
1.043898865285509958e-02
1.043898865285509958e-02
1.043898865285509958e-02
1.527210062010618367e-02
1.527210062010618367e-02
1.527210062010618367e-02
0.000000000000000000e+00
0.000000000000000000e+00
1.937849890553305574e-02
1.937849890553305574e-02
0.000000000000000000e+00
0.000000000000000000e+00
0.000000000000000000e+00
0.000000000000000000e+00
0.000000000000000000e+00
0.000000000000000000e+00
9.386084097283120195e-03
9.386084097283120195e-03
9.386084097283120195e-03
9.386084097283120195e-03
9.386084097283120195e-03
9.386084097283120195e-03
1.540342474050002131e-02
1.540342474050002131e-02
1.431789732276837410e-03
1.431789732276837410e-03
1.431789732276837410e-03
1.431789732276837410e-03
1.431789732276837410e-03
1.431789732276837410e-03
3.317695228173292432e-02
5.472013319056000767e-03
5.472013319056000767e-03
0.000000000000000000e+00
0.000000000000000000e+00
0.000000000000000000e+00
0.000000000000000000e+00
3.620195845064273082e-02
1.047832496812834552e-02
8.973707439790434143e-03
8.973707439790434143e-03
8.973707439790434143e-03
8.973707439790434143e-03
8.973707439790434143e-03
8.973707439790434143e-03
5.806357111013130817e-03
2.178774947335338982e-02
2.178774947335338982e-02
6.349662891605997207e-03
6.349662891605997207e-03
0.000000000000000000e+00
6.031887874283737086e-03
6.031887874283737086e-03
6.031887874283737086e-03
6.031887874283737086e-03
6.031887874283737086e-03
6.031887874283737086e-03
6.031887874283737086e-03
6.031887874283737086e-03
1.743988197473062343e-02
3.611849647879381963e-03
3.611849647879381963e-03
3.154547887770669384e-02
3.154547887770669384e-02
3.154547887770669384e-02
3.154547887770669384e-02
6.849319653853233256e-03
6.849319653853233256e-03
6.849319653853233256e-03
6.849319653853233256e-03
1.411140648785675668e-02
1.411140648785675668e-02
4.016126637622047940e-02
4.016126637622047940e-02
4.016126637622047940e-02
4.016126637622047940e-02
0.000000000000000000e+00
0.000000000000000000e+00
0.000000000000000000e+00
0.000000000000000000e+00
1.750231344594355143e-02
1.750231344594355143e-02
6.133519018543942894e-03
6.133519018543942894e-03
1.583241144805809866e-02
1.583241144805809866e-02
1.583241144805809866e-02
1.583241144805809866e-02
1.583241144805809866e-02
1.583241144805809866e-02
1.583241144805809866e-02
1.583241144805809866e-02
0.000000000000000000e+00
0.000000000000000000e+00
0.000000000000000000e+00
0.000000000000000000e+00
6.353267224373097474e-03
0.000000000000000000e+00
0.000000000000000000e+00
0.000000000000000000e+00
0.000000000000000000e+00
6.353267224373097474e-03
4.957900837485389959e-04
4.957900837485389959e-04
4.957900837485389959e-04
4.957900837485389959e-04
4.957900837485389959e-04
4.957900837485389959e-04
4.957900837485389959e-04
4.957900837485389959e-04
4.957900837485389959e-04
4.957900837485389959e-04
1.759494670682599030e-02
1.759494670682599030e-02
1.759313044264007369e-03
1.759313044264007369e-03
1.759313044264007369e-03
1.759313044264007369e-03
1.759313044264007369e-03
1.759313044264007369e-03
1.478189556473455055e-02
1.963470261222283533e-02
2.556459273985518463e-02
2.556459273985518463e-02
8.851147524669623901e-03
8.851147524669623901e-03
8.851147524669623901e-03
8.851147524669623901e-03
8.851147524669623901e-03
8.851147524669623901e-03
8.851147524669623901e-03
8.851147524669623901e-03
8.851147524669623901e-03
8.851147524669623901e-03
8.851147524669623901e-03
8.851147524669623901e-03
8.851147524669623901e-03
8.851147524669623901e-03
8.851147524669623901e-03
8.851147524669623901e-03
1.899286491168770616e-02
1.202757199130919351e-02
1.202757199130919351e-02
0.000000000000000000e+00
0.000000000000000000e+00
3.687894563537757846e-03
3.687894563537757846e-03
3.687894563537757846e-03
3.535916385316116572e-02
3.535916385316116572e-02
1.906184112529742987e-05
1.906184112529742987e-05
1.906184112529742987e-05
1.906184112529742987e-05
1.906184112529742987e-05
1.906184112529742987e-05
1.906184112529742987e-05
1.174926807768179784e-03
1.174926807768179784e-03
0.000000000000000000e+00
3.163363231196330509e-03
3.163363231196330509e-03
3.163363231196330509e-03
8.473281934215171410e-03
0.000000000000000000e+00
0.000000000000000000e+00
0.000000000000000000e+00
0.000000000000000000e+00
0.000000000000000000e+00
1.579866816976796193e-02
0.000000000000000000e+00
0.000000000000000000e+00
9.259312730561273380e-03
1.584805404991257091e-02
1.584805404991257091e-02
8.316696498479806202e-03
3.385147489210829641e-02
2.675906725615122619e-02
2.675906725615122619e-02
2.675906725615122619e-02
2.675906725615122619e-02
2.675906725615122619e-02
2.675906725615122619e-02
2.675906725615122619e-02
2.675906725615122619e-02
2.675906725615122619e-02
2.675906725615122619e-02
2.675906725615122619e-02
2.675906725615122619e-02
2.675906725615122619e-02
2.675906725615122619e-02
2.675906725615122619e-02
2.675906725615122619e-02
2.675906725615122619e-02
2.675906725615122619e-02
1.095904673576475301e-02
1.095904673576475301e-02
1.095904673576475301e-02
1.095904673576475301e-02
6.393898544400368825e-03
2.366618548248797076e-03
2.366618548248797076e-03
2.366618548248797076e-03
2.366618548248797076e-03
2.366618548248797076e-03
2.366618548248797076e-03
2.100067297536549601e-04
1.494445539908108994e-02
1.494445539908108994e-02
1.502609034191603188e-01
1.494445539908108994e-02
1.426169608659095395e-02
4.588331832683186645e-02
4.588331832683186645e-02
8.891383897827658889e-04
1.147053970717422378e-02
1.147053970717422378e-02
1.147053970717422378e-02
5.738672715595226348e-02
5.738672715595226348e-02
0.000000000000000000e+00
3.967826911317194616e-02
3.967826911317194616e-02
1.137522548018821134e-02
2.999545834312458150e-04
2.999545834312458150e-04
2.999545834312458150e-04
2.999545834312458150e-04
2.879510632061439267e-03
2.879510632061439267e-03
2.879510632061439267e-03
2.879510632061439267e-03
2.879510632061439267e-03
2.879510632061439267e-03
0.000000000000000000e+00
7.095042188027748942e-03
7.095042188027748942e-03
7.095042188027748942e-03
7.095042188027748942e-03
7.095042188027748942e-03
7.095042188027748942e-03
1.582127564239653797e-02
4.370735081802697153e-03
4.370735081802697153e-03
4.370735081802697153e-03
1.880179632213808266e-02
0.000000000000000000e+00
1.106796264365182171e-02
1.353669195761583559e-02
4.091515761296311143e-03
4.091515761296311143e-03
4.091515761296311143e-03
4.091515761296311143e-03
4.091515761296311143e-03
4.091515761296311143e-03
4.091515761296311143e-03
4.091515761296311143e-03
0.000000000000000000e+00
0.000000000000000000e+00
0.000000000000000000e+00
3.004457796191983745e-03
3.004457796191983745e-03
3.004457796191983745e-03
3.004457796191983745e-03
3.004457796191983745e-03
3.004457796191983745e-03
3.004457796191983745e-03
3.004457796191983745e-03
3.004457796191983745e-03
3.004457796191983745e-03
3.004457796191983745e-03
3.004457796191983745e-03
3.004457796191983745e-03
3.004457796191983745e-03
3.004457796191983745e-03
3.004457796191983745e-03
0.000000000000000000e+00
0.000000000000000000e+00
0.000000000000000000e+00
0.000000000000000000e+00
1.645461070787033325e-02
2.658259022520554835e-02
2.658259022520554835e-02
2.018611044231850837e-03
2.018611044231850837e-03
2.018611044231850837e-03
2.018611044231850837e-03
2.018611044231850837e-03
1.178073361141257925e-03
2.018611044231850837e-03
0.000000000000000000e+00
0.000000000000000000e+00
0.000000000000000000e+00
5.128816888375109170e-03
4.549621179397068602e-03
4.549621179397068602e-03
5.043772594362020724e-03
5.043772594362020724e-03
5.043772594362020724e-03
5.043772594362020724e-03
5.043772594362020724e-03
5.043772594362020724e-03
1.062903306606916010e-02
1.454498458965295185e-02
1.454498458965295185e-02
0.000000000000000000e+00
0.000000000000000000e+00
4.509569877003649988e-03
4.509569877003649988e-03
0.000000000000000000e+00
0.000000000000000000e+00
0.000000000000000000e+00
0.000000000000000000e+00
0.000000000000000000e+00
4.134020958708363100e-03
4.805414892761232168e-04
3.735344704016758336e-03
1.161573777166366103e-02
1.161573777166366103e-02
1.161573777166366103e-02
1.161573777166366103e-02
1.161573777166366103e-02
1.161573777166366103e-02
1.161573777166366103e-02
1.161573777166366103e-02
1.161573777166366103e-02
1.161573777166366103e-02
1.161573777166366103e-02
1.161573777166366103e-02
3.024796142189651281e-03
3.024796142189651281e-03
3.024796142189651281e-03
3.024796142189651281e-03
3.024796142189651281e-03
3.024796142189651281e-03
5.128816888375109170e-03
5.128816888375109170e-03
5.128816888375109170e-03
5.128816888375109170e-03
5.128816888375109170e-03
5.128816888375109170e-03
5.128816888375109170e-03
5.128816888375109170e-03
1.185747395744498646e-02
5.498366406117082862e-03
5.498366406117082862e-03
1.062903306606916010e-02
1.062903306606916010e-02
1.062903306606916010e-02
0.000000000000000000e+00
0.000000000000000000e+00
1.550483772594475444e-02
1.550483772594475444e-02
1.550483772594475444e-02
1.550483772594475444e-02
3.103065713963105987e-03
3.103065713963105987e-03
3.103065713963105987e-03
3.103065713963105987e-03
1.241397950308724234e-02
0.000000000000000000e+00
0.000000000000000000e+00
6.331705762667438724e-03
3.601722393543796419e-02
3.601722393543796419e-02
6.879869973990922899e-03
3.944150979141595494e-03
3.681113248239895747e-02
4.729100848847853956e-03
4.729100848847853956e-03
4.729100848847853956e-03
4.729100848847853956e-03
4.729100848847853956e-03
4.729100848847853956e-03
4.729100848847853956e-03
4.729100848847853956e-03
4.729100848847853956e-03
4.729100848847853956e-03
4.729100848847853956e-03
4.729100848847853956e-03
1.562489442317502135e-02
1.264002569524457290e-02
1.264002569524457290e-02
8.201849465753616869e-03
2.234610475137380984e-03
2.234610475137380984e-03
2.234610475137380984e-03
2.234610475137380984e-03
2.314255713982563481e-02
2.314255713982563481e-02
2.691416650165676799e-03
1.158633278460131748e-02
1.158633278460131748e-02
1.158633278460131748e-02
1.158633278460131748e-02
5.452419288415869978e-04
0.000000000000000000e+00
0.000000000000000000e+00
0.000000000000000000e+00
0.000000000000000000e+00
0.000000000000000000e+00
0.000000000000000000e+00
0.000000000000000000e+00
0.000000000000000000e+00
5.452419288415869978e-04
5.452419288415869978e-04
7.465832016672674029e-03
7.465832016672674029e-03
1.858322251692226881e-02
1.858322251692226881e-02
7.870059469621697862e-03
6.227709775308502838e-03
6.227709775308502838e-03
6.227709775308502838e-03
0.000000000000000000e+00
7.849286847638047016e-03
7.849286847638047016e-03
7.505852436379898719e-03
7.505852436379898719e-03
7.505852436379898719e-03
7.505852436379898719e-03
7.505852436379898719e-03
7.505852436379898719e-03
7.505852436379898719e-03
7.505852436379898719e-03
7.505852436379898719e-03
7.505852436379898719e-03
3.352449965793326270e-02
2.223939024697298844e-02
2.223939024697298844e-02
5.934320350136291361e-03
2.425497215671059987e-03
2.204521745638934188e-02
2.204521745638934188e-02
0.000000000000000000e+00
0.000000000000000000e+00
0.000000000000000000e+00
0.000000000000000000e+00
4.134020958708363100e-03
1.071157671602405125e-02
1.071157671602405125e-02
0.000000000000000000e+00
0.000000000000000000e+00
0.000000000000000000e+00
0.000000000000000000e+00
0.000000000000000000e+00
0.000000000000000000e+00
0.000000000000000000e+00
0.000000000000000000e+00
0.000000000000000000e+00
0.000000000000000000e+00
0.000000000000000000e+00
0.000000000000000000e+00
0.000000000000000000e+00
5.934320350136291361e-03
1.658054333651876391e-02
0.000000000000000000e+00
0.000000000000000000e+00
0.000000000000000000e+00
1.708679203818390044e-02
1.708679203818390044e-02
1.296101093716628232e-02
1.296101093716628232e-02
1.296101093716628232e-02
2.031761200356913010e-04
2.031761200356913010e-04
2.031761200356913010e-04
2.031761200356913010e-04
2.031761200356913010e-04
2.031761200356913010e-04
2.340454679070437039e-04
9.223463875245051236e-03
2.340454679070437039e-04
9.223463875245051236e-03
9.223463875245051236e-03
9.223463875245051236e-03
9.223463875245051236e-03
9.223463875245051236e-03
9.223463875245051236e-03
9.223463875245051236e-03
9.223463875245051236e-03
9.223463875245051236e-03
9.223463875245051236e-03
9.223463875245051236e-03
0.000000000000000000e+00
0.000000000000000000e+00
1.618088165967194320e-02
1.269211919490142136e-02
1.269211919490142136e-02
0.000000000000000000e+00
0.000000000000000000e+00
0.000000000000000000e+00
0.000000000000000000e+00
0.000000000000000000e+00
0.000000000000000000e+00
2.435608455787005577e-02
1.327658772352205765e-02
1.327658772352205765e-02
1.270991446251836313e-02
2.491123013513816056e-02
1.178611154301990004e-02
1.178611154301990004e-02
1.178611154301990004e-02
1.178611154301990004e-02
1.178611154301990004e-02
1.178611154301990004e-02
1.178611154301990004e-02
1.178611154301990004e-02
1.178611154301990004e-02
1.178611154301990004e-02
1.178611154301990004e-02
1.178611154301990004e-02
1.178611154301990004e-02
1.178611154301990004e-02
2.839498176761845114e-02
2.839498176761845114e-02
0.000000000000000000e+00
0.000000000000000000e+00
1.551870860444022615e-02
1.551870860444022615e-02
4.441353290673901062e-03
1.276908944820024337e-02
1.276908944820024337e-02
1.276908944820024337e-02
1.276908944820024337e-02
1.276908944820024337e-02
1.276908944820024337e-02
1.204644767494409199e-02
1.204644767494409199e-02
1.204644767494409199e-02
1.204644767494409199e-02
1.204644767494409199e-02
1.204644767494409199e-02
8.361176220953975280e-03
1.589992937113680893e-02
1.407926867831849581e-02
4.583693173496671686e-03
4.583693173496671686e-03
4.583693173496671686e-03
4.583693173496671686e-03
5.800732853337083571e-03
1.141426759019478245e-02
1.141426759019478245e-02
1.141426759019478245e-02
1.141426759019478245e-02
7.702606672772027187e-03
2.082644445632921438e-03
0.000000000000000000e+00
0.000000000000000000e+00
0.000000000000000000e+00
0.000000000000000000e+00
0.000000000000000000e+00
0.000000000000000000e+00
7.080921124503053443e-02
1.137522548018821134e-02
7.080921124503053443e-02
1.137522548018821134e-02
1.137522548018821134e-02
1.137522548018821134e-02
4.237275071834388507e-02
4.237275071834388507e-02
4.237275071834388507e-02
4.237275071834388507e-02
4.237275071834388507e-02
4.237275071834388507e-02
4.237275071834388507e-02
4.237275071834388507e-02
0.000000000000000000e+00
2.036493166393308837e-02
2.036493166393308837e-02
2.036493166393308837e-02
2.036493166393308837e-02
1.533010895274795893e-02
0.000000000000000000e+00
0.000000000000000000e+00
1.570290995286762262e-02
1.570290995286762262e-02
1.570290995286762262e-02
1.570290995286762262e-02
1.570290995286762262e-02
1.570290995286762262e-02
1.717176471233854834e-02
2.195658588617836835e-03
3.478155625639717252e-03
3.478155625639717252e-03
0.000000000000000000e+00
0.000000000000000000e+00
0.000000000000000000e+00
0.000000000000000000e+00
0.000000000000000000e+00
0.000000000000000000e+00
0.000000000000000000e+00
0.000000000000000000e+00
0.000000000000000000e+00
0.000000000000000000e+00
1.198828593429841424e-02
1.198828593429841424e-02
1.198828593429841424e-02
1.198828593429841424e-02
6.942928930054680092e-03
6.942928930054680092e-03
6.942928930054680092e-03
6.942928930054680092e-03
6.942928930054680092e-03
6.942928930054680092e-03
6.942928930054680092e-03
6.942928930054680092e-03
6.942928930054680092e-03
6.942928930054680092e-03
6.942928930054680092e-03
6.942928930054680092e-03
6.942928930054680092e-03
6.942928930054680092e-03
6.942928930054680092e-03
5.942334821889034766e-03
3.000429373961910253e-03
8.000375788169740085e-03
8.000375788169740085e-03
8.000375788169740085e-03
8.000375788169740085e-03
8.000375788169740085e-03
8.000375788169740085e-03
8.000375788169740085e-03
8.000375788169740085e-03
8.000375788169740085e-03
8.000375788169740085e-03
8.000375788169740085e-03
8.000375788169740085e-03
8.000375788169740085e-03
8.000375788169740085e-03
1.839150548248459638e-02
1.533010895274795893e-02
1.533010895274795893e-02
1.533010895274795893e-02
2.808243669720193389e-02
2.808243669720193389e-02
2.808243669720193389e-02
2.808243669720193389e-02
2.808243669720193389e-02
2.808243669720193389e-02
0.000000000000000000e+00
0.000000000000000000e+00
0.000000000000000000e+00
0.000000000000000000e+00
0.000000000000000000e+00
0.000000000000000000e+00
0.000000000000000000e+00
0.000000000000000000e+00
0.000000000000000000e+00
0.000000000000000000e+00
7.294631944870933436e-03
7.294631944870933436e-03
7.294631944870933436e-03
7.294631944870933436e-03
7.294631944870933436e-03
7.294631944870933436e-03
7.294631944870933436e-03
7.294631944870933436e-03
7.294631944870933436e-03
7.294631944870933436e-03
2.874546146347553566e-02
1.270991446251836313e-02
1.270991446251836313e-02
1.270991446251836313e-02
2.874546146347553566e-02
1.348630233616121207e-02
0.000000000000000000e+00
0.000000000000000000e+00
0.000000000000000000e+00
0.000000000000000000e+00
1.887207706001702706e-02
1.390085281691082718e-02
1.743988197473062343e-02
1.743988197473062343e-02
1.743988197473062343e-02
1.743988197473062343e-02
1.743988197473062343e-02
1.743988197473062343e-02
1.743988197473062343e-02
1.743988197473062343e-02
1.743988197473062343e-02
2.841071091098463716e-02
1.107735725768178164e-02
8.718175357365643904e-03
8.718175357365643904e-03
5.479767194708276817e-04
4.009451055905624561e-03
5.479767194708276817e-04
5.479767194708276817e-04
4.009451055905624561e-03
1.185725487408963337e-02
1.185725487408963337e-02
1.185725487408963337e-02
1.185725487408963337e-02
1.185725487408963337e-02
1.185725487408963337e-02
1.185725487408963337e-02
1.185725487408963337e-02
1.185725487408963337e-02
1.185725487408963337e-02
1.185725487408963337e-02
1.185725487408963337e-02
1.185725487408963337e-02
1.185725487408963337e-02
1.185725487408963337e-02
1.185725487408963337e-02
1.185725487408963337e-02
1.185725487408963337e-02
0.000000000000000000e+00
2.040409586983361889e-02
0.000000000000000000e+00
3.927354713461178246e-03
3.927354713461178246e-03
1.045390407350829318e-02
8.112444851097298446e-03
8.112444851097298446e-03
8.112444851097298446e-03
8.112444851097298446e-03
8.112444851097298446e-03
8.112444851097298446e-03
8.112444851097298446e-03
1.239425147814158861e-03
5.503129050725860845e-03
4.757700527401825460e-03
1.549074607991536567e-02
4.757700527401825460e-03
0.000000000000000000e+00
0.000000000000000000e+00
0.000000000000000000e+00
0.000000000000000000e+00
4.441353290673901062e-03
4.441353290673901062e-03
4.441353290673901062e-03
4.441353290673901062e-03
2.734148326370976732e-03
2.291327352934788286e-03
2.291327352934788286e-03
2.291327352934788286e-03
2.291327352934788286e-03
2.291327352934788286e-03
2.291327352934788286e-03
2.291327352934788286e-03
2.291327352934788286e-03
2.291327352934788286e-03
2.291327352934788286e-03
0.000000000000000000e+00
0.000000000000000000e+00
2.841071091098463716e-02
2.841071091098463716e-02
2.841071091098463716e-02
2.841071091098463716e-02
2.841071091098463716e-02
2.841071091098463716e-02
2.841071091098463716e-02
2.841071091098463716e-02
8.837446851013650712e-04
1.257535971696452197e-02
1.257535971696452197e-02
1.257535971696452197e-02
1.257535971696452197e-02
2.690331218566029657e-03
1.633407405050889228e-03
1.633407405050889228e-03
1.633407405050889228e-03
5.635610415247915839e-02
2.512385598028756342e-02
2.512385598028756342e-02
1.239425147814158861e-03
1.239425147814158861e-03
1.239425147814158861e-03
1.239425147814158861e-03
1.239425147814158861e-03
1.239425147814158861e-03
1.510341719135008427e-02
0.000000000000000000e+00
3.680382525404083793e-03
0.000000000000000000e+00
0.000000000000000000e+00
0.000000000000000000e+00
0.000000000000000000e+00
0.000000000000000000e+00
0.000000000000000000e+00
0.000000000000000000e+00
0.000000000000000000e+00
3.602695737335717685e-02
3.602695737335717685e-02
1.996791444664154647e-02
3.532980650340739829e-03
5.760551763701140561e-03
0.000000000000000000e+00
0.000000000000000000e+00
0.000000000000000000e+00
0.000000000000000000e+00
0.000000000000000000e+00
0.000000000000000000e+00
0.000000000000000000e+00
0.000000000000000000e+00
0.000000000000000000e+00
0.000000000000000000e+00
0.000000000000000000e+00
0.000000000000000000e+00
0.000000000000000000e+00
0.000000000000000000e+00
0.000000000000000000e+00
0.000000000000000000e+00
0.000000000000000000e+00
0.000000000000000000e+00
0.000000000000000000e+00
6.283190224289628666e-03
1.039437501779658275e-02
1.039437501779658275e-02
1.039437501779658275e-02
1.039437501779658275e-02
1.039437501779658275e-02
1.039437501779658275e-02
1.039437501779658275e-02
1.039437501779658275e-02
1.039437501779658275e-02
0.000000000000000000e+00
0.000000000000000000e+00
0.000000000000000000e+00
0.000000000000000000e+00
0.000000000000000000e+00
2.126657452157623002e-02
2.126657452157623002e-02
2.126657452157623002e-02
4.475128659205182720e-03
1.328583261995713513e-02
1.328583261995713513e-02
1.328583261995713513e-02
1.328583261995713513e-02
1.328583261995713513e-02
1.328583261995713513e-02
1.328583261995713513e-02
1.328583261995713513e-02
1.328583261995713513e-02
1.328583261995713513e-02
1.328583261995713513e-02
3.352449965793326270e-02
4.253584880358488723e-02
4.253584880358488723e-02
1.385385883202811842e-02
1.385385883202811842e-02
1.385385883202811842e-02
1.385385883202811842e-02
4.475128659205182720e-03
7.810351723419286379e-03
7.810351723419286379e-03
7.810351723419286379e-03
7.810351723419286379e-03
7.810351723419286379e-03
7.810351723419286379e-03
9.097316404969519113e-03
4.007834273613711945e-02
7.514466640024841312e-03
7.514466640024841312e-03
7.514466640024841312e-03
7.514466640024841312e-03
2.436847360368827112e-02
2.436847360368827112e-02
2.436847360368827112e-02
2.436847360368827112e-02
1.010235905109039579e-02
1.010235905109039579e-02
2.252104537243608540e-02
2.252104537243608540e-02
1.389935947189756618e-02
1.389935947189756618e-02
1.389935947189756618e-02
1.389935947189756618e-02
1.389935947189756618e-02
1.389935947189756618e-02
1.389935947189756618e-02
2.279432974742715001e-02
1.389935947189756618e-02
1.389935947189756618e-02
1.389935947189756618e-02
1.389935947189756618e-02
1.389935947189756618e-02
1.389935947189756618e-02
1.389935947189756618e-02
0.000000000000000000e+00
0.000000000000000000e+00
8.417747242808096275e-03
8.417747242808096275e-03
8.417747242808096275e-03
8.417747242808096275e-03
2.459157447450189063e-02
2.459157447450189063e-02
2.459157447450189063e-02
2.459157447450189063e-02
1.537418831091153307e-02
1.537418831091153307e-02
1.537418831091153307e-02
1.537418831091153307e-02
4.275476733003495851e-03
4.275476733003495851e-03
4.275476733003495851e-03
4.275476733003495851e-03
4.275476733003495851e-03
4.275476733003495851e-03
4.275476733003495851e-03
4.275476733003495851e-03
1.575443825623541391e-02
4.485509480002308237e-03
4.485509480002308237e-03
4.485509480002308237e-03
4.485509480002308237e-03
4.485509480002308237e-03
4.485509480002308237e-03
4.485509480002308237e-03
4.485509480002308237e-03
4.485509480002308237e-03
4.485509480002308237e-03
4.485509480002308237e-03
4.485509480002308237e-03
4.485509480002308237e-03
4.485509480002308237e-03
4.485509480002308237e-03
4.485509480002308237e-03
3.694251795738527112e-03
3.694251795738527112e-03
3.694251795738527112e-03
3.694251795738527112e-03
1.643755410018506169e-02
3.266880400760283770e-02
8.410282199636295170e-03
8.410282199636295170e-03
8.410282199636295170e-03
8.410282199636295170e-03
8.410282199636295170e-03
8.410282199636295170e-03
8.410282199636295170e-03
8.410282199636295170e-03
0.000000000000000000e+00
0.000000000000000000e+00
0.000000000000000000e+00
0.000000000000000000e+00
1.422126013906555540e-02
2.553487405001289567e-02
2.553487405001289567e-02
2.553487405001289567e-02
2.553487405001289567e-02
2.553487405001289567e-02
2.553487405001289567e-02
9.705800367667690234e-03
1.455964853751600015e-02
1.455964853751600015e-02
1.455964853751600015e-02
1.455964853751600015e-02
1.455964853751600015e-02
1.455964853751600015e-02
2.559671482202851428e-02
6.385564404167995770e-03
0.000000000000000000e+00
0.000000000000000000e+00
0.000000000000000000e+00
1.185747395744498646e-02
1.185747395744498646e-02
1.185747395744498646e-02
1.185747395744498646e-02
1.185747395744498646e-02
1.185747395744498646e-02
1.185747395744498646e-02
1.185747395744498646e-02
1.185747395744498646e-02
1.185747395744498646e-02
1.185747395744498646e-02
1.185747395744498646e-02
5.823748888832599654e-03
5.823748888832599654e-03
5.823748888832599654e-03
5.823748888832599654e-03
5.823748888832599654e-03
5.823748888832599654e-03
5.823748888832599654e-03
5.823748888832599654e-03
5.823748888832599654e-03
5.823748888832599654e-03
1.634089558185518667e-02
1.634089558185518667e-02
1.903218426831300436e-02
1.903218426831300436e-02
2.048738011255904013e-04
3.037351966668688506e-05
3.776745163969225105e-02
4.342391048147671573e-02
4.342391048147671573e-02
3.771072559576837263e-02
3.771072559576837263e-02
3.771072559576837263e-02
3.771072559576837263e-02
1.387007223357241206e-02
4.098771182307810201e-04
1.173610693234107896e-02
1.173610693234107896e-02
1.173610693234107896e-02
1.173610693234107896e-02
1.173610693234107896e-02
1.173610693234107896e-02
6.385564404167995770e-03
6.385564404167995770e-03
6.385564404167995770e-03
6.385564404167995770e-03
6.385564404167995770e-03
6.385564404167995770e-03
6.385564404167995770e-03
6.385564404167995770e-03
2.048738011255904013e-04
1.586721608868004937e-02
1.586721608868004937e-02
1.586721608868004937e-02
1.586721608868004937e-02
1.251147736221813744e-02
1.998904802419231019e-03
1.998904802419231019e-03
0.000000000000000000e+00
1.256906244075220273e-02
1.256906244075220273e-02
1.478379433855214233e-02
1.256906244075220273e-02
2.331146711656829559e-02
6.252120960991115577e-03
1.251147736221813744e-02
6.287043885808597452e-03
1.106796264365182171e-02
9.928168575140323623e-03
9.928168575140323623e-03
2.841620551548593512e-02
2.841620551548593512e-02
2.841620551548593512e-02
2.841620551548593512e-02
0.000000000000000000e+00
2.709936301185246477e-02
2.709936301185246477e-02
2.709936301185246477e-02
2.709936301185246477e-02
2.709936301185246477e-02
2.709936301185246477e-02
2.709936301185246477e-02
2.709936301185246477e-02
2.709936301185246477e-02
2.709936301185246477e-02
2.709936301185246477e-02
2.709936301185246477e-02
2.709936301185246477e-02
0.000000000000000000e+00
0.000000000000000000e+00
0.000000000000000000e+00
0.000000000000000000e+00
1.478379433855214233e-02
8.864002429179104747e-03
7.365989304259177618e-03
6.287043885808597452e-03
6.287043885808597452e-03
6.287043885808597452e-03
6.287043885808597452e-03
6.287043885808597452e-03
6.287043885808597452e-03
6.287043885808597452e-03
6.287043885808597452e-03
4.411343431924887211e-03
7.010031660684967574e-03
7.010031660684967574e-03
1.155793100829143570e-02
1.155793100829143570e-02
8.864002429179104747e-03
5.616664430345023884e-02
5.616664430345023884e-02
5.616664430345023884e-02
5.616664430345023884e-02
5.616664430345023884e-02
5.616664430345023884e-02
5.616664430345023884e-02
5.616664430345023884e-02
1.269138509183964821e-02
8.475164696493456534e-04
9.705800367667690234e-03
9.705800367667690234e-03
9.705800367667690234e-03
9.705800367667690234e-03
9.705800367667690234e-03
9.705800367667690234e-03
3.007718297206112088e-03
6.762424970643302231e-03
6.762424970643302231e-03
6.762424970643302231e-03
6.762424970643302231e-03
6.762424970643302231e-03
6.762424970643302231e-03
6.762424970643302231e-03
6.762424970643302231e-03
1.737744260700884238e-02
2.620178383804483424e-02
2.620178383804483424e-02
4.110790701726516755e-03
0.000000000000000000e+00
0.000000000000000000e+00
0.000000000000000000e+00
1.041565330702852454e-02
1.041565330702852454e-02
1.041565330702852454e-02
1.645461070787033325e-02
4.308957986323355867e-03
4.308957986323355867e-03
4.308957986323355867e-03
4.308957986323355867e-03
4.308957986323355867e-03
1.747019405424674043e-02
1.573059292716379176e-02
1.573059292716379176e-02
1.573059292716379176e-02
1.573059292716379176e-02
3.947965873406715509e-02
7.833007995952755501e-03
3.947965873406715509e-02
7.833007995952755501e-03
7.833007995952755501e-03
7.833007995952755501e-03
7.833007995952755501e-03
7.833007995952755501e-03
7.833007995952755501e-03
7.833007995952755501e-03
1.631752304969916537e-02
1.631752304969916537e-02
1.631752304969916537e-02
1.631752304969916537e-02
1.348630233616121207e-02
1.348630233616121207e-02
1.348630233616121207e-02
1.737744260700884238e-02
1.737744260700884238e-02
1.737744260700884238e-02
1.737744260700884238e-02
1.737744260700884238e-02
1.737744260700884238e-02
1.737744260700884238e-02
1.737744260700884238e-02
1.737744260700884238e-02
1.737744260700884238e-02
1.737744260700884238e-02
1.737744260700884238e-02
0.000000000000000000e+00
0.000000000000000000e+00
1.265181734311710167e-02
1.747019405424674043e-02
8.837446851013650712e-04
8.837446851013650712e-04
8.837446851013650712e-04
8.837446851013650712e-04
8.837446851013650712e-04
8.837446851013650712e-04
8.837446851013650712e-04
8.837446851013650712e-04
8.891383897827658889e-04
8.891383897827658889e-04
8.891383897827658889e-04
8.891383897827658889e-04
0.000000000000000000e+00
0.000000000000000000e+00
1.929192476212652574e-03
1.929192476212652574e-03
1.929192476212652574e-03
1.929192476212652574e-03
1.929192476212652574e-03
1.929192476212652574e-03
1.929192476212652574e-03
1.929192476212652574e-03
1.929192476212652574e-03
1.929192476212652574e-03
1.929192476212652574e-03
0.000000000000000000e+00
0.000000000000000000e+00
1.269138509183964821e-02
1.269138509183964821e-02
1.269138509183964821e-02
1.269138509183964821e-02
1.269138509183964821e-02
1.269138509183964821e-02
1.269138509183964821e-02
1.269138509183964821e-02
1.269138509183964821e-02
1.269138509183964821e-02
1.269138509183964821e-02
1.516205707629670642e-03
1.279444311325423148e-03
1.279444311325423148e-03
1.279444311325423148e-03
1.953232532304246399e-02
1.953232532304246399e-02
1.953232532304246399e-02
1.953232532304246399e-02
1.953232532304246399e-02
1.953232532304246399e-02
9.097316404969519113e-03
9.097316404969519113e-03
9.097316404969519113e-03
9.097316404969519113e-03
0.000000000000000000e+00
0.000000000000000000e+00
2.630113206383458135e-02
2.596761240956563244e-02
2.596761240956563244e-02
0.000000000000000000e+00
0.000000000000000000e+00
9.512325749327392096e-03
9.512325749327392096e-03
9.512325749327392096e-03
9.512325749327392096e-03
1.447309008441474351e-02
1.447309008441474351e-02
1.447309008441474351e-02
1.447309008441474351e-02
1.447309008441474351e-02
1.447309008441474351e-02
1.447309008441474351e-02
6.323339443286435206e-03
6.323339443286435206e-03
1.390085281691082718e-02
0.000000000000000000e+00
0.000000000000000000e+00
0.000000000000000000e+00
1.155605174443007262e-02
2.091835282459173460e-03
2.091835282459173460e-03
2.091835282459173460e-03
2.091835282459173460e-03
2.091835282459173460e-03
2.091835282459173460e-03
2.195658588617836835e-03
2.195658588617836835e-03
2.195658588617836835e-03
2.195658588617836835e-03
2.195658588617836835e-03
2.195658588617836835e-03
2.195658588617836835e-03
0.000000000000000000e+00
0.000000000000000000e+00
7.501743743808820912e-03
2.404907993137343075e-02
1.547731876451953134e-02
2.055656023260364618e-02
2.055656023260364618e-02
2.055656023260364618e-02
2.055656023260364618e-02
6.393898544400368825e-03
4.861523692143828769e-03
4.861523692143828769e-03
4.861523692143828769e-03
4.861523692143828769e-03
3.680382525404083793e-03
3.680382525404083793e-03
3.680382525404083793e-03
3.680382525404083793e-03
1.553404168629400617e-02
1.155605174443007262e-02
1.155605174443007262e-02
1.155605174443007262e-02
0.000000000000000000e+00
0.000000000000000000e+00
0.000000000000000000e+00
0.000000000000000000e+00
0.000000000000000000e+00
9.396176880600872611e-03
9.396176880600872611e-03
9.396176880600872611e-03
9.396176880600872611e-03
9.396176880600872611e-03
9.396176880600872611e-03
9.396176880600872611e-03
9.396176880600872611e-03
9.396176880600872611e-03
9.396176880600872611e-03
9.396176880600872611e-03
9.396176880600872611e-03
9.396176880600872611e-03
9.396176880600872611e-03
6.353267224373097474e-03
6.353267224373097474e-03
6.353267224373097474e-03
3.184032914171820109e-03
3.184032914171820109e-03
3.184032914171820109e-03
3.122521320022715943e-02
1.898262364055034943e-02
1.898262364055034943e-02
3.509830338311430847e-02
3.230965981687332345e-02
3.230965981687332345e-02
3.230965981687332345e-02
3.230965981687332345e-02
3.230965981687332345e-02
3.230965981687332345e-02
5.316890111990992679e-02
5.316890111990992679e-02
5.316890111990992679e-02
5.316890111990992679e-02
1.553401780513095042e-02
0.000000000000000000e+00
2.533134511919005877e-02
2.533134511919005877e-02
4.830874411258292804e-03
4.830874411258292804e-03
4.830874411258292804e-03
4.830874411258292804e-03
4.830874411258292804e-03
4.830874411258292804e-03
4.830874411258292804e-03
4.830874411258292804e-03
0.000000000000000000e+00
0.000000000000000000e+00
0.000000000000000000e+00
0.000000000000000000e+00
0.000000000000000000e+00
0.000000000000000000e+00
0.000000000000000000e+00
0.000000000000000000e+00
0.000000000000000000e+00
0.000000000000000000e+00
0.000000000000000000e+00
0.000000000000000000e+00
0.000000000000000000e+00
1.625351201576594878e-02
1.625351201576594878e-02
1.625351201576594878e-02
1.625351201576594878e-02
2.690331218566029657e-03
2.690331218566029657e-03
2.690331218566029657e-03
5.635610415247915839e-02
5.635610415247915839e-02
5.635610415247915839e-02
5.635610415247915839e-02
5.635610415247915839e-02
5.635610415247915839e-02
5.635610415247915839e-02
5.635610415247915839e-02
5.635610415247915839e-02
5.635610415247915839e-02
5.635610415247915839e-02
2.364850054466131196e-02
2.364850054466131196e-02
2.364850054466131196e-02
2.364850054466131196e-02
2.364850054466131196e-02
2.364850054466131196e-02
2.364850054466131196e-02
2.364850054466131196e-02
6.283190224289628666e-03
6.283190224289628666e-03
6.283190224289628666e-03
1.179624294704158770e-02
1.179624294704158770e-02
1.179624294704158770e-02
1.179624294704158770e-02
1.179624294704158770e-02
1.179624294704158770e-02
1.179624294704158770e-02
1.179624294704158770e-02
1.179624294704158770e-02
1.179624294704158770e-02
1.179624294704158770e-02
0.000000000000000000e+00
8.560006619720197246e-03
8.560006619720197246e-03
8.560006619720197246e-03
8.560006619720197246e-03
8.560006619720197246e-03
8.560006619720197246e-03
6.705568286678617769e-03
6.705568286678617769e-03
6.705568286678617769e-03
6.705568286678617769e-03
6.705568286678617769e-03
6.705568286678617769e-03
6.705568286678617769e-03
6.705568286678617769e-03
6.705568286678617769e-03
6.705568286678617769e-03
6.705568286678617769e-03
0.000000000000000000e+00
0.000000000000000000e+00
1.315679776888389364e-02
1.315679776888389364e-02
4.778665807090041150e-03
4.778665807090041150e-03
0.000000000000000000e+00
0.000000000000000000e+00
0.000000000000000000e+00
0.000000000000000000e+00
0.000000000000000000e+00
0.000000000000000000e+00
1.499805266327510975e-02
1.499805266327510975e-02
1.499805266327510975e-02
1.499805266327510975e-02
1.499805266327510975e-02
1.499805266327510975e-02
1.499805266327510975e-02
1.499805266327510975e-02
1.499805266327510975e-02
1.499805266327510975e-02
0.000000000000000000e+00
0.000000000000000000e+00
0.000000000000000000e+00
0.000000000000000000e+00
1.258892101377968040e-03
1.258892101377968040e-03
2.489319243793847169e-02
2.331146711656829559e-02
9.375099341664427238e-03
9.375099341664427238e-03
9.375099341664427238e-03
9.375099341664427238e-03
9.375099341664427238e-03
9.375099341664427238e-03
1.305421706201012784e-02
3.022127899168576201e-02
3.746470624918180146e-04
3.746470624918180146e-04
8.673967135132210418e-03
8.673967135132210418e-03
8.673967135132210418e-03
8.673967135132210418e-03
8.673967135132210418e-03
8.673967135132210418e-03
8.673967135132210418e-03
8.673967135132210418e-03
8.673967135132210418e-03
8.673967135132210418e-03
8.673967135132210418e-03
4.098771182307810201e-04
4.098771182307810201e-04
4.098771182307810201e-04
4.098771182307810201e-04
4.098771182307810201e-04
2.489319243793847169e-02
2.489319243793847169e-02
0.000000000000000000e+00
0.000000000000000000e+00
3.007718297206112088e-03
4.448584532486935840e-03
4.448584532486935840e-03
4.024704841637744696e-02
4.024704841637744696e-02
2.514971026376892210e-02
1.162806710645229898e-02
1.162806710645229898e-02
1.162806710645229898e-02
1.162806710645229898e-02
1.191456135085525040e-03
1.191456135085525040e-03
0.000000000000000000e+00
0.000000000000000000e+00
0.000000000000000000e+00
0.000000000000000000e+00
3.724924274178120429e-03
3.724924274178120429e-03
3.724924274178120429e-03
3.724924274178120429e-03
3.724924274178120429e-03
3.724924274178120429e-03
3.724924274178120429e-03
3.724924274178120429e-03
3.724924274178120429e-03
3.724924274178120429e-03
3.724924274178120429e-03
3.724924274178120429e-03
3.724924274178120429e-03
3.776745163969225105e-02
4.475128659205182720e-03
4.475128659205182720e-03
4.475128659205182720e-03
1.944163226116408030e-02
1.721513346820273058e-02
1.721513346820273058e-02
1.562489442317502135e-02
2.496786536741764720e-02
2.496786536741764720e-02
1.367643652529462218e-02
1.367643652529462218e-02
6.331705762667438724e-03
6.331705762667438724e-03
6.331705762667438724e-03
6.331705762667438724e-03
6.331705762667438724e-03
6.599896143510188828e+00
6.599896143510188828e+00
6.599896143510188828e+00
6.599896143510188828e+00
1.562489442317502135e-02
1.562489442317502135e-02
1.562489442317502135e-02
1.562489442317502135e-02
1.562489442317502135e-02
1.562489442317502135e-02
1.562489442317502135e-02
5.116360839782061951e-03
5.116360839782061951e-03
3.532980650340739829e-03
3.532980650340739829e-03
3.532980650340739829e-03
3.532980650340739829e-03
8.803423630239722063e-04
8.803423630239722063e-04
0.000000000000000000e+00
0.000000000000000000e+00
0.000000000000000000e+00
0.000000000000000000e+00
3.135812814309583973e-02
3.135812814309583973e-02
4.434959058791153839e-03
4.434959058791153839e-03
4.434959058791153839e-03
4.434959058791153839e-03
4.434959058791153839e-03
4.434959058791153839e-03
8.179278156224515804e-05
2.174669238662989973e-02
2.174669238662989973e-02
2.174669238662989973e-02
2.174669238662989973e-02
3.307823965961353974e-02
0.000000000000000000e+00
1.953914402415761128e-02
1.953914402415761128e-02
1.953914402415761128e-02
1.953914402415761128e-02
1.953914402415761128e-02
1.953914402415761128e-02
1.953914402415761128e-02
1.953914402415761128e-02
0.000000000000000000e+00
0.000000000000000000e+00
2.210904579692992214e-02
9.803970904902778102e-03
9.803970904902778102e-03
9.803970904902778102e-03
9.803970904902778102e-03
9.803970904902778102e-03
1.129250792760744422e-02
1.241397950308724234e-02
1.241397950308724234e-02
1.241397950308724234e-02
2.050949000601765340e-02
2.050949000601765340e-02
2.050949000601765340e-02
2.050949000601765340e-02
2.050949000601765340e-02
1.582127564239653797e-02
2.535267836914132517e-02
1.848854308700775828e-02
1.848854308700775828e-02
2.591295984010722961e-02
2.169283774014720348e-02
2.169283774014720348e-02
2.169283774014720348e-02
2.169283774014720348e-02
1.129250792760744422e-02
1.129250792760744422e-02
1.129250792760744422e-02
1.129250792760744422e-02
1.129250792760744422e-02
1.633534877272263541e-02
3.307823965961353974e-02
3.307823965961353974e-02
3.307823965961353974e-02
3.307823965961353974e-02
3.307823965961353974e-02
3.307823965961353974e-02
3.307823965961353974e-02
3.307823965961353974e-02
3.307823965961353974e-02
3.307823965961353974e-02
6.770173628115695730e-03
6.770173628115695730e-03
2.535267836914132517e-02
0.000000000000000000e+00
0.000000000000000000e+00
0.000000000000000000e+00
0.000000000000000000e+00
0.000000000000000000e+00
0.000000000000000000e+00
0.000000000000000000e+00
1.162167841629230605e-02
1.162167841629230605e-02
1.881679439872044335e-02
2.414055794533975091e-02
3.022127899168576201e-02
0.000000000000000000e+00
0.000000000000000000e+00
4.411343431924887211e-03
5.800732853337083571e-03
5.760148135297781316e-03
2.161581882769851234e-02
2.161581882769851234e-02
3.242605650000994488e-02
2.431980971732673399e-02
7.870059469621697862e-03
7.870059469621697862e-03
1.243959685466249077e-02
1.243959685466249077e-02
1.243959685466249077e-02
5.087868850163379964e-04
1.243959685466249077e-02
7.832667121842588898e-02
3.242605650000994488e-02
7.832667121842588898e-02
9.527718339108219581e-02
9.527718339108219581e-02
4.421073985493600110e-03
0.000000000000000000e+00
0.000000000000000000e+00
1.998875130113954637e-02
0.000000000000000000e+00
7.752035384670713037e-04
6.446689868042265910e-03
6.187879905237467747e-03
6.187879905237467747e-03
0.000000000000000000e+00
0.000000000000000000e+00
4.941280609576394721e-03
4.941280609576394721e-03
5.640448814707592351e-03
5.640448814707592351e-03
2.019172313208792910e-02
4.421073985493600110e-03
6.380874699844364673e-03
0.000000000000000000e+00
1.223560671810498303e-02
6.446689868042265910e-03
0.000000000000000000e+00
0.000000000000000000e+00
0.000000000000000000e+00
0.000000000000000000e+00
3.746691544296225189e-03
2.921772133508307705e-03
3.235461698662515234e-03
3.235461698662515234e-03
0.000000000000000000e+00
1.623848075136033811e-02
2.019172313208792910e-02
2.707508933942115231e-04
2.584941812586509513e-02
2.584941812586509513e-02
1.869335380761122725e-02
1.869335380761122725e-02
1.869335380761122725e-02
1.869335380761122725e-02
1.869335380761122725e-02
1.869335380761122725e-02
6.380874699844364673e-03
6.380874699844364673e-03
6.380874699844364673e-03
6.380874699844364673e-03
9.106584350343812154e-03
1.223560671810498303e-02
4.134020958708363100e-03
4.134020958708363100e-03
4.134020958708363100e-03
4.134020958708363100e-03
4.134020958708363100e-03
7.894256993131754455e-03
2.400341157864382957e-02
2.400341157864382957e-02
2.400341157864382957e-02
2.400341157864382957e-02
2.400341157864382957e-02
2.400341157864382957e-02
2.400341157864382957e-02
2.400341157864382957e-02
1.573345510864033320e-02
1.573345510864033320e-02
1.573345510864033320e-02
1.573345510864033320e-02
1.573345510864033320e-02
1.573345510864033320e-02
1.573345510864033320e-02
1.573345510864033320e-02
2.324981055278793271e-02
1.623848075136033811e-02
1.623848075136033811e-02
1.623848075136033811e-02
1.623848075136033811e-02
2.707508933942115231e-04
8.625793092399176507e-03
8.625793092399176507e-03
8.625793092399176507e-03
8.625793092399176507e-03
8.625793092399176507e-03
9.106584350343812154e-03
0.000000000000000000e+00
0.000000000000000000e+00
0.000000000000000000e+00
0.000000000000000000e+00
9.259312730561273380e-03
9.259312730561273380e-03
9.259312730561273380e-03
9.259312730561273380e-03
9.259312730561273380e-03
9.259312730561273380e-03
9.259312730561273380e-03
9.259312730561273380e-03
2.856603015921648642e-03
1.330111010247542018e-02
1.330111010247542018e-02
7.419457029269795750e-03
2.248150337478152863e-02
2.248150337478152863e-02
2.248150337478152863e-02
2.248150337478152863e-02
2.881126907609667456e-02
2.881126907609667456e-02
6.792081986101143609e-03
6.792081986101143609e-03
5.047486244361348330e-03
5.047486244361348330e-03
0.000000000000000000e+00
0.000000000000000000e+00
0.000000000000000000e+00
0.000000000000000000e+00
4.201325044877073089e-02
1.684071802425373549e-02
7.419457029269795750e-03
0.000000000000000000e+00
0.000000000000000000e+00
2.048975107099835699e-02
2.048975107099835699e-02
6.324970077922158380e-03
4.684715980730615528e-03
4.684715980730615528e-03
4.684715980730615528e-03
4.684715980730615528e-03
1.840157465948975835e-02
1.840157465948975835e-02
1.840157465948975835e-02
1.840157465948975835e-02
0.000000000000000000e+00
0.000000000000000000e+00
1.880179632213808266e-02
1.549059589652881062e-02
1.549059589652881062e-02
1.549059589652881062e-02
1.549059589652881062e-02
1.549059589652881062e-02
1.549059589652881062e-02
1.549059589652881062e-02
1.549059589652881062e-02
1.549059589652881062e-02
1.549059589652881062e-02
1.549059589652881062e-02
4.201325044877073089e-02
1.553401780513095042e-02
1.553401780513095042e-02
1.553401780513095042e-02
1.553401780513095042e-02
3.385147489210829641e-02
3.385147489210829641e-02
1.401129638497439212e-02
1.401129638497439212e-02
0.000000000000000000e+00
3.142790749559151026e-02
3.142790749559151026e-02
0.000000000000000000e+00
6.645479598761461562e-03
2.521132107632546165e-02
6.645479598761461562e-03
6.645479598761461562e-03
6.645479598761461562e-03
6.645479598761461562e-03
6.645479598761461562e-03
6.645479598761461562e-03
6.645479598761461562e-03
6.645479598761461562e-03
1.823784097591010789e-02
1.823784097591010789e-02
1.823784097591010789e-02
1.823784097591010789e-02
1.823784097591010789e-02
1.823784097591010789e-02
2.173518170539850622e-02
2.173518170539850622e-02
3.681113248239895747e-02
3.815644367713906526e-02
3.815644367713906526e-02
0.000000000000000000e+00
0.000000000000000000e+00
0.000000000000000000e+00
2.121674158736880020e-02
2.077218649598593092e-02
2.077218649598593092e-02
2.179328562913355680e-02
2.179328562913355680e-02
2.179328562913355680e-02
2.179328562913355680e-02
2.179328562913355680e-02
2.115874789664220698e-02
2.115874789664220698e-02
1.265181734311710167e-02
1.485465941141664650e-02
1.485465941141664650e-02
1.235050208826700413e-02
1.235050208826700413e-02
2.121674158736880020e-02
2.121674158736880020e-02
2.121674158736880020e-02
2.121674158736880020e-02
2.121674158736880020e-02
2.121674158736880020e-02
2.121674158736880020e-02
2.121674158736880020e-02
0.000000000000000000e+00
0.000000000000000000e+00
3.509830338311430847e-02
3.509830338311430847e-02
3.509830338311430847e-02
3.509830338311430847e-02
1.575443825623541391e-02
0.000000000000000000e+00
0.000000000000000000e+00
6.439343088012939101e-03
6.439343088012939101e-03
2.890753071754356002e-02
2.890753071754356002e-02
2.586689195098186914e-02
2.586689195098186914e-02
2.615041384092014511e-03
2.615041384092014511e-03
2.615041384092014511e-03
2.615041384092014511e-03
2.615041384092014511e-03
2.615041384092014511e-03
2.615041384092014511e-03
2.615041384092014511e-03
0.000000000000000000e+00
0.000000000000000000e+00
0.000000000000000000e+00
0.000000000000000000e+00
0.000000000000000000e+00
0.000000000000000000e+00
0.000000000000000000e+00
4.482424423673078001e-03
4.482424423673078001e-03
0.000000000000000000e+00
1.205565072231279920e-02
1.205565072231279920e-02
3.089624172748684991e-02
3.089624172748684991e-02
7.872662581898060008e-03
4.868072022720260766e-03
2.180289504473552700e-02
2.180289504473552700e-02
6.460803655731792855e-03
6.460803655731792855e-03
2.349822792627380072e-02
2.349822792627380072e-02
6.393898544400368825e-03
1.422126013906555540e-02
1.422126013906555540e-02
1.422126013906555540e-02
1.422126013906555540e-02
1.422126013906555540e-02
2.123255247781963631e-02
2.123255247781963631e-02
2.123255247781963631e-02
2.123255247781963631e-02
2.123255247781963631e-02
2.123255247781963631e-02
2.123255247781963631e-02
2.123255247781963631e-02
7.910461491004229170e-03
7.910461491004229170e-03
6.879869973990922899e-03
6.879869973990922899e-03
1.365233628648945124e-02
1.365233628648945124e-02
1.365233628648945124e-02
1.365233628648945124e-02
1.365233628648945124e-02
1.365233628648945124e-02
1.365233628648945124e-02
1.365233628648945124e-02
1.365233628648945124e-02
3.886400512231283355e-02
1.365233628648945124e-02
9.609129602499698677e-03
8.471793077230652461e-03
8.471793077230652461e-03
8.471793077230652461e-03
8.471793077230652461e-03
8.471793077230652461e-03
8.471793077230652461e-03
8.471793077230652461e-03
8.471793077230652461e-03
0.000000000000000000e+00
0.000000000000000000e+00
0.000000000000000000e+00
0.000000000000000000e+00
1.899286491168770616e-02
7.227578494978429031e-03
5.539728727270844082e-04
3.886400512231283355e-02
3.327485967682248386e-02
1.322266741375628142e-02
1.322266741375628142e-02
7.679826506187419077e-03
3.011255212834113080e-04
3.011255212834113080e-04
3.011255212834113080e-04
3.011255212834113080e-04
0.000000000000000000e+00
1.516621950630482780e-02
1.516621950630482780e-02
1.516621950630482780e-02
1.516621950630482780e-02
7.227578494978429031e-03
1.410464554688040800e-02
1.410464554688040800e-02
1.311941107331988064e-02
1.311941107331988064e-02
8.531533493777769539e-03
1.581513311456980014e-02
4.501922382347802939e-03
3.327485967682248386e-02
7.371757439489689048e-03
7.679826506187419077e-03
3.836126111409109401e-03
9.959385999296774955e-03
9.959385999296774955e-03
0.000000000000000000e+00
0.000000000000000000e+00
0.000000000000000000e+00
3.696336215222592071e-03
3.696336215222592071e-03
0.000000000000000000e+00
4.501922382347802939e-03
4.501922382347802939e-03
4.501922382347802939e-03
4.501922382347802939e-03
4.501922382347802939e-03
4.501922382347802939e-03
4.501922382347802939e-03
4.501922382347802939e-03
3.428159813282102646e-04
3.428159813282102646e-04
3.428159813282102646e-04
3.428159813282102646e-04
3.428159813282102646e-04
3.428159813282102646e-04
3.428159813282102646e-04
3.428159813282102646e-04
1.092395328991666720e-02
1.092395328991666720e-02
2.734148326370976732e-03
2.734148326370976732e-03
2.734148326370976732e-03
2.734148326370976732e-03
1.919219404460647746e-02
5.760148135297781316e-03
2.691416650165676799e-03
2.691416650165676799e-03
2.691416650165676799e-03
2.166614064994368261e-02
1.021455371805794418e-02
3.843308158980318634e-02
1.021455371805794418e-02
2.166614064994368261e-02
1.021455371805794418e-02
1.021455371805794418e-02
1.021455371805794418e-02
1.206679722929120471e-02
1.591561738950959815e-02
1.591561738950959815e-02
1.591561738950959815e-02
1.591561738950959815e-02
1.591561738950959815e-02
1.591561738950959815e-02
1.591561738950959815e-02
1.153520360785321476e-02
1.919219404460647746e-02
2.166614064994368261e-02
2.166614064994368261e-02
2.166614064994368261e-02
2.166614064994368261e-02
1.823163778866409429e-02
2.630113206383458135e-02
2.630113206383458135e-02
2.630113206383458135e-02
2.630113206383458135e-02
2.630113206383458135e-02
0.000000000000000000e+00
0.000000000000000000e+00
6.724260070049281612e-02
6.724260070049281612e-02
6.724260070049281612e-02
2.778560995646453535e-02
2.415674347507125799e-02
2.778560995646453535e-02
8.620302851762896151e-03
0.000000000000000000e+00
0.000000000000000000e+00
1.758380031163924231e-03
1.153520360785321476e-02
2.752705543049510650e-02
2.752705543049510650e-02
2.752705543049510650e-02
2.591295984010722961e-02
2.752705543049510650e-02
2.752705543049510650e-02
2.752705543049510650e-02
9.368813570854655354e-03
0.000000000000000000e+00
0.000000000000000000e+00
2.591295984010722961e-02
2.591295984010722961e-02
7.419457029269795750e-03
7.419457029269795750e-03
7.419457029269795750e-03
9.943304970312932464e-03
5.143491276934510732e-04
9.368813570854655354e-03
1.223152625707796086e-02
1.223152625707796086e-02
1.223152625707796086e-02
1.223152625707796086e-02
1.223152625707796086e-02
1.223152625707796086e-02
1.223152625707796086e-02
1.223152625707796086e-02
1.653529031823291681e-02
1.099455724072304248e-02
1.099455724072304248e-02
0.000000000000000000e+00
1.553404168629400617e-02
1.553404168629400617e-02
3.022127899168576201e-02
3.022127899168576201e-02
3.022127899168576201e-02
1.178775438287509546e-02
1.178775438287509546e-02
1.178775438287509546e-02
1.178775438287509546e-02
1.963470261222283533e-02
1.374795998840501986e-02
1.374795998840501986e-02
7.501743743808820912e-03
7.501743743808820912e-03
7.501743743808820912e-03
7.501743743808820912e-03
7.501743743808820912e-03
7.501743743808820912e-03
2.100067297536549601e-04
2.100067297536549601e-04
1.502609034191603188e-01
1.502609034191603188e-01
1.502609034191603188e-01
1.464094208716626086e-02
2.104909854520402995e-02
2.104909854520402995e-02
9.959981921175534852e-03
2.192612258132997302e-02
1.486481865397568797e-02
1.486481865397568797e-02
1.486481865397568797e-02
1.177768456587394326e-02
1.177768456587394326e-02
0.000000000000000000e+00
0.000000000000000000e+00
5.285460290855891613e-02
5.285460290855891613e-02
0.000000000000000000e+00
0.000000000000000000e+00
0.000000000000000000e+00
9.609129602499698677e-03
9.609129602499698677e-03
2.143932297179392335e-02
2.143932297179392335e-02
2.143932297179392335e-02
4.868072022720260766e-03
4.868072022720260766e-03
6.573013066145843089e-04
6.573013066145843089e-04
8.974298079761361055e-03
6.573013066145843089e-04
8.201849465753616869e-03
8.201849465753616869e-03
8.201849465753616869e-03
1.496874589112895913e-02
1.496874589112895913e-02
1.496874589112895913e-02
1.496874589112895913e-02
1.496874589112895913e-02
1.496874589112895913e-02
1.496874589112895913e-02
1.496874589112895913e-02
3.681113248239895747e-02
3.681113248239895747e-02
3.681113248239895747e-02
3.681113248239895747e-02
3.681113248239895747e-02
2.860155673526898479e-02
0.000000000000000000e+00
0.000000000000000000e+00
0.000000000000000000e+00
0.000000000000000000e+00
0.000000000000000000e+00
0.000000000000000000e+00
1.045390407350829318e-02
1.045390407350829318e-02
8.974298079761361055e-03
3.992315981945864650e-03
3.992315981945864650e-03
3.992315981945864650e-03
3.992315981945864650e-03
3.992315981945864650e-03
0.000000000000000000e+00
0.000000000000000000e+00
0.000000000000000000e+00
0.000000000000000000e+00
3.371515759897185816e-03
1.426169608659095395e-02
3.735344704016758336e-03
3.735344704016758336e-03
4.220211696352157288e-02
4.220211696352157288e-02
1.507668403055522147e-02
4.472609779069719460e-02
0.000000000000000000e+00
0.000000000000000000e+00
0.000000000000000000e+00
4.472609779069719460e-02
0.000000000000000000e+00
0.000000000000000000e+00
7.982485999828552517e-03
1.821768226704556515e-02
3.371515759897185816e-03
1.618088165967194320e-02
1.618088165967194320e-02
1.618088165967194320e-02
7.894256993131754455e-03
7.894256993131754455e-03
4.054852006227960270e-02
4.054852006227960270e-02
3.481137694366078558e-03
3.481137694366078558e-03
7.371757439489689048e-03
7.371757439489689048e-03
7.371757439489689048e-03
7.371757439489689048e-03
1.407926867831849581e-02
8.885817366707047388e-03
1.821768226704556515e-02
2.279432974742715001e-02
3.713755756031022516e-04
1.046505372357956105e-02
1.046505372357956105e-02
7.278983990674721231e-03
7.278983990674721231e-03
6.700708108274996922e-04
6.700708108274996922e-04
6.700708108274996922e-04
6.700708108274996922e-04
6.700708108274996922e-04
6.700708108274996922e-04
8.885817366707047388e-03
0.000000000000000000e+00
1.324980250714371914e-02
1.043107546590676428e-02
1.043107546590676428e-02
2.351401296236608953e-03
2.351401296236608953e-03
1.324980250714371914e-02
1.324980250714371914e-02
1.324980250714371914e-02
1.324980250714371914e-02
1.324980250714371914e-02
1.324980250714371914e-02
1.324980250714371914e-02
1.324980250714371914e-02
1.881679439872044335e-02
1.881679439872044335e-02
1.881679439872044335e-02
2.331724576547022226e-03
7.951938293979932820e-03
7.951938293979932820e-03
1.507668403055522147e-02
1.507668403055522147e-02
1.507668403055522147e-02
1.507668403055522147e-02
3.774968230884796078e-02
7.318241441237217405e-03
0.000000000000000000e+00
3.782483950334686318e-02
2.331724576547022226e-03
2.331724576547022226e-03
2.331724576547022226e-03
8.473281934215171410e-03
3.774968230884796078e-02
3.774968230884796078e-02
3.774968230884796078e-02
3.774968230884796078e-02
3.774968230884796078e-02
3.746691544296225189e-03
3.746691544296225189e-03
9.389747143527336221e-03
9.389747143527336221e-03
2.192612258132997302e-02
2.192612258132997302e-02
2.192612258132997302e-02
2.192612258132997302e-02
2.192612258132997302e-02
2.192612258132997302e-02
3.134276545535866210e-02
0.000000000000000000e+00
0.000000000000000000e+00
0.000000000000000000e+00
1.547731876451953134e-02
1.823163778866409429e-02
1.464094208716626086e-02
1.206679722929120471e-02
1.206679722929120471e-02
1.643755410018506169e-02
1.643755410018506169e-02
1.643755410018506169e-02
1.643755410018506169e-02
1.643755410018506169e-02
1.643755410018506169e-02
1.944163226116408030e-02
1.944163226116408030e-02
1.944163226116408030e-02
1.944163226116408030e-02
1.944163226116408030e-02
1.944163226116408030e-02
1.944163226116408030e-02
1.944163226116408030e-02
1.944163226116408030e-02
8.361176220953975280e-03
8.361176220953975280e-03
8.361176220953975280e-03
8.361176220953975280e-03
3.713755756031022516e-04
8.966583597713254083e-03
8.966583597713254083e-03
8.966583597713254083e-03
8.966583597713254083e-03
8.966583597713254083e-03
8.966583597713254083e-03
8.966583597713254083e-03
8.966583597713254083e-03
8.966583597713254083e-03
8.966583597713254083e-03
1.823163778866409429e-02
1.516205707629670642e-03
1.516205707629670642e-03
3.491247657029952767e-02
3.491247657029952767e-02
2.009311006545381681e-02
2.009311006545381681e-02
1.138293923699390010e-02
3.000429373961910253e-03
3.000429373961910253e-03
2.923095197369006415e-02
2.923095197369006415e-02
9.943304970312932464e-03
9.943304970312932464e-03
9.943304970312932464e-03
2.710634479781277514e-02
2.710634479781277514e-02
3.007718297206112088e-03
5.677849081521600672e-03
0.000000000000000000e+00
0.000000000000000000e+00
1.580811816030402647e-02
1.479784449429260088e-02
1.479784449429260088e-02
1.479784449429260088e-02
1.479784449429260088e-02
5.677849081521600672e-03
5.795346637354779895e-03
0.000000000000000000e+00
0.000000000000000000e+00
0.000000000000000000e+00
0.000000000000000000e+00
4.673346288799820614e-02
4.673346288799820614e-02
4.673346288799820614e-02
4.673346288799820614e-02
9.585748314452709369e-04
6.741764341775530536e-03
5.795346637354779895e-03
1.580811816030402647e-02
1.067054920658789749e-02
4.895231579007658764e-04
6.741764341775530536e-03
1.580811816030402647e-02
4.895231579007658764e-04
4.895231579007658764e-04
4.895231579007658764e-04
4.895231579007658764e-04
