8.370932020306507543e-03
8.383143519734240212e-02
8.383143519734240212e-02
4.323620121548605449e-02
1.568092337638943290e-02
1.568092337638943290e-02
1.568092337638943290e-02
1.568092337638943290e-02
1.568092337638943290e-02
1.568092337638943290e-02
1.568092337638943290e-02
1.568092337638943290e-02
1.568092337638943290e-02
1.568092337638943290e-02
2.967878878438153130e-03
1.413423973003272160e-02
1.413423973003272160e-02
1.402381332512828149e-02
6.401264777553805456e-03
6.401264777553805456e-03
6.401264777553805456e-03
6.401264777553805456e-03
2.043448605292284836e-03
1.623215495915090361e-03
1.623215495915090361e-03
1.623215495915090361e-03
1.623215495915090361e-03
7.638173324302493551e-03
7.638173324302493551e-03
7.638173324302493551e-03
7.638173324302493551e-03
7.638173324302493551e-03
7.638173324302493551e-03
7.638173324302493551e-03
7.638173324302493551e-03
7.638173324302493551e-03
7.638173324302493551e-03
7.638173324302493551e-03
8.370932020306507543e-03
8.370932020306507543e-03
8.370932020306507543e-03
8.370932020306507543e-03
8.370932020306507543e-03
8.370932020306507543e-03
8.370932020306507543e-03
8.370932020306507543e-03
8.370932020306507543e-03
8.370932020306507543e-03
8.370932020306507543e-03
8.370932020306507543e-03
8.370932020306507543e-03
8.370932020306507543e-03
8.370932020306507543e-03
8.370932020306507543e-03
2.062513580813489511e-02
2.062513580813489511e-02
2.062513580813489511e-02
2.062513580813489511e-02
2.062513580813489511e-02
2.062513580813489511e-02
2.062513580813489511e-02
2.062513580813489511e-02
2.062513580813489511e-02
2.062513580813489511e-02
2.062513580813489511e-02
2.000397254679327219e-02
0.000000000000000000e+00
0.000000000000000000e+00
1.402381332512828149e-02
1.402381332512828149e-02
1.402381332512828149e-02
1.402381332512828149e-02
1.402381332512828149e-02
1.402381332512828149e-02
2.043448605292284836e-03
2.043448605292284836e-03
2.043448605292284836e-03
2.043448605292284836e-03
2.043448605292284836e-03
2.043448605292284836e-03
2.043448605292284836e-03
2.043448605292284836e-03
1.260418955979074503e-02
3.951916501186158309e-02
3.951916501186158309e-02
3.951916501186158309e-02
3.951916501186158309e-02
2.115838082168705614e-02
2.000397254679327219e-02
2.000397254679327219e-02
2.000397254679327219e-02
6.325482534705473281e-02
6.325482534705473281e-02
6.325482534705473281e-02
6.325482534705473281e-02
6.325482534705473281e-02
6.325482534705473281e-02
6.325482534705473281e-02
6.325482534705473281e-02
6.325482534705473281e-02
6.325482534705473281e-02
6.325482534705473281e-02
6.325482534705473281e-02
6.325482534705473281e-02
9.696915747128179164e-03
9.696915747128179164e-03
9.696915747128179164e-03
9.696915747128179164e-03
9.696915747128179164e-03
9.696915747128179164e-03
9.696915747128179164e-03
9.696915747128179164e-03
9.696915747128179164e-03
9.696915747128179164e-03
9.696915747128179164e-03
9.696915747128179164e-03
9.696915747128179164e-03
9.696915747128179164e-03
9.696915747128179164e-03
9.696915747128179164e-03
9.696915747128179164e-03
0.000000000000000000e+00
3.134666095942870850e-02
3.134666095942870850e-02
3.134666095942870850e-02
3.134666095942870850e-02
3.134666095942870850e-02
3.134666095942870850e-02
3.134666095942870850e-02
3.134666095942870850e-02
3.134666095942870850e-02
3.134666095942870850e-02
6.145021382260888385e-03
3.010811483529852398e-03
3.010811483529852398e-03
0.000000000000000000e+00
0.000000000000000000e+00
0.000000000000000000e+00
0.000000000000000000e+00
0.000000000000000000e+00
0.000000000000000000e+00
0.000000000000000000e+00
0.000000000000000000e+00
0.000000000000000000e+00
0.000000000000000000e+00
0.000000000000000000e+00
1.415369579023064393e-02
7.307512763786105925e-03
7.307512763786105925e-03
7.307512763786105925e-03
7.307512763786105925e-03
2.115838082168705614e-02
2.115838082168705614e-02
2.115838082168705614e-02
2.115838082168705614e-02
7.208410291614554717e-03
7.208410291614554717e-03
7.208410291614554717e-03
7.208410291614554717e-03
7.208410291614554717e-03
7.208410291614554717e-03
7.208410291614554717e-03
7.208410291614554717e-03
7.208410291614554717e-03
7.208410291614554717e-03
7.208410291614554717e-03
1.482566948890421538e-02
3.018768042343217381e-04
3.018768042343217381e-04
3.018768042343217381e-04
3.018768042343217381e-04
3.018768042343217381e-04
3.018768042343217381e-04
3.018768042343217381e-04
3.018768042343217381e-04
8.111506203519542463e-03
1.800554639772650655e-03
1.800554639772650655e-03
1.800554639772650655e-03
1.800554639772650655e-03
1.800554639772650655e-03
1.800554639772650655e-03
2.768309949358301741e-02
2.768309949358301741e-02
2.768309949358301741e-02
2.768309949358301741e-02
2.768309949358301741e-02
2.768309949358301741e-02
2.768309949358301741e-02
2.768309949358301741e-02
2.768309949358301741e-02
2.768309949358301741e-02
2.768309949358301741e-02
2.768309949358301741e-02
2.768309949358301741e-02
9.911028371987290475e-03
0.000000000000000000e+00
0.000000000000000000e+00
1.482566948890421538e-02
1.482566948890421538e-02
1.482566948890421538e-02
1.482566948890421538e-02
1.482566948890421538e-02
1.482566948890421538e-02
4.326583000601107870e-03
4.326583000601107870e-03
4.326583000601107870e-03
4.326583000601107870e-03
4.326583000601107870e-03
4.326583000601107870e-03
4.326583000601107870e-03
4.326583000601107870e-03
4.326583000601107870e-03
4.326583000601107870e-03
4.326583000601107870e-03
4.326583000601107870e-03
4.326583000601107870e-03
2.120620081295577131e-04
2.120620081295577131e-04
2.120620081295577131e-04
2.120620081295577131e-04
2.120620081295577131e-04
2.120620081295577131e-04
2.120620081295577131e-04
1.217558307620858482e-02
2.120620081295577131e-04
6.145021382260888385e-03
1.348118316736433842e-02
1.348118316736433842e-02
1.348118316736433842e-02
1.348118316736433842e-02
1.348118316736433842e-02
1.348118316736433842e-02
1.348118316736433842e-02
1.348118316736433842e-02
6.275577682878036301e-02
6.275577682878036301e-02
6.275577682878036301e-02
6.275577682878036301e-02
6.275577682878036301e-02
6.275577682878036301e-02
6.275577682878036301e-02
6.275577682878036301e-02
6.275577682878036301e-02
6.275577682878036301e-02
6.275577682878036301e-02
3.158094740975222331e-02
0.000000000000000000e+00
0.000000000000000000e+00
1.048878736004509558e-02
1.603475900516496914e-03
1.603475900516496914e-03
3.158094740975222331e-02
3.158094740975222331e-02
3.158094740975222331e-02
3.158094740975222331e-02
3.158094740975222331e-02
3.158094740975222331e-02
3.158094740975222331e-02
3.158094740975222331e-02
3.158094740975222331e-02
3.158094740975222331e-02
6.160020031106696638e-03
6.124225236225965506e-03
6.124225236225965506e-03
6.124225236225965506e-03
6.124225236225965506e-03
6.124225236225965506e-03
6.124225236225965506e-03
6.124225236225965506e-03
6.124225236225965506e-03
6.124225236225965506e-03
6.124225236225965506e-03
3.219260043978446756e-02
3.219260043978446756e-02
3.219260043978446756e-02
3.219260043978446756e-02
3.219260043978446756e-02
3.219260043978446756e-02
3.219260043978446756e-02
3.219260043978446756e-02
3.219260043978446756e-02
3.219260043978446756e-02
3.219260043978446756e-02
3.219260043978446756e-02
3.219260043978446756e-02
3.219260043978446756e-02
3.219260043978446756e-02
3.219260043978446756e-02
3.219260043978446756e-02
3.219260043978446756e-02
3.219260043978446756e-02
1.048878736004509558e-02
9.614087172631654091e-03
9.614087172631654091e-03
9.614087172631654091e-03
9.614087172631654091e-03
9.614087172631654091e-03
9.614087172631654091e-03
9.614087172631654091e-03
9.614087172631654091e-03
9.614087172631654091e-03
9.614087172631654091e-03
5.841060080397020120e-03
9.277459720784017594e-03
9.277459720784017594e-03
0.000000000000000000e+00
4.507859770105803257e-03
4.507859770105803257e-03
4.507859770105803257e-03
4.507859770105803257e-03
4.507859770105803257e-03
4.507859770105803257e-03
8.811940506700050718e-03
6.011240095515212219e-03
6.011240095515212219e-03
6.011240095515212219e-03
6.011240095515212219e-03
6.011240095515212219e-03
6.011240095515212219e-03
6.011240095515212219e-03
6.011240095515212219e-03
6.011240095515212219e-03
6.011240095515212219e-03
6.011240095515212219e-03
6.011240095515212219e-03
6.011240095515212219e-03
6.011240095515212219e-03
6.011240095515212219e-03
6.011240095515212219e-03
6.011240095515212219e-03
6.011240095515212219e-03
7.047881922955277940e-03
7.047881922955277940e-03
7.047881922955277940e-03
7.047881922955277940e-03
7.047881922955277940e-03
7.047881922955277940e-03
7.047881922955277940e-03
7.047881922955277940e-03
7.047881922955277940e-03
7.047881922955277940e-03
7.047881922955277940e-03
7.047881922955277940e-03
7.047881922955277940e-03
7.047881922955277940e-03
7.047881922955277940e-03
7.047881922955277940e-03
7.047881922955277940e-03
3.353396540693135471e-03
3.353396540693135471e-03
3.353396540693135471e-03
3.353396540693135471e-03
3.353396540693135471e-03
3.353396540693135471e-03
3.353396540693135471e-03
3.353396540693135471e-03
3.353396540693135471e-03
3.353396540693135471e-03
3.353396540693135471e-03
1.315803319186682752e-02
3.635610461525816319e-03
3.635610461525816319e-03
3.635610461525816319e-03
3.635610461525816319e-03
3.635610461525816319e-03
3.635610461525816319e-03
5.841060080397020120e-03
5.841060080397020120e-03
5.841060080397020120e-03
5.841060080397020120e-03
5.841060080397020120e-03
5.841060080397020120e-03
5.841060080397020120e-03
5.841060080397020120e-03
5.841060080397020120e-03
5.841060080397020120e-03
5.841060080397020120e-03
5.841060080397020120e-03
1.447542458889519712e-01
3.932611283730413215e-03
3.932611283730413215e-03
3.932611283730413215e-03
3.932611283730413215e-03
0.000000000000000000e+00
0.000000000000000000e+00
0.000000000000000000e+00
0.000000000000000000e+00
1.841206633495912808e-03
1.528885655858116524e-03
1.528885655858116524e-03
1.429005823796859233e-02
1.429005823796859233e-02
1.429005823796859233e-02
1.429005823796859233e-02
1.429005823796859233e-02
1.429005823796859233e-02
1.429005823796859233e-02
1.429005823796859233e-02
1.429005823796859233e-02
1.429005823796859233e-02
1.429005823796859233e-02
6.765811135430494991e-03
6.765811135430494991e-03
6.765811135430494991e-03
6.765811135430494991e-03
6.765811135430494991e-03
6.765811135430494991e-03
6.765811135430494991e-03
6.765811135430494991e-03
6.765811135430494991e-03
6.765811135430494991e-03
6.765811135430494991e-03
1.841206633495912808e-03
1.841206633495912808e-03
1.841206633495912808e-03
1.841206633495912808e-03
1.841206633495912808e-03
1.841206633495912808e-03
1.841206633495912808e-03
1.841206633495912808e-03
1.841206633495912808e-03
1.841206633495912808e-03
2.365011590260104532e-02
2.303933545306752900e-02
2.303933545306752900e-02
2.303933545306752900e-02
2.303933545306752900e-02
2.303933545306752900e-02
2.303933545306752900e-02
2.303933545306752900e-02
2.303933545306752900e-02
2.303933545306752900e-02
2.303933545306752900e-02
2.303933545306752900e-02
2.303933545306752900e-02
1.748392904887154499e-04
2.341022357165617115e-02
2.341022357165617115e-02
2.341022357165617115e-02
2.341022357165617115e-02
2.341022357165617115e-02
2.341022357165617115e-02
2.341022357165617115e-02
2.341022357165617115e-02
2.341022357165617115e-02
2.341022357165617115e-02
1.568674912780295902e-02
2.618904463078508202e-02
2.618904463078508202e-02
3.652242574244292384e-02
1.345562401259171523e-02
1.345562401259171523e-02
1.027985715285090543e-02
3.741475969977785775e-03
3.741475969977785775e-03
2.675594437590452304e-02
2.675594437590452304e-02
2.675594437590452304e-02
2.675594437590452304e-02
2.675594437590452304e-02
2.675594437590452304e-02
2.675594437590452304e-02
2.675594437590452304e-02
2.675594437590452304e-02
2.675594437590452304e-02
2.675594437590452304e-02
2.675594437590452304e-02
2.675594437590452304e-02
2.675594437590452304e-02
2.675594437590452304e-02
2.675594437590452304e-02
2.675594437590452304e-02
2.675594437590452304e-02
2.675594437590452304e-02
2.675594437590452304e-02
2.675594437590452304e-02
1.447542458889519712e-01
0.000000000000000000e+00
0.000000000000000000e+00
3.225222675705792519e-02
3.225222675705792519e-02
3.225222675705792519e-02
3.225222675705792519e-02
3.225222675705792519e-02
3.225222675705792519e-02
3.225222675705792519e-02
3.225222675705792519e-02
3.225222675705792519e-02
3.225222675705792519e-02
3.225222675705792519e-02
3.225222675705792519e-02
3.225222675705792519e-02
3.225222675705792519e-02
3.225222675705792519e-02
1.568674912780295902e-02
2.684101203193203951e-03
2.684101203193203951e-03
2.684101203193203951e-03
2.684101203193203951e-03
2.684101203193203951e-03
2.684101203193203951e-03
0.000000000000000000e+00
0.000000000000000000e+00
0.000000000000000000e+00
0.000000000000000000e+00
0.000000000000000000e+00
0.000000000000000000e+00
0.000000000000000000e+00
0.000000000000000000e+00
0.000000000000000000e+00
0.000000000000000000e+00
0.000000000000000000e+00
0.000000000000000000e+00
0.000000000000000000e+00
3.209653267951190908e-02
2.451193296776624231e-02
2.451193296776624231e-02
2.451193296776624231e-02
2.451193296776624231e-02
2.451193296776624231e-02
2.451193296776624231e-02
2.451193296776624231e-02
2.451193296776624231e-02
4.531196758305399731e-03
4.531196758305399731e-03
4.531196758305399731e-03
4.531196758305399731e-03
4.531196758305399731e-03
4.531196758305399731e-03
4.531196758305399731e-03
4.531196758305399731e-03
4.531196758305399731e-03
4.531196758305399731e-03
4.531196758305399731e-03
4.531196758305399731e-03
4.531196758305399731e-03
0.000000000000000000e+00
0.000000000000000000e+00
0.000000000000000000e+00
1.280611914594070692e-02
1.280611914594070692e-02
1.280611914594070692e-02
1.280611914594070692e-02
1.280611914594070692e-02
1.280611914594070692e-02
1.280611914594070692e-02
1.280611914594070692e-02
1.280611914594070692e-02
1.280611914594070692e-02
1.280611914594070692e-02
1.280611914594070692e-02
1.280611914594070692e-02
3.881757297095971004e-02
9.697553653139642793e-02
9.697553653139642793e-02
9.697553653139642793e-02
9.697553653139642793e-02
9.697553653139642793e-02
9.697553653139642793e-02
1.991816531597718695e-02
3.330705209867391298e-02
1.991816531597718695e-02
2.589248723924511900e-02
3.330705209867391298e-02
0.000000000000000000e+00
0.000000000000000000e+00
0.000000000000000000e+00
0.000000000000000000e+00
0.000000000000000000e+00
0.000000000000000000e+00
0.000000000000000000e+00
0.000000000000000000e+00
7.809966344269819033e-03
7.809966344269819033e-03
7.809966344269819033e-03
7.809966344269819033e-03
7.809966344269819033e-03
7.809966344269819033e-03
7.809966344269819033e-03
7.809966344269819033e-03
7.809966344269819033e-03
7.809966344269819033e-03
7.809966344269819033e-03
7.809966344269819033e-03
7.809966344269819033e-03
7.809966344269819033e-03
7.809966344269819033e-03
4.109202009375999276e-02
4.109202009375999276e-02
4.109202009375999276e-02
4.109202009375999276e-02
4.109202009375999276e-02
4.109202009375999276e-02
4.109202009375999276e-02
4.109202009375999276e-02
4.109202009375999276e-02
4.109202009375999276e-02
4.109202009375999276e-02
4.109202009375999276e-02
4.109202009375999276e-02
4.109202009375999276e-02
4.109202009375999276e-02
2.589248723924511900e-02
2.589248723924511900e-02
2.589248723924511900e-02
2.589248723924511900e-02
2.589248723924511900e-02
2.589248723924511900e-02
4.637781854065397072e-03
4.637781854065397072e-03
4.637781854065397072e-03
4.637781854065397072e-03
4.637781854065397072e-03
4.637781854065397072e-03
4.637781854065397072e-03
4.637781854065397072e-03
4.637781854065397072e-03
4.637781854065397072e-03
4.637781854065397072e-03
4.637781854065397072e-03
4.637781854065397072e-03
0.000000000000000000e+00
0.000000000000000000e+00
0.000000000000000000e+00
1.260418955979074503e-02
1.260418955979074503e-02
1.260418955979074503e-02
1.260418955979074503e-02
1.260418955979074503e-02
4.291793922737328904e-02
1.415369579023064393e-02
1.415369579023064393e-02
1.415369579023064393e-02
1.415369579023064393e-02
1.415369579023064393e-02
1.415369579023064393e-02
0.000000000000000000e+00
1.645606552424242960e-02
1.645606552424242960e-02
1.645606552424242960e-02
1.645606552424242960e-02
1.645606552424242960e-02
1.645606552424242960e-02
1.645606552424242960e-02
1.645606552424242960e-02
1.645606552424242960e-02
1.645606552424242960e-02
1.645606552424242960e-02
1.645606552424242960e-02
1.645606552424242960e-02
1.645606552424242960e-02
3.590029967760493060e-03
5.670394435246147759e-03
5.670394435246147759e-03
5.670394435246147759e-03
5.670394435246147759e-03
5.670394435246147759e-03
5.670394435246147759e-03
5.670394435246147759e-03
5.670394435246147759e-03
5.670394435246147759e-03
5.670394435246147759e-03
8.554952590416906120e-04
3.296189406745089062e-02
3.296189406745089062e-02
3.296189406745089062e-02
3.296189406745089062e-02
3.296189406745089062e-02
3.296189406745089062e-02
3.296189406745089062e-02
3.296189406745089062e-02
3.296189406745089062e-02
3.296189406745089062e-02
3.296189406745089062e-02
3.296189406745089062e-02
3.296189406745089062e-02
3.296189406745089062e-02
3.296189406745089062e-02
3.296189406745089062e-02
5.463456116161545008e-03
9.990376278160074432e-04
9.990376278160074432e-04
9.990376278160074432e-04
9.990376278160074432e-04
9.990376278160074432e-04
9.990376278160074432e-04
9.990376278160074432e-04
9.990376278160074432e-04
1.282047196107246115e-02
3.307289743160898160e-02
3.307289743160898160e-02
3.307289743160898160e-02
3.307289743160898160e-02
1.136436327241422371e-02
2.841683996740654219e-03
2.841683996740654219e-03
2.841683996740654219e-03
2.841683996740654219e-03
2.841683996740654219e-03
2.841683996740654219e-03
2.841683996740654219e-03
2.841683996740654219e-03
6.767160789456117161e-03
2.139214179554387030e-02
2.139214179554387030e-02
0.000000000000000000e+00
2.469895310604565668e-03
2.469895310604565668e-03
2.469895310604565668e-03
2.469895310604565668e-03
2.469895310604565668e-03
2.469895310604565668e-03
2.469895310604565668e-03
2.469895310604565668e-03
2.469895310604565668e-03
2.469895310604565668e-03
3.766248856617792490e-02
4.321231620328563720e-03
4.321231620328563720e-03
4.321231620328563720e-03
4.321231620328563720e-03
4.321231620328563720e-03
4.321231620328563720e-03
1.153128622677516112e-02
1.482498027666219638e-02
1.482498027666219638e-02
1.482498027666219638e-02
1.482498027666219638e-02
1.482498027666219638e-02
1.482498027666219638e-02
3.989839837000627026e-02
3.248223672660729977e-02
3.248223672660729977e-02
3.248223672660729977e-02
3.248223672660729977e-02
3.248223672660729977e-02
3.248223672660729977e-02
2.165489989740828399e-03
2.165489989740828399e-03
2.165489989740828399e-03
2.165489989740828399e-03
2.165489989740828399e-03
2.165489989740828399e-03
2.165489989740828399e-03
2.165489989740828399e-03
2.165489989740828399e-03
2.165489989740828399e-03
2.165489989740828399e-03
3.847826689235026021e-02
3.711091933546616442e-03
3.711091933546616442e-03
3.659211079710498939e-03
3.659211079710498939e-03
3.659211079710498939e-03
3.659211079710498939e-03
3.659211079710498939e-03
3.659211079710498939e-03
3.659211079710498939e-03
3.659211079710498939e-03
3.659211079710498939e-03
3.659211079710498939e-03
3.659211079710498939e-03
3.659211079710498939e-03
3.659211079710498939e-03
0.000000000000000000e+00
9.784536343508343226e-03
9.784536343508343226e-03
9.784536343508343226e-03
9.784536343508343226e-03
9.784536343508343226e-03
9.784536343508343226e-03
9.784536343508343226e-03
9.784536343508343226e-03
9.784536343508343226e-03
9.784536343508343226e-03
9.462990431765912203e-03
3.989839837000627026e-02
3.989839837000627026e-02
3.989839837000627026e-02
9.462990431765912203e-03
9.462990431765912203e-03
9.462990431765912203e-03
8.669220905229741911e-03
1.542764860475052957e-02
1.542764860475052957e-02
1.542764860475052957e-02
1.542764860475052957e-02
1.542764860475052957e-02
1.542764860475052957e-02
1.542764860475052957e-02
1.542764860475052957e-02
1.542764860475052957e-02
1.542764860475052957e-02
1.542764860475052957e-02
1.542764860475052957e-02
1.542764860475052957e-02
1.542764860475052957e-02
1.542764860475052957e-02
1.542764860475052957e-02
1.542764860475052957e-02
1.542764860475052957e-02
1.853634602855856045e-02
1.853634602855856045e-02
1.853634602855856045e-02
1.853634602855856045e-02
1.853634602855856045e-02
1.853634602855856045e-02
1.853634602855856045e-02
1.853634602855856045e-02
1.853634602855856045e-02
1.853634602855856045e-02
1.853634602855856045e-02
1.282047196107246115e-02
1.551018161933062460e-02
1.551018161933062460e-02
1.907934792459159770e-02
1.907934792459159770e-02
1.907934792459159770e-02
1.907934792459159770e-02
1.907934792459159770e-02
1.907934792459159770e-02
1.907934792459159770e-02
1.907934792459159770e-02
1.907934792459159770e-02
1.907934792459159770e-02
1.907934792459159770e-02
1.907934792459159770e-02
1.907934792459159770e-02
1.653657627474188971e-02
1.653657627474188971e-02
1.653657627474188971e-02
1.653657627474188971e-02
1.653657627474188971e-02
1.653657627474188971e-02
1.653657627474188971e-02
1.653657627474188971e-02
1.653657627474188971e-02
1.653657627474188971e-02
1.653657627474188971e-02
1.653657627474188971e-02
1.653657627474188971e-02
1.653657627474188971e-02
1.653657627474188971e-02
1.653657627474188971e-02
1.653657627474188971e-02
1.653657627474188971e-02
1.653657627474188971e-02
3.400306706853312936e-03
0.000000000000000000e+00
0.000000000000000000e+00
0.000000000000000000e+00
0.000000000000000000e+00
0.000000000000000000e+00
7.372907020961287118e-03
7.372907020961287118e-03
7.372907020961287118e-03
7.372907020961287118e-03
7.372907020961287118e-03
7.372907020961287118e-03
7.372907020961287118e-03
7.372907020961287118e-03
7.372907020961287118e-03
7.372907020961287118e-03
7.372907020961287118e-03
7.372907020961287118e-03
7.372907020961287118e-03
7.372907020961287118e-03
3.364119964168233584e-02
5.032679557013554177e-03
5.032679557013554177e-03
5.032679557013554177e-03
5.032679557013554177e-03
5.032679557013554177e-03
5.032679557013554177e-03
5.976283462549680618e-03
3.496013280790592672e-03
3.496013280790592672e-03
3.496013280790592672e-03
3.496013280790592672e-03
3.496013280790592672e-03
3.496013280790592672e-03
3.221663607699291193e-02
3.221663607699291193e-02
3.221663607699291193e-02
3.221663607699291193e-02
3.221663607699291193e-02
3.221663607699291193e-02
3.221663607699291193e-02
1.861512992145608614e-02
3.221663607699291193e-02
3.221663607699291193e-02
3.221663607699291193e-02
3.221663607699291193e-02
3.221663607699291193e-02
3.221663607699291193e-02
3.221663607699291193e-02
3.221663607699291193e-02
3.221663607699291193e-02
5.108411412668993797e-03
1.796834000850855428e-02
1.796834000850855428e-02
1.796834000850855428e-02
1.796834000850855428e-02
1.796834000850855428e-02
1.796834000850855428e-02
1.796834000850855428e-02
1.796834000850855428e-02
1.796834000850855428e-02
1.796834000850855428e-02
1.796834000850855428e-02
1.796834000850855428e-02
1.796834000850855428e-02
1.796834000850855428e-02
2.716203013884609975e-03
0.000000000000000000e+00
0.000000000000000000e+00
0.000000000000000000e+00
0.000000000000000000e+00
3.647979575116377677e-03
3.647979575116377677e-03
3.647979575116377677e-03
3.647979575116377677e-03
3.647979575116377677e-03
3.647979575116377677e-03
3.647979575116377677e-03
3.647979575116377677e-03
3.647979575116377677e-03
3.647979575116377677e-03
3.647979575116377677e-03
3.647979575116377677e-03
3.647979575116377677e-03
3.647979575116377677e-03
3.647979575116377677e-03
3.647979575116377677e-03
3.647979575116377677e-03
3.647979575116377677e-03
3.647979575116377677e-03
3.647979575116377677e-03
3.647979575116377677e-03
1.970031792580582974e-02
1.970031792580582974e-02
1.970031792580582974e-02
1.970031792580582974e-02
1.970031792580582974e-02
1.970031792580582974e-02
1.970031792580582974e-02
1.970031792580582974e-02
1.970031792580582974e-02
1.970031792580582974e-02
1.970031792580582974e-02
9.155006672302517081e-04
9.155006672302517081e-04
9.155006672302517081e-04
9.155006672302517081e-04
9.155006672302517081e-04
9.155006672302517081e-04
9.155006672302517081e-04
9.155006672302517081e-04
9.155006672302517081e-04
9.155006672302517081e-04
9.155006672302517081e-04
3.842956813444302171e-03
3.722154775597762144e-02
3.722154775597762144e-02
3.722154775597762144e-02
3.722154775597762144e-02
3.722154775597762144e-02
3.722154775597762144e-02
3.722154775597762144e-02
3.722154775597762144e-02
3.722154775597762144e-02
3.722154775597762144e-02
5.976283462549680618e-03
1.851564905919847112e-02
1.851564905919847112e-02
1.851564905919847112e-02
1.851564905919847112e-02
1.851564905919847112e-02
1.851564905919847112e-02
1.851564905919847112e-02
1.851564905919847112e-02
1.851564905919847112e-02
1.851564905919847112e-02
1.851564905919847112e-02
1.851564905919847112e-02
1.851564905919847112e-02
1.851564905919847112e-02
1.851564905919847112e-02
1.851564905919847112e-02
1.851564905919847112e-02
1.851564905919847112e-02
1.851564905919847112e-02
1.851564905919847112e-02
1.851564905919847112e-02
1.851564905919847112e-02
8.027065854313116672e-03
8.027065854313116672e-03
8.027065854313116672e-03
8.027065854313116672e-03
8.027065854313116672e-03
8.027065854313116672e-03
8.027065854313116672e-03
8.027065854313116672e-03
8.027065854313116672e-03
8.027065854313116672e-03
8.027065854313116672e-03
8.027065854313116672e-03
8.027065854313116672e-03
8.027065854313116672e-03
8.027065854313116672e-03
5.641513757614789043e-02
5.641513757614789043e-02
5.641513757614789043e-02
7.984652951060426662e-02
5.641513757614789043e-02
9.567121781842158335e-05
3.254697643284728409e-02
3.254697643284728409e-02
2.563148507371749291e-02
7.073239435363858942e-04
7.073239435363858942e-04
7.984652951060426662e-02
7.984652951060426662e-02
7.984652951060426662e-02
7.984652951060426662e-02
7.984652951060426662e-02
2.563148507371749291e-02
2.563148507371749291e-02
2.563148507371749291e-02
2.563148507371749291e-02
2.563148507371749291e-02
2.563148507371749291e-02
2.563148507371749291e-02
2.563148507371749291e-02
1.848277508613514752e-02
2.874507349166884398e-02
2.874507349166884398e-02
2.874507349166884398e-02
2.874507349166884398e-02
2.874507349166884398e-02
2.874507349166884398e-02
2.874507349166884398e-02
2.874507349166884398e-02
4.375466736891709708e-03
1.732028465412918661e-02
1.732028465412918661e-02
1.571654485638408760e-02
1.571654485638408760e-02
1.571654485638408760e-02
1.571654485638408760e-02
1.571654485638408760e-02
1.571654485638408760e-02
1.571654485638408760e-02
1.571654485638408760e-02
1.571654485638408760e-02
1.571654485638408760e-02
1.571654485638408760e-02
1.571654485638408760e-02
1.571654485638408760e-02
1.571654485638408760e-02
1.571654485638408760e-02
1.571654485638408760e-02
1.571654485638408760e-02
8.952848038396411801e-02
6.443229960381762801e-03
6.443229960381762801e-03
6.443229960381762801e-03
6.443229960381762801e-03
6.443229960381762801e-03
6.443229960381762801e-03
9.724789905860243763e-03
9.724789905860243763e-03
9.724789905860243763e-03
9.724789905860243763e-03
9.724789905860243763e-03
9.724789905860243763e-03
9.724789905860243763e-03
9.724789905860243763e-03
9.724789905860243763e-03
9.724789905860243763e-03
9.724789905860243763e-03
9.724789905860243763e-03
9.724789905860243763e-03
9.724789905860243763e-03
9.724789905860243763e-03
9.724789905860243763e-03
9.724789905860243763e-03
8.349201566331643579e-03
2.569077634940822915e-03
2.569077634940822915e-03
2.569077634940822915e-03
2.569077634940822915e-03
2.569077634940822915e-03
2.569077634940822915e-03
1.794153862483069547e-04
2.865540495529001266e-03
2.865540495529001266e-03
2.865540495529001266e-03
2.865540495529001266e-03
9.030872049187019593e-03
4.880269395494506862e-02
9.030872049187019593e-03
4.880269395494506862e-02
2.043384522973896804e-05
4.880269395494506862e-02
7.673176184417903126e-03
0.000000000000000000e+00
0.000000000000000000e+00
1.374616974321693670e-02
7.874339383030985740e-02
7.874339383030985740e-02
7.874339383030985740e-02
7.874339383030985740e-02
7.874339383030985740e-02
7.874339383030985740e-02
7.874339383030985740e-02
7.874339383030985740e-02
8.952848038396411801e-02
8.952848038396411801e-02
8.952848038396411801e-02
8.952848038396411801e-02
8.952848038396411801e-02
8.952848038396411801e-02
8.349201566331643579e-03
9.244927767494770868e-03
9.244927767494770868e-03
9.244927767494770868e-03
9.244927767494770868e-03
9.244927767494770868e-03
9.244927767494770868e-03
9.244927767494770868e-03
9.244927767494770868e-03
9.244927767494770868e-03
9.244927767494770868e-03
9.244927767494770868e-03
9.244927767494770868e-03
9.244927767494770868e-03
9.244927767494770868e-03
9.244927767494770868e-03
9.244927767494770868e-03
9.244927767494770868e-03
9.244927767494770868e-03
9.244927767494770868e-03
9.244927767494770868e-03
7.673176184417903126e-03
7.673176184417903126e-03
7.673176184417903126e-03
7.673176184417903126e-03
7.673176184417903126e-03
7.673176184417903126e-03
7.673176184417903126e-03
7.673176184417903126e-03
2.178747328314936671e-02
1.577161818754265268e-02
1.577161818754265268e-02
1.577161818754265268e-02
1.577161818754265268e-02
1.577161818754265268e-02
1.577161818754265268e-02
1.577161818754265268e-02
1.577161818754265268e-02
0.000000000000000000e+00
1.803517419745741257e-02
1.803517419745741257e-02
1.803517419745741257e-02
1.803517419745741257e-02
1.803517419745741257e-02
1.803517419745741257e-02
1.803517419745741257e-02
1.803517419745741257e-02
2.812244237567062752e-02
2.812244237567062752e-02
2.812244237567062752e-02
2.812244237567062752e-02
2.812244237567062752e-02
2.812244237567062752e-02
2.812244237567062752e-02
2.812244237567062752e-02
2.812244237567062752e-02
2.812244237567062752e-02
2.812244237567062752e-02
2.812244237567062752e-02
2.812244237567062752e-02
2.812244237567062752e-02
2.812244237567062752e-02
2.812244237567062752e-02
2.812244237567062752e-02
2.812244237567062752e-02
2.812244237567062752e-02
2.812244237567062752e-02
2.812244237567062752e-02
3.209653267951190908e-02
3.209653267951190908e-02
3.209653267951190908e-02
3.209653267951190908e-02
3.209653267951190908e-02
3.209653267951190908e-02
3.209653267951190908e-02
3.209653267951190908e-02
0.000000000000000000e+00
0.000000000000000000e+00
0.000000000000000000e+00
0.000000000000000000e+00
0.000000000000000000e+00
0.000000000000000000e+00
0.000000000000000000e+00
0.000000000000000000e+00
0.000000000000000000e+00
1.338437032908341810e-02
1.489566776973413886e-02
1.489566776973413886e-02
1.489566776973413886e-02
1.489566776973413886e-02
7.401142561170871150e-04
2.365046701629364145e-02
2.365046701629364145e-02
2.365046701629364145e-02
2.365046701629364145e-02
1.622675091101996245e-02
1.345083685501509679e-03
1.345083685501509679e-03
2.178747328314936671e-02
2.178747328314936671e-02
2.475459339516494425e-02
2.795425426199578053e-02
2.795425426199578053e-02
7.449751348708500559e-03
1.514540407914013835e-02
1.514540407914013835e-02
1.514540407914013835e-02
1.514540407914013835e-02
1.514540407914013835e-02
1.514540407914013835e-02
1.514540407914013835e-02
1.514540407914013835e-02
1.514540407914013835e-02
1.514540407914013835e-02
1.266726651301074667e-02
7.919822184704472176e-03
7.919822184704472176e-03
7.919822184704472176e-03
7.919822184704472176e-03
0.000000000000000000e+00
0.000000000000000000e+00
0.000000000000000000e+00
0.000000000000000000e+00
0.000000000000000000e+00
0.000000000000000000e+00
0.000000000000000000e+00
0.000000000000000000e+00
5.919743861136604612e-03
5.919743861136604612e-03
5.919743861136604612e-03
5.919743861136604612e-03
5.919743861136604612e-03
5.919743861136604612e-03
5.919743861136604612e-03
5.919743861136604612e-03
5.919743861136604612e-03
5.919743861136604612e-03
0.000000000000000000e+00
0.000000000000000000e+00
0.000000000000000000e+00
0.000000000000000000e+00
0.000000000000000000e+00
0.000000000000000000e+00
0.000000000000000000e+00
0.000000000000000000e+00
0.000000000000000000e+00
0.000000000000000000e+00
0.000000000000000000e+00
0.000000000000000000e+00
0.000000000000000000e+00
0.000000000000000000e+00
0.000000000000000000e+00
1.546229369769552657e-02
1.546229369769552657e-02
1.546229369769552657e-02
1.546229369769552657e-02
1.546229369769552657e-02
1.546229369769552657e-02
1.546229369769552657e-02
1.546229369769552657e-02
1.546229369769552657e-02
1.546229369769552657e-02
1.546229369769552657e-02
1.546229369769552657e-02
1.546229369769552657e-02
1.266726651301074667e-02
4.804354663243542815e-03
4.804354663243542815e-03
4.804354663243542815e-03
4.804354663243542815e-03
4.804354663243542815e-03
4.804354663243542815e-03
2.790423267326146151e-02
3.125433483446118932e-02
3.125433483446118932e-02
3.125433483446118932e-02
3.125433483446118932e-02
3.125433483446118932e-02
3.125433483446118932e-02
0.000000000000000000e+00
0.000000000000000000e+00
0.000000000000000000e+00
0.000000000000000000e+00
1.923822129861824104e-02
1.923822129861824104e-02
1.923822129861824104e-02
1.923822129861824104e-02
1.923822129861824104e-02
1.923822129861824104e-02
1.923822129861824104e-02
1.923822129861824104e-02
1.923822129861824104e-02
1.923822129861824104e-02
1.923822129861824104e-02
1.923822129861824104e-02
1.923822129861824104e-02
1.923822129861824104e-02
1.923822129861824104e-02
1.923822129861824104e-02
1.923822129861824104e-02
1.923822129861824104e-02
1.923822129861824104e-02
1.923822129861824104e-02
1.923822129861824104e-02
1.923822129861824104e-02
1.923822129861824104e-02
1.923822129861824104e-02
1.923822129861824104e-02
1.923822129861824104e-02
1.923822129861824104e-02
1.923822129861824104e-02
1.923822129861824104e-02
1.923822129861824104e-02
1.923822129861824104e-02
1.923822129861824104e-02
1.923822129861824104e-02
1.923822129861824104e-02
1.923822129861824104e-02
0.000000000000000000e+00
1.255114256201358101e-02
1.255114256201358101e-02
1.255114256201358101e-02
1.255114256201358101e-02
1.255114256201358101e-02
1.255114256201358101e-02
1.255114256201358101e-02
1.255114256201358101e-02
1.255114256201358101e-02
1.255114256201358101e-02
1.255114256201358101e-02
1.255114256201358101e-02
2.561988951245367657e-02
2.619579277396328135e-02
2.619579277396328135e-02
1.226471457752121262e-02
1.026046523654181378e-02
1.026046523654181378e-02
1.026046523654181378e-02
1.026046523654181378e-02
1.026046523654181378e-02
1.026046523654181378e-02
4.977732528363218098e-03
5.978697925178573340e-03
5.978697925178573340e-03
5.978697925178573340e-03
5.978697925178573340e-03
5.978697925178573340e-03
5.978697925178573340e-03
5.978697925178573340e-03
5.978697925178573340e-03
5.978697925178573340e-03
5.978697925178573340e-03
1.991774221214012632e-04
1.158545465059640338e-02
1.158545465059640338e-02
1.158545465059640338e-02
1.158545465059640338e-02
1.158545465059640338e-02
1.158545465059640338e-02
1.158545465059640338e-02
1.158545465059640338e-02
1.158545465059640338e-02
1.158545465059640338e-02
1.158545465059640338e-02
1.158545465059640338e-02
5.803248069146093799e-03
1.618068880849298299e-02
1.618068880849298299e-02
2.240373855182744081e-02
4.542457803231426429e-03
4.542457803231426429e-03
4.542457803231426429e-03
4.542457803231426429e-03
4.127650503633567558e-02
4.127650503633567558e-02
4.127650503633567558e-02
4.127650503633567558e-02
4.127650503633567558e-02
4.127650503633567558e-02
4.127650503633567558e-02
4.127650503633567558e-02
4.127650503633567558e-02
4.127650503633567558e-02
4.127650503633567558e-02
0.000000000000000000e+00
0.000000000000000000e+00
0.000000000000000000e+00
0.000000000000000000e+00
0.000000000000000000e+00
1.496434402728014264e-02
2.475459339516494425e-02
2.475459339516494425e-02
2.475459339516494425e-02
2.475459339516494425e-02
2.475459339516494425e-02
2.475459339516494425e-02
2.475459339516494425e-02
2.475459339516494425e-02
2.475459339516494425e-02
2.668114420182146097e-03
1.226471457752121262e-02
1.226471457752121262e-02
1.226471457752121262e-02
1.046886485736884566e-02
1.695869454130287737e-02
1.695869454130287737e-02
1.695869454130287737e-02
1.695869454130287737e-02
1.695869454130287737e-02
1.695869454130287737e-02
1.695869454130287737e-02
1.695869454130287737e-02
1.400876354127744521e-02
1.434272152082240528e-02
1.434272152082240528e-02
1.434272152082240528e-02
1.434272152082240528e-02
1.434272152082240528e-02
1.434272152082240528e-02
1.434272152082240528e-02
1.434272152082240528e-02
3.533450010794113999e-02
3.190632016110999530e-02
3.190632016110999530e-02
3.190632016110999530e-02
3.190632016110999530e-02
3.190632016110999530e-02
3.190632016110999530e-02
3.190632016110999530e-02
3.190632016110999530e-02
3.190632016110999530e-02
3.190632016110999530e-02
7.700761437392118595e-03
7.700761437392118595e-03
7.700761437392118595e-03
7.700761437392118595e-03
7.700761437392118595e-03
7.700761437392118595e-03
7.700761437392118595e-03
7.700761437392118595e-03
7.700761437392118595e-03
7.700761437392118595e-03
7.700761437392118595e-03
8.889196911791869687e-03
8.889196911791869687e-03
8.889196911791869687e-03
8.889196911791869687e-03
8.889196911791869687e-03
8.889196911791869687e-03
8.889196911791869687e-03
8.889196911791869687e-03
8.889196911791869687e-03
8.889196911791869687e-03
8.889196911791869687e-03
0.000000000000000000e+00
0.000000000000000000e+00
0.000000000000000000e+00
0.000000000000000000e+00
0.000000000000000000e+00
0.000000000000000000e+00
0.000000000000000000e+00
0.000000000000000000e+00
1.496434402728014264e-02
1.496434402728014264e-02
0.000000000000000000e+00
0.000000000000000000e+00
0.000000000000000000e+00
2.920787300790071445e-03
2.182308427808200835e-02
2.182308427808200835e-02
9.480763204755264517e-03
9.480763204755264517e-03
9.480763204755264517e-03
9.480763204755264517e-03
9.480763204755264517e-03
9.480763204755264517e-03
9.480763204755264517e-03
9.480763204755264517e-03
9.480763204755264517e-03
9.480763204755264517e-03
9.480763204755264517e-03
9.480763204755264517e-03
9.480763204755264517e-03
9.480763204755264517e-03
9.480763204755264517e-03
9.480763204755264517e-03
9.480763204755264517e-03
1.280733082392497904e-02
1.641571126057505062e-02
1.641571126057505062e-02
1.641571126057505062e-02
1.641571126057505062e-02
1.641571126057505062e-02
1.641571126057505062e-02
1.641571126057505062e-02
1.641571126057505062e-02
1.641571126057505062e-02
1.641571126057505062e-02
0.000000000000000000e+00
7.276893111827298713e-03
7.276893111827298713e-03
7.276893111827298713e-03
7.276893111827298713e-03
7.276893111827298713e-03
7.276893111827298713e-03
2.709921301921329635e-03
4.970698689808849755e-03
4.970698689808849755e-03
1.048878736004509558e-02
1.048878736004509558e-02
1.048878736004509558e-02
2.668114420182146097e-03
0.000000000000000000e+00
0.000000000000000000e+00
0.000000000000000000e+00
0.000000000000000000e+00
2.021733269059181048e-02
5.092885800763123465e-03
5.092885800763123465e-03
2.309089876787108822e-02
5.438104526032935121e-02
5.438104526032935121e-02
5.438104526032935121e-02
5.438104526032935121e-02
5.438104526032935121e-02
5.438104526032935121e-02
2.478953463685447736e-02
4.678234611795659137e-03
4.678234611795659137e-03
2.709921301921329635e-03
2.709921301921329635e-03
2.709921301921329635e-03
2.709921301921329635e-03
2.709921301921329635e-03
2.709921301921329635e-03
2.709921301921329635e-03
2.709921301921329635e-03
2.709921301921329635e-03
2.709921301921329635e-03
2.709921301921329635e-03
2.709921301921329635e-03
2.709921301921329635e-03
2.709921301921329635e-03
2.709921301921329635e-03
2.709921301921329635e-03
2.709921301921329635e-03
2.709921301921329635e-03
2.709921301921329635e-03
2.709921301921329635e-03
2.709921301921329635e-03
2.709921301921329635e-03
2.709921301921329635e-03
2.709921301921329635e-03
2.709921301921329635e-03
2.709921301921329635e-03
2.709921301921329635e-03
2.709921301921329635e-03
2.709921301921329635e-03
2.709921301921329635e-03
2.709921301921329635e-03
2.709921301921329635e-03
2.709921301921329635e-03
2.709921301921329635e-03
2.709921301921329635e-03
2.709921301921329635e-03
2.709921301921329635e-03
2.709921301921329635e-03
8.638048071688220197e-03
4.735792804667012662e-03
4.735792804667012662e-03
4.735792804667012662e-03
4.735792804667012662e-03
4.735792804667012662e-03
4.735792804667012662e-03
4.735792804667012662e-03
4.735792804667012662e-03
0.000000000000000000e+00
1.991774221214012632e-04
1.991774221214012632e-04
1.991774221214012632e-04
1.991774221214012632e-04
1.991774221214012632e-04
1.991774221214012632e-04
1.991774221214012632e-04
1.991774221214012632e-04
1.991774221214012632e-04
1.991774221214012632e-04
1.991774221214012632e-04
1.991774221214012632e-04
1.991774221214012632e-04
8.233232163520568664e-03
1.893288789190118032e-02
1.893288789190118032e-02
1.893288789190118032e-02
1.893288789190118032e-02
1.863073487686828233e-02
5.702419341130886797e-03
5.702419341130886797e-03
5.702419341130886797e-03
5.702419341130886797e-03
5.702419341130886797e-03
5.702419341130886797e-03
5.702419341130886797e-03
5.702419341130886797e-03
5.702419341130886797e-03
5.702419341130886797e-03
5.702419341130886797e-03
5.702419341130886797e-03
5.702419341130886797e-03
5.702419341130886797e-03
5.702419341130886797e-03
5.702419341130886797e-03
5.702419341130886797e-03
5.702419341130886797e-03
5.702419341130886797e-03
5.702419341130886797e-03
5.702419341130886797e-03
5.702419341130886797e-03
8.058676391486706628e-03
1.907869857195083549e-02
1.907869857195083549e-02
1.907869857195083549e-02
1.907869857195083549e-02
4.807132264231138430e-02
4.807132264231138430e-02
4.807132264231138430e-02
4.807132264231138430e-02
4.807132264231138430e-02
4.807132264231138430e-02
4.807132264231138430e-02
4.807132264231138430e-02
4.807132264231138430e-02
4.807132264231138430e-02
4.807132264231138430e-02
4.807132264231138430e-02
4.807132264231138430e-02
4.807132264231138430e-02
4.807132264231138430e-02
1.038052180038351313e-02
1.096135946776413163e-02
1.096135946776413163e-02
1.096135946776413163e-02
1.096135946776413163e-02
1.096135946776413163e-02
1.096135946776413163e-02
8.638048071688220197e-03
8.638048071688220197e-03
2.021733269059181048e-02
2.441929889314269422e-02
2.441929889314269422e-02
4.940392570370304853e-03
7.401142561170871150e-04
7.401142561170871150e-04
7.401142561170871150e-04
7.401142561170871150e-04
7.401142561170871150e-04
7.401142561170871150e-04
7.401142561170871150e-04
2.413537730402189052e-02
1.089822157772325426e-03
1.089822157772325426e-03
1.089822157772325426e-03
1.089822157772325426e-03
1.089822157772325426e-03
1.089822157772325426e-03
1.089822157772325426e-03
1.089822157772325426e-03
1.089822157772325426e-03
1.089822157772325426e-03
1.089822157772325426e-03
1.089822157772325426e-03
1.089822157772325426e-03
1.089822157772325426e-03
0.000000000000000000e+00
1.027111397806196487e-02
1.027111397806196487e-02
1.027111397806196487e-02
1.027111397806196487e-02
1.027111397806196487e-02
1.027111397806196487e-02
1.027111397806196487e-02
1.027111397806196487e-02
0.000000000000000000e+00
1.085380725141920190e-03
1.085380725141920190e-03
1.085380725141920190e-03
1.085380725141920190e-03
1.902882418101093168e-02
1.902882418101093168e-02
1.902882418101093168e-02
1.902882418101093168e-02
1.902882418101093168e-02
1.902882418101093168e-02
1.902882418101093168e-02
1.902882418101093168e-02
1.902882418101093168e-02
1.902882418101093168e-02
1.902882418101093168e-02
1.268794854677637689e-02
1.268794854677637689e-02
1.268794854677637689e-02
1.268794854677637689e-02
1.268794854677637689e-02
1.268794854677637689e-02
1.268794854677637689e-02
1.268794854677637689e-02
1.268794854677637689e-02
1.268794854677637689e-02
1.268794854677637689e-02
1.268794854677637689e-02
1.268794854677637689e-02
3.842956813444302171e-03
3.842956813444302171e-03
3.842956813444302171e-03
3.842956813444302171e-03
3.842956813444302171e-03
3.842956813444302171e-03
1.599067278400479949e-02
2.951932405518245886e-02
2.951932405518245886e-02
2.211698820009873681e-02
2.211698820009873681e-02
2.211698820009873681e-02
2.211698820009873681e-02
2.211698820009873681e-02
2.211698820009873681e-02
2.211698820009873681e-02
2.211698820009873681e-02
2.211698820009873681e-02
2.211698820009873681e-02
2.211698820009873681e-02
2.211698820009873681e-02
2.211698820009873681e-02
2.211698820009873681e-02
2.211698820009873681e-02
2.211698820009873681e-02
2.211698820009873681e-02
7.551561840512841656e-03
2.003222368735933442e-02
2.003222368735933442e-02
2.003222368735933442e-02
2.003222368735933442e-02
1.403884790170344642e-02
1.050853895891549171e-02
1.050853895891549171e-02
1.050853895891549171e-02
1.050853895891549171e-02
1.050853895891549171e-02
1.050853895891549171e-02
1.050853895891549171e-02
1.050853895891549171e-02
1.298530214318519352e-02
2.703207532109232897e-02
2.703207532109232897e-02
2.703207532109232897e-02
2.703207532109232897e-02
2.703207532109232897e-02
2.703207532109232897e-02
2.703207532109232897e-02
2.703207532109232897e-02
2.703207532109232897e-02
2.703207532109232897e-02
0.000000000000000000e+00
3.582432181320577237e-04
3.582432181320577237e-04
2.521363048160283130e-02
1.397561946147879777e-02
1.397561946147879777e-02
1.397561946147879777e-02
1.397561946147879777e-02
1.599067278400479949e-02
1.599067278400479949e-02
1.599067278400479949e-02
1.599067278400479949e-02
1.599067278400479949e-02
1.599067278400479949e-02
1.599067278400479949e-02
1.599067278400479949e-02
5.622756501318578251e-03
5.622756501318578251e-03
5.622756501318578251e-03
5.622756501318578251e-03
5.622756501318578251e-03
5.622756501318578251e-03
5.622756501318578251e-03
5.622756501318578251e-03
5.622756501318578251e-03
5.622756501318578251e-03
5.622756501318578251e-03
5.622756501318578251e-03
5.622756501318578251e-03
5.622756501318578251e-03
5.622756501318578251e-03
5.622756501318578251e-03
5.622756501318578251e-03
9.889547353848679792e-03
9.889547353848679792e-03
9.889547353848679792e-03
9.889547353848679792e-03
9.889547353848679792e-03
9.889547353848679792e-03
9.889547353848679792e-03
9.889547353848679792e-03
9.889547353848679792e-03
9.889547353848679792e-03
9.889547353848679792e-03
8.670569375896386433e-03
5.574288966642443766e-04
5.574288966642443766e-04
5.574288966642443766e-04
5.574288966642443766e-04
5.574288966642443766e-04
5.574288966642443766e-04
5.574288966642443766e-04
5.574288966642443766e-04
5.574288966642443766e-04
5.574288966642443766e-04
5.574288966642443766e-04
5.574288966642443766e-04
5.574288966642443766e-04
5.574288966642443766e-04
1.622675091101996245e-02
2.240373855182744081e-02
2.240373855182744081e-02
2.240373855182744081e-02
0.000000000000000000e+00
5.522761832851225128e-02
5.522761832851225128e-02
5.522761832851225128e-02
5.522761832851225128e-02
0.000000000000000000e+00
6.767160789456117161e-03
6.767160789456117161e-03
6.767160789456117161e-03
6.767160789456117161e-03
6.767160789456117161e-03
7.102234639104463600e-03
1.409684441113284031e-02
1.409684441113284031e-02
1.675275572388042200e-02
0.000000000000000000e+00
0.000000000000000000e+00
0.000000000000000000e+00
0.000000000000000000e+00
7.435405158986356598e-04
7.435405158986356598e-04
7.435405158986356598e-04
7.435405158986356598e-04
7.435405158986356598e-04
7.435405158986356598e-04
7.435405158986356598e-04
7.435405158986356598e-04
6.799510336804154807e-03
6.799510336804154807e-03
6.799510336804154807e-03
6.799510336804154807e-03
6.799510336804154807e-03
6.799510336804154807e-03
6.799510336804154807e-03
6.799510336804154807e-03
6.799510336804154807e-03
6.799510336804154807e-03
6.799510336804154807e-03
4.099828798973964052e-03
2.579666168311498843e-03
2.579666168311498843e-03
2.579666168311498843e-03
2.579666168311498843e-03
2.579666168311498843e-03
2.579666168311498843e-03
0.000000000000000000e+00
2.152282064773738610e-02
2.152282064773738610e-02
2.152282064773738610e-02
2.152282064773738610e-02
2.152282064773738610e-02
2.152282064773738610e-02
2.152282064773738610e-02
2.152282064773738610e-02
2.912848018070347475e-02
2.912848018070347475e-02
2.912848018070347475e-02
2.912848018070347475e-02
2.912848018070347475e-02
2.912848018070347475e-02
2.912848018070347475e-02
2.912848018070347475e-02
2.912848018070347475e-02
2.912848018070347475e-02
2.912848018070347475e-02
2.912848018070347475e-02
2.912848018070347475e-02
1.712015438519074459e-03
1.761488460808667209e-02
1.761488460808667209e-02
1.761488460808667209e-02
1.761488460808667209e-02
1.761488460808667209e-02
1.761488460808667209e-02
8.290795426350293720e-03
9.870723516138886489e-03
5.015759646118099838e-03
1.094672530135276135e-02
5.015759646118099838e-03
9.870723516138886489e-03
9.870723516138886489e-03
9.870723516138886489e-03
8.290795426350293720e-03
8.290795426350293720e-03
8.290795426350293720e-03
8.290795426350293720e-03
8.290795426350293720e-03
8.290795426350293720e-03
0.000000000000000000e+00
1.917914772547453517e-02
0.000000000000000000e+00
0.000000000000000000e+00
0.000000000000000000e+00
1.917914772547453517e-02
1.917914772547453517e-02
1.917914772547453517e-02
1.176826288883469837e-02
9.171367499702582846e-03
9.171367499702582846e-03
9.171367499702582846e-03
9.171367499702582846e-03
9.171367499702582846e-03
9.171367499702582846e-03
9.171367499702582846e-03
9.171367499702582846e-03
7.352416361264407785e-03
5.542042261345947983e-03
5.542042261345947983e-03
5.542042261345947983e-03
5.542042261345947983e-03
5.542042261345947983e-03
5.542042261345947983e-03
5.542042261345947983e-03
5.542042261345947983e-03
5.542042261345947983e-03
5.542042261345947983e-03
5.542042261345947983e-03
5.542042261345947983e-03
0.000000000000000000e+00
9.169003303499319649e-03
9.169003303499319649e-03
9.169003303499319649e-03
9.169003303499319649e-03
9.169003303499319649e-03
9.169003303499319649e-03
0.000000000000000000e+00
0.000000000000000000e+00
0.000000000000000000e+00
1.198460400281458477e-02
1.198460400281458477e-02
1.198460400281458477e-02
1.198460400281458477e-02
1.198460400281458477e-02
1.198460400281458477e-02
1.198460400281458477e-02
1.198460400281458477e-02
1.198460400281458477e-02
1.198460400281458477e-02
1.198460400281458477e-02
1.198460400281458477e-02
1.198460400281458477e-02
1.198460400281458477e-02
1.198460400281458477e-02
1.198460400281458477e-02
1.198460400281458477e-02
8.554952590416906120e-04
8.554952590416906120e-04
8.554952590416906120e-04
8.554952590416906120e-04
0.000000000000000000e+00
7.723859590792182123e-03
7.723859590792182123e-03
7.723859590792182123e-03
7.723859590792182123e-03
7.723859590792182123e-03
7.723859590792182123e-03
7.723859590792182123e-03
7.723859590792182123e-03
7.723859590792182123e-03
7.723859590792182123e-03
3.533450010794113999e-02
3.533450010794113999e-02
3.533450010794113999e-02
3.533450010794113999e-02
3.533450010794113999e-02
3.533450010794113999e-02
1.298530214318519352e-02
0.000000000000000000e+00
2.087018923798267950e-02
2.762293082917568685e-02
2.762293082917568685e-02
2.762293082917568685e-02
2.762293082917568685e-02
1.712015438519074459e-03
7.731988238774719149e-03
7.731988238774719149e-03
7.731988238774719149e-03
7.731988238774719149e-03
7.731988238774719149e-03
7.731988238774719149e-03
7.731988238774719149e-03
7.731988238774719149e-03
7.731988238774719149e-03
7.731988238774719149e-03
7.731988238774719149e-03
7.731988238774719149e-03
7.731988238774719149e-03
7.731988238774719149e-03
5.991211408106130462e-04
5.991211408106130462e-04
5.991211408106130462e-04
5.991211408106130462e-04
5.991211408106130462e-04
5.991211408106130462e-04
5.991211408106130462e-04
5.991211408106130462e-04
5.991211408106130462e-04
5.991211408106130462e-04
5.991211408106130462e-04
5.991211408106130462e-04
5.991211408106130462e-04
2.021733269059181048e-02
2.021733269059181048e-02
2.021733269059181048e-02
2.021733269059181048e-02
2.021733269059181048e-02
1.093814001724731887e-02
1.422159891866461683e-02
1.422159891866461683e-02
0.000000000000000000e+00
0.000000000000000000e+00
0.000000000000000000e+00
0.000000000000000000e+00
8.045927217535154413e-03
8.045927217535154413e-03
8.045927217535154413e-03
8.045927217535154413e-03
8.045927217535154413e-03
8.045927217535154413e-03
8.045927217535154413e-03
8.045927217535154413e-03
8.045927217535154413e-03
8.045927217535154413e-03
8.045927217535154413e-03
2.144621974711875476e-02
2.144621974711875476e-02
2.144621974711875476e-02
2.144621974711875476e-02
2.144621974711875476e-02
2.144621974711875476e-02
2.144621974711875476e-02
2.144621974711875476e-02
2.144621974711875476e-02
2.144621974711875476e-02
2.144621974711875476e-02
2.144621974711875476e-02
2.144621974711875476e-02
7.449751348708500559e-03
7.449751348708500559e-03
1.093814001724731887e-02
1.093814001724731887e-02
1.093814001724731887e-02
1.093814001724731887e-02
1.093814001724731887e-02
1.093814001724731887e-02
1.093814001724731887e-02
1.093814001724731887e-02
1.093814001724731887e-02
1.093814001724731887e-02
1.792384695582723703e-02
3.735736897836833010e-03
3.735736897836833010e-03
3.735736897836833010e-03
3.735736897836833010e-03
3.735736897836833010e-03
3.735736897836833010e-03
3.730206288946016219e-03
3.730206288946016219e-03
3.730206288946016219e-03
3.730206288946016219e-03
3.730206288946016219e-03
3.730206288946016219e-03
3.730206288946016219e-03
3.730206288946016219e-03
3.730206288946016219e-03
3.730206288946016219e-03
3.730206288946016219e-03
3.730206288946016219e-03
3.730206288946016219e-03
3.730206288946016219e-03
3.730206288946016219e-03
3.730206288946016219e-03
3.730206288946016219e-03
3.730206288946016219e-03
3.730206288946016219e-03
3.730206288946016219e-03
3.730206288946016219e-03
3.730206288946016219e-03
3.730206288946016219e-03
2.187999521144376458e-02
6.176916007964678573e-03
6.176916007964678573e-03
2.047147863137641077e-02
6.872552508818598020e-03
6.872552508818598020e-03
6.872552508818598020e-03
6.872552508818598020e-03
6.872552508818598020e-03
6.872552508818598020e-03
1.153128622677516112e-02
1.153128622677516112e-02
1.153128622677516112e-02
1.153128622677516112e-02
3.274851341541901162e-02
4.120210788428372434e-02
4.120210788428372434e-02
1.282047196107246115e-02
1.282047196107246115e-02
1.282047196107246115e-02
1.282047196107246115e-02
1.282047196107246115e-02
1.282047196107246115e-02
1.282047196107246115e-02
2.913380958318334893e-02
6.150042388488563896e-03
6.150042388488563896e-03
2.187999521144376458e-02
2.187999521144376458e-02
2.187999521144376458e-02
2.187999521144376458e-02
2.187999521144376458e-02
2.187999521144376458e-02
2.187999521144376458e-02
2.187999521144376458e-02
1.536813986042253298e-02
2.086998226153869568e-03
2.086998226153869568e-03
2.086998226153869568e-03
2.086998226153869568e-03
2.086998226153869568e-03
2.086998226153869568e-03
2.086998226153869568e-03
2.086998226153869568e-03
2.086998226153869568e-03
2.086998226153869568e-03
2.086998226153869568e-03
2.086998226153869568e-03
2.913380958318334893e-02
2.913380958318334893e-02
2.913380958318334893e-02
2.913380958318334893e-02
2.913380958318334893e-02
2.913380958318334893e-02
2.913380958318334893e-02
2.913380958318334893e-02
0.000000000000000000e+00
1.140587930419700033e-03
1.140587930419700033e-03
1.140587930419700033e-03
1.140587930419700033e-03
1.140587930419700033e-03
1.140587930419700033e-03
1.140587930419700033e-03
1.140587930419700033e-03
7.879407403958890374e-03
7.879407403958890374e-03
7.879407403958890374e-03
5.930000384596900709e-03
7.879407403958890374e-03
4.052950433400536422e-03
8.077309386917350120e-03
8.077309386917350120e-03
8.077309386917350120e-03
8.077309386917350120e-03
8.077309386917350120e-03
8.077309386917350120e-03
8.077309386917350120e-03
8.077309386917350120e-03
8.077309386917350120e-03
8.077309386917350120e-03
8.077309386917350120e-03
8.077309386917350120e-03
8.077309386917350120e-03
8.077309386917350120e-03
8.077309386917350120e-03
8.077309386917350120e-03
1.338437032908341810e-02
7.799967367221858922e-04
7.799967367221858922e-04
7.799967367221858922e-04
7.799967367221858922e-04
4.608163799501721093e-03
6.097620231583163880e-03
6.097620231583163880e-03
2.486198888572706267e-02
1.502702005730872925e-02
1.502702005730872925e-02
1.363278171007573265e-02
4.608163799501721093e-03
4.608163799501721093e-03
4.608163799501721093e-03
1.745556010329408353e-02
1.358621108526436062e-02
1.358621108526436062e-02
2.584482994448852617e-03
2.584482994448852617e-03
2.584482994448852617e-03
2.584482994448852617e-03
2.584482994448852617e-03
2.584482994448852617e-03
2.584482994448852617e-03
2.584482994448852617e-03
2.584482994448852617e-03
2.584482994448852617e-03
2.584482994448852617e-03
2.584482994448852617e-03
2.584482994448852617e-03
2.486198888572706267e-02
7.416512587404936428e-03
7.416512587404936428e-03
7.416512587404936428e-03
7.416512587404936428e-03
7.416512587404936428e-03
7.416512587404936428e-03
7.416512587404936428e-03
7.416512587404936428e-03
7.416512587404936428e-03
7.416512587404936428e-03
7.416512587404936428e-03
7.416512587404936428e-03
7.416512587404936428e-03
7.416512587404936428e-03
4.268314790943334748e-03
2.007205872480305638e-03
2.007205872480305638e-03
2.007205872480305638e-03
2.007205872480305638e-03
2.007205872480305638e-03
2.007205872480305638e-03
2.007205872480305638e-03
2.007205872480305638e-03
2.163854436805053016e-02
2.163854436805053016e-02
2.163854436805053016e-02
2.163854436805053016e-02
2.163854436805053016e-02
2.163854436805053016e-02
2.163854436805053016e-02
2.163854436805053016e-02
2.163854436805053016e-02
2.163854436805053016e-02
2.163854436805053016e-02
2.163854436805053016e-02
2.163854436805053016e-02
2.244449932790644822e-02
2.906138804827436070e-02
2.906138804827436070e-02
2.906138804827436070e-02
2.906138804827436070e-02
2.906138804827436070e-02
2.906138804827436070e-02
2.906138804827436070e-02
2.906138804827436070e-02
2.906138804827436070e-02
2.906138804827436070e-02
2.906138804827436070e-02
2.906138804827436070e-02
2.906138804827436070e-02
2.906138804827436070e-02
2.906138804827436070e-02
2.906138804827436070e-02
2.906138804827436070e-02
2.906138804827436070e-02
2.906138804827436070e-02
2.906138804827436070e-02
2.906138804827436070e-02
2.906138804827436070e-02
2.906138804827436070e-02
2.906138804827436070e-02
2.906138804827436070e-02
2.906138804827436070e-02
1.363278171007573265e-02
1.363278171007573265e-02
1.363278171007573265e-02
1.363278171007573265e-02
1.745556010329408353e-02
1.745556010329408353e-02
1.745556010329408353e-02
1.745556010329408353e-02
1.745556010329408353e-02
1.745556010329408353e-02
1.745556010329408353e-02
1.745556010329408353e-02
1.745556010329408353e-02
1.745556010329408353e-02
1.745556010329408353e-02
1.745556010329408353e-02
1.745556010329408353e-02
1.745556010329408353e-02
1.745556010329408353e-02
1.745556010329408353e-02
1.745556010329408353e-02
1.745556010329408353e-02
3.135455957233204694e-02
2.372676853615839077e-02
2.372676853615839077e-02
2.372676853615839077e-02
2.372676853615839077e-02
2.372676853615839077e-02
2.372676853615839077e-02
2.372676853615839077e-02
2.372676853615839077e-02
2.372676853615839077e-02
2.372676853615839077e-02
2.372676853615839077e-02
2.372676853615839077e-02
2.372676853615839077e-02
2.372676853615839077e-02
2.372676853615839077e-02
2.372676853615839077e-02
2.372676853615839077e-02
2.372676853615839077e-02
9.820692204736183525e-03
0.000000000000000000e+00
0.000000000000000000e+00
5.930000384596900709e-03
6.331438762843992832e-03
6.331438762843992832e-03
6.331438762843992832e-03
6.331438762843992832e-03
0.000000000000000000e+00
0.000000000000000000e+00
0.000000000000000000e+00
0.000000000000000000e+00
0.000000000000000000e+00
0.000000000000000000e+00
0.000000000000000000e+00
0.000000000000000000e+00
0.000000000000000000e+00
0.000000000000000000e+00
0.000000000000000000e+00
6.747659549473244284e-03
1.633724684188978503e-03
1.633724684188978503e-03
1.633724684188978503e-03
1.633724684188978503e-03
1.633724684188978503e-03
1.633724684188978503e-03
6.344957546764844365e-03
1.655661644029562864e-03
1.655661644029562864e-03
1.655661644029562864e-03
1.655661644029562864e-03
1.655661644029562864e-03
1.655661644029562864e-03
1.655661644029562864e-03
1.655661644029562864e-03
1.655661644029562864e-03
1.655661644029562864e-03
1.655661644029562864e-03
1.655661644029562864e-03
1.655661644029562864e-03
1.655661644029562864e-03
1.655661644029562864e-03
1.655661644029562864e-03
1.152504576421172454e-02
1.577359694749676374e-03
1.577359694749676374e-03
1.577359694749676374e-03
1.577359694749676374e-03
1.577359694749676374e-03
1.577359694749676374e-03
1.577359694749676374e-03
1.577359694749676374e-03
1.577359694749676374e-03
1.577359694749676374e-03
1.577359694749676374e-03
1.577359694749676374e-03
1.577359694749676374e-03
1.577359694749676374e-03
1.577359694749676374e-03
1.577359694749676374e-03
1.577359694749676374e-03
1.577359694749676374e-03
3.135455957233204694e-02
3.135455957233204694e-02
3.419965055337119419e-02
6.902473615058138390e-02
6.902473615058138390e-02
6.902473615058138390e-02
6.902473615058138390e-02
6.902473615058138390e-02
6.902473615058138390e-02
6.902473615058138390e-02
6.902473615058138390e-02
6.902473615058138390e-02
6.902473615058138390e-02
6.902473615058138390e-02
6.902473615058138390e-02
6.902473615058138390e-02
6.902473615058138390e-02
6.902473615058138390e-02
6.902473615058138390e-02
2.191460341622123234e-02
2.191460341622123234e-02
2.191460341622123234e-02
2.191460341622123234e-02
2.191460341622123234e-02
2.191460341622123234e-02
2.191460341622123234e-02
2.191460341622123234e-02
2.191460341622123234e-02
2.191460341622123234e-02
2.191460341622123234e-02
1.280733082392497904e-02
1.280733082392497904e-02
2.162421845768039072e-02
2.162421845768039072e-02
2.162421845768039072e-02
2.162421845768039072e-02
2.162421845768039072e-02
2.162421845768039072e-02
2.162421845768039072e-02
2.162421845768039072e-02
2.162421845768039072e-02
2.162421845768039072e-02
2.162421845768039072e-02
2.162421845768039072e-02
2.162421845768039072e-02
2.162421845768039072e-02
2.162421845768039072e-02
2.162421845768039072e-02
2.162421845768039072e-02
6.819491274413540726e-04
6.397363650308151607e-03
6.397363650308151607e-03
6.397363650308151607e-03
6.397363650308151607e-03
6.397363650308151607e-03
6.397363650308151607e-03
6.397363650308151607e-03
6.397363650308151607e-03
2.348919472130087810e-02
2.348919472130087810e-02
2.348919472130087810e-02
2.348919472130087810e-02
2.348919472130087810e-02
2.348919472130087810e-02
2.348919472130087810e-02
2.348919472130087810e-02
2.348919472130087810e-02
2.348919472130087810e-02
2.348919472130087810e-02
2.348919472130087810e-02
2.348919472130087810e-02
2.366480209562254675e-02
6.747659549473244284e-03
6.747659549473244284e-03
6.747659549473244284e-03
6.747659549473244284e-03
6.747659549473244284e-03
1.206432158453052753e-02
3.213130891819287321e-02
3.213130891819287321e-02
3.213130891819287321e-02
3.213130891819287321e-02
1.163693849566779792e-02
1.163693849566779792e-02
1.163693849566779792e-02
1.163693849566779792e-02
1.163693849566779792e-02
1.163693849566779792e-02
1.163693849566779792e-02
1.163693849566779792e-02
1.163693849566779792e-02
1.163693849566779792e-02
1.163693849566779792e-02
2.366480209562254675e-02
2.366480209562254675e-02
5.930000384596900709e-03
5.930000384596900709e-03
4.338028065706622804e-02
8.669334615551946982e-03
8.669334615551946982e-03
8.669334615551946982e-03
8.669334615551946982e-03
2.008470157537640532e-03
8.669334615551946982e-03
8.669334615551946982e-03
8.669334615551946982e-03
8.669334615551946982e-03
8.669334615551946982e-03
1.969617683587992704e-02
1.969617683587992704e-02
1.969617683587992704e-02
1.969617683587992704e-02
1.969617683587992704e-02
1.969617683587992704e-02
1.969617683587992704e-02
1.969617683587992704e-02
1.969617683587992704e-02
1.969617683587992704e-02
1.969617683587992704e-02
1.096499437429044287e-02
1.096499437429044287e-02
1.096499437429044287e-02
1.096499437429044287e-02
1.096499437429044287e-02
1.096499437429044287e-02
1.096499437429044287e-02
1.096499437429044287e-02
1.096499437429044287e-02
1.096499437429044287e-02
1.096499437429044287e-02
2.478953463685447736e-02
6.003642152779768010e-03
6.003642152779768010e-03
6.003642152779768010e-03
6.003642152779768010e-03
0.000000000000000000e+00
0.000000000000000000e+00
4.338028065706622804e-02
4.338028065706622804e-02
4.338028065706622804e-02
4.338028065706622804e-02
2.478953463685447736e-02
2.478953463685447736e-02
2.478953463685447736e-02
4.204296608155778936e-02
2.345454380607173237e-03
2.345454380607173237e-03
2.345454380607173237e-03
2.345454380607173237e-03
2.345454380607173237e-03
2.345454380607173237e-03
2.345454380607173237e-03
2.345454380607173237e-03
2.345454380607173237e-03
2.345454380607173237e-03
2.345454380607173237e-03
2.345454380607173237e-03
2.345454380607173237e-03
2.345454380607173237e-03
2.559945285810988694e-03
2.114371396155625624e-02
2.114371396155625624e-02
1.136436327241422371e-02
1.136436327241422371e-02
4.639304551032946700e-02
1.609337309692157256e-02
1.609337309692157256e-02
1.609337309692157256e-02
1.609337309692157256e-02
1.609337309692157256e-02
1.609337309692157256e-02
1.609337309692157256e-02
1.609337309692157256e-02
7.757391873125601967e-03
1.676488926771374163e-02
1.676488926771374163e-02
1.676488926771374163e-02
1.676488926771374163e-02
1.676488926771374163e-02
1.676488926771374163e-02
1.676488926771374163e-02
1.676488926771374163e-02
1.676488926771374163e-02
1.676488926771374163e-02
1.283945322713843894e-02
2.786246306480152923e-02
2.786246306480152923e-02
2.786246306480152923e-02
2.786246306480152923e-02
2.786246306480152923e-02
2.786246306480152923e-02
4.204296608155778936e-02
4.204296608155778936e-02
5.421904791700375356e-04
5.421904791700375356e-04
5.421904791700375356e-04
5.421904791700375356e-04
5.421904791700375356e-04
5.421904791700375356e-04
5.421904791700375356e-04
5.421904791700375356e-04
5.421904791700375356e-04
5.421904791700375356e-04
5.421904791700375356e-04
3.101782364862586128e-02
3.101782364862586128e-02
3.101782364862586128e-02
3.101782364862586128e-02
3.101782364862586128e-02
3.101782364862586128e-02
3.101782364862586128e-02
3.101782364862586128e-02
3.101782364862586128e-02
3.101782364862586128e-02
3.101782364862586128e-02
2.590164255381424002e-02
2.790423267326146151e-02
2.790423267326146151e-02
2.790423267326146151e-02
1.742206114793518404e-02
2.171100849617542058e-02
2.171100849617542058e-02
2.171100849617542058e-02
2.171100849617542058e-02
2.171100849617542058e-02
2.171100849617542058e-02
2.171100849617542058e-02
2.171100849617542058e-02
2.171100849617542058e-02
2.171100849617542058e-02
0.000000000000000000e+00
0.000000000000000000e+00
3.687735121954240775e-02
2.850126381225527930e-02
2.850126381225527930e-02
2.850126381225527930e-02
2.850126381225527930e-02
2.850126381225527930e-02
2.850126381225527930e-02
2.850126381225527930e-02
2.850126381225527930e-02
2.850126381225527930e-02
2.850126381225527930e-02
2.850126381225527930e-02
2.850126381225527930e-02
7.846315102413287459e-03
1.644371138109531130e-02
1.644371138109531130e-02
1.644371138109531130e-02
1.644371138109531130e-02
1.644371138109531130e-02
1.644371138109531130e-02
1.644371138109531130e-02
1.644371138109531130e-02
1.644371138109531130e-02
1.644371138109531130e-02
1.644371138109531130e-02
1.644371138109531130e-02
1.268028956174911161e-02
1.688506353972757737e-02
1.688506353972757737e-02
1.688506353972757737e-02
1.688506353972757737e-02
6.997098403596263387e-03
1.349372186081465239e-02
1.349372186081465239e-02
1.349372186081465239e-02
1.349372186081465239e-02
1.349372186081465239e-02
1.349372186081465239e-02
1.349372186081465239e-02
1.349372186081465239e-02
1.349372186081465239e-02
1.349372186081465239e-02
1.268028956174911161e-02
1.268028956174911161e-02
1.268028956174911161e-02
1.268028956174911161e-02
1.268028956174911161e-02
1.268028956174911161e-02
3.061431131882964927e-03
3.061431131882964927e-03
3.061431131882964927e-03
3.061431131882964927e-03
3.061431131882964927e-03
3.061431131882964927e-03
3.061431131882964927e-03
3.061431131882964927e-03
3.061431131882964927e-03
3.061431131882964927e-03
3.061431131882964927e-03
3.061431131882964927e-03
3.061431131882964927e-03
3.061431131882964927e-03
3.061431131882964927e-03
2.637168311694340281e-02
3.068783014989492561e-03
3.068783014989492561e-03
3.068783014989492561e-03
3.068783014989492561e-03
6.153945815554616103e-03
9.363311378606401238e-06
9.363311378606401238e-06
8.214899290496905510e-03
1.544238006695522643e-02
1.544238006695522643e-02
1.544238006695522643e-02
1.544238006695522643e-02
6.153945815554616103e-03
6.153945815554616103e-03
6.153945815554616103e-03
6.153945815554616103e-03
6.153945815554616103e-03
6.153945815554616103e-03
6.153945815554616103e-03
6.153945815554616103e-03
6.153945815554616103e-03
6.153945815554616103e-03
6.153945815554616103e-03
6.153945815554616103e-03
9.927144089756993750e-02
9.927144089756993750e-02
9.927144089756993750e-02
9.927144089756993750e-02
9.927144089756993750e-02
9.927144089756993750e-02
9.927144089756993750e-02
9.927144089756993750e-02
9.927144089756993750e-02
9.927144089756993750e-02
9.927144089756993750e-02
9.927144089756993750e-02
9.927144089756993750e-02
9.927144089756993750e-02
9.927144089756993750e-02
8.214899290496905510e-03
8.214899290496905510e-03
8.214899290496905510e-03
8.214899290496905510e-03
8.214899290496905510e-03
8.214899290496905510e-03
8.214899290496905510e-03
8.214899290496905510e-03
8.214899290496905510e-03
8.214899290496905510e-03
8.214899290496905510e-03
8.214899290496905510e-03
8.214899290496905510e-03
8.214899290496905510e-03
8.214899290496905510e-03
8.214899290496905510e-03
8.214899290496905510e-03
8.214899290496905510e-03
8.214899290496905510e-03
8.214899290496905510e-03
8.214899290496905510e-03
8.214899290496905510e-03
8.214899290496905510e-03
8.214899290496905510e-03
8.214899290496905510e-03
8.214899290496905510e-03
8.214899290496905510e-03
8.214899290496905510e-03
8.214899290496905510e-03
8.214899290496905510e-03
8.214899290496905510e-03
8.214899290496905510e-03
8.214899290496905510e-03
8.214899290496905510e-03
8.214899290496905510e-03
8.214899290496905510e-03
8.214899290496905510e-03
8.214899290496905510e-03
8.214899290496905510e-03
8.214899290496905510e-03
8.214899290496905510e-03
8.214899290496905510e-03
8.214899290496905510e-03
8.214899290496905510e-03
8.214899290496905510e-03
8.214899290496905510e-03
8.214899290496905510e-03
8.214899290496905510e-03
8.214899290496905510e-03
8.214899290496905510e-03
8.214899290496905510e-03
8.214899290496905510e-03
8.214899290496905510e-03
8.214899290496905510e-03
8.214899290496905510e-03
8.214899290496905510e-03
3.155082649540642825e-02
3.923302630517580547e-02
3.923302630517580547e-02
0.000000000000000000e+00
4.645929394377948732e-03
4.645929394377948732e-03
4.645929394377948732e-03
4.645929394377948732e-03
4.645929394377948732e-03
4.645929394377948732e-03
4.645929394377948732e-03
4.645929394377948732e-03
4.645929394377948732e-03
4.645929394377948732e-03
4.645929394377948732e-03
1.212016466250177317e-02
1.054883804588239299e-02
1.054883804588239299e-02
1.106338080862439947e-02
1.783030814526378321e-02
1.783030814526378321e-02
1.783030814526378321e-02
1.783030814526378321e-02
1.783030814526378321e-02
1.783030814526378321e-02
1.147501556762033428e-02
1.056897366233040640e-02
1.056897366233040640e-02
1.056897366233040640e-02
1.056897366233040640e-02
1.056897366233040640e-02
1.056897366233040640e-02
1.056897366233040640e-02
1.056897366233040640e-02
1.121367210097050718e-02
1.462441978224090534e-02
1.462441978224090534e-02
1.462441978224090534e-02
1.462441978224090534e-02
1.431184716631829675e-02
1.462441978224090534e-02
6.584099693652711220e-05
3.603021882487280822e-03
3.603021882487280822e-03
3.603021882487280822e-03
3.603021882487280822e-03
3.603021882487280822e-03
3.603021882487280822e-03
3.603021882487280822e-03
3.603021882487280822e-03
2.396394783006695114e-03
7.283125546138418879e-03
7.283125546138418879e-03
7.283125546138418879e-03
7.283125546138418879e-03
1.212016466250177317e-02
1.212016466250177317e-02
1.212016466250177317e-02
1.212016466250177317e-02
1.212016466250177317e-02
1.212016466250177317e-02
1.212016466250177317e-02
1.212016466250177317e-02
1.212016466250177317e-02
1.212016466250177317e-02
2.297405719144233333e-02
2.297405719144233333e-02
2.297405719144233333e-02
2.297405719144233333e-02
2.297405719144233333e-02
2.297405719144233333e-02
2.297405719144233333e-02
2.297405719144233333e-02
2.297405719144233333e-02
2.297405719144233333e-02
2.297405719144233333e-02
2.297405719144233333e-02
2.297405719144233333e-02
2.297405719144233333e-02
2.297405719144233333e-02
2.297405719144233333e-02
2.297405719144233333e-02
2.297405719144233333e-02
2.297405719144233333e-02
2.297405719144233333e-02
2.297405719144233333e-02
2.752986544668462390e-02
2.637168311694340281e-02
2.637168311694340281e-02
2.637168311694340281e-02
8.669220905229741911e-03
8.669220905229741911e-03
8.669220905229741911e-03
8.669220905229741911e-03
8.669220905229741911e-03
8.669220905229741911e-03
8.669220905229741911e-03
8.669220905229741911e-03
8.669220905229741911e-03
8.669220905229741911e-03
0.000000000000000000e+00
8.669220905229741911e-03
6.963646182837350714e-03
2.521309424512115788e-03
2.521309424512115788e-03
2.521309424512115788e-03
2.521309424512115788e-03
2.521309424512115788e-03
2.521309424512115788e-03
2.521309424512115788e-03
2.521309424512115788e-03
2.948008267776139335e-02
2.948008267776139335e-02
2.948008267776139335e-02
1.778015895406717325e-02
2.948008267776139335e-02
3.341907988176329961e-05
3.880569323251079755e-02
3.880569323251079755e-02
3.880569323251079755e-02
3.880569323251079755e-02
3.880569323251079755e-02
3.880569323251079755e-02
3.880569323251079755e-02
3.880569323251079755e-02
3.880569323251079755e-02
3.880569323251079755e-02
3.880569323251079755e-02
3.880569323251079755e-02
3.880569323251079755e-02
3.880569323251079755e-02
2.561988951245367657e-02
2.561988951245367657e-02
2.561988951245367657e-02
2.561988951245367657e-02
2.561988951245367657e-02
2.561988951245367657e-02
2.561988951245367657e-02
2.561988951245367657e-02
0.000000000000000000e+00
0.000000000000000000e+00
0.000000000000000000e+00
0.000000000000000000e+00
0.000000000000000000e+00
0.000000000000000000e+00
0.000000000000000000e+00
0.000000000000000000e+00
0.000000000000000000e+00
0.000000000000000000e+00
0.000000000000000000e+00
2.116032893841039708e-03
2.116032893841039708e-03
2.116032893841039708e-03
2.116032893841039708e-03
2.116032893841039708e-03
1.231671503040622333e-02
2.116032893841039708e-03
7.558194688417788770e-03
1.247852423507686721e-02
1.247852423507686721e-02
1.247852423507686721e-02
1.247852423507686721e-02
3.948627134597599252e-03
9.087349347283564527e-03
9.087349347283564527e-03
1.778015895406717325e-02
1.161825909701043845e-02
1.161825909701043845e-02
1.161825909701043845e-02
1.161825909701043845e-02
1.161825909701043845e-02
1.161825909701043845e-02
2.169468277144914140e-03
2.169468277144914140e-03
2.169468277144914140e-03
2.169468277144914140e-03
2.169468277144914140e-03
2.169468277144914140e-03
2.169468277144914140e-03
2.169468277144914140e-03
2.169468277144914140e-03
2.169468277144914140e-03
2.169468277144914140e-03
2.169468277144914140e-03
2.169468277144914140e-03
2.169468277144914140e-03
2.169468277144914140e-03
2.169468277144914140e-03
2.169468277144914140e-03
2.169468277144914140e-03
2.169468277144914140e-03
2.169468277144914140e-03
2.169468277144914140e-03
2.169468277144914140e-03
2.169468277144914140e-03
2.169468277144914140e-03
2.169468277144914140e-03
2.169468277144914140e-03
2.169468277144914140e-03
2.169468277144914140e-03
2.169468277144914140e-03
1.391451668156305820e-03
1.391451668156305820e-03
1.391451668156305820e-03
1.391451668156305820e-03
1.391451668156305820e-03
1.391451668156305820e-03
1.391451668156305820e-03
1.391451668156305820e-03
1.391451668156305820e-03
1.391451668156305820e-03
1.391451668156305820e-03
1.391451668156305820e-03
1.391451668156305820e-03
1.391451668156305820e-03
1.391451668156305820e-03
1.391451668156305820e-03
1.391451668156305820e-03
1.391451668156305820e-03
1.391451668156305820e-03
1.391451668156305820e-03
1.391451668156305820e-03
1.391451668156305820e-03
1.391451668156305820e-03
1.391451668156305820e-03
1.391451668156305820e-03
5.388385255707572180e-03
1.391451668156305820e-03
7.404171598452106637e-03
1.391451668156305820e-03
1.391451668156305820e-03
1.391451668156305820e-03
3.274851341541901162e-02
3.274851341541901162e-02
3.274851341541901162e-02
3.274851341541901162e-02
2.710683525280032855e-02
3.274851341541901162e-02
2.848918914728421764e-02
2.848918914728421764e-02
2.848918914728421764e-02
2.848918914728421764e-02
2.848918914728421764e-02
2.848918914728421764e-02
2.848918914728421764e-02
2.848918914728421764e-02
2.848918914728421764e-02
2.848918914728421764e-02
2.848918914728421764e-02
0.000000000000000000e+00
4.300652155125320869e-03
4.300652155125320869e-03
4.300652155125320869e-03
4.300652155125320869e-03
4.300652155125320869e-03
4.300652155125320869e-03
4.300652155125320869e-03
4.300652155125320869e-03
4.300652155125320869e-03
4.300652155125320869e-03
4.300652155125320869e-03
4.300652155125320869e-03
4.300652155125320869e-03
4.300652155125320869e-03
4.300652155125320869e-03
4.300652155125320869e-03
4.300652155125320869e-03
4.300652155125320869e-03
4.300652155125320869e-03
4.300652155125320869e-03
4.300652155125320869e-03
4.300652155125320869e-03
4.300652155125320869e-03
4.300652155125320869e-03
7.558194688417788770e-03
7.604714791597116941e-02
7.604714791597116941e-02
7.604714791597116941e-02
7.604714791597116941e-02
7.604714791597116941e-02
7.604714791597116941e-02
7.604714791597116941e-02
7.604714791597116941e-02
7.604714791597116941e-02
7.604714791597116941e-02
7.604714791597116941e-02
7.604714791597116941e-02
7.604714791597116941e-02
7.604714791597116941e-02
7.604714791597116941e-02
7.604714791597116941e-02
4.691451478023548824e-03
3.957907276969265323e-03
3.957907276969265323e-03
1.258113081661483505e-03
1.671546190244005414e-02
1.671546190244005414e-02
1.671546190244005414e-02
1.671546190244005414e-02
1.671546190244005414e-02
1.671546190244005414e-02
1.671546190244005414e-02
1.671546190244005414e-02
0.000000000000000000e+00
0.000000000000000000e+00
0.000000000000000000e+00
0.000000000000000000e+00
0.000000000000000000e+00
0.000000000000000000e+00
0.000000000000000000e+00
0.000000000000000000e+00
0.000000000000000000e+00
7.255993564289607740e-03
0.000000000000000000e+00
0.000000000000000000e+00
0.000000000000000000e+00
0.000000000000000000e+00
0.000000000000000000e+00
8.352079484388794800e-03
8.352079484388794800e-03
8.352079484388794800e-03
8.352079484388794800e-03
8.352079484388794800e-03
8.352079484388794800e-03
8.352079484388794800e-03
8.352079484388794800e-03
8.352079484388794800e-03
8.352079484388794800e-03
8.352079484388794800e-03
8.352079484388794800e-03
8.352079484388794800e-03
8.352079484388794800e-03
7.949898129449002246e-03
7.949898129449002246e-03
7.949898129449002246e-03
7.949898129449002246e-03
7.949898129449002246e-03
7.949898129449002246e-03
7.949898129449002246e-03
7.949898129449002246e-03
7.949898129449002246e-03
7.949898129449002246e-03
7.949898129449002246e-03
7.949898129449002246e-03
7.949898129449002246e-03
7.255993564289607740e-03
7.255993564289607740e-03
7.255993564289607740e-03
7.255993564289607740e-03
7.255993564289607740e-03
7.255993564289607740e-03
7.255993564289607740e-03
7.255993564289607740e-03
7.255993564289607740e-03
7.255993564289607740e-03
7.255993564289607740e-03
7.255993564289607740e-03
1.057731457567552026e-02
8.935810781999165486e-04
8.935810781999165486e-04
8.935810781999165486e-04
8.935810781999165486e-04
8.935810781999165486e-04
8.935810781999165486e-04
8.935810781999165486e-04
8.935810781999165486e-04
1.152504576421172454e-02
1.152504576421172454e-02
1.152504576421172454e-02
1.152504576421172454e-02
3.215379721398579221e-02
1.152504576421172454e-02
1.152504576421172454e-02
1.152504576421172454e-02
5.643732589926438170e-02
7.238664973576496020e-03
7.238664973576496020e-03
7.238664973576496020e-03
7.238664973576496020e-03
0.000000000000000000e+00
7.238664973576496020e-03
7.238664973576496020e-03
7.238664973576496020e-03
7.238664973576496020e-03
7.238664973576496020e-03
2.059145145021820666e-02
9.057479395161829915e-04
9.057479395161829915e-04
9.057479395161829915e-04
9.057479395161829915e-04
9.057479395161829915e-04
9.057479395161829915e-04
9.044673099485473280e-03
3.376782139825751719e-03
3.376782139825751719e-03
3.376782139825751719e-03
3.376782139825751719e-03
1.484845837659017585e-02
1.706605821558195360e-02
1.484845837659017585e-02
1.484845837659017585e-02
1.484845837659017585e-02
1.484845837659017585e-02
1.484845837659017585e-02
1.484845837659017585e-02
1.484845837659017585e-02
1.484845837659017585e-02
1.484845837659017585e-02
1.484845837659017585e-02
1.484845837659017585e-02
1.484845837659017585e-02
1.484845837659017585e-02
1.484845837659017585e-02
1.484845837659017585e-02
1.484845837659017585e-02
1.484845837659017585e-02
1.663784315119481690e-03
3.215379721398579221e-02
3.215379721398579221e-02
0.000000000000000000e+00
2.442675117900317341e-02
2.442675117900317341e-02
2.442675117900317341e-02
2.442675117900317341e-02
2.442675117900317341e-02
2.442675117900317341e-02
2.442675117900317341e-02
2.442675117900317341e-02
2.442675117900317341e-02
2.442675117900317341e-02
2.442675117900317341e-02
0.000000000000000000e+00
6.353787641962422086e-03
6.353787641962422086e-03
6.353787641962422086e-03
6.353787641962422086e-03
0.000000000000000000e+00
0.000000000000000000e+00
0.000000000000000000e+00
1.380203446621622310e-02
1.380203446621622310e-02
1.380203446621622310e-02
1.380203446621622310e-02
1.380203446621622310e-02
1.380203446621622310e-02
1.380203446621622310e-02
1.380203446621622310e-02
1.380203446621622310e-02
1.380203446621622310e-02
1.380203446621622310e-02
1.380203446621622310e-02
1.380203446621622310e-02
1.380203446621622310e-02
1.380203446621622310e-02
8.349201566331643579e-03
1.917139899714103909e-02
9.044673099485473280e-03
9.044673099485473280e-03
9.044673099485473280e-03
1.663784315119481690e-03
1.663784315119481690e-03
1.663784315119481690e-03
1.663784315119481690e-03
1.663784315119481690e-03
1.663784315119481690e-03
1.663784315119481690e-03
1.663784315119481690e-03
0.000000000000000000e+00
9.595462738484824422e-03
9.595462738484824422e-03
9.595462738484824422e-03
9.595462738484824422e-03
9.595462738484824422e-03
9.595462738484824422e-03
9.595462738484824422e-03
9.595462738484824422e-03
9.595462738484824422e-03
9.595462738484824422e-03
9.595462738484824422e-03
9.595462738484824422e-03
2.115313771463547821e-02
8.058676391486706628e-03
8.058676391486706628e-03
8.058676391486706628e-03
1.035021844650434002e-02
1.035021844650434002e-02
1.035021844650434002e-02
1.035021844650434002e-02
1.035021844650434002e-02
1.035021844650434002e-02
1.035021844650434002e-02
1.035021844650434002e-02
1.035021844650434002e-02
1.035021844650434002e-02
1.035021844650434002e-02
1.035021844650434002e-02
1.035021844650434002e-02
5.388385255707572180e-03
2.488729339830679076e-03
5.981712574459777196e-04
5.981712574459777196e-04
2.863692811618269701e-03
5.981712574459777196e-04
0.000000000000000000e+00
0.000000000000000000e+00
0.000000000000000000e+00
0.000000000000000000e+00
0.000000000000000000e+00
1.283945322713843894e-02
1.283945322713843894e-02
1.283945322713843894e-02
1.283945322713843894e-02
9.512860748763127608e-03
9.512860748763127608e-03
9.512860748763127608e-03
9.512860748763127608e-03
9.512860748763127608e-03
9.512860748763127608e-03
9.512860748763127608e-03
9.512860748763127608e-03
9.512860748763127608e-03
9.512860748763127608e-03
9.512860748763127608e-03
1.783790632750069383e-02
0.000000000000000000e+00
0.000000000000000000e+00
0.000000000000000000e+00
0.000000000000000000e+00
1.169607012767497414e-02
1.169607012767497414e-02
1.169607012767497414e-02
1.169607012767497414e-02
1.169607012767497414e-02
1.169607012767497414e-02
1.169607012767497414e-02
1.169607012767497414e-02
1.169607012767497414e-02
1.169607012767497414e-02
1.169607012767497414e-02
1.169607012767497414e-02
1.169607012767497414e-02
7.404171598452106637e-03
0.000000000000000000e+00
0.000000000000000000e+00
0.000000000000000000e+00
0.000000000000000000e+00
0.000000000000000000e+00
0.000000000000000000e+00
0.000000000000000000e+00
0.000000000000000000e+00
0.000000000000000000e+00
0.000000000000000000e+00
0.000000000000000000e+00
0.000000000000000000e+00
0.000000000000000000e+00
0.000000000000000000e+00
0.000000000000000000e+00
0.000000000000000000e+00
0.000000000000000000e+00
0.000000000000000000e+00
0.000000000000000000e+00
1.777258338033113963e-03
6.398866575592871558e-03
6.398866575592871558e-03
1.978235169854181998e-03
2.489725302131554421e-02
2.489725302131554421e-02
0.000000000000000000e+00
0.000000000000000000e+00
2.824386610626097513e-02
0.000000000000000000e+00
0.000000000000000000e+00
0.000000000000000000e+00
9.989229411710777093e-03
9.989229411710777093e-03
9.989229411710777093e-03
9.989229411710777093e-03
9.989229411710777093e-03
9.989229411710777093e-03
9.989229411710777093e-03
9.989229411710777093e-03
6.366778775045097566e-03
1.304582357971463547e-02
1.304582357971463547e-02
2.387624900055848251e-02
4.375466736891709708e-03
4.375466736891709708e-03
4.375466736891709708e-03
1.777258338033113963e-03
1.777258338033113963e-03
1.777258338033113963e-03
1.777258338033113963e-03
1.777258338033113963e-03
1.777258338033113963e-03
1.777258338033113963e-03
1.777258338033113963e-03
1.777258338033113963e-03
1.777258338033113963e-03
1.777258338033113963e-03
1.777258338033113963e-03
1.777258338033113963e-03
1.777258338033113963e-03
1.777258338033113963e-03
1.777258338033113963e-03
1.777258338033113963e-03
1.777258338033113963e-03
1.706605821558195360e-02
1.919760876917363940e-02
1.919760876917363940e-02
0.000000000000000000e+00
0.000000000000000000e+00
0.000000000000000000e+00
0.000000000000000000e+00
0.000000000000000000e+00
0.000000000000000000e+00
0.000000000000000000e+00
0.000000000000000000e+00
0.000000000000000000e+00
2.824386610626097513e-02
2.824386610626097513e-02
2.824386610626097513e-02
2.824386610626097513e-02
2.824386610626097513e-02
2.824386610626097513e-02
2.824386610626097513e-02
2.824386610626097513e-02
0.000000000000000000e+00
0.000000000000000000e+00
0.000000000000000000e+00
0.000000000000000000e+00
0.000000000000000000e+00
6.145021382260888385e-03
6.145021382260888385e-03
6.145021382260888385e-03
6.145021382260888385e-03
6.145021382260888385e-03
6.145021382260888385e-03
1.580409415487697266e-03
6.145021382260888385e-03
6.145021382260888385e-03
1.580409415487697266e-03
9.202899064869384665e-03
1.153689184362791109e-02
1.153689184362791109e-02
3.184957178487448498e-02
3.673887928479534215e-02
3.673887928479534215e-02
3.673887928479534215e-02
3.673887928479534215e-02
1.293274546628997088e-02
1.293274546628997088e-02
1.293274546628997088e-02
1.293274546628997088e-02
1.293274546628997088e-02
1.293274546628997088e-02
1.293274546628997088e-02
1.293274546628997088e-02
1.293274546628997088e-02
1.293274546628997088e-02
1.293274546628997088e-02
1.293274546628997088e-02
1.293274546628997088e-02
1.293274546628997088e-02
1.293274546628997088e-02
1.293274546628997088e-02
1.293274546628997088e-02
1.293274546628997088e-02
1.293274546628997088e-02
3.228777020928536717e-02
3.228777020928536717e-02
3.228777020928536717e-02
3.228777020928536717e-02
3.228777020928536717e-02
3.228777020928536717e-02
3.228777020928536717e-02
3.228777020928536717e-02
3.228777020928536717e-02
3.228777020928536717e-02
3.228777020928536717e-02
3.228777020928536717e-02
3.228777020928536717e-02
3.228777020928536717e-02
3.228777020928536717e-02
5.323400702554149239e-02
1.572104422173926583e-02
1.572104422173926583e-02
1.572104422173926583e-02
1.572104422173926583e-02
1.572104422173926583e-02
1.572104422173926583e-02
1.572104422173926583e-02
1.572104422173926583e-02
9.202899064869384665e-03
9.202899064869384665e-03
9.202899064869384665e-03
9.202899064869384665e-03
9.202899064869384665e-03
9.202899064869384665e-03
9.202899064869384665e-03
9.202899064869384665e-03
9.202899064869384665e-03
9.202899064869384665e-03
9.202899064869384665e-03
9.202899064869384665e-03
9.202899064869384665e-03
9.202899064869384665e-03
9.202899064869384665e-03
9.202899064869384665e-03
9.202899064869384665e-03
9.202899064869384665e-03
1.783790632750069383e-02
1.098156023132455285e-02
1.098156023132455285e-02
1.098156023132455285e-02
1.098156023132455285e-02
1.098156023132455285e-02
1.098156023132455285e-02
5.323400702554149239e-02
5.323400702554149239e-02
5.323400702554149239e-02
5.323400702554149239e-02
2.244449932790644822e-02
2.244449932790644822e-02
2.244449932790644822e-02
2.244449932790644822e-02
2.244449932790644822e-02
2.244449932790644822e-02
2.244449932790644822e-02
2.244449932790644822e-02
2.244449932790644822e-02
2.244449932790644822e-02
1.917139899714103909e-02
1.917139899714103909e-02
1.397630689116812278e-02
1.397630689116812278e-02
1.397630689116812278e-02
1.397630689116812278e-02
1.397630689116812278e-02
1.397630689116812278e-02
1.397630689116812278e-02
1.397630689116812278e-02
1.397630689116812278e-02
1.397630689116812278e-02
1.397630689116812278e-02
1.397630689116812278e-02
1.397630689116812278e-02
1.397630689116812278e-02
1.397630689116812278e-02
1.397630689116812278e-02
1.397630689116812278e-02
1.397630689116812278e-02
1.397630689116812278e-02
1.397630689116812278e-02
1.397630689116812278e-02
4.583516515194191741e-05
4.583516515194191741e-05
4.583516515194191741e-05
4.583516515194191741e-05
4.583516515194191741e-05
4.583516515194191741e-05
4.583516515194191741e-05
4.583516515194191741e-05
4.583516515194191741e-05
4.583516515194191741e-05
4.583516515194191741e-05
4.583516515194191741e-05
4.583516515194191741e-05
1.513414241472321557e-02
1.513414241472321557e-02
1.513414241472321557e-02
1.513414241472321557e-02
1.513414241472321557e-02
1.513414241472321557e-02
1.513414241472321557e-02
1.513414241472321557e-02
1.513414241472321557e-02
1.513414241472321557e-02
1.513414241472321557e-02
1.513414241472321557e-02
1.513414241472321557e-02
1.513414241472321557e-02
1.513414241472321557e-02
1.513414241472321557e-02
1.513414241472321557e-02
1.513414241472321557e-02
1.513414241472321557e-02
1.861512992145608614e-02
0.000000000000000000e+00
0.000000000000000000e+00
1.094839813660660995e-03
1.094839813660660995e-03
1.094839813660660995e-03
1.094839813660660995e-03
1.094839813660660995e-03
1.094839813660660995e-03
1.094839813660660995e-03
1.094839813660660995e-03
1.094839813660660995e-03
1.094839813660660995e-03
1.094839813660660995e-03
5.324835958365582191e-03
6.937900791440384032e-03
6.937900791440384032e-03
2.175548866188029354e-02
1.296293353178582658e-02
1.296293353178582658e-02
1.296293353178582658e-02
1.296293353178582658e-02
1.296293353178582658e-02
1.296293353178582658e-02
1.296293353178582658e-02
1.296293353178582658e-02
1.296293353178582658e-02
1.296293353178582658e-02
1.329136366207718002e-02
1.329136366207718002e-02
1.329136366207718002e-02
1.329136366207718002e-02
1.329136366207718002e-02
1.329136366207718002e-02
1.329136366207718002e-02
1.329136366207718002e-02
1.329136366207718002e-02
1.329136366207718002e-02
1.329136366207718002e-02
1.329136366207718002e-02
1.329136366207718002e-02
1.329136366207718002e-02
1.329136366207718002e-02
3.141305149057659930e-03
3.141305149057659930e-03
3.141305149057659930e-03
3.141305149057659930e-03
3.141305149057659930e-03
3.141305149057659930e-03
3.141305149057659930e-03
3.141305149057659930e-03
3.141305149057659930e-03
3.141305149057659930e-03
3.141305149057659930e-03
4.768857756580789707e-04
1.584306021239112808e-02
1.584306021239112808e-02
2.413537730402189052e-02
2.413537730402189052e-02
0.000000000000000000e+00
0.000000000000000000e+00
0.000000000000000000e+00
0.000000000000000000e+00
0.000000000000000000e+00
0.000000000000000000e+00
0.000000000000000000e+00
0.000000000000000000e+00
0.000000000000000000e+00
0.000000000000000000e+00
0.000000000000000000e+00
0.000000000000000000e+00
0.000000000000000000e+00
0.000000000000000000e+00
0.000000000000000000e+00
2.676786017513160202e-03
0.000000000000000000e+00
0.000000000000000000e+00
2.396394783006695114e-03
2.396394783006695114e-03
2.396394783006695114e-03
2.396394783006695114e-03
2.396394783006695114e-03
2.396394783006695114e-03
2.396394783006695114e-03
2.396394783006695114e-03
2.396394783006695114e-03
2.396394783006695114e-03
2.396394783006695114e-03
2.396394783006695114e-03
0.000000000000000000e+00
4.459842413612434553e-02
4.459842413612434553e-02
4.459842413612434553e-02
4.459842413612434553e-02
4.459842413612434553e-02
4.459842413612434553e-02
4.459842413612434553e-02
4.459842413612434553e-02
4.459842413612434553e-02
4.459842413612434553e-02
8.233232163520568664e-03
8.233232163520568664e-03
8.233232163520568664e-03
8.233232163520568664e-03
8.233232163520568664e-03
8.233232163520568664e-03
0.000000000000000000e+00
0.000000000000000000e+00
0.000000000000000000e+00
0.000000000000000000e+00
0.000000000000000000e+00
0.000000000000000000e+00
0.000000000000000000e+00
0.000000000000000000e+00
0.000000000000000000e+00
0.000000000000000000e+00
0.000000000000000000e+00
0.000000000000000000e+00
0.000000000000000000e+00
0.000000000000000000e+00
0.000000000000000000e+00
0.000000000000000000e+00
0.000000000000000000e+00
0.000000000000000000e+00
0.000000000000000000e+00
4.071308534778396958e-03
0.000000000000000000e+00
0.000000000000000000e+00
2.421838917212686820e-02
3.401118060075851435e-02
3.401118060075851435e-02
0.000000000000000000e+00
0.000000000000000000e+00
2.716203013884609975e-03
2.716203013884609975e-03
2.716203013884609975e-03
2.716203013884609975e-03
2.716203013884609975e-03
2.716203013884609975e-03
0.000000000000000000e+00
0.000000000000000000e+00
1.651715437104375392e-02
0.000000000000000000e+00
0.000000000000000000e+00
1.341209972122294966e-02
2.305747892640139934e-02
2.305747892640139934e-02
2.305747892640139934e-02
2.305747892640139934e-02
2.305747892640139934e-02
2.305747892640139934e-02
2.305747892640139934e-02
2.305747892640139934e-02
4.071308534778396958e-03
4.071308534778396958e-03
4.071308534778396958e-03
4.071308534778396958e-03
4.071308534778396958e-03
4.071308534778396958e-03
4.071308534778396958e-03
4.071308534778396958e-03
4.071308534778396958e-03
4.071308534778396958e-03
4.071308534778396958e-03
4.071308534778396958e-03
4.071308534778396958e-03
4.071308534778396958e-03
4.071308534778396958e-03
4.071308534778396958e-03
1.793923208404075639e-02
0.000000000000000000e+00
0.000000000000000000e+00
2.391217735366038544e-02
2.391217735366038544e-02
2.391217735366038544e-02
2.391217735366038544e-02
2.391217735366038544e-02
2.391217735366038544e-02
2.391217735366038544e-02
2.391217735366038544e-02
2.391217735366038544e-02
2.391217735366038544e-02
2.391217735366038544e-02
2.391217735366038544e-02
2.391217735366038544e-02
2.043384522973896804e-05
4.931693547434113029e-04
4.931693547434113029e-04
4.931693547434113029e-04
4.931693547434113029e-04
1.258113081661483505e-03
1.258113081661483505e-03
1.258113081661483505e-03
1.258113081661483505e-03
3.777439591106802885e-03
5.112596386457004920e-03
5.112596386457004920e-03
5.112596386457004920e-03
5.112596386457004920e-03
2.992614173775972816e-02
5.112596386457004920e-03
3.682405141920599284e-02
4.838228747142112041e-02
4.838228747142112041e-02
4.838228747142112041e-02
4.838228747142112041e-02
6.997098403596263387e-03
6.997098403596263387e-03
6.997098403596263387e-03
6.997098403596263387e-03
6.997098403596263387e-03
6.997098403596263387e-03
1.793923208404075639e-02
1.793923208404075639e-02
1.793923208404075639e-02
1.793923208404075639e-02
1.793923208404075639e-02
1.793923208404075639e-02
1.793923208404075639e-02
1.793923208404075639e-02
7.411635275571687182e-04
1.629236518983957771e-02
1.629236518983957771e-02
1.629236518983957771e-02
1.629236518983957771e-02
1.629236518983957771e-02
1.629236518983957771e-02
1.629236518983957771e-02
1.629236518983957771e-02
1.629236518983957771e-02
1.629236518983957771e-02
1.629236518983957771e-02
1.629236518983957771e-02
3.476532135078255824e-04
3.476532135078255824e-04
3.476532135078255824e-04
9.612678685041588927e-03
3.476532135078255824e-04
3.476532135078255824e-04
3.476532135078255824e-04
3.476532135078255824e-04
3.476532135078255824e-04
3.476532135078255824e-04
3.476532135078255824e-04
3.476532135078255824e-04
3.476532135078255824e-04
1.568556912477565499e-02
4.574458825582353345e-03
4.574458825582353345e-03
4.574458825582353345e-03
4.574458825582353345e-03
4.574458825582353345e-03
4.574458825582353345e-03
4.574458825582353345e-03
4.574458825582353345e-03
2.087018923798267950e-02
2.087018923798267950e-02
2.087018923798267950e-02
2.087018923798267950e-02
2.087018923798267950e-02
2.087018923798267950e-02
2.087018923798267950e-02
2.087018923798267950e-02
2.087018923798267950e-02
2.087018923798267950e-02
1.455750860484156944e-02
1.195799553182318870e-02
1.195799553182318870e-02
1.195799553182318870e-02
1.195799553182318870e-02
1.195799553182318870e-02
1.195799553182318870e-02
1.195799553182318870e-02
1.195799553182318870e-02
1.195799553182318870e-02
1.195799553182318870e-02
2.367239609461720129e-02
2.367239609461720129e-02
2.367239609461720129e-02
2.367239609461720129e-02
2.367239609461720129e-02
2.367239609461720129e-02
2.367239609461720129e-02
2.367239609461720129e-02
2.367239609461720129e-02
2.367239609461720129e-02
2.367239609461720129e-02
2.367239609461720129e-02
2.367239609461720129e-02
2.367239609461720129e-02
2.367239609461720129e-02
1.166767894841213606e-02
1.651715437104375392e-02
1.651715437104375392e-02
1.651715437104375392e-02
1.651715437104375392e-02
1.651715437104375392e-02
1.651715437104375392e-02
1.651715437104375392e-02
7.676672809684531931e-03
3.777439591106802885e-03
3.777439591106802885e-03
3.777439591106802885e-03
1.341455752690226370e-02
5.821962654521496217e-04
5.821962654521496217e-04
1.150323876260858462e-02
1.547827873656161361e-02
1.547827873656161361e-02
1.166767894841213606e-02
1.166767894841213606e-02
1.166767894841213606e-02
1.166767894841213606e-02
1.166767894841213606e-02
1.166767894841213606e-02
1.166767894841213606e-02
1.166767894841213606e-02
6.493297332528597844e-03
1.752998838660693379e-02
1.752998838660693379e-02
1.752998838660693379e-02
1.752998838660693379e-02
1.752998838660693379e-02
1.752998838660693379e-02
1.752998838660693379e-02
1.752998838660693379e-02
1.752998838660693379e-02
1.752998838660693379e-02
7.676672809684531931e-03
7.676672809684531931e-03
7.676672809684531931e-03
7.676672809684531931e-03
7.676672809684531931e-03
7.676672809684531931e-03
1.972164799034769114e-02
1.066362678124848501e-02
1.066362678124848501e-02
1.341455752690226370e-02
1.341455752690226370e-02
1.341455752690226370e-02
1.341455752690226370e-02
1.341455752690226370e-02
1.341455752690226370e-02
1.341455752690226370e-02
1.341455752690226370e-02
5.391765514859876707e-03
5.391765514859876707e-03
5.391765514859876707e-03
5.391765514859876707e-03
5.391765514859876707e-03
5.391765514859876707e-03
5.391765514859876707e-03
5.391765514859876707e-03
5.391765514859876707e-03
5.391765514859876707e-03
5.391765514859876707e-03
5.391765514859876707e-03
5.391765514859876707e-03
5.391765514859876707e-03
5.391765514859876707e-03
1.393896515242159725e-02
1.094478476782731816e-02
1.094478476782731816e-02
1.094478476782731816e-02
1.094478476782731816e-02
9.881954959012227355e-04
9.881954959012227355e-04
9.881954959012227355e-04
9.881954959012227355e-04
9.881954959012227355e-04
9.881954959012227355e-04
9.881954959012227355e-04
9.881954959012227355e-04
9.881954959012227355e-04
9.881954959012227355e-04
9.881954959012227355e-04
9.881954959012227355e-04
9.881954959012227355e-04
6.493297332528597844e-03
6.493297332528597844e-03
9.911028371987290475e-03
0.000000000000000000e+00
0.000000000000000000e+00
0.000000000000000000e+00
0.000000000000000000e+00
0.000000000000000000e+00
0.000000000000000000e+00
1.972164799034769114e-02
2.028970288020508564e-02
2.028970288020508564e-02
2.028970288020508564e-02
2.028970288020508564e-02
2.028970288020508564e-02
2.028970288020508564e-02
2.028970288020508564e-02
2.028970288020508564e-02
2.028970288020508564e-02
2.028970288020508564e-02
2.028970288020508564e-02
2.028970288020508564e-02
2.028970288020508564e-02
2.028970288020508564e-02
2.028970288020508564e-02
2.028970288020508564e-02
1.755990744069000882e-03
6.484669442102030746e-04
6.484669442102030746e-04
6.484669442102030746e-04
6.484669442102030746e-04
6.484669442102030746e-04
6.484669442102030746e-04
6.484669442102030746e-04
6.484669442102030746e-04
6.484669442102030746e-04
6.484669442102030746e-04
6.484669442102030746e-04
6.484669442102030746e-04
6.484669442102030746e-04
6.484669442102030746e-04
6.484669442102030746e-04
6.484669442102030746e-04
6.484669442102030746e-04
6.484669442102030746e-04
2.689525196037319960e-02
1.511541239215954957e-02
1.511541239215954957e-02
1.511541239215954957e-02
1.511541239215954957e-02
1.511541239215954957e-02
1.511541239215954957e-02
1.511541239215954957e-02
1.511541239215954957e-02
1.511541239215954957e-02
1.511541239215954957e-02
1.511541239215954957e-02
1.511541239215954957e-02
1.511541239215954957e-02
1.511541239215954957e-02
1.511541239215954957e-02
1.511541239215954957e-02
1.511541239215954957e-02
1.511541239215954957e-02
1.577980842389830121e-02
2.311570967149336950e-02
2.311570967149336950e-02
2.311570967149336950e-02
2.311570967149336950e-02
4.634474816947888216e-03
4.634474816947888216e-03
4.634474816947888216e-03
4.634474816947888216e-03
4.634474816947888216e-03
4.634474816947888216e-03
4.634474816947888216e-03
4.634474816947888216e-03
4.634474816947888216e-03
4.634474816947888216e-03
4.634474816947888216e-03
2.880061375906050377e-03
8.715611993667939442e-03
8.715611993667939442e-03
8.715611993667939442e-03
8.715611993667939442e-03
7.737480859937434334e-03
8.715611993667939442e-03
8.715611993667939442e-03
8.715611993667939442e-03
8.715611993667939442e-03
8.715611993667939442e-03
8.715611993667939442e-03
8.715611993667939442e-03
8.715611993667939442e-03
8.715611993667939442e-03
0.000000000000000000e+00
0.000000000000000000e+00
0.000000000000000000e+00
0.000000000000000000e+00
0.000000000000000000e+00
0.000000000000000000e+00
0.000000000000000000e+00
0.000000000000000000e+00
0.000000000000000000e+00
0.000000000000000000e+00
0.000000000000000000e+00
0.000000000000000000e+00
0.000000000000000000e+00
0.000000000000000000e+00
0.000000000000000000e+00
0.000000000000000000e+00
3.546978986354770540e-03
3.546978986354770540e-03
8.949610484475978636e-03
2.384362752626562314e-03
2.384362752626562314e-03
2.384362752626562314e-03
2.384362752626562314e-03
1.104829653495042682e-02
1.104829653495042682e-02
1.104829653495042682e-02
1.104829653495042682e-02
1.104829653495042682e-02
1.104829653495042682e-02
1.104829653495042682e-02
1.104829653495042682e-02
1.104829653495042682e-02
1.104829653495042682e-02
1.104829653495042682e-02
1.104829653495042682e-02
1.104829653495042682e-02
1.577723952980739780e-02
3.504670403978508725e-03
1.408392974383310473e-02
1.408392974383310473e-02
1.408392974383310473e-02
3.504670403978508725e-03
1.691039322842254056e-02
4.556193512044216971e-03
4.556193512044216971e-03
4.556193512044216971e-03
4.556193512044216971e-03
4.556193512044216971e-03
4.556193512044216971e-03
4.556193512044216971e-03
4.556193512044216971e-03
0.000000000000000000e+00
1.176826288883469837e-02
7.737480859937434334e-03
0.000000000000000000e+00
1.097757992361035433e-02
1.097757992361035433e-02
1.097757992361035433e-02
1.097757992361035433e-02
1.097757992361035433e-02
1.097757992361035433e-02
1.097757992361035433e-02
1.097757992361035433e-02
1.250907215778120259e-02
2.175548866188029354e-02
2.175548866188029354e-02
2.175548866188029354e-02
2.175548866188029354e-02
2.175548866188029354e-02
2.175548866188029354e-02
2.175548866188029354e-02
0.000000000000000000e+00
0.000000000000000000e+00
0.000000000000000000e+00
8.929945030937478170e-03
8.949610484475978636e-03
8.949610484475978636e-03
8.949610484475978636e-03
8.929945030937478170e-03
1.092124504928568274e-02
3.249169436512231585e-02
3.249169436512231585e-02
3.249169436512231585e-02
3.249169436512231585e-02
3.249169436512231585e-02
3.249169436512231585e-02
3.249169436512231585e-02
3.249169436512231585e-02
3.249169436512231585e-02
3.249169436512231585e-02
2.309089876787108822e-02
2.309089876787108822e-02
2.309089876787108822e-02
2.309089876787108822e-02
1.251503482744756833e-02
1.251503482744756833e-02
1.251503482744756833e-02
1.251503482744756833e-02
1.251503482744756833e-02
1.251503482744756833e-02
1.251503482744756833e-02
1.251503482744756833e-02
1.251503482744756833e-02
1.251503482744756833e-02
1.251503482744756833e-02
7.505723207233572919e-03
2.995930514988962012e-03
2.995930514988962012e-03
1.049994429094398135e-02
1.049994429094398135e-02
1.049994429094398135e-02
1.049994429094398135e-02
1.049994429094398135e-02
1.049994429094398135e-02
1.049994429094398135e-02
1.049994429094398135e-02
1.049994429094398135e-02
1.049994429094398135e-02
1.049994429094398135e-02
0.000000000000000000e+00
0.000000000000000000e+00
1.094672530135276135e-02
1.207977581280912475e-02
1.207977581280912475e-02
1.031739548594027590e-02
0.000000000000000000e+00
0.000000000000000000e+00
0.000000000000000000e+00
0.000000000000000000e+00
0.000000000000000000e+00
2.843861555270544000e-03
2.843861555270544000e-03
2.843861555270544000e-03
2.843861555270544000e-03
2.843861555270544000e-03
2.843861555270544000e-03
2.843861555270544000e-03
2.843861555270544000e-03
2.843861555270544000e-03
2.843861555270544000e-03
2.843861555270544000e-03
4.695594460729748607e-03
7.069249821202240429e-03
7.069249821202240429e-03
7.069249821202240429e-03
7.069249821202240429e-03
7.069249821202240429e-03
7.069249821202240429e-03
7.069249821202240429e-03
7.069249821202240429e-03
7.069249821202240429e-03
7.069249821202240429e-03
1.031739548594027590e-02
6.171162802303811930e-03
6.171162802303811930e-03
6.171162802303811930e-03
6.171162802303811930e-03
6.171162802303811930e-03
6.171162802303811930e-03
6.171162802303811930e-03
6.171162802303811930e-03
6.171162802303811930e-03
6.171162802303811930e-03
6.171162802303811930e-03
6.171162802303811930e-03
6.171162802303811930e-03
6.171162802303811930e-03
6.171162802303811930e-03
6.171162802303811930e-03
1.721329441025123627e-02
1.721329441025123627e-02
1.721329441025123627e-02
1.721329441025123627e-02
1.721329441025123627e-02
1.721329441025123627e-02
1.721329441025123627e-02
1.721329441025123627e-02
1.721329441025123627e-02
1.721329441025123627e-02
1.721329441025123627e-02
1.721329441025123627e-02
1.721329441025123627e-02
1.721329441025123627e-02
1.721329441025123627e-02
1.721329441025123627e-02
1.721329441025123627e-02
1.721329441025123627e-02
1.721329441025123627e-02
2.665639478975315516e-02
1.945673611984738080e-02
1.945673611984738080e-02
1.945673611984738080e-02
1.945673611984738080e-02
1.945673611984738080e-02
1.945673611984738080e-02
1.945673611984738080e-02
1.945673611984738080e-02
1.945673611984738080e-02
1.945673611984738080e-02
1.945673611984738080e-02
1.945673611984738080e-02
1.408279240062802057e-02
1.408279240062802057e-02
1.408279240062802057e-02
1.408279240062802057e-02
1.408279240062802057e-02
1.408279240062802057e-02
1.408279240062802057e-02
1.408279240062802057e-02
1.408279240062802057e-02
1.408279240062802057e-02
1.408279240062802057e-02
1.408279240062802057e-02
1.408279240062802057e-02
0.000000000000000000e+00
8.673694319178590698e-03
8.673694319178590698e-03
8.673694319178590698e-03
8.673694319178590698e-03
8.673694319178590698e-03
8.673694319178590698e-03
5.056109834038358120e-02
5.056109834038358120e-02
5.056109834038358120e-02
5.056109834038358120e-02
5.056109834038358120e-02
5.056109834038358120e-02
5.056109834038358120e-02
5.056109834038358120e-02
5.056109834038358120e-02
5.056109834038358120e-02
5.056109834038358120e-02
2.131351535397278327e-02
2.131351535397278327e-02
2.131351535397278327e-02
2.131351535397278327e-02
2.131351535397278327e-02
2.131351535397278327e-02
2.131351535397278327e-02
2.131351535397278327e-02
2.131351535397278327e-02
2.131351535397278327e-02
2.131351535397278327e-02
2.131351535397278327e-02
2.131351535397278327e-02
1.972164799034769114e-02
3.346113117204575771e-02
4.394032091871705181e-02
4.394032091871705181e-02
4.394032091871705181e-02
4.394032091871705181e-02
4.394032091871705181e-02
4.394032091871705181e-02
4.394032091871705181e-02
4.394032091871705181e-02
4.394032091871705181e-02
4.394032091871705181e-02
4.394032091871705181e-02
4.394032091871705181e-02
4.394032091871705181e-02
4.394032091871705181e-02
4.394032091871705181e-02
4.394032091871705181e-02
4.394032091871705181e-02
4.394032091871705181e-02
4.394032091871705181e-02
4.394032091871705181e-02
4.394032091871705181e-02
4.394032091871705181e-02
4.394032091871705181e-02
4.394032091871705181e-02
4.242104307271662988e-02
4.394032091871705181e-02
4.394032091871705181e-02
4.394032091871705181e-02
4.695594460729748607e-03
4.695594460729748607e-03
4.695594460729748607e-03
4.695594460729748607e-03
1.805207487040887473e-02
1.175960809797768451e-02
1.175960809797768451e-02
1.175960809797768451e-02
1.175960809797768451e-02
1.175960809797768451e-02
1.175960809797768451e-02
2.910466352943214333e-02
9.511022871007105903e-03
9.511022871007105903e-03
9.511022871007105903e-03
9.511022871007105903e-03
1.046886485736884566e-02
1.046886485736884566e-02
4.650414397094244055e-03
1.961158923217535058e-02
1.961158923217535058e-02
2.189400042799141341e-02
2.343232796875238753e-03
2.343232796875238753e-03
2.343232796875238753e-03
2.343232796875238753e-03
2.343232796875238753e-03
2.343232796875238753e-03
2.343232796875238753e-03
2.343232796875238753e-03
1.169027181153781125e-02
1.315803319186682752e-02
2.910466352943214333e-02
2.910466352943214333e-02
2.910466352943214333e-02
2.910466352943214333e-02
2.910466352943214333e-02
2.910466352943214333e-02
4.650414397094244055e-03
4.650414397094244055e-03
4.650414397094244055e-03
4.650414397094244055e-03
4.650414397094244055e-03
4.650414397094244055e-03
4.650414397094244055e-03
4.650414397094244055e-03
4.650414397094244055e-03
4.650414397094244055e-03
4.650414397094244055e-03
4.650414397094244055e-03
4.650414397094244055e-03
4.650414397094244055e-03
4.650414397094244055e-03
4.650414397094244055e-03
4.650414397094244055e-03
4.650414397094244055e-03
4.650414397094244055e-03
4.650414397094244055e-03
4.641812388609203345e-03
6.301564558146717163e-03
6.301564558146717163e-03
6.301564558146717163e-03
6.301564558146717163e-03
6.301564558146717163e-03
6.301564558146717163e-03
6.301564558146717163e-03
6.301564558146717163e-03
6.301564558146717163e-03
6.301564558146717163e-03
0.000000000000000000e+00
2.515272716561901128e-02
2.515272716561901128e-02
2.515272716561901128e-02
2.515272716561901128e-02
1.224492879628534536e-02
0.000000000000000000e+00
0.000000000000000000e+00
1.101196463591667084e-02
1.357375545458457643e-02
1.357375545458457643e-02
1.357375545458457643e-02
1.357375545458457643e-02
0.000000000000000000e+00
0.000000000000000000e+00
0.000000000000000000e+00
0.000000000000000000e+00
0.000000000000000000e+00
0.000000000000000000e+00
0.000000000000000000e+00
0.000000000000000000e+00
0.000000000000000000e+00
0.000000000000000000e+00
0.000000000000000000e+00
0.000000000000000000e+00
0.000000000000000000e+00
0.000000000000000000e+00
0.000000000000000000e+00
0.000000000000000000e+00
0.000000000000000000e+00
0.000000000000000000e+00
0.000000000000000000e+00
5.023274176122490171e-03
5.023274176122490171e-03
5.023274176122490171e-03
5.023274176122490171e-03
5.023274176122490171e-03
5.023274176122490171e-03
5.023274176122490171e-03
5.023274176122490171e-03
5.023274176122490171e-03
5.023274176122490171e-03
5.023274176122490171e-03
5.023274176122490171e-03
5.023274176122490171e-03
5.023274176122490171e-03
5.023274176122490171e-03
5.023274176122490171e-03
5.023274176122490171e-03
5.023274176122490171e-03
5.023274176122490171e-03
5.023274176122490171e-03
5.023274176122490171e-03
5.023274176122490171e-03
5.023274176122490171e-03
1.224492879628534536e-02
1.224492879628534536e-02
1.224492879628534536e-02
1.224492879628534536e-02
1.224492879628534536e-02
1.224492879628534536e-02
1.224492879628534536e-02
1.224492879628534536e-02
1.224492879628534536e-02
1.224492879628534536e-02
1.224492879628534536e-02
1.224492879628534536e-02
1.224492879628534536e-02
1.224492879628534536e-02
1.224492879628534536e-02
1.224492879628534536e-02
1.224492879628534536e-02
1.224492879628534536e-02
1.224492879628534536e-02
1.224492879628534536e-02
1.224492879628534536e-02
1.224492879628534536e-02
1.224492879628534536e-02
1.224492879628534536e-02
1.224492879628534536e-02
1.224492879628534536e-02
1.224492879628534536e-02
1.224492879628534536e-02
1.224492879628534536e-02
1.224492879628534536e-02
1.224492879628534536e-02
1.224492879628534536e-02
4.435852327758111474e-02
4.435852327758111474e-02
4.435852327758111474e-02
4.435852327758111474e-02
4.435852327758111474e-02
4.435852327758111474e-02
4.435852327758111474e-02
4.435852327758111474e-02
4.435852327758111474e-02
4.435852327758111474e-02
4.435852327758111474e-02
4.435852327758111474e-02
4.435852327758111474e-02
1.216225996299121620e-02
1.216225996299121620e-02
1.216225996299121620e-02
1.216225996299121620e-02
1.216225996299121620e-02
1.216225996299121620e-02
1.216225996299121620e-02
1.216225996299121620e-02
1.216225996299121620e-02
1.216225996299121620e-02
1.216225996299121620e-02
1.216225996299121620e-02
1.216225996299121620e-02
1.216225996299121620e-02
1.216225996299121620e-02
1.216225996299121620e-02
1.216225996299121620e-02
1.216225996299121620e-02
1.216225996299121620e-02
1.216225996299121620e-02
1.216225996299121620e-02
6.417789143538424335e-03
6.417789143538424335e-03
6.417789143538424335e-03
6.417789143538424335e-03
6.417789143538424335e-03
6.417789143538424335e-03
6.417789143538424335e-03
6.417789143538424335e-03
6.417789143538424335e-03
6.417789143538424335e-03
6.417789143538424335e-03
1.190608390353089380e-02
1.018835239610914323e-02
1.018835239610914323e-02
1.018835239610914323e-02
1.018835239610914323e-02
5.861203307727447850e-04
5.861203307727447850e-04
5.861203307727447850e-04
5.861203307727447850e-04
5.861203307727447850e-04
5.861203307727447850e-04
5.861203307727447850e-04
5.861203307727447850e-04
5.861203307727447850e-04
5.861203307727447850e-04
5.861203307727447850e-04
5.861203307727447850e-04
5.861203307727447850e-04
5.861203307727447850e-04
5.861203307727447850e-04
5.861203307727447850e-04
5.861203307727447850e-04
5.861203307727447850e-04
5.861203307727447850e-04
5.861203307727447850e-04
5.861203307727447850e-04
5.861203307727447850e-04
5.861203307727447850e-04
5.861203307727447850e-04
5.861203307727447850e-04
5.861203307727447850e-04
5.861203307727447850e-04
5.861203307727447850e-04
5.861203307727447850e-04
5.861203307727447850e-04
5.861203307727447850e-04
5.861203307727447850e-04
5.861203307727447850e-04
0.000000000000000000e+00
0.000000000000000000e+00
1.101196463591667084e-02
0.000000000000000000e+00
0.000000000000000000e+00
0.000000000000000000e+00
0.000000000000000000e+00
0.000000000000000000e+00
0.000000000000000000e+00
0.000000000000000000e+00
0.000000000000000000e+00
0.000000000000000000e+00
0.000000000000000000e+00
0.000000000000000000e+00
2.200197229637175164e-02
9.656978250427017754e-03
9.656978250427017754e-03
3.652242574244292384e-02
3.881757297095971004e-02
3.881757297095971004e-02
3.881757297095971004e-02
3.679031925256874731e-03
9.595542147214506518e-03
9.595542147214506518e-03
9.595542147214506518e-03
9.595542147214506518e-03
9.595542147214506518e-03
9.595542147214506518e-03
9.595542147214506518e-03
9.595542147214506518e-03
1.190608390353089380e-02
3.006806669769224172e-02
3.006806669769224172e-02
3.006806669769224172e-02
3.006806669769224172e-02
3.006806669769224172e-02
3.006806669769224172e-02
0.000000000000000000e+00
3.277101197855037534e-02
3.277101197855037534e-02
3.277101197855037534e-02
3.277101197855037534e-02
3.277101197855037534e-02
3.277101197855037534e-02
0.000000000000000000e+00
0.000000000000000000e+00
0.000000000000000000e+00
0.000000000000000000e+00
0.000000000000000000e+00
0.000000000000000000e+00
0.000000000000000000e+00
0.000000000000000000e+00
0.000000000000000000e+00
0.000000000000000000e+00
0.000000000000000000e+00
0.000000000000000000e+00
0.000000000000000000e+00
1.903054362869403132e-02
1.903054362869403132e-02
1.903054362869403132e-02
1.903054362869403132e-02
1.903054362869403132e-02
1.903054362869403132e-02
1.903054362869403132e-02
1.903054362869403132e-02
1.903054362869403132e-02
1.903054362869403132e-02
1.903054362869403132e-02
1.781130178631622554e-02
1.781130178631622554e-02
1.781130178631622554e-02
1.781130178631622554e-02
1.781130178631622554e-02
1.781130178631622554e-02
1.781130178631622554e-02
1.781130178631622554e-02
1.781130178631622554e-02
1.781130178631622554e-02
1.781130178631622554e-02
1.777026737836348352e-03
1.561839545736573966e-03
1.561839545736573966e-03
1.561839545736573966e-03
1.561839545736573966e-03
2.059145145021820666e-02
2.154989887716980343e-02
2.154989887716980343e-02
8.520145762984746365e-03
3.157938670456991465e-03
3.157938670456991465e-03
3.157938670456991465e-03
3.157938670456991465e-03
3.157938670456991465e-03
3.157938670456991465e-03
3.157938670456991465e-03
3.157938670456991465e-03
3.157938670456991465e-03
3.157938670456991465e-03
3.157938670456991465e-03
3.157938670456991465e-03
1.944215708101892925e-02
4.763801738705069136e-03
4.763801738705069136e-03
4.940392570370304853e-03
4.940392570370304853e-03
0.000000000000000000e+00
2.717826664746843257e-02
2.717826664746843257e-02
2.717826664746843257e-02
2.717826664746843257e-02
2.717826664746843257e-02
2.717826664746843257e-02
0.000000000000000000e+00
0.000000000000000000e+00
0.000000000000000000e+00
0.000000000000000000e+00
0.000000000000000000e+00
0.000000000000000000e+00
0.000000000000000000e+00
0.000000000000000000e+00
0.000000000000000000e+00
1.640501122827347710e-02
6.756302387151179659e-03
6.756302387151179659e-03
6.756302387151179659e-03
6.756302387151179659e-03
6.756302387151179659e-03
6.756302387151179659e-03
1.092036250289570194e-02
2.636159427211846526e-03
2.636159427211846526e-03
2.636159427211846526e-03
2.636159427211846526e-03
2.636159427211846526e-03
2.636159427211846526e-03
2.636159427211846526e-03
2.636159427211846526e-03
3.457454774472408943e-03
3.581437529694355467e-03
3.581437529694355467e-03
3.581437529694355467e-03
3.581437529694355467e-03
3.581437529694355467e-03
3.581437529694355467e-03
0.000000000000000000e+00
1.957849611189803329e-02
1.957849611189803329e-02
1.957849611189803329e-02
1.957849611189803329e-02
1.957849611189803329e-02
1.957849611189803329e-02
1.957849611189803329e-02
1.957849611189803329e-02
1.957849611189803329e-02
1.957849611189803329e-02
1.957849611189803329e-02
1.957849611189803329e-02
8.261190979142728555e-03
1.381813828983861209e-02
1.381813828983861209e-02
0.000000000000000000e+00
0.000000000000000000e+00
0.000000000000000000e+00
0.000000000000000000e+00
0.000000000000000000e+00
0.000000000000000000e+00
0.000000000000000000e+00
0.000000000000000000e+00
0.000000000000000000e+00
1.010206763987549390e-02
5.879338369156540851e-03
5.879338369156540851e-03
5.879338369156540851e-03
5.879338369156540851e-03
5.879338369156540851e-03
5.879338369156540851e-03
5.879338369156540851e-03
5.879338369156540851e-03
5.879338369156540851e-03
5.879338369156540851e-03
7.759839931211562000e-03
7.759839931211562000e-03
7.759839931211562000e-03
7.759839931211562000e-03
7.759839931211562000e-03
7.759839931211562000e-03
7.759839931211562000e-03
7.759839931211562000e-03
7.759839931211562000e-03
7.759839931211562000e-03
7.759839931211562000e-03
7.759839931211562000e-03
7.759839931211562000e-03
7.759839931211562000e-03
7.759839931211562000e-03
3.391970625187403637e-02
2.386633614158984503e-03
2.386633614158984503e-03
2.386633614158984503e-03
2.386633614158984503e-03
2.386633614158984503e-03
2.386633614158984503e-03
2.386633614158984503e-03
2.386633614158984503e-03
2.386633614158984503e-03
2.386633614158984503e-03
7.412440882453203567e-03
7.412440882453203567e-03
7.412440882453203567e-03
7.412440882453203567e-03
7.412440882453203567e-03
7.412440882453203567e-03
7.412440882453203567e-03
7.412440882453203567e-03
7.412440882453203567e-03
7.412440882453203567e-03
7.412440882453203567e-03
1.880807059707923293e-02
9.991513201917720868e-03
9.991513201917720868e-03
9.991513201917720868e-03
9.991513201917720868e-03
9.991513201917720868e-03
9.991513201917720868e-03
2.016723671152053504e-02
1.287837970341067922e-02
1.287837970341067922e-02
1.465887637329610284e-04
1.465887637329610284e-04
1.465887637329610284e-04
1.465887637329610284e-04
1.465887637329610284e-04
1.465887637329610284e-04
1.465887637329610284e-04
1.465887637329610284e-04
1.465887637329610284e-04
1.465887637329610284e-04
1.465887637329610284e-04
1.465887637329610284e-04
1.465887637329610284e-04
1.465887637329610284e-04
1.465887637329610284e-04
1.465887637329610284e-04
1.465887637329610284e-04
1.880807059707923293e-02
3.163611348775978438e-02
3.163611348775978438e-02
1.978235169854181998e-03
1.978235169854181998e-03
1.978235169854181998e-03
1.978235169854181998e-03
1.978235169854181998e-03
3.506650956686802306e-03
1.978235169854181998e-03
1.978235169854181998e-03
1.978235169854181998e-03
1.978235169854181998e-03
1.978235169854181998e-03
1.978235169854181998e-03
5.256930682075796474e-02
2.073873932403184558e-02
2.073873932403184558e-02
2.073873932403184558e-02
2.073873932403184558e-02
2.073873932403184558e-02
2.073873932403184558e-02
8.183365918770524891e-04
1.356504366715876111e-02
1.356504366715876111e-02
1.356504366715876111e-02
1.356504366715876111e-02
1.845147888481751819e-02
0.000000000000000000e+00
0.000000000000000000e+00
0.000000000000000000e+00
0.000000000000000000e+00
0.000000000000000000e+00
0.000000000000000000e+00
0.000000000000000000e+00
0.000000000000000000e+00
0.000000000000000000e+00
0.000000000000000000e+00
0.000000000000000000e+00
2.828478032371163978e-02
0.000000000000000000e+00
0.000000000000000000e+00
0.000000000000000000e+00
0.000000000000000000e+00
0.000000000000000000e+00
0.000000000000000000e+00
1.749635702865233108e-02
2.342852251368869945e-02
2.342852251368869945e-02
2.342852251368869945e-02
2.342852251368869945e-02
2.342852251368869945e-02
2.342852251368869945e-02
0.000000000000000000e+00
0.000000000000000000e+00
0.000000000000000000e+00
0.000000000000000000e+00
0.000000000000000000e+00
0.000000000000000000e+00
0.000000000000000000e+00
2.537983106164591954e-02
3.449491886962014614e-02
3.449491886962014614e-02
3.441041065643807295e-02
1.428743324154366397e-02
1.428743324154366397e-02
1.428743324154366397e-02
1.428743324154366397e-02
1.428743324154366397e-02
1.428743324154366397e-02
1.428743324154366397e-02
1.428743324154366397e-02
1.428743324154366397e-02
1.428743324154366397e-02
4.789020950322517289e-02
2.156651590477729266e-02
2.156651590477729266e-02
2.156651590477729266e-02
2.156651590477729266e-02
2.156651590477729266e-02
2.156651590477729266e-02
2.156651590477729266e-02
2.156651590477729266e-02
2.156651590477729266e-02
2.156651590477729266e-02
0.000000000000000000e+00
5.965308786307860298e-04
5.965308786307860298e-04
5.965308786307860298e-04
5.965308786307860298e-04
5.965308786307860298e-04
5.965308786307860298e-04
5.965308786307860298e-04
5.965308786307860298e-04
5.965308786307860298e-04
5.965308786307860298e-04
5.965308786307860298e-04
5.965308786307860298e-04
5.965308786307860298e-04
5.965308786307860298e-04
5.965308786307860298e-04
5.965308786307860298e-04
5.965308786307860298e-04
5.965308786307860298e-04
4.466793163665364053e-02
8.308277473974142249e-03
8.308277473974142249e-03
2.289085130976815236e-02
4.182091093740301913e-02
4.182091093740301913e-02
3.758126228552551538e-03
5.353472094215477178e-03
5.353472094215477178e-03
5.353472094215477178e-03
5.353472094215477178e-03
5.353472094215477178e-03
5.353472094215477178e-03
1.328174958447115098e-02
1.218367613128051863e-02
1.218367613128051863e-02
1.218367613128051863e-02
1.218367613128051863e-02
1.218367613128051863e-02
1.218367613128051863e-02
4.285714928567990745e-02
1.026807338341083516e-02
1.778945462202631903e-02
1.230638001812327242e-02
1.026807338341083516e-02
1.026807338341083516e-02
1.026807338341083516e-02
1.026807338341083516e-02
1.026807338341083516e-02
0.000000000000000000e+00
2.706657765176563070e-03
2.706657765176563070e-03
2.706657765176563070e-03
2.706657765176563070e-03
2.706657765176563070e-03
2.706657765176563070e-03
2.706657765176563070e-03
2.706657765176563070e-03
2.706657765176563070e-03
2.706657765176563070e-03
2.706657765176563070e-03
2.706657765176563070e-03
2.706657765176563070e-03
2.706657765176563070e-03
0.000000000000000000e+00
0.000000000000000000e+00
0.000000000000000000e+00
0.000000000000000000e+00
0.000000000000000000e+00
3.590029967760493060e-03
3.590029967760493060e-03
2.280273478558597286e-02
2.027899819676615492e-02
2.027899819676615492e-02
2.027899819676615492e-02
2.027899819676615492e-02
2.027899819676615492e-02
2.027899819676615492e-02
2.027899819676615492e-02
2.027899819676615492e-02
1.933245116485888399e-02
1.933245116485888399e-02
1.933245116485888399e-02
1.933245116485888399e-02
1.933245116485888399e-02
1.933245116485888399e-02
1.933245116485888399e-02
1.933245116485888399e-02
1.933245116485888399e-02
1.933245116485888399e-02
1.933245116485888399e-02
1.933245116485888399e-02
1.933245116485888399e-02
1.933245116485888399e-02
1.933245116485888399e-02
1.933245116485888399e-02
1.933245116485888399e-02
9.756105361783064256e-02
0.000000000000000000e+00
0.000000000000000000e+00
0.000000000000000000e+00
0.000000000000000000e+00
0.000000000000000000e+00
5.256930682075796474e-02
5.256930682075796474e-02
5.256930682075796474e-02
5.256930682075796474e-02
5.256930682075796474e-02
5.256930682075796474e-02
3.122224188542542089e-03
3.122224188542542089e-03
3.122224188542542089e-03
3.122224188542542089e-03
3.122224188542542089e-03
3.122224188542542089e-03
3.122224188542542089e-03
3.122224188542542089e-03
3.122224188542542089e-03
3.122224188542542089e-03
3.122224188542542089e-03
1.497488313963968483e-02
3.982969329962587207e-02
3.982969329962587207e-02
3.982969329962587207e-02
3.982969329962587207e-02
3.982969329962587207e-02
3.982969329962587207e-02
0.000000000000000000e+00
1.718308158393718268e-02
1.718308158393718268e-02
1.718308158393718268e-02
1.718308158393718268e-02
1.718308158393718268e-02
1.718308158393718268e-02
1.718308158393718268e-02
1.718308158393718268e-02
1.718308158393718268e-02
1.718308158393718268e-02
1.718308158393718268e-02
1.718308158393718268e-02
1.718308158393718268e-02
1.718308158393718268e-02
1.718308158393718268e-02
1.718308158393718268e-02
1.718308158393718268e-02
1.718308158393718268e-02
1.718308158393718268e-02
1.718308158393718268e-02
1.718308158393718268e-02
1.718308158393718268e-02
1.718308158393718268e-02
1.718308158393718268e-02
1.718308158393718268e-02
1.718308158393718268e-02
1.718308158393718268e-02
1.718308158393718268e-02
2.215706625335595384e-02
2.215706625335595384e-02
2.215706625335595384e-02
2.215706625335595384e-02
2.215706625335595384e-02
2.215706625335595384e-02
2.215706625335595384e-02
2.215706625335595384e-02
2.215706625335595384e-02
2.215706625335595384e-02
2.215706625335595384e-02
1.907870492285441977e-02
1.907870492285441977e-02
1.907870492285441977e-02
1.907870492285441977e-02
1.907870492285441977e-02
1.907870492285441977e-02
1.907870492285441977e-02
1.907870492285441977e-02
1.907870492285441977e-02
1.907870492285441977e-02
1.907870492285441977e-02
0.000000000000000000e+00
0.000000000000000000e+00
0.000000000000000000e+00
0.000000000000000000e+00
0.000000000000000000e+00
0.000000000000000000e+00
0.000000000000000000e+00
0.000000000000000000e+00
0.000000000000000000e+00
3.358122964247892746e-03
3.358122964247892746e-03
3.358122964247892746e-03
3.358122964247892746e-03
3.358122964247892746e-03
3.358122964247892746e-03
3.358122964247892746e-03
3.358122964247892746e-03
3.358122964247892746e-03
3.358122964247892746e-03
3.358122964247892746e-03
8.996738706813531966e-03
3.166259168154154924e-02
3.166259168154154924e-02
2.519493322764873589e-02
3.376123154235831370e-02
3.376123154235831370e-02
3.376123154235831370e-02
3.376123154235831370e-02
3.708136721476380272e-03
6.942969890153929090e-03
6.942969890153929090e-03
6.942969890153929090e-03
6.942969890153929090e-03
6.942969890153929090e-03
6.942969890153929090e-03
6.942969890153929090e-03
6.942969890153929090e-03
6.942969890153929090e-03
6.942969890153929090e-03
6.942969890153929090e-03
6.942969890153929090e-03
6.942969890153929090e-03
6.942969890153929090e-03
6.942969890153929090e-03
6.942969890153929090e-03
4.285714928567990745e-02
4.285714928567990745e-02
4.285714928567990745e-02
4.285714928567990745e-02
1.616007017658461706e-02
1.800145310024943174e-03
1.800145310024943174e-03
1.800145310024943174e-03
1.800145310024943174e-03
1.800145310024943174e-03
1.800145310024943174e-03
1.800145310024943174e-03
1.800145310024943174e-03
3.687735121954240775e-02
3.834194328305542271e-02
3.834194328305542271e-02
2.862886108850939146e-04
2.090615745723754110e-03
2.090615745723754110e-03
2.090615745723754110e-03
2.090615745723754110e-03
2.090615745723754110e-03
2.090615745723754110e-03
2.751063752453822980e-02
3.950668505684562862e-03
3.950668505684562862e-03
3.950668505684562862e-03
3.950668505684562862e-03
3.950668505684562862e-03
3.950668505684562862e-03
4.268314790943334748e-03
4.268314790943334748e-03
4.268314790943334748e-03
4.268314790943334748e-03
4.268314790943334748e-03
4.268314790943334748e-03
1.766180112099834804e-02
7.054439285218522433e-03
7.054439285218522433e-03
2.260876704084107541e-02
1.231236895072991729e-02
1.231236895072991729e-02
2.385445697307815582e-02
2.385445697307815582e-02
2.385445697307815582e-02
2.385445697307815582e-02
2.385445697307815582e-02
2.385445697307815582e-02
2.385445697307815582e-02
2.385445697307815582e-02
2.385445697307815582e-02
2.385445697307815582e-02
2.385445697307815582e-02
0.000000000000000000e+00
1.064198891495505943e-02
1.064198891495505943e-02
1.064198891495505943e-02
1.064198891495505943e-02
1.064198891495505943e-02
1.064198891495505943e-02
1.064198891495505943e-02
1.064198891495505943e-02
3.636120552043382165e-02
5.204180108026023330e-04
5.204180108026023330e-04
5.204180108026023330e-04
5.204180108026023330e-04
5.204180108026023330e-04
5.204180108026023330e-04
8.299063483045454950e-03
8.105032580098812597e-03
8.105032580098812597e-03
8.105032580098812597e-03
8.105032580098812597e-03
8.105032580098812597e-03
8.105032580098812597e-03
8.105032580098812597e-03
8.105032580098812597e-03
7.505723207233572919e-03
8.105032580098812597e-03
1.003072347994271585e-02
1.003072347994271585e-02
1.003072347994271585e-02
1.003072347994271585e-02
1.003072347994271585e-02
1.003072347994271585e-02
1.003072347994271585e-02
1.003072347994271585e-02
1.003072347994271585e-02
1.003072347994271585e-02
1.003072347994271585e-02
1.003072347994271585e-02
1.003072347994271585e-02
1.003072347994271585e-02
1.003072347994271585e-02
3.687735121954240775e-02
1.108046940801767251e-02
1.108046940801767251e-02
1.108046940801767251e-02
1.108046940801767251e-02
1.108046940801767251e-02
1.108046940801767251e-02
1.108046940801767251e-02
1.108046940801767251e-02
1.108046940801767251e-02
1.108046940801767251e-02
1.108046940801767251e-02
1.108046940801767251e-02
1.108046940801767251e-02
1.978426104785401853e-03
1.382541590650906808e-02
1.382541590650906808e-02
1.382541590650906808e-02
1.382541590650906808e-02
1.382541590650906808e-02
1.382541590650906808e-02
1.382541590650906808e-02
1.382541590650906808e-02
0.000000000000000000e+00
0.000000000000000000e+00
0.000000000000000000e+00
8.758777524792961400e-03
1.511390192463826949e-02
1.511390192463826949e-02
1.511390192463826949e-02
1.511390192463826949e-02
1.511390192463826949e-02
1.511390192463826949e-02
1.511390192463826949e-02
1.511390192463826949e-02
1.400876354127744521e-02
1.400876354127744521e-02
1.400876354127744521e-02
1.400876354127744521e-02
1.049632786851503741e-02
6.758716999372675442e-03
6.758716999372675442e-03
1.668272465139334498e-02
1.668272465139334498e-02
1.668272465139334498e-02
1.668272465139334498e-02
1.668272465139334498e-02
1.668272465139334498e-02
1.668272465139334498e-02
1.668272465139334498e-02
1.668272465139334498e-02
1.668272465139334498e-02
1.668272465139334498e-02
1.668272465139334498e-02
1.668272465139334498e-02
1.668272465139334498e-02
1.668272465139334498e-02
1.668272465139334498e-02
1.668272465139334498e-02
1.668272465139334498e-02
1.668272465139334498e-02
4.219161600969664576e-03
3.200837291964941933e-02
3.200837291964941933e-02
3.200837291964941933e-02
3.200837291964941933e-02
3.200837291964941933e-02
3.200837291964941933e-02
2.280944628620527187e-02
3.806214226052222899e-02
3.806214226052222899e-02
3.806214226052222899e-02
3.806214226052222899e-02
3.806214226052222899e-02
3.806214226052222899e-02
3.806214226052222899e-02
3.806214226052222899e-02
1.119680226619075049e-02
1.013406969735643724e-02
1.013406969735643724e-02
1.013406969735643724e-02
1.013406969735643724e-02
1.013406969735643724e-02
1.013406969735643724e-02
1.013406969735643724e-02
1.013406969735643724e-02
0.000000000000000000e+00
0.000000000000000000e+00
0.000000000000000000e+00
0.000000000000000000e+00
0.000000000000000000e+00
0.000000000000000000e+00
0.000000000000000000e+00
0.000000000000000000e+00
0.000000000000000000e+00
0.000000000000000000e+00
0.000000000000000000e+00
0.000000000000000000e+00
1.287275255809099128e-02
1.287275255809099128e-02
1.287275255809099128e-02
1.287275255809099128e-02
1.287275255809099128e-02
1.287275255809099128e-02
1.049632786851503741e-02
1.049632786851503741e-02
1.049632786851503741e-02
1.049632786851503741e-02
1.049632786851503741e-02
1.049632786851503741e-02
1.049632786851503741e-02
1.049632786851503741e-02
1.049632786851503741e-02
1.049632786851503741e-02
2.970298639531380319e-02
9.463864655759548009e-03
9.463864655759548009e-03
9.463864655759548009e-03
9.463864655759548009e-03
9.463864655759548009e-03
9.463864655759548009e-03
9.463864655759548009e-03
9.463864655759548009e-03
9.463864655759548009e-03
9.463864655759548009e-03
9.463864655759548009e-03
9.463864655759548009e-03
9.463864655759548009e-03
9.463864655759548009e-03
9.463864655759548009e-03
9.463864655759548009e-03
9.463864655759548009e-03
9.463864655759548009e-03
0.000000000000000000e+00
0.000000000000000000e+00
0.000000000000000000e+00
0.000000000000000000e+00
0.000000000000000000e+00
5.261766217104170765e-03
1.497401454946557797e-02
1.497401454946557797e-02
1.497401454946557797e-02
1.497401454946557797e-02
1.298530214318519352e-02
1.338437032908341810e-02
1.338437032908341810e-02
1.338437032908341810e-02
0.000000000000000000e+00
0.000000000000000000e+00
0.000000000000000000e+00
0.000000000000000000e+00
0.000000000000000000e+00
0.000000000000000000e+00
0.000000000000000000e+00
7.512446724787028886e-03
1.080521855967374757e-03
1.080521855967374757e-03
1.080521855967374757e-03
1.080521855967374757e-03
1.080521855967374757e-03
1.080521855967374757e-03
0.000000000000000000e+00
0.000000000000000000e+00
0.000000000000000000e+00
0.000000000000000000e+00
0.000000000000000000e+00
0.000000000000000000e+00
1.119680226619075049e-02
1.119680226619075049e-02
1.783790632750069383e-02
1.783790632750069383e-02
1.783790632750069383e-02
1.783790632750069383e-02
1.783790632750069383e-02
1.577980842389830121e-02
1.700262963715492778e-02
1.700262963715492778e-02
1.700262963715492778e-02
1.700262963715492778e-02
1.700262963715492778e-02
1.700262963715492778e-02
1.700262963715492778e-02
1.700262963715492778e-02
1.700262963715492778e-02
1.700262963715492778e-02
1.491866858170049024e-03
1.491866858170049024e-03
1.491866858170049024e-03
1.491866858170049024e-03
1.491866858170049024e-03
1.491866858170049024e-03
1.491866858170049024e-03
1.491866858170049024e-03
1.491866858170049024e-03
1.491866858170049024e-03
1.491866858170049024e-03
1.490209245119179272e-02
2.835863056780861882e-02
2.835863056780861882e-02
2.835863056780861882e-02
2.835863056780861882e-02
2.835863056780861882e-02
2.835863056780861882e-02
2.835863056780861882e-02
2.835863056780861882e-02
2.835863056780861882e-02
2.835863056780861882e-02
2.835863056780861882e-02
2.835863056780861882e-02
2.835863056780861882e-02
2.835863056780861882e-02
2.083064528925858763e-02
3.706758217726304969e-03
3.706758217726304969e-03
3.706758217726304969e-03
3.706758217726304969e-03
3.706758217726304969e-03
3.706758217726304969e-03
3.706758217726304969e-03
3.706758217726304969e-03
3.706758217726304969e-03
3.706758217726304969e-03
3.706758217726304969e-03
3.706758217726304969e-03
3.706758217726304969e-03
3.706758217726304969e-03
1.469953813528227177e-03
1.469953813528227177e-03
1.469953813528227177e-03
1.469953813528227177e-03
1.469953813528227177e-03
1.469953813528227177e-03
1.469953813528227177e-03
1.469953813528227177e-03
1.469953813528227177e-03
1.469953813528227177e-03
1.469953813528227177e-03
1.106338080862439947e-02
1.106338080862439947e-02
1.106338080862439947e-02
1.106338080862439947e-02
2.470011354011000110e-02
1.237218470062159160e-02
1.237218470062159160e-02
1.237218470062159160e-02
1.237218470062159160e-02
1.237218470062159160e-02
1.237218470062159160e-02
1.237218470062159160e-02
1.237218470062159160e-02
1.237218470062159160e-02
1.237218470062159160e-02
1.237218470062159160e-02
1.237218470062159160e-02
1.237218470062159160e-02
1.237218470062159160e-02
2.975896504164746159e-02
2.636338957039638040e-02
2.636338957039638040e-02
1.626451655849756039e-02
1.626451655849756039e-02
1.626451655849756039e-02
1.626451655849756039e-02
1.626451655849756039e-02
1.626451655849756039e-02
1.626451655849756039e-02
1.626451655849756039e-02
1.626451655849756039e-02
1.626451655849756039e-02
1.626451655849756039e-02
4.219161600969664576e-03
4.219161600969664576e-03
4.219161600969664576e-03
4.219161600969664576e-03
4.219161600969664576e-03
4.219161600969664576e-03
4.219161600969664576e-03
4.219161600969664576e-03
1.868304764132923748e-02
3.364119964168233584e-02
4.595657562472161249e-03
9.667532946354398873e-03
9.667532946354398873e-03
9.667532946354398873e-03
9.667532946354398873e-03
9.667532946354398873e-03
9.667532946354398873e-03
9.667532946354398873e-03
9.667532946354398873e-03
9.667532946354398873e-03
9.667532946354398873e-03
9.667532946354398873e-03
9.667532946354398873e-03
9.667532946354398873e-03
9.667532946354398873e-03
9.667532946354398873e-03
9.667532946354398873e-03
9.667532946354398873e-03
9.667532946354398873e-03
9.667532946354398873e-03
9.667532946354398873e-03
3.748301450802755692e-03
3.748301450802755692e-03
3.748301450802755692e-03
3.748301450802755692e-03
3.748301450802755692e-03
3.748301450802755692e-03
3.748301450802755692e-03
3.748301450802755692e-03
3.748301450802755692e-03
3.748301450802755692e-03
3.748301450802755692e-03
1.447542458889519712e-01
1.447542458889519712e-01
1.447542458889519712e-01
3.293389229312546074e-02
3.293389229312546074e-02
3.293389229312546074e-02
3.293389229312546074e-02
3.293389229312546074e-02
3.293389229312546074e-02
3.293389229312546074e-02
3.293389229312546074e-02
3.293389229312546074e-02
3.293389229312546074e-02
3.293389229312546074e-02
3.293389229312546074e-02
3.293389229312546074e-02
1.098138894994473216e-02
1.098138894994473216e-02
1.098138894994473216e-02
1.098138894994473216e-02
1.098138894994473216e-02
1.098138894994473216e-02
1.098138894994473216e-02
1.098138894994473216e-02
1.098138894994473216e-02
1.098138894994473216e-02
1.098138894994473216e-02
1.098138894994473216e-02
1.098138894994473216e-02
7.359253615785051050e-03
7.359253615785051050e-03
7.359253615785051050e-03
7.359253615785051050e-03
7.359253615785051050e-03
7.359253615785051050e-03
7.359253615785051050e-03
7.359253615785051050e-03
7.359253615785051050e-03
7.359253615785051050e-03
7.359253615785051050e-03
7.359253615785051050e-03
7.359253615785051050e-03
3.723803660787679271e-02
1.182597557164919572e-02
3.723803660787679271e-02
3.723803660787679271e-02
3.723803660787679271e-02
3.723803660787679271e-02
3.723803660787679271e-02
3.723803660787679271e-02
3.723803660787679271e-02
3.723803660787679271e-02
3.723803660787679271e-02
1.182597557164919572e-02
1.182597557164919572e-02
1.182597557164919572e-02
1.182597557164919572e-02
1.182597557164919572e-02
1.182597557164919572e-02
1.182597557164919572e-02
9.994391547433107564e-03
9.994391547433107564e-03
9.994391547433107564e-03
9.994391547433107564e-03
9.994391547433107564e-03
9.994391547433107564e-03
9.994391547433107564e-03
9.994391547433107564e-03
9.994391547433107564e-03
9.994391547433107564e-03
9.994391547433107564e-03
8.420255050429686222e-03
2.758152289756687654e-03
2.758152289756687654e-03
2.134111155372415969e-01
3.155082649540642825e-02
3.155082649540642825e-02
3.155082649540642825e-02
3.155082649540642825e-02
3.155082649540642825e-02
8.867374748523499176e-03
8.867374748523499176e-03
8.867374748523499176e-03
8.867374748523499176e-03
8.867374748523499176e-03
8.867374748523499176e-03
8.867374748523499176e-03
8.867374748523499176e-03
8.867374748523499176e-03
8.867374748523499176e-03
8.867374748523499176e-03
8.867374748523499176e-03
8.867374748523499176e-03
8.867374748523499176e-03
8.867374748523499176e-03
8.867374748523499176e-03
8.867374748523499176e-03
8.867374748523499176e-03
8.867374748523499176e-03
8.867374748523499176e-03
8.867374748523499176e-03
8.867374748523499176e-03
8.867374748523499176e-03
8.867374748523499176e-03
8.867374748523499176e-03
8.867374748523499176e-03
8.867374748523499176e-03
8.867374748523499176e-03
8.867374748523499176e-03
5.657194675519461487e-03
5.657194675519461487e-03
5.657194675519461487e-03
5.657194675519461487e-03
5.657194675519461487e-03
5.657194675519461487e-03
5.657194675519461487e-03
5.657194675519461487e-03
5.657194675519461487e-03
5.657194675519461487e-03
5.657194675519461487e-03
5.657194675519461487e-03
5.657194675519461487e-03
2.358552412580090102e-02
1.544587889503251134e-02
1.544587889503251134e-02
1.544587889503251134e-02
1.544587889503251134e-02
1.544587889503251134e-02
1.544587889503251134e-02
1.544587889503251134e-02
1.544587889503251134e-02
1.544587889503251134e-02
1.544587889503251134e-02
1.544587889503251134e-02
1.544587889503251134e-02
4.150470099994207906e-02
4.995107111113106235e-02
4.995107111113106235e-02
4.995107111113106235e-02
4.995107111113106235e-02
4.995107111113106235e-02
4.995107111113106235e-02
4.595657562472161249e-03
4.595657562472161249e-03
4.595657562472161249e-03
4.595657562472161249e-03
4.595657562472161249e-03
4.595657562472161249e-03
6.211805823007328017e-03
1.292377517584737678e-02
1.292377517584737678e-02
0.000000000000000000e+00
0.000000000000000000e+00
0.000000000000000000e+00
0.000000000000000000e+00
3.723976069742287402e-03
1.938679765619926929e-02
1.938679765619926929e-02
1.938679765619926929e-02
1.938679765619926929e-02
1.538714168425126851e-02
1.388056507556332739e-02
1.388056507556332739e-02
1.388056507556332739e-02
1.388056507556332739e-02
1.388056507556332739e-02
1.388056507556332739e-02
1.388056507556332739e-02
1.388056507556332739e-02
1.388056507556332739e-02
1.388056507556332739e-02
1.388056507556332739e-02
1.388056507556332739e-02
1.749635702865233108e-02
1.749635702865233108e-02
1.749635702865233108e-02
1.749635702865233108e-02
1.749635702865233108e-02
1.749635702865233108e-02
6.938406001505836732e-04
6.938406001505836732e-04
6.938406001505836732e-04
6.938406001505836732e-04
6.938406001505836732e-04
6.938406001505836732e-04
6.938406001505836732e-04
6.938406001505836732e-04
6.938406001505836732e-04
6.938406001505836732e-04
6.938406001505836732e-04
6.938406001505836732e-04
6.938406001505836732e-04
6.938406001505836732e-04
6.938406001505836732e-04
2.051826711211770723e-02
2.051826711211770723e-02
2.051826711211770723e-02
2.051826711211770723e-02
2.051826711211770723e-02
2.051826711211770723e-02
2.051826711211770723e-02
2.051826711211770723e-02
2.051826711211770723e-02
2.051826711211770723e-02
2.051826711211770723e-02
2.914855003289508473e-02
3.087150868915344935e-03
3.087150868915344935e-03
3.087150868915344935e-03
3.087150868915344935e-03
3.087150868915344935e-03
3.087150868915344935e-03
3.087150868915344935e-03
3.087150868915344935e-03
3.087150868915344935e-03
3.087150868915344935e-03
3.087150868915344935e-03
3.087150868915344935e-03
3.087150868915344935e-03
3.087150868915344935e-03
3.087150868915344935e-03
3.087150868915344935e-03
3.087150868915344935e-03
3.087150868915344935e-03
1.734780930158003401e-02
1.434964231675082275e-02
1.434964231675082275e-02
1.434964231675082275e-02
1.434964231675082275e-02
1.434964231675082275e-02
1.434964231675082275e-02
1.434964231675082275e-02
1.434964231675082275e-02
1.434964231675082275e-02
1.434964231675082275e-02
1.434964231675082275e-02
1.434964231675082275e-02
1.434964231675082275e-02
1.434964231675082275e-02
1.727308332847404468e-02
2.222277705173916068e-02
2.222277705173916068e-02
2.222277705173916068e-02
2.222277705173916068e-02
1.013985729990276169e-01
1.013985729990276169e-01
1.013985729990276169e-01
1.013985729990276169e-01
1.013985729990276169e-01
1.013985729990276169e-01
1.013985729990276169e-01
1.013985729990276169e-01
1.013985729990276169e-01
1.013985729990276169e-01
1.013985729990276169e-01
1.795568866709545616e-02
0.000000000000000000e+00
0.000000000000000000e+00
0.000000000000000000e+00
0.000000000000000000e+00
1.978426104785401853e-03
1.241002840289124470e-02
1.241002840289124470e-02
1.241002840289124470e-02
1.241002840289124470e-02
9.818678305225182756e-03
9.818678305225182756e-03
9.818678305225182756e-03
9.818678305225182756e-03
9.818678305225182756e-03
9.818678305225182756e-03
9.818678305225182756e-03
9.818678305225182756e-03
9.818678305225182756e-03
9.818678305225182756e-03
9.818678305225182756e-03
1.270048230557493073e-02
0.000000000000000000e+00
0.000000000000000000e+00
0.000000000000000000e+00
0.000000000000000000e+00
0.000000000000000000e+00
0.000000000000000000e+00
5.927981571367576218e-03
5.927981571367576218e-03
5.927981571367576218e-03
5.927981571367576218e-03
5.927981571367576218e-03
5.927981571367576218e-03
5.927981571367576218e-03
5.927981571367576218e-03
5.927981571367576218e-03
5.927981571367576218e-03
5.927981571367576218e-03
5.927981571367576218e-03
5.927981571367576218e-03
6.014604790243046999e-03
9.949517753003917636e-03
9.949517753003917636e-03
9.949517753003917636e-03
9.949517753003917636e-03
9.949517753003917636e-03
9.949517753003917636e-03
1.102082659338855970e-02
1.067286745499712239e-02
1.067286745499712239e-02
1.067286745499712239e-02
1.067286745499712239e-02
1.136951184366564310e-03
0.000000000000000000e+00
0.000000000000000000e+00
4.816003154037538057e-03
2.390451706425004291e-02
2.390451706425004291e-02
2.390451706425004291e-02
2.390451706425004291e-02
2.536421083582126798e-02
2.390451706425004291e-02
9.990814394080749228e-02
9.990814394080749228e-02
9.990814394080749228e-02
9.990814394080749228e-02
9.990814394080749228e-02
9.990814394080749228e-02
9.990814394080749228e-02
9.990814394080749228e-02
9.990814394080749228e-02
9.990814394080749228e-02
9.990814394080749228e-02
9.990814394080749228e-02
9.990814394080749228e-02
9.990814394080749228e-02
9.990814394080749228e-02
3.583425450917891719e-02
3.583425450917891719e-02
3.583425450917891719e-02
3.583425450917891719e-02
3.583425450917891719e-02
3.583425450917891719e-02
3.583425450917891719e-02
3.583425450917891719e-02
3.583425450917891719e-02
3.583425450917891719e-02
3.583425450917891719e-02
1.399826905069268511e-02
2.181940763518368936e-02
2.181940763518368936e-02
4.357395598610282889e-03
3.110854217320629510e-03
3.110854217320629510e-03
3.110854217320629510e-03
3.110854217320629510e-03
2.520469256488796356e-02
0.000000000000000000e+00
0.000000000000000000e+00
0.000000000000000000e+00
0.000000000000000000e+00
0.000000000000000000e+00
0.000000000000000000e+00
1.270048230557493073e-02
1.270048230557493073e-02
1.270048230557493073e-02
1.270048230557493073e-02
1.270048230557493073e-02
1.270048230557493073e-02
2.059145145021820666e-02
0.000000000000000000e+00
0.000000000000000000e+00
0.000000000000000000e+00
0.000000000000000000e+00
1.829336685451568925e-02
1.829336685451568925e-02
1.829336685451568925e-02
1.829336685451568925e-02
1.829336685451568925e-02
1.829336685451568925e-02
1.829336685451568925e-02
1.829336685451568925e-02
1.829336685451568925e-02
1.829336685451568925e-02
1.829336685451568925e-02
1.829336685451568925e-02
1.829336685451568925e-02
1.829336685451568925e-02
1.829336685451568925e-02
1.829336685451568925e-02
1.829336685451568925e-02
1.829336685451568925e-02
1.829336685451568925e-02
3.142020078442969017e-02
0.000000000000000000e+00
3.142020078442969017e-02
3.142020078442969017e-02
3.142020078442969017e-02
3.142020078442969017e-02
3.142020078442969017e-02
3.142020078442969017e-02
3.142020078442969017e-02
0.000000000000000000e+00
1.830958639106963423e-02
2.011638206304091139e-02
2.011638206304091139e-02
2.011638206304091139e-02
2.011638206304091139e-02
2.011638206304091139e-02
2.011638206304091139e-02
2.011638206304091139e-02
2.011638206304091139e-02
0.000000000000000000e+00
3.723976069742287402e-03
3.723976069742287402e-03
3.723976069742287402e-03
3.049654353548610260e-03
2.486642910929270662e-03
2.486642910929270662e-03
2.486642910929270662e-03
2.486642910929270662e-03
2.486642910929270662e-03
2.486642910929270662e-03
2.486642910929270662e-03
2.486642910929270662e-03
2.486642910929270662e-03
2.486642910929270662e-03
2.486642910929270662e-03
2.486642910929270662e-03
2.520469256488796356e-02
2.520469256488796356e-02
2.520469256488796356e-02
2.520469256488796356e-02
2.520469256488796356e-02
2.520469256488796356e-02
2.520469256488796356e-02
2.520469256488796356e-02
2.520469256488796356e-02
2.520469256488796356e-02
6.438965362657731589e-03
1.788024130862443314e-02
1.788024130862443314e-02
1.788024130862443314e-02
1.788024130862443314e-02
1.788024130862443314e-02
1.788024130862443314e-02
3.758126228552551538e-03
3.758126228552551538e-03
3.758126228552551538e-03
3.758126228552551538e-03
1.722302851380947547e-02
1.706141022484947492e-02
1.706141022484947492e-02
1.706141022484947492e-02
1.706141022484947492e-02
1.706141022484947492e-02
1.706141022484947492e-02
1.706141022484947492e-02
1.706141022484947492e-02
1.706141022484947492e-02
1.706141022484947492e-02
1.706141022484947492e-02
1.706141022484947492e-02
1.749875926656987166e-03
3.862588572039606354e-03
3.862588572039606354e-03
3.862588572039606354e-03
3.862588572039606354e-03
3.862588572039606354e-03
3.862588572039606354e-03
3.862588572039606354e-03
3.862588572039606354e-03
3.862588572039606354e-03
3.862588572039606354e-03
0.000000000000000000e+00
0.000000000000000000e+00
7.118655158413404564e-03
0.000000000000000000e+00
0.000000000000000000e+00
0.000000000000000000e+00
0.000000000000000000e+00
2.848891481273824276e-03
0.000000000000000000e+00
0.000000000000000000e+00
0.000000000000000000e+00
0.000000000000000000e+00
1.525433506599921819e-03
1.103213849933171349e-02
1.103213849933171349e-02
1.103213849933171349e-02
1.103213849933171349e-02
1.103213849933171349e-02
1.103213849933171349e-02
3.659042933317174090e-02
3.659042933317174090e-02
3.659042933317174090e-02
3.659042933317174090e-02
3.659042933317174090e-02
3.659042933317174090e-02
3.659042933317174090e-02
3.659042933317174090e-02
3.659042933317174090e-02
3.659042933317174090e-02
3.659042933317174090e-02
0.000000000000000000e+00
7.860413310034305209e-04
7.860413310034305209e-04
7.860413310034305209e-04
7.860413310034305209e-04
7.860413310034305209e-04
7.860413310034305209e-04
7.860413310034305209e-04
7.860413310034305209e-04
7.860413310034305209e-04
7.860413310034305209e-04
2.433467114285825517e-03
1.391410055818822697e-02
1.391410055818822697e-02
1.391410055818822697e-02
1.391410055818822697e-02
1.391410055818822697e-02
1.391410055818822697e-02
1.391410055818822697e-02
1.391410055818822697e-02
1.391410055818822697e-02
1.391410055818822697e-02
1.391410055818822697e-02
1.391410055818822697e-02
1.391410055818822697e-02
1.391410055818822697e-02
1.391410055818822697e-02
1.391410055818822697e-02
1.391410055818822697e-02
1.391410055818822697e-02
1.391410055818822697e-02
1.391410055818822697e-02
1.391410055818822697e-02
1.391410055818822697e-02
1.391410055818822697e-02
1.391410055818822697e-02
1.391410055818822697e-02
1.391410055818822697e-02
1.391410055818822697e-02
1.391410055818822697e-02
1.391410055818822697e-02
1.391410055818822697e-02
1.391410055818822697e-02
1.391410055818822697e-02
1.391410055818822697e-02
1.391410055818822697e-02
1.391410055818822697e-02
1.391410055818822697e-02
1.391410055818822697e-02
1.391410055818822697e-02
5.357801333922476835e-04
2.924113069154519323e-02
2.924113069154519323e-02
2.924113069154519323e-02
2.924113069154519323e-02
2.924113069154519323e-02
2.924113069154519323e-02
0.000000000000000000e+00
5.249240131021466749e-03
5.249240131021466749e-03
5.249240131021466749e-03
5.249240131021466749e-03
5.249240131021466749e-03
5.249240131021466749e-03
2.536421083582126798e-02
2.536421083582126798e-02
2.536421083582126798e-02
2.536421083582126798e-02
1.022354735503495232e-02
9.661148814090258358e-03
9.661148814090258358e-03
9.661148814090258358e-03
9.661148814090258358e-03
9.661148814090258358e-03
9.661148814090258358e-03
9.661148814090258358e-03
9.661148814090258358e-03
9.661148814090258358e-03
9.661148814090258358e-03
1.903612538612182298e-02
4.012888906403370808e-03
4.012888906403370808e-03
4.012888906403370808e-03
4.012888906403370808e-03
4.012888906403370808e-03
4.012888906403370808e-03
4.012888906403370808e-03
4.012888906403370808e-03
4.012888906403370808e-03
4.012888906403370808e-03
4.012888906403370808e-03
4.012888906403370808e-03
4.012888906403370808e-03
4.012888906403370808e-03
4.012888906403370808e-03
4.012888906403370808e-03
4.012888906403370808e-03
4.012888906403370808e-03
4.012888906403370808e-03
4.012888906403370808e-03
4.012888906403370808e-03
4.012888906403370808e-03
4.012888906403370808e-03
4.012888906403370808e-03
3.533760803458993460e-02
3.533760803458993460e-02
3.533760803458993460e-02
3.533760803458993460e-02
3.533760803458993460e-02
3.533760803458993460e-02
3.533760803458993460e-02
3.533760803458993460e-02
3.533760803458993460e-02
3.533760803458993460e-02
3.533760803458993460e-02
3.533760803458993460e-02
3.533760803458993460e-02
3.533760803458993460e-02
3.533760803458993460e-02
2.338331712749997307e-02
3.042898814626655499e-02
3.042898814626655499e-02
3.042898814626655499e-02
3.042898814626655499e-02
3.042898814626655499e-02
3.042898814626655499e-02
3.042898814626655499e-02
3.042898814626655499e-02
3.042898814626655499e-02
3.042898814626655499e-02
2.639302805065009763e-02
2.381160018440340101e-02
2.381160018440340101e-02
2.381160018440340101e-02
2.381160018440340101e-02
2.381160018440340101e-02
2.381160018440340101e-02
2.381160018440340101e-02
2.381160018440340101e-02
2.381160018440340101e-02
2.381160018440340101e-02
2.532129692270627952e-02
1.021172792382117958e-02
1.021172792382117958e-02
1.021172792382117958e-02
1.021172792382117958e-02
8.802164345206090618e-03
3.377223823623151655e-02
3.377223823623151655e-02
3.377223823623151655e-02
3.377223823623151655e-02
3.377223823623151655e-02
3.377223823623151655e-02
3.377223823623151655e-02
3.377223823623151655e-02
3.377223823623151655e-02
3.377223823623151655e-02
1.620575726512442707e-02
2.475314828021291124e-04
2.475314828021291124e-04
0.000000000000000000e+00
1.481139470616632189e-02
1.481139470616632189e-02
1.481139470616632189e-02
1.481139470616632189e-02
1.481139470616632189e-02
1.481139470616632189e-02
1.481139470616632189e-02
1.481139470616632189e-02
1.481139470616632189e-02
1.481139470616632189e-02
1.481139470616632189e-02
1.481139470616632189e-02
1.481139470616632189e-02
1.481139470616632189e-02
1.481139470616632189e-02
1.481139470616632189e-02
8.727283286941981202e-03
2.118149045877636139e-02
2.118149045877636139e-02
2.118149045877636139e-02
2.118149045877636139e-02
2.975896504164746159e-02
2.975896504164746159e-02
2.975896504164746159e-02
2.975896504164746159e-02
2.975896504164746159e-02
2.975896504164746159e-02
2.975896504164746159e-02
2.975896504164746159e-02
2.975896504164746159e-02
2.975896504164746159e-02
2.975896504164746159e-02
2.975896504164746159e-02
3.937816483258842030e-03
3.690373626231712584e-02
3.690373626231712584e-02
3.690373626231712584e-02
3.690373626231712584e-02
3.690373626231712584e-02
3.690373626231712584e-02
8.557318035405539133e-03
2.001321263075526991e-02
2.001321263075526991e-02
2.782336417437123767e-03
7.427263553276170459e-03
7.427263553276170459e-03
7.427263553276170459e-03
7.427263553276170459e-03
1.989462646790581685e-02
0.000000000000000000e+00
0.000000000000000000e+00
0.000000000000000000e+00
0.000000000000000000e+00
1.169027181153781125e-02
1.169027181153781125e-02
3.400306706853312936e-03
5.160971472504558358e-03
5.160971472504558358e-03
4.222741923153025718e-03
1.845147888481751819e-02
1.027539005445237720e-02
1.027539005445237720e-02
1.027539005445237720e-02
1.027539005445237720e-02
1.027539005445237720e-02
1.027539005445237720e-02
1.027539005445237720e-02
1.027539005445237720e-02
1.027539005445237720e-02
1.027539005445237720e-02
1.027539005445237720e-02
2.358552412580090102e-02
2.358552412580090102e-02
2.358552412580090102e-02
2.358552412580090102e-02
2.358552412580090102e-02
2.358552412580090102e-02
3.240808475204250052e-03
3.366590220838506804e-03
3.366590220838506804e-03
3.366590220838506804e-03
3.366590220838506804e-03
3.366590220838506804e-03
3.366590220838506804e-03
3.366590220838506804e-03
3.366590220838506804e-03
3.366590220838506804e-03
3.366590220838506804e-03
3.366590220838506804e-03
3.366590220838506804e-03
3.366590220838506804e-03
3.366590220838506804e-03
4.714403635610721344e-02
3.184957178487448498e-02
2.020961536979041032e-02
2.311478672822363939e-02
2.311478672822363939e-02
6.888842537416593921e-03
4.099828798973964052e-03
4.099828798973964052e-03
4.099828798973964052e-03
1.424399828571071801e-03
2.188396374143748865e-04
2.188396374143748865e-04
2.188396374143748865e-04
2.188396374143748865e-04
2.188396374143748865e-04
2.188396374143748865e-04
2.188396374143748865e-04
2.188396374143748865e-04
2.188396374143748865e-04
2.188396374143748865e-04
2.188396374143748865e-04
2.188396374143748865e-04
2.188396374143748865e-04
2.188396374143748865e-04
6.095174046622139604e-04
1.660207822975512046e-02
1.660207822975512046e-02
2.460141638729605729e-02
2.125122950108331975e-03
2.125122950108331975e-03
2.125122950108331975e-03
2.125122950108331975e-03
2.125122950108331975e-03
2.125122950108331975e-03
2.125122950108331975e-03
2.125122950108331975e-03
2.125122950108331975e-03
2.125122950108331975e-03
2.125122950108331975e-03
2.125122950108331975e-03
2.125122950108331975e-03
2.125122950108331975e-03
2.125122950108331975e-03
2.125122950108331975e-03
2.125122950108331975e-03
2.125122950108331975e-03
2.125122950108331975e-03
2.125122950108331975e-03
0.000000000000000000e+00
0.000000000000000000e+00
0.000000000000000000e+00
0.000000000000000000e+00
0.000000000000000000e+00
0.000000000000000000e+00
2.064858078489827109e-02
1.191338461390389729e-02
1.191338461390389729e-02
1.191338461390389729e-02
1.191338461390389729e-02
1.191338461390389729e-02
1.191338461390389729e-02
0.000000000000000000e+00
0.000000000000000000e+00
0.000000000000000000e+00
1.022354735503495232e-02
1.022354735503495232e-02
1.022354735503495232e-02
1.022354735503495232e-02
1.022354735503495232e-02
1.022354735503495232e-02
2.534036210500710887e-02
3.571794349984896630e-03
3.571794349984896630e-03
3.571794349984896630e-03
3.571794349984896630e-03
0.000000000000000000e+00
0.000000000000000000e+00
0.000000000000000000e+00
0.000000000000000000e+00
1.863073487686828233e-02
1.863073487686828233e-02
1.863073487686828233e-02
1.863073487686828233e-02
3.400306706853312936e-03
3.400306706853312936e-03
3.400306706853312936e-03
4.222741923153025718e-03
4.222741923153025718e-03
4.222741923153025718e-03
4.222741923153025718e-03
0.000000000000000000e+00
0.000000000000000000e+00
1.341209972122294966e-02
1.341209972122294966e-02
0.000000000000000000e+00
1.342879626639727035e-02
1.342879626639727035e-02
1.342879626639727035e-02
1.342879626639727035e-02
1.342879626639727035e-02
1.342879626639727035e-02
1.342879626639727035e-02
1.342879626639727035e-02
1.342879626639727035e-02
1.342879626639727035e-02
1.342879626639727035e-02
1.342879626639727035e-02
1.342879626639727035e-02
1.342879626639727035e-02
1.342879626639727035e-02
1.342879626639727035e-02
1.342879626639727035e-02
1.342879626639727035e-02
1.342879626639727035e-02
1.342879626639727035e-02
5.836874991890398517e-03
5.836874991890398517e-03
5.836874991890398517e-03
5.836874991890398517e-03
5.836874991890398517e-03
5.836874991890398517e-03
5.836874991890398517e-03
5.836874991890398517e-03
5.836874991890398517e-03
5.836874991890398517e-03
5.836874991890398517e-03
5.836874991890398517e-03
5.836874991890398517e-03
3.352595788596415588e-04
1.719430777141463598e-02
1.719430777141463598e-02
7.863485550056040566e-03
2.506529130299673790e-03
2.506529130299673790e-03
2.513435789648424835e-03
2.513435789648424835e-03
2.513435789648424835e-03
2.513435789648424835e-03
2.513435789648424835e-03
2.513435789648424835e-03
2.513435789648424835e-03
2.513435789648424835e-03
2.513435789648424835e-03
2.513435789648424835e-03
2.513435789648424835e-03
2.415588964057981645e-03
9.660762629622916559e-04
9.660762629622916559e-04
9.660762629622916559e-04
9.660762629622916559e-04
9.660762629622916559e-04
9.660762629622916559e-04
5.136608159569645143e-02
2.017486748530766122e-02
2.017486748530766122e-02
2.017486748530766122e-02
2.017486748530766122e-02
2.017486748530766122e-02
2.017486748530766122e-02
2.017486748530766122e-02
2.017486748530766122e-02
2.017486748530766122e-02
2.017486748530766122e-02
2.017486748530766122e-02
2.017486748530766122e-02
2.017486748530766122e-02
2.017486748530766122e-02
2.017486748530766122e-02
2.017486748530766122e-02
2.017486748530766122e-02
2.017486748530766122e-02
2.017486748530766122e-02
2.017486748530766122e-02
1.825265253010679295e-02
1.532350151294070706e-02
1.532350151294070706e-02
1.532350151294070706e-02
1.532350151294070706e-02
1.532350151294070706e-02
1.532350151294070706e-02
1.532350151294070706e-02
1.532350151294070706e-02
1.532350151294070706e-02
1.532350151294070706e-02
1.532350151294070706e-02
1.532350151294070706e-02
1.480723460690709301e-02
7.134575858043556984e-03
7.134575858043556984e-03
7.134575858043556984e-03
7.134575858043556984e-03
7.134575858043556984e-03
7.134575858043556984e-03
7.134575858043556984e-03
7.134575858043556984e-03
9.820692204736183525e-03
6.061089395568972082e-03
6.061089395568972082e-03
1.480723460690709301e-02
1.480723460690709301e-02
1.480723460690709301e-02
1.480723460690709301e-02
1.480723460690709301e-02
1.480723460690709301e-02
1.480723460690709301e-02
1.480723460690709301e-02
0.000000000000000000e+00
0.000000000000000000e+00
0.000000000000000000e+00
0.000000000000000000e+00
7.746972897794870971e-03
1.887573819837270322e-02
1.887573819837270322e-02
1.887573819837270322e-02
1.887573819837270322e-02
1.887573819837270322e-02
1.887573819837270322e-02
5.523907912444845801e-04
5.523907912444845801e-04
5.523907912444845801e-04
5.523907912444845801e-04
5.523907912444845801e-04
5.523907912444845801e-04
5.523907912444845801e-04
5.523907912444845801e-04
5.523907912444845801e-04
5.523907912444845801e-04
5.523907912444845801e-04
3.080392211287581380e-02
2.384447234082280598e-02
2.384447234082280598e-02
1.752215912458733246e-02
1.752215912458733246e-02
1.752215912458733246e-02
1.205081445970499626e-02
1.752215912458733246e-02
2.849825370744185973e-02
1.752215912458733246e-02
1.752215912458733246e-02
1.752215912458733246e-02
1.278936546511041245e-02
5.678906314061567609e-03
5.678906314061567609e-03
7.692771858709265744e-04
7.692771858709265744e-04
7.692771858709265744e-04
7.692771858709265744e-04
7.692771858709265744e-04
7.692771858709265744e-04
7.692771858709265744e-04
7.692771858709265744e-04
7.692771858709265744e-04
7.692771858709265744e-04
7.692771858709265744e-04
7.692771858709265744e-04
7.692771858709265744e-04
7.692771858709265744e-04
7.692771858709265744e-04
7.692771858709265744e-04
7.692771858709265744e-04
7.692771858709265744e-04
7.692771858709265744e-04
2.629326424748142446e-02
2.005124637589428965e-02
2.005124637589428965e-02
2.005124637589428965e-02
2.005124637589428965e-02
2.005124637589428965e-02
2.005124637589428965e-02
2.005124637589428965e-02
2.005124637589428965e-02
2.005124637589428965e-02
2.005124637589428965e-02
2.005124637589428965e-02
2.005124637589428965e-02
2.005124637589428965e-02
2.005124637589428965e-02
2.005124637589428965e-02
2.005124637589428965e-02
2.680978468078405123e-03
9.129631885224743365e-03
9.129631885224743365e-03
1.081723564659678970e-02
1.081723564659678970e-02
1.081723564659678970e-02
1.081723564659678970e-02
1.081723564659678970e-02
1.081723564659678970e-02
1.081723564659678970e-02
1.081723564659678970e-02
1.081723564659678970e-02
1.081723564659678970e-02
1.081723564659678970e-02
2.190185963191831550e-02
1.471084880490122933e-02
1.471084880490122933e-02
1.471084880490122933e-02
1.471084880490122933e-02
1.471084880490122933e-02
1.471084880490122933e-02
1.002552293357160569e-02
7.633132783433390148e-03
7.633132783433390148e-03
7.633132783433390148e-03
7.633132783433390148e-03
1.036045070612982150e-02
1.801170761116010002e-02
1.801170761116010002e-02
1.801170761116010002e-02
1.801170761116010002e-02
1.801170761116010002e-02
1.801170761116010002e-02
2.030058964639565658e-03
7.468879937961967093e-03
7.468879937961967093e-03
7.468879937961967093e-03
7.468879937961967093e-03
7.468879937961967093e-03
7.468879937961967093e-03
7.468879937961967093e-03
7.468879937961967093e-03
7.468879937961967093e-03
7.468879937961967093e-03
7.468879937961967093e-03
7.468879937961967093e-03
7.468879937961967093e-03
7.468879937961967093e-03
7.468879937961967093e-03
7.468879937961967093e-03
8.183365918770524891e-04
8.183365918770524891e-04
8.183365918770524891e-04
8.183365918770524891e-04
8.183365918770524891e-04
8.183365918770524891e-04
8.183365918770524891e-04
8.183365918770524891e-04
8.183365918770524891e-04
8.183365918770524891e-04
2.532946675383606489e-02
9.350339158181918131e-03
9.350339158181918131e-03
9.350339158181918131e-03
9.350339158181918131e-03
1.170308139708483609e-03
1.302802028347685610e-02
1.302802028347685610e-02
1.302802028347685610e-02
1.302802028347685610e-02
1.302802028347685610e-02
1.302802028347685610e-02
1.302802028347685610e-02
1.302802028347685610e-02
1.302802028347685610e-02
1.302802028347685610e-02
1.302802028347685610e-02
1.302802028347685610e-02
3.159822158523537539e-01
4.077462680976357695e-02
4.077462680976357695e-02
4.077462680976357695e-02
4.077462680976357695e-02
3.080392211287581380e-02
3.080392211287581380e-02
3.080392211287581380e-02
3.080392211287581380e-02
3.080392211287581380e-02
3.080392211287581380e-02
3.080392211287581380e-02
3.080392211287581380e-02
1.423392390665554480e-02
2.632624270266062383e-02
2.632624270266062383e-02
1.205081445970499626e-02
2.849825370744185973e-02
3.334825944715330559e-02
3.334825944715330559e-02
6.191404695751185142e-03
1.170308139708483609e-03
1.170308139708483609e-03
1.170308139708483609e-03
5.176641204525638668e-04
0.000000000000000000e+00
0.000000000000000000e+00
4.323620121548605449e-02
4.323620121548605449e-02
4.323620121548605449e-02
4.323620121548605449e-02
1.555043324807649230e-02
1.555043324807649230e-02
1.555043324807649230e-02
1.555043324807649230e-02
1.555043324807649230e-02
1.555043324807649230e-02
1.555043324807649230e-02
1.555043324807649230e-02
1.555043324807649230e-02
1.555043324807649230e-02
1.555043324807649230e-02
2.728153682685841019e-02
2.461301652526979786e-02
2.461301652526979786e-02
2.461301652526979786e-02
2.461301652526979786e-02
2.461301652526979786e-02
2.461301652526979786e-02
2.461301652526979786e-02
2.461301652526979786e-02
2.461301652526979786e-02
2.461301652526979786e-02
4.242104307271662988e-02
1.271024245211929259e-03
1.388337542776930771e-02
1.388337542776930771e-02
2.008470157537640532e-03
7.302270494155453998e-03
7.302270494155453998e-03
7.302270494155453998e-03
7.302270494155453998e-03
7.302270494155453998e-03
7.302270494155453998e-03
7.302270494155453998e-03
7.302270494155453998e-03
7.302270494155453998e-03
7.302270494155453998e-03
7.302270494155453998e-03
1.190608390353089380e-02
2.458034629154925640e-03
2.015967942042371647e-02
2.015967942042371647e-02
2.148940677514751471e-02
3.065281704521897743e-01
3.065281704521897743e-01
3.065281704521897743e-01
3.065281704521897743e-01
3.065281704521897743e-01
3.065281704521897743e-01
3.065281704521897743e-01
3.065281704521897743e-01
2.084410348581053340e-02
2.811287700515366188e-03
2.811287700515366188e-03
2.811287700515366188e-03
2.811287700515366188e-03
2.811287700515366188e-03
2.811287700515366188e-03
2.811287700515366188e-03
2.811287700515366188e-03
5.463456116161545008e-03
5.463456116161545008e-03
5.463456116161545008e-03
5.463456116161545008e-03
0.000000000000000000e+00
0.000000000000000000e+00
0.000000000000000000e+00
0.000000000000000000e+00
0.000000000000000000e+00
1.935315944306256752e-02
2.518207257686356582e-04
2.518207257686356582e-04
2.518207257686356582e-04
2.518207257686356582e-04
2.518207257686356582e-04
2.518207257686356582e-04
2.518207257686356582e-04
2.518207257686356582e-04
2.518207257686356582e-04
2.518207257686356582e-04
2.920787300790071445e-03
2.920787300790071445e-03
2.920787300790071445e-03
2.920787300790071445e-03
2.920787300790071445e-03
2.920787300790071445e-03
2.920787300790071445e-03
2.920787300790071445e-03
5.803248069146093799e-03
2.862927595933202445e-03
2.862927595933202445e-03
2.862927595933202445e-03
2.862927595933202445e-03
2.862927595933202445e-03
2.862927595933202445e-03
1.423392390665554480e-02
1.423392390665554480e-02
1.423392390665554480e-02
1.423392390665554480e-02
1.423392390665554480e-02
1.423392390665554480e-02
1.423392390665554480e-02
1.423392390665554480e-02
0.000000000000000000e+00
0.000000000000000000e+00
0.000000000000000000e+00
0.000000000000000000e+00
0.000000000000000000e+00
0.000000000000000000e+00
0.000000000000000000e+00
1.033311768019442092e-02
1.033311768019442092e-02
1.033311768019442092e-02
1.033311768019442092e-02
1.033311768019442092e-02
1.033311768019442092e-02
1.033311768019442092e-02
1.033311768019442092e-02
1.033311768019442092e-02
1.033311768019442092e-02
1.033311768019442092e-02
1.033311768019442092e-02
1.033311768019442092e-02
3.217399018032456037e-02
2.550550452758699321e-02
2.550550452758699321e-02
8.760648765450899933e-03
2.634237242753786901e-02
2.634237242753786901e-02
2.634237242753786901e-02
2.634237242753786901e-02
2.634237242753786901e-02
2.634237242753786901e-02
2.634237242753786901e-02
2.634237242753786901e-02
2.634237242753786901e-02
2.634237242753786901e-02
1.540599273273706750e-02
0.000000000000000000e+00
0.000000000000000000e+00
0.000000000000000000e+00
0.000000000000000000e+00
0.000000000000000000e+00
1.080977272127372178e-02
1.080977272127372178e-02
1.080977272127372178e-02
1.080977272127372178e-02
1.080977272127372178e-02
1.080977272127372178e-02
1.080977272127372178e-02
1.080977272127372178e-02
1.080977272127372178e-02
1.080977272127372178e-02
1.080977272127372178e-02
8.322209572383597667e-03
1.664316858040187398e-03
1.664316858040187398e-03
1.664316858040187398e-03
1.664316858040187398e-03
1.664316858040187398e-03
1.664316858040187398e-03
1.664316858040187398e-03
1.664316858040187398e-03
3.633030084924239456e-02
4.537805697752207365e-03
4.537805697752207365e-03
4.537805697752207365e-03
4.537805697752207365e-03
4.537805697752207365e-03
4.537805697752207365e-03
4.537805697752207365e-03
4.537805697752207365e-03
1.295739229702007431e-04
1.295739229702007431e-04
1.295739229702007431e-04
1.295739229702007431e-04
1.295739229702007431e-04
1.295739229702007431e-04
1.295739229702007431e-04
1.295739229702007431e-04
1.295739229702007431e-04
1.295739229702007431e-04
1.295739229702007431e-04
1.295739229702007431e-04
1.295739229702007431e-04
1.295739229702007431e-04
1.295739229702007431e-04
1.295739229702007431e-04
1.295739229702007431e-04
0.000000000000000000e+00
0.000000000000000000e+00
0.000000000000000000e+00
0.000000000000000000e+00
0.000000000000000000e+00
0.000000000000000000e+00
0.000000000000000000e+00
0.000000000000000000e+00
0.000000000000000000e+00
0.000000000000000000e+00
0.000000000000000000e+00
0.000000000000000000e+00
0.000000000000000000e+00
0.000000000000000000e+00
0.000000000000000000e+00
5.803248069146093799e-03
5.803248069146093799e-03
5.803248069146093799e-03
5.803248069146093799e-03
5.803248069146093799e-03
2.639688734266169151e-02
2.639688734266169151e-02
2.639688734266169151e-02
2.639688734266169151e-02
2.639688734266169151e-02
2.639688734266169151e-02
2.639688734266169151e-02
2.639688734266169151e-02
2.639688734266169151e-02
2.639688734266169151e-02
2.639688734266169151e-02
4.691451478023548824e-03
7.273762840192374464e-03
7.273762840192374464e-03
1.832830484475703528e-02
1.398016781829716955e-02
1.398016781829716955e-02
1.398016781829716955e-02
1.398016781829716955e-02
1.398016781829716955e-02
1.398016781829716955e-02
1.398016781829716955e-02
1.398016781829716955e-02
1.398016781829716955e-02
1.398016781829716955e-02
1.398016781829716955e-02
1.398016781829716955e-02
8.968048988682140663e-03
1.270139255865354762e-02
1.270139255865354762e-02
1.687899390755960016e-01
1.506355452988880073e-01
1.506355452988880073e-01
1.506355452988880073e-01
1.506355452988880073e-01
1.506355452988880073e-01
1.506355452988880073e-01
0.000000000000000000e+00
0.000000000000000000e+00
0.000000000000000000e+00
2.854469430842948227e-03
0.000000000000000000e+00
0.000000000000000000e+00
2.338331712749997307e-02
2.338331712749997307e-02
8.727283286941981202e-03
3.352595788596415588e-04
3.316460466215983421e-02
3.216489647970094401e-02
3.216489647970094401e-02
3.216489647970094401e-02
3.216489647970094401e-02
3.216489647970094401e-02
3.216489647970094401e-02
1.073102228314099307e-02
9.411959871289158133e-03
9.411959871289158133e-03
9.411959871289158133e-03
9.411959871289158133e-03
4.691451478023548824e-03
4.691451478023548824e-03
4.691451478023548824e-03
4.691451478023548824e-03
4.691451478023548824e-03
8.577756212401954627e-02
1.093954384107855976e-01
1.093954384107855976e-01
1.093954384107855976e-01
1.093954384107855976e-01
2.710683525280032855e-02
3.013246748423182436e-02
3.013246748423182436e-02
2.433732139194245622e-02
2.433732139194245622e-02
2.433732139194245622e-02
2.433732139194245622e-02
2.433732139194245622e-02
2.433732139194245622e-02
2.433732139194245622e-02
2.433732139194245622e-02
2.433732139194245622e-02
2.433732139194245622e-02
2.433732139194245622e-02
2.433732139194245622e-02
2.433732139194245622e-02
2.433732139194245622e-02
2.433732139194245622e-02
2.433732139194245622e-02
2.433732139194245622e-02
2.433732139194245622e-02
2.433732139194245622e-02
8.931943811205512833e-04
0.000000000000000000e+00
0.000000000000000000e+00
0.000000000000000000e+00
0.000000000000000000e+00
8.420255050429686222e-03
8.420255050429686222e-03
8.420255050429686222e-03
8.420255050429686222e-03
8.420255050429686222e-03
8.420255050429686222e-03
8.420255050429686222e-03
8.420255050429686222e-03
5.490718101216079255e-03
0.000000000000000000e+00
0.000000000000000000e+00
0.000000000000000000e+00
0.000000000000000000e+00
1.868304764132923748e-02
1.868304764132923748e-02
1.868304764132923748e-02
1.868304764132923748e-02
2.723439434882024730e-03
2.723439434882024730e-03
2.723439434882024730e-03
2.723439434882024730e-03
2.723439434882024730e-03
2.723439434882024730e-03
2.723439434882024730e-03
2.723439434882024730e-03
2.723439434882024730e-03
2.723439434882024730e-03
2.723439434882024730e-03
2.723439434882024730e-03
2.723439434882024730e-03
1.310487641885933058e-02
1.310487641885933058e-02
1.310487641885933058e-02
1.310487641885933058e-02
1.310487641885933058e-02
1.310487641885933058e-02
1.310487641885933058e-02
1.310487641885933058e-02
1.310487641885933058e-02
1.310487641885933058e-02
1.310487641885933058e-02
1.310487641885933058e-02
1.310487641885933058e-02
1.310487641885933058e-02
1.310487641885933058e-02
1.310487641885933058e-02
1.310487641885933058e-02
1.741985759330789973e-02
3.394260862546813473e-02
3.394260862546813473e-02
3.394260862546813473e-02
3.394260862546813473e-02
3.394260862546813473e-02
3.394260862546813473e-02
3.394260862546813473e-02
3.394260862546813473e-02
3.394260862546813473e-02
3.394260862546813473e-02
3.394260862546813473e-02
3.394260862546813473e-02
3.394260862546813473e-02
3.394260862546813473e-02
3.394260862546813473e-02
3.394260862546813473e-02
3.394260862546813473e-02
3.394260862546813473e-02
3.394260862546813473e-02
3.394260862546813473e-02
3.394260862546813473e-02
3.394260862546813473e-02
1.338310168097303805e-02
1.075770123842502771e-02
1.075770123842502771e-02
1.075770123842502771e-02
1.075770123842502771e-02
1.075770123842502771e-02
1.075770123842502771e-02
1.075770123842502771e-02
1.075770123842502771e-02
1.875204837712675029e-02
3.175764371918638612e-02
3.175764371918638612e-02
1.176986802445196753e-02
1.567408074841146123e-02
1.567408074841146123e-02
1.567408074841146123e-02
1.567408074841146123e-02
1.278638988857552783e-02
5.357801333922476835e-04
5.357801333922476835e-04
5.357801333922476835e-04
6.616882822552059597e-03
6.616882822552059597e-03
6.616882822552059597e-03
2.024547822474065048e-02
6.616882822552059597e-03
6.616882822552059597e-03
6.616882822552059597e-03
6.616882822552059597e-03
6.616882822552059597e-03
2.440458749403307329e-02
0.000000000000000000e+00
0.000000000000000000e+00
0.000000000000000000e+00
0.000000000000000000e+00
0.000000000000000000e+00
8.740934985021250880e-03
8.740934985021250880e-03
8.740934985021250880e-03
8.740934985021250880e-03
8.740934985021250880e-03
8.740934985021250880e-03
8.740934985021250880e-03
8.740934985021250880e-03
8.740934985021250880e-03
8.740934985021250880e-03
8.740934985021250880e-03
8.740934985021250880e-03
1.424399828571071801e-03
1.424399828571071801e-03
1.424399828571071801e-03
1.424399828571071801e-03
1.424399828571071801e-03
1.424399828571071801e-03
1.102082659338855970e-02
6.733999681741177461e-03
6.733999681741177461e-03
6.733999681741177461e-03
6.733999681741177461e-03
0.000000000000000000e+00
0.000000000000000000e+00
0.000000000000000000e+00
0.000000000000000000e+00
0.000000000000000000e+00
0.000000000000000000e+00
0.000000000000000000e+00
0.000000000000000000e+00
0.000000000000000000e+00
0.000000000000000000e+00
0.000000000000000000e+00
2.440458749403307329e-02
2.440458749403307329e-02
2.440458749403307329e-02
2.440458749403307329e-02
2.440458749403307329e-02
2.440458749403307329e-02
0.000000000000000000e+00
1.741985759330789973e-02
1.741985759330789973e-02
1.741985759330789973e-02
1.741985759330789973e-02
1.741985759330789973e-02
1.741985759330789973e-02
1.741985759330789973e-02
1.741985759330789973e-02
1.741985759330789973e-02
3.766248856617792490e-02
3.766248856617792490e-02
3.766248856617792490e-02
3.766248856617792490e-02
1.825265253010679295e-02
1.825265253010679295e-02
1.825265253010679295e-02
1.825265253010679295e-02
1.825265253010679295e-02
1.825265253010679295e-02
1.031739548594027590e-02
1.689006211451694753e-03
1.689006211451694753e-03
1.689006211451694753e-03
1.689006211451694753e-03
1.689006211451694753e-03
1.689006211451694753e-03
1.689006211451694753e-03
1.689006211451694753e-03
1.689006211451694753e-03
1.689006211451694753e-03
1.689006211451694753e-03
1.689006211451694753e-03
1.689006211451694753e-03
1.689006211451694753e-03
1.689006211451694753e-03
1.684448336328978404e-02
6.345887305625034537e-03
6.345887305625034537e-03
6.345887305625034537e-03
6.345887305625034537e-03
6.345887305625034537e-03
6.345887305625034537e-03
6.345887305625034537e-03
6.345887305625034537e-03
6.996117012740223073e-02
7.436457131222269645e-02
7.436457131222269645e-02
7.436457131222269645e-02
7.436457131222269645e-02
7.436457131222269645e-02
7.436457131222269645e-02
5.365401629460713265e-03
1.716828787772804732e-02
1.716828787772804732e-02
1.716828787772804732e-02
1.716828787772804732e-02
1.716828787772804732e-02
1.716828787772804732e-02
1.716828787772804732e-02
1.716828787772804732e-02
3.510728374859654888e-03
2.741692162134924844e-03
2.741692162134924844e-03
2.793167227386621210e-02
1.794153862483069547e-04
1.794153862483069547e-04
1.794153862483069547e-04
1.338310168097303805e-02
1.338310168097303805e-02
1.338310168097303805e-02
1.338310168097303805e-02
1.338310168097303805e-02
1.338310168097303805e-02
1.338310168097303805e-02
1.338310168097303805e-02
1.338310168097303805e-02
1.338310168097303805e-02
1.338310168097303805e-02
1.338310168097303805e-02
0.000000000000000000e+00
0.000000000000000000e+00
0.000000000000000000e+00
0.000000000000000000e+00
0.000000000000000000e+00
0.000000000000000000e+00
0.000000000000000000e+00
2.020961536979041032e-02
3.689355748093089710e-03
3.689355748093089710e-03
3.689355748093089710e-03
3.689355748093089710e-03
3.689355748093089710e-03
3.689355748093089710e-03
3.689355748093089710e-03
3.689355748093089710e-03
0.000000000000000000e+00
0.000000000000000000e+00
0.000000000000000000e+00
0.000000000000000000e+00
0.000000000000000000e+00
0.000000000000000000e+00
0.000000000000000000e+00
1.342609618449339473e-02
1.559042652170255540e-02
1.559042652170255540e-02
1.369304906130998584e-03
4.699050888429718437e-03
4.699050888429718437e-03
4.699050888429718437e-03
4.699050888429718437e-03
4.699050888429718437e-03
4.699050888429718437e-03
0.000000000000000000e+00
1.478534074352503939e-02
1.478534074352503939e-02
1.478534074352503939e-02
1.478534074352503939e-02
1.478534074352503939e-02
1.478534074352503939e-02
1.478534074352503939e-02
1.478534074352503939e-02
1.478534074352503939e-02
1.478534074352503939e-02
1.478534074352503939e-02
1.478534074352503939e-02
0.000000000000000000e+00
1.369304906130998584e-03
1.369304906130998584e-03
1.369304906130998584e-03
1.369304906130998584e-03
1.369304906130998584e-03
1.243760528621485652e-02
1.010206763987549390e-02
1.010206763987549390e-02
1.010206763987549390e-02
1.010206763987549390e-02
1.010206763987549390e-02
1.010206763987549390e-02
1.010206763987549390e-02
1.010206763987549390e-02
1.010206763987549390e-02
2.010949905466654156e-02
2.010949905466654156e-02
2.010949905466654156e-02
2.010949905466654156e-02
2.010949905466654156e-02
2.010949905466654156e-02
2.010949905466654156e-02
2.010949905466654156e-02
2.010949905466654156e-02
2.010949905466654156e-02
2.010949905466654156e-02
3.383106902316017350e-02
1.408626168795077717e-02
1.408626168795077717e-02
1.408626168795077717e-02
1.408626168795077717e-02
1.675375194771859186e-02
1.675375194771859186e-02
1.675375194771859186e-02
1.675375194771859186e-02
1.675375194771859186e-02
1.675375194771859186e-02
1.675375194771859186e-02
1.675375194771859186e-02
1.675375194771859186e-02
1.675375194771859186e-02
1.675375194771859186e-02
1.675375194771859186e-02
1.675375194771859186e-02
1.675375194771859186e-02
1.675375194771859186e-02
1.675375194771859186e-02
1.675375194771859186e-02
1.675375194771859186e-02
1.675375194771859186e-02
1.310749999428741965e-02
2.483691576797299704e-03
2.483691576797299704e-03
2.483691576797299704e-03
2.483691576797299704e-03
2.483691576797299704e-03
2.483691576797299704e-03
1.999806955372929532e-02
0.000000000000000000e+00
0.000000000000000000e+00
0.000000000000000000e+00
1.188859814674002313e-02
2.277842283957840289e-02
2.277842283957840289e-02
2.277842283957840289e-02
2.277842283957840289e-02
2.277842283957840289e-02
2.277842283957840289e-02
2.277842283957840289e-02
2.277842283957840289e-02
0.000000000000000000e+00
0.000000000000000000e+00
0.000000000000000000e+00
0.000000000000000000e+00
0.000000000000000000e+00
0.000000000000000000e+00
0.000000000000000000e+00
0.000000000000000000e+00
0.000000000000000000e+00
1.526469836754421223e-02
1.075496212231927609e-02
1.075496212231927609e-02
1.075496212231927609e-02
1.075496212231927609e-02
1.101385851315292083e-02
3.636120552043382165e-02
3.636120552043382165e-02
3.636120552043382165e-02
0.000000000000000000e+00
0.000000000000000000e+00
0.000000000000000000e+00
0.000000000000000000e+00
0.000000000000000000e+00
1.269509950459035870e-02
1.246656677676979443e-02
1.269509950459035870e-02
1.269509950459035870e-02
1.269509950459035870e-02
1.246656677676979443e-02
1.246656677676979443e-02
1.246656677676979443e-02
1.246656677676979443e-02
1.246656677676979443e-02
7.635092518256888366e-03
1.310749999428741965e-02
3.424745763533354470e-02
1.846197214233669462e-02
1.846197214233669462e-02
1.344962798550792260e-01
0.000000000000000000e+00
0.000000000000000000e+00
1.897033408274929542e-02
7.548736290939960826e-03
7.548736290939960826e-03
7.548736290939960826e-03
7.548736290939960826e-03
7.548736290939960826e-03
7.548736290939960826e-03
7.548736290939960826e-03
7.548736290939960826e-03
7.548736290939960826e-03
7.548736290939960826e-03
7.548736290939960826e-03
7.548736290939960826e-03
5.362513598537612530e-02
5.362513598537612530e-02
5.362513598537612530e-02
5.362513598537612530e-02
5.362513598537612530e-02
5.362513598537612530e-02
5.362513598537612530e-02
5.362513598537612530e-02
5.362513598537612530e-02
5.362513598537612530e-02
5.362513598537612530e-02
2.289085130976815236e-02
1.777652933154378820e-02
1.777652933154378820e-02
3.094288999539671417e-02
4.466793163665364053e-02
4.466793163665364053e-02
4.466793163665364053e-02
4.466793163665364053e-02
4.466793163665364053e-02
1.266726651301074667e-02
9.268897676611329364e-03
1.342609618449339473e-02
1.342609618449339473e-02
1.342609618449339473e-02
1.342609618449339473e-02
1.342609618449339473e-02
3.012035666582325074e-03
5.068530876042249937e-03
5.068530876042249937e-03
5.068530876042249937e-03
5.068530876042249937e-03
5.068530876042249937e-03
5.068530876042249937e-03
1.749875926656987166e-03
1.749875926656987166e-03
1.749875926656987166e-03
1.749875926656987166e-03
8.896250046526318900e-03
1.520213898954401142e-02
1.520213898954401142e-02
1.344962798550792260e-01
8.357018806489938112e-03
8.357018806489938112e-03
8.357018806489938112e-03
8.357018806489938112e-03
8.357018806489938112e-03
8.357018806489938112e-03
0.000000000000000000e+00
0.000000000000000000e+00
1.897033408274929542e-02
1.897033408274929542e-02
1.897033408274929542e-02
1.897033408274929542e-02
1.897033408274929542e-02
1.897033408274929542e-02
1.897033408274929542e-02
1.897033408274929542e-02
1.897033408274929542e-02
1.897033408274929542e-02
1.897033408274929542e-02
1.897033408274929542e-02
1.897033408274929542e-02
1.897033408274929542e-02
0.000000000000000000e+00
0.000000000000000000e+00
0.000000000000000000e+00
1.684448336328978404e-02
5.609404589955287656e-04
5.609404589955287656e-04
1.595238563539870189e-02
2.339493688895290593e-02
2.339493688895290593e-02
7.780468379123365967e-03
7.780468379123365967e-03
7.780468379123365967e-03
7.780468379123365967e-03
7.780468379123365967e-03
7.780468379123365967e-03
7.780468379123365967e-03
7.780468379123365967e-03
7.780468379123365967e-03
7.780468379123365967e-03
7.780468379123365967e-03
7.780468379123365967e-03
7.780468379123365967e-03
6.134124466883051491e-02
6.134124466883051491e-02
6.134124466883051491e-02
6.134124466883051491e-02
6.134124466883051491e-02
6.134124466883051491e-02
6.134124466883051491e-02
6.134124466883051491e-02
6.134124466883051491e-02
6.134124466883051491e-02
6.134124466883051491e-02
3.048810100293561712e-02
2.064858078489827109e-02
0.000000000000000000e+00
1.684448336328978404e-02
1.684448336328978404e-02
1.684448336328978404e-02
1.776938675507568066e-02
2.689593545515043746e-02
2.689593545515043746e-02
2.689593545515043746e-02
2.689593545515043746e-02
9.683481575708849376e-03
5.140387504481023530e-03
5.140387504481023530e-03
5.140387504481023530e-03
5.140387504481023530e-03
1.318588486792049257e-03
2.415588964057981645e-03
3.255940113999562964e-03
1.208253876125325562e-03
1.208253876125325562e-03
1.208253876125325562e-03
1.208253876125325562e-03
1.181655197636034479e-02
1.857703573419737172e-02
1.857703573419737172e-02
1.857703573419737172e-02
1.857703573419737172e-02
1.857703573419737172e-02
1.857703573419737172e-02
1.857703573419737172e-02
1.857703573419737172e-02
2.260876704084107541e-02
2.421838917212686820e-02
1.750089039543220723e-03
2.848891481273824276e-03
2.848891481273824276e-03
2.848891481273824276e-03
9.820032253280182657e-03
4.075161415161830149e-03
4.075161415161830149e-03
4.075161415161830149e-03
4.075161415161830149e-03
5.103198395241953511e-03
4.384727731606673402e-03
4.384727731606673402e-03
4.384727731606673402e-03
4.384727731606673402e-03
4.384727731606673402e-03
4.384727731606673402e-03
1.036045070612982150e-02
1.036045070612982150e-02
1.036045070612982150e-02
1.036045070612982150e-02
1.385331892068828417e-02
1.385331892068828417e-02
1.385331892068828417e-02
1.385331892068828417e-02
1.385331892068828417e-02
1.385331892068828417e-02
1.385331892068828417e-02
1.385331892068828417e-02
1.385331892068828417e-02
1.385331892068828417e-02
1.385331892068828417e-02
1.385331892068828417e-02
1.385331892068828417e-02
1.385331892068828417e-02
1.385331892068828417e-02
1.385331892068828417e-02
1.385331892068828417e-02
1.983730364273901883e-02
1.724853865905173408e-02
1.724853865905173408e-02
1.724853865905173408e-02
1.724853865905173408e-02
1.489202886274719299e-02
2.374757354514698410e-02
2.374757354514698410e-02
0.000000000000000000e+00
0.000000000000000000e+00
0.000000000000000000e+00
0.000000000000000000e+00
0.000000000000000000e+00
0.000000000000000000e+00
0.000000000000000000e+00
6.258369730874687765e-03
1.982125264804681514e-02
1.982125264804681514e-02
1.982125264804681514e-02
1.982125264804681514e-02
1.982125264804681514e-02
1.982125264804681514e-02
2.752986544668462390e-02
2.752986544668462390e-02
6.731720815428178170e-03
2.650563124632046748e-03
2.650563124632046748e-03
2.650563124632046748e-03
2.650563124632046748e-03
2.650563124632046748e-03
2.650563124632046748e-03
2.650563124632046748e-03
2.650563124632046748e-03
2.650563124632046748e-03
2.650563124632046748e-03
1.147126494715870748e-02
2.524228571093493911e-02
2.524228571093493911e-02
0.000000000000000000e+00
4.357395598610282889e-03
4.357395598610282889e-03
4.357395598610282889e-03
4.357395598610282889e-03
4.357395598610282889e-03
4.357395598610282889e-03
4.357395598610282889e-03
4.357395598610282889e-03
4.357395598610282889e-03
6.769394244233483023e-03
1.526469836754421223e-02
1.526469836754421223e-02
1.526469836754421223e-02
1.526469836754421223e-02
1.526469836754421223e-02
1.526469836754421223e-02
1.526469836754421223e-02
1.526469836754421223e-02
1.526469836754421223e-02
1.526469836754421223e-02
1.526469836754421223e-02
1.526469836754421223e-02
1.526469836754421223e-02
1.540599273273706750e-02
1.540599273273706750e-02
1.651192754139600705e-02
4.880901963296759016e-02
4.880901963296759016e-02
4.880901963296759016e-02
4.880901963296759016e-02
4.880901963296759016e-02
4.880901963296759016e-02
4.880901963296759016e-02
4.880901963296759016e-02
4.880901963296759016e-02
4.880901963296759016e-02
1.926324951917504765e-03
1.926324951917504765e-03
1.926324951917504765e-03
1.926324951917504765e-03
1.926324951917504765e-03
1.926324951917504765e-03
1.926324951917504765e-03
1.926324951917504765e-03
1.926324951917504765e-03
1.926324951917504765e-03
1.926324951917504765e-03
1.926324951917504765e-03
1.926324951917504765e-03
1.926324951917504765e-03
1.926324951917504765e-03
1.926324951917504765e-03
1.926324951917504765e-03
1.926324951917504765e-03
1.926324951917504765e-03
3.922347432429982433e-02
9.301783887232835044e-03
9.301783887232835044e-03
9.301783887232835044e-03
9.301783887232835044e-03
9.301783887232835044e-03
9.301783887232835044e-03
9.301783887232835044e-03
9.301783887232835044e-03
6.556218346919763691e-03
1.672127763214448920e-02
1.672127763214448920e-02
6.459185186215525738e-03
7.347052095250043713e-03
7.347052095250043713e-03
7.347052095250043713e-03
7.347052095250043713e-03
7.347052095250043713e-03
7.347052095250043713e-03
7.347052095250043713e-03
7.347052095250043713e-03
7.347052095250043713e-03
7.347052095250043713e-03
7.347052095250043713e-03
7.347052095250043713e-03
7.347052095250043713e-03
7.347052095250043713e-03
7.347052095250043713e-03
7.347052095250043713e-03
9.612678685041588927e-03
2.895643432924572755e-02
1.880163906054804421e-02
1.880163906054804421e-02
1.880163906054804421e-02
1.880163906054804421e-02
1.880163906054804421e-02
1.880163906054804421e-02
1.880163906054804421e-02
1.880163906054804421e-02
1.880163906054804421e-02
1.880163906054804421e-02
1.880163906054804421e-02
1.880163906054804421e-02
6.714652896243554188e-04
6.714652896243554188e-04
6.714652896243554188e-04
6.714652896243554188e-04
6.714652896243554188e-04
6.714652896243554188e-04
6.714652896243554188e-04
6.714652896243554188e-04
6.714652896243554188e-04
6.714652896243554188e-04
6.714652896243554188e-04
0.000000000000000000e+00
0.000000000000000000e+00
0.000000000000000000e+00
0.000000000000000000e+00
1.989462646790581685e-02
2.030058964639565658e-03
5.845704105173986885e-03
1.039492387021505315e-02
1.039492387021505315e-02
1.039492387021505315e-02
1.039492387021505315e-02
1.039492387021505315e-02
1.039492387021505315e-02
1.487298564293588164e-02
4.133555593434500020e-03
4.133555593434500020e-03
4.133555593434500020e-03
4.133555593434500020e-03
4.133555593434500020e-03
4.133555593434500020e-03
2.914855003289508473e-02
2.914855003289508473e-02
0.000000000000000000e+00
0.000000000000000000e+00
0.000000000000000000e+00
1.317964340443642836e-02
1.027985715285090543e-02
1.027985715285090543e-02
1.027985715285090543e-02
1.027985715285090543e-02
1.027985715285090543e-02
1.027985715285090543e-02
1.027985715285090543e-02
1.222774368469943529e-02
1.362768820222448954e-02
1.362768820222448954e-02
1.362768820222448954e-02
1.362768820222448954e-02
1.362768820222448954e-02
1.362768820222448954e-02
8.116712375911572588e-03
9.690080053052198272e-03
9.690080053052198272e-03
9.690080053052198272e-03
9.690080053052198272e-03
9.690080053052198272e-03
9.690080053052198272e-03
9.690080053052198272e-03
9.690080053052198272e-03
2.081243188130321026e-02
3.636159879935241777e-03
3.636159879935241777e-03
3.636159879935241777e-03
3.636159879935241777e-03
2.186531724764402551e-02
1.399826905069268511e-02
0.000000000000000000e+00
0.000000000000000000e+00
0.000000000000000000e+00
1.142329795016222387e-02
8.129985935773450427e-05
8.129985935773450427e-05
8.129985935773450427e-05
8.129985935773450427e-05
8.129985935773450427e-05
8.129985935773450427e-05
8.129985935773450427e-05
8.129985935773450427e-05
8.129985935773450427e-05
8.129985935773450427e-05
1.712015438519074459e-03
1.712015438519074459e-03
1.712015438519074459e-03
1.712015438519074459e-03
1.712015438519074459e-03
2.592634606584962378e-02
1.487298564293588164e-02
1.487298564293588164e-02
1.487298564293588164e-02
0.000000000000000000e+00
0.000000000000000000e+00
0.000000000000000000e+00
0.000000000000000000e+00
0.000000000000000000e+00
0.000000000000000000e+00
0.000000000000000000e+00
0.000000000000000000e+00
0.000000000000000000e+00
0.000000000000000000e+00
0.000000000000000000e+00
0.000000000000000000e+00
0.000000000000000000e+00
2.134111155372415969e-01
2.134111155372415969e-01
2.134111155372415969e-01
2.134111155372415969e-01
3.495532259506624329e-02
0.000000000000000000e+00
0.000000000000000000e+00
2.984191372309234411e-03
0.000000000000000000e+00
0.000000000000000000e+00
1.245274637439754833e-03
1.245274637439754833e-03
1.245274637439754833e-03
1.245274637439754833e-03
1.245274637439754833e-03
1.245274637439754833e-03
1.245274637439754833e-03
1.245274637439754833e-03
1.245274637439754833e-03
1.245274637439754833e-03
1.245274637439754833e-03
1.587436926540817736e-02
7.573694566163446593e-03
7.573694566163446593e-03
7.573694566163446593e-03
7.573694566163446593e-03
9.328161490460248548e-03
7.573694566163446593e-03
9.328161490460248548e-03
1.675275572388042200e-02
1.675275572388042200e-02
0.000000000000000000e+00
0.000000000000000000e+00
0.000000000000000000e+00
0.000000000000000000e+00
0.000000000000000000e+00
0.000000000000000000e+00
0.000000000000000000e+00
0.000000000000000000e+00
5.103198395241953511e-03
5.103198395241953511e-03
5.103198395241953511e-03
5.103198395241953511e-03
5.103198395241953511e-03
5.103198395241953511e-03
2.492399109381450081e-02
7.392537620775071344e-03
7.392537620775071344e-03
5.820763447230529151e-03
5.820763447230529151e-03
5.820763447230529151e-03
5.820763447230529151e-03
5.820763447230529151e-03
5.820763447230529151e-03
5.820763447230529151e-03
5.820763447230529151e-03
5.820763447230529151e-03
5.820763447230529151e-03
5.820763447230529151e-03
5.820763447230529151e-03
5.820763447230529151e-03
5.820763447230529151e-03
5.820763447230529151e-03
3.495532259506624329e-02
0.000000000000000000e+00
0.000000000000000000e+00
6.850457831545232745e-03
6.850457831545232745e-03
6.850457831545232745e-03
6.850457831545232745e-03
6.850457831545232745e-03
6.850457831545232745e-03
6.850457831545232745e-03
6.850457831545232745e-03
6.850457831545232745e-03
6.850457831545232745e-03
6.850457831545232745e-03
6.850457831545232745e-03
6.850457831545232745e-03
1.875403773461858936e-02
1.875403773461858936e-02
1.875403773461858936e-02
1.875403773461858936e-02
1.875403773461858936e-02
1.875403773461858936e-02
1.875403773461858936e-02
1.875403773461858936e-02
1.875403773461858936e-02
1.875403773461858936e-02
1.875403773461858936e-02
6.186859553828229219e-03
3.338020652638838508e-03
3.338020652638838508e-03
3.338020652638838508e-03
3.338020652638838508e-03
0.000000000000000000e+00
0.000000000000000000e+00
0.000000000000000000e+00
0.000000000000000000e+00
0.000000000000000000e+00
0.000000000000000000e+00
0.000000000000000000e+00
0.000000000000000000e+00
0.000000000000000000e+00
1.815037185122813160e-02
3.123491472307570599e-03
3.123491472307570599e-03
3.123491472307570599e-03
3.123491472307570599e-03
0.000000000000000000e+00
0.000000000000000000e+00
0.000000000000000000e+00
0.000000000000000000e+00
0.000000000000000000e+00
4.736199966921034177e-02
4.736199966921034177e-02
4.736199966921034177e-02
4.736199966921034177e-02
4.736199966921034177e-02
4.736199966921034177e-02
4.736199966921034177e-02
4.736199966921034177e-02
4.736199966921034177e-02
4.736199966921034177e-02
4.736199966921034177e-02
0.000000000000000000e+00
0.000000000000000000e+00
2.433467114285825517e-03
2.433467114285825517e-03
2.433467114285825517e-03
2.433467114285825517e-03
2.433467114285825517e-03
2.433467114285825517e-03
2.433467114285825517e-03
2.433467114285825517e-03
2.433467114285825517e-03
2.433467114285825517e-03
2.433467114285825517e-03
2.433467114285825517e-03
2.433467114285825517e-03
2.433467114285825517e-03
2.433467114285825517e-03
2.433467114285825517e-03
2.433467114285825517e-03
2.433467114285825517e-03
2.433467114285825517e-03
2.433467114285825517e-03
2.280944628620527187e-02
2.280944628620527187e-02
2.280944628620527187e-02
2.280944628620527187e-02
2.280944628620527187e-02
2.280944628620527187e-02
1.587436926540817736e-02
1.587436926540817736e-02
7.773307698472064174e-03
7.773307698472064174e-03
7.773307698472064174e-03
7.773307698472064174e-03
7.773307698472064174e-03
7.773307698472064174e-03
7.773307698472064174e-03
7.773307698472064174e-03
7.773307698472064174e-03
7.773307698472064174e-03
7.773307698472064174e-03
7.773307698472064174e-03
7.773307698472064174e-03
0.000000000000000000e+00
3.934162262192013315e-02
3.934162262192013315e-02
3.934162262192013315e-02
3.934162262192013315e-02
3.934162262192013315e-02
3.934162262192013315e-02
3.934162262192013315e-02
3.934162262192013315e-02
1.597526940249830232e-02
1.597526940249830232e-02
1.597526940249830232e-02
1.597526940249830232e-02
1.597526940249830232e-02
1.597526940249830232e-02
1.597526940249830232e-02
1.597526940249830232e-02
1.597526940249830232e-02
1.597526940249830232e-02
1.597526940249830232e-02
1.597526940249830232e-02
1.597526940249830232e-02
2.289085130976815236e-02
2.289085130976815236e-02
2.289085130976815236e-02
2.289085130976815236e-02
2.289085130976815236e-02
2.289085130976815236e-02
2.289085130976815236e-02
2.289085130976815236e-02
2.289085130976815236e-02
2.289085130976815236e-02
2.289085130976815236e-02
1.127084694439513084e-02
1.127084694439513084e-02
1.127084694439513084e-02
1.127084694439513084e-02
1.127084694439513084e-02
1.127084694439513084e-02
1.127084694439513084e-02
1.127084694439513084e-02
1.127084694439513084e-02
1.127084694439513084e-02
1.127084694439513084e-02
1.127084694439513084e-02
1.127084694439513084e-02
1.127084694439513084e-02
1.127084694439513084e-02
3.132720221578387879e-03
6.681572711333361343e-03
6.681572711333361343e-03
2.546405003224423355e-02
2.378714539480206169e-02
2.378714539480206169e-02
2.378714539480206169e-02
2.378714539480206169e-02
2.378714539480206169e-02
2.378714539480206169e-02
1.566174853513528295e-02
1.285745099379786115e-02
1.285745099379786115e-02
1.285745099379786115e-02
1.285745099379786115e-02
1.285745099379786115e-02
1.285745099379786115e-02
1.285745099379786115e-02
1.285745099379786115e-02
1.285745099379786115e-02
1.285745099379786115e-02
1.989462646790581685e-02
1.989462646790581685e-02
1.989462646790581685e-02
0.000000000000000000e+00
7.831235642875956221e-03
8.328061435322173592e-03
8.328061435322173592e-03
6.186859553828229219e-03
6.186859553828229219e-03
6.186859553828229219e-03
6.186859553828229219e-03
6.186859553828229219e-03
6.186859553828229219e-03
6.186859553828229219e-03
6.186859553828229219e-03
6.186859553828229219e-03
6.186859553828229219e-03
6.186859553828229219e-03
6.186859553828229219e-03
6.186859553828229219e-03
6.186859553828229219e-03
6.186859553828229219e-03
6.186859553828229219e-03
6.186859553828229219e-03
6.186859553828229219e-03
6.186859553828229219e-03
6.186859553828229219e-03
2.698666351298032069e-03
5.033264959141383254e-04
5.033264959141383254e-04
6.543806934510716308e-03
0.000000000000000000e+00
1.070532267070110205e-02
0.000000000000000000e+00
0.000000000000000000e+00
0.000000000000000000e+00
0.000000000000000000e+00
0.000000000000000000e+00
0.000000000000000000e+00
0.000000000000000000e+00
0.000000000000000000e+00
0.000000000000000000e+00
0.000000000000000000e+00
0.000000000000000000e+00
0.000000000000000000e+00
0.000000000000000000e+00
0.000000000000000000e+00
0.000000000000000000e+00
0.000000000000000000e+00
0.000000000000000000e+00
0.000000000000000000e+00
0.000000000000000000e+00
0.000000000000000000e+00
0.000000000000000000e+00
0.000000000000000000e+00
0.000000000000000000e+00
0.000000000000000000e+00
0.000000000000000000e+00
0.000000000000000000e+00
0.000000000000000000e+00
0.000000000000000000e+00
0.000000000000000000e+00
0.000000000000000000e+00
0.000000000000000000e+00
0.000000000000000000e+00
0.000000000000000000e+00
0.000000000000000000e+00
0.000000000000000000e+00
0.000000000000000000e+00
1.864548266757192277e-02
2.157458343054722769e-02
2.157458343054722769e-02
2.157458343054722769e-02
2.157458343054722769e-02
1.744060965123473556e-02
0.000000000000000000e+00
0.000000000000000000e+00
1.217558307620858482e-02
1.436879592978151585e-02
1.436879592978151585e-02
1.436879592978151585e-02
1.436879592978151585e-02
1.436879592978151585e-02
1.436879592978151585e-02
1.436879592978151585e-02
1.436879592978151585e-02
1.436879592978151585e-02
1.436879592978151585e-02
1.436879592978151585e-02
2.462787115183324820e-03
1.436879592978151585e-02
1.413355296770333822e-02
3.585853554842336529e-03
3.585853554842336529e-03
3.585853554842336529e-03
3.585853554842336529e-03
1.566174853513528295e-02
1.566174853513528295e-02
7.831235642875956221e-03
7.831235642875956221e-03
7.641481823101808381e-03
7.831235642875956221e-03
7.831235642875956221e-03
7.831235642875956221e-03
5.436131821373138204e-03
2.680978468078405123e-03
2.680978468078405123e-03
2.680978468078405123e-03
2.680978468078405123e-03
2.680978468078405123e-03
6.344957546764844365e-03
6.344957546764844365e-03
6.344957546764844365e-03
6.344957546764844365e-03
6.344957546764844365e-03
6.344957546764844365e-03
6.344957546764844365e-03
6.344957546764844365e-03
6.344957546764844365e-03
6.344957546764844365e-03
2.643314442926398763e-02
0.000000000000000000e+00
0.000000000000000000e+00
0.000000000000000000e+00
0.000000000000000000e+00
0.000000000000000000e+00
0.000000000000000000e+00
1.320359076919247303e-02
1.366670682232062721e-02
1.366670682232062721e-02
1.366670682232062721e-02
1.366670682232062721e-02
2.782336417437123767e-03
1.123837667063434624e-02
1.123837667063434624e-02
4.087542943190385601e-03
2.207916292280692749e-02
2.207916292280692749e-02
2.207916292280692749e-02
2.207916292280692749e-02
2.207916292280692749e-02
2.207916292280692749e-02
2.207916292280692749e-02
2.207916292280692749e-02
2.207916292280692749e-02
2.207916292280692749e-02
9.567121781842158335e-05
2.853598080371828188e-02
2.853598080371828188e-02
4.075314430255510406e-02
4.318360126531314847e-02
4.318360126531314847e-02
4.318360126531314847e-02
4.318360126531314847e-02
4.318360126531314847e-02
4.318360126531314847e-02
4.318360126531314847e-02
4.318360126531314847e-02
1.132533542213370360e-02
3.308560714744859799e-02
3.308560714744859799e-02
2.020961536979041032e-02
1.631743347624456733e-02
3.159822158523537539e-01
1.005307620000302216e-02
3.159822158523537539e-01
3.159822158523537539e-01
3.159822158523537539e-01
7.641481823101808381e-03
8.863237818085874589e-03
1.437653437343694354e-03
1.437653437343694354e-03
1.437653437343694354e-03
1.437653437343694354e-03
1.437653437343694354e-03
1.437653437343694354e-03
1.437653437343694354e-03
1.437653437343694354e-03
7.210942588872656066e-03
1.828397136635495634e-02
1.828397136635495634e-02
1.828397136635495634e-02
1.828397136635495634e-02
1.352085077158757297e-03
1.002552293357160569e-02
2.984191372309234411e-03
2.984191372309234411e-03
2.984191372309234411e-03
2.984191372309234411e-03
2.984191372309234411e-03
2.984191372309234411e-03
2.984191372309234411e-03
2.984191372309234411e-03
0.000000000000000000e+00
0.000000000000000000e+00
4.641812388609203345e-03
4.641812388609203345e-03
4.641812388609203345e-03
4.641812388609203345e-03
0.000000000000000000e+00
1.004763148574273641e-03
1.004763148574273641e-03
1.004763148574273641e-03
1.004763148574273641e-03
1.004763148574273641e-03
1.004763148574273641e-03
1.004763148574273641e-03
1.004763148574273641e-03
1.004763148574273641e-03
1.004763148574273641e-03
6.996117012740223073e-02
6.996117012740223073e-02
6.996117012740223073e-02
6.996117012740223073e-02
6.996117012740223073e-02
6.996117012740223073e-02
6.996117012740223073e-02
6.996117012740223073e-02
6.996117012740223073e-02
6.996117012740223073e-02
1.536813986042253298e-02
1.536813986042253298e-02
2.895643432924572755e-02
3.602636535525487876e-02
3.602636535525487876e-02
1.380101566489066707e-03
4.068521470559786739e-03
4.068521470559786739e-03
4.068521470559786739e-03
4.068521470559786739e-03
4.068521470559786739e-03
4.068521470559786739e-03
3.495532259506624329e-02
3.495532259506624329e-02
3.495532259506624329e-02
3.495532259506624329e-02
3.495532259506624329e-02
1.039858013419081399e-02
5.109622495662389033e-03
5.109622495662389033e-03
5.109622495662389033e-03
5.109622495662389033e-03
5.109622495662389033e-03
5.109622495662389033e-03
5.109622495662389033e-03
5.109622495662389033e-03
7.115449194085806707e-03
7.115449194085806707e-03
7.115449194085806707e-03
7.115449194085806707e-03
7.115449194085806707e-03
7.115449194085806707e-03
7.115449194085806707e-03
7.115449194085806707e-03
7.115449194085806707e-03
7.115449194085806707e-03
7.115449194085806707e-03
1.706658308895520060e-02
1.375067342027511998e-02
1.375067342027511998e-02
1.375067342027511998e-02
1.375067342027511998e-02
1.375067342027511998e-02
1.375067342027511998e-02
3.497217571848777046e-03
1.935315944306256752e-02
1.935315944306256752e-02
1.935315944306256752e-02
1.935315944306256752e-02
1.935315944306256752e-02
1.935315944306256752e-02
1.935315944306256752e-02
1.935315944306256752e-02
1.935315944306256752e-02
2.715770913688858937e-02
1.380470628857756801e-02
1.380470628857756801e-02
1.380470628857756801e-02
1.380470628857756801e-02
1.380470628857756801e-02
1.380470628857756801e-02
2.260876704084107541e-02
2.260876704084107541e-02
2.260876704084107541e-02
2.288144003806390561e-02
2.288144003806390561e-02
2.288144003806390561e-02
2.288144003806390561e-02
2.288144003806390561e-02
2.288144003806390561e-02
2.288144003806390561e-02
2.288144003806390561e-02
2.288144003806390561e-02
2.288144003806390561e-02
2.288144003806390561e-02
2.288144003806390561e-02
2.288144003806390561e-02
2.288144003806390561e-02
2.288144003806390561e-02
6.239733781631564419e-02
6.849976954882810998e-02
6.849976954882810998e-02
8.727283286941981202e-03
8.416902767391713086e-03
8.261190979142728555e-03
8.261190979142728555e-03
8.261190979142728555e-03
8.261190979142728555e-03
8.261190979142728555e-03
8.261190979142728555e-03
8.261190979142728555e-03
8.261190979142728555e-03
8.261190979142728555e-03
9.773705442608965691e-03
1.383123093196585683e-02
1.383123093196585683e-02
1.383123093196585683e-02
1.383123093196585683e-02
1.383123093196585683e-02
1.383123093196585683e-02
1.383123093196585683e-02
1.383123093196585683e-02
1.383123093196585683e-02
1.383123093196585683e-02
1.383123093196585683e-02
1.383123093196585683e-02
8.322209572383597667e-03
1.595238563539870189e-02
1.421573112170343434e-02
2.740927062552466972e-02
2.740927062552466972e-02
2.740927062552466972e-02
2.740927062552466972e-02
6.211805823007328017e-03
6.211805823007328017e-03
6.211805823007328017e-03
6.211805823007328017e-03
6.211805823007328017e-03
6.211805823007328017e-03
6.211805823007328017e-03
6.211805823007328017e-03
6.211805823007328017e-03
6.211805823007328017e-03
6.211805823007328017e-03
6.211805823007328017e-03
6.211805823007328017e-03
6.211805823007328017e-03
0.000000000000000000e+00
3.313202511445474674e-02
3.313202511445474674e-02
0.000000000000000000e+00
1.889538519382574430e-02
1.889538519382574430e-02
1.889538519382574430e-02
1.889538519382574430e-02
1.889538519382574430e-02
1.889538519382574430e-02
1.889538519382574430e-02
1.889538519382574430e-02
1.889538519382574430e-02
1.889538519382574430e-02
1.889538519382574430e-02
1.889538519382574430e-02
1.889538519382574430e-02
1.889538519382574430e-02
1.291507571939043116e-03
2.734556759785393767e-02
2.734556759785393767e-02
2.734556759785393767e-02
2.734556759785393767e-02
2.734556759785393767e-02
2.734556759785393767e-02
2.734556759785393767e-02
2.734556759785393767e-02
2.734556759785393767e-02
2.734556759785393767e-02
1.999534804248975783e-02
1.999534804248975783e-02
1.999534804248975783e-02
1.999534804248975783e-02
1.999534804248975783e-02
1.999534804248975783e-02
1.999534804248975783e-02
1.999534804248975783e-02
1.999534804248975783e-02
1.999534804248975783e-02
1.999534804248975783e-02
1.999534804248975783e-02
1.999534804248975783e-02
1.267401250270849822e-02
1.368504587677798166e-02
1.368504587677798166e-02
1.368504587677798166e-02
1.368504587677798166e-02
1.368504587677798166e-02
1.368504587677798166e-02
1.782570468173666142e-02
2.967878878438153130e-03
2.967878878438153130e-03
2.967878878438153130e-03
2.967878878438153130e-03
2.967878878438153130e-03
2.967878878438153130e-03
2.967878878438153130e-03
5.640816093561633153e-04
4.849658757305343290e-04
4.849658757305343290e-04
4.849658757305343290e-04
4.849658757305343290e-04
4.849658757305343290e-04
4.849658757305343290e-04
4.849658757305343290e-04
4.849658757305343290e-04
4.849658757305343290e-04
4.849658757305343290e-04
2.580951886461341997e-03
2.580951886461341997e-03
2.580951886461341997e-03
2.580951886461341997e-03
2.580951886461341997e-03
2.580951886461341997e-03
2.580951886461341997e-03
2.580951886461341997e-03
2.580951886461341997e-03
2.580951886461341997e-03
2.580951886461341997e-03
3.486439407742633612e-02
2.209813327264846181e-02
2.209813327264846181e-02
2.209813327264846181e-02
2.209813327264846181e-02
2.209813327264846181e-02
2.209813327264846181e-02
2.209813327264846181e-02
2.209813327264846181e-02
9.522411050351491796e-03
6.556218346919763691e-03
7.863485550056040566e-03
1.136951184366564310e-03
1.136951184366564310e-03
1.136951184366564310e-03
1.136951184366564310e-03
1.136951184366564310e-03
1.136951184366564310e-03
1.136951184366564310e-03
8.758777524792961400e-03
8.758777524792961400e-03
8.758777524792961400e-03
8.758777524792961400e-03
8.758777524792961400e-03
8.758777524792961400e-03
8.758777524792961400e-03
8.758777524792961400e-03
8.758777524792961400e-03
8.758777524792961400e-03
8.758777524792961400e-03
8.758777524792961400e-03
2.698666351298032069e-03
2.698666351298032069e-03
2.698666351298032069e-03
2.698666351298032069e-03
2.698666351298032069e-03
2.698666351298032069e-03
2.698666351298032069e-03
2.698666351298032069e-03
2.698666351298032069e-03
2.698666351298032069e-03
2.862886108850939146e-04
2.862886108850939146e-04
2.862886108850939146e-04
2.862886108850939146e-04
2.862886108850939146e-04
2.862886108850939146e-04
2.862886108850939146e-04
2.862886108850939146e-04
2.862886108850939146e-04
2.862886108850939146e-04
2.862886108850939146e-04
2.862886108850939146e-04
2.862886108850939146e-04
2.862886108850939146e-04
2.862886108850939146e-04
2.862886108850939146e-04
2.862886108850939146e-04
2.862886108850939146e-04
2.862886108850939146e-04
2.862886108850939146e-04
2.862886108850939146e-04
2.862886108850939146e-04
2.862886108850939146e-04
2.862886108850939146e-04
2.862886108850939146e-04
2.862886108850939146e-04
2.862886108850939146e-04
2.862886108850939146e-04
2.862886108850939146e-04
2.862886108850939146e-04
2.639302805065009763e-02
3.419965055337119419e-02
3.419965055337119419e-02
3.419965055337119419e-02
2.854469430842948227e-03
1.206432158453052753e-02
1.206432158453052753e-02
1.206432158453052753e-02
0.000000000000000000e+00
0.000000000000000000e+00
0.000000000000000000e+00
1.377073429200807025e-02
2.295685628030952677e-02
2.295685628030952677e-02
2.295685628030952677e-02
2.295685628030952677e-02
2.295685628030952677e-02
2.295685628030952677e-02
2.295685628030952677e-02
2.295685628030952677e-02
2.295685628030952677e-02
2.295685628030952677e-02
4.769644670685677101e-03
4.769644670685677101e-03
4.769644670685677101e-03
4.769644670685677101e-03
4.769644670685677101e-03
4.769644670685677101e-03
4.769644670685677101e-03
4.769644670685677101e-03
4.769644670685677101e-03
4.769644670685677101e-03
4.769644670685677101e-03
4.769644670685677101e-03
4.769644670685677101e-03
4.769644670685677101e-03
4.769644670685677101e-03
0.000000000000000000e+00
0.000000000000000000e+00
8.179260507253859405e-03
0.000000000000000000e+00
0.000000000000000000e+00
1.318588486792049257e-03
1.318588486792049257e-03
1.318588486792049257e-03
1.318588486792049257e-03
1.318588486792049257e-03
1.318588486792049257e-03
1.318588486792049257e-03
1.318588486792049257e-03
4.729644963954661441e-02
2.632983391199354012e-02
2.632983391199354012e-02
2.632983391199354012e-02
2.632983391199354012e-02
0.000000000000000000e+00
2.502270472285355457e-02
2.502270472285355457e-02
2.502270472285355457e-02
2.502270472285355457e-02
2.502270472285355457e-02
2.502270472285355457e-02
1.161588871822781012e-02
9.286712614662838775e-03
9.286712614662838775e-03
9.286712614662838775e-03
9.286712614662838775e-03
2.629326424748142446e-02
2.629326424748142446e-02
2.629326424748142446e-02
2.629326424748142446e-02
2.629326424748142446e-02
2.629326424748142446e-02
1.594040107782842761e-02
8.312395909962420719e-04
8.312395909962420719e-04
8.312395909962420719e-04
8.312395909962420719e-04
8.312395909962420719e-04
8.312395909962420719e-04
8.312395909962420719e-04
8.312395909962420719e-04
8.312395909962420719e-04
8.312395909962420719e-04
8.312395909962420719e-04
8.312395909962420719e-04
8.312395909962420719e-04
8.312395909962420719e-04
8.312395909962420719e-04
8.312395909962420719e-04
0.000000000000000000e+00
0.000000000000000000e+00
2.639302805065009763e-02
8.931943811205512833e-04
8.931943811205512833e-04
8.931943811205512833e-04
8.931943811205512833e-04
8.931943811205512833e-04
8.931943811205512833e-04
9.316996053666126362e-03
2.047382802340565189e-02
2.047382802340565189e-02
3.682405141920599284e-02
3.682405141920599284e-02
3.682405141920599284e-02
3.682405141920599284e-02
3.682405141920599284e-02
3.682405141920599284e-02
3.682405141920599284e-02
3.682405141920599284e-02
0.000000000000000000e+00
1.931009540076371669e-02
1.931009540076371669e-02
1.931009540076371669e-02
1.931009540076371669e-02
1.931009540076371669e-02
1.931009540076371669e-02
1.748392904887154499e-04
1.748392904887154499e-04
9.745223334278360974e-03
9.745223334278360974e-03
9.745223334278360974e-03
9.745223334278360974e-03
9.745223334278360974e-03
9.745223334278360974e-03
9.745223334278360974e-03
9.745223334278360974e-03
9.745223334278360974e-03
9.745223334278360974e-03
9.745223334278360974e-03
4.641717778367629096e-03
2.407403091081736571e-02
4.066640635893212924e-02
4.066640635893212924e-02
4.066640635893212924e-02
4.066640635893212924e-02
4.066640635893212924e-02
2.407403091081736571e-02
7.529121663990642581e-03
3.025066470414328450e-03
3.025066470414328450e-03
2.787522206579788261e-02
3.693833218533835311e-02
3.693833218533835311e-02
3.693833218533835311e-02
3.693833218533835311e-02
3.693833218533835311e-02
3.693833218533835311e-02
0.000000000000000000e+00
0.000000000000000000e+00
0.000000000000000000e+00
0.000000000000000000e+00
7.186675936344427348e-03
2.676786017513160202e-03
2.676786017513160202e-03
2.676786017513160202e-03
3.481611363761589334e-03
2.737166737890594191e-03
2.737166737890594191e-03
1.381345624928010003e-02
1.963751566019401526e-02
1.963751566019401526e-02
1.963751566019401526e-02
1.963751566019401526e-02
1.963751566019401526e-02
1.963751566019401526e-02
1.017719176627510103e-02
0.000000000000000000e+00
0.000000000000000000e+00
3.481842608625042475e-03
9.268897676611329364e-03
9.268897676611329364e-03
9.268897676611329364e-03
9.268897676611329364e-03
9.268897676611329364e-03
9.268897676611329364e-03
9.268897676611329364e-03
0.000000000000000000e+00
1.017719176627510103e-02
1.017719176627510103e-02
1.017719176627510103e-02
1.017719176627510103e-02
1.017719176627510103e-02
1.017719176627510103e-02
1.017719176627510103e-02
1.017719176627510103e-02
1.017719176627510103e-02
1.017719176627510103e-02
1.017719176627510103e-02
1.017719176627510103e-02
1.017719176627510103e-02
1.017719176627510103e-02
1.017719176627510103e-02
1.017719176627510103e-02
1.017719176627510103e-02
1.017719176627510103e-02
1.017719176627510103e-02
1.017719176627510103e-02
1.017719176627510103e-02
1.017719176627510103e-02
1.017719176627510103e-02
1.017719176627510103e-02
1.017719176627510103e-02
1.017719176627510103e-02
1.017719176627510103e-02
1.017719176627510103e-02
1.017719176627510103e-02
1.792384695582723703e-02
1.792384695582723703e-02
1.792384695582723703e-02
1.792384695582723703e-02
5.485721845977407918e-02
4.320377979135608948e-02
8.530742497944660344e-03
8.530742497944660344e-03
8.530742497944660344e-03
8.530742497944660344e-03
8.530742497944660344e-03
8.530742497944660344e-03
8.530742497944660344e-03
4.320377979135608948e-02
2.534036210500710887e-02
2.534036210500710887e-02
2.534036210500710887e-02
2.534036210500710887e-02
2.534036210500710887e-02
2.534036210500710887e-02
2.534036210500710887e-02
2.534036210500710887e-02
2.534036210500710887e-02
2.534036210500710887e-02
7.510021761103301448e-03
1.291035147993965099e-02
1.291035147993965099e-02
2.548115245968888415e-02
4.328676416666296656e-02
4.328676416666296656e-02
3.296911071588565223e-02
2.188756286265292322e-03
2.188756286265292322e-03
2.248403707292201750e-02
2.248403707292201750e-02
2.248403707292201750e-02
2.248403707292201750e-02
2.248403707292201750e-02
2.248403707292201750e-02
2.248403707292201750e-02
2.248403707292201750e-02
2.248403707292201750e-02
2.248403707292201750e-02
2.248403707292201750e-02
1.363763505523920422e-02
5.913318934261954998e-04
6.852011192462347140e-04
6.852011192462347140e-04
6.852011192462347140e-04
5.913318934261954998e-04
0.000000000000000000e+00
2.076469196978699902e-02
2.546405003224423355e-02
7.534550893254567637e-03
9.263573805384273802e-03
9.263573805384273802e-03
9.263573805384273802e-03
9.263573805384273802e-03
2.121883395932460531e-02
9.263573805384273802e-03
2.741994454314181963e-03
2.741994454314181963e-03
2.741994454314181963e-03
2.741994454314181963e-03
2.741994454314181963e-03
2.741994454314181963e-03
2.741994454314181963e-03
2.741994454314181963e-03
2.741994454314181963e-03
2.741994454314181963e-03
2.741994454314181963e-03
2.741994454314181963e-03
2.741994454314181963e-03
2.685158854688806697e-03
2.929868574873475962e-02
2.929868574873475962e-02
2.929868574873475962e-02
2.929868574873475962e-02
2.929868574873475962e-02
2.929868574873475962e-02
1.596704459763792147e-02
0.000000000000000000e+00
0.000000000000000000e+00
1.333352107165661909e-02
1.576147055718089829e-02
1.576147055718089829e-02
1.576147055718089829e-02
1.576147055718089829e-02
1.576147055718089829e-02
1.576147055718089829e-02
1.576147055718089829e-02
1.576147055718089829e-02
1.576147055718089829e-02
1.576147055718089829e-02
1.576147055718089829e-02
1.576147055718089829e-02
0.000000000000000000e+00
1.770793463797892126e-03
0.000000000000000000e+00
0.000000000000000000e+00
0.000000000000000000e+00
1.812426888905432562e-02
1.770793463797892126e-03
1.770793463797892126e-03
1.770793463797892126e-03
2.723846802225604775e-03
1.065472051220428193e-02
1.065472051220428193e-02
1.065472051220428193e-02
1.065472051220428193e-02
1.065472051220428193e-02
1.065472051220428193e-02
1.065472051220428193e-02
1.065472051220428193e-02
1.065472051220428193e-02
1.065472051220428193e-02
1.065472051220428193e-02
1.065472051220428193e-02
1.065472051220428193e-02
1.065472051220428193e-02
1.065472051220428193e-02
1.065472051220428193e-02
1.065472051220428193e-02
1.065472051220428193e-02
0.000000000000000000e+00
0.000000000000000000e+00
0.000000000000000000e+00
0.000000000000000000e+00
0.000000000000000000e+00
0.000000000000000000e+00
0.000000000000000000e+00
0.000000000000000000e+00
0.000000000000000000e+00
0.000000000000000000e+00
0.000000000000000000e+00
0.000000000000000000e+00
0.000000000000000000e+00
0.000000000000000000e+00
0.000000000000000000e+00
0.000000000000000000e+00
0.000000000000000000e+00
0.000000000000000000e+00
0.000000000000000000e+00
4.214700164954366182e-03
4.214700164954366182e-03
4.214700164954366182e-03
4.214700164954366182e-03
4.214700164954366182e-03
4.214700164954366182e-03
4.214700164954366182e-03
4.214700164954366182e-03
4.214700164954366182e-03
4.214700164954366182e-03
4.214700164954366182e-03
4.214700164954366182e-03
4.214700164954366182e-03
2.532946675383606489e-02
2.532946675383606489e-02
2.532946675383606489e-02
2.532946675383606489e-02
2.532946675383606489e-02
2.532946675383606489e-02
7.510021761103301448e-03
7.510021761103301448e-03
7.510021761103301448e-03
7.510021761103301448e-03
7.510021761103301448e-03
7.510021761103301448e-03
7.510021761103301448e-03
7.510021761103301448e-03
6.721691116313735677e-03
1.026902098758945316e-02
1.026902098758945316e-02
2.519493322764873589e-02
1.766180112099834804e-02
4.291793922737328904e-02
4.193065218386509557e-02
2.341989691343247110e-02
2.341989691343247110e-02
8.764296745092025817e-03
8.811940506700050718e-03
5.510011601656271234e-03
0.000000000000000000e+00
0.000000000000000000e+00
0.000000000000000000e+00
0.000000000000000000e+00
9.773705442608965691e-03
9.773705442608965691e-03
9.773705442608965691e-03
9.773705442608965691e-03
9.773705442608965691e-03
9.773705442608965691e-03
7.529121663990642581e-03
2.458034629154925640e-03
2.458034629154925640e-03
2.458034629154925640e-03
2.458034629154925640e-03
2.458034629154925640e-03
1.616007017658461706e-02
1.616007017658461706e-02
2.492648074884340828e-02
2.492648074884340828e-02
2.492648074884340828e-02
2.492648074884340828e-02
2.492648074884340828e-02
2.492648074884340828e-02
2.492648074884340828e-02
2.492648074884340828e-02
2.492648074884340828e-02
2.492648074884340828e-02
2.492648074884340828e-02
1.147126494715870748e-02
1.147126494715870748e-02
1.147126494715870748e-02
1.147126494715870748e-02
1.147126494715870748e-02
1.147126494715870748e-02
1.147126494715870748e-02
1.147126494715870748e-02
1.604710682421739767e-02
3.424745763533354470e-02
1.150323876260858462e-02
1.150323876260858462e-02
1.150323876260858462e-02
1.150323876260858462e-02
1.150323876260858462e-02
1.150323876260858462e-02
1.150323876260858462e-02
1.150323876260858462e-02
1.150323876260858462e-02
1.150323876260858462e-02
4.075753421845372537e-02
4.951829511564821706e-02
4.951829511564821706e-02
4.951829511564821706e-02
4.951829511564821706e-02
4.951829511564821706e-02
4.951829511564821706e-02
4.951829511564821706e-02
4.951829511564821706e-02
1.864548266757192277e-02
1.864548266757192277e-02
1.864548266757192277e-02
1.864548266757192277e-02
1.864548266757192277e-02
1.864548266757192277e-02
2.083064528925858763e-02
2.083064528925858763e-02
2.083064528925858763e-02
2.083064528925858763e-02
0.000000000000000000e+00
0.000000000000000000e+00
0.000000000000000000e+00
2.791151788620601509e-02
2.791151788620601509e-02
2.791151788620601509e-02
2.791151788620601509e-02
2.791151788620601509e-02
2.791151788620601509e-02
2.791151788620601509e-02
2.791151788620601509e-02
2.791151788620601509e-02
2.791151788620601509e-02
2.791151788620601509e-02
1.898986931344585558e-02
1.815037185122813160e-02
1.815037185122813160e-02
1.815037185122813160e-02
1.815037185122813160e-02
1.815037185122813160e-02
1.522669443508617784e-02
5.136058826321368738e-03
5.136058826321368738e-03
5.136058826321368738e-03
5.136058826321368738e-03
5.136058826321368738e-03
5.136058826321368738e-03
1.822099068072731767e-02
4.234801014925551610e-02
1.822099068072731767e-02
1.822099068072731767e-02
1.822099068072731767e-02
1.822099068072731767e-02
1.822099068072731767e-02
4.234801014925551610e-02
4.234801014925551610e-02
4.234801014925551610e-02
1.680274551467910230e-02
1.352795212885510474e-02
1.352795212885510474e-02
1.944215708101892925e-02
1.944215708101892925e-02
1.944215708101892925e-02
1.944215708101892925e-02
1.944215708101892925e-02
1.944215708101892925e-02
1.944215708101892925e-02
1.944215708101892925e-02
1.167681675646635052e-03
9.077465830417930440e-03
9.077465830417930440e-03
1.160154735681855412e-02
9.077465830417930440e-03
2.071584858801203341e-02
1.576642917706758962e-01
1.576642917706758962e-01
1.576642917706758962e-01
1.576642917706758962e-01
1.332984809577936712e-02
1.576642917706758962e-01
2.071584858801203341e-02
1.576642917706758962e-01
1.576642917706758962e-01
1.576642917706758962e-01
4.326587707223106694e-04
9.146747002792332548e-03
9.146747002792332548e-03
9.146747002792332548e-03
9.146747002792332548e-03
9.146747002792332548e-03
9.146747002792332548e-03
9.146747002792332548e-03
9.146747002792332548e-03
9.146747002792332548e-03
9.146747002792332548e-03
8.116712375911572588e-03
8.116712375911572588e-03
0.000000000000000000e+00
0.000000000000000000e+00
0.000000000000000000e+00
9.279465658044485634e-04
8.992064422463537376e-03
8.992064422463537376e-03
8.992064422463537376e-03
8.992064422463537376e-03
6.262883133084316475e-03
1.071165164055656524e-02
1.071165164055656524e-02
1.071165164055656524e-02
1.071165164055656524e-02
1.071165164055656524e-02
1.071165164055656524e-02
1.071165164055656524e-02
1.071165164055656524e-02
1.071165164055656524e-02
1.071165164055656524e-02
1.192381115417446170e-03
3.481611363761589334e-03
1.363048675874577870e-02
6.089239829453720748e-03
6.089239829453720748e-03
6.089239829453720748e-03
6.089239829453720748e-03
6.089239829453720748e-03
6.089239829453720748e-03
0.000000000000000000e+00
1.486360493245783738e-02
1.486360493245783738e-02
1.486360493245783738e-02
1.486360493245783738e-02
1.486360493245783738e-02
1.486360493245783738e-02
1.486360493245783738e-02
1.486360493245783738e-02
1.782570468173666142e-02
1.782570468173666142e-02
1.782570468173666142e-02
1.782570468173666142e-02
1.782570468173666142e-02
1.782570468173666142e-02
1.782570468173666142e-02
1.782570468173666142e-02
1.782570468173666142e-02
1.782570468173666142e-02
1.782570468173666142e-02
1.782570468173666142e-02
1.782570468173666142e-02
1.782570468173666142e-02
1.782570468173666142e-02
1.782570468173666142e-02
2.604020402486691404e-03
2.604020402486691404e-03
2.604020402486691404e-03
2.604020402486691404e-03
2.604020402486691404e-03
2.604020402486691404e-03
2.604020402486691404e-03
2.604020402486691404e-03
2.604020402486691404e-03
2.604020402486691404e-03
2.604020402486691404e-03
4.641717778367629096e-03
4.641717778367629096e-03
4.641717778367629096e-03
4.641717778367629096e-03
1.560551875796051431e-02
1.537426200183228224e-02
1.537426200183228224e-02
1.650536542203231635e-02
5.845704105173986885e-03
1.775994818427606772e-02
0.000000000000000000e+00
0.000000000000000000e+00
0.000000000000000000e+00
0.000000000000000000e+00
2.791422547487691641e-02
4.249536574236617570e-02
4.249536574236617570e-02
4.249536574236617570e-02
4.249536574236617570e-02
4.249536574236617570e-02
4.249536574236617570e-02
4.249536574236617570e-02
4.249536574236617570e-02
4.249536574236617570e-02
4.249536574236617570e-02
3.296911071588565223e-02
3.296911071588565223e-02
3.296911071588565223e-02
3.296911071588565223e-02
3.296911071588565223e-02
3.296911071588565223e-02
3.296911071588565223e-02
3.296911071588565223e-02
3.296911071588565223e-02
3.296911071588565223e-02
7.512446724787028886e-03
7.512446724787028886e-03
7.512446724787028886e-03
7.512446724787028886e-03
7.512446724787028886e-03
7.512446724787028886e-03
7.864300507817301514e-03
3.195072973515773740e-02
3.195072973515773740e-02
3.195072973515773740e-02
3.195072973515773740e-02
3.195072973515773740e-02
3.195072973515773740e-02
3.195072973515773740e-02
3.195072973515773740e-02
3.195072973515773740e-02
3.195072973515773740e-02
3.195072973515773740e-02
3.195072973515773740e-02
3.372681189429124933e-03
7.037459330915024798e-03
7.037459330915024798e-03
7.037459330915024798e-03
7.037459330915024798e-03
7.037459330915024798e-03
7.037459330915024798e-03
7.037459330915024798e-03
7.037459330915024798e-03
7.037459330915024798e-03
7.037459330915024798e-03
7.037459330915024798e-03
7.037459330915024798e-03
3.217399018032456037e-02
1.786494601016763023e-02
1.786494601016763023e-02
1.786494601016763023e-02
1.786494601016763023e-02
1.786494601016763023e-02
1.786494601016763023e-02
1.786494601016763023e-02
1.786494601016763023e-02
1.786494601016763023e-02
1.786494601016763023e-02
0.000000000000000000e+00
0.000000000000000000e+00
0.000000000000000000e+00
0.000000000000000000e+00
2.954366607728048377e-02
2.248383137299700754e-02
2.248383137299700754e-02
2.248383137299700754e-02
2.248383137299700754e-02
0.000000000000000000e+00
0.000000000000000000e+00
0.000000000000000000e+00
0.000000000000000000e+00
0.000000000000000000e+00
0.000000000000000000e+00
0.000000000000000000e+00
2.394501755297015824e-02
3.465787081512266242e-03
3.465787081512266242e-03
3.465787081512266242e-03
3.465787081512266242e-03
0.000000000000000000e+00
0.000000000000000000e+00
0.000000000000000000e+00
0.000000000000000000e+00
0.000000000000000000e+00
0.000000000000000000e+00
0.000000000000000000e+00
0.000000000000000000e+00
1.522669443508617784e-02
1.522669443508617784e-02
1.522669443508617784e-02
0.000000000000000000e+00
0.000000000000000000e+00
0.000000000000000000e+00
0.000000000000000000e+00
0.000000000000000000e+00
0.000000000000000000e+00
0.000000000000000000e+00
0.000000000000000000e+00
0.000000000000000000e+00
1.392537113923543284e-02
2.452145735561019405e-02
2.452145735561019405e-02
2.452145735561019405e-02
2.452145735561019405e-02
2.452145735561019405e-02
2.452145735561019405e-02
2.452145735561019405e-02
2.452145735561019405e-02
2.452145735561019405e-02
2.452145735561019405e-02
2.452145735561019405e-02
2.452145735561019405e-02
2.891623123078288990e-02
2.891623123078288990e-02
2.891623123078288990e-02
2.891623123078288990e-02
2.891623123078288990e-02
2.891623123078288990e-02
2.891623123078288990e-02
2.891623123078288990e-02
2.891623123078288990e-02
2.891623123078288990e-02
2.891623123078288990e-02
7.635092518256888366e-03
7.635092518256888366e-03
1.317964340443642836e-02
1.317964340443642836e-02
2.953175943429023863e-03
1.222774368469943529e-02
3.343019398310052154e-02
1.538714168425126851e-02
8.802164345206090618e-03
8.802164345206090618e-03
8.802164345206090618e-03
8.802164345206090618e-03
3.749541719574030207e-02
2.751063752453822980e-02
4.768857756580789707e-04
4.768857756580789707e-04
4.768857756580789707e-04
4.768857756580789707e-04
4.768857756580789707e-04
4.768857756580789707e-04
4.768857756580789707e-04
4.768857756580789707e-04
4.768857756580789707e-04
4.768857756580789707e-04
0.000000000000000000e+00
0.000000000000000000e+00
0.000000000000000000e+00
0.000000000000000000e+00
0.000000000000000000e+00
0.000000000000000000e+00
1.755990744069000882e-03
1.755990744069000882e-03
0.000000000000000000e+00
0.000000000000000000e+00
0.000000000000000000e+00
0.000000000000000000e+00
0.000000000000000000e+00
0.000000000000000000e+00
0.000000000000000000e+00
0.000000000000000000e+00
0.000000000000000000e+00
0.000000000000000000e+00
7.409595384359106765e-03
0.000000000000000000e+00
0.000000000000000000e+00
8.577756212401954627e-02
8.577756212401954627e-02
8.577756212401954627e-02
8.577756212401954627e-02
8.577756212401954627e-02
8.577756212401954627e-02
8.577756212401954627e-02
0.000000000000000000e+00
1.911484469620083546e-02
1.911484469620083546e-02
1.911484469620083546e-02
1.911484469620083546e-02
1.911484469620083546e-02
1.911484469620083546e-02
1.911484469620083546e-02
1.911484469620083546e-02
1.911484469620083546e-02
1.911484469620083546e-02
1.699930143280618811e-02
9.120964603055810305e-02
9.120964603055810305e-02
9.120964603055810305e-02
9.120964603055810305e-02
9.120964603055810305e-02
9.120964603055810305e-02
2.130739393321239017e-02
4.892012936698202780e-03
4.892012936698202780e-03
4.892012936698202780e-03
4.892012936698202780e-03
4.892012936698202780e-03
4.892012936698202780e-03
4.892012936698202780e-03
4.892012936698202780e-03
4.892012936698202780e-03
4.892012936698202780e-03
4.892012936698202780e-03
4.892012936698202780e-03
4.892012936698202780e-03
4.892012936698202780e-03
1.691039322842254056e-02
1.691039322842254056e-02
3.341907988176329961e-05
3.341907988176329961e-05
8.705566673073752634e-03
5.510011601656271234e-03
5.510011601656271234e-03
5.510011601656271234e-03
2.623107981543915113e-03
2.623107981543915113e-03
2.623107981543915113e-03
2.623107981543915113e-03
2.623107981543915113e-03
2.623107981543915113e-03
2.623107981543915113e-03
2.623107981543915113e-03
2.623107981543915113e-03
2.623107981543915113e-03
2.623107981543915113e-03
2.623107981543915113e-03
2.623107981543915113e-03
5.557635238030302939e-03
1.002129253000384225e-02
1.002129253000384225e-02
1.002129253000384225e-02
1.002129253000384225e-02
1.002129253000384225e-02
1.002129253000384225e-02
1.002129253000384225e-02
1.002129253000384225e-02
9.743996578647098547e-03
1.746042710932263139e-02
1.746042710932263139e-02
0.000000000000000000e+00
0.000000000000000000e+00
0.000000000000000000e+00
2.016723671152053504e-02
2.532129692270627952e-02
2.532129692270627952e-02
2.532129692270627952e-02
0.000000000000000000e+00
4.174682618641183292e-04
4.174682618641183292e-04
4.174682618641183292e-04
4.174682618641183292e-04
8.552237987092543847e-03
8.552237987092543847e-03
8.552237987092543847e-03
8.552237987092543847e-03
8.552237987092543847e-03
8.552237987092543847e-03
8.552237987092543847e-03
8.552237987092543847e-03
8.552237987092543847e-03
8.552237987092543847e-03
8.552237987092543847e-03
3.962882974449964332e-03
1.489202886274719299e-02
1.489202886274719299e-02
1.489202886274719299e-02
2.329044125708945936e-02
4.304737979358747198e-03
4.304737979358747198e-03
4.304737979358747198e-03
4.304737979358747198e-03
4.304737979358747198e-03
4.304737979358747198e-03
1.357723842078642322e-02
1.936164383135471206e-02
1.936164383135471206e-02
1.936164383135471206e-02
1.936164383135471206e-02
1.936164383135471206e-02
1.936164383135471206e-02
1.098298423334672855e-02
1.098298423334672855e-02
1.098298423334672855e-02
1.098298423334672855e-02
1.098298423334672855e-02
1.098298423334672855e-02
1.098298423334672855e-02
1.098298423334672855e-02
1.098298423334672855e-02
1.098298423334672855e-02
1.098298423334672855e-02
1.098298423334672855e-02
1.098298423334672855e-02
1.098298423334672855e-02
1.098298423334672855e-02
2.791422547487691641e-02
2.791422547487691641e-02
2.791422547487691641e-02
2.791422547487691641e-02
3.477103023280750643e-03
1.469900491916361056e-03
1.469900491916361056e-03
1.469900491916361056e-03
1.469900491916361056e-03
1.469900491916361056e-03
1.469900491916361056e-03
1.278936546511041245e-02
2.412987443791727443e-02
2.412987443791727443e-02
2.412987443791727443e-02
2.412987443791727443e-02
2.412987443791727443e-02
2.412987443791727443e-02
2.895643432924572755e-02
4.714403635610721344e-02
4.714403635610721344e-02
4.714403635610721344e-02
4.714403635610721344e-02
6.796551396603513553e-03
1.716763028601327526e-02
1.716763028601327526e-02
1.716763028601327526e-02
1.716763028601327526e-02
1.716763028601327526e-02
1.716763028601327526e-02
1.716763028601327526e-02
1.716763028601327526e-02
1.716763028601327526e-02
1.716763028601327526e-02
2.601329066958857697e-02
1.716763028601327526e-02
0.000000000000000000e+00
0.000000000000000000e+00
0.000000000000000000e+00
0.000000000000000000e+00
0.000000000000000000e+00
0.000000000000000000e+00
9.936156922984660730e-03
2.081243188130321026e-02
2.081243188130321026e-02
2.081243188130321026e-02
1.230638001812327242e-02
1.230638001812327242e-02
1.230638001812327242e-02
1.230638001812327242e-02
8.322209572383597667e-03
1.482731407808488000e-02
2.038109822095868565e-03
2.038109822095868565e-03
2.038109822095868565e-03
2.038109822095868565e-03
2.038109822095868565e-03
2.038109822095868565e-03
2.038109822095868565e-03
2.038109822095868565e-03
3.383106902316017350e-02
3.383106902316017350e-02
3.383106902316017350e-02
3.383106902316017350e-02
3.383106902316017350e-02
3.383106902316017350e-02
1.915035251020602916e-02
3.548297410237739868e-02
3.548297410237739868e-02
3.548297410237739868e-02
3.548297410237739868e-02
1.192381115417446170e-03
2.486360645245094727e-03
2.486360645245094727e-03
1.490209245119179272e-02
1.490209245119179272e-02
2.910167883195238780e-02
1.402328438769592442e-02
1.402328438769592442e-02
1.402328438769592442e-02
1.402328438769592442e-02
1.470674653190178968e-03
3.132720221578387879e-03
3.132720221578387879e-03
3.132720221578387879e-03
1.650536542203231635e-02
2.939848540142075278e-02
2.939848540142075278e-02
2.939848540142075278e-02
2.939848540142075278e-02
1.838631249614073801e-02
1.917802486258353596e-03
1.917802486258353596e-03
1.917802486258353596e-03
1.917802486258353596e-03
2.148940677514751471e-02
2.148940677514751471e-02
2.650342050618074638e-02
4.150470099994207906e-02
0.000000000000000000e+00
0.000000000000000000e+00
9.683481575708849376e-03
9.683481575708849376e-03
9.683481575708849376e-03
9.683481575708849376e-03
9.683481575708849376e-03
9.683481575708849376e-03
9.683481575708849376e-03
9.683481575708849376e-03
9.683481575708849376e-03
9.683481575708849376e-03
9.683481575708849376e-03
9.683481575708849376e-03
9.683481575708849376e-03
9.683481575708849376e-03
9.683481575708849376e-03
9.683481575708849376e-03
9.683481575708849376e-03
9.683481575708849376e-03
4.032947508376130002e-02
3.467759416592839511e-02
3.467759416592839511e-02
3.467759416592839511e-02
3.467759416592839511e-02
8.111506203519542463e-03
5.455738916694411259e-04
5.455738916694411259e-04
0.000000000000000000e+00
0.000000000000000000e+00
0.000000000000000000e+00
0.000000000000000000e+00
0.000000000000000000e+00
0.000000000000000000e+00
0.000000000000000000e+00
2.329044125708945936e-02
9.852605538020373435e-03
9.852605538020373435e-03
9.852605538020373435e-03
9.852605538020373435e-03
1.388025813761663068e-03
9.820032253280182657e-03
9.820032253280182657e-03
9.820032253280182657e-03
9.820032253280182657e-03
9.820032253280182657e-03
0.000000000000000000e+00
0.000000000000000000e+00
0.000000000000000000e+00
0.000000000000000000e+00
0.000000000000000000e+00
0.000000000000000000e+00
0.000000000000000000e+00
0.000000000000000000e+00
0.000000000000000000e+00
0.000000000000000000e+00
0.000000000000000000e+00
9.743996578647098547e-03
3.086872968507532906e-03
3.086872968507532906e-03
3.086872968507532906e-03
3.086872968507532906e-03
3.086872968507532906e-03
3.086872968507532906e-03
1.357723842078642322e-02
1.357723842078642322e-02
1.357723842078642322e-02
1.357723842078642322e-02
1.357723842078642322e-02
1.357723842078642322e-02
1.357723842078642322e-02
1.357723842078642322e-02
1.357723842078642322e-02
1.357723842078642322e-02
2.855012049167913665e-02
1.776938675507568066e-02
1.776938675507568066e-02
1.776938675507568066e-02
1.776938675507568066e-02
1.776938675507568066e-02
1.776938675507568066e-02
1.776938675507568066e-02
1.186986629265219216e-02
2.559790324491991245e-02
2.559790324491991245e-02
2.559790324491991245e-02
2.559790324491991245e-02
2.559790324491991245e-02
2.559790324491991245e-02
3.401011384303612856e-02
0.000000000000000000e+00
0.000000000000000000e+00
1.388025813761663068e-03
1.388025813761663068e-03
1.388025813761663068e-03
1.388025813761663068e-03
3.708136721476380272e-03
3.708136721476380272e-03
0.000000000000000000e+00
1.231671503040622333e-02
1.231591566336437751e-02
1.727308332847404468e-02
1.727308332847404468e-02
1.727308332847404468e-02
8.968048988682140663e-03
8.968048988682140663e-03
8.968048988682140663e-03
8.968048988682140663e-03
8.968048988682140663e-03
8.968048988682140663e-03
8.968048988682140663e-03
8.968048988682140663e-03
8.968048988682140663e-03
8.968048988682140663e-03
8.968048988682140663e-03
8.968048988682140663e-03
0.000000000000000000e+00
0.000000000000000000e+00
0.000000000000000000e+00
0.000000000000000000e+00
0.000000000000000000e+00
0.000000000000000000e+00
2.688191477724919537e-02
7.459306954988424027e-03
7.459306954988424027e-03
7.459306954988424027e-03
7.459306954988424027e-03
7.459306954988424027e-03
7.459306954988424027e-03
7.459306954988424027e-03
7.459306954988424027e-03
1.631743347624456733e-02
1.631743347624456733e-02
1.033487881344840459e-02
0.000000000000000000e+00
0.000000000000000000e+00
1.734780930158003401e-02
1.734780930158003401e-02
1.734780930158003401e-02
1.734780930158003401e-02
0.000000000000000000e+00
0.000000000000000000e+00
0.000000000000000000e+00
1.188859814674002313e-02
1.188859814674002313e-02
1.188859814674002313e-02
1.188859814674002313e-02
1.742206114793518404e-02
1.742206114793518404e-02
4.075314430255510406e-02
4.075314430255510406e-02
5.485721845977407918e-02
5.485721845977407918e-02
5.485721845977407918e-02
5.485721845977407918e-02
1.363048675874577870e-02
1.363048675874577870e-02
1.363048675874577870e-02
1.363048675874577870e-02
1.363048675874577870e-02
1.363048675874577870e-02
1.192381115417446170e-03
1.192381115417446170e-03
1.192381115417446170e-03
1.656010437944809011e-02
9.365278757798753753e-03
9.365278757798753753e-03
9.365278757798753753e-03
9.365278757798753753e-03
9.365278757798753753e-03
9.365278757798753753e-03
9.365278757798753753e-03
9.365278757798753753e-03
0.000000000000000000e+00
5.765422598908570388e-03
1.058799971393823217e-02
1.058799971393823217e-02
1.070532267070110205e-02
1.070532267070110205e-02
1.070532267070110205e-02
1.070532267070110205e-02
1.070532267070110205e-02
1.070532267070110205e-02
1.070532267070110205e-02
1.070532267070110205e-02
1.070532267070110205e-02
1.070532267070110205e-02
1.070532267070110205e-02
1.070532267070110205e-02
5.108411412668993797e-03
5.108411412668993797e-03
1.128265042134892274e-02
4.052950433400536422e-03
7.507810875627490832e-03
6.438965362657731589e-03
4.577363634774610571e-03
1.976752016347400887e-03
1.976752016347400887e-03
1.976752016347400887e-03
1.976752016347400887e-03
1.976752016347400887e-03
1.976752016347400887e-03
0.000000000000000000e+00
0.000000000000000000e+00
0.000000000000000000e+00
1.249857825290902336e-02
4.341756211258808451e-02
4.341756211258808451e-02
4.341756211258808451e-02
4.341756211258808451e-02
7.388981729241742057e-04
2.689525196037319960e-02
2.689525196037319960e-02
2.689525196037319960e-02
2.689525196037319960e-02
2.689525196037319960e-02
2.689525196037319960e-02
2.689525196037319960e-02
2.689525196037319960e-02
2.689525196037319960e-02
2.689525196037319960e-02
2.689525196037319960e-02
2.689525196037319960e-02
2.689525196037319960e-02
3.441041065643807295e-02
3.441041065643807295e-02
2.460141638729605729e-02
2.460141638729605729e-02
2.685158854688806697e-03
3.146106227130918143e-02
3.146106227130918143e-02
3.146106227130918143e-02
3.146106227130918143e-02
0.000000000000000000e+00
0.000000000000000000e+00
0.000000000000000000e+00
0.000000000000000000e+00
0.000000000000000000e+00
5.683914909768601580e-03
1.288315391095264974e-02
1.288315391095264974e-02
4.792177928798092693e-04
1.425706310725707165e-02
1.425706310725707165e-02
1.425706310725707165e-02
1.425706310725707165e-02
0.000000000000000000e+00
2.905427724294072991e-02
2.905427724294072991e-02
2.905427724294072991e-02
2.905427724294072991e-02
2.905427724294072991e-02
1.880479970843169923e-02
2.905427724294072991e-02
2.905427724294072991e-02
2.905427724294072991e-02
2.519493322764873589e-02
1.090393101065469279e-02
1.281220005583485859e-02
1.281220005583485859e-02
7.558194688417788770e-03
7.558194688417788770e-03
7.558194688417788770e-03
1.971442722103881537e-02
1.971442722103881537e-02
1.971442722103881537e-02
1.971442722103881537e-02
1.971442722103881537e-02
1.971442722103881537e-02
1.971442722103881537e-02
1.971442722103881537e-02
1.971442722103881537e-02
1.971442722103881537e-02
1.971442722103881537e-02
3.766617127780609586e-02
1.519933960734962293e-02
1.519933960734962293e-02
1.519933960734962293e-02
1.519933960734962293e-02
1.519933960734962293e-02
1.519933960734962293e-02
7.081693533602718450e-03
6.262883133084316475e-03
6.262883133084316475e-03
6.262883133084316475e-03
6.262883133084316475e-03
6.262883133084316475e-03
6.262883133084316475e-03
6.262883133084316475e-03
6.262883133084316475e-03
6.262883133084316475e-03
6.262883133084316475e-03
6.262883133084316475e-03
6.262883133084316475e-03
6.262883133084316475e-03
0.000000000000000000e+00
0.000000000000000000e+00
0.000000000000000000e+00
0.000000000000000000e+00
5.176641204525638668e-04
5.176641204525638668e-04
5.176641204525638668e-04
5.176641204525638668e-04
5.176641204525638668e-04
5.176641204525638668e-04
5.176641204525638668e-04
5.176641204525638668e-04
5.176641204525638668e-04
2.953175943429023863e-03
2.953175943429023863e-03
2.869422140950352723e-02
2.785819386240559123e-02
2.785819386240559123e-02
2.785819386240559123e-02
2.785819386240559123e-02
6.385058797101389981e-03
3.048810100293561712e-02
3.048810100293561712e-02
3.048810100293561712e-02
3.048810100293561712e-02
2.623284121302250829e-03
1.095460885209489921e-02
1.142329795016222387e-02
1.421573112170343434e-02
1.779612183439661932e-02
1.779612183439661932e-02
2.970298639531380319e-02
7.537572102468370790e-03
7.537572102468370790e-03
2.394501755297015824e-02
2.394501755297015824e-02
2.394501755297015824e-02
2.394501755297015824e-02
2.394501755297015824e-02
2.394501755297015824e-02
1.413355296770333822e-02
1.413355296770333822e-02
1.413355296770333822e-02
1.413355296770333822e-02
1.413355296770333822e-02
1.413355296770333822e-02
2.787522206579788261e-02
2.787522206579788261e-02
2.787522206579788261e-02
2.787522206579788261e-02
2.016723671152053504e-02
2.016723671152053504e-02
2.016723671152053504e-02
2.016723671152053504e-02
1.259241487165285028e-02
2.016723671152053504e-02
2.016723671152053504e-02
8.179260507253859405e-03
8.179260507253859405e-03
8.179260507253859405e-03
8.179260507253859405e-03
8.179260507253859405e-03
8.179260507253859405e-03
8.179260507253859405e-03
8.179260507253859405e-03
0.000000000000000000e+00
0.000000000000000000e+00
0.000000000000000000e+00
0.000000000000000000e+00
0.000000000000000000e+00
0.000000000000000000e+00
0.000000000000000000e+00
1.519470716902947445e-02
1.519470716902947445e-02
1.519470716902947445e-02
1.519470716902947445e-02
1.519470716902947445e-02
1.519470716902947445e-02
1.519470716902947445e-02
1.519470716902947445e-02
1.519470716902947445e-02
1.519470716902947445e-02
1.519470716902947445e-02
1.519470716902947445e-02
1.519470716902947445e-02
1.519470716902947445e-02
7.118655158413404564e-03
1.956868707044304850e-02
1.956868707044304850e-02
1.243760528621485652e-02
1.243760528621485652e-02
1.128265042134892274e-02
1.128265042134892274e-02
1.128265042134892274e-02
1.128265042134892274e-02
1.630092378250328627e-02
1.470674653190178968e-03
1.650536542203231635e-02
1.550524698009151173e-02
1.550524698009151173e-02
1.550524698009151173e-02
1.550524698009151173e-02
1.550524698009151173e-02
1.550524698009151173e-02
1.550524698009151173e-02
1.550524698009151173e-02
1.550524698009151173e-02
1.550524698009151173e-02
1.550524698009151173e-02
2.537983106164591954e-02
2.537983106164591954e-02
2.537983106164591954e-02
2.537983106164591954e-02
2.537983106164591954e-02
2.537983106164591954e-02
2.537983106164591954e-02
2.537983106164591954e-02
2.537983106164591954e-02
2.537983106164591954e-02
2.537983106164591954e-02
2.537983106164591954e-02
1.087457619262015111e-02
1.010793530473786013e-02
1.010793530473786013e-02
1.010793530473786013e-02
1.010793530473786013e-02
1.010793530473786013e-02
1.010793530473786013e-02
1.010793530473786013e-02
1.010793530473786013e-02
0.000000000000000000e+00
0.000000000000000000e+00
0.000000000000000000e+00
2.084410348581053340e-02
1.008243863389438229e-02
1.008243863389438229e-02
1.008243863389438229e-02
1.008243863389438229e-02
0.000000000000000000e+00
0.000000000000000000e+00
0.000000000000000000e+00
0.000000000000000000e+00
0.000000000000000000e+00
0.000000000000000000e+00
0.000000000000000000e+00
0.000000000000000000e+00
9.584317418961839363e-03
0.000000000000000000e+00
0.000000000000000000e+00
1.722302851380947547e-02
1.722302851380947547e-02
1.722302851380947547e-02
1.722302851380947547e-02
1.722302851380947547e-02
1.722302851380947547e-02
1.722302851380947547e-02
1.722302851380947547e-02
0.000000000000000000e+00
0.000000000000000000e+00
0.000000000000000000e+00
0.000000000000000000e+00
8.728861485994618766e-03
8.728861485994618766e-03
8.728861485994618766e-03
8.728861485994618766e-03
8.728861485994618766e-03
8.728861485994618766e-03
8.728861485994618766e-03
8.728861485994618766e-03
8.728861485994618766e-03
8.728861485994618766e-03
8.728861485994618766e-03
8.728861485994618766e-03
8.728861485994618766e-03
6.160020031106696638e-03
6.160020031106696638e-03
1.320359076919247303e-02
1.320359076919247303e-02
1.320359076919247303e-02
1.320359076919247303e-02
1.320359076919247303e-02
1.320359076919247303e-02
1.101385851315292083e-02
1.101385851315292083e-02
1.344962798550792260e-01
7.507810875627490832e-03
7.507810875627490832e-03
7.507810875627490832e-03
7.507810875627490832e-03
8.520145762984746365e-03
8.520145762984746365e-03
8.520145762984746365e-03
8.520145762984746365e-03
0.000000000000000000e+00
0.000000000000000000e+00
0.000000000000000000e+00
0.000000000000000000e+00
0.000000000000000000e+00
0.000000000000000000e+00
0.000000000000000000e+00
1.656010437944809011e-02
1.656010437944809011e-02
1.446918267010773723e-02
1.446918267010773723e-02
1.446918267010773723e-02
2.190185963191831550e-02
1.446918267010773723e-02
9.743996578647098547e-03
2.782336417437123767e-03
2.782336417437123767e-03
2.782336417437123767e-03
2.782336417437123767e-03
2.782336417437123767e-03
1.755207821311072919e-02
5.261766217104170765e-03
7.443718954363386271e-03
1.156296432804732217e-02
1.156296432804732217e-02
1.156296432804732217e-02
1.156296432804732217e-02
1.156296432804732217e-02
1.156296432804732217e-02
1.156296432804732217e-02
1.156296432804732217e-02
1.156296432804732217e-02
1.156296432804732217e-02
1.156296432804732217e-02
1.156296432804732217e-02
1.156296432804732217e-02
1.156296432804732217e-02
1.156296432804732217e-02
1.156296432804732217e-02
5.911329858920567372e-03
3.796859113273991226e-02
3.796859113273991226e-02
1.095460885209489921e-02
1.129088240448809614e-02
1.129088240448809614e-02
1.129088240448809614e-02
1.129088240448809614e-02
1.141079782142406449e-02
1.777560221299812320e-03
1.777560221299812320e-03
1.777560221299812320e-03
1.777560221299812320e-03
1.777560221299812320e-03
1.777560221299812320e-03
1.777560221299812320e-03
1.777560221299812320e-03
1.777560221299812320e-03
1.777560221299812320e-03
2.876962335986249942e-03
2.987903254651449320e-02
2.987903254651449320e-02
2.987903254651449320e-02
2.987903254651449320e-02
1.039858013419081399e-02
7.646772184931563583e-03
7.646772184931563583e-03
7.646772184931563583e-03
7.646772184931563583e-03
5.078894470301003466e-02
4.320369429084583435e-02
4.320369429084583435e-02
3.598340662633253695e-02
4.320369429084583435e-02
4.087542943190385601e-03
4.087542943190385601e-03
4.087542943190385601e-03
4.087542943190385601e-03
3.847826689235026021e-02
0.000000000000000000e+00
0.000000000000000000e+00
0.000000000000000000e+00
1.087917779474676522e-02
1.087917779474676522e-02
3.497217571848777046e-03
3.497217571848777046e-03
3.497217571848777046e-03
3.497217571848777046e-03
3.497217571848777046e-03
3.497217571848777046e-03
2.590164255381424002e-02
2.590164255381424002e-02
0.000000000000000000e+00
8.340247024156640515e-03
8.340247024156640515e-03
8.340247024156640515e-03
8.340247024156640515e-03
8.340247024156640515e-03
8.340247024156640515e-03
8.340247024156640515e-03
8.340247024156640515e-03
8.340247024156640515e-03
8.340247024156640515e-03
5.030815800793082999e-03
2.835308260480672027e-02
2.835308260480672027e-02
2.835308260480672027e-02
2.835308260480672027e-02
1.848277508613514752e-02
1.848277508613514752e-02
0.000000000000000000e+00
0.000000000000000000e+00
5.446930266388228317e-03
5.446930266388228317e-03
5.446930266388228317e-03
5.446930266388228317e-03
5.446930266388228317e-03
5.446930266388228317e-03
5.446930266388228317e-03
5.446930266388228317e-03
5.446930266388228317e-03
5.446930266388228317e-03
5.446930266388228317e-03
1.278638988857552783e-02
1.278638988857552783e-02
2.869422140950352723e-02
2.869422140950352723e-02
2.869422140950352723e-02
2.869422140950352723e-02
2.869422140950352723e-02
2.869422140950352723e-02
2.665639478975315516e-02
2.665639478975315516e-02
1.915035251020602916e-02
1.915035251020602916e-02
1.915035251020602916e-02
1.915035251020602916e-02
1.915035251020602916e-02
1.915035251020602916e-02
1.095460885209489921e-02
0.000000000000000000e+00
0.000000000000000000e+00
0.000000000000000000e+00
8.416902767391713086e-03
8.416902767391713086e-03
8.908861621025977728e-03
8.908861621025977728e-03
8.908861621025977728e-03
5.845322298671978660e-03
8.908861621025977728e-03
8.908861621025977728e-03
8.908861621025977728e-03
4.816003154037538057e-03
4.816003154037538057e-03
2.989331963335938817e-03
1.268836094325528690e-03
1.268836094325528690e-03
1.268836094325528690e-03
1.268836094325528690e-03
1.268836094325528690e-03
1.268836094325528690e-03
1.268836094325528690e-03
1.268836094325528690e-03
1.268836094325528690e-03
1.268836094325528690e-03
9.279465658044485634e-04
3.144299335925623134e-02
3.144299335925623134e-02
1.715228394907453375e-03
3.232714534195217388e-03
3.232714534195217388e-03
3.232714534195217388e-03
3.232714534195217388e-03
3.232714534195217388e-03
3.232714534195217388e-03
3.232714534195217388e-03
3.232714534195217388e-03
1.680274551467910230e-02
1.333352107165661909e-02
7.863485550056040566e-03
1.135576244905170916e-02
1.176986802445196753e-02
1.176986802445196753e-02
1.176986802445196753e-02
9.756105361783064256e-02
9.756105361783064256e-02
9.756105361783064256e-02
9.756105361783064256e-02
9.756105361783064256e-02
9.756105361783064256e-02
9.756105361783064256e-02
9.756105361783064256e-02
1.347897102582131489e-02
1.167681675646635052e-03
2.073988399820001979e-02
2.146599615011628853e-02
2.146599615011628853e-02
2.146599615011628853e-02
2.146599615011628853e-02
4.193065218386509557e-02
4.193065218386509557e-02
4.193065218386509557e-02
4.193065218386509557e-02
4.193065218386509557e-02
4.193065218386509557e-02
4.193065218386509557e-02
4.193065218386509557e-02
4.193065218386509557e-02
4.193065218386509557e-02
4.193065218386509557e-02
4.193065218386509557e-02
3.217399018032456037e-02
3.217399018032456037e-02
3.217399018032456037e-02
5.717845879854924207e-03
0.000000000000000000e+00
5.553463745625818702e-03
1.586761743227201038e-02
1.586761743227201038e-02
1.586761743227201038e-02
1.586761743227201038e-02
1.586761743227201038e-02
1.586761743227201038e-02
0.000000000000000000e+00
0.000000000000000000e+00
0.000000000000000000e+00
0.000000000000000000e+00
0.000000000000000000e+00
0.000000000000000000e+00
0.000000000000000000e+00
2.109455819213106043e-02
4.729644963954661441e-02
4.729644963954661441e-02
4.729644963954661441e-02
1.938063381708996077e-03
1.315030757489402818e-02
1.315030757489402818e-02
1.315030757489402818e-02
1.315030757489402818e-02
1.315030757489402818e-02
1.315030757489402818e-02
1.315030757489402818e-02
1.315030757489402818e-02
1.838631249614073801e-02
1.838631249614073801e-02
1.838631249614073801e-02
1.838631249614073801e-02
1.838631249614073801e-02
1.838631249614073801e-02
4.885843729826785768e-03
1.753273606941426616e-02
1.753273606941426616e-02
1.753273606941426616e-02
1.753273606941426616e-02
1.753273606941426616e-02
1.753273606941426616e-02
1.753273606941426616e-02
1.753273606941426616e-02
1.753273606941426616e-02
1.753273606941426616e-02
1.753273606941426616e-02
1.753273606941426616e-02
1.753273606941426616e-02
1.753273606941426616e-02
5.557635238030302939e-03
5.557635238030302939e-03
5.557635238030302939e-03
5.557635238030302939e-03
1.577723952980739780e-02
1.577723952980739780e-02
1.577723952980739780e-02
1.577723952980739780e-02
2.443460460152995298e-02
0.000000000000000000e+00
0.000000000000000000e+00
0.000000000000000000e+00
0.000000000000000000e+00
0.000000000000000000e+00
0.000000000000000000e+00
1.087457619262015111e-02
1.087457619262015111e-02
4.380189185356830883e-02
1.715228394907453375e-03
1.715228394907453375e-03
1.715228394907453375e-03
1.715228394907453375e-03
1.715228394907453375e-03
1.715228394907453375e-03
1.715228394907453375e-03
2.488729339830679076e-03
2.765971479064593952e-02
2.765971479064593952e-02
2.765971479064593952e-02
2.765971479064593952e-02
2.765971479064593952e-02
2.765971479064593952e-02
3.017378870047745035e-03
3.017378870047745035e-03
3.017378870047745035e-03
3.017378870047745035e-03
3.017378870047745035e-03
3.017378870047745035e-03
3.017378870047745035e-03
3.017378870047745035e-03
3.017378870047745035e-03
3.017378870047745035e-03
3.017378870047745035e-03
3.017378870047745035e-03
3.017378870047745035e-03
9.653305818804126109e-03
1.305457967047178418e-02
1.305457967047178418e-02
2.311010783755913095e-02
2.643314442926398763e-02
1.232828899614328566e-02
5.365401629460713265e-03
6.548974922679574179e-03
0.000000000000000000e+00
0.000000000000000000e+00
6.258369730874687765e-03
6.258369730874687765e-03
6.258369730874687765e-03
6.258369730874687765e-03
3.163599434714935849e-02
3.163599434714935849e-02
3.163599434714935849e-02
3.163599434714935849e-02
3.163599434714935849e-02
3.163599434714935849e-02
3.163599434714935849e-02
3.163599434714935849e-02
3.163599434714935849e-02
3.163599434714935849e-02
3.163599434714935849e-02
3.535307382011634858e-02
3.163599434714935849e-02
0.000000000000000000e+00
0.000000000000000000e+00
0.000000000000000000e+00
0.000000000000000000e+00
1.017385931417861752e-02
1.403884790170344642e-02
5.923951714582183573e-03
5.923951714582183573e-03
3.962882974449964332e-03
3.962882974449964332e-03
3.962882974449964332e-03
3.962882974449964332e-03
0.000000000000000000e+00
1.181655197636034479e-02
8.764296745092025817e-03
8.764296745092025817e-03
0.000000000000000000e+00
0.000000000000000000e+00
2.992614173775972816e-02
9.522411050351491796e-03
9.522411050351491796e-03
9.522411050351491796e-03
9.522411050351491796e-03
9.522411050351491796e-03
9.522411050351491796e-03
3.633030084924239456e-02
3.633030084924239456e-02
3.633030084924239456e-02
3.633030084924239456e-02
3.633030084924239456e-02
3.633030084924239456e-02
4.326587707223106694e-04
4.326587707223106694e-04
7.409595384359106765e-03
7.409595384359106765e-03
7.409595384359106765e-03
7.409595384359106765e-03
0.000000000000000000e+00
0.000000000000000000e+00
0.000000000000000000e+00
0.000000000000000000e+00
4.807683307445261185e-03
0.000000000000000000e+00
0.000000000000000000e+00
2.477107581993156019e-02
0.000000000000000000e+00
0.000000000000000000e+00
5.969782790610734732e-03
5.969782790610734732e-03
5.969782790610734732e-03
5.969782790610734732e-03
5.969782790610734732e-03
5.969782790610734732e-03
5.969782790610734732e-03
5.969782790610734732e-03
5.969782790610734732e-03
5.969782790610734732e-03
5.969782790610734732e-03
5.969782790610734732e-03
5.969782790610734732e-03
5.969782790610734732e-03
5.969782790610734732e-03
9.182290012036232324e-03
1.983730364273901883e-02
5.765422598908570388e-03
9.276430319363388605e-03
9.276430319363388605e-03
1.811515395917119575e-02
2.379698950440904681e-02
1.811515395917119575e-02
1.811515395917119575e-02
1.811515395917119575e-02
2.379698950440904681e-02
2.379698950440904681e-02
2.379698950440904681e-02
2.379698950440904681e-02
2.379698950440904681e-02
2.311010783755913095e-02
2.311010783755913095e-02
1.755207821311072919e-02
1.755207821311072919e-02
1.755207821311072919e-02
1.755207821311072919e-02
1.777026737836348352e-03
1.078202626487649585e-02
1.078202626487649585e-02
1.078202626487649585e-02
1.078202626487649585e-02
0.000000000000000000e+00
0.000000000000000000e+00
0.000000000000000000e+00
0.000000000000000000e+00
0.000000000000000000e+00
0.000000000000000000e+00
0.000000000000000000e+00
0.000000000000000000e+00
0.000000000000000000e+00
0.000000000000000000e+00
0.000000000000000000e+00
0.000000000000000000e+00
0.000000000000000000e+00
1.651192754139600705e-02
1.651192754139600705e-02
1.651192754139600705e-02
1.651192754139600705e-02
1.651192754139600705e-02
1.651192754139600705e-02
1.651192754139600705e-02
1.651192754139600705e-02
0.000000000000000000e+00
0.000000000000000000e+00
0.000000000000000000e+00
0.000000000000000000e+00
3.240819222238263200e-03
3.372681189429124933e-03
0.000000000000000000e+00
0.000000000000000000e+00
0.000000000000000000e+00
0.000000000000000000e+00
0.000000000000000000e+00
0.000000000000000000e+00
3.847826689235026021e-02
3.847826689235026021e-02
3.847826689235026021e-02
3.847826689235026021e-02
3.847826689235026021e-02
3.330673738452231969e-02
0.000000000000000000e+00
0.000000000000000000e+00
8.705566673073752634e-03
8.705566673073752634e-03
8.705566673073752634e-03
8.705566673073752634e-03
6.702057280820399900e-03
3.806936622786717683e-02
3.806936622786717683e-02
3.806936622786717683e-02
3.806936622786717683e-02
3.806936622786717683e-02
3.806936622786717683e-02
3.806936622786717683e-02
3.806936622786717683e-02
1.328174958447115098e-02
5.411839795142154371e-05
5.411839795142154371e-05
5.411839795142154371e-05
5.411839795142154371e-05
2.880061375906050377e-03
2.880061375906050377e-03
0.000000000000000000e+00
0.000000000000000000e+00
2.685158854688806697e-03
0.000000000000000000e+00
8.557318035405539133e-03
8.557318035405539133e-03
8.557318035405539133e-03
2.711132941532138491e-03
8.557318035405539133e-03
8.557318035405539133e-03
8.760648765450899933e-03
8.760648765450899933e-03
3.995734062564630651e-02
5.010806549941970028e-02
5.010806549941970028e-02
5.010806549941970028e-02
5.010806549941970028e-02
5.010806549941970028e-02
5.010806549941970028e-02
6.769394244233483023e-03
3.040868303987466839e-02
3.040868303987466839e-02
3.040868303987466839e-02
3.040868303987466839e-02
3.040868303987466839e-02
3.040868303987466839e-02
3.040868303987466839e-02
3.040868303987466839e-02
3.040868303987466839e-02
3.040868303987466839e-02
3.040868303987466839e-02
3.040868303987466839e-02
3.040868303987466839e-02
3.040868303987466839e-02
1.557737130857264271e-02
0.000000000000000000e+00
0.000000000000000000e+00
1.594040107782842761e-02
1.594040107782842761e-02
5.911329858920567372e-03
5.911329858920567372e-03
5.911329858920567372e-03
5.911329858920567372e-03
5.911329858920567372e-03
5.911329858920567372e-03
5.911329858920567372e-03
5.911329858920567372e-03
5.911329858920567372e-03
5.911329858920567372e-03
5.911329858920567372e-03
5.911329858920567372e-03
5.911329858920567372e-03
5.911329858920567372e-03
5.911329858920567372e-03
5.911329858920567372e-03
2.479682122305269798e-02
2.479682122305269798e-02
2.479682122305269798e-02
2.479682122305269798e-02
2.479682122305269798e-02
2.479682122305269798e-02
2.479682122305269798e-02
2.479682122305269798e-02
2.479682122305269798e-02
2.479682122305269798e-02
2.479682122305269798e-02
2.479682122305269798e-02
2.479682122305269798e-02
2.479682122305269798e-02
2.479682122305269798e-02
2.662899072942156997e-02
0.000000000000000000e+00
0.000000000000000000e+00
0.000000000000000000e+00
2.662899072942156997e-02
2.662899072942156997e-02
2.662899072942156997e-02
1.328174958447115098e-02
1.812426888905432562e-02
1.812426888905432562e-02
4.075753421845372537e-02
4.075753421845372537e-02
2.623284121302250829e-03
2.623284121302250829e-03
2.623284121302250829e-03
1.380101566489066707e-03
1.380101566489066707e-03
1.380101566489066707e-03
1.380101566489066707e-03
1.380101566489066707e-03
1.380101566489066707e-03
3.314736037347214390e-04
1.478175169995360819e-02
1.478175169995360819e-02
1.478175169995360819e-02
1.478175169995360819e-02
1.478175169995360819e-02
1.478175169995360819e-02
1.091631795332166470e-02
5.765422598908570388e-03
5.765422598908570388e-03
1.091631795332166470e-02
1.999806955372929532e-02
1.999806955372929532e-02
1.999806955372929532e-02
1.999806955372929532e-02
9.279465658044485634e-04
9.279465658044485634e-04
9.279465658044485634e-04
9.279465658044485634e-04
9.279465658044485634e-04
0.000000000000000000e+00
2.431354992360141264e-03
2.431354992360141264e-03
2.431354992360141264e-03
2.431354992360141264e-03
9.691428891065336296e-03
2.223875580370620469e-02
2.223875580370620469e-02
2.223875580370620469e-02
2.223875580370620469e-02
1.374616974321693670e-02
1.374616974321693670e-02
2.014975920659264549e-02
4.639304551032946700e-02
2.014975920659264549e-02
8.996738706813531966e-03
8.170002622383548338e-03
8.996738706813531966e-03
8.996738706813531966e-03
8.996738706813531966e-03
8.996738706813531966e-03
8.996738706813531966e-03
8.996738706813531966e-03
8.170002622383548338e-03
1.107317753244381605e-03
1.830958639106963423e-02
1.807995245599105724e-02
9.584317418961839363e-03
9.584317418961839363e-03
9.584317418961839363e-03
2.855012049167913665e-02
2.648622855517489619e-02
2.648622855517489619e-02
0.000000000000000000e+00
0.000000000000000000e+00
0.000000000000000000e+00
0.000000000000000000e+00
1.875204837712675029e-02
6.153165524278947016e-03
6.153165524278947016e-03
6.153165524278947016e-03
6.153165524278947016e-03
6.153165524278947016e-03
6.153165524278947016e-03
0.000000000000000000e+00
0.000000000000000000e+00
0.000000000000000000e+00
0.000000000000000000e+00
0.000000000000000000e+00
0.000000000000000000e+00
0.000000000000000000e+00
6.095174046622139604e-04
9.106180826929256150e-04
9.106180826929256150e-04
9.106180826929256150e-04
9.106180826929256150e-04
9.106180826929256150e-04
9.106180826929256150e-04
0.000000000000000000e+00
3.679031925256874731e-03
3.679031925256874731e-03
3.679031925256874731e-03
3.679031925256874731e-03
3.679031925256874731e-03
3.679031925256874731e-03
3.679031925256874731e-03
3.679031925256874731e-03
3.679031925256874731e-03
2.296199584474347202e-02
1.699930143280618811e-02
1.482731407808488000e-02
1.482731407808488000e-02
1.482731407808488000e-02
1.482731407808488000e-02
2.047147863137641077e-02
2.631583294963244987e-02
2.631583294963244987e-02
0.000000000000000000e+00
7.605628290072687786e-03
7.605628290072687786e-03
7.529121663990642581e-03
0.000000000000000000e+00
0.000000000000000000e+00
1.186986629265219216e-02
1.186986629265219216e-02
1.186986629265219216e-02
1.186986629265219216e-02
0.000000000000000000e+00
0.000000000000000000e+00
0.000000000000000000e+00
0.000000000000000000e+00
0.000000000000000000e+00
0.000000000000000000e+00
0.000000000000000000e+00
0.000000000000000000e+00
0.000000000000000000e+00
2.397601451974670436e-03
6.548801299883804349e-03
6.548801299883804349e-03
7.121636740276774541e-03
7.121636740276774541e-03
7.121636740276774541e-03
7.121636740276774541e-03
7.121636740276774541e-03
7.121636740276774541e-03
7.121636740276774541e-03
7.121636740276774541e-03
7.121636740276774541e-03
7.121636740276774541e-03
7.121636740276774541e-03
0.000000000000000000e+00
0.000000000000000000e+00
0.000000000000000000e+00
0.000000000000000000e+00
0.000000000000000000e+00
0.000000000000000000e+00
2.592634606584962378e-02
2.592634606584962378e-02
2.592634606584962378e-02
2.592634606584962378e-02
0.000000000000000000e+00
0.000000000000000000e+00
0.000000000000000000e+00
0.000000000000000000e+00
0.000000000000000000e+00
1.875204837712675029e-02
6.459185186215525738e-03
2.363259639022207044e-03
2.363259639022207044e-03
2.363259639022207044e-03
2.363259639022207044e-03
1.750089039543220723e-03
1.750089039543220723e-03
7.605964803000513953e-03
2.397601451974670436e-03
0.000000000000000000e+00
0.000000000000000000e+00
0.000000000000000000e+00
0.000000000000000000e+00
2.793167227386621210e-02
0.000000000000000000e+00
0.000000000000000000e+00
2.954366607728048377e-02
2.042877048358295033e-02
2.042877048358295033e-02
3.937816483258842030e-03
3.937816483258842030e-03
3.937816483258842030e-03
3.937816483258842030e-03
0.000000000000000000e+00
1.347897102582131489e-02
3.486439407742633612e-02
9.316996053666126362e-03
1.022956244441877889e-02
1.503896661073625927e-02
1.503896661073625927e-02
1.503896661073625927e-02
1.503896661073625927e-02
1.503896661073625927e-02
1.503896661073625927e-02
1.999145037071081363e-02
0.000000000000000000e+00
0.000000000000000000e+00
0.000000000000000000e+00
0.000000000000000000e+00
1.259241487165285028e-02
6.239733781631564419e-02
1.545194403037371440e-02
1.545194403037371440e-02
1.545194403037371440e-02
1.545194403037371440e-02
1.545194403037371440e-02
1.545194403037371440e-02
3.652242574244292384e-02
6.385058797101389981e-03
6.385058797101389981e-03
5.040978145559234236e-02
2.203337502319090840e-02
2.203337502319090840e-02
4.577509221838541725e-02
4.577509221838541725e-02
4.577509221838541725e-02
4.577509221838541725e-02
4.577509221838541725e-02
4.577509221838541725e-02
4.577509221838541725e-02
4.577509221838541725e-02
4.577509221838541725e-02
4.577509221838541725e-02
4.577509221838541725e-02
1.077473044833344648e-02
2.443460460152995298e-02
1.291507571939043116e-03
1.291507571939043116e-03
1.798050660162586051e-02
3.756075238089074710e-03
3.756075238089074710e-03
3.756075238089074710e-03
3.756075238089074710e-03
3.756075238089074710e-03
3.756075238089074710e-03
3.734483196399143723e-02
2.728153682685841019e-02
1.898986931344585558e-02
1.898986931344585558e-02
1.898986931344585558e-02
1.898986931344585558e-02
2.793167227386621210e-02
7.062722926847295538e-03
7.062722926847295538e-03
7.062722926847295538e-03
7.062722926847295538e-03
3.285931585642182240e-02
3.612435233190911562e-04
3.612435233190911562e-04
1.877951811131771745e-02
1.215813632035499768e-02
1.215813632035499768e-02
1.215813632035499768e-02
1.215813632035499768e-02
1.215813632035499768e-02
1.215813632035499768e-02
1.706658308895520060e-02
0.000000000000000000e+00
0.000000000000000000e+00
6.028529843723111695e-04
5.974059077451615747e-03
5.974059077451615747e-03
5.974059077451615747e-03
5.974059077451615747e-03
1.880807059707923293e-02
2.711132941532138491e-03
2.711132941532138491e-03
2.711132941532138491e-03
2.470011354011000110e-02
5.040978145559234236e-02
5.040978145559234236e-02
5.040978145559234236e-02
3.346113117204575771e-02
3.346113117204575771e-02
3.346113117204575771e-02
3.346113117204575771e-02
3.346113117204575771e-02
3.346113117204575771e-02
3.346113117204575771e-02
3.346113117204575771e-02
2.296199584474347202e-02
2.296199584474347202e-02
2.989331963335938817e-03
2.989331963335938817e-03
2.871608686425311530e-02
3.401011384303612856e-02
2.186531724764402551e-02
2.186531724764402551e-02
2.186531724764402551e-02
2.186531724764402551e-02
2.186531724764402551e-02
2.186531724764402551e-02
3.629964914569185769e-02
4.380189185356830883e-02
2.855012049167913665e-02
0.000000000000000000e+00
0.000000000000000000e+00
0.000000000000000000e+00
1.111773038922212777e-02
8.241999124734359847e-03
8.241999124734359847e-03
0.000000000000000000e+00
0.000000000000000000e+00
0.000000000000000000e+00
0.000000000000000000e+00
0.000000000000000000e+00
2.871608686425311530e-02
2.871608686425311530e-02
2.871608686425311530e-02
2.871608686425311530e-02
2.871608686425311530e-02
2.871608686425311530e-02
2.871608686425311530e-02
2.871608686425311530e-02
1.118524277966215404e-02
5.749966999424320664e-03
5.749966999424320664e-03
5.749966999424320664e-03
5.749966999424320664e-03
1.795568866709545616e-02
1.795568866709545616e-02
1.795568866709545616e-02
1.795568866709545616e-02
1.795568866709545616e-02
1.795568866709545616e-02
0.000000000000000000e+00
0.000000000000000000e+00
6.091563167160589549e-03
1.249857825290902336e-02
4.538431470403886739e-03
1.624958125853694091e-02
1.624958125853694091e-02
1.624958125853694091e-02
1.624958125853694091e-02
1.624958125853694091e-02
1.624958125853694091e-02
1.624958125853694091e-02
1.624958125853694091e-02
2.492399109381450081e-02
0.000000000000000000e+00
0.000000000000000000e+00
8.926390512655058354e-03
3.098107185219634453e-03
3.098107185219634453e-03
3.098107185219634453e-03
3.098107185219634453e-03
3.391970625187403637e-02
9.653305818804126109e-03
9.653305818804126109e-03
9.653305818804126109e-03
9.653305818804126109e-03
9.653305818804126109e-03
9.653305818804126109e-03
9.653305818804126109e-03
9.653305818804126109e-03
9.653305818804126109e-03
9.936156922984660730e-03
9.936156922984660730e-03
9.936156922984660730e-03
9.936156922984660730e-03
0.000000000000000000e+00
0.000000000000000000e+00
0.000000000000000000e+00
0.000000000000000000e+00
2.723846802225604775e-03
2.723846802225604775e-03
2.723846802225604775e-03
2.723846802225604775e-03
2.723846802225604775e-03
2.723846802225604775e-03
2.723846802225604775e-03
2.723846802225604775e-03
1.807995245599105724e-02
1.807995245599105724e-02
1.807995245599105724e-02
1.807995245599105724e-02
3.151545261897781280e-02
3.037694320832079811e-02
3.037694320832079811e-02
3.037694320832079811e-02
3.037694320832079811e-02
3.037694320832079811e-02
3.037694320832079811e-02
3.037694320832079811e-02
3.037694320832079811e-02
1.840014484727297769e-02
7.715986018755663887e-03
7.715986018755663887e-03
7.715986018755663887e-03
7.715986018755663887e-03
7.715986018755663887e-03
7.715986018755663887e-03
7.715986018755663887e-03
7.715986018755663887e-03
7.715986018755663887e-03
7.715986018755663887e-03
7.715986018755663887e-03
7.715986018755663887e-03
1.073462585610156783e-01
5.409885559421567791e-02
5.409885559421567791e-02
5.409885559421567791e-02
5.409885559421567791e-02
5.409885559421567791e-02
5.409885559421567791e-02
0.000000000000000000e+00
3.152934769994392844e-02
5.915100345895256406e-03
5.915100345895256406e-03
5.915100345895256406e-03
5.915100345895256406e-03
5.915100345895256406e-03
3.152934769994392844e-02
6.091563167160589549e-03
2.652873434649992770e-02
2.652873434649992770e-02
2.652873434649992770e-02
2.652873434649992770e-02
2.652873434649992770e-02
2.652873434649992770e-02
1.161588871822781012e-02
2.200197229637175164e-02
0.000000000000000000e+00
0.000000000000000000e+00
0.000000000000000000e+00
7.605964803000513953e-03
7.605964803000513953e-03
7.605964803000513953e-03
7.605964803000513953e-03
7.605964803000513953e-03
7.605964803000513953e-03
4.977732528363218098e-03
4.977732528363218098e-03
0.000000000000000000e+00
0.000000000000000000e+00
7.186675936344427348e-03
1.333515687057259744e-02
1.333515687057259744e-02
6.702057280820399900e-03
6.702057280820399900e-03
6.702057280820399900e-03
6.702057280820399900e-03
2.688191477724919537e-02
2.688191477724919537e-02
3.457454774472408943e-03
2.203001169068097688e-04
3.893724853816424129e-03
2.203001169068097688e-04
4.807683307445261185e-03
4.807683307445261185e-03
4.807683307445261185e-03
4.807683307445261185e-03
4.807683307445261185e-03
4.807683307445261185e-03
4.807683307445261185e-03
4.807683307445261185e-03
1.402803615131375213e-02
1.135576244905170916e-02
1.135576244905170916e-02
1.135576244905170916e-02
6.888842537416593921e-03
6.888842537416593921e-03
6.888842537416593921e-03
6.888842537416593921e-03
2.462787115183324820e-03
4.521443088609620499e-03
4.521443088609620499e-03
4.521443088609620499e-03
4.521443088609620499e-03
2.121883395932460531e-02
0.000000000000000000e+00
0.000000000000000000e+00
0.000000000000000000e+00
0.000000000000000000e+00
1.402803615131375213e-02
1.402803615131375213e-02
4.789020950322517289e-02
4.789020950322517289e-02
2.470011354011000110e-02
3.799308765043950004e-03
1.232828899614328566e-02
0.000000000000000000e+00
0.000000000000000000e+00
0.000000000000000000e+00
0.000000000000000000e+00
0.000000000000000000e+00
0.000000000000000000e+00
0.000000000000000000e+00
0.000000000000000000e+00
0.000000000000000000e+00
0.000000000000000000e+00
5.324835958365582191e-03
5.324835958365582191e-03
5.324835958365582191e-03
5.324835958365582191e-03
5.324835958365582191e-03
5.324835958365582191e-03
5.324835958365582191e-03
5.324835958365582191e-03
5.324835958365582191e-03
5.324835958365582191e-03
9.567121781842158335e-05
9.567121781842158335e-05
9.567121781842158335e-05
9.567121781842158335e-05
9.567121781842158335e-05
9.567121781842158335e-05
9.567121781842158335e-05
1.627980425479827811e-02
1.627980425479827811e-02
1.627980425479827811e-02
1.627980425479827811e-02
1.627980425479827811e-02
1.627980425479827811e-02
1.627980425479827811e-02
1.627980425479827811e-02
1.627980425479827811e-02
1.627980425479827811e-02
1.627980425479827811e-02
0.000000000000000000e+00
0.000000000000000000e+00
0.000000000000000000e+00
0.000000000000000000e+00
1.421573112170343434e-02
1.421573112170343434e-02
1.421573112170343434e-02
5.913148529924437680e-03
1.073102228314099307e-02
1.073102228314099307e-02
1.073102228314099307e-02
3.530036167795715801e-02
3.530036167795715801e-02
3.530036167795715801e-02
3.530036167795715801e-02
3.530036167795715801e-02
3.530036167795715801e-02
3.530036167795715801e-02
3.530036167795715801e-02
3.530036167795715801e-02
3.530036167795715801e-02
3.530036167795715801e-02
7.352416361264407785e-03
7.352416361264407785e-03
4.045754588800067227e-03
7.289059100521360843e-03
7.289059100521360843e-03
2.115313771463547821e-02
2.115313771463547821e-02
1.160154735681855412e-02
5.210744865080297987e-03
1.033487881344840459e-02
1.033487881344840459e-02
1.033487881344840459e-02
1.033487881344840459e-02
1.033487881344840459e-02
1.033487881344840459e-02
1.033487881344840459e-02
1.033487881344840459e-02
1.033487881344840459e-02
1.033487881344840459e-02
1.033487881344840459e-02
1.033487881344840459e-02
1.033487881344840459e-02
6.796551396603513553e-03
6.796551396603513553e-03
0.000000000000000000e+00
2.418564063194166697e-02
2.418564063194166697e-02
2.418564063194166697e-02
2.418564063194166697e-02
2.418564063194166697e-02
2.418564063194166697e-02
2.418564063194166697e-02
2.418564063194166697e-02
1.146738605438958527e-03
1.381345624928010003e-02
3.224193066081502967e-02
1.431184716631829675e-02
1.431184716631829675e-02
4.428178772720013472e-03
2.423074044535262692e-02
2.423074044535262692e-02
3.922347432429982433e-02
3.922347432429982433e-02
3.049654353548610260e-03
3.049654353548610260e-03
1.744060965123473556e-02
1.744060965123473556e-02
1.744060965123473556e-02
1.744060965123473556e-02
1.744060965123473556e-02
1.744060965123473556e-02
1.744060965123473556e-02
1.744060965123473556e-02
3.477103023280750643e-03
3.477103023280750643e-03
3.477103023280750643e-03
3.477103023280750643e-03
3.240819222238263200e-03
3.240819222238263200e-03
3.240819222238263200e-03
3.240819222238263200e-03
3.240819222238263200e-03
3.240819222238263200e-03
3.240819222238263200e-03
3.240819222238263200e-03
1.393896515242159725e-02
1.393896515242159725e-02
1.393896515242159725e-02
1.393896515242159725e-02
1.393896515242159725e-02
1.393896515242159725e-02
2.076469196978699902e-02
2.076469196978699902e-02
2.076469196978699902e-02
2.076469196978699902e-02
0.000000000000000000e+00
0.000000000000000000e+00
0.000000000000000000e+00
0.000000000000000000e+00
0.000000000000000000e+00
0.000000000000000000e+00
0.000000000000000000e+00
0.000000000000000000e+00
0.000000000000000000e+00
0.000000000000000000e+00
0.000000000000000000e+00
0.000000000000000000e+00
0.000000000000000000e+00
7.186675936344427348e-03
8.863237818085874589e-03
8.863237818085874589e-03
6.819491274413540726e-04
6.819491274413540726e-04
2.910167883195238780e-02
2.910167883195238780e-02
2.910167883195238780e-02
2.910167883195238780e-02
2.910167883195238780e-02
2.910167883195238780e-02
6.058388684593249765e-03
9.301404964265711645e-03
9.301404964265711645e-03
9.301404964265711645e-03
9.301404964265711645e-03
0.000000000000000000e+00
0.000000000000000000e+00
0.000000000000000000e+00
2.109455819213106043e-02
2.109455819213106043e-02
3.799308765043950004e-03
3.799308765043950004e-03
6.030798473739828157e-03
1.132533542213370360e-02
1.132533542213370360e-02
1.132533542213370360e-02
1.132533542213370360e-02
1.132533542213370360e-02
1.141079782142406449e-02
1.141079782142406449e-02
0.000000000000000000e+00
0.000000000000000000e+00
0.000000000000000000e+00
0.000000000000000000e+00
0.000000000000000000e+00
6.459185186215525738e-03
7.388005934758647662e-04
1.160404434479730441e-02
1.160404434479730441e-02
3.499816440557818042e-02
4.052874838539972241e-02
4.052874838539972241e-02
5.913148529924437680e-03
5.913148529924437680e-03
0.000000000000000000e+00
0.000000000000000000e+00
2.084410348581053340e-02
2.863692811618269701e-03
1.568556912477565499e-02
1.568556912477565499e-02
5.976283462549680618e-03
5.976283462549680618e-03
5.976283462549680618e-03
7.746972897794870971e-03
7.746972897794870971e-03
7.746972897794870971e-03
7.746972897794870971e-03
7.746972897794870971e-03
7.746972897794870971e-03
7.746972897794870971e-03
7.746972897794870971e-03
2.761593781370850348e-02
3.499816440557818042e-02
2.488729339830679076e-03
2.488729339830679076e-03
2.488729339830679076e-03
6.030798473739828157e-03
6.030798473739828157e-03
3.629964914569185769e-02
3.629964914569185769e-02
0.000000000000000000e+00
5.559306355726332909e-03
4.145230873452012722e-03
4.145230873452012722e-03
4.145230873452012722e-03
4.145230873452012722e-03
2.715770913688858937e-02
2.761593781370850348e-02
8.089595180401306512e-03
1.271024245211929259e-03
1.271024245211929259e-03
1.271024245211929259e-03
1.271024245211929259e-03
1.271024245211929259e-03
1.271024245211929259e-03
1.271024245211929259e-03
1.271024245211929259e-03
1.271024245211929259e-03
1.271024245211929259e-03
1.271024245211929259e-03
1.271024245211929259e-03
1.271024245211929259e-03
1.102082659338855970e-02
0.000000000000000000e+00
8.089595180401306512e-03
8.089595180401306512e-03
8.089595180401306512e-03
8.089595180401306512e-03
8.089595180401306512e-03
8.089595180401306512e-03
8.089595180401306512e-03
8.089595180401306512e-03
8.089595180401306512e-03
8.089595180401306512e-03
8.089595180401306512e-03
8.089595180401306512e-03
8.089595180401306512e-03
8.089595180401306512e-03
8.089595180401306512e-03
8.089595180401306512e-03
8.089595180401306512e-03
8.089595180401306512e-03
8.089595180401306512e-03
1.352085077158757297e-03
1.352085077158757297e-03
1.352085077158757297e-03
1.352085077158757297e-03
0.000000000000000000e+00
0.000000000000000000e+00
2.024547822474065048e-02
2.715770913688858937e-02
1.198618905157457573e-02
2.250407598300382950e-02
2.250407598300382950e-02
1.199395376888408651e-02
2.001106259842293233e-02
2.001106259842293233e-02
5.559306355726332909e-03
8.446552335032778830e-03
8.446552335032778830e-03
0.000000000000000000e+00
2.818232038133862416e-02
2.518660150185219118e-02
2.518660150185219118e-02
1.111773038922212777e-02
8.104013271577730979e-03
8.104013271577730979e-03
8.104013271577730979e-03
8.104013271577730979e-03
8.104013271577730979e-03
8.104013271577730979e-03
2.106081475415611665e-02
1.903612538612182298e-02
2.828478032371163978e-02
3.021325271420478506e-02
3.021325271420478506e-02
3.021325271420478506e-02
3.021325271420478506e-02
7.210942588872656066e-03
5.030815800793082999e-03
7.210942588872656066e-03
7.210942588872656066e-03
7.210942588872656066e-03
7.210942588872656066e-03
7.210942588872656066e-03
7.210942588872656066e-03
5.030815800793082999e-03
5.030815800793082999e-03
5.030815800793082999e-03
5.030815800793082999e-03
0.000000000000000000e+00
0.000000000000000000e+00
0.000000000000000000e+00
0.000000000000000000e+00
0.000000000000000000e+00
0.000000000000000000e+00
0.000000000000000000e+00
0.000000000000000000e+00
0.000000000000000000e+00
0.000000000000000000e+00
0.000000000000000000e+00
1.577980842389830121e-02
1.107317753244381605e-03
1.107317753244381605e-03
1.107317753244381605e-03
1.107317753244381605e-03
1.107317753244381605e-03
1.107317753244381605e-03
1.107317753244381605e-03
1.107317753244381605e-03
0.000000000000000000e+00
2.818232038133862416e-02
0.000000000000000000e+00
0.000000000000000000e+00
1.580799862201204276e-02
1.011941474381094878e-03
1.011941474381094878e-03
1.011941474381094878e-03
1.011941474381094878e-03
1.047227211207870518e-02
2.106081475415611665e-02
1.580799862201204276e-02
1.580799862201204276e-02
1.580799862201204276e-02
1.580799862201204276e-02
1.580799862201204276e-02
1.580799862201204276e-02
1.092124504928568274e-02
1.092124504928568274e-02
0.000000000000000000e+00
0.000000000000000000e+00
0.000000000000000000e+00
3.314736037347214390e-04
3.314736037347214390e-04
3.314736037347214390e-04
3.314736037347214390e-04
3.314736037347214390e-04
3.314736037347214390e-04
0.000000000000000000e+00
0.000000000000000000e+00
0.000000000000000000e+00
2.124168816444854061e-03
2.073139578664231694e-02
2.073139578664231694e-02
2.280273478558597286e-02
2.280273478558597286e-02
3.149622352848582135e-02
0.000000000000000000e+00
1.092036250289570194e-02
1.092036250289570194e-02
1.640501122827347710e-02
1.640501122827347710e-02
1.640501122827347710e-02
1.640501122827347710e-02
2.828478032371163978e-02
0.000000000000000000e+00
0.000000000000000000e+00
9.820692204736183525e-03
9.820692204736183525e-03
9.820692204736183525e-03
9.820692204736183525e-03
9.820692204736183525e-03
1.777026737836348352e-03
1.777026737836348352e-03
1.777026737836348352e-03
1.039858013419081399e-02
1.039858013419081399e-02
1.039858013419081399e-02
0.000000000000000000e+00
0.000000000000000000e+00
0.000000000000000000e+00
0.000000000000000000e+00
0.000000000000000000e+00
0.000000000000000000e+00
5.640816093561633153e-04
5.640816093561633153e-04
0.000000000000000000e+00
0.000000000000000000e+00
1.038052180038351313e-02
1.038052180038351313e-02
1.038052180038351313e-02
1.038052180038351313e-02
0.000000000000000000e+00
3.052374639299263934e-02
0.000000000000000000e+00
3.052374639299263934e-02
3.052374639299263934e-02
3.052374639299263934e-02
3.052374639299263934e-02
3.052374639299263934e-02
3.052374639299263934e-02
3.052374639299263934e-02
3.052374639299263934e-02
3.052374639299263934e-02
3.052374639299263934e-02
3.052374639299263934e-02
0.000000000000000000e+00
0.000000000000000000e+00
2.365869214726063277e-02
2.365869214726063277e-02
2.365869214726063277e-02
2.365869214726063277e-02
2.365869214726063277e-02
2.365869214726063277e-02
2.365869214726063277e-02
2.365869214726063277e-02
2.365869214726063277e-02
2.365869214726063277e-02
2.365869214726063277e-02
0.000000000000000000e+00
0.000000000000000000e+00
0.000000000000000000e+00
2.477107581993156019e-02
4.792177928798092693e-04
1.557737130857264271e-02
2.495342611457990190e-02
2.495342611457990190e-02
2.495342611457990190e-02
2.495342611457990190e-02
2.495342611457990190e-02
2.495342611457990190e-02
2.495342611457990190e-02
2.495342611457990190e-02
2.495342611457990190e-02
2.495342611457990190e-02
2.495342611457990190e-02
2.495342611457990190e-02
2.495342611457990190e-02
2.495342611457990190e-02
2.495342611457990190e-02
2.495342611457990190e-02
1.938063381708996077e-03
1.938063381708996077e-03
4.238380895760445778e-03
7.571739644172520954e-03
7.571739644172520954e-03
1.834226169614346438e-02
1.834226169614346438e-02
1.834226169614346438e-02
1.834226169614346438e-02
1.834226169614346438e-02
7.957535597640870775e-03
1.834226169614346438e-02
1.834226169614346438e-02
1.834226169614346438e-02
1.077531634630655294e-02
1.620575726512442707e-02
2.548115245968888415e-02
4.885843729826785768e-03
1.231591566336437751e-02
1.231591566336437751e-02
0.000000000000000000e+00
3.352343921327150238e-03
3.352343921327150238e-03
2.601329066958857697e-02
1.680274551467910230e-02
2.477107581993156019e-02
7.202956075339198364e-03
4.045754588800067227e-03
4.045754588800067227e-03
1.073462585610156783e-01
1.073462585610156783e-01
1.073462585610156783e-01
1.073462585610156783e-01
1.077531634630655294e-02
1.077531634630655294e-02
1.077531634630655294e-02
1.077531634630655294e-02
1.077531634630655294e-02
1.077531634630655294e-02
0.000000000000000000e+00
0.000000000000000000e+00
0.000000000000000000e+00
0.000000000000000000e+00
0.000000000000000000e+00
0.000000000000000000e+00
0.000000000000000000e+00
0.000000000000000000e+00
1.557737130857264271e-02
7.202956075339198364e-03
7.202956075339198364e-03
3.734483196399143723e-02
3.734483196399143723e-02
0.000000000000000000e+00
0.000000000000000000e+00
2.073988399820001979e-02
2.073988399820001979e-02
2.073988399820001979e-02
2.073988399820001979e-02
2.073988399820001979e-02
2.073988399820001979e-02
1.806193113791045024e-02
1.301296916217179085e-02
1.301296916217179085e-02
1.301296916217179085e-02
1.301296916217179085e-02
1.301296916217179085e-02
1.301296916217179085e-02
1.301296916217179085e-02
1.301296916217179085e-02
1.367838969347440203e-02
0.000000000000000000e+00
0.000000000000000000e+00
6.014604790243046999e-03
6.014604790243046999e-03
6.014604790243046999e-03
6.014604790243046999e-03
6.014604790243046999e-03
6.014604790243046999e-03
6.721691116313735677e-03
1.319593886300121817e-02
1.553883001388677368e-02
1.319593886300121817e-02
3.285931585642182240e-02
1.367838969347440203e-02
9.182290012036232324e-03
9.182290012036232324e-03
9.182290012036232324e-03
9.182290012036232324e-03
5.683914909768601580e-03
6.548974922679574179e-03
6.548974922679574179e-03
6.548974922679574179e-03
6.548974922679574179e-03
6.548974922679574179e-03
0.000000000000000000e+00
0.000000000000000000e+00
1.455750860484156944e-02
1.455750860484156944e-02
3.285931585642182240e-02
3.285931585642182240e-02
3.285931585642182240e-02
3.285931585642182240e-02
3.285931585642182240e-02
0.000000000000000000e+00
6.095174046622139604e-04
4.500551467335562814e-04
4.231472262295452730e-02
4.231472262295452730e-02
8.896250046526318900e-03
6.058388684593249765e-03
2.462787115183324820e-03
6.584099693652711220e-05
6.584099693652711220e-05
3.149622352848582135e-02
0.000000000000000000e+00
0.000000000000000000e+00
7.118655158413404564e-03
7.118655158413404564e-03
7.118655158413404564e-03
7.118655158413404564e-03
7.118655158413404564e-03
1.199065024532871421e-02
2.387624900055848251e-02
2.387624900055848251e-02
2.387624900055848251e-02
1.775994818427606772e-02
1.775994818427606772e-02
1.775994818427606772e-02
1.775994818427606772e-02
1.775994818427606772e-02
1.775994818427606772e-02
1.775994818427606772e-02
1.775994818427606772e-02
0.000000000000000000e+00
0.000000000000000000e+00
1.278936546511041245e-02
1.278936546511041245e-02
1.278936546511041245e-02
1.278936546511041245e-02
1.278936546511041245e-02
1.278936546511041245e-02
1.278936546511041245e-02
1.121367210097050718e-02
1.281857430542087013e-02
1.121367210097050718e-02
1.121367210097050718e-02
1.281857430542087013e-02
1.626298975363351523e-02
1.922099475805308377e-02
1.922099475805308377e-02
0.000000000000000000e+00
0.000000000000000000e+00
0.000000000000000000e+00
5.717845879854924207e-03
1.999145037071081363e-02
1.999145037071081363e-02
1.999145037071081363e-02
8.896250046526318900e-03
3.149622352848582135e-02
2.130739393321239017e-02
2.130739393321239017e-02
2.130739393321239017e-02
2.130739393321239017e-02
5.210744865080297987e-03
5.210744865080297987e-03
5.210744865080297987e-03
5.210744865080297987e-03
0.000000000000000000e+00
1.877951811131771745e-02
7.757391873125601967e-03
7.757391873125601967e-03
7.757391873125601967e-03
7.757391873125601967e-03
5.603647098283752459e-03
3.278326153544247005e-03
3.278326153544247005e-03
3.278326153544247005e-03
3.278326153544247005e-03
3.278326153544247005e-03
3.278326153544247005e-03
3.278326153544247005e-03
3.278326153544247005e-03
3.278326153544247005e-03
3.278326153544247005e-03
3.278326153544247005e-03
3.278326153544247005e-03
3.278326153544247005e-03
3.278326153544247005e-03
0.000000000000000000e+00
5.114300158815105607e-02
0.000000000000000000e+00
0.000000000000000000e+00
0.000000000000000000e+00
0.000000000000000000e+00
7.510052561861720044e-03
6.490660742591485358e-03
6.490660742591485358e-03
6.490660742591485358e-03
6.490660742591485358e-03
0.000000000000000000e+00
0.000000000000000000e+00
1.198618905157457573e-02
1.497488313963968483e-02
7.846315102413287459e-03
7.846315102413287459e-03
2.329044125708945936e-02
2.329044125708945936e-02
2.329044125708945936e-02
5.446061587987408199e-03
1.126924164524951538e-04
1.126924164524951538e-04
3.470703263161894082e-03
5.603647098283752459e-03
1.198618905157457573e-02
1.198618905157457573e-02
1.198618905157457573e-02
2.854469430842948227e-03
0.000000000000000000e+00
0.000000000000000000e+00
1.303138045468957285e-02
2.668300264646765105e-02
2.668300264646765105e-02
2.668300264646765105e-02
2.668300264646765105e-02
3.034923069857334461e-03
3.034923069857334461e-03
3.034923069857334461e-03
3.034923069857334461e-03
3.034923069857334461e-03
3.034923069857334461e-03
3.034923069857334461e-03
3.034923069857334461e-03
3.034923069857334461e-03
3.034923069857334461e-03
3.034923069857334461e-03
1.560551875796051431e-02
3.510728374859654888e-03
5.436131821373138204e-03
5.436131821373138204e-03
1.880479970843169923e-02
1.681124706311915712e-02
1.387160737131427207e-02
1.387160737131427207e-02
1.387160737131427207e-02
1.387160737131427207e-02
2.138973978318704436e-02
2.473216001557648064e-02
2.473216001557648064e-02
2.473216001557648064e-02
2.473216001557648064e-02
2.473216001557648064e-02
2.473216001557648064e-02
2.473216001557648064e-02
2.473216001557648064e-02
1.458880274486664807e-03
2.241747061237114869e-03
2.241747061237114869e-03
2.241747061237114869e-03
2.241747061237114869e-03
1.146738605438958527e-03
5.217712259121364340e-03
5.217712259121364340e-03
1.536941260626599470e-02
1.805207487040887473e-02
1.805207487040887473e-02
1.805207487040887473e-02
7.510052561861720044e-03
7.510052561861720044e-03
7.510052561861720044e-03
7.510052561861720044e-03
7.510052561861720044e-03
7.510052561861720044e-03
1.057731457567552026e-02
1.057731457567552026e-02
1.090393101065469279e-02
1.681124706311915712e-02
5.512297386995858523e-04
7.072892611853279742e-04
7.072892611853279742e-04
1.146738605438958527e-03
9.691428891065336296e-03
3.012035666582325074e-03
2.559945285810988694e-03
4.184792605540952996e-03
4.184792605540952996e-03
4.184792605540952996e-03
4.184792605540952996e-03
4.184792605540952996e-03
4.184792605540952996e-03
1.090393101065469279e-02
1.090393101065469279e-02
1.090393101065469279e-02
3.255940113999562964e-03
5.512297386995858523e-04
7.864300507817301514e-03
1.596704459763792147e-02
1.596704459763792147e-02
1.596704459763792147e-02
1.536941260626599470e-02
1.536941260626599470e-02
0.000000000000000000e+00
0.000000000000000000e+00
0.000000000000000000e+00
0.000000000000000000e+00
0.000000000000000000e+00
0.000000000000000000e+00
3.255940113999562964e-03
3.255940113999562964e-03
3.255940113999562964e-03
1.260195647441164982e-02
3.660184570080329217e-03
3.660184570080329217e-03
5.944250797882832602e-03
2.876962335986249942e-03
1.458880274486664807e-03
1.458880274486664807e-03
1.458880274486664807e-03
1.458880274486664807e-03
1.458880274486664807e-03
1.458880274486664807e-03
0.000000000000000000e+00
0.000000000000000000e+00
0.000000000000000000e+00
1.022956244441877889e-02
1.022956244441877889e-02
1.022956244441877889e-02
1.022956244441877889e-02
1.022956244441877889e-02
1.022956244441877889e-02
0.000000000000000000e+00
0.000000000000000000e+00
3.330673738452231969e-02
1.752459065220264220e-02
1.752459065220264220e-02
1.752459065220264220e-02
1.752459065220264220e-02
1.752459065220264220e-02
1.752459065220264220e-02
1.752459065220264220e-02
1.752459065220264220e-02
1.864886725401398299e-02
1.260195647441164982e-02
9.434343156169103239e-03
5.944250797882832602e-03
1.630092378250328627e-02
1.630092378250328627e-02
1.630092378250328627e-02
1.630092378250328627e-02
1.630092378250328627e-02
1.630092378250328627e-02
1.630092378250328627e-02
1.630092378250328627e-02
1.630092378250328627e-02
1.630092378250328627e-02
2.650342050618074638e-02
2.650342050618074638e-02
8.670569375896386433e-03
8.670569375896386433e-03
3.316460466215983421e-02
2.931285443164641236e-02
2.931285443164641236e-02
9.434343156169103239e-03
9.434343156169103239e-03
9.434343156169103239e-03
9.434343156169103239e-03
3.224193066081502967e-02
3.224193066081502967e-02
3.224193066081502967e-02
3.224193066081502967e-02
3.224193066081502967e-02
3.224193066081502967e-02
5.553463745625818702e-03
5.553463745625818702e-03
5.553463745625818702e-03
5.553463745625818702e-03
3.240808475204250052e-03
3.240808475204250052e-03
3.240808475204250052e-03
3.240808475204250052e-03
5.114300158815105607e-02
0.000000000000000000e+00
0.000000000000000000e+00
5.643732589926438170e-02
5.643732589926438170e-02
5.490718101216079255e-03
5.490718101216079255e-03
5.490718101216079255e-03
5.490718101216079255e-03
5.490718101216079255e-03
5.490718101216079255e-03
5.490718101216079255e-03
5.490718101216079255e-03
5.490718101216079255e-03
5.490718101216079255e-03
5.490718101216079255e-03
5.490718101216079255e-03
0.000000000000000000e+00
0.000000000000000000e+00
5.683914909768601580e-03
5.683914909768601580e-03
5.683914909768601580e-03
5.683914909768601580e-03
5.683914909768601580e-03
6.769394244233483023e-03
6.769394244233483023e-03
6.769394244233483023e-03
7.864300507817301514e-03
7.864300507817301514e-03
7.864300507817301514e-03
5.559306355726332909e-03
5.559306355726332909e-03
5.559306355726332909e-03
5.136608159569645143e-02
5.136608159569645143e-02
1.147501556762033428e-02
1.147501556762033428e-02
2.970298639531380319e-02
1.525433506599921819e-03
1.525433506599921819e-03
1.525433506599921819e-03
1.525433506599921819e-03
1.056499427700580661e-02
1.071123848410113558e-02
1.071123848410113558e-02
1.513523262414344286e-03
1.071123848410113558e-02
0.000000000000000000e+00
3.598340662633253695e-02
0.000000000000000000e+00
0.000000000000000000e+00
1.480123192246553167e-03
3.379988457136756663e-02
3.379988457136756663e-02
4.127071875095199294e-02
7.388981729241742057e-04
7.388981729241742057e-04
7.388981729241742057e-04
7.388981729241742057e-04
7.388981729241742057e-04
7.388981729241742057e-04
7.388981729241742057e-04
5.114300158815105607e-02
5.114300158815105607e-02
5.114300158815105607e-02
5.114300158815105607e-02
5.114300158815105607e-02
5.114300158815105607e-02
5.114300158815105607e-02
6.731720815428178170e-03
6.731720815428178170e-03
0.000000000000000000e+00
0.000000000000000000e+00
1.056499427700580661e-02
1.056499427700580661e-02
1.056499427700580661e-02
1.056499427700580661e-02
2.548115245968888415e-02
7.102234639104463600e-03
3.948627134597599252e-03
7.102234639104463600e-03
7.102234639104463600e-03
3.948627134597599252e-03
3.948627134597599252e-03
3.948627134597599252e-03
3.948627134597599252e-03
1.560551875796051431e-02
1.560551875796051431e-02
1.560551875796051431e-02
6.014812829078505091e-03
1.798050660162586051e-02
2.486198888572706267e-02
0.000000000000000000e+00
0.000000000000000000e+00
6.028529843723111695e-04
6.028529843723111695e-04
6.028529843723111695e-04
6.028529843723111695e-04
6.028529843723111695e-04
6.028529843723111695e-04
4.500551467335562814e-04
4.500551467335562814e-04
4.500551467335562814e-04
4.500551467335562814e-04
4.500551467335562814e-04
4.500551467335562814e-04
4.500551467335562814e-04
4.500551467335562814e-04
4.500551467335562814e-04
4.500551467335562814e-04
6.091563167160589549e-03
6.014812829078505091e-03
6.014812829078505091e-03
6.014812829078505091e-03
6.014812829078505091e-03
0.000000000000000000e+00
0.000000000000000000e+00
6.191404695751185142e-03
6.191404695751185142e-03
1.199395376888408651e-02
1.206287908627055872e-02
1.626298975363351523e-02
1.206287908627055872e-02
2.668114420182146097e-03
1.161588871822781012e-02
2.189400042799141341e-02
2.189400042799141341e-02
7.957535597640870775e-03
7.957535597640870775e-03
1.403884790170344642e-02
0.000000000000000000e+00
1.047227211207870518e-02
1.047227211207870518e-02
1.047227211207870518e-02
1.047227211207870518e-02
1.706658308895520060e-02
1.706658308895520060e-02
1.706658308895520060e-02
3.506650956686802306e-03
9.911028371987290475e-03
2.365011590260104532e-02
2.365011590260104532e-02
3.470703263161894082e-03
3.470703263161894082e-03
3.470703263161894082e-03
3.470703263161894082e-03
3.470703263161894082e-03
3.470703263161894082e-03
3.486439407742633612e-02
3.486439407742633612e-02
3.486439407742633612e-02
3.486439407742633612e-02
3.486439407742633612e-02
3.486439407742633612e-02
3.486439407742633612e-02
1.568674912780295902e-02
8.111506203519542463e-03
1.978426104785401853e-03
0.000000000000000000e+00
0.000000000000000000e+00
0.000000000000000000e+00
0.000000000000000000e+00
0.000000000000000000e+00
4.428178772720013472e-03
4.428178772720013472e-03
4.428178772720013472e-03
1.480123192246553167e-03
8.966999987444177226e-04
8.966999987444177226e-04
8.966999987444177226e-04
8.966999987444177226e-04
8.966999987444177226e-04
8.966999987444177226e-04
7.534550893254567637e-03
7.534550893254567637e-03
1.480123192246553167e-03
2.138973978318704436e-02
1.051550112477845494e-02
1.051550112477845494e-02
1.604710682421739767e-02
1.604710682421739767e-02
1.604710682421739767e-02
1.604710682421739767e-02
1.604710682421739767e-02
1.604710682421739767e-02
2.138973978318704436e-02
7.266038067460668833e-03
3.995734062564630651e-02
1.869535447613801180e-02
6.721691116313735677e-03
6.721691116313735677e-03
1.869535447613801180e-02
0.000000000000000000e+00
0.000000000000000000e+00
7.551561840512841656e-03
7.551561840512841656e-03
7.551561840512841656e-03
7.551561840512841656e-03
7.551561840512841656e-03
7.551561840512841656e-03
1.513523262414344286e-03
1.823150175102473264e-02
4.096635991208631700e-02
4.096635991208631700e-02
4.096635991208631700e-02
4.096635991208631700e-02
4.096635991208631700e-02
4.096635991208631700e-02
3.330673738452231969e-02
3.330673738452231969e-02
3.330673738452231969e-02
3.457454774472408943e-03
1.303138045468957285e-02
2.278970482006742113e-02
2.278970482006742113e-02
3.391970625187403637e-02
0.000000000000000000e+00
0.000000000000000000e+00
7.081693533602718450e-03
7.081693533602718450e-03
7.081693533602718450e-03
7.081693533602718450e-03
1.363763505523920422e-02
1.363763505523920422e-02
1.363763505523920422e-02
1.363763505523920422e-02
1.392537113923543284e-02
1.392537113923543284e-02
1.332984809577936712e-02
1.332984809577936712e-02
1.267401250270849822e-02
1.267401250270849822e-02
1.267401250270849822e-02
1.267401250270849822e-02
1.840014484727297769e-02
1.840014484727297769e-02
8.299063483045454950e-03
8.299063483045454950e-03
1.101196463591667084e-02
1.101196463591667084e-02
1.101196463591667084e-02
5.717845879854924207e-03
1.303138045468957285e-02
1.303138045468957285e-02
1.303138045468957285e-02
0.000000000000000000e+00
0.000000000000000000e+00
0.000000000000000000e+00
0.000000000000000000e+00
2.521363048160283130e-02
2.521363048160283130e-02
2.521363048160283130e-02
2.521363048160283130e-02
2.521363048160283130e-02
2.521363048160283130e-02
2.521363048160283130e-02
2.521363048160283130e-02
1.832830484475703528e-02
1.832830484475703528e-02
0.000000000000000000e+00
0.000000000000000000e+00
0.000000000000000000e+00
0.000000000000000000e+00
0.000000000000000000e+00
0.000000000000000000e+00
0.000000000000000000e+00
0.000000000000000000e+00
1.377073429200807025e-02
1.377073429200807025e-02
1.249211560877507531e-02
1.077473044833344648e-02
1.250907215778120259e-02
1.250907215778120259e-02
3.198354858219519536e-02
0.000000000000000000e+00
0.000000000000000000e+00
6.366778775045097566e-03
5.446061587987408199e-03
0.000000000000000000e+00
1.249211560877507531e-02
1.249211560877507531e-02
1.249211560877507531e-02
1.249211560877507531e-02
1.249211560877507531e-02
1.249211560877507531e-02
1.249211560877507531e-02
1.249211560877507531e-02
7.388005934758647662e-04
7.388005934758647662e-04
7.388005934758647662e-04
7.388005934758647662e-04
7.388005934758647662e-04
7.388005934758647662e-04
7.388005934758647662e-04
7.388005934758647662e-04
7.388005934758647662e-04
7.388005934758647662e-04
0.000000000000000000e+00
0.000000000000000000e+00
1.687899390755960016e-01
1.687899390755960016e-01
1.687899390755960016e-01
1.687899390755960016e-01
2.124168816444854061e-03
1.864886725401398299e-02
2.124168816444854061e-03
2.124168816444854061e-03
2.124168816444854061e-03
1.111773038922212777e-02
4.577363634774610571e-03
4.577363634774610571e-03
4.577363634774610571e-03
4.577363634774610571e-03
4.577363634774610571e-03
4.577363634774610571e-03
0.000000000000000000e+00
6.963646182837350714e-03
6.963646182837350714e-03
3.198354858219519536e-02
3.198354858219519536e-02
3.198354858219519536e-02
3.198354858219519536e-02
3.198354858219519536e-02
3.198354858219519536e-02
3.198354858219519536e-02
3.198354858219519536e-02
3.749541719574030207e-02
3.749541719574030207e-02
5.508216127445185288e-03
1.823150175102473264e-02
1.823150175102473264e-02
1.823150175102473264e-02
0.000000000000000000e+00
0.000000000000000000e+00
0.000000000000000000e+00
4.136145413646179908e-02
5.078894470301003466e-02
7.266038067460668833e-03
7.266038067460668833e-03
7.266038067460668833e-03
7.266038067460668833e-03
7.266038067460668833e-03
7.266038067460668833e-03
1.622675091101996245e-02
6.366778775045097566e-03
6.366778775045097566e-03
6.366778775045097566e-03
3.316460466215983421e-02
3.372401539808523099e-03
1.118524277966215404e-02
3.372401539808523099e-03
1.118524277966215404e-02
1.118524277966215404e-02
4.136145413646179908e-02
4.136145413646179908e-02
2.024284724400562258e-02
4.032947508376130002e-02
3.094288999539671417e-02
3.094288999539671417e-02
7.443718954363386271e-03
7.443718954363386271e-03
2.024284724400562258e-02
2.024284724400562258e-02
2.024284724400562258e-02
2.024284724400562258e-02
2.024284724400562258e-02
2.024284724400562258e-02
0.000000000000000000e+00
0.000000000000000000e+00
0.000000000000000000e+00
0.000000000000000000e+00
1.806193113791045024e-02
1.806193113791045024e-02
5.508216127445185288e-03
5.508216127445185288e-03
5.508216127445185288e-03
5.508216127445185288e-03
5.508216127445185288e-03
5.508216127445185288e-03
1.017385931417861752e-02
1.017385931417861752e-02
1.385359673333120926e-02
1.385359673333120926e-02
1.385359673333120926e-02
1.385359673333120926e-02
1.385359673333120926e-02
1.385359673333120926e-02
1.385359673333120926e-02
1.385359673333120926e-02
1.385359673333120926e-02
1.385359673333120926e-02
1.385359673333120926e-02
0.000000000000000000e+00
0.000000000000000000e+00
0.000000000000000000e+00
3.766617127780609586e-02
3.766617127780609586e-02
3.766617127780609586e-02
3.766617127780609586e-02
3.766617127780609586e-02
3.766617127780609586e-02
4.538431470403886739e-03
4.538431470403886739e-03
1.626298975363351523e-02
2.492399109381450081e-02
2.492399109381450081e-02
2.492399109381450081e-02
2.492399109381450081e-02
2.492399109381450081e-02
2.559945285810988694e-03
2.559945285810988694e-03
2.559945285810988694e-03
3.535307382011634858e-02
3.535307382011634858e-02
3.535307382011634858e-02
0.000000000000000000e+00
0.000000000000000000e+00
6.239733781631564419e-02
4.034300100311700998e-02
4.127071875095199294e-02
5.845322298671978660e-03
5.845322298671978660e-03
2.494059816953823460e-03
5.845322298671978660e-03
3.151545261897781280e-02
3.151545261897781280e-02
0.000000000000000000e+00
0.000000000000000000e+00
7.411635275571687182e-04
7.411635275571687182e-04
4.034300100311700998e-02
4.034300100311700998e-02
8.926390512655058354e-03
8.926390512655058354e-03
8.926390512655058354e-03
8.926390512655058354e-03
8.926390512655058354e-03
8.926390512655058354e-03
8.926390512655058354e-03
8.926390512655058354e-03
3.343019398310052154e-02
3.343019398310052154e-02
2.494059816953823460e-03
2.494059816953823460e-03
2.494059816953823460e-03
0.000000000000000000e+00
0.000000000000000000e+00
9.691428891065336296e-03
3.481842608625042475e-03
3.481842608625042475e-03
0.000000000000000000e+00
0.000000000000000000e+00
6.543806934510716308e-03
6.543806934510716308e-03
1.199065024532871421e-02
1.199065024532871421e-02
