2.742775989206527702e-03
6.134140245754853699e-02
6.134140245754853699e-02
9.172297493065004886e-03
3.345443645675120342e-02
3.345443645675120342e-02
3.345443645675120342e-02
3.345443645675120342e-02
2.975535888168550844e-02
3.417977982768038991e-02
3.417977982768038991e-02
0.000000000000000000e+00
0.000000000000000000e+00
0.000000000000000000e+00
2.916616358518781676e-02
0.000000000000000000e+00
0.000000000000000000e+00
0.000000000000000000e+00
2.916616358518781676e-02
2.916616358518781676e-02
2.916616358518781676e-02
5.268131410588385022e-03
5.268131410588385022e-03
5.268131410588385022e-03
5.268131410588385022e-03
5.268131410588385022e-03
5.268131410588385022e-03
5.268131410588385022e-03
5.268131410588385022e-03
5.268131410588385022e-03
5.268131410588385022e-03
5.268131410588385022e-03
5.268131410588385022e-03
5.268131410588385022e-03
5.268131410588385022e-03
5.268131410588385022e-03
5.268131410588385022e-03
5.268131410588385022e-03
5.268131410588385022e-03
5.268131410588385022e-03
1.052754817254350668e-02
1.052754817254350668e-02
1.052754817254350668e-02
1.052754817254350668e-02
1.052754817254350668e-02
1.052754817254350668e-02
1.052754817254350668e-02
1.052754817254350668e-02
1.052754817254350668e-02
1.052754817254350668e-02
1.052754817254350668e-02
2.975535888168550844e-02
2.975535888168550844e-02
2.975535888168550844e-02
2.975535888168550844e-02
2.975535888168550844e-02
2.975535888168550844e-02
2.975535888168550844e-02
2.975535888168550844e-02
2.975535888168550844e-02
2.975535888168550844e-02
4.964642705833082967e-03
2.112407360678900808e-02
2.112407360678900808e-02
2.112407360678900808e-02
2.112407360678900808e-02
3.005697949380911442e-03
3.005697949380911442e-03
3.005697949380911442e-03
3.005697949380911442e-03
3.005697949380911442e-03
3.005697949380911442e-03
3.005697949380911442e-03
3.005697949380911442e-03
3.005697949380911442e-03
3.005697949380911442e-03
3.005697949380911442e-03
3.005697949380911442e-03
3.005697949380911442e-03
1.298984167808090763e-03
1.451156943139599552e-02
1.451156943139599552e-02
8.461561650264614112e-03
8.699943149695530190e-03
8.699943149695530190e-03
1.105919499020897347e-02
8.699943149695530190e-03
4.036024656265815164e-03
1.615287625433132557e-03
1.615287625433132557e-03
1.615287625433132557e-03
1.615287625433132557e-03
4.964642705833082967e-03
4.964642705833082967e-03
4.964642705833082967e-03
4.964642705833082967e-03
4.964642705833082967e-03
4.964642705833082967e-03
4.964642705833082967e-03
4.964642705833082967e-03
4.964642705833082967e-03
4.964642705833082967e-03
4.964642705833082967e-03
4.964642705833082967e-03
0.000000000000000000e+00
1.707797070665579078e-02
1.707797070665579078e-02
1.707797070665579078e-02
1.707797070665579078e-02
1.707797070665579078e-02
1.707797070665579078e-02
1.707797070665579078e-02
1.707797070665579078e-02
1.707797070665579078e-02
1.707797070665579078e-02
1.707797070665579078e-02
1.707797070665579078e-02
1.707797070665579078e-02
1.707797070665579078e-02
2.458945832346114482e-02
9.541723671456789693e-03
9.541723671456789693e-03
1.298984167808090763e-03
1.298984167808090763e-03
1.298984167808090763e-03
1.298984167808090763e-03
1.298984167808090763e-03
1.298984167808090763e-03
1.298984167808090763e-03
1.298984167808090763e-03
1.298984167808090763e-03
1.298984167808090763e-03
7.960701351310675578e-03
1.785940566479119265e-02
1.785940566479119265e-02
1.785940566479119265e-02
1.785940566479119265e-02
1.785940566479119265e-02
1.785940566479119265e-02
8.718197584883434449e-04
2.550707489953194310e-02
2.550707489953194310e-02
2.550707489953194310e-02
2.550707489953194310e-02
3.107201591480557648e-02
2.550707489953194310e-02
2.550707489953194310e-02
2.550707489953194310e-02
2.550707489953194310e-02
2.550707489953194310e-02
1.494072542435692132e-02
1.494072542435692132e-02
1.494072542435692132e-02
1.494072542435692132e-02
1.494072542435692132e-02
1.494072542435692132e-02
1.494072542435692132e-02
1.494072542435692132e-02
1.494072542435692132e-02
1.494072542435692132e-02
1.494072542435692132e-02
1.494072542435692132e-02
1.494072542435692132e-02
1.219618518773395686e-02
3.108033334185651697e-02
3.108033334185651697e-02
3.108033334185651697e-02
3.108033334185651697e-02
3.108033334185651697e-02
3.108033334185651697e-02
3.108033334185651697e-02
3.108033334185651697e-02
1.316412485803120785e-02
2.929745909684550870e-03
2.929745909684550870e-03
2.929745909684550870e-03
2.929745909684550870e-03
7.090251519310438941e-03
3.226323772769223303e-02
3.226323772769223303e-02
7.835608208212994572e-03
1.754084535885472003e-03
1.754084535885472003e-03
1.754084535885472003e-03
1.754084535885472003e-03
1.754084535885472003e-03
1.754084535885472003e-03
1.983810452690610172e-03
6.147532564006982433e-03
6.147532564006982433e-03
6.147532564006982433e-03
6.147532564006982433e-03
6.147532564006982433e-03
6.147532564006982433e-03
6.147532564006982433e-03
6.147532564006982433e-03
6.147532564006982433e-03
6.147532564006982433e-03
1.316412485803120785e-02
9.291439259893719688e-03
9.291439259893719688e-03
0.000000000000000000e+00
0.000000000000000000e+00
0.000000000000000000e+00
0.000000000000000000e+00
0.000000000000000000e+00
0.000000000000000000e+00
0.000000000000000000e+00
0.000000000000000000e+00
0.000000000000000000e+00
0.000000000000000000e+00
0.000000000000000000e+00
0.000000000000000000e+00
0.000000000000000000e+00
0.000000000000000000e+00
0.000000000000000000e+00
0.000000000000000000e+00
0.000000000000000000e+00
0.000000000000000000e+00
3.703335992091002539e-03
7.261019153017816258e-05
7.261019153017816258e-05
7.261019153017816258e-05
7.261019153017816258e-05
7.261019153017816258e-05
7.261019153017816258e-05
7.261019153017816258e-05
7.261019153017816258e-05
7.261019153017816258e-05
7.261019153017816258e-05
0.000000000000000000e+00
0.000000000000000000e+00
0.000000000000000000e+00
0.000000000000000000e+00
2.859337029761459953e-02
2.859337029761459953e-02
2.859337029761459953e-02
2.859337029761459953e-02
2.859337029761459953e-02
2.859337029761459953e-02
2.859337029761459953e-02
2.859337029761459953e-02
2.859337029761459953e-02
2.859337029761459953e-02
2.859337029761459953e-02
4.290414481820558484e-02
2.946032421987824015e-02
2.946032421987824015e-02
2.946032421987824015e-02
2.946032421987824015e-02
2.946032421987824015e-02
2.946032421987824015e-02
2.946032421987824015e-02
2.946032421987824015e-02
0.000000000000000000e+00
0.000000000000000000e+00
0.000000000000000000e+00
0.000000000000000000e+00
0.000000000000000000e+00
0.000000000000000000e+00
0.000000000000000000e+00
3.065850738372796411e-02
4.290414481820558484e-02
4.290414481820558484e-02
4.290414481820558484e-02
6.910211827748449949e-03
2.379942466856840855e-02
2.379942466856840855e-02
2.379942466856840855e-02
2.379942466856840855e-02
2.379942466856840855e-02
2.379942466856840855e-02
2.379942466856840855e-02
2.379942466856840855e-02
0.000000000000000000e+00
0.000000000000000000e+00
0.000000000000000000e+00
0.000000000000000000e+00
0.000000000000000000e+00
0.000000000000000000e+00
0.000000000000000000e+00
0.000000000000000000e+00
0.000000000000000000e+00
2.795301768994474731e-02
2.795301768994474731e-02
2.795301768994474731e-02
2.795301768994474731e-02
2.795301768994474731e-02
2.795301768994474731e-02
2.795301768994474731e-02
2.795301768994474731e-02
2.795301768994474731e-02
2.795301768994474731e-02
2.795301768994474731e-02
2.795301768994474731e-02
2.795301768994474731e-02
9.770220809070631271e-03
9.770220809070631271e-03
9.770220809070631271e-03
9.770220809070631271e-03
9.770220809070631271e-03
9.770220809070631271e-03
9.770220809070631271e-03
9.770220809070631271e-03
9.770220809070631271e-03
9.770220809070631271e-03
9.770220809070631271e-03
8.303960897288967941e-03
1.856470862824433077e-02
1.856470862824433077e-02
3.406711511759121652e-02
4.327037402063019234e-02
4.327037402063019234e-02
4.327037402063019234e-02
4.327037402063019234e-02
4.327037402063019234e-02
4.327037402063019234e-02
4.327037402063019234e-02
4.327037402063019234e-02
6.645081104568469933e-03
8.303960897288967941e-03
8.303960897288967941e-03
8.303960897288967941e-03
1.219986245167133110e-02
1.221440953228647994e-03
1.221440953228647994e-03
1.153027505224313125e-02
1.153027505224313125e-02
1.153027505224313125e-02
1.153027505224313125e-02
1.153027505224313125e-02
1.153027505224313125e-02
1.153027505224313125e-02
1.153027505224313125e-02
1.153027505224313125e-02
1.153027505224313125e-02
1.153027505224313125e-02
1.153027505224313125e-02
1.153027505224313125e-02
1.153027505224313125e-02
1.153027505224313125e-02
1.153027505224313125e-02
1.153027505224313125e-02
1.153027505224313125e-02
1.153027505224313125e-02
1.153027505224313125e-02
1.153027505224313125e-02
1.153027505224313125e-02
1.153027505224313125e-02
1.153027505224313125e-02
1.153027505224313125e-02
1.153027505224313125e-02
1.153027505224313125e-02
1.153027505224313125e-02
1.153027505224313125e-02
1.153027505224313125e-02
1.153027505224313125e-02
0.000000000000000000e+00
0.000000000000000000e+00
0.000000000000000000e+00
7.816868497349332978e-03
1.219986245167133110e-02
1.219986245167133110e-02
1.219986245167133110e-02
0.000000000000000000e+00
0.000000000000000000e+00
0.000000000000000000e+00
0.000000000000000000e+00
0.000000000000000000e+00
0.000000000000000000e+00
0.000000000000000000e+00
0.000000000000000000e+00
0.000000000000000000e+00
0.000000000000000000e+00
0.000000000000000000e+00
0.000000000000000000e+00
1.990754169552240785e-02
1.492245354620122012e-02
1.492245354620122012e-02
2.017562390991146579e-02
2.017562390991146579e-02
2.017562390991146579e-02
2.017562390991146579e-02
2.017562390991146579e-02
2.017562390991146579e-02
2.017562390991146579e-02
2.017562390991146579e-02
2.017562390991146579e-02
2.017562390991146579e-02
2.017562390991146579e-02
5.958541928255797239e-03
5.958541928255797239e-03
5.958541928255797239e-03
5.958541928255797239e-03
5.958541928255797239e-03
5.958541928255797239e-03
5.958541928255797239e-03
5.958541928255797239e-03
5.958541928255797239e-03
5.958541928255797239e-03
5.958541928255797239e-03
1.983810452690610172e-03
1.983810452690610172e-03
1.983810452690610172e-03
1.983810452690610172e-03
3.312106844035391916e-03
2.971557182573208999e-02
2.971557182573208999e-02
7.991777694456426648e-03
7.991777694456426648e-03
7.991777694456426648e-03
7.991777694456426648e-03
7.991777694456426648e-03
7.991777694456426648e-03
7.991777694456426648e-03
7.991777694456426648e-03
7.991777694456426648e-03
7.991777694456426648e-03
7.991777694456426648e-03
6.229730464171797516e-03
6.229730464171797516e-03
6.229730464171797516e-03
6.229730464171797516e-03
6.229730464171797516e-03
6.229730464171797516e-03
6.229730464171797516e-03
6.229730464171797516e-03
6.229730464171797516e-03
6.229730464171797516e-03
6.229730464171797516e-03
8.793767706347205629e-03
3.459249584861533080e-03
1.307122215264599086e-03
3.459249584861533080e-03
3.459249584861533080e-03
3.459249584861533080e-03
3.459249584861533080e-03
3.459249584861533080e-03
3.459249584861533080e-03
3.459249584861533080e-03
5.321716454637841036e-03
1.132706928431727843e-02
1.132706928431727843e-02
5.489264171562173097e-03
5.489264171562173097e-03
5.489264171562173097e-03
5.489264171562173097e-03
5.489264171562173097e-03
5.489264171562173097e-03
5.489264171562173097e-03
5.489264171562173097e-03
5.489264171562173097e-03
5.489264171562173097e-03
5.489264171562173097e-03
2.470415774208577220e-02
2.470415774208577220e-02
2.470415774208577220e-02
2.470415774208577220e-02
2.470415774208577220e-02
2.470415774208577220e-02
2.470415774208577220e-02
2.470415774208577220e-02
2.470415774208577220e-02
2.470415774208577220e-02
2.470415774208577220e-02
5.321716454637841036e-03
5.321716454637841036e-03
5.321716454637841036e-03
5.321716454637841036e-03
5.321716454637841036e-03
5.321716454637841036e-03
5.321716454637841036e-03
5.321716454637841036e-03
5.321716454637841036e-03
5.321716454637841036e-03
5.321716454637841036e-03
5.321716454637841036e-03
5.321716454637841036e-03
5.321716454637841036e-03
5.321716454637841036e-03
5.321716454637841036e-03
5.149207523642842892e-03
4.943757166151675113e-04
4.943757166151675113e-04
4.943757166151675113e-04
4.943757166151675113e-04
4.943757166151675113e-04
4.943757166151675113e-04
8.044742123579601972e-03
8.044742123579601972e-03
8.044742123579601972e-03
8.044742123579601972e-03
8.044742123579601972e-03
8.044742123579601972e-03
8.044742123579601972e-03
8.044742123579601972e-03
8.044742123579601972e-03
8.044742123579601972e-03
8.044742123579601972e-03
8.044742123579601972e-03
8.044742123579601972e-03
0.000000000000000000e+00
1.445869603333408901e-02
1.445869603333408901e-02
1.445869603333408901e-02
1.445869603333408901e-02
1.445869603333408901e-02
1.445869603333408901e-02
1.445869603333408901e-02
1.445869603333408901e-02
0.000000000000000000e+00
0.000000000000000000e+00
0.000000000000000000e+00
0.000000000000000000e+00
0.000000000000000000e+00
0.000000000000000000e+00
0.000000000000000000e+00
0.000000000000000000e+00
0.000000000000000000e+00
1.219618518773395686e-02
1.219618518773395686e-02
1.219618518773395686e-02
1.219618518773395686e-02
0.000000000000000000e+00
0.000000000000000000e+00
0.000000000000000000e+00
0.000000000000000000e+00
0.000000000000000000e+00
0.000000000000000000e+00
0.000000000000000000e+00
0.000000000000000000e+00
0.000000000000000000e+00
0.000000000000000000e+00
0.000000000000000000e+00
1.052133719997684971e-02
1.052133719997684971e-02
1.052133719997684971e-02
0.000000000000000000e+00
1.052133719997684971e-02
1.052133719997684971e-02
1.052133719997684971e-02
1.052133719997684971e-02
1.052133719997684971e-02
1.052133719997684971e-02
1.052133719997684971e-02
1.052133719997684971e-02
1.052133719997684971e-02
1.052133719997684971e-02
1.052133719997684971e-02
1.052133719997684971e-02
1.052133719997684971e-02
1.052133719997684971e-02
1.052133719997684971e-02
7.090251519310438941e-03
7.090251519310438941e-03
7.090251519310438941e-03
7.090251519310438941e-03
7.090251519310438941e-03
7.090251519310438941e-03
7.090251519310438941e-03
7.090251519310438941e-03
7.090251519310438941e-03
7.090251519310438941e-03
7.090251519310438941e-03
7.090251519310438941e-03
0.000000000000000000e+00
0.000000000000000000e+00
0.000000000000000000e+00
0.000000000000000000e+00
0.000000000000000000e+00
0.000000000000000000e+00
0.000000000000000000e+00
0.000000000000000000e+00
0.000000000000000000e+00
0.000000000000000000e+00
0.000000000000000000e+00
0.000000000000000000e+00
0.000000000000000000e+00
0.000000000000000000e+00
3.830915982192044378e-02
0.000000000000000000e+00
0.000000000000000000e+00
0.000000000000000000e+00
0.000000000000000000e+00
1.269461289074772480e-02
1.269461289074772480e-02
1.269461289074772480e-02
1.269461289074772480e-02
1.269461289074772480e-02
1.269461289074772480e-02
1.269461289074772480e-02
1.269461289074772480e-02
1.269461289074772480e-02
1.269461289074772480e-02
1.269461289074772480e-02
1.216570214725340091e-02
2.684659995227621845e-02
2.684659995227621845e-02
8.837402603631612855e-03
6.472253804627786135e-03
6.472253804627786135e-03
6.472253804627786135e-03
6.472253804627786135e-03
6.472253804627786135e-03
6.472253804627786135e-03
6.472253804627786135e-03
6.472253804627786135e-03
0.000000000000000000e+00
0.000000000000000000e+00
0.000000000000000000e+00
0.000000000000000000e+00
3.830915982192044378e-02
2.673404256897582085e-02
2.673404256897582085e-02
2.673404256897582085e-02
2.673404256897582085e-02
2.690709359966655771e-03
3.486388153967712178e-02
3.486388153967712178e-02
3.486388153967712178e-02
3.486388153967712178e-02
3.486388153967712178e-02
3.486388153967712178e-02
3.486388153967712178e-02
3.486388153967712178e-02
0.000000000000000000e+00
0.000000000000000000e+00
0.000000000000000000e+00
0.000000000000000000e+00
0.000000000000000000e+00
1.216570214725340091e-02
1.216570214725340091e-02
1.216570214725340091e-02
1.216570214725340091e-02
1.216570214725340091e-02
1.216570214725340091e-02
1.216570214725340091e-02
1.216570214725340091e-02
1.216570214725340091e-02
1.216570214725340091e-02
1.216570214725340091e-02
1.216570214725340091e-02
1.216570214725340091e-02
1.216570214725340091e-02
1.216570214725340091e-02
1.216570214725340091e-02
1.216570214725340091e-02
1.216570214725340091e-02
1.216570214725340091e-02
1.216570214725340091e-02
1.216570214725340091e-02
1.216570214725340091e-02
1.216570214725340091e-02
1.216570214725340091e-02
5.879411005686383841e-03
9.357058715485715508e-03
9.357058715485715508e-03
7.385641129298937957e-03
1.139562312085583805e-02
1.139562312085583805e-02
1.139562312085583805e-02
1.139562312085583805e-02
2.119612166385231034e-01
2.119612166385231034e-01
2.119612166385231034e-01
2.119612166385231034e-01
2.119612166385231034e-01
2.119612166385231034e-01
2.119612166385231034e-01
2.119612166385231034e-01
2.119612166385231034e-01
2.119612166385231034e-01
2.119612166385231034e-01
2.119612166385231034e-01
2.119612166385231034e-01
2.119612166385231034e-01
2.119612166385231034e-01
2.119612166385231034e-01
2.119612166385231034e-01
2.119612166385231034e-01
2.119612166385231034e-01
2.119612166385231034e-01
2.119612166385231034e-01
0.000000000000000000e+00
0.000000000000000000e+00
0.000000000000000000e+00
0.000000000000000000e+00
0.000000000000000000e+00
5.387469368403495842e-03
2.070005174116456431e-02
2.070005174116456431e-02
1.797073928678643434e-02
2.070005174116456431e-02
5.124635053887311061e-03
2.663091923436214370e-02
2.663091923436214370e-02
2.663091923436214370e-02
2.663091923436214370e-02
2.690709359966655771e-03
1.341422524953557287e-02
1.341422524953557287e-02
5.124635053887311061e-03
5.124635053887311061e-03
5.124635053887311061e-03
5.124635053887311061e-03
5.124635053887311061e-03
5.124635053887311061e-03
5.124635053887311061e-03
5.124635053887311061e-03
5.124635053887311061e-03
5.124635053887311061e-03
5.124635053887311061e-03
5.124635053887311061e-03
1.762998650582201995e-02
1.762998650582201995e-02
1.762998650582201995e-02
1.762998650582201995e-02
1.762998650582201995e-02
1.762998650582201995e-02
1.762998650582201995e-02
1.762998650582201995e-02
1.762998650582201995e-02
1.762998650582201995e-02
1.762998650582201995e-02
1.712745382824682264e-02
2.250570478979285402e-02
2.250570478979285402e-02
2.250570478979285402e-02
2.250570478979285402e-02
2.250570478979285402e-02
2.250570478979285402e-02
2.250570478979285402e-02
2.250570478979285402e-02
1.394300550835605654e-02
1.530071931267330647e-02
1.530071931267330647e-02
1.530071931267330647e-02
1.530071931267330647e-02
1.530071931267330647e-02
1.530071931267330647e-02
1.530071931267330647e-02
1.530071931267330647e-02
3.213240809849439265e-03
3.213240809849439265e-03
3.213240809849439265e-03
3.213240809849439265e-03
3.213240809849439265e-03
3.213240809849439265e-03
3.213240809849439265e-03
3.213240809849439265e-03
3.213240809849439265e-03
3.213240809849439265e-03
3.213240809849439265e-03
4.804579407168718674e-03
6.445645897876780585e-03
6.445645897876780585e-03
6.445645897876780585e-03
6.445645897876780585e-03
6.445645897876780585e-03
6.445645897876780585e-03
0.000000000000000000e+00
6.445645897876780585e-03
0.000000000000000000e+00
6.445645897876780585e-03
6.445645897876780585e-03
6.445645897876780585e-03
8.522865829612058866e-03
8.522865829612058866e-03
8.522865829612058866e-03
8.522865829612058866e-03
8.522865829612058866e-03
8.522865829612058866e-03
8.522865829612058866e-03
8.522865829612058866e-03
8.522865829612058866e-03
8.522865829612058866e-03
8.522865829612058866e-03
8.522865829612058866e-03
8.522865829612058866e-03
8.522865829612058866e-03
8.522865829612058866e-03
8.522865829612058866e-03
8.522865829612058866e-03
8.522865829612058866e-03
8.522865829612058866e-03
1.105919499020897347e-02
0.000000000000000000e+00
0.000000000000000000e+00
0.000000000000000000e+00
1.008657731752144252e-02
1.008657731752144252e-02
1.008657731752144252e-02
1.008657731752144252e-02
1.008657731752144252e-02
1.008657731752144252e-02
1.008657731752144252e-02
1.008657731752144252e-02
1.008657731752144252e-02
1.008657731752144252e-02
1.008657731752144252e-02
3.170763094377996791e-03
3.170763094377996791e-03
3.170763094377996791e-03
3.170763094377996791e-03
3.170763094377996791e-03
3.170763094377996791e-03
3.170763094377996791e-03
3.170763094377996791e-03
3.170763094377996791e-03
3.170763094377996791e-03
3.170763094377996791e-03
6.602661670808094088e-03
3.489133549405275952e-02
3.489133549405275952e-02
8.551709133935063781e-03
1.945494533927109859e-02
1.945494533927109859e-02
1.945494533927109859e-02
1.945494533927109859e-02
1.945494533927109859e-02
1.945494533927109859e-02
1.945494533927109859e-02
1.945494533927109859e-02
3.047079403148413718e-02
5.932920154487716403e-03
5.932920154487716403e-03
5.932920154487716403e-03
5.932920154487716403e-03
5.932920154487716403e-03
5.932920154487716403e-03
5.932920154487716403e-03
5.932920154487716403e-03
6.602661670808094088e-03
6.602661670808094088e-03
6.602661670808094088e-03
6.602661670808094088e-03
6.602661670808094088e-03
6.602661670808094088e-03
1.681469763982918267e-02
6.602661670808094088e-03
1.039079344774100286e-02
1.039079344774100286e-02
1.039079344774100286e-02
1.039079344774100286e-02
1.039079344774100286e-02
1.039079344774100286e-02
1.039079344774100286e-02
1.039079344774100286e-02
1.039079344774100286e-02
1.039079344774100286e-02
1.039079344774100286e-02
1.039079344774100286e-02
1.039079344774100286e-02
1.578490217297149343e-03
1.675121871549700020e-02
1.675121871549700020e-02
1.675121871549700020e-02
1.675121871549700020e-02
1.675121871549700020e-02
1.675121871549700020e-02
1.675121871549700020e-02
1.675121871549700020e-02
1.675121871549700020e-02
1.675121871549700020e-02
1.681469763982918267e-02
1.681469763982918267e-02
1.681469763982918267e-02
1.681469763982918267e-02
1.681469763982918267e-02
1.681469763982918267e-02
1.681469763982918267e-02
2.583541090467366200e-03
9.548073424475518774e-04
9.548073424475518774e-04
9.548073424475518774e-04
9.548073424475518774e-04
9.548073424475518774e-04
9.548073424475518774e-04
9.548073424475518774e-04
9.548073424475518774e-04
9.548073424475518774e-04
9.548073424475518774e-04
9.548073424475518774e-04
9.548073424475518774e-04
1.578490217297149343e-03
1.578490217297149343e-03
1.578490217297149343e-03
1.578490217297149343e-03
1.578490217297149343e-03
1.578490217297149343e-03
1.578490217297149343e-03
1.578490217297149343e-03
1.578490217297149343e-03
1.578490217297149343e-03
1.646547933998374026e-03
4.746400117362835173e-03
4.746400117362835173e-03
4.746400117362835173e-03
4.746400117362835173e-03
4.746400117362835173e-03
4.746400117362835173e-03
4.746400117362835173e-03
4.746400117362835173e-03
4.746400117362835173e-03
4.746400117362835173e-03
4.746400117362835173e-03
4.746400117362835173e-03
4.746400117362835173e-03
4.746400117362835173e-03
4.746400117362835173e-03
4.746400117362835173e-03
4.746400117362835173e-03
4.746400117362835173e-03
4.746400117362835173e-03
4.746400117362835173e-03
2.306000433969934964e-03
2.306000433969934964e-03
2.306000433969934964e-03
2.306000433969934964e-03
2.306000433969934964e-03
2.306000433969934964e-03
2.306000433969934964e-03
2.306000433969934964e-03
2.306000433969934964e-03
2.306000433969934964e-03
2.306000433969934964e-03
2.306000433969934964e-03
2.306000433969934964e-03
2.306000433969934964e-03
2.306000433969934964e-03
2.306000433969934964e-03
2.306000433969934964e-03
2.306000433969934964e-03
2.306000433969934964e-03
2.306000433969934964e-03
2.306000433969934964e-03
2.306000433969934964e-03
2.306000433969934964e-03
2.306000433969934964e-03
2.306000433969934964e-03
1.702301906725120842e-02
2.157322042064976561e-02
2.157322042064976561e-02
0.000000000000000000e+00
0.000000000000000000e+00
0.000000000000000000e+00
0.000000000000000000e+00
1.722943737165318068e-02
1.810907542613256899e-02
1.810907542613256899e-02
1.702301906725120842e-02
1.702301906725120842e-02
1.702301906725120842e-02
1.702301906725120842e-02
1.702301906725120842e-02
1.702301906725120842e-02
1.702301906725120842e-02
1.702301906725120842e-02
1.702301906725120842e-02
1.702301906725120842e-02
1.702301906725120842e-02
1.702301906725120842e-02
0.000000000000000000e+00
0.000000000000000000e+00
0.000000000000000000e+00
0.000000000000000000e+00
0.000000000000000000e+00
0.000000000000000000e+00
0.000000000000000000e+00
0.000000000000000000e+00
1.902449127487270894e-02
1.902449127487270894e-02
1.902449127487270894e-02
1.902449127487270894e-02
1.902449127487270894e-02
1.902449127487270894e-02
1.902449127487270894e-02
1.902449127487270894e-02
1.902449127487270894e-02
1.902449127487270894e-02
0.000000000000000000e+00
0.000000000000000000e+00
0.000000000000000000e+00
0.000000000000000000e+00
0.000000000000000000e+00
0.000000000000000000e+00
0.000000000000000000e+00
0.000000000000000000e+00
0.000000000000000000e+00
0.000000000000000000e+00
0.000000000000000000e+00
0.000000000000000000e+00
0.000000000000000000e+00
0.000000000000000000e+00
0.000000000000000000e+00
2.559494798806368973e-02
8.611522937083528756e-03
8.611522937083528756e-03
8.611522937083528756e-03
8.611522937083528756e-03
8.611522937083528756e-03
8.611522937083528756e-03
8.611522937083528756e-03
8.611522937083528756e-03
7.835608208212994572e-03
0.000000000000000000e+00
0.000000000000000000e+00
1.836563911768005625e-02
1.836563911768005625e-02
1.836563911768005625e-02
1.836563911768005625e-02
1.836563911768005625e-02
1.836563911768005625e-02
1.836563911768005625e-02
1.836563911768005625e-02
1.836563911768005625e-02
1.836563911768005625e-02
1.836563911768005625e-02
5.658498257344583664e-03
5.658498257344583664e-03
5.658498257344583664e-03
5.658498257344583664e-03
5.658498257344583664e-03
5.658498257344583664e-03
5.658498257344583664e-03
5.658498257344583664e-03
5.658498257344583664e-03
5.658498257344583664e-03
5.658498257344583664e-03
5.658498257344583664e-03
5.658498257344583664e-03
1.565765488054554394e-04
1.565765488054554394e-04
1.565765488054554394e-04
1.565765488054554394e-04
1.565765488054554394e-04
1.565765488054554394e-04
1.565765488054554394e-04
1.565765488054554394e-04
1.565765488054554394e-04
1.565765488054554394e-04
1.565765488054554394e-04
1.565765488054554394e-04
1.565765488054554394e-04
5.101434251438896790e-03
5.101434251438896790e-03
5.101434251438896790e-03
5.101434251438896790e-03
5.101434251438896790e-03
5.101434251438896790e-03
5.101434251438896790e-03
5.101434251438896790e-03
5.101434251438896790e-03
5.101434251438896790e-03
5.101434251438896790e-03
5.101434251438896790e-03
5.101434251438896790e-03
5.101434251438896790e-03
5.101434251438896790e-03
5.101434251438896790e-03
5.101434251438896790e-03
1.186499513374084276e-02
1.186499513374084276e-02
1.186499513374084276e-02
1.186499513374084276e-02
1.186499513374084276e-02
1.186499513374084276e-02
1.186499513374084276e-02
1.186499513374084276e-02
1.186499513374084276e-02
1.186499513374084276e-02
1.186499513374084276e-02
0.000000000000000000e+00
0.000000000000000000e+00
1.316909445240200399e-02
1.316909445240200399e-02
1.316909445240200399e-02
1.316909445240200399e-02
1.316909445240200399e-02
1.316909445240200399e-02
1.316909445240200399e-02
1.316909445240200399e-02
1.316909445240200399e-02
1.316909445240200399e-02
1.316909445240200399e-02
1.316909445240200399e-02
1.316909445240200399e-02
1.316909445240200399e-02
1.316909445240200399e-02
1.316909445240200399e-02
1.316909445240200399e-02
1.316909445240200399e-02
1.316909445240200399e-02
1.316909445240200399e-02
1.316909445240200399e-02
1.316909445240200399e-02
1.316909445240200399e-02
1.316909445240200399e-02
1.316909445240200399e-02
1.316909445240200399e-02
1.316909445240200399e-02
2.592116615657486575e-03
7.576708632371347701e-03
7.576708632371347701e-03
7.576708632371347701e-03
7.576708632371347701e-03
7.576708632371347701e-03
7.576708632371347701e-03
3.406711511759121652e-02
3.406711511759121652e-02
1.270691350767813761e-02
1.270691350767813761e-02
1.270691350767813761e-02
1.270691350767813761e-02
1.270691350767813761e-02
1.270691350767813761e-02
1.270691350767813761e-02
1.270691350767813761e-02
1.270691350767813761e-02
1.270691350767813761e-02
1.270691350767813761e-02
1.270691350767813761e-02
1.270691350767813761e-02
1.270691350767813761e-02
1.270691350767813761e-02
1.270691350767813761e-02
1.270691350767813761e-02
5.387469368403495842e-03
1.797073928678643434e-02
1.797073928678643434e-02
1.797073928678643434e-02
1.797073928678643434e-02
1.797073928678643434e-02
1.797073928678643434e-02
1.303992406661733626e-02
1.303992406661733626e-02
1.303992406661733626e-02
1.303992406661733626e-02
1.303992406661733626e-02
1.303992406661733626e-02
1.303992406661733626e-02
1.303992406661733626e-02
1.303992406661733626e-02
1.303992406661733626e-02
1.303992406661733626e-02
2.298754030926607184e-02
1.266881231884320336e-02
1.266881231884320336e-02
1.534112849919182361e-03
1.534112849919182361e-03
1.534112849919182361e-03
7.066141520317161494e-03
1.534112849919182361e-03
7.066141520317161494e-03
7.066141520317161494e-03
7.066141520317161494e-03
7.066141520317161494e-03
7.066141520317161494e-03
7.066141520317161494e-03
7.066141520317161494e-03
7.066141520317161494e-03
7.066141520317161494e-03
7.066141520317161494e-03
7.066141520317161494e-03
7.066141520317161494e-03
7.066141520317161494e-03
7.066141520317161494e-03
7.066141520317161494e-03
7.066141520317161494e-03
7.066141520317161494e-03
7.066141520317161494e-03
7.066141520317161494e-03
7.066141520317161494e-03
7.066141520317161494e-03
7.066141520317161494e-03
7.066141520317161494e-03
6.129982214167122370e-03
3.312106844035391916e-03
3.312106844035391916e-03
3.312106844035391916e-03
8.072015174284821043e-03
6.129982214167122370e-03
0.000000000000000000e+00
0.000000000000000000e+00
0.000000000000000000e+00
0.000000000000000000e+00
0.000000000000000000e+00
0.000000000000000000e+00
0.000000000000000000e+00
0.000000000000000000e+00
0.000000000000000000e+00
0.000000000000000000e+00
0.000000000000000000e+00
0.000000000000000000e+00
0.000000000000000000e+00
3.090984880861128142e-03
2.275791153509530164e-04
2.275791153509530164e-04
9.240760297960731381e-03
1.148632059190081997e-03
1.148632059190081997e-03
1.148632059190081997e-03
1.148632059190081997e-03
1.148632059190081997e-03
1.148632059190081997e-03
6.807494493477184334e-03
6.807494493477184334e-03
6.807494493477184334e-03
6.807494493477184334e-03
6.807494493477184334e-03
6.807494493477184334e-03
6.807494493477184334e-03
6.807494493477184334e-03
6.807494493477184334e-03
6.807494493477184334e-03
6.807494493477184334e-03
2.465964121792794603e-02
6.807494493477184334e-03
6.807494493477184334e-03
6.807494493477184334e-03
0.000000000000000000e+00
2.101350933187800391e-02
7.258051574742251794e-03
7.258051574742251794e-03
7.258051574742251794e-03
7.258051574742251794e-03
0.000000000000000000e+00
0.000000000000000000e+00
0.000000000000000000e+00
0.000000000000000000e+00
0.000000000000000000e+00
1.681399448393362025e-03
0.000000000000000000e+00
0.000000000000000000e+00
0.000000000000000000e+00
0.000000000000000000e+00
0.000000000000000000e+00
0.000000000000000000e+00
2.382097303925336668e-02
7.908237249104748149e-04
7.908237249104748149e-04
7.908237249104748149e-04
7.908237249104748149e-04
2.465964121792794603e-02
2.674394032910186805e-02
2.674394032910186805e-02
4.603870139106124026e-02
1.962538227143967372e-04
1.962538227143967372e-04
1.962538227143967372e-04
1.962538227143967372e-04
1.962538227143967372e-04
1.962538227143967372e-04
1.962538227143967372e-04
1.962538227143967372e-04
1.962538227143967372e-04
1.962538227143967372e-04
1.962538227143967372e-04
1.962538227143967372e-04
1.962538227143967372e-04
1.962538227143967372e-04
1.962538227143967372e-04
1.962538227143967372e-04
1.962538227143967372e-04
1.962538227143967372e-04
1.962538227143967372e-04
1.962538227143967372e-04
1.962538227143967372e-04
1.962538227143967372e-04
1.962538227143967372e-04
1.962538227143967372e-04
1.962538227143967372e-04
1.962538227143967372e-04
1.962538227143967372e-04
1.962538227143967372e-04
1.962538227143967372e-04
1.962538227143967372e-04
0.000000000000000000e+00
0.000000000000000000e+00
0.000000000000000000e+00
0.000000000000000000e+00
0.000000000000000000e+00
0.000000000000000000e+00
1.681399448393362025e-03
1.681399448393362025e-03
1.681399448393362025e-03
1.681399448393362025e-03
9.209342039065288033e-03
9.209342039065288033e-03
9.209342039065288033e-03
9.209342039065288033e-03
9.209342039065288033e-03
9.209342039065288033e-03
9.209342039065288033e-03
9.209342039065288033e-03
9.209342039065288033e-03
9.209342039065288033e-03
9.209342039065288033e-03
9.209342039065288033e-03
9.209342039065288033e-03
9.209342039065288033e-03
9.209342039065288033e-03
1.243171213344608202e-03
1.243171213344608202e-03
1.243171213344608202e-03
1.243171213344608202e-03
1.243171213344608202e-03
1.243171213344608202e-03
1.243171213344608202e-03
1.243171213344608202e-03
1.243171213344608202e-03
1.243171213344608202e-03
1.243171213344608202e-03
1.243171213344608202e-03
1.243171213344608202e-03
1.243171213344608202e-03
1.243171213344608202e-03
1.243171213344608202e-03
1.243171213344608202e-03
1.243171213344608202e-03
1.243171213344608202e-03
1.243171213344608202e-03
1.243171213344608202e-03
1.292805889261652115e-03
2.807042590092074727e-02
2.807042590092074727e-02
2.807042590092074727e-02
2.807042590092074727e-02
4.603870139106124026e-02
4.603870139106124026e-02
4.603870139106124026e-02
4.603870139106124026e-02
4.106709736891914187e-04
1.554158901731724635e-02
1.554158901731724635e-02
1.554158901731724635e-02
1.554158901731724635e-02
1.554158901731724635e-02
1.554158901731724635e-02
3.413764009634293051e-03
8.289946394813133002e-03
8.289946394813133002e-03
8.289946394813133002e-03
8.289946394813133002e-03
7.213541297111666179e-04
7.213541297111666179e-04
7.213541297111666179e-04
7.213541297111666179e-04
7.213541297111666179e-04
7.213541297111666179e-04
7.213541297111666179e-04
7.213541297111666179e-04
7.213541297111666179e-04
7.213541297111666179e-04
7.213541297111666179e-04
7.213541297111666179e-04
7.213541297111666179e-04
7.213541297111666179e-04
7.213541297111666179e-04
4.106709736891914187e-04
4.106709736891914187e-04
4.106709736891914187e-04
4.106709736891914187e-04
4.106709736891914187e-04
4.106709736891914187e-04
4.106709736891914187e-04
4.106709736891914187e-04
4.106709736891914187e-04
4.106709736891914187e-04
4.106709736891914187e-04
4.106709736891914187e-04
4.106709736891914187e-04
4.106709736891914187e-04
4.106709736891914187e-04
4.106709736891914187e-04
4.106709736891914187e-04
4.106709736891914187e-04
0.000000000000000000e+00
0.000000000000000000e+00
0.000000000000000000e+00
0.000000000000000000e+00
0.000000000000000000e+00
0.000000000000000000e+00
0.000000000000000000e+00
0.000000000000000000e+00
0.000000000000000000e+00
1.384400962179148300e-04
4.587984548812663529e-03
4.587984548812663529e-03
4.587984548812663529e-03
4.587984548812663529e-03
4.587984548812663529e-03
4.587984548812663529e-03
4.587984548812663529e-03
4.587984548812663529e-03
3.518244527912591652e-02
0.000000000000000000e+00
0.000000000000000000e+00
1.384400962179148300e-04
1.384400962179148300e-04
1.384400962179148300e-04
1.384400962179148300e-04
8.991702218001829117e-03
5.228152533591676719e-03
5.228152533591676719e-03
5.228152533591676719e-03
5.228152533591676719e-03
4.991398760497610387e-02
3.518244527912591652e-02
3.518244527912591652e-02
3.518244527912591652e-02
3.518244527912591652e-02
3.518244527912591652e-02
3.518244527912591652e-02
3.518244527912591652e-02
4.903450347646102180e-03
1.441051031208756029e-02
1.441051031208756029e-02
1.441051031208756029e-02
1.441051031208756029e-02
1.441051031208756029e-02
1.441051031208756029e-02
1.441051031208756029e-02
1.441051031208756029e-02
4.658079059299678748e-03
1.702540770643548324e-03
1.702540770643548324e-03
8.991702218001829117e-03
8.991702218001829117e-03
8.991702218001829117e-03
8.991702218001829117e-03
8.991702218001829117e-03
8.991702218001829117e-03
0.000000000000000000e+00
5.190500810785494100e-03
5.190500810785494100e-03
5.190500810785494100e-03
5.190500810785494100e-03
5.190500810785494100e-03
5.190500810785494100e-03
5.190500810785494100e-03
5.190500810785494100e-03
5.190500810785494100e-03
5.190500810785494100e-03
5.190500810785494100e-03
5.190500810785494100e-03
5.190500810785494100e-03
5.190500810785494100e-03
4.991398760497610387e-02
4.991398760497610387e-02
4.991398760497610387e-02
4.991398760497610387e-02
4.991398760497610387e-02
4.991398760497610387e-02
4.658079059299678748e-03
4.658079059299678748e-03
4.658079059299678748e-03
4.658079059299678748e-03
4.658079059299678748e-03
4.658079059299678748e-03
4.658079059299678748e-03
4.658079059299678748e-03
4.658079059299678748e-03
4.658079059299678748e-03
4.658079059299678748e-03
4.658079059299678748e-03
1.486073705214805731e-02
1.903384235272315671e-03
1.903384235272315671e-03
1.903384235272315671e-03
1.903384235272315671e-03
6.089268635673480978e-03
6.089268635673480978e-03
6.089268635673480978e-03
6.089268635673480978e-03
6.089268635673480978e-03
6.089268635673480978e-03
6.089268635673480978e-03
6.089268635673480978e-03
6.089268635673480978e-03
6.089268635673480978e-03
6.089268635673480978e-03
0.000000000000000000e+00
0.000000000000000000e+00
0.000000000000000000e+00
0.000000000000000000e+00
0.000000000000000000e+00
0.000000000000000000e+00
0.000000000000000000e+00
0.000000000000000000e+00
0.000000000000000000e+00
2.017767400795596536e-02
5.214068845134817685e-03
5.214068845134817685e-03
5.214068845134817685e-03
5.214068845134817685e-03
2.017767400795596536e-02
1.469086686197813678e-02
1.469086686197813678e-02
1.469086686197813678e-02
1.469086686197813678e-02
9.736797672099672951e-04
9.736797672099672951e-04
9.736797672099672951e-04
9.736797672099672951e-04
9.736797672099672951e-04
9.736797672099672951e-04
9.736797672099672951e-04
9.736797672099672951e-04
9.736797672099672951e-04
9.736797672099672951e-04
9.736797672099672951e-04
2.017767400795596536e-02
2.017767400795596536e-02
2.017767400795596536e-02
6.427130074818351683e-03
1.369321619397361259e-02
1.369321619397361259e-02
1.369321619397361259e-02
1.369321619397361259e-02
1.369321619397361259e-02
1.369321619397361259e-02
1.369321619397361259e-02
1.369321619397361259e-02
1.369321619397361259e-02
1.369321619397361259e-02
1.369321619397361259e-02
1.369321619397361259e-02
0.000000000000000000e+00
0.000000000000000000e+00
4.903450347646102180e-03
4.903450347646102180e-03
4.903450347646102180e-03
4.903450347646102180e-03
4.903450347646102180e-03
4.903450347646102180e-03
0.000000000000000000e+00
0.000000000000000000e+00
0.000000000000000000e+00
1.377653028600463181e-02
1.377653028600463181e-02
1.377653028600463181e-02
1.377653028600463181e-02
1.377653028600463181e-02
1.377653028600463181e-02
1.377653028600463181e-02
1.377653028600463181e-02
1.377653028600463181e-02
2.561224364838041861e-02
1.377653028600463181e-02
6.557435591460264793e-03
6.557435591460264793e-03
6.557435591460264793e-03
6.557435591460264793e-03
6.557435591460264793e-03
6.557435591460264793e-03
6.557435591460264793e-03
6.557435591460264793e-03
6.557435591460264793e-03
6.557435591460264793e-03
6.557435591460264793e-03
6.557435591460264793e-03
6.557435591460264793e-03
6.557435591460264793e-03
6.557435591460264793e-03
7.218905658152120763e-02
3.280001469191234226e-02
3.280001469191234226e-02
1.183114462276197007e-03
7.027153788379696120e-03
7.027153788379696120e-03
7.027153788379696120e-03
7.027153788379696120e-03
7.027153788379696120e-03
7.027153788379696120e-03
7.027153788379696120e-03
7.027153788379696120e-03
4.001442809978999690e-03
4.001442809978999690e-03
4.001442809978999690e-03
4.001442809978999690e-03
4.001442809978999690e-03
4.001442809978999690e-03
4.001442809978999690e-03
4.001442809978999690e-03
4.001442809978999690e-03
4.001442809978999690e-03
4.001442809978999690e-03
4.001442809978999690e-03
4.001442809978999690e-03
4.001442809978999690e-03
4.001442809978999690e-03
1.269251074060459387e-02
2.305932264383221339e-02
2.305932264383221339e-02
1.183114462276197007e-03
1.183114462276197007e-03
1.183114462276197007e-03
1.183114462276197007e-03
2.559494798806368973e-02
2.559494798806368973e-02
2.559494798806368973e-02
2.559494798806368973e-02
1.371841441434831603e-02
2.022681360073905893e-02
2.022681360073905893e-02
2.022681360073905893e-02
2.022681360073905893e-02
2.022681360073905893e-02
2.022681360073905893e-02
2.022681360073905893e-02
2.022681360073905893e-02
0.000000000000000000e+00
0.000000000000000000e+00
0.000000000000000000e+00
0.000000000000000000e+00
0.000000000000000000e+00
2.561224364838041861e-02
2.561224364838041861e-02
2.561224364838041861e-02
1.371841441434831603e-02
1.371841441434831603e-02
2.025657555968100702e-03
2.866242655678204730e-04
2.866242655678204730e-04
2.866242655678204730e-04
2.866242655678204730e-04
2.866242655678204730e-04
2.866242655678204730e-04
2.866242655678204730e-04
2.866242655678204730e-04
1.091157630607103232e-02
1.091157630607103232e-02
1.091157630607103232e-02
1.091157630607103232e-02
1.091157630607103232e-02
1.091157630607103232e-02
1.091157630607103232e-02
1.091157630607103232e-02
1.091157630607103232e-02
1.091157630607103232e-02
1.091157630607103232e-02
9.839426788575652769e-03
1.629129367289301397e-02
1.629129367289301397e-02
1.629129367289301397e-02
1.629129367289301397e-02
0.000000000000000000e+00
0.000000000000000000e+00
0.000000000000000000e+00
0.000000000000000000e+00
0.000000000000000000e+00
0.000000000000000000e+00
0.000000000000000000e+00
0.000000000000000000e+00
0.000000000000000000e+00
0.000000000000000000e+00
0.000000000000000000e+00
4.036024656265815164e-03
4.036024656265815164e-03
4.036024656265815164e-03
4.036024656265815164e-03
4.036024656265815164e-03
4.036024656265815164e-03
7.372225810683698602e-03
1.676842696256835782e-02
1.676842696256835782e-02
1.676842696256835782e-02
1.676842696256835782e-02
1.676842696256835782e-02
1.676842696256835782e-02
1.676842696256835782e-02
1.676842696256835782e-02
1.676842696256835782e-02
1.676842696256835782e-02
1.676842696256835782e-02
1.676842696256835782e-02
1.676842696256835782e-02
1.676842696256835782e-02
1.676842696256835782e-02
1.676842696256835782e-02
1.676842696256835782e-02
1.676842696256835782e-02
1.045757934192583088e-01
1.045757934192583088e-01
1.045757934192583088e-01
1.045757934192583088e-01
1.045757934192583088e-01
1.045757934192583088e-01
1.045757934192583088e-01
1.045757934192583088e-01
1.045757934192583088e-01
1.045757934192583088e-01
1.045757934192583088e-01
1.045757934192583088e-01
1.045757934192583088e-01
0.000000000000000000e+00
0.000000000000000000e+00
0.000000000000000000e+00
0.000000000000000000e+00
0.000000000000000000e+00
0.000000000000000000e+00
0.000000000000000000e+00
0.000000000000000000e+00
0.000000000000000000e+00
0.000000000000000000e+00
0.000000000000000000e+00
0.000000000000000000e+00
0.000000000000000000e+00
0.000000000000000000e+00
0.000000000000000000e+00
0.000000000000000000e+00
0.000000000000000000e+00
6.497613580702227276e-02
6.497613580702227276e-02
6.497613580702227276e-02
6.497613580702227276e-02
6.497613580702227276e-02
6.497613580702227276e-02
6.497613580702227276e-02
6.497613580702227276e-02
6.497613580702227276e-02
6.497613580702227276e-02
6.497613580702227276e-02
2.079303226365032675e-02
2.582495408420843255e-02
2.582495408420843255e-02
8.182054588990579636e-03
1.227053610599354409e-02
1.227053610599354409e-02
3.788488105924838617e-02
2.110873044572508100e-02
2.110873044572508100e-02
2.110873044572508100e-02
2.110873044572508100e-02
2.110873044572508100e-02
2.110873044572508100e-02
2.110873044572508100e-02
2.110873044572508100e-02
2.110873044572508100e-02
2.110873044572508100e-02
3.072750729751758982e-03
3.072750729751758982e-03
3.072750729751758982e-03
3.072750729751758982e-03
3.072750729751758982e-03
3.072750729751758982e-03
3.072750729751758982e-03
3.072750729751758982e-03
3.072750729751758982e-03
3.072750729751758982e-03
3.072750729751758982e-03
2.079303226365032675e-02
2.118328140905163803e-02
2.118328140905163803e-02
2.118328140905163803e-02
2.118328140905163803e-02
2.118328140905163803e-02
2.118328140905163803e-02
2.118328140905163803e-02
2.118328140905163803e-02
2.118328140905163803e-02
2.118328140905163803e-02
2.118328140905163803e-02
2.118328140905163803e-02
8.182054588990579636e-03
2.678307755454327477e-02
2.678307755454327477e-02
2.678307755454327477e-02
2.678307755454327477e-02
2.678307755454327477e-02
2.678307755454327477e-02
2.678307755454327477e-02
2.678307755454327477e-02
2.678307755454327477e-02
2.678307755454327477e-02
2.678307755454327477e-02
2.678307755454327477e-02
4.840706155657780244e-03
1.999892001712638354e-02
1.999892001712638354e-02
1.999892001712638354e-02
1.999892001712638354e-02
1.999892001712638354e-02
1.999892001712638354e-02
1.999892001712638354e-02
1.999892001712638354e-02
1.999892001712638354e-02
1.999892001712638354e-02
6.540734115257081961e-03
5.875099036328380354e-03
5.875099036328380354e-03
3.788488105924838617e-02
2.458737582746258615e-02
2.458737582746258615e-02
0.000000000000000000e+00
0.000000000000000000e+00
0.000000000000000000e+00
0.000000000000000000e+00
0.000000000000000000e+00
0.000000000000000000e+00
0.000000000000000000e+00
0.000000000000000000e+00
0.000000000000000000e+00
1.567495645270958193e-02
1.567495645270958193e-02
1.567495645270958193e-02
1.567495645270958193e-02
1.567495645270958193e-02
1.567495645270958193e-02
1.567495645270958193e-02
1.567495645270958193e-02
1.567495645270958193e-02
1.567495645270958193e-02
1.567495645270958193e-02
1.567495645270958193e-02
1.567495645270958193e-02
1.567495645270958193e-02
1.567495645270958193e-02
0.000000000000000000e+00
0.000000000000000000e+00
0.000000000000000000e+00
0.000000000000000000e+00
0.000000000000000000e+00
0.000000000000000000e+00
0.000000000000000000e+00
0.000000000000000000e+00
0.000000000000000000e+00
0.000000000000000000e+00
5.387469368403495842e-03
1.518928839208871610e-02
1.519548303685980435e-02
1.519548303685980435e-02
6.600878745632801289e-03
3.224653389249917956e-03
3.224653389249917956e-03
3.224653389249917956e-03
3.224653389249917956e-03
3.224653389249917956e-03
3.224653389249917956e-03
3.224653389249917956e-03
3.224653389249917956e-03
3.224653389249917956e-03
3.224653389249917956e-03
3.224653389249917956e-03
3.224653389249917956e-03
3.190773407664569683e-02
1.821370427671572742e-02
1.821370427671572742e-02
1.821370427671572742e-02
1.821370427671572742e-02
1.821370427671572742e-02
1.821370427671572742e-02
5.553707527881215217e-02
0.000000000000000000e+00
0.000000000000000000e+00
0.000000000000000000e+00
0.000000000000000000e+00
3.287742895063983182e-03
4.268962762551450213e-03
4.268962762551450213e-03
4.268962762551450213e-03
4.268962762551450213e-03
4.268962762551450213e-03
4.268962762551450213e-03
4.268962762551450213e-03
4.268962762551450213e-03
4.268962762551450213e-03
4.268962762551450213e-03
4.268962762551450213e-03
4.268962762551450213e-03
3.570510105390953953e-02
2.157699717843706774e-02
2.157699717843706774e-02
2.157699717843706774e-02
2.157699717843706774e-02
2.157699717843706774e-02
2.157699717843706774e-02
2.157699717843706774e-02
2.157699717843706774e-02
4.083211056926963622e-02
3.407244935333753749e-02
3.407244935333753749e-02
3.407244935333753749e-02
3.407244935333753749e-02
3.407244935333753749e-02
3.407244935333753749e-02
5.066928115231731982e-04
5.066928115231731982e-04
5.066928115231731982e-04
5.066928115231731982e-04
5.066928115231731982e-04
5.066928115231731982e-04
5.066928115231731982e-04
5.901179580963611740e-03
5.066928115231731982e-04
3.676166247963959244e-02
0.000000000000000000e+00
0.000000000000000000e+00
0.000000000000000000e+00
0.000000000000000000e+00
2.025657555968100702e-03
2.025657555968100702e-03
2.025657555968100702e-03
2.025657555968100702e-03
6.753986890142736014e-04
6.753986890142736014e-04
6.753986890142736014e-04
6.753986890142736014e-04
6.753986890142736014e-04
6.753986890142736014e-04
6.753986890142736014e-04
6.753986890142736014e-04
6.753986890142736014e-04
6.753986890142736014e-04
6.753986890142736014e-04
6.753986890142736014e-04
6.753986890142736014e-04
3.107201591480557648e-02
5.168002694922262108e-02
3.066268294445090303e-02
3.066268294445090303e-02
3.066268294445090303e-02
3.066268294445090303e-02
3.066268294445090303e-02
3.066268294445090303e-02
1.100132748177166421e-02
1.100132748177166421e-02
1.100132748177166421e-02
1.100132748177166421e-02
1.100132748177166421e-02
1.100132748177166421e-02
1.100132748177166421e-02
1.100132748177166421e-02
1.100132748177166421e-02
1.100132748177166421e-02
1.100132748177166421e-02
1.100132748177166421e-02
1.100132748177166421e-02
0.000000000000000000e+00
1.022863928755807662e-03
1.022863928755807662e-03
1.022863928755807662e-03
1.022863928755807662e-03
1.022863928755807662e-03
1.022863928755807662e-03
3.676166247963959244e-02
5.027445766364077584e-02
5.027445766364077584e-02
5.027445766364077584e-02
5.027445766364077584e-02
9.176413165764290766e-03
1.194259157335119878e-02
1.194259157335119878e-02
3.047079403148413718e-02
3.047079403148413718e-02
3.756564717005942550e-02
2.159122002380261390e-02
2.159122002380261390e-02
9.176413165764290766e-03
9.176413165764290766e-03
9.176413165764290766e-03
9.176413165764290766e-03
9.176413165764290766e-03
9.176413165764290766e-03
9.176413165764290766e-03
9.176413165764290766e-03
9.176413165764290766e-03
9.176413165764290766e-03
9.176413165764290766e-03
9.176413165764290766e-03
1.205998688971202971e-02
1.205998688971202971e-02
1.205998688971202971e-02
1.205998688971202971e-02
1.205998688971202971e-02
1.205998688971202971e-02
1.205998688971202971e-02
1.205998688971202971e-02
1.205998688971202971e-02
1.205998688971202971e-02
1.205998688971202971e-02
3.756564717005942550e-02
3.730089048041084800e-03
3.730089048041084800e-03
0.000000000000000000e+00
3.730089048041084800e-03
3.730089048041084800e-03
3.730089048041084800e-03
3.730089048041084800e-03
3.730089048041084800e-03
8.718197584883434449e-04
8.718197584883434449e-04
8.718197584883434449e-04
8.718197584883434449e-04
8.718197584883434449e-04
8.718197584883434449e-04
2.199679394592509666e-03
2.199679394592509666e-03
2.199679394592509666e-03
2.199679394592509666e-03
2.199679394592509666e-03
4.041811212615463076e-04
2.199679394592509666e-03
8.922240161234593070e-02
8.922240161234593070e-02
8.922240161234593070e-02
8.922240161234593070e-02
8.922240161234593070e-02
8.922240161234593070e-02
8.922240161234593070e-02
8.922240161234593070e-02
8.922240161234593070e-02
8.922240161234593070e-02
8.922240161234593070e-02
1.292805889261652115e-03
1.292805889261652115e-03
1.292805889261652115e-03
1.292805889261652115e-03
1.292805889261652115e-03
1.292805889261652115e-03
1.990754169552240785e-02
1.990754169552240785e-02
1.990754169552240785e-02
1.990754169552240785e-02
1.990754169552240785e-02
1.990754169552240785e-02
1.990754169552240785e-02
1.990754169552240785e-02
1.394300550835605654e-02
1.394300550835605654e-02
1.291866214070454960e-02
1.291866214070454960e-02
1.291866214070454960e-02
1.291866214070454960e-02
1.291866214070454960e-02
1.291866214070454960e-02
1.291866214070454960e-02
1.291866214070454960e-02
1.291866214070454960e-02
1.291866214070454960e-02
1.291866214070454960e-02
1.291866214070454960e-02
1.291866214070454960e-02
4.396515037882953864e-03
0.000000000000000000e+00
0.000000000000000000e+00
0.000000000000000000e+00
0.000000000000000000e+00
0.000000000000000000e+00
0.000000000000000000e+00
0.000000000000000000e+00
0.000000000000000000e+00
0.000000000000000000e+00
0.000000000000000000e+00
0.000000000000000000e+00
0.000000000000000000e+00
0.000000000000000000e+00
0.000000000000000000e+00
0.000000000000000000e+00
0.000000000000000000e+00
2.755133979599445285e-03
4.041811212615463076e-04
4.041811212615463076e-04
4.041811212615463076e-04
4.041811212615463076e-04
4.041811212615463076e-04
4.041811212615463076e-04
4.041811212615463076e-04
4.041811212615463076e-04
4.041811212615463076e-04
3.235782428287455829e-03
2.846581674224626587e-03
2.846581674224626587e-03
2.846581674224626587e-03
2.846581674224626587e-03
2.846581674224626587e-03
2.846581674224626587e-03
2.846581674224626587e-03
2.846581674224626587e-03
2.846581674224626587e-03
2.846581674224626587e-03
2.846581674224626587e-03
2.846581674224626587e-03
2.846581674224626587e-03
2.846581674224626587e-03
6.600878745632801289e-03
6.600878745632801289e-03
6.600878745632801289e-03
6.600878745632801289e-03
6.600878745632801289e-03
6.600878745632801289e-03
1.639561047456525658e-02
1.128963629511780392e-02
1.128963629511780392e-02
1.128963629511780392e-02
1.128963629511780392e-02
1.128963629511780392e-02
1.128963629511780392e-02
1.128963629511780392e-02
1.128963629511780392e-02
6.427130074818351683e-03
6.427130074818351683e-03
4.840706155657780244e-03
4.840706155657780244e-03
7.467807416183276994e-03
7.467807416183276994e-03
7.467807416183276994e-03
7.467807416183276994e-03
7.467807416183276994e-03
7.467807416183276994e-03
7.467807416183276994e-03
7.467807416183276994e-03
7.467807416183276994e-03
7.467807416183276994e-03
7.467807416183276994e-03
2.742775989206527702e-03
7.960701351310675578e-03
3.008353455552914210e-02
3.008353455552914210e-02
3.008353455552914210e-02
3.008353455552914210e-02
3.008353455552914210e-02
3.008353455552914210e-02
3.008353455552914210e-02
3.008353455552914210e-02
3.008353455552914210e-02
3.008353455552914210e-02
3.008353455552914210e-02
3.008353455552914210e-02
3.008353455552914210e-02
8.235514410750453818e-03
0.000000000000000000e+00
0.000000000000000000e+00
3.703335992091002539e-03
3.703335992091002539e-03
3.703335992091002539e-03
3.703335992091002539e-03
3.703335992091002539e-03
3.703335992091002539e-03
1.183176430499148675e-02
1.183176430499148675e-02
1.183176430499148675e-02
1.183176430499148675e-02
1.183176430499148675e-02
1.183176430499148675e-02
1.183176430499148675e-02
1.183176430499148675e-02
1.183176430499148675e-02
1.183176430499148675e-02
1.183176430499148675e-02
1.183176430499148675e-02
1.183176430499148675e-02
1.183176430499148675e-02
1.183176430499148675e-02
1.183176430499148675e-02
1.183176430499148675e-02
1.183176430499148675e-02
1.183176430499148675e-02
1.183176430499148675e-02
1.183176430499148675e-02
9.218775999808824506e-03
1.551400441593412858e-04
1.551400441593412858e-04
1.551400441593412858e-04
1.551400441593412858e-04
1.551400441593412858e-04
1.551400441593412858e-04
1.551400441593412858e-04
1.551400441593412858e-04
8.235514410750453818e-03
8.235514410750453818e-03
8.235514410750453818e-03
8.235514410750453818e-03
8.235514410750453818e-03
8.235514410750453818e-03
8.235514410750453818e-03
8.235514410750453818e-03
8.235514410750453818e-03
8.235514410750453818e-03
8.235514410750453818e-03
8.235514410750453818e-03
8.235514410750453818e-03
8.235514410750453818e-03
1.976686036175145586e-02
2.788791819796382007e-02
2.788791819796382007e-02
2.788791819796382007e-02
2.788791819796382007e-02
2.788791819796382007e-02
2.788791819796382007e-02
1.302678023320926609e-02
5.458217811410535567e-03
5.458217811410535567e-03
5.458217811410535567e-03
5.458217811410535567e-03
1.112342833494797158e-03
1.112342833494797158e-03
1.112342833494797158e-03
1.112342833494797158e-03
1.112342833494797158e-03
1.112342833494797158e-03
1.112342833494797158e-03
1.112342833494797158e-03
1.112342833494797158e-03
1.112342833494797158e-03
1.112342833494797158e-03
1.112342833494797158e-03
1.112342833494797158e-03
1.722943737165318068e-02
1.722943737165318068e-02
1.722943737165318068e-02
1.722943737165318068e-02
1.722943737165318068e-02
1.722943737165318068e-02
1.722943737165318068e-02
1.722943737165318068e-02
1.722943737165318068e-02
1.722943737165318068e-02
1.722943737165318068e-02
1.722943737165318068e-02
1.722943737165318068e-02
1.722943737165318068e-02
1.161594473189998290e-02
8.405259536045794552e-03
8.405259536045794552e-03
1.302678023320926609e-02
1.302678023320926609e-02
1.302678023320926609e-02
1.302678023320926609e-02
1.302678023320926609e-02
1.302678023320926609e-02
0.000000000000000000e+00
0.000000000000000000e+00
0.000000000000000000e+00
0.000000000000000000e+00
0.000000000000000000e+00
0.000000000000000000e+00
0.000000000000000000e+00
0.000000000000000000e+00
0.000000000000000000e+00
0.000000000000000000e+00
0.000000000000000000e+00
1.161594473189998290e-02
1.161594473189998290e-02
1.161594473189998290e-02
1.161594473189998290e-02
1.161594473189998290e-02
1.161594473189998290e-02
1.161594473189998290e-02
1.161594473189998290e-02
2.083661529589787842e-02
2.083661529589787842e-02
2.083661529589787842e-02
2.083661529589787842e-02
2.083661529589787842e-02
2.083661529589787842e-02
2.083661529589787842e-02
2.083661529589787842e-02
2.083661529589787842e-02
2.083661529589787842e-02
2.083661529589787842e-02
2.083661529589787842e-02
2.083661529589787842e-02
0.000000000000000000e+00
2.354371405424671507e-02
2.354371405424671507e-02
2.354371405424671507e-02
2.354371405424671507e-02
2.354371405424671507e-02
2.354371405424671507e-02
2.354371405424671507e-02
2.354371405424671507e-02
2.354371405424671507e-02
2.354371405424671507e-02
2.354371405424671507e-02
2.354371405424671507e-02
2.354371405424671507e-02
2.354371405424671507e-02
2.354371405424671507e-02
2.354371405424671507e-02
2.690709359966655771e-03
2.690709359966655771e-03
2.690709359966655771e-03
2.690709359966655771e-03
2.690709359966655771e-03
0.000000000000000000e+00
0.000000000000000000e+00
0.000000000000000000e+00
0.000000000000000000e+00
0.000000000000000000e+00
0.000000000000000000e+00
0.000000000000000000e+00
0.000000000000000000e+00
0.000000000000000000e+00
0.000000000000000000e+00
0.000000000000000000e+00
1.153776798568593651e-03
1.153776798568593651e-03
1.153776798568593651e-03
1.153776798568593651e-03
1.153776798568593651e-03
1.153776798568593651e-03
1.153776798568593651e-03
1.153776798568593651e-03
1.153776798568593651e-03
1.153776798568593651e-03
1.153776798568593651e-03
1.153776798568593651e-03
1.153776798568593651e-03
1.153776798568593651e-03
1.153776798568593651e-03
1.153776798568593651e-03
1.153776798568593651e-03
1.153776798568593651e-03
1.153776798568593651e-03
1.153776798568593651e-03
1.153776798568593651e-03
1.153776798568593651e-03
1.153776798568593651e-03
1.153776798568593651e-03
1.153776798568593651e-03
1.153776798568593651e-03
1.153776798568593651e-03
1.153776798568593651e-03
1.153776798568593651e-03
1.153776798568593651e-03
1.153776798568593651e-03
1.153776798568593651e-03
1.153776798568593651e-03
1.960434693883355423e-02
1.924522200751408244e-02
1.924522200751408244e-02
1.924522200751408244e-02
1.924522200751408244e-02
8.551709133935063781e-03
8.551709133935063781e-03
3.895721278415304693e-03
3.895721278415304693e-03
3.895721278415304693e-03
3.895721278415304693e-03
3.895721278415304693e-03
3.895721278415304693e-03
3.895721278415304693e-03
3.895721278415304693e-03
3.895721278415304693e-03
3.895721278415304693e-03
3.895721278415304693e-03
3.895721278415304693e-03
3.895721278415304693e-03
7.685797856315544803e-03
2.224047648572900077e-02
2.224047648572900077e-02
2.224047648572900077e-02
2.224047648572900077e-02
1.960434693883355423e-02
8.585219961752347737e-03
8.585219961752347737e-03
8.585219961752347737e-03
8.585219961752347737e-03
8.585219961752347737e-03
8.585219961752347737e-03
4.997439991706623293e-03
5.635353947178681037e-03
5.635353947178681037e-03
5.635353947178681037e-03
5.635353947178681037e-03
5.635353947178681037e-03
5.635353947178681037e-03
1.208732022046717959e-02
1.217936557891124288e-02
1.217936557891124288e-02
1.217936557891124288e-02
1.217936557891124288e-02
1.217936557891124288e-02
1.217936557891124288e-02
1.217936557891124288e-02
1.217936557891124288e-02
4.758318927260804521e-02
2.265389963438833518e-02
2.265389963438833518e-02
2.265389963438833518e-02
2.265389963438833518e-02
2.265389963438833518e-02
2.265389963438833518e-02
2.265389963438833518e-02
2.265389963438833518e-02
2.265389963438833518e-02
2.265389963438833518e-02
2.265389963438833518e-02
2.265389963438833518e-02
2.265389963438833518e-02
2.265389963438833518e-02
2.265389963438833518e-02
2.265389963438833518e-02
3.235782428287455829e-03
3.235782428287455829e-03
4.710783605090689864e-03
3.863425204624648668e-02
3.863425204624648668e-02
3.863425204624648668e-02
3.863425204624648668e-02
4.997439991706623293e-03
4.047303463207218600e-03
4.047303463207218600e-03
4.047303463207218600e-03
4.047303463207218600e-03
4.666352458602042973e-03
4.666352458602042973e-03
4.666352458602042973e-03
4.666352458602042973e-03
4.666352458602042973e-03
4.666352458602042973e-03
4.666352458602042973e-03
4.666352458602042973e-03
4.666352458602042973e-03
4.666352458602042973e-03
4.666352458602042973e-03
4.666352458602042973e-03
4.666352458602042973e-03
2.953642794683500241e-03
1.065799834337115542e-03
1.065799834337115542e-03
1.065799834337115542e-03
1.065799834337115542e-03
1.065799834337115542e-03
1.065799834337115542e-03
1.065799834337115542e-03
1.065799834337115542e-03
1.065799834337115542e-03
1.065799834337115542e-03
4.710783605090689864e-03
4.710783605090689864e-03
4.710783605090689864e-03
4.710783605090689864e-03
4.710783605090689864e-03
4.710783605090689864e-03
3.698682806188676592e-02
0.000000000000000000e+00
0.000000000000000000e+00
0.000000000000000000e+00
0.000000000000000000e+00
0.000000000000000000e+00
0.000000000000000000e+00
0.000000000000000000e+00
0.000000000000000000e+00
0.000000000000000000e+00
9.829424014533601553e-03
9.829424014533601553e-03
9.829424014533601553e-03
9.829424014533601553e-03
9.829424014533601553e-03
9.829424014533601553e-03
9.829424014533601553e-03
9.829424014533601553e-03
9.829424014533601553e-03
9.829424014533601553e-03
9.829424014533601553e-03
9.829424014533601553e-03
9.829424014533601553e-03
2.860104220114886419e-03
1.312289425879841973e-02
1.312289425879841973e-02
1.312289425879841973e-02
1.312289425879841973e-02
1.312289425879841973e-02
1.312289425879841973e-02
1.312289425879841973e-02
1.312289425879841973e-02
1.312289425879841973e-02
1.312289425879841973e-02
1.312289425879841973e-02
1.312289425879841973e-02
3.698682806188676592e-02
0.000000000000000000e+00
0.000000000000000000e+00
1.564603684833265271e-02
1.564603684833265271e-02
1.564603684833265271e-02
1.564603684833265271e-02
1.564603684833265271e-02
1.564603684833265271e-02
1.564603684833265271e-02
1.564603684833265271e-02
1.564603684833265271e-02
1.564603684833265271e-02
1.564603684833265271e-02
1.457967896636114605e-02
1.457967896636114605e-02
1.457967896636114605e-02
1.457967896636114605e-02
1.457967896636114605e-02
1.457967896636114605e-02
1.457967896636114605e-02
1.457967896636114605e-02
1.457967896636114605e-02
1.457967896636114605e-02
1.457967896636114605e-02
1.712745382824682264e-02
1.712745382824682264e-02
1.712745382824682264e-02
1.712745382824682264e-02
2.465964121792794603e-02
7.920626005023191987e-03
2.382097303925336668e-02
5.584058011520567737e-03
2.601716389787413902e-02
2.601716389787413902e-02
2.766214446383727203e-03
1.129616592965823792e-02
1.129616592965823792e-02
1.129616592965823792e-02
1.129616592965823792e-02
0.000000000000000000e+00
1.123563900021868310e-02
0.000000000000000000e+00
0.000000000000000000e+00
0.000000000000000000e+00
1.123563900021868310e-02
1.123563900021868310e-02
1.123563900021868310e-02
1.123563900021868310e-02
1.123563900021868310e-02
1.123563900021868310e-02
1.123563900021868310e-02
1.641542170156436858e-02
7.256775692878600012e-03
7.256775692878600012e-03
7.256775692878600012e-03
7.256775692878600012e-03
3.125725212052950924e-03
3.125725212052950924e-03
3.125725212052950924e-03
3.125725212052950924e-03
3.125725212052950924e-03
3.125725212052950924e-03
3.125725212052950924e-03
3.125725212052950924e-03
3.125725212052950924e-03
3.125725212052950924e-03
3.125725212052950924e-03
0.000000000000000000e+00
1.749461599773951756e-02
1.749461599773951756e-02
1.749461599773951756e-02
1.749461599773951756e-02
1.749461599773951756e-02
1.749461599773951756e-02
1.178018149437909216e-02
1.178018149437909216e-02
1.178018149437909216e-02
1.178018149437909216e-02
1.178018149437909216e-02
1.178018149437909216e-02
1.178018149437909216e-02
1.178018149437909216e-02
1.178018149437909216e-02
1.178018149437909216e-02
1.178018149437909216e-02
1.355021870224523174e-02
1.355021870224523174e-02
1.355021870224523174e-02
1.355021870224523174e-02
1.355021870224523174e-02
1.355021870224523174e-02
1.355021870224523174e-02
1.355021870224523174e-02
1.355021870224523174e-02
1.288416417677278915e-02
1.355021870224523174e-02
1.355021870224523174e-02
1.355021870224523174e-02
4.964843505242082233e-02
1.143011878862247241e-02
1.143011878862247241e-02
1.143011878862247241e-02
1.143011878862247241e-02
1.143011878862247241e-02
1.143011878862247241e-02
1.143011878862247241e-02
1.143011878862247241e-02
2.225112595372097987e-03
7.477312275238836778e-03
7.477312275238836778e-03
7.477312275238836778e-03
7.477312275238836778e-03
7.477312275238836778e-03
7.477312275238836778e-03
7.477312275238836778e-03
7.477312275238836778e-03
3.816344277701627912e-03
5.073430345320583193e-03
5.073430345320583193e-03
5.073430345320583193e-03
5.073430345320583193e-03
5.003687827044888455e-04
5.073430345320583193e-03
5.073430345320583193e-03
5.073430345320583193e-03
5.073430345320583193e-03
5.073430345320583193e-03
0.000000000000000000e+00
0.000000000000000000e+00
0.000000000000000000e+00
0.000000000000000000e+00
0.000000000000000000e+00
0.000000000000000000e+00
0.000000000000000000e+00
0.000000000000000000e+00
0.000000000000000000e+00
0.000000000000000000e+00
0.000000000000000000e+00
0.000000000000000000e+00
0.000000000000000000e+00
0.000000000000000000e+00
0.000000000000000000e+00
0.000000000000000000e+00
0.000000000000000000e+00
0.000000000000000000e+00
0.000000000000000000e+00
0.000000000000000000e+00
0.000000000000000000e+00
0.000000000000000000e+00
0.000000000000000000e+00
0.000000000000000000e+00
0.000000000000000000e+00
0.000000000000000000e+00
2.290922051941435972e-02
1.524138590083353936e-02
1.524138590083353936e-02
1.524138590083353936e-02
1.524138590083353936e-02
1.524138590083353936e-02
1.524138590083353936e-02
1.524138590083353936e-02
1.524138590083353936e-02
1.728705563551376570e-02
1.186233396534422044e-02
1.186233396534422044e-02
2.263201727455828923e-03
7.423871052466226748e-04
7.423871052466226748e-04
7.423871052466226748e-04
7.423871052466226748e-04
1.823474825468777635e-02
8.874578739888441467e-03
8.874578739888441467e-03
8.874578739888441467e-03
8.874578739888441467e-03
8.874578739888441467e-03
8.874578739888441467e-03
8.874578739888441467e-03
8.874578739888441467e-03
8.874578739888441467e-03
8.874578739888441467e-03
8.874578739888441467e-03
8.874578739888441467e-03
7.046149299807718397e-03
7.767498590914421845e-03
7.767498590914421845e-03
7.767498590914421845e-03
7.767498590914421845e-03
7.767498590914421845e-03
7.767498590914421845e-03
7.767498590914421845e-03
7.767498590914421845e-03
2.742775989206527702e-03
4.864274218101047320e-02
4.739210507827783941e-02
4.739210507827783941e-02
4.739210507827783941e-02
4.739210507827783941e-02
4.739210507827783941e-02
4.739210507827783941e-02
4.739210507827783941e-02
4.739210507827783941e-02
2.940694882660325245e-03
2.151886922382759831e-02
2.151886922382759831e-02
2.151886922382759831e-02
2.151886922382759831e-02
1.375274844130883883e-02
9.947949603838943458e-03
9.947949603838943458e-03
9.947949603838943458e-03
9.947949603838943458e-03
9.947949603838943458e-03
9.947949603838943458e-03
9.947949603838943458e-03
9.947949603838943458e-03
1.950018139005637446e-02
1.824320250125135642e-02
1.824320250125135642e-02
1.824320250125135642e-02
1.824320250125135642e-02
0.000000000000000000e+00
0.000000000000000000e+00
0.000000000000000000e+00
2.729360341537355114e-02
2.702229307395973348e-02
2.702229307395973348e-02
2.702229307395973348e-02
2.702229307395973348e-02
1.748633303998880367e-02
4.556985225429973502e-02
4.556985225429973502e-02
4.556985225429973502e-02
4.556985225429973502e-02
7.046149299807718397e-03
7.046149299807718397e-03
7.046149299807718397e-03
7.046149299807718397e-03
7.046149299807718397e-03
7.046149299807718397e-03
7.046149299807718397e-03
7.046149299807718397e-03
7.046149299807718397e-03
7.046149299807718397e-03
3.504133726738812432e-02
3.504133726738812432e-02
3.504133726738812432e-02
3.504133726738812432e-02
3.504133726738812432e-02
3.504133726738812432e-02
3.504133726738812432e-02
3.504133726738812432e-02
3.504133726738812432e-02
3.504133726738812432e-02
3.504133726738812432e-02
3.504133726738812432e-02
3.504133726738812432e-02
3.504133726738812432e-02
3.504133726738812432e-02
3.504133726738812432e-02
3.504133726738812432e-02
3.504133726738812432e-02
3.504133726738812432e-02
3.504133726738812432e-02
3.504133726738812432e-02
3.504133726738812432e-02
3.504133726738812432e-02
3.504133726738812432e-02
3.504133726738812432e-02
3.504133726738812432e-02
3.504133726738812432e-02
3.504133726738812432e-02
3.504133726738812432e-02
3.504133726738812432e-02
3.504133726738812432e-02
3.504133726738812432e-02
3.504133726738812432e-02
3.504133726738812432e-02
3.504133726738812432e-02
3.504133726738812432e-02
3.504133726738812432e-02
2.072773242885635886e-02
2.085723751366301906e-02
2.085723751366301906e-02
2.085723751366301906e-02
2.085723751366301906e-02
2.085723751366301906e-02
2.085723751366301906e-02
2.085723751366301906e-02
2.085723751366301906e-02
1.365587696348077862e-02
1.365587696348077862e-02
1.365587696348077862e-02
1.365587696348077862e-02
1.365587696348077862e-02
1.365587696348077862e-02
1.365587696348077862e-02
1.365587696348077862e-02
1.365587696348077862e-02
1.365587696348077862e-02
1.365587696348077862e-02
1.365587696348077862e-02
1.365587696348077862e-02
0.000000000000000000e+00
7.513697825523572849e-03
7.513697825523572849e-03
7.513697825523572849e-03
7.513697825523572849e-03
7.513697825523572849e-03
7.513697825523572849e-03
7.513697825523572849e-03
7.513697825523572849e-03
7.513697825523572849e-03
7.513697825523572849e-03
3.534548680485302859e-03
6.466832722523632553e-03
6.466832722523632553e-03
2.539884156335999940e-02
1.404979040612061060e-02
1.404979040612061060e-02
1.404979040612061060e-02
1.404979040612061060e-02
2.996181952772582202e-02
2.996181952772582202e-02
2.996181952772582202e-02
2.996181952772582202e-02
2.996181952772582202e-02
2.539884156335999940e-02
2.996181952772582202e-02
2.996181952772582202e-02
9.904381111088886649e-03
2.329191954948241217e-02
2.329191954948241217e-02
2.329191954948241217e-02
2.329191954948241217e-02
2.329191954948241217e-02
2.329191954948241217e-02
2.329191954948241217e-02
2.329191954948241217e-02
2.539884156335999940e-02
3.534548680485302859e-03
3.534548680485302859e-03
3.534548680485302859e-03
3.534548680485302859e-03
3.534548680485302859e-03
3.534548680485302859e-03
3.534548680485302859e-03
3.534548680485302859e-03
3.534548680485302859e-03
3.534548680485302859e-03
3.534548680485302859e-03
3.534548680485302859e-03
2.940694882660325245e-03
2.125425686347994642e-02
2.125425686347994642e-02
2.125425686347994642e-02
2.125425686347994642e-02
6.511202831280345563e-03
2.559636688410253311e-02
2.559636688410253311e-02
2.559636688410253311e-02
2.559636688410253311e-02
4.780425768454522190e-02
0.000000000000000000e+00
0.000000000000000000e+00
1.760616806010243535e-02
4.488904867144207292e-03
4.488904867144207292e-03
4.488904867144207292e-03
4.488904867144207292e-03
0.000000000000000000e+00
3.170693621454365868e-03
3.170693621454365868e-03
5.611417421866486677e-03
0.000000000000000000e+00
0.000000000000000000e+00
0.000000000000000000e+00
0.000000000000000000e+00
0.000000000000000000e+00
0.000000000000000000e+00
0.000000000000000000e+00
0.000000000000000000e+00
0.000000000000000000e+00
0.000000000000000000e+00
0.000000000000000000e+00
0.000000000000000000e+00
0.000000000000000000e+00
0.000000000000000000e+00
0.000000000000000000e+00
0.000000000000000000e+00
0.000000000000000000e+00
8.142040779151335592e-04
8.142040779151335592e-04
8.142040779151335592e-04
8.142040779151335592e-04
8.142040779151335592e-04
8.142040779151335592e-04
8.142040779151335592e-04
8.142040779151335592e-04
8.142040779151335592e-04
8.142040779151335592e-04
8.142040779151335592e-04
8.142040779151335592e-04
8.142040779151335592e-04
8.142040779151335592e-04
8.142040779151335592e-04
6.540873239250227268e-03
2.245365420612250792e-02
2.245365420612250792e-02
0.000000000000000000e+00
1.914344800129428106e-02
1.914344800129428106e-02
1.914344800129428106e-02
1.914344800129428106e-02
1.914344800129428106e-02
1.914344800129428106e-02
4.370543833746451065e-04
0.000000000000000000e+00
0.000000000000000000e+00
0.000000000000000000e+00
0.000000000000000000e+00
0.000000000000000000e+00
0.000000000000000000e+00
1.698939747989095320e-02
7.998350530973384609e-03
7.998350530973384609e-03
7.998350530973384609e-03
7.998350530973384609e-03
7.998350530973384609e-03
7.998350530973384609e-03
7.998350530973384609e-03
7.998350530973384609e-03
7.998350530973384609e-03
7.998350530973384609e-03
7.998350530973384609e-03
7.998350530973384609e-03
4.780425768454522190e-02
4.780425768454522190e-02
4.780425768454522190e-02
4.780425768454522190e-02
4.780425768454522190e-02
4.780425768454522190e-02
4.780425768454522190e-02
4.780425768454522190e-02
4.780425768454522190e-02
4.780425768454522190e-02
2.154810733982172669e-02
1.297224905315448942e-02
1.297224905315448942e-02
6.738285536633773116e-03
2.216319554644769971e-02
2.216319554644769971e-02
2.216319554644769971e-02
2.216319554644769971e-02
2.216319554644769971e-02
2.216319554644769971e-02
1.760616806010243535e-02
2.287942929365945760e-02
2.287942929365945760e-02
2.287942929365945760e-02
2.287942929365945760e-02
4.618153664230770922e-03
4.618153664230770922e-03
4.618153664230770922e-03
4.618153664230770922e-03
4.618153664230770922e-03
1.520120712471689436e-02
4.618153664230770922e-03
4.618153664230770922e-03
4.618153664230770922e-03
1.562242007733340328e-02
1.965773721088859977e-02
1.965773721088859977e-02
1.965773721088859977e-02
1.965773721088859977e-02
6.738285536633773116e-03
6.738285536633773116e-03
6.738285536633773116e-03
6.738285536633773116e-03
1.809336227301906394e-02
1.424368917196900362e-02
1.424368917196900362e-02
1.424368917196900362e-02
1.424368917196900362e-02
3.781499964139030130e-03
1.033778565992651626e-04
1.033778565992651626e-04
1.033778565992651626e-04
1.033778565992651626e-04
1.033778565992651626e-04
1.033778565992651626e-04
1.178008288797524096e-02
2.221027435231797201e-03
2.221027435231797201e-03
2.221027435231797201e-03
2.221027435231797201e-03
2.221027435231797201e-03
2.221027435231797201e-03
2.221027435231797201e-03
2.221027435231797201e-03
4.396515037882953864e-03
4.396515037882953864e-03
6.554905137929790612e-03
8.615491701574691519e-02
8.615491701574691519e-02
8.615491701574691519e-02
8.615491701574691519e-02
0.000000000000000000e+00
0.000000000000000000e+00
0.000000000000000000e+00
0.000000000000000000e+00
0.000000000000000000e+00
1.048745275899084627e-03
1.616622414809106359e-02
1.616622414809106359e-02
1.616622414809106359e-02
1.616622414809106359e-02
1.616622414809106359e-02
1.616622414809106359e-02
1.616622414809106359e-02
1.616622414809106359e-02
1.616622414809106359e-02
1.616622414809106359e-02
1.616622414809106359e-02
1.616622414809106359e-02
1.616622414809106359e-02
1.616622414809106359e-02
3.672726713309973356e-02
1.308885083279138009e-03
1.308885083279138009e-03
1.308885083279138009e-03
1.308885083279138009e-03
1.308885083279138009e-03
1.308885083279138009e-03
1.308885083279138009e-03
1.308885083279138009e-03
1.308885083279138009e-03
1.308885083279138009e-03
1.308885083279138009e-03
1.308885083279138009e-03
1.156122431857053989e-02
2.072773242885635886e-02
0.000000000000000000e+00
1.140891286743250452e-02
1.140891286743250452e-02
1.140891286743250452e-02
1.140891286743250452e-02
1.140891286743250452e-02
1.140891286743250452e-02
1.140891286743250452e-02
1.140891286743250452e-02
1.563316391806505133e-03
9.141629596679540920e-03
9.141629596679540920e-03
9.740721565849876432e-03
1.418583995082527659e-02
1.418583995082527659e-02
2.592116615657486575e-03
3.413764009634293051e-03
3.413764009634293051e-03
3.413764009634293051e-03
0.000000000000000000e+00
0.000000000000000000e+00
8.072015174284821043e-03
8.072015174284821043e-03
7.512020676536867655e-03
7.512020676536867655e-03
7.512020676536867655e-03
7.512020676536867655e-03
7.512020676536867655e-03
1.424005834239532899e-02
7.512020676536867655e-03
7.512020676536867655e-03
7.512020676536867655e-03
7.512020676536867655e-03
7.512020676536867655e-03
7.512020676536867655e-03
7.512020676536867655e-03
1.010628837558504023e-02
1.010628837558504023e-02
1.010628837558504023e-02
1.010628837558504023e-02
1.010628837558504023e-02
1.010628837558504023e-02
1.010628837558504023e-02
1.010628837558504023e-02
1.010628837558504023e-02
1.010628837558504023e-02
1.010628837558504023e-02
1.010628837558504023e-02
1.010628837558504023e-02
1.010628837558504023e-02
1.010628837558504023e-02
1.156122431857053989e-02
3.749416858925151697e-03
3.749416858925151697e-03
3.749416858925151697e-03
3.749416858925151697e-03
3.749416858925151697e-03
3.749416858925151697e-03
3.749416858925151697e-03
3.749416858925151697e-03
7.816868497349332978e-03
7.816868497349332978e-03
7.816868497349332978e-03
7.816868497349332978e-03
1.519370720443004481e-02
1.847552468016360611e-02
1.847552468016360611e-02
1.847552468016360611e-02
1.847552468016360611e-02
1.847552468016360611e-02
1.847552468016360611e-02
1.847552468016360611e-02
1.847552468016360611e-02
1.847552468016360611e-02
1.847552468016360611e-02
9.812451949646061253e-03
3.720755849364427818e-03
3.720755849364427818e-03
2.154810733982172669e-02
2.904414359214835609e-02
2.904414359214835609e-02
2.904414359214835609e-02
2.904414359214835609e-02
2.904414359214835609e-02
2.904414359214835609e-02
2.904414359214835609e-02
2.904414359214835609e-02
9.996039523344796285e-03
1.158830914098053257e-02
1.158830914098053257e-02
1.158830914098053257e-02
1.158830914098053257e-02
1.158830914098053257e-02
1.158830914098053257e-02
1.158830914098053257e-02
1.158830914098053257e-02
0.000000000000000000e+00
0.000000000000000000e+00
0.000000000000000000e+00
1.723795085978248320e-02
4.006936898017507583e-03
4.006936898017507583e-03
4.006936898017507583e-03
4.006936898017507583e-03
4.006936898017507583e-03
4.006936898017507583e-03
9.812451949646061253e-03
9.812451949646061253e-03
9.812451949646061253e-03
9.812451949646061253e-03
9.812451949646061253e-03
9.812451949646061253e-03
9.812451949646061253e-03
9.812451949646061253e-03
1.823474825468777635e-02
1.823474825468777635e-02
1.113845032260507052e-02
1.113845032260507052e-02
1.113845032260507052e-02
1.113845032260507052e-02
1.113845032260507052e-02
1.113845032260507052e-02
1.113845032260507052e-02
1.113845032260507052e-02
1.113845032260507052e-02
1.113845032260507052e-02
1.113845032260507052e-02
1.113845032260507052e-02
1.113845032260507052e-02
1.113845032260507052e-02
1.113845032260507052e-02
1.113845032260507052e-02
1.113845032260507052e-02
2.519700641295072666e-02
1.113845032260507052e-02
1.113845032260507052e-02
1.113845032260507052e-02
1.113845032260507052e-02
1.113845032260507052e-02
3.065850738372796411e-02
2.187416337690830520e-02
2.187416337690830520e-02
1.563316391806505133e-03
1.563316391806505133e-03
1.563316391806505133e-03
1.563316391806505133e-03
1.563316391806505133e-03
1.563316391806505133e-03
1.563316391806505133e-03
1.563316391806505133e-03
2.154810733982172669e-02
2.154810733982172669e-02
2.154810733982172669e-02
3.316853472609400649e-03
1.470100600547493211e-02
1.470100600547493211e-02
1.470100600547493211e-02
1.470100600547493211e-02
1.470100600547493211e-02
1.470100600547493211e-02
1.644089981434775777e-02
2.753085337837879107e-02
2.753085337837879107e-02
8.202473783750529809e-03
7.368458305975746081e-03
7.368458305975746081e-03
7.368458305975746081e-03
7.368458305975746081e-03
1.424005834239532899e-02
1.424005834239532899e-02
4.501819274673749460e-04
1.926616462426311918e-02
1.926616462426311918e-02
1.926616462426311918e-02
1.926616462426311918e-02
4.501819274673749460e-04
1.557328115345555123e-03
1.557328115345555123e-03
1.557328115345555123e-03
1.557328115345555123e-03
5.033900315989584115e-04
4.110856436357619714e-02
4.110856436357619714e-02
4.110856436357619714e-02
4.110856436357619714e-02
4.110856436357619714e-02
4.110856436357619714e-02
4.110856436357619714e-02
4.110856436357619714e-02
4.110856436357619714e-02
4.110856436357619714e-02
2.693721209854400833e-03
2.288224352211706836e-02
2.288224352211706836e-02
2.288224352211706836e-02
2.288224352211706836e-02
0.000000000000000000e+00
1.108068114467889234e-02
1.108068114467889234e-02
1.108068114467889234e-02
1.108068114467889234e-02
1.108068114467889234e-02
1.108068114467889234e-02
1.108068114467889234e-02
1.108068114467889234e-02
1.108068114467889234e-02
1.108068114467889234e-02
1.108068114467889234e-02
1.108068114467889234e-02
5.033900315989584115e-04
5.033900315989584115e-04
5.033900315989584115e-04
5.033900315989584115e-04
5.033900315989584115e-04
5.033900315989584115e-04
7.186485897276789596e-03
5.149207523642842892e-03
1.644089981434775777e-02
6.007146748862693397e-02
6.007146748862693397e-02
6.007146748862693397e-02
6.007146748862693397e-02
6.972914440255582186e-03
0.000000000000000000e+00
0.000000000000000000e+00
0.000000000000000000e+00
0.000000000000000000e+00
0.000000000000000000e+00
1.885778810350407023e-02
1.885778810350407023e-02
3.749331042936555197e-02
1.510511165848087839e-02
1.510511165848087839e-02
1.510511165848087839e-02
1.510511165848087839e-02
1.510511165848087839e-02
1.510511165848087839e-02
1.960434693883355423e-02
1.492546427235542407e-02
2.174259144058896323e-02
2.174259144058896323e-02
2.174259144058896323e-02
2.174259144058896323e-02
2.174259144058896323e-02
2.174259144058896323e-02
2.174259144058896323e-02
2.174259144058896323e-02
2.174259144058896323e-02
2.174259144058896323e-02
2.174259144058896323e-02
2.174259144058896323e-02
1.632071711478453799e-02
4.187997461586002307e-02
4.187997461586002307e-02
4.187997461586002307e-02
4.187997461586002307e-02
4.187997461586002307e-02
4.187997461586002307e-02
4.187997461586002307e-02
4.187997461586002307e-02
4.187997461586002307e-02
4.187997461586002307e-02
4.187997461586002307e-02
4.187997461586002307e-02
4.187997461586002307e-02
4.187997461586002307e-02
7.907823598138947682e-03
3.202071444139063805e-02
3.202071444139063805e-02
3.202071444139063805e-02
3.202071444139063805e-02
3.202071444139063805e-02
3.202071444139063805e-02
3.202071444139063805e-02
3.202071444139063805e-02
3.202071444139063805e-02
3.202071444139063805e-02
3.202071444139063805e-02
3.202071444139063805e-02
3.202071444139063805e-02
3.202071444139063805e-02
3.202071444139063805e-02
3.202071444139063805e-02
1.572279709995131822e-02
1.085202056689479194e-02
1.085202056689479194e-02
2.551016415412347277e-02
2.057372789099056257e-02
2.057372789099056257e-02
1.992006683149132040e-03
1.992006683149132040e-03
1.992006683149132040e-03
1.992006683149132040e-03
1.992006683149132040e-03
1.992006683149132040e-03
1.992006683149132040e-03
1.992006683149132040e-03
1.992006683149132040e-03
1.992006683149132040e-03
1.992006683149132040e-03
1.992006683149132040e-03
1.992006683149132040e-03
1.992006683149132040e-03
1.992006683149132040e-03
1.327416100140283578e-02
1.903738303462121188e-03
1.903738303462121188e-03
7.385641129298937957e-03
7.385641129298937957e-03
7.385641129298937957e-03
7.385641129298937957e-03
7.385641129298937957e-03
7.385641129298937957e-03
2.016524769104970430e-02
3.067521634634731622e-03
3.067521634634731622e-03
3.067521634634731622e-03
3.067521634634731622e-03
3.067521634634731622e-03
3.067521634634731622e-03
0.000000000000000000e+00
1.806982849489874657e-02
1.806982849489874657e-02
1.806982849489874657e-02
1.806982849489874657e-02
1.806982849489874657e-02
1.806982849489874657e-02
3.135592046769546549e-03
3.135592046769546549e-03
3.135592046769546549e-03
3.135592046769546549e-03
3.135592046769546549e-03
3.135592046769546549e-03
3.135592046769546549e-03
3.135592046769546549e-03
3.135592046769546549e-03
3.135592046769546549e-03
3.135592046769546549e-03
3.135592046769546549e-03
3.135592046769546549e-03
3.135592046769546549e-03
3.135592046769546549e-03
3.135592046769546549e-03
3.135592046769546549e-03
3.135592046769546549e-03
3.135592046769546549e-03
1.327416100140283578e-02
1.327416100140283578e-02
1.327416100140283578e-02
1.327416100140283578e-02
1.327416100140283578e-02
1.327416100140283578e-02
1.327416100140283578e-02
1.327416100140283578e-02
1.327416100140283578e-02
1.327416100140283578e-02
1.593855489009578241e-02
1.063504197319908688e-02
1.063504197319908688e-02
1.063504197319908688e-02
1.063504197319908688e-02
1.063504197319908688e-02
1.063504197319908688e-02
1.063504197319908688e-02
1.063504197319908688e-02
1.063504197319908688e-02
1.063504197319908688e-02
6.311445072262128475e-02
3.749331042936555197e-02
3.749331042936555197e-02
3.749331042936555197e-02
1.689514194371399824e-02
1.151620189238052212e-02
1.151620189238052212e-02
1.151620189238052212e-02
1.151620189238052212e-02
1.151620189238052212e-02
1.151620189238052212e-02
1.151620189238052212e-02
1.151620189238052212e-02
3.864399942851429008e-03
5.911188634883061434e-03
5.911188634883061434e-03
5.911188634883061434e-03
5.911188634883061434e-03
5.911188634883061434e-03
5.911188634883061434e-03
5.911188634883061434e-03
5.911188634883061434e-03
5.911188634883061434e-03
5.911188634883061434e-03
5.911188634883061434e-03
5.911188634883061434e-03
0.000000000000000000e+00
0.000000000000000000e+00
0.000000000000000000e+00
4.741989109510743455e-02
2.095751071950991209e-02
2.095751071950991209e-02
2.095751071950991209e-02
2.095751071950991209e-02
2.095751071950991209e-02
2.095751071950991209e-02
7.721171589231955526e-03
2.095751071950991209e-02
2.519700641295072666e-02
2.728378419770537480e-02
2.728378419770537480e-02
2.728378419770537480e-02
2.728378419770537480e-02
2.728378419770537480e-02
2.728378419770537480e-02
0.000000000000000000e+00
0.000000000000000000e+00
0.000000000000000000e+00
9.835540534342587793e-03
2.177967195029737249e-02
2.177967195029737249e-02
2.177967195029737249e-02
2.177967195029737249e-02
2.177967195029737249e-02
2.177967195029737249e-02
2.177967195029737249e-02
2.177967195029737249e-02
2.177967195029737249e-02
2.177967195029737249e-02
6.633635009202764124e-03
8.093290199859416723e-03
8.093290199859416723e-03
8.093290199859416723e-03
8.093290199859416723e-03
8.093290199859416723e-03
8.093290199859416723e-03
8.093290199859416723e-03
8.093290199859416723e-03
8.093290199859416723e-03
8.093290199859416723e-03
8.093290199859416723e-03
8.093290199859416723e-03
8.093290199859416723e-03
8.093290199859416723e-03
0.000000000000000000e+00
0.000000000000000000e+00
4.617284799181233662e-02
4.617284799181233662e-02
4.617284799181233662e-02
4.617284799181233662e-02
4.617284799181233662e-02
4.617284799181233662e-02
4.617284799181233662e-02
4.617284799181233662e-02
4.617284799181233662e-02
4.617284799181233662e-02
4.617284799181233662e-02
4.853606294467211792e-03
2.781220184794645344e-03
2.781220184794645344e-03
2.781220184794645344e-03
2.781220184794645344e-03
2.781220184794645344e-03
2.781220184794645344e-03
1.572279709995131822e-02
2.006794281901067012e-02
2.006794281901067012e-02
2.006794281901067012e-02
2.006794281901067012e-02
2.006794281901067012e-02
2.006794281901067012e-02
1.585526797404763349e-02
6.310728522107434367e-03
1.585526797404763349e-02
1.585526797404763349e-02
1.585526797404763349e-02
1.585526797404763349e-02
1.585526797404763349e-02
1.585526797404763349e-02
1.585526797404763349e-02
6.310728522107434367e-03
6.310728522107434367e-03
6.310728522107434367e-03
2.225112595372097987e-03
2.208155015983122998e-02
2.208155015983122998e-02
8.600906544676236365e-04
8.600906544676236365e-04
8.600906544676236365e-04
8.600906544676236365e-04
8.600906544676236365e-04
8.600906544676236365e-04
8.600906544676236365e-04
8.600906544676236365e-04
8.600906544676236365e-04
8.600906544676236365e-04
8.600906544676236365e-04
0.000000000000000000e+00
0.000000000000000000e+00
0.000000000000000000e+00
0.000000000000000000e+00
0.000000000000000000e+00
0.000000000000000000e+00
0.000000000000000000e+00
0.000000000000000000e+00
0.000000000000000000e+00
1.459294718821275635e-02
1.728705563551376570e-02
1.728705563551376570e-02
1.728705563551376570e-02
7.635756082714438217e-03
5.750867998496673149e-03
5.750867998496673149e-03
5.750867998496673149e-03
5.750867998496673149e-03
5.750867998496673149e-03
5.750867998496673149e-03
2.391139488447696984e-02
2.391139488447696984e-02
2.391139488447696984e-02
2.391139488447696984e-02
2.391139488447696984e-02
2.391139488447696984e-02
2.391139488447696984e-02
2.391139488447696984e-02
2.391139488447696984e-02
2.391139488447696984e-02
2.391139488447696984e-02
2.298754030926607184e-02
2.101350933187800391e-02
2.323354205053125652e-03
2.323354205053125652e-03
2.323354205053125652e-03
2.323354205053125652e-03
2.323354205053125652e-03
2.323354205053125652e-03
2.323354205053125652e-03
2.323354205053125652e-03
2.323354205053125652e-03
2.323354205053125652e-03
2.323354205053125652e-03
8.912007514584029469e-03
7.282249563610684352e-04
7.282249563610684352e-04
7.282249563610684352e-04
7.282249563610684352e-04
7.282249563610684352e-04
7.282249563610684352e-04
7.282249563610684352e-04
7.282249563610684352e-04
5.839480000540544363e-03
3.659610459349707783e-03
3.659610459349707783e-03
3.659610459349707783e-03
3.659610459349707783e-03
3.659610459349707783e-03
3.659610459349707783e-03
3.659610459349707783e-03
3.659610459349707783e-03
3.659610459349707783e-03
3.659610459349707783e-03
2.196271995701236726e-02
2.704492794016151447e-02
2.704492794016151447e-02
1.095397548940780022e-02
1.817862799510721120e-02
1.095397548940780022e-02
1.095397548940780022e-02
1.095397548940780022e-02
1.095397548940780022e-02
1.095397548940780022e-02
1.817862799510721120e-02
1.817862799510721120e-02
1.817862799510721120e-02
8.155635895441120178e-03
1.438277449953858159e-02
1.438277449953858159e-02
1.438277449953858159e-02
1.438277449953858159e-02
1.438277449953858159e-02
1.438277449953858159e-02
1.574747256269985957e-03
1.573422459380941635e-02
1.573422459380941635e-02
1.573422459380941635e-02
1.573422459380941635e-02
1.573422459380941635e-02
1.573422459380941635e-02
1.573422459380941635e-02
1.573422459380941635e-02
1.573422459380941635e-02
1.573422459380941635e-02
1.573422459380941635e-02
1.573422459380941635e-02
1.573422459380941635e-02
1.573422459380941635e-02
7.372225810683698602e-03
7.372225810683698602e-03
1.321479190531925883e-02
4.507872724188952303e-03
4.507872724188952303e-03
4.507872724188952303e-03
4.507872724188952303e-03
4.507872724188952303e-03
4.507872724188952303e-03
2.281312180504576140e-02
2.281312180504576140e-02
2.281312180504576140e-02
2.281312180504576140e-02
2.281312180504576140e-02
2.281312180504576140e-02
2.281312180504576140e-02
2.281312180504576140e-02
2.281312180504576140e-02
2.281312180504576140e-02
2.281312180504576140e-02
2.281312180504576140e-02
2.281312180504576140e-02
8.910588377634308041e-03
1.518928839208871610e-02
1.518928839208871610e-02
1.518928839208871610e-02
1.518928839208871610e-02
1.518928839208871610e-02
1.518928839208871610e-02
1.518928839208871610e-02
1.518928839208871610e-02
1.518928839208871610e-02
1.518928839208871610e-02
1.518928839208871610e-02
1.518928839208871610e-02
1.518928839208871610e-02
3.823237632297188382e-02
4.335524938831049335e-02
4.335524938831049335e-02
1.269251074060459387e-02
7.799574499144833195e-03
7.799574499144833195e-03
7.799574499144833195e-03
7.799574499144833195e-03
3.823237632297188382e-02
3.823237632297188382e-02
3.823237632297188382e-02
3.823237632297188382e-02
3.823237632297188382e-02
3.823237632297188382e-02
3.823237632297188382e-02
3.823237632297188382e-02
1.885224138237211883e-02
1.885224138237211883e-02
1.885224138237211883e-02
1.885224138237211883e-02
1.885224138237211883e-02
1.885224138237211883e-02
1.885224138237211883e-02
1.885224138237211883e-02
1.885224138237211883e-02
1.885224138237211883e-02
1.885224138237211883e-02
6.738634380851902389e-03
1.283176102591007152e-02
1.283176102591007152e-02
1.283176102591007152e-02
1.283176102591007152e-02
6.645081104568469933e-03
4.058936771907550867e-03
4.058936771907550867e-03
1.618222696441266525e-02
2.331701426233616370e-02
2.331701426233616370e-02
6.609031833662088601e-03
6.609031833662088601e-03
6.609031833662088601e-03
6.609031833662088601e-03
6.609031833662088601e-03
6.609031833662088601e-03
6.609031833662088601e-03
6.609031833662088601e-03
6.609031833662088601e-03
6.609031833662088601e-03
6.609031833662088601e-03
2.774037277460790138e-02
7.920626005023191987e-03
7.920626005023191987e-03
7.920626005023191987e-03
6.044264300495684472e-02
4.684044548260052343e-02
4.684044548260052343e-02
4.684044548260052343e-02
4.684044548260052343e-02
4.684044548260052343e-02
4.684044548260052343e-02
1.601544065935671737e-02
0.000000000000000000e+00
0.000000000000000000e+00
0.000000000000000000e+00
0.000000000000000000e+00
0.000000000000000000e+00
1.601544065935671737e-02
1.601544065935671737e-02
1.601544065935671737e-02
1.601544065935671737e-02
7.186485897276789596e-03
7.186485897276789596e-03
3.250116371881280053e-02
0.000000000000000000e+00
0.000000000000000000e+00
3.501040885443552908e-02
4.890499923755412676e-02
4.890499923755412676e-02
4.890499923755412676e-02
4.890499923755412676e-02
6.549518110342029617e-03
4.421193503988380021e-03
4.421193503988380021e-03
4.421193503988380021e-03
4.421193503988380021e-03
4.421193503988380021e-03
4.421193503988380021e-03
0.000000000000000000e+00
0.000000000000000000e+00
0.000000000000000000e+00
0.000000000000000000e+00
0.000000000000000000e+00
0.000000000000000000e+00
9.172297493065004886e-03
9.172297493065004886e-03
9.172297493065004886e-03
9.172297493065004886e-03
9.172297493065004886e-03
9.172297493065004886e-03
9.172297493065004886e-03
9.172297493065004886e-03
1.644089981434775777e-02
1.644089981434775777e-02
1.644089981434775777e-02
3.700145482315828765e-02
3.976160288228772904e-02
3.976160288228772904e-02
3.976160288228772904e-02
3.976160288228772904e-02
3.976160288228772904e-02
3.976160288228772904e-02
3.976160288228772904e-02
3.976160288228772904e-02
2.034069793881129393e-02
2.034069793881129393e-02
2.034069793881129393e-02
2.034069793881129393e-02
2.034069793881129393e-02
2.034069793881129393e-02
2.034069793881129393e-02
2.034069793881129393e-02
2.034069793881129393e-02
2.034069793881129393e-02
2.034069793881129393e-02
7.635756082714438217e-03
7.635756082714438217e-03
7.635756082714438217e-03
7.635756082714438217e-03
7.635756082714438217e-03
7.635756082714438217e-03
1.951803103069698828e-02
1.178008288797524096e-02
1.657880957826187232e-02
1.657880957826187232e-02
1.657880957826187232e-02
7.145809215936787043e-03
1.657880957826187232e-02
1.657880957826187232e-02
1.657880957826187232e-02
1.657880957826187232e-02
1.657880957826187232e-02
3.501040885443552908e-02
3.501040885443552908e-02
3.501040885443552908e-02
3.501040885443552908e-02
3.501040885443552908e-02
3.501040885443552908e-02
3.501040885443552908e-02
3.501040885443552908e-02
3.501040885443552908e-02
3.501040885443552908e-02
3.501040885443552908e-02
3.501040885443552908e-02
3.501040885443552908e-02
3.501040885443552908e-02
3.501040885443552908e-02
3.501040885443552908e-02
1.113246387472431121e-03
4.779762053707724799e-03
4.779762053707724799e-03
4.779762053707724799e-03
4.779762053707724799e-03
4.779762053707724799e-03
4.779762053707724799e-03
4.779762053707724799e-03
4.779762053707724799e-03
5.003687827044888455e-04
5.003687827044888455e-04
5.003687827044888455e-04
5.003687827044888455e-04
5.003687827044888455e-04
1.872945309398651656e-02
2.729360341537355114e-02
2.729360341537355114e-02
2.729360341537355114e-02
4.083211056926963622e-02
5.553707527881215217e-02
5.553707527881215217e-02
5.553707527881215217e-02
6.512984686206872882e-03
5.171690306864909839e-03
5.171690306864909839e-03
5.171690306864909839e-03
5.171690306864909839e-03
0.000000000000000000e+00
5.267611051866390691e-03
5.267611051866390691e-03
5.267611051866390691e-03
5.267611051866390691e-03
5.267611051866390691e-03
5.267611051866390691e-03
5.267611051866390691e-03
5.267611051866390691e-03
5.267611051866390691e-03
5.267611051866390691e-03
5.267611051866390691e-03
5.267611051866390691e-03
1.712216902664948082e-02
1.320762754306005655e-02
1.320762754306005655e-02
1.320762754306005655e-02
1.320762754306005655e-02
1.320762754306005655e-02
1.320762754306005655e-02
1.320762754306005655e-02
1.320762754306005655e-02
8.182054588990579636e-03
2.212779236184838835e-02
3.973286417706023768e-03
3.973286417706023768e-03
3.973286417706023768e-03
3.973286417706023768e-03
1.661239997673610511e-02
1.809336227301906394e-02
1.809336227301906394e-02
1.809336227301906394e-02
1.809336227301906394e-02
1.809336227301906394e-02
1.809336227301906394e-02
1.809336227301906394e-02
1.809336227301906394e-02
1.809336227301906394e-02
1.809336227301906394e-02
1.809336227301906394e-02
1.809336227301906394e-02
1.809336227301906394e-02
2.940694882660325245e-03
2.940694882660325245e-03
2.940694882660325245e-03
2.940694882660325245e-03
2.940694882660325245e-03
0.000000000000000000e+00
0.000000000000000000e+00
6.540873239250227268e-03
9.740721565849876432e-03
9.740721565849876432e-03
9.740721565849876432e-03
9.740721565849876432e-03
9.740721565849876432e-03
6.566889154007702657e-03
4.238350150101420979e-03
4.238350150101420979e-03
4.238350150101420979e-03
4.238350150101420979e-03
4.238350150101420979e-03
4.238350150101420979e-03
5.168002694922262108e-02
5.168002694922262108e-02
5.168002694922262108e-02
5.168002694922262108e-02
5.168002694922262108e-02
5.168002694922262108e-02
2.290922051941435972e-02
2.290922051941435972e-02
1.187958527022305380e-02
2.263201727455828923e-03
2.263201727455828923e-03
2.263201727455828923e-03
2.263201727455828923e-03
2.263201727455828923e-03
2.263201727455828923e-03
2.263201727455828923e-03
5.626644299523114300e-04
1.834839549230382616e-02
1.834839549230382616e-02
1.834839549230382616e-02
1.834839549230382616e-02
1.834839549230382616e-02
1.834839549230382616e-02
1.834839549230382616e-02
1.834839549230382616e-02
1.834839549230382616e-02
1.834839549230382616e-02
0.000000000000000000e+00
0.000000000000000000e+00
0.000000000000000000e+00
0.000000000000000000e+00
0.000000000000000000e+00
9.960271804249380342e-03
7.341040038497794427e-03
7.341040038497794427e-03
7.341040038497794427e-03
7.341040038497794427e-03
7.341040038497794427e-03
7.341040038497794427e-03
7.341040038497794427e-03
7.341040038497794427e-03
7.341040038497794427e-03
7.341040038497794427e-03
7.341040038497794427e-03
7.341040038497794427e-03
7.341040038497794427e-03
7.341040038497794427e-03
0.000000000000000000e+00
1.459294718821275635e-02
3.376559754515778833e-02
9.922773453765106055e-02
9.922773453765106055e-02
9.922773453765106055e-02
9.922773453765106055e-02
9.922773453765106055e-02
9.922773453765106055e-02
2.122117281172560335e-02
1.005569693337899327e-02
1.005569693337899327e-02
1.005569693337899327e-02
1.005569693337899327e-02
1.005569693337899327e-02
1.005569693337899327e-02
3.089287379370400308e-02
3.255873359977094761e-02
3.255873359977094761e-02
3.255873359977094761e-02
3.255873359977094761e-02
3.255873359977094761e-02
3.255873359977094761e-02
3.255873359977094761e-02
3.255873359977094761e-02
3.255873359977094761e-02
3.255873359977094761e-02
3.255873359977094761e-02
3.255873359977094761e-02
3.255873359977094761e-02
3.255873359977094761e-02
3.255873359977094761e-02
3.255873359977094761e-02
0.000000000000000000e+00
0.000000000000000000e+00
0.000000000000000000e+00
0.000000000000000000e+00
0.000000000000000000e+00
0.000000000000000000e+00
0.000000000000000000e+00
0.000000000000000000e+00
0.000000000000000000e+00
0.000000000000000000e+00
0.000000000000000000e+00
0.000000000000000000e+00
0.000000000000000000e+00
0.000000000000000000e+00
2.452274835981781143e-02
1.599452506568625754e-02
1.599452506568625754e-02
1.599452506568625754e-02
1.599452506568625754e-02
1.599452506568625754e-02
1.599452506568625754e-02
1.599452506568625754e-02
1.599452506568625754e-02
1.599452506568625754e-02
1.599452506568625754e-02
4.140851936313067957e-03
0.000000000000000000e+00
0.000000000000000000e+00
0.000000000000000000e+00
1.559736578422770727e-02
1.236841746456370655e-02
1.236841746456370655e-02
6.511202831280345563e-03
3.505717103355089018e-03
3.505717103355089018e-03
3.505717103355089018e-03
3.505717103355089018e-03
3.505717103355089018e-03
3.505717103355089018e-03
3.505717103355089018e-03
3.505717103355089018e-03
3.505717103355089018e-03
3.505717103355089018e-03
3.505717103355089018e-03
3.505717103355089018e-03
3.505717103355089018e-03
3.505717103355089018e-03
3.505717103355089018e-03
3.505717103355089018e-03
3.287742895063983182e-03
3.287742895063983182e-03
3.676166247963959244e-02
3.676166247963959244e-02
3.676166247963959244e-02
2.079303226365032675e-02
2.079303226365032675e-02
2.079303226365032675e-02
3.756564717005942550e-02
3.756564717005942550e-02
3.756564717005942550e-02
0.000000000000000000e+00
0.000000000000000000e+00
0.000000000000000000e+00
0.000000000000000000e+00
5.785327634759042902e-03
2.245540452210447596e-02
2.245540452210447596e-02
2.245540452210447596e-02
2.245540452210447596e-02
2.245540452210447596e-02
2.245540452210447596e-02
2.245540452210447596e-02
2.245540452210447596e-02
1.321479190531925883e-02
1.321479190531925883e-02
1.321479190531925883e-02
1.321479190531925883e-02
6.972914440255582186e-03
6.972914440255582186e-03
6.972914440255582186e-03
6.972914440255582186e-03
6.972914440255582186e-03
6.972914440255582186e-03
6.972914440255582186e-03
6.972914440255582186e-03
2.604515407930197562e-02
3.029374396593565236e-02
3.029374396593565236e-02
2.668168993632034566e-02
3.029374396593565236e-02
7.502931352989194308e-03
1.044005323189665241e-02
1.044005323189665241e-02
1.044005323189665241e-02
1.044005323189665241e-02
1.044005323189665241e-02
1.044005323189665241e-02
1.044005323189665241e-02
1.044005323189665241e-02
5.611417421866486677e-03
3.090984880861128142e-03
3.090984880861128142e-03
2.601450536502256843e-04
3.090984880861128142e-03
3.090984880861128142e-03
0.000000000000000000e+00
5.640659583555907713e-03
5.640659583555907713e-03
5.640659583555907713e-03
5.640659583555907713e-03
5.640659583555907713e-03
5.640659583555907713e-03
2.122117281172560335e-02
2.122117281172560335e-02
2.122117281172560335e-02
2.122117281172560335e-02
7.507033609547152098e-03
6.738634380851902389e-03
6.738634380851902389e-03
6.738634380851902389e-03
6.738634380851902389e-03
6.738634380851902389e-03
7.507033609547152098e-03
4.288569906180778740e-03
7.507033609547152098e-03
6.540734115257081961e-03
8.933722878740555859e-03
8.933722878740555859e-03
1.118240606937731139e-03
0.000000000000000000e+00
0.000000000000000000e+00
0.000000000000000000e+00
0.000000000000000000e+00
1.034422699363764936e-03
5.397408903939355032e-03
5.397408903939355032e-03
5.397408903939355032e-03
5.397408903939355032e-03
5.397408903939355032e-03
5.397408903939355032e-03
5.397408903939355032e-03
5.397408903939355032e-03
5.397408903939355032e-03
5.397408903939355032e-03
1.160608686171631272e-03
1.160608686171631272e-03
1.160608686171631272e-03
1.160608686171631272e-03
1.160608686171631272e-03
1.160608686171631272e-03
1.160608686171631272e-03
1.160608686171631272e-03
1.160608686171631272e-03
6.347343266975394999e-03
1.160608686171631272e-03
1.160608686171631272e-03
1.160608686171631272e-03
1.160608686171631272e-03
1.160608686171631272e-03
1.160608686171631272e-03
1.160608686171631272e-03
1.160608686171631272e-03
1.160608686171631272e-03
1.160608686171631272e-03
1.160608686171631272e-03
0.000000000000000000e+00
0.000000000000000000e+00
0.000000000000000000e+00
0.000000000000000000e+00
0.000000000000000000e+00
0.000000000000000000e+00
0.000000000000000000e+00
0.000000000000000000e+00
0.000000000000000000e+00
0.000000000000000000e+00
0.000000000000000000e+00
0.000000000000000000e+00
0.000000000000000000e+00
0.000000000000000000e+00
0.000000000000000000e+00
9.835540534342587793e-03
9.835540534342587793e-03
9.835540534342587793e-03
9.835540534342587793e-03
9.835540534342587793e-03
9.835540534342587793e-03
9.835540534342587793e-03
9.835540534342587793e-03
9.835540534342587793e-03
9.835540534342587793e-03
9.835540534342587793e-03
9.835540534342587793e-03
9.835540534342587793e-03
9.835540534342587793e-03
0.000000000000000000e+00
1.656906647741848704e-02
1.656906647741848704e-02
1.656906647741848704e-02
1.656906647741848704e-02
0.000000000000000000e+00
0.000000000000000000e+00
0.000000000000000000e+00
0.000000000000000000e+00
0.000000000000000000e+00
0.000000000000000000e+00
0.000000000000000000e+00
2.016524769104970430e-02
1.183142986478686459e-02
1.183142986478686459e-02
1.183142986478686459e-02
1.183142986478686459e-02
3.483022161534482519e-02
1.183142986478686459e-02
0.000000000000000000e+00
1.183142986478686459e-02
1.183142986478686459e-02
1.183142986478686459e-02
0.000000000000000000e+00
1.282079207656340938e-02
1.282079207656340938e-02
1.282079207656340938e-02
1.282079207656340938e-02
1.282079207656340938e-02
1.282079207656340938e-02
1.282079207656340938e-02
1.282079207656340938e-02
1.282079207656340938e-02
1.282079207656340938e-02
1.282079207656340938e-02
1.282079207656340938e-02
1.282079207656340938e-02
1.282079207656340938e-02
1.282079207656340938e-02
1.282079207656340938e-02
1.282079207656340938e-02
1.282079207656340938e-02
0.000000000000000000e+00
2.212779236184838835e-02
2.212779236184838835e-02
2.212779236184838835e-02
2.000215620894981708e-04
2.604515407930197562e-02
2.000215620894981708e-04
2.000215620894981708e-04
2.000215620894981708e-04
2.000215620894981708e-04
2.000215620894981708e-04
1.593855489009578241e-02
1.593855489009578241e-02
1.593855489009578241e-02
1.593855489009578241e-02
1.517181991130897405e-02
5.112133449947961310e-03
5.112133449947961310e-03
5.112133449947961310e-03
5.112133449947961310e-03
1.288416417677278915e-02
7.829649541899613013e-03
5.790894684697782402e-03
5.790894684697782402e-03
5.790894684697782402e-03
5.790894684697782402e-03
5.790894684697782402e-03
5.790894684697782402e-03
5.790894684697782402e-03
5.790894684697782402e-03
1.976686036175145586e-02
1.976686036175145586e-02
1.976686036175145586e-02
1.976686036175145586e-02
0.000000000000000000e+00
2.944396185632908083e-03
6.456128547868087916e-03
6.456128547868087916e-03
0.000000000000000000e+00
0.000000000000000000e+00
1.053367010115383896e-02
3.123425043311098617e-02
3.123425043311098617e-02
0.000000000000000000e+00
7.454565452550456980e-03
7.454565452550456980e-03
7.454565452550456980e-03
7.454565452550456980e-03
0.000000000000000000e+00
0.000000000000000000e+00
0.000000000000000000e+00
0.000000000000000000e+00
0.000000000000000000e+00
0.000000000000000000e+00
0.000000000000000000e+00
2.774037277460790138e-02
2.774037277460790138e-02
0.000000000000000000e+00
0.000000000000000000e+00
0.000000000000000000e+00
0.000000000000000000e+00
6.540734115257081961e-03
6.540734115257081961e-03
6.540734115257081961e-03
6.540734115257081961e-03
6.540734115257081961e-03
6.540734115257081961e-03
6.540734115257081961e-03
1.712216902664948082e-02
1.712216902664948082e-02
1.712216902664948082e-02
1.712216902664948082e-02
1.712216902664948082e-02
1.712216902664948082e-02
6.645081104568469933e-03
9.194828536606849609e-03
4.841792975124545491e-03
4.841792975124545491e-03
4.841792975124545491e-03
4.841792975124545491e-03
4.841792975124545491e-03
4.841792975124545491e-03
4.841792975124545491e-03
4.841792975124545491e-03
4.841792975124545491e-03
4.841792975124545491e-03
0.000000000000000000e+00
1.396235230265971015e-03
1.396235230265971015e-03
1.396235230265971015e-03
1.396235230265971015e-03
2.789642536812548396e-02
1.396235230265971015e-03
1.396235230265971015e-03
1.396235230265971015e-03
1.118240606937731139e-03
1.118240606937731139e-03
1.118240606937731139e-03
1.118240606937731139e-03
1.118240606937731139e-03
1.118240606937731139e-03
1.118240606937731139e-03
1.118240606937731139e-03
5.901179580963611740e-03
0.000000000000000000e+00
0.000000000000000000e+00
0.000000000000000000e+00
0.000000000000000000e+00
0.000000000000000000e+00
0.000000000000000000e+00
0.000000000000000000e+00
0.000000000000000000e+00
0.000000000000000000e+00
0.000000000000000000e+00
0.000000000000000000e+00
1.011500259292970848e-02
5.785327634759042902e-03
1.011500259292970848e-02
0.000000000000000000e+00
0.000000000000000000e+00
0.000000000000000000e+00
0.000000000000000000e+00
0.000000000000000000e+00
0.000000000000000000e+00
1.646547933998374026e-03
1.240919051518115171e-02
1.240919051518115171e-02
1.009142549587298092e-02
2.067142054036413042e-03
2.067142054036413042e-03
2.067142054036413042e-03
2.067142054036413042e-03
2.067142054036413042e-03
2.067142054036413042e-03
6.540873239250227268e-03
6.540873239250227268e-03
6.540873239250227268e-03
6.540873239250227268e-03
6.540873239250227268e-03
1.639561047456525658e-02
1.639561047456525658e-02
1.639561047456525658e-02
1.639561047456525658e-02
1.574747256269985957e-03
1.574747256269985957e-03
8.765622526614363919e-03
1.132404157603630716e-02
1.132404157603630716e-02
1.207202747638419678e-02
1.441107089613870296e-02
1.441107089613870296e-02
2.766214446383727203e-03
1.173159311470532880e-02
1.173159311470532880e-02
1.173159311470532880e-02
1.173159311470532880e-02
1.691291364917581891e-02
1.113246387472431121e-03
7.835608208212994572e-03
2.685676405797220515e-02
2.944396185632908083e-03
2.944396185632908083e-03
2.944396185632908083e-03
0.000000000000000000e+00
0.000000000000000000e+00
0.000000000000000000e+00
0.000000000000000000e+00
0.000000000000000000e+00
0.000000000000000000e+00
0.000000000000000000e+00
0.000000000000000000e+00
0.000000000000000000e+00
0.000000000000000000e+00
0.000000000000000000e+00
0.000000000000000000e+00
0.000000000000000000e+00
0.000000000000000000e+00
0.000000000000000000e+00
1.635805215753899367e-02
1.802128557793011149e-02
1.993329462509965330e-02
1.802128557793011149e-02
1.802128557793011149e-02
1.802128557793011149e-02
1.802128557793011149e-02
1.802128557793011149e-02
1.788794564090308986e-02
5.174560988013971775e-03
5.174560988013971775e-03
5.174560988013971775e-03
5.174560988013971775e-03
5.174560988013971775e-03
5.174560988013971775e-03
5.174560988013971775e-03
5.174560988013971775e-03
4.741989109510743455e-02
4.059990061036616860e-02
4.059990061036616860e-02
6.311445072262128475e-02
6.311445072262128475e-02
3.570510105390953953e-02
3.570510105390953953e-02
2.384753064104555217e-02
8.461561650264614112e-03
1.486073705214805731e-02
6.333113509320129064e-03
6.333113509320129064e-03
6.333113509320129064e-03
6.333113509320129064e-03
7.721171589231955526e-03
8.202473783750529809e-03
8.202473783750529809e-03
8.202473783750529809e-03
8.202473783750529809e-03
8.202473783750529809e-03
8.202473783750529809e-03
8.202473783750529809e-03
8.202473783750529809e-03
8.202473783750529809e-03
8.202473783750529809e-03
0.000000000000000000e+00
0.000000000000000000e+00
0.000000000000000000e+00
0.000000000000000000e+00
0.000000000000000000e+00
1.584508016431022959e-02
3.028168631099116548e-02
3.028168631099116548e-02
3.028168631099116548e-02
3.028168631099116548e-02
3.028168631099116548e-02
3.028168631099116548e-02
1.881351926561055515e-02
1.659650243611814416e-02
1.659650243611814416e-02
1.659650243611814416e-02
1.659650243611814416e-02
1.659650243611814416e-02
1.659650243611814416e-02
1.659650243611814416e-02
1.659650243611814416e-02
0.000000000000000000e+00
0.000000000000000000e+00
0.000000000000000000e+00
0.000000000000000000e+00
9.440308506779413258e-03
4.244115592707194649e-03
4.244115592707194649e-03
4.244115592707194649e-03
4.244115592707194649e-03
4.244115592707194649e-03
4.244115592707194649e-03
2.893981634022055327e-02
1.608443448576459597e-03
1.608443448576459597e-03
1.608443448576459597e-03
1.608443448576459597e-03
1.608443448576459597e-03
1.608443448576459597e-03
1.635805215753899367e-02
1.635805215753899367e-02
7.502931352989194308e-03
1.539532956245972736e-02
1.539532956245972736e-02
0.000000000000000000e+00
0.000000000000000000e+00
0.000000000000000000e+00
0.000000000000000000e+00
0.000000000000000000e+00
0.000000000000000000e+00
0.000000000000000000e+00
2.787084213663516830e-02
2.787084213663516830e-02
2.787084213663516830e-02
2.787084213663516830e-02
4.076309723011981197e-03
8.741514792320281791e-04
8.741514792320281791e-04
8.741514792320281791e-04
8.741514792320281791e-04
8.741514792320281791e-04
8.741514792320281791e-04
3.250116371881280053e-02
3.250116371881280053e-02
3.250116371881280053e-02
3.250116371881280053e-02
3.250116371881280053e-02
3.250116371881280053e-02
3.250116371881280053e-02
3.250116371881280053e-02
3.250116371881280053e-02
3.250116371881280053e-02
3.316853472609400649e-03
3.316853472609400649e-03
3.316853472609400649e-03
3.316853472609400649e-03
6.347343266975394999e-03
2.685676405797220515e-02
2.685676405797220515e-02
2.685676405797220515e-02
2.685676405797220515e-02
7.218905658152120763e-02
7.218905658152120763e-02
5.006059678139782726e-02
7.218905658152120763e-02
0.000000000000000000e+00
0.000000000000000000e+00
0.000000000000000000e+00
0.000000000000000000e+00
0.000000000000000000e+00
0.000000000000000000e+00
1.691291364917581891e-02
0.000000000000000000e+00
0.000000000000000000e+00
3.190773407664569683e-02
3.190773407664569683e-02
3.190773407664569683e-02
3.190773407664569683e-02
1.760616806010243535e-02
1.760616806010243535e-02
1.760616806010243535e-02
1.760616806010243535e-02
1.760616806010243535e-02
6.169098080403440662e-04
0.000000000000000000e+00
1.119287031323301651e-02
9.077117155112208666e-03
9.077117155112208666e-03
9.960271804249380342e-03
0.000000000000000000e+00
0.000000000000000000e+00
0.000000000000000000e+00
0.000000000000000000e+00
0.000000000000000000e+00
2.277009731389461819e-02
1.679732784261006237e-02
1.679732784261006237e-02
1.679732784261006237e-02
1.679732784261006237e-02
1.679732784261006237e-02
1.679732784261006237e-02
4.758318927260804521e-02
4.758318927260804521e-02
0.000000000000000000e+00
1.119287031323301651e-02
1.119287031323301651e-02
1.119287031323301651e-02
1.119287031323301651e-02
1.119287031323301651e-02
1.119287031323301651e-02
1.119287031323301651e-02
1.119287031323301651e-02
1.119287031323301651e-02
1.119287031323301651e-02
3.019699573926641969e-02
2.693721209854400833e-03
2.693721209854400833e-03
2.693721209854400833e-03
3.519305438122689172e-02
4.588848109963521160e-02
4.588848109963521160e-02
1.517181991130897405e-02
1.517181991130897405e-02
1.517181991130897405e-02
1.517181991130897405e-02
1.517181991130897405e-02
1.517181991130897405e-02
2.466062785921975531e-02
6.554905137929790612e-03
9.960271804249380342e-03
9.960271804249380342e-03
9.960271804249380342e-03
9.960271804249380342e-03
9.960271804249380342e-03
2.528261834285124021e-02
1.748633303998880367e-02
3.376559754515778833e-02
3.376559754515778833e-02
3.376559754515778833e-02
3.376559754515778833e-02
1.796127349202538553e-02
7.132337664149155688e-03
7.132337664149155688e-03
7.132337664149155688e-03
7.132337664149155688e-03
5.626644299523114300e-04
5.626644299523114300e-04
5.626644299523114300e-04
5.626644299523114300e-04
5.626644299523114300e-04
5.626644299523114300e-04
5.626644299523114300e-04
5.626644299523114300e-04
1.641542170156436858e-02
1.641542170156436858e-02
1.641542170156436858e-02
1.641542170156436858e-02
1.641542170156436858e-02
1.641542170156436858e-02
1.641542170156436858e-02
1.641542170156436858e-02
7.993544803800819304e-03
9.218775999808824506e-03
4.853606294467211792e-03
4.853606294467211792e-03
4.853606294467211792e-03
4.853606294467211792e-03
7.829649541899613013e-03
7.829649541899613013e-03
7.829649541899613013e-03
7.829649541899613013e-03
7.829649541899613013e-03
7.829649541899613013e-03
7.829649541899613013e-03
7.829649541899613013e-03
3.788488105924838617e-02
1.067188733466150653e-02
6.338772675976913663e-03
6.338772675976913663e-03
3.084209940946955331e-02
3.899907776788390235e-02
3.899907776788390235e-02
3.899907776788390235e-02
3.899907776788390235e-02
3.899907776788390235e-02
3.899907776788390235e-02
3.899907776788390235e-02
3.899907776788390235e-02
6.511202831280345563e-03
6.511202831280345563e-03
6.511202831280345563e-03
0.000000000000000000e+00
0.000000000000000000e+00
0.000000000000000000e+00
4.501819274673749460e-04
4.501819274673749460e-04
4.501819274673749460e-04
7.559589919493421746e-03
1.982139487159622054e-03
1.982139487159622054e-03
1.982139487159622054e-03
1.982139487159622054e-03
1.982139487159622054e-03
1.982139487159622054e-03
1.982139487159622054e-03
1.982139487159622054e-03
1.156122431857053989e-02
1.519370720443004481e-02
1.519370720443004481e-02
1.519370720443004481e-02
1.519370720443004481e-02
1.492546427235542407e-02
3.260758470923730452e-03
3.260758470923730452e-03
3.260758470923730452e-03
3.260758470923730452e-03
3.260758470923730452e-03
3.260758470923730452e-03
3.260758470923730452e-03
3.260758470923730452e-03
3.260758470923730452e-03
3.260758470923730452e-03
3.260758470923730452e-03
3.260758470923730452e-03
3.260758470923730452e-03
3.260758470923730452e-03
9.904381111088886649e-03
9.904381111088886649e-03
6.226054455959589840e-02
6.535931343552747741e-02
6.535931343552747741e-02
6.535931343552747741e-02
6.535931343552747741e-02
6.535931343552747741e-02
6.535931343552747741e-02
6.535931343552747741e-02
6.535931343552747741e-02
6.535931343552747741e-02
6.535931343552747741e-02
1.735722859795725895e-02
1.735722859795725895e-02
1.735722859795725895e-02
1.735722859795725895e-02
1.735722859795725895e-02
1.735722859795725895e-02
1.735722859795725895e-02
1.735722859795725895e-02
1.735722859795725895e-02
1.735722859795725895e-02
1.735722859795725895e-02
1.735722859795725895e-02
1.735722859795725895e-02
1.735722859795725895e-02
1.735722859795725895e-02
0.000000000000000000e+00
0.000000000000000000e+00
0.000000000000000000e+00
0.000000000000000000e+00
1.872945309398651656e-02
1.872945309398651656e-02
2.620143784000150081e-03
2.620143784000150081e-03
2.620143784000150081e-03
2.620143784000150081e-03
2.620143784000150081e-03
2.620143784000150081e-03
2.620143784000150081e-03
2.620143784000150081e-03
2.620143784000150081e-03
2.620143784000150081e-03
2.620143784000150081e-03
0.000000000000000000e+00
0.000000000000000000e+00
0.000000000000000000e+00
0.000000000000000000e+00
0.000000000000000000e+00
1.691291364917581891e-02
1.691291364917581891e-02
1.691291364917581891e-02
6.549518110342029617e-03
0.000000000000000000e+00
0.000000000000000000e+00
4.962968039053078373e-03
5.848636656873382883e-03
5.848636656873382883e-03
5.848636656873382883e-03
5.848636656873382883e-03
2.225112595372097987e-03
2.225112595372097987e-03
2.225112595372097987e-03
4.804579407168718674e-03
4.804579407168718674e-03
2.298712690560789605e-03
1.001399538035083886e-02
1.001399538035083886e-02
1.001399538035083886e-02
1.001399538035083886e-02
0.000000000000000000e+00
0.000000000000000000e+00
0.000000000000000000e+00
3.784869282927574158e-02
0.000000000000000000e+00
7.145809215936787043e-03
1.031497532810575837e-02
4.438636773135043977e-03
4.438636773135043977e-03
4.438636773135043977e-03
4.438636773135043977e-03
4.438636773135043977e-03
4.438636773135043977e-03
8.837402603631612855e-03
8.837402603631612855e-03
3.784869282927574158e-02
3.784869282927574158e-02
3.784869282927574158e-02
3.784869282927574158e-02
3.784869282927574158e-02
3.784869282927574158e-02
7.993544803800819304e-03
7.993544803800819304e-03
7.993544803800819304e-03
7.993544803800819304e-03
4.288569906180778740e-03
4.288569906180778740e-03
4.288569906180778740e-03
4.288569906180778740e-03
4.288569906180778740e-03
0.000000000000000000e+00
0.000000000000000000e+00
0.000000000000000000e+00
2.016524769104970430e-02
0.000000000000000000e+00
0.000000000000000000e+00
0.000000000000000000e+00
2.755133979599445285e-03
2.755133979599445285e-03
4.997439991706623293e-03
2.766214446383727203e-03
3.089287379370400308e-02
3.089287379370400308e-02
1.950018139005637446e-02
2.196271995701236726e-02
0.000000000000000000e+00
0.000000000000000000e+00
4.864274218101047320e-02
4.864274218101047320e-02
0.000000000000000000e+00
3.672726713309973356e-02
3.672726713309973356e-02
9.839426788575652769e-03
7.722936017063736398e-03
7.722936017063736398e-03
1.788794564090308986e-02
1.788794564090308986e-02
5.006059678139782726e-02
5.006059678139782726e-02
5.006059678139782726e-02
3.864399942851429008e-03
3.864399942851429008e-03
1.689514194371399824e-02
1.689514194371399824e-02
3.065850738372796411e-02
1.520120712471689436e-02
4.370543833746451065e-04
1.359163296343060589e-03
1.359163296343060589e-03
3.084209940946955331e-02
3.084209940946955331e-02
2.298754030926607184e-02
0.000000000000000000e+00
0.000000000000000000e+00
0.000000000000000000e+00
0.000000000000000000e+00
6.381758034425351854e-03
8.307871712698545671e-03
8.307871712698545671e-03
2.743170227226738363e-03
2.953642794683500241e-03
2.717891622235714399e-02
3.573640100074941279e-03
3.573640100074941279e-03
0.000000000000000000e+00
6.549518110342029617e-03
1.269251074060459387e-02
1.269251074060459387e-02
1.269251074060459387e-02
4.563050536279871124e-03
4.563050536279871124e-03
4.563050536279871124e-03
1.796127349202538553e-02
4.563050536279871124e-03
2.893981634022055327e-02
0.000000000000000000e+00
0.000000000000000000e+00
1.117344552569086123e-02
6.381758034425351854e-03
1.632071711478453799e-02
1.632071711478453799e-02
1.632071711478453799e-02
1.632071711478453799e-02
0.000000000000000000e+00
0.000000000000000000e+00
0.000000000000000000e+00
0.000000000000000000e+00
0.000000000000000000e+00
0.000000000000000000e+00
0.000000000000000000e+00
0.000000000000000000e+00
0.000000000000000000e+00
0.000000000000000000e+00
0.000000000000000000e+00
4.140851936313067957e-03
4.140851936313067957e-03
4.140851936313067957e-03
4.140851936313067957e-03
4.140851936313067957e-03
4.140851936313067957e-03
4.140851936313067957e-03
4.140851936313067957e-03
4.140851936313067957e-03
4.140851936313067957e-03
1.584508016431022959e-02
1.584508016431022959e-02
1.584508016431022959e-02
1.584508016431022959e-02
9.603438549652422700e-04
2.634096369451678719e-04
2.634096369451678719e-04
0.000000000000000000e+00
0.000000000000000000e+00
0.000000000000000000e+00
0.000000000000000000e+00
0.000000000000000000e+00
0.000000000000000000e+00
9.240760297960731381e-03
9.240760297960731381e-03
9.240760297960731381e-03
9.240760297960731381e-03
1.302234500084556088e-02
1.009142549587298092e-02
1.009142549587298092e-02
1.009142549587298092e-02
2.466062785921975531e-02
2.466062785921975531e-02
2.466062785921975531e-02
2.466062785921975531e-02
1.881221645816003388e-02
1.559736578422770727e-02
1.559736578422770727e-02
1.559736578422770727e-02
1.207202747638419678e-02
1.721990090818255542e-03
1.721990090818255542e-03
1.721990090818255542e-03
1.721990090818255542e-03
1.721990090818255542e-03
1.721990090818255542e-03
0.000000000000000000e+00
0.000000000000000000e+00
6.173317337224386433e-04
1.214795391714978620e-02
1.214795391714978620e-02
1.214795391714978620e-02
1.214795391714978620e-02
0.000000000000000000e+00
0.000000000000000000e+00
1.492546427235542407e-02
9.839426788575652769e-03
9.839426788575652769e-03
9.839426788575652769e-03
3.830915982192044378e-02
8.912007514584029469e-03
8.912007514584029469e-03
1.126692395370339043e-02
5.558361851459016519e-03
5.558361851459016519e-03
5.558361851459016519e-03
5.558361851459016519e-03
5.558361851459016519e-03
5.558361851459016519e-03
5.558361851459016519e-03
5.558361851459016519e-03
5.558361851459016519e-03
5.558361851459016519e-03
5.558361851459016519e-03
5.558361851459016519e-03
5.558361851459016519e-03
5.558361851459016519e-03
0.000000000000000000e+00
0.000000000000000000e+00
2.277009731389461819e-02
2.277009731389461819e-02
2.277009731389461819e-02
2.277009731389461819e-02
2.528261834285124021e-02
2.528261834285124021e-02
2.528261834285124021e-02
2.528261834285124021e-02
2.528261834285124021e-02
2.528261834285124021e-02
4.370543833746451065e-04
2.592116615657486575e-03
0.000000000000000000e+00
0.000000000000000000e+00
0.000000000000000000e+00
0.000000000000000000e+00
0.000000000000000000e+00
5.839480000540544363e-03
5.839480000540544363e-03
2.551016415412347277e-02
5.584058011520567737e-03
7.685797856315544803e-03
7.685797856315544803e-03
7.685797856315544803e-03
7.685797856315544803e-03
7.685797856315544803e-03
7.685797856315544803e-03
0.000000000000000000e+00
0.000000000000000000e+00
0.000000000000000000e+00
0.000000000000000000e+00
0.000000000000000000e+00
6.369841433007371323e-02
6.226054455959589840e-02
2.551016415412347277e-02
2.551016415412347277e-02
3.175046085037552118e-02
6.369841433007371323e-02
6.369841433007371323e-02
3.735984037189686580e-02
3.735984037189686580e-02
3.735984037189686580e-02
3.735984037189686580e-02
3.735984037189686580e-02
3.735984037189686580e-02
3.735984037189686580e-02
3.735984037189686580e-02
3.735984037189686580e-02
3.735984037189686580e-02
3.735984037189686580e-02
0.000000000000000000e+00
1.130666401550316745e-02
1.130666401550316745e-02
1.130666401550316745e-02
1.130666401550316745e-02
1.881221645816003388e-02
9.122401379381198799e-03
9.122401379381198799e-03
2.310294559912518669e-02
2.310294559912518669e-02
2.310294559912518669e-02
2.310294559912518669e-02
2.310294559912518669e-02
2.310294559912518669e-02
2.310294559912518669e-02
2.310294559912518669e-02
2.310294559912518669e-02
2.310294559912518669e-02
2.310294559912518669e-02
8.793767706347205629e-03
8.793767706347205629e-03
7.253460513313808589e-02
7.253460513313808589e-02
7.253460513313808589e-02
8.601457673638597534e-02
7.253460513313808589e-02
8.601457673638597534e-02
8.601457673638597534e-02
8.601457673638597534e-02
8.601457673638597534e-02
8.601457673638597534e-02
8.601457673638597534e-02
8.601457673638597534e-02
1.213054380654851692e-03
9.361961964040809228e-03
9.361961964040809228e-03
9.361961964040809228e-03
9.361961964040809228e-03
9.361961964040809228e-03
9.361961964040809228e-03
9.361961964040809228e-03
9.361961964040809228e-03
2.860104220114886419e-03
2.860104220114886419e-03
6.169098080403440662e-04
6.169098080403440662e-04
0.000000000000000000e+00
0.000000000000000000e+00
0.000000000000000000e+00
0.000000000000000000e+00
0.000000000000000000e+00
3.519305438122689172e-02
3.519305438122689172e-02
3.519305438122689172e-02
3.519305438122689172e-02
3.519305438122689172e-02
3.519305438122689172e-02
3.519305438122689172e-02
3.519305438122689172e-02
3.519305438122689172e-02
3.519305438122689172e-02
3.519305438122689172e-02
3.519305438122689172e-02
3.519305438122689172e-02
3.519305438122689172e-02
3.519305438122689172e-02
3.519305438122689172e-02
0.000000000000000000e+00
0.000000000000000000e+00
0.000000000000000000e+00
0.000000000000000000e+00
0.000000000000000000e+00
1.881221645816003388e-02
2.743170227226738363e-03
2.743170227226738363e-03
7.502931352989194308e-03
7.502931352989194308e-03
7.502931352989194308e-03
1.213054380654851692e-03
1.213054380654851692e-03
5.358876260137582746e-03
1.951803103069698828e-02
1.176165690174453679e-03
1.302234500084556088e-02
0.000000000000000000e+00
0.000000000000000000e+00
0.000000000000000000e+00
0.000000000000000000e+00
0.000000000000000000e+00
0.000000000000000000e+00
1.176165690174453679e-03
1.176165690174453679e-03
1.176165690174453679e-03
1.176165690174453679e-03
1.126692395370339043e-02
1.126692395370339043e-02
1.126692395370339043e-02
1.126692395370339043e-02
1.126692395370339043e-02
1.126692395370339043e-02
1.126692395370339043e-02
1.126692395370339043e-02
1.126692395370339043e-02
1.126692395370339043e-02
5.879411005686383841e-03
2.717891622235714399e-02
3.019699573926641969e-02
3.019699573926641969e-02
3.019699573926641969e-02
3.019699573926641969e-02
1.117344552569086123e-02
8.043655225894931482e-03
8.043655225894931482e-03
8.043655225894931482e-03
8.043655225894931482e-03
9.172618978477225030e-03
8.428079446036782591e-04
8.428079446036782591e-04
8.428079446036782591e-04
8.428079446036782591e-04
8.428079446036782591e-04
8.428079446036782591e-04
8.428079446036782591e-04
8.428079446036782591e-04
8.428079446036782591e-04
8.428079446036782591e-04
8.428079446036782591e-04
8.428079446036782591e-04
0.000000000000000000e+00
2.332670073672941935e-02
2.668168993632034566e-02
1.618222696441266525e-02
1.618222696441266525e-02
1.618222696441266525e-02
1.618222696441266525e-02
1.618222696441266525e-02
1.618222696441266525e-02
1.618222696441266525e-02
1.618222696441266525e-02
8.910588377634308041e-03
8.910588377634308041e-03
8.910588377634308041e-03
8.910588377634308041e-03
2.332670073672941935e-02
2.332670073672941935e-02
2.298712690560789605e-03
1.067188733466150653e-02
1.067188733466150653e-02
1.067188733466150653e-02
9.128452592754928915e-03
9.128452592754928915e-03
9.128452592754928915e-03
9.128452592754928915e-03
9.128452592754928915e-03
9.128452592754928915e-03
9.128452592754928915e-03
9.128452592754928915e-03
9.128452592754928915e-03
9.128452592754928915e-03
9.128452592754928915e-03
1.646547933998374026e-03
1.646547933998374026e-03
1.646547933998374026e-03
5.929257578301602195e-03
5.929257578301602195e-03
5.929257578301602195e-03
5.929257578301602195e-03
5.929257578301602195e-03
5.929257578301602195e-03
5.929257578301602195e-03
5.929257578301602195e-03
5.929257578301602195e-03
5.929257578301602195e-03
5.929257578301602195e-03
5.929257578301602195e-03
5.929257578301602195e-03
6.173317337224386433e-04
9.603438549652422700e-04
4.964843505242082233e-02
4.964843505242082233e-02
6.173317337224386433e-04
6.910211827748449949e-03
6.910211827748449949e-03
1.881351926561055515e-02
1.881351926561055515e-02
1.881351926561055515e-02
1.881351926561055515e-02
1.207202747638419678e-02
2.472027026428634533e-02
2.924035211604525744e-02
2.472027026428634533e-02
2.924035211604525744e-02
2.924035211604525744e-02
2.924035211604525744e-02
2.924035211604525744e-02
2.924035211604525744e-02
2.924035211604525744e-02
2.924035211604525744e-02
2.924035211604525744e-02
2.924035211604525744e-02
2.924035211604525744e-02
2.924035211604525744e-02
2.924035211604525744e-02
2.924035211604525744e-02
0.000000000000000000e+00
1.053367010115383896e-02
2.592017050034706258e-03
2.592017050034706258e-03
2.592017050034706258e-03
2.592017050034706258e-03
2.592017050034706258e-03
2.592017050034706258e-03
2.592017050034706258e-03
2.592017050034706258e-03
2.592017050034706258e-03
2.592017050034706258e-03
0.000000000000000000e+00
0.000000000000000000e+00
6.041885900268011356e-05
1.562242007733340328e-02
1.562242007733340328e-02
1.562242007733340328e-02
1.562242007733340328e-02
1.562242007733340328e-02
1.187958527022305380e-02
1.187958527022305380e-02
1.187958527022305380e-02
1.187958527022305380e-02
1.187958527022305380e-02
1.187958527022305380e-02
2.186545123996336271e-02
1.442739854431349458e-02
1.442739854431349458e-02
1.442739854431349458e-02
1.442739854431349458e-02
1.316412485803120785e-02
1.316412485803120785e-02
1.316412485803120785e-02
7.907823598138947682e-03
7.907823598138947682e-03
7.907823598138947682e-03
7.907823598138947682e-03
1.486073705214805731e-02
2.186545123996336271e-02
2.186545123996336271e-02
2.186545123996336271e-02
2.186545123996336271e-02
2.186545123996336271e-02
2.186545123996336271e-02
2.186545123996336271e-02
2.186545123996336271e-02
2.186545123996336271e-02
2.186545123996336271e-02
4.076309723011981197e-03
4.076309723011981197e-03
4.076309723011981197e-03
4.076309723011981197e-03
1.267210308201510011e-02
1.486269565229112431e-02
1.486269565229112431e-02
1.486269565229112431e-02
1.486269565229112431e-02
1.486269565229112431e-02
1.486269565229112431e-02
3.698682806188676592e-02
3.698682806188676592e-02
3.698682806188676592e-02
1.031497532810575837e-02
1.031497532810575837e-02
1.031497532810575837e-02
1.031497532810575837e-02
5.879411005686383841e-03
5.879411005686383841e-03
5.879411005686383841e-03
5.879411005686383841e-03
5.879411005686383841e-03
5.879411005686383841e-03
5.879411005686383841e-03
2.298712690560789605e-03
1.698939747989095320e-02
1.698939747989095320e-02
4.083211056926963622e-02
1.723795085978248320e-02
2.919248639377169247e-02
2.919248639377169247e-02
0.000000000000000000e+00
0.000000000000000000e+00
0.000000000000000000e+00
0.000000000000000000e+00
0.000000000000000000e+00
0.000000000000000000e+00
0.000000000000000000e+00
1.723795085978248320e-02
3.781499964139030130e-03
1.600872619876951911e-02
1.600872619876951911e-02
1.600872619876951911e-02
1.600872619876951911e-02
1.600872619876951911e-02
1.600872619876951911e-02
0.000000000000000000e+00
6.221072322312286469e-03
6.221072322312286469e-03
6.221072322312286469e-03
6.221072322312286469e-03
6.221072322312286469e-03
6.221072322312286469e-03
6.221072322312286469e-03
6.221072322312286469e-03
6.221072322312286469e-03
6.221072322312286469e-03
6.221072322312286469e-03
5.611417421866486677e-03
5.611417421866486677e-03
5.611417421866486677e-03
1.053367010115383896e-02
1.572279709995131822e-02
2.601450536502256843e-04
0.000000000000000000e+00
0.000000000000000000e+00
2.893981634022055327e-02
2.893981634022055327e-02
2.893981634022055327e-02
1.048745275899084627e-03
1.048745275899084627e-03
2.789642536812548396e-02
2.789642536812548396e-02
2.789642536812548396e-02
9.172618978477225030e-03
9.172618978477225030e-03
9.172618978477225030e-03
9.172618978477225030e-03
3.175046085037552118e-02
6.041885900268011356e-05
6.041885900268011356e-05
8.155635895441120178e-03
8.155635895441120178e-03
8.155635895441120178e-03
8.155635895441120178e-03
8.155635895441120178e-03
8.155635895441120178e-03
8.155635895441120178e-03
8.155635895441120178e-03
0.000000000000000000e+00
1.661239997673610511e-02
2.401740176742759095e-02
2.458945832346114482e-02
2.458945832346114482e-02
2.458945832346114482e-02
6.566889154007702657e-03
6.566889154007702657e-03
6.566889154007702657e-03
6.566889154007702657e-03
6.566889154007702657e-03
6.566889154007702657e-03
0.000000000000000000e+00
0.000000000000000000e+00
0.000000000000000000e+00
0.000000000000000000e+00
0.000000000000000000e+00
0.000000000000000000e+00
6.473684026653527207e-04
6.473684026653527207e-04
6.473684026653527207e-04
6.473684026653527207e-04
6.473684026653527207e-04
6.473684026653527207e-04
6.473684026653527207e-04
6.473684026653527207e-04
6.473684026653527207e-04
6.473684026653527207e-04
6.473684026653527207e-04
0.000000000000000000e+00
0.000000000000000000e+00
0.000000000000000000e+00
0.000000000000000000e+00
0.000000000000000000e+00
0.000000000000000000e+00
0.000000000000000000e+00
0.000000000000000000e+00
0.000000000000000000e+00
0.000000000000000000e+00
1.244785423385900763e-03
1.597261235719457662e-02
1.597261235719457662e-02
1.597261235719457662e-02
1.597261235719457662e-02
1.597261235719457662e-02
1.597261235719457662e-02
0.000000000000000000e+00
0.000000000000000000e+00
1.244785423385900763e-03
2.789198235771118278e-02
2.789198235771118278e-02
2.789198235771118278e-02
2.789198235771118278e-02
6.633635009202764124e-03
6.633635009202764124e-03
2.532461787178773294e-02
2.452274835981781143e-02
0.000000000000000000e+00
0.000000000000000000e+00
0.000000000000000000e+00
0.000000000000000000e+00
1.034422699363764936e-03
1.034422699363764936e-03
6.044264300495684472e-02
6.044264300495684472e-02
6.044264300495684472e-02
6.044264300495684472e-02
2.532461787178773294e-02
2.532461787178773294e-02
0.000000000000000000e+00
0.000000000000000000e+00
4.741989109510743455e-02
4.741989109510743455e-02
4.741989109510743455e-02
5.358876260137582746e-03
5.358876260137582746e-03
5.358876260137582746e-03
5.358876260137582746e-03
5.358876260137582746e-03
5.358876260137582746e-03
3.700145482315828765e-02
3.700145482315828765e-02
3.781499964139030130e-03
9.440308506779413258e-03
9.440308506779413258e-03
9.440308506779413258e-03
9.440308506779413258e-03
9.440308506779413258e-03
9.440308506779413258e-03
1.375274844130883883e-02
1.375274844130883883e-02
1.117344552569086123e-02
6.512984686206872882e-03
6.512984686206872882e-03
6.512984686206872882e-03
6.512984686206872882e-03
6.512984686206872882e-03
6.512984686206872882e-03
6.512984686206872882e-03
6.512984686206872882e-03
1.950018139005637446e-02
0.000000000000000000e+00
0.000000000000000000e+00
3.816344277701627912e-03
3.816344277701627912e-03
2.384753064104555217e-02
2.384753064104555217e-02
2.583541090467366200e-03
2.583541090467366200e-03
3.483022161534482519e-02
3.483022161534482519e-02
3.483022161534482519e-02
3.483022161534482519e-02
3.483022161534482519e-02
2.401740176742759095e-02
2.401740176742759095e-02
2.401740176742759095e-02
2.401740176742759095e-02
7.559589919493421746e-03
7.559589919493421746e-03
8.765622526614363919e-03
8.765622526614363919e-03
8.765622526614363919e-03
8.765622526614363919e-03
8.765622526614363919e-03
8.765622526614363919e-03
8.765622526614363919e-03
8.765622526614363919e-03
1.267210308201510011e-02
1.267210308201510011e-02
1.267210308201510011e-02
1.267210308201510011e-02
9.996039523344796285e-03
9.996039523344796285e-03
1.208732022046717959e-02
1.208732022046717959e-02
4.962968039053078373e-03
4.962968039053078373e-03
4.962968039053078373e-03
4.962968039053078373e-03
4.962968039053078373e-03
4.962968039053078373e-03
9.194828536606849609e-03
9.194828536606849609e-03
